"행정구역","2026년01월_계_총인구수","2026년01월_계_연령구간인구수","2026년01월_계_0~9세","2026년01월_계_10~19세","2026년01월_계_20~29세","2026년01월_계_30~39세","2026년01월_계_40~49세","2026년01월_계_50~59세","2026년01월_계_60~69세","2026년01월_계_70~79세","2026년01월_계_80~89세","2026년01월_계_90~99세","2026년01월_계_100세 이상","2026년01월_남_총인구수","2026년01월_남_연령구간인구수","2026년01월_남_0~9세","2026년01월_남_10~19세","2026년01월_남_20~29세","2026년01월_남_30~39세","2026년01월_남_40~49세","2026년01월_남_50~59세","2026년01월_남_60~69세","2026년01월_남_70~79세","2026년01월_남_80~89세","2026년01월_남_90~99세","2026년01월_남_100세 이상","2026년01월_여_총인구수","2026년01월_여_연령구간인구수","2026년01월_여_0~9세","2026년01월_여_10~19세","2026년01월_여_20~29세","2026년01월_여_30~39세","2026년01월_여_40~49세","2026년01월_여_50~59세","2026년01월_여_60~69세","2026년01월_여_70~79세","2026년01월_여_80~89세","2026년01월_여_90~99세","2026년01월_여_100세 이상","2026년02월_계_총인구수","2026년02월_계_연령구간인구수","2026년02월_계_0~9세","2026년02월_계_10~19세","2026년02월_계_20~29세","2026년02월_계_30~39세","2026년02월_계_40~49세","2026년02월_계_50~59세","2026년02월_계_60~69세","2026년02월_계_70~79세","2026년02월_계_80~89세","2026년02월_계_90~99세","2026년02월_계_100세 이상","2026년02월_남_총인구수","2026년02월_남_연령구간인구수","2026년02월_남_0~9세","2026년02월_남_10~19세","2026년02월_남_20~29세","2026년02월_남_30~39세","2026년02월_남_40~49세","2026년02월_남_50~59세","2026년02월_남_60~69세","2026년02월_남_70~79세","2026년02월_남_80~89세","2026년02월_남_90~99세","2026년02월_남_100세 이상","2026년02월_여_총인구수","2026년02월_여_연령구간인구수","2026년02월_여_0~9세","2026년02월_여_10~19세","2026년02월_여_20~29세","2026년02월_여_30~39세","2026년02월_여_40~49세","2026년02월_여_50~59세","2026년02월_여_60~69세","2026년02월_여_70~79세","2026년02월_여_80~89세","2026년02월_여_90~99세","2026년02월_여_100세 이상","2026년03월_계_총인구수","2026년03월_계_연령구간인구수","2026년03월_계_0~9세","2026년03월_계_10~19세","2026년03월_계_20~29세","2026년03월_계_30~39세","2026년03월_계_40~49세","2026년03월_계_50~59세","2026년03월_계_60~69세","2026년03월_계_70~79세","2026년03월_계_80~89세","2026년03월_계_90~99세","2026년03월_계_100세 이상","2026년03월_남_총인구수","2026년03월_남_연령구간인구수","2026년03월_남_0~9세","2026년03월_남_10~19세","2026년03월_남_20~29세","2026년03월_남_30~39세","2026년03월_남_40~49세","2026년03월_남_50~59세","2026년03월_남_60~69세","2026년03월_남_70~79세","2026년03월_남_80~89세","2026년03월_남_90~99세","2026년03월_남_100세 이상","2026년03월_여_총인구수","2026년03월_여_연령구간인구수","2026년03월_여_0~9세","2026년03월_여_10~19세","2026년03월_여_20~29세","2026년03월_여_30~39세","2026년03월_여_40~49세","2026년03월_여_50~59세","2026년03월_여_60~69세","2026년03월_여_70~79세","2026년03월_여_80~89세","2026년03월_여_90~99세","2026년03월_여_100세 이상","2026년04월_계_총인구수","2026년04월_계_연령구간인구수","2026년04월_계_0~9세","2026년04월_계_10~19세","2026년04월_계_20~29세","2026년04월_계_30~39세","2026년04월_계_40~49세","2026년04월_계_50~59세","2026년04월_계_60~69세","2026년04월_계_70~79세","2026년04월_계_80~89세","2026년04월_계_90~99세","2026년04월_계_100세 이상","2026년04월_남_총인구수","2026년04월_남_연령구간인구수","2026년04월_남_0~9세","2026년04월_남_10~19세","2026년04월_남_20~29세","2026년04월_남_30~39세","2026년04월_남_40~49세","2026년04월_남_50~59세","2026년04월_남_60~69세","2026년04월_남_70~79세","2026년04월_남_80~89세","2026년04월_남_90~99세","2026년04월_남_100세 이상","2026년04월_여_총인구수","2026년04월_여_연령구간인구수","2026년04월_여_0~9세","2026년04월_여_10~19세","2026년04월_여_20~29세","2026년04월_여_30~39세","2026년04월_여_40~49세","2026년04월_여_50~59세","2026년04월_여_60~69세","2026년04월_여_70~79세","2026년04월_여_80~89세","2026년04월_여_90~99세","2026년04월_여_100세 이상","2026년05월_계_총인구수","2026년05월_계_연령구간인구수","2026년05월_계_0~9세","2026년05월_계_10~19세","2026년05월_계_20~29세","2026년05월_계_30~39세","2026년05월_계_40~49세","2026년05월_계_50~59세","2026년05월_계_60~69세","2026년05월_계_70~79세","2026년05월_계_80~89세","2026년05월_계_90~99세","2026년05월_계_100세 이상","2026년05월_남_총인구수","2026년05월_남_연령구간인구수","2026년05월_남_0~9세","2026년05월_남_10~19세","2026년05월_남_20~29세","2026년05월_남_30~39세","2026년05월_남_40~49세","2026년05월_남_50~59세","2026년05월_남_60~69세","2026년05월_남_70~79세","2026년05월_남_80~89세","2026년05월_남_90~99세","2026년05월_남_100세 이상","2026년05월_여_총인구수","2026년05월_여_연령구간인구수","2026년05월_여_0~9세","2026년05월_여_10~19세","2026년05월_여_20~29세","2026년05월_여_30~39세","2026년05월_여_40~49세","2026년05월_여_50~59세","2026년05월_여_60~69세","2026년05월_여_70~79세","2026년05월_여_80~89세","2026년05월_여_90~99세","2026년05월_여_100세 이상","2026년06월_계_총인구수","2026년06월_계_연령구간인구수","2026년06월_계_0~9세","2026년06월_계_10~19세","2026년06월_계_20~29세","2026년06월_계_30~39세","2026년06월_계_40~49세","2026년06월_계_50~59세","2026년06월_계_60~69세","2026년06월_계_70~79세","2026년06월_계_80~89세","2026년06월_계_90~99세","2026년06월_계_100세 이상","2026년06월_남_총인구수","2026년06월_남_연령구간인구수","2026년06월_남_0~9세","2026년06월_남_10~19세","2026년06월_남_20~29세","2026년06월_남_30~39세","2026년06월_남_40~49세","2026년06월_남_50~59세","2026년06월_남_60~69세","2026년06월_남_70~79세","2026년06월_남_80~89세","2026년06월_남_90~99세","2026년06월_남_100세 이상","2026년06월_여_총인구수","2026년06월_여_연령구간인구수","2026년06월_여_0~9세","2026년06월_여_10~19세","2026년06월_여_20~29세","2026년06월_여_30~39세","2026년06월_여_40~49세","2026년06월_여_50~59세","2026년06월_여_60~69세","2026년06월_여_70~79세","2026년06월_여_80~89세","2026년06월_여_90~99세","2026년06월_여_100세 이상"
"경기도  (4100000000)","13,736,642","13,736,642","886,083","1,327,057","1,551,620","1,925,571","2,180,076","2,361,312","1,970,745","997,380","455,319","79,439","2,040","6,897,544","6,897,544","453,650","677,999","811,191","1,009,478","1,112,946","1,187,649","983,393","465,238","175,189","20,407","404","6,839,098","6,839,098","432,433","649,058","740,429","916,093","1,067,130","1,173,663","987,352","532,142","280,130","59,032","1,636","13,742,072","13,742,072","883,166","1,326,032","1,546,469","1,923,270","2,178,560","2,363,342","1,977,759","1,004,693","456,265","80,451","2,065","6,899,712","6,899,712","452,186","677,427","808,191","1,008,473","1,112,534","1,188,250","986,947","468,841","175,756","20,699","408","6,842,360","6,842,360","430,980","648,605","738,278","914,797","1,066,026","1,175,092","990,812","535,852","280,509","59,752","1,657","13,745,673","13,745,673","880,084","1,324,779","1,539,928","1,928,947","2,172,283","2,359,557","1,985,205","1,013,570","457,645","81,596","2,079","6,901,180","6,901,180","450,588","676,720","804,602","1,011,725","1,109,518","1,186,144","990,664","473,312","176,488","21,004","415","6,844,493","6,844,493","429,496","648,059","735,326","917,222","1,062,765","1,173,413","994,541","540,258","281,157","60,592","1,664","13,751,098","13,751,098","877,674","1,325,139","1,534,525","1,932,298","2,169,232","2,360,316","1,989,893","1,019,142","458,470","82,307","2,102","6,903,574","6,903,574","449,424","676,995","801,434","1,013,786","1,107,987","1,186,352","993,087","475,905","176,965","21,225","414","6,847,524","6,847,524","428,250","648,144","733,091","918,512","1,061,245","1,173,964","996,806","543,237","281,505","61,082","1,688","13,755,126","13,755,126","874,883","1,325,114","1,529,450","1,934,724","2,167,351","2,359,932","1,993,983","1,024,426","460,132","83,024","2,107","6,905,139","6,905,139","447,999","676,880","798,602","1,015,174","1,107,105","1,186,126","995,255","478,333","177,831","21,421","413","6,849,987","6,849,987","426,884","648,234","730,848","919,550","1,060,246","1,173,806","998,728","546,093","282,301","61,603","1,694","13,761,783","13,761,783","872,921","1,326,163","1,526,085","1,937,513","2,167,602","2,358,937","1,996,681","1,028,640","461,925","83,201","2,115","6,908,300","6,908,300","446,995","677,516","796,780","1,016,745","1,107,338","1,185,372","996,705","480,369","178,578","21,486","416","6,853,483","6,853,483","425,926","648,647","729,305","920,768","1,060,264","1,173,565","999,976","548,271","283,347","61,715","1,699"
"경기도 수원시 (4111000000)","1,186,010","1,186,010","72,183","110,698","161,222","187,823","184,195","200,634","157,813","73,381","32,387","5,516","158","595,607","595,607","37,132","57,075","83,619","99,770","93,549","99,128","78,339","33,476","12,102","1,391","26","590,403","590,403","35,051","53,623","77,603","88,053","90,646","101,506","79,474","39,905","20,285","4,125","132","1,186,084","1,186,084","71,796","110,720","160,907","187,484","183,975","200,566","158,426","74,007","32,468","5,575","160","595,707","595,707","36,935","57,072","83,528","99,591","93,504","99,077","78,625","33,777","12,154","1,418","26","590,377","590,377","34,861","53,648","77,379","87,893","90,471","101,489","79,801","40,230","20,314","4,157","134","1,186,167","1,186,167","71,486","110,533","160,446","188,056","183,424","200,053","159,074","74,677","32,576","5,686","156","595,573","595,573","36,749","56,938","83,226","99,878","93,240","98,848","78,923","34,072","12,228","1,446","25","590,594","590,594","34,737","53,595","77,220","88,178","90,184","101,205","80,151","40,605","20,348","4,240","131","1,186,150","1,186,150","71,261","110,346","159,969","188,458","182,998","200,059","159,431","75,103","32,625","5,747","153","595,478","595,478","36,665","56,826","82,941","100,054","93,045","98,818","79,131","34,239","12,269","1,464","26","590,672","590,672","34,596","53,520","77,028","88,404","89,953","101,241","80,300","40,864","20,356","4,283","127","1,186,120","1,186,120","71,035","110,247","159,507","188,804","182,623","199,876","159,750","75,562","32,774","5,790","152","595,394","595,394","36,527","56,774","82,724","100,182","92,874","98,753","79,264","34,448","12,350","1,472","26","590,726","590,726","34,508","53,473","76,783","88,622","89,749","101,123","80,486","41,114","20,424","4,318","126","1,185,770","1,185,770","70,873","110,100","159,031","189,037","182,464","199,613","160,001","75,824","32,890","5,782","155","595,044","595,044","36,400","56,705","82,485","100,228","92,764","98,593","79,392","34,566","12,409","1,475","27","590,726","590,726","34,473","53,395","76,546","88,809","89,700","101,020","80,609","41,258","20,481","4,307","128"
"경기도 수원시 장안구 (4111100000)","270,954","270,954","13,654","25,099","37,676","35,531","38,276","49,539","40,198","19,625","9,603","1,712","41","135,795","135,795","6,890","13,008","20,553","18,943","19,137","24,348","20,037","8,834","3,605","434","6","135,159","135,159","6,764","12,091","17,123","16,588","19,139","25,191","20,161","10,791","5,998","1,278","35","270,944","270,944","13,602","25,163","37,590","35,403","38,181","49,434","40,370","19,810","9,605","1,745","41","135,858","135,858","6,887","13,041","20,563","18,868","19,091","24,294","20,123","8,929","3,613","443","6","135,086","135,086","6,715","12,122","17,027","16,535","19,090","25,140","20,247","10,881","5,992","1,302","35","270,705","270,705","13,485","25,090","37,492","35,447","37,991","49,254","40,514","19,978","9,624","1,791","39","135,782","135,782","6,840","13,008","20,509","18,885","19,043","24,211","20,186","9,001","3,645","447","7","134,923","134,923","6,645","12,082","16,983","16,562","18,948","25,043","20,328","10,977","5,979","1,344","32","270,439","270,439","13,441","24,998","37,341","35,506","37,824","49,152","40,618","20,065","9,647","1,810","37","135,626","135,626","6,826","12,943","20,437","18,914","18,957","24,174","20,240","9,029","3,647","452","7","134,813","134,813","6,615","12,055","16,904","16,592","18,867","24,978","20,378","11,036","6,000","1,358","30","270,245","270,245","13,386","24,890","37,257","35,563","37,678","49,054","40,746","20,159","9,662","1,814","36","135,566","135,566","6,802","12,872","20,417","18,968","18,881","24,120","20,311","9,076","3,660","453","6","134,679","134,679","6,584","12,018","16,840","16,595","18,797","24,934","20,435","11,083","6,002","1,361","30","269,984","269,984","13,353","24,796","37,143","35,565","37,609","48,937","40,812","20,234","9,684","1,816","35","135,404","135,404","6,796","12,830","20,340","18,966","18,841","24,042","20,348","9,105","3,671","458","7","134,580","134,580","6,557","11,966","16,803","16,599","18,768","24,895","20,464","11,129","6,013","1,358","28"
"경기도 수원시 권선구 (4111300000)","360,806","360,806","21,041","31,781","44,806","57,518","56,219","61,285","52,721","24,013","9,731","1,646","45","182,047","182,047","10,912","16,320","22,918","31,059","29,325","30,183","26,088","11,210","3,612","414","6","178,759","178,759","10,129","15,461","21,888","26,459","26,894","31,102","26,633","12,803","6,119","1,232","39","360,535","360,535","20,860","31,731","44,603","57,417","56,082","61,261","52,891","24,225","9,772","1,647","46","181,874","181,874","10,802","16,282","22,810","30,975","29,294","30,159","26,186","11,311","3,628","421","6","178,661","178,661","10,058","15,449","21,793","26,442","26,788","31,102","26,705","12,914","6,144","1,226","40","360,383","360,383","20,709","31,637","44,368","57,518","55,922","61,169","53,091","24,447","9,810","1,666","46","181,697","181,697","10,706","16,239","22,644","31,025","29,198","30,124","26,270","11,412","3,646","429","4","178,686","178,686","10,003","15,398","21,724","26,493","26,724","31,045","26,821","13,035","6,164","1,237","42","360,365","360,365","20,596","31,640","44,158","57,588","55,826","61,150","53,241","24,649","9,805","1,669","43","181,671","181,671","10,655","16,253","22,538","31,032","29,132","30,137","26,343","11,487","3,659","431","4","178,694","178,694","9,941","15,387","21,620","26,556","26,694","31,013","26,898","13,162","6,146","1,238","39","360,343","360,343","20,493","31,662","44,013","57,691","55,721","61,060","53,327","24,811","9,854","1,668","43","181,613","181,613","10,590","16,258","22,474","31,079","29,062","30,104","26,376","11,558","3,678","429","5","178,730","178,730","9,903","15,404","21,539","26,612","26,659","30,956","26,951","13,253","6,176","1,239","38","360,286","360,286","20,448","31,643","43,883","57,790","55,644","60,933","53,464","24,894","9,884","1,662","41","181,566","181,566","10,550","16,241","22,414","31,132","29,021","30,024","26,453","11,600","3,696","430","5","178,720","178,720","9,898","15,402","21,469","26,658","26,623","30,909","27,011","13,294","6,188","1,232","36"
"경기도 수원시 팔달구 (4111500000)","191,972","191,972","10,358","13,054","27,758","32,232","26,497","31,867","27,565","14,870","6,707","1,027","37","96,419","96,419","5,358","6,689","13,947","17,444","13,913","16,045","13,569","6,635","2,535","278","6","95,553","95,553","5,000","6,365","13,811","14,788","12,584","15,822","13,996","8,235","4,172","749","31","192,473","192,473","10,260","13,109","27,851","32,288","26,527","31,921","27,724","14,987","6,726","1,043","37","96,672","96,672","5,294","6,708","14,000","17,482","13,956","16,063","13,645","6,676","2,557","285","6","95,801","95,801","4,966","6,401","13,851","14,806","12,571","15,858","14,079","8,311","4,169","758","31","192,974","192,974","10,275","13,133","27,907","32,500","26,478","31,840","27,859","15,119","6,759","1,067","37","96,873","96,873","5,296","6,706","13,984","17,616","13,939","16,025","13,717","6,725","2,572","287","6","96,101","96,101","4,979","6,427","13,923","14,884","12,539","15,815","14,142","8,394","4,187","780","31","193,197","193,197","10,235","13,127","27,890","32,633","26,498","31,862","27,889","15,180","6,753","1,090","40","96,991","96,991","5,281","6,707","13,970","17,688","13,961","15,992","13,765","6,747","2,583","290","7","96,206","96,206","4,954","6,420","13,920","14,945","12,537","15,870","14,124","8,433","4,170","800","33","193,364","193,364","10,225","13,107","27,840","32,708","26,487","31,846","27,918","15,282","6,809","1,101","41","97,045","97,045","5,269","6,713","13,925","17,694","13,964","15,997","13,783","6,789","2,612","292","7","96,319","96,319","4,956","6,394","13,915","15,014","12,523","15,849","14,135","8,493","4,197","809","34","193,401","193,401","10,186","13,123","27,770","32,776","26,455","31,839","27,966","15,307","6,846","1,091","42","97,017","97,017","5,233","6,725","13,868","17,722","13,936","15,993","13,815","6,794","2,633","292","6","96,384","96,384","4,953","6,398","13,902","15,054","12,519","15,846","14,151","8,513","4,213","799","36"
"경기도 수원시 영통구 (4111700000)","362,278","362,278","27,130","40,764","50,982","62,542","63,203","57,943","37,329","14,873","6,346","1,131","35","181,346","181,346","13,972","21,058","26,201","32,324","31,174","28,552","18,645","6,797","2,350","265","8","180,932","180,932","13,158","19,706","24,781","30,218","32,029","29,391","18,684","8,076","3,996","866","27","362,132","362,132","27,074","40,717","50,863","62,376","63,185","57,950","37,441","14,985","6,365","1,140","36","181,303","181,303","13,952","21,041","26,155","32,266","31,163","28,561","18,671","6,861","2,356","269","8","180,829","180,829","13,122","19,676","24,708","30,110","32,022","29,389","18,770","8,124","4,009","871","28","362,105","362,105","27,017","40,673","50,679","62,591","63,033","57,790","37,610","15,133","6,383","1,162","34","181,221","181,221","13,907","20,985","26,089","32,352","31,060","28,488","18,750","6,934","2,365","283","8","180,884","180,884","13,110","19,688","24,590","30,239","31,973","29,302","18,860","8,199","4,018","879","26","362,149","362,149","26,989","40,581","50,580","62,731","62,850","57,895","37,683","15,209","6,420","1,178","33","181,190","181,190","13,903","20,923","25,996","32,420","30,995","28,515","18,783","6,976","2,380","291","8","180,959","180,959","13,086","19,658","24,584","30,311","31,855","29,380","18,900","8,233","4,040","887","25","362,168","362,168","26,931","40,588","50,397","62,842","62,737","57,916","37,759","15,310","6,449","1,207","32","181,170","181,170","13,866","20,931","25,908","32,441","30,967","28,532","18,794","7,025","2,400","298","8","180,998","180,998","13,065","19,657","24,489","30,401","31,770","29,384","18,965","8,285","4,049","909","24","362,099","362,099","26,886","40,538","50,235","62,906","62,756","57,904","37,759","15,389","6,476","1,213","37","181,057","181,057","13,821","20,909","25,863","32,408","30,966","28,534","18,776","7,067","2,409","295","9","181,042","181,042","13,065","19,629","24,372","30,498","31,790","29,370","18,983","8,322","4,067","918","28"
"경기도 성남시 (4113000000)","906,160","906,160","54,133","81,248","105,035","134,443","140,999","150,778","130,346","71,688","31,728","5,605","157","447,536","447,536","27,611","41,451","53,409","69,398","70,001","74,906","63,505","33,018","12,711","1,488","38","458,624","458,624","26,522","39,797","51,626","65,045","70,998","75,872","66,841","38,670","19,017","4,117","119","906,201","906,201","54,122","81,189","104,487","134,431","140,914","150,841","130,506","72,145","31,742","5,674","150","447,553","447,553","27,615","41,387","53,187","69,352","70,004","74,921","63,572","33,263","12,709","1,508","35","458,648","458,648","26,507","39,802","51,300","65,079","70,910","75,920","66,934","38,882","19,033","4,166","115","905,493","905,493","54,019","81,154","103,753","134,825","140,365","150,312","130,654","72,681","31,849","5,729","152","447,116","447,116","27,565","41,372","52,770","69,562","69,777","74,617","63,606","33,537","12,755","1,519","36","458,377","458,377","26,454","39,782","50,983","65,263","70,588","75,695","67,048","39,144","19,094","4,210","116","904,576","904,576","53,909","81,056","103,124","134,802","140,031","150,147","130,734","72,986","31,862","5,772","153","446,684","446,684","27,517","41,330","52,426","69,565","69,620","74,520","63,664","33,708","12,759","1,544","31","457,892","457,892","26,392","39,726","50,698","65,237","70,411","75,627","67,070","39,278","19,103","4,228","122","903,747","903,747","53,791","80,922","102,572","134,645","139,833","149,912","130,834","73,284","31,979","5,823","152","446,149","446,149","27,447","41,252","52,134","69,481","69,469","74,383","63,774","33,811","12,800","1,567","31","457,598","457,598","26,344","39,670","50,438","65,164","70,364","75,529","67,060","39,473","19,179","4,256","121","902,344","902,344","53,754","80,692","102,096","134,397","139,684","149,609","130,629","73,429","32,087","5,812","155","445,426","445,426","27,412","41,140","51,899","69,368","69,416","74,202","63,696","33,855","12,837","1,568","33","456,918","456,918","26,342","39,552","50,197","65,029","70,268","75,407","66,933","39,574","19,250","4,244","122"
"경기도 성남시 수정구 (4113100000)","233,273","233,273","12,911","15,946","27,869","35,876","33,953","38,268","37,371","21,354","8,456","1,243","26","117,851","117,851","6,578","8,033","14,619","19,191","17,952","19,701","18,371","9,809","3,293","298","6","115,422","115,422","6,333","7,913","13,250","16,685","16,001","18,567","19,000","11,545","5,163","945","20","234,087","234,087","13,096","16,020","27,754","36,109","34,089","38,313","37,409","21,527","8,476","1,269","25","118,274","118,274","6,676","8,046","14,579","19,310","18,043","19,698","18,413","9,898","3,299","306","6","115,813","115,813","6,420","7,974","13,175","16,799","16,046","18,615","18,996","11,629","5,177","963","19","234,336","234,336","13,120","16,110","27,659","36,236","34,008","38,138","37,526","21,725","8,515","1,268","31","118,419","118,419","6,699","8,102","14,535","19,372","18,015","19,595","18,477","10,002","3,308","307","7","115,917","115,917","6,421","8,008","13,124","16,864","15,993","18,543","19,049","11,723","5,207","961","24","234,182","234,182","13,097","16,071","27,472","36,244","33,910","38,134","37,531","21,873","8,544","1,275","31","118,301","118,301","6,692","8,082","14,390","19,382","17,964","19,571","18,507","10,074","3,320","312","7","115,881","115,881","6,405","7,989","13,082","16,862","15,946","18,563","19,024","11,799","5,224","963","24","234,328","234,328","13,081","16,082","27,343","36,312","33,893","38,143","37,578","22,003","8,576","1,288","29","118,385","118,385","6,689","8,097","14,316","19,453","17,929","19,590","18,533","10,123","3,333","316","6","115,943","115,943","6,392","7,985","13,027","16,859","15,964","18,553","19,045","11,880","5,243","972","23","234,639","234,639","13,171","16,092","27,242","36,460","33,950","38,086","37,624","22,067","8,627","1,291","29","118,540","118,540","6,738","8,113","14,267","19,534","17,944","19,567","18,575","10,132","3,349","315","6","116,099","116,099","6,433","7,979","12,975","16,926","16,006","18,519","19,049","11,935","5,278","976","23"
"경기도 성남시 중원구 (4113300000)","203,016","203,016","10,099","13,960","23,614","31,046","28,931","33,667","34,132","18,819","7,643","1,061","44","102,185","102,185","5,104","7,217","12,108","16,817","15,230","17,120","16,677","8,699","2,965","238","10","100,831","100,831","4,995","6,743","11,506","14,229","13,701","16,547","17,455","10,120","4,678","823","34","202,679","202,679","9,964","13,941","23,535","30,939","28,764","33,656","34,160","18,955","7,648","1,076","41","101,991","101,991","5,039","7,200","12,078","16,763","15,127","17,121","16,681","8,762","2,968","244","8","100,688","100,688","4,925","6,741","11,457","14,176","13,637","16,535","17,479","10,193","4,680","832","33","202,142","202,142","9,911","13,894","23,292","30,986","28,573","33,419","34,192","19,054","7,675","1,105","41","101,660","101,660","5,015","7,167","11,949","16,783","15,034","16,977","16,692","8,805","2,979","251","8","100,482","100,482","4,896","6,727","11,343","14,203","13,539","16,442","17,500","10,249","4,696","854","33","201,767","201,767","9,876","13,875","23,144","30,999","28,425","33,336","34,181","19,106","7,663","1,117","45","101,522","101,522","5,002","7,173","11,882","16,801","14,969","16,932","16,685","8,836","2,977","257","8","100,245","100,245","4,874","6,702","11,262","14,198","13,456","16,404","17,496","10,270","4,686","860","37","201,051","201,051","9,821","13,817","22,918","30,946","28,311","33,114","34,128","19,156","7,665","1,130","45","101,111","101,111","4,977","7,127","11,754","16,757","14,893","16,816","16,685","8,849","2,977","268","8","99,940","99,940","4,844","6,690","11,164","14,189","13,418","16,298","17,443","10,307","4,688","862","37","200,064","200,064","9,742","13,724","22,724","30,796","28,233","32,886","33,942","19,186","7,662","1,124","45","100,615","100,615","4,919","7,077","11,662","16,701","14,869","16,687","16,600","8,844","2,977","271","8","99,449","99,449","4,823","6,647","11,062","14,095","13,364","16,199","17,342","10,342","4,685","853","37"
"경기도 성남시 분당구 (4113500000)","469,871","469,871","31,123","51,342","53,552","67,521","78,115","78,843","58,843","31,515","15,629","3,301","87","227,500","227,500","15,929","26,201","26,682","33,390","36,819","38,085","28,457","14,510","6,453","952","22","242,371","242,371","15,194","25,141","26,870","34,131","41,296","40,758","30,386","17,005","9,176","2,349","65","469,435","469,435","31,062","51,228","53,198","67,383","78,061","78,872","58,937","31,663","15,618","3,329","84","227,288","227,288","15,900","26,141","26,530","33,279","36,834","38,102","28,478","14,603","6,442","958","21","242,147","242,147","15,162","25,087","26,668","34,104","41,227","40,770","30,459","17,060","9,176","2,371","63","469,015","469,015","30,988","51,150","52,802","67,603","77,784","78,755","58,936","31,902","15,659","3,356","80","227,037","227,037","15,851","26,103","26,286","33,407","36,728","38,045","28,437","14,730","6,468","961","21","241,978","241,978","15,137","25,047","26,516","34,196","41,056","40,710","30,499","17,172","9,191","2,395","59","468,627","468,627","30,936","51,110","52,508","67,559","77,696","78,677","59,022","32,007","15,655","3,380","77","226,861","226,861","15,823","26,075","26,154","33,382","36,687","38,017","28,472","14,798","6,462","975","16","241,766","241,766","15,113","25,035","26,354","34,177","41,009","40,660","30,550","17,209","9,193","2,405","61","468,368","468,368","30,889","51,023","52,311","67,387","77,629","78,655","59,128","32,125","15,738","3,405","78","226,653","226,653","15,781","26,028","26,064","33,271","36,647","37,977","28,556","14,839","6,490","983","17","241,715","241,715","15,108","24,995","26,247","34,116","40,982","40,678","30,572","17,286","9,248","2,422","61","467,641","467,641","30,841","50,876","52,130","67,141","77,501","78,637","59,063","32,176","15,798","3,397","81","226,271","226,271","15,755","25,950","25,970","33,133","36,603","37,948","28,521","14,879","6,511","982","19","241,370","241,370","15,086","24,926","26,160","34,008","40,898","40,689","30,542","17,297","9,287","2,415","62"
"경기도 의정부시 (4115000000)","461,541","461,541","26,754","39,684","53,420","60,719","67,626","81,847","71,524","38,422","18,591","2,889","65","226,568","226,568","13,808","20,413","26,819","31,271","34,619","39,922","34,740","17,117","7,074","774","11","234,973","234,973","12,946","19,271","26,601","29,448","33,007","41,925","36,784","21,305","11,517","2,115","54","461,581","461,581","26,604","39,691","53,210","60,578","67,587","81,873","71,727","38,676","18,657","2,914","64","226,525","226,525","13,740","20,407","26,657","31,240","34,556","39,973","34,806","17,257","7,094","783","12","235,056","235,056","12,864","19,284","26,553","29,338","33,031","41,900","36,921","21,419","11,563","2,131","52","461,460","461,460","26,480","39,582","52,922","60,671","67,452","81,725","71,933","38,956","18,726","2,950","63","226,357","226,357","13,661","20,363","26,408","31,301","34,513","39,881","34,887","17,411","7,128","791","13","235,103","235,103","12,819","19,219","26,514","29,370","32,939","41,844","37,046","21,545","11,598","2,159","50","461,741","461,741","26,449","39,529","52,710","60,798","67,395","81,757","72,144","39,170","18,750","2,978","61","226,495","226,495","13,629","20,369","26,269","31,409","34,474","39,920","34,959","17,533","7,123","799","11","235,246","235,246","12,820","19,160","26,441","29,389","32,921","41,837","37,185","21,637","11,627","2,179","50","461,816","461,816","26,378","39,457","52,467","60,905","67,362","81,682","72,382","39,326","18,818","2,975","64","226,540","226,540","13,595","20,320","26,120","31,471","34,483","39,941","35,025","17,606","7,174","793","12","235,276","235,276","12,783","19,137","26,347","29,434","32,879","41,741","37,357","21,720","11,644","2,182","52","461,917","461,917","26,309","39,441","52,281","60,921","67,438","81,564","72,533","39,488","18,884","2,994","64","226,550","226,550","13,528","20,339","25,998","31,457","34,564","39,868","35,098","17,696","7,198","792","12","235,367","235,367","12,781","19,102","26,283","29,464","32,874","41,696","37,435","21,792","11,686","2,202","52"
"경기도 안양시 (4117000000)","563,348","563,348","35,130","49,209","63,727","86,854","83,113","94,296","86,699","43,168","17,787","3,295","70","277,702","277,702","17,905","25,221","32,795","44,802","41,866","45,568","41,606","20,473","6,672","786","8","285,646","285,646","17,225","23,988","30,932","42,052","41,247","48,728","45,093","22,695","11,115","2,509","62","563,393","563,393","35,193","49,142","63,326","86,795","83,159","94,105","87,021","43,488","17,766","3,329","69","277,663","277,663","17,939","25,154","32,563","44,761","41,921","45,450","41,765","20,622","6,691","788","9","285,730","285,730","17,254","23,988","30,763","42,034","41,238","48,655","45,256","22,866","11,075","2,541","60","562,666","562,666","35,088","49,021","62,852","86,943","82,819","93,697","87,151","43,865","17,833","3,323","74","277,253","277,253","17,889","25,061","32,280","44,865","41,783","45,237","41,805","20,818","6,721","782","12","285,413","285,413","17,199","23,960","30,572","42,078","41,036","48,460","45,346","23,047","11,112","2,541","62","562,409","562,409","35,129","48,874","62,547","87,061","82,707","93,562","87,172","44,076","17,853","3,351","77","277,085","277,085","17,920","25,028","32,082","44,915","41,735","45,152","41,801","20,905","6,746","788","13","285,324","285,324","17,209","23,846","30,465","42,146","40,972","48,410","45,371","23,171","11,107","2,563","64","562,341","562,341","35,133","48,794","62,272","87,228","82,688","93,359","87,196","44,275","17,937","3,384","75","277,065","277,065","17,942","24,956","31,946","45,029","41,742","45,068","41,802","20,977","6,807","783","13","285,276","285,276","17,191","23,838","30,326","42,199","40,946","48,291","45,394","23,298","11,130","2,601","62","562,305","562,305","35,174","48,697","62,098","87,426","82,723","93,082","87,178","44,486","17,984","3,380","77","277,046","277,046","17,984","24,874","31,849","45,114","41,788","44,928","41,768","21,101","6,841","784","15","285,259","285,259","17,190","23,823","30,249","42,312","40,935","48,154","45,410","23,385","11,143","2,596","62"
"경기도 안양시 만안구 (4117100000)","233,633","233,633","12,468","16,230","26,744","35,111","31,370","39,302","40,418","21,440","8,999","1,516","35","116,316","116,316","6,301","8,340","13,813","18,578","16,498","19,223","19,593","10,162","3,417","390","1","117,317","117,317","6,167","7,890","12,931","16,533","14,872","20,079","20,825","11,278","5,582","1,126","34","233,578","233,578","12,422","16,273","26,593","35,022","31,304","39,223","40,600","21,576","9,004","1,527","34","116,258","116,258","6,279","8,344","13,722","18,538","16,458","19,185","19,686","10,222","3,429","394","1","117,320","117,320","6,143","7,929","12,871","16,484","14,846","20,038","20,914","11,354","5,575","1,133","33","233,364","233,364","12,360","16,248","26,426","35,040","31,153","39,061","40,674","21,795","9,033","1,535","39","116,136","116,136","6,254","8,323","13,622","18,568","16,395","19,107","19,701","10,316","3,455","391","4","117,228","117,228","6,106","7,925","12,804","16,472","14,758","19,954","20,973","11,479","5,578","1,144","35","233,299","233,299","12,392","16,194","26,299","35,090","31,043","39,031","40,698","21,907","9,058","1,546","41","116,058","116,058","6,270","8,310","13,530","18,572","16,315","19,098","19,724","10,365","3,475","395","4","117,241","117,241","6,122","7,884","12,769","16,518","14,728","19,933","20,974","11,542","5,583","1,151","37","233,415","233,415","12,427","16,151","26,192","35,205","31,098","38,908","40,715","21,994","9,128","1,556","41","116,137","116,137","6,306","8,291","13,479","18,656","16,328","19,046","19,729","10,398","3,510","390","4","117,278","117,278","6,121","7,860","12,713","16,549","14,770","19,862","20,986","11,596","5,618","1,166","37","233,711","233,711","12,486","16,086","26,182","35,385","31,130","38,811","40,774","22,111","9,149","1,554","43","116,312","116,312","6,337","8,253","13,484","18,739","16,359","18,990","19,753","10,471","3,527","392","7","117,399","117,399","6,149","7,833","12,698","16,646","14,771","19,821","21,021","11,640","5,622","1,162","36"
"경기도 안양시 동안구 (4117300000)","329,715","329,715","22,662","32,979","36,983","51,743","51,743","54,994","46,281","21,728","8,788","1,779","35","161,386","161,386","11,604","16,881","18,982","26,224","25,368","26,345","22,013","10,311","3,255","396","7","168,329","168,329","11,058","16,098","18,001","25,519","26,375","28,649","24,268","11,417","5,533","1,383","28","329,815","329,815","22,771","32,869","36,733","51,773","51,855","54,882","46,421","21,912","8,762","1,802","35","161,405","161,405","11,660","16,810","18,841","26,223","25,463","26,265","22,079","10,400","3,262","394","8","168,410","168,410","11,111","16,059","17,892","25,550","26,392","28,617","24,342","11,512","5,500","1,408","27","329,302","329,302","22,728","32,773","36,426","51,903","51,666","54,636","46,477","22,070","8,800","1,788","35","161,117","161,117","11,635","16,738","18,658","26,297","25,388","26,130","22,104","10,502","3,266","391","8","168,185","168,185","11,093","16,035","17,768","25,606","26,278","28,506","24,373","11,568","5,534","1,397","27","329,110","329,110","22,737","32,680","36,248","51,971","51,664","54,531","46,474","22,169","8,795","1,805","36","161,027","161,027","11,650","16,718","18,552","26,343","25,420","26,054","22,077","10,540","3,271","393","9","168,083","168,083","11,087","15,962","17,696","25,628","26,244","28,477","24,397","11,629","5,524","1,412","27","328,926","328,926","22,706","32,643","36,080","52,023","51,590","54,451","46,481","22,281","8,809","1,828","34","160,928","160,928","11,636","16,665","18,467","26,373","25,414","26,022","22,073","10,579","3,297","393","9","167,998","167,998","11,070","15,978","17,613","25,650","26,176","28,429","24,408","11,702","5,512","1,435","25","328,594","328,594","22,688","32,611","35,916","52,041","51,593","54,271","46,404","22,375","8,835","1,826","34","160,734","160,734","11,647","16,621","18,365","26,375","25,429","25,938","22,015","10,630","3,314","392","8","167,860","167,860","11,041","15,990","17,551","25,666","26,164","28,333","24,389","11,745","5,521","1,434","26"
"경기도 부천시 (4119000000)","758,212","758,212","38,510","61,887","84,964","104,076","111,019","132,681","132,369","63,445","24,807","4,338","116","373,566","373,566","19,712","31,693","43,024","54,150","56,431","64,678","63,782","29,861","9,228","991","16","384,646","384,646","18,798","30,194","41,940","49,926","54,588","68,003","68,587","33,584","15,579","3,347","100","757,444","757,444","38,273","61,698","84,492","103,843","110,661","132,537","132,695","63,915","24,819","4,394","117","373,027","373,027","19,563","31,614","42,706","53,998","56,261","64,582","63,920","30,090","9,260","1,016","17","384,417","384,417","18,710","30,084","41,786","49,845","54,400","67,955","68,775","33,825","15,559","3,378","100","756,701","756,701","38,075","61,524","84,015","103,926","110,175","132,112","132,810","64,614","24,879","4,456","115","372,538","372,538","19,470","31,509","42,439","53,993","56,000","64,402","63,967","30,392","9,316","1,034","16","384,163","384,163","18,605","30,015","41,576","49,933","54,175","67,710","68,843","34,222","15,563","3,422","99","756,356","756,356","37,955","61,475","83,545","104,041","110,046","131,832","132,916","65,009","24,929","4,493","115","372,250","372,250","19,395","31,499","42,138","54,017","55,964","64,260","63,994","30,578","9,347","1,042","16","384,106","384,106","18,560","29,976","41,407","50,024","54,082","67,572","68,922","34,431","15,582","3,451","99","756,037","756,037","37,778","61,387","83,121","104,190","109,865","131,568","132,953","65,500","25,033","4,529","113","372,103","372,103","19,305","31,454","41,941","54,112","55,852","64,134","64,029","30,791","9,417","1,053","15","383,934","383,934","18,473","29,933","41,180","50,078","54,013","67,434","68,924","34,709","15,616","3,476","98","755,453","755,453","37,637","61,286","82,659","104,327","109,763","131,252","132,886","65,862","25,128","4,539","114","371,693","371,693","19,232","31,405","41,659","54,207","55,790","63,927","64,000","30,924","9,479","1,055","15","383,760","383,760","18,405","29,881","41,000","50,120","53,973","67,325","68,886","34,938","15,649","3,484","99"
"경기도 부천시 원미구 (4119200000)","384,011","384,011","19,640","31,768","45,329","55,129","56,716","66,567","65,251","30,025","11,408","2,119","59","188,254","188,254","9,966","16,238","22,578","28,252","28,460","32,241","31,458","14,305","4,273","477","6","195,757","195,757","9,674","15,530","22,751","26,877","28,256","34,326","33,793","15,720","7,135","1,642","53","383,544","383,544","19,502","31,690","45,050","54,972","56,576","66,464","65,394","30,283","11,411","2,144","58","187,947","187,947","9,891","16,218","22,369","28,177","28,395","32,152","31,546","14,422","4,278","492","7","195,597","195,597","9,611","15,472","22,681","26,795","28,181","34,312","33,848","15,861","7,133","1,652","51","383,164","383,164","19,370","31,642","44,730","55,051","56,346","66,265","65,462","30,624","11,446","2,173","55","187,691","187,691","9,827","16,162","22,189","28,207","28,259","32,082","31,588","14,559","4,311","501","6","195,473","195,473","9,543","15,480","22,541","26,844","28,087","34,183","33,874","16,065","7,135","1,672","49","382,903","382,903","19,351","31,613","44,399","55,051","56,316","66,117","65,524","30,807","11,462","2,206","57","187,526","187,526","9,813","16,148","21,999","28,199","28,275","32,022","31,591","14,649","4,314","509","7","195,377","195,377","9,538","15,465","22,400","26,852","28,041","34,095","33,933","16,158","7,148","1,697","50","382,692","382,692","19,286","31,594","44,205","55,025","56,241","66,001","65,523","31,044","11,502","2,214","57","187,457","187,457","9,788","16,135","21,917","28,209","28,228","31,956","31,619","14,748","4,339","511","7","195,235","195,235","9,498","15,459","22,288","26,816","28,013","34,045","33,904","16,296","7,163","1,703","50","382,339","382,339","19,244","31,534","43,958","55,060","56,173","65,840","65,470","31,232","11,548","2,223","57","187,207","187,207","9,766","16,109","21,770","28,231","28,181","31,857","31,575","14,834","4,361","516","7","195,132","195,132","9,478","15,425","22,188","26,829","27,992","33,983","33,895","16,398","7,187","1,707","50"
"경기도 부천시 소사구 (4119400000)","225,290","225,290","13,302","19,513","22,556","30,164","35,242","37,035","37,967","20,375","7,761","1,338","37","110,251","110,251","6,868","9,912","11,443","15,536","17,871","17,979","17,803","9,462","3,045","326","6","115,039","115,039","6,434","9,601","11,113","14,628","17,371","19,056","20,164","10,913","4,716","1,012","31","225,010","225,010","13,202","19,444","22,472","30,065","35,064","37,065","38,028","20,511","7,763","1,357","39","110,051","110,051","6,803","9,879","11,380","15,478","17,780","18,000","17,804","9,535","3,055","331","6","114,959","114,959","6,399","9,565","11,092","14,587","17,284","19,065","20,224","10,976","4,708","1,026","33","224,842","224,842","13,145","19,374","22,408","30,045","34,931","36,975","38,050","20,722","7,784","1,368","40","109,956","109,956","6,764","9,860","11,343","15,462","17,716","17,973","17,793","9,636","3,071","332","6","114,886","114,886","6,381","9,514","11,065","14,583","17,215","19,002","20,257","11,086","4,713","1,036","34","224,628","224,628","13,083","19,388","22,248","29,934","34,905","36,955","38,055","20,835","7,819","1,367","39","109,799","109,799","6,731","9,870","11,249","15,396","17,691","17,956","17,788","9,689","3,094","330","5","114,829","114,829","6,352","9,518","10,999","14,538","17,214","18,999","20,267","11,146","4,725","1,037","34","224,399","224,399","13,008","19,370","22,044","29,876","34,874","36,905","38,049","20,991","7,856","1,389","37","109,692","109,692","6,693","9,864","11,148","15,366","17,680","17,942","17,773","9,759","3,122","341","4","114,707","114,707","6,315","9,506","10,896","14,510","17,194","18,963","20,276","11,232","4,734","1,048","33","224,202","224,202","12,948","19,351","21,882","29,913","34,836","36,828","38,008","21,121","7,892","1,385","38","109,566","109,566","6,663","9,853","11,054","15,380","17,679","17,868","17,782","9,794","3,150","339","4","114,636","114,636","6,285","9,498","10,828","14,533","17,157","18,960","20,226","11,327","4,742","1,046","34"
"경기도 부천시 오정구 (4119600000)","148,911","148,911","5,568","10,606","17,079","18,783","19,061","29,079","29,151","13,045","5,638","881","20","75,061","75,061","2,878","5,543","9,003","10,362","10,100","14,458","14,521","6,094","1,910","188","4","73,850","73,850","2,690","5,063","8,076","8,421","8,961","14,621","14,630","6,951","3,728","693","16","148,890","148,890","5,569","10,564","16,970","18,806","19,021","29,008","29,273","13,121","5,645","893","20","75,029","75,029","2,869","5,517","8,957","10,343","10,086","14,430","14,570","6,133","1,927","193","4","73,861","73,861","2,700","5,047","8,013","8,463","8,935","14,578","14,703","6,988","3,718","700","16","148,695","148,695","5,560","10,508","16,877","18,830","18,898","28,872","29,298","13,268","5,649","915","20","74,891","74,891","2,879","5,487","8,907","10,324","10,025","14,347","14,586","6,197","1,934","201","4","73,804","73,804","2,681","5,021","7,970","8,506","8,873","14,525","14,712","7,071","3,715","714","16","148,825","148,825","5,521","10,474","16,898","19,056","18,825","28,760","29,337","13,367","5,648","920","19","74,925","74,925","2,851","5,481","8,890","10,422","9,998","14,282","14,615","6,240","1,939","203","4","73,900","73,900","2,670","4,993","8,008","8,634","8,827","14,478","14,722","7,127","3,709","717","15","148,946","148,946","5,484","10,423","16,872","19,289","18,750","28,662","29,381","13,465","5,675","926","19","74,954","74,954","2,824","5,455","8,876","10,537","9,944","14,236","14,637","6,284","1,956","201","4","73,992","73,992","2,660","4,968","7,996","8,752","8,806","14,426","14,744","7,181","3,719","725","15","148,912","148,912","5,445","10,401","16,819","19,354","18,754","28,584","29,408","13,509","5,688","931","19","74,920","74,920","2,803","5,443","8,835","10,596","9,930","14,202","14,643","6,296","1,968","200","4","73,992","73,992","2,642","4,958","7,984","8,758","8,824","14,382","14,765","7,213","3,720","731","15"
"경기도 광명시 (4121000000)","297,468","297,468","18,433","28,087","32,901","43,209","46,240","51,053","43,437","23,246","9,210","1,605","47","145,645","145,645","9,419","14,287","16,760","22,187","22,823","24,952","20,738","10,697","3,408","365","9","151,823","151,823","9,014","13,800","16,141","21,022","23,417","26,101","22,699","12,549","5,802","1,240","38","300,826","300,826","18,886","28,218","33,118","44,077","46,889","51,450","43,689","23,559","9,267","1,627","46","147,321","147,321","9,676","14,338","16,861","22,586","23,205","25,139","20,854","10,845","3,440","367","10","153,505","153,505","9,210","13,880","16,257","21,491","23,684","26,311","22,835","12,714","5,827","1,260","36","302,390","302,390","19,029","28,123","33,224","44,704","47,020","51,563","43,903","23,848","9,276","1,655","45","148,082","148,082","9,736","14,306","16,917","22,881","23,305","25,171","20,951","10,978","3,451","376","10","154,308","154,308","9,293","13,817","16,307","21,823","23,715","26,392","22,952","12,870","5,825","1,279","35","303,091","303,091","19,082","28,103","33,224","45,044","47,035","51,588","44,018","23,983","9,284","1,682","48","148,412","148,412","9,775","14,285","16,903","23,042","23,325","25,183","21,023","11,025","3,453","387","11","154,679","154,679","9,307","13,818","16,321","22,002","23,710","26,405","22,995","12,958","5,831","1,295","37","303,479","303,479","19,089","28,041","33,166","45,273","47,022","51,614","44,100","24,099","9,320","1,704","51","148,587","148,587","9,771","14,283","16,841","23,164","23,329","25,191","21,067","11,075","3,463","391","12","154,892","154,892","9,318","13,758","16,325","22,109","23,693","26,423","23,033","13,024","5,857","1,313","39","303,666","303,666","19,097","28,016","33,095","45,434","47,026","51,596","44,084","24,199","9,362","1,706","51","148,648","148,648","9,795","14,253","16,788","23,242","23,338","25,185","21,037","11,116","3,491","391","12","155,018","155,018","9,302","13,763","16,307","22,192","23,688","26,411","23,047","13,083","5,871","1,315","39"
"경기도 평택시 (4122000000)","612,095","612,095","46,482","58,921","72,262","99,674","101,074","101,813","75,655","35,875","17,337","2,937","65","321,133","321,133","23,586","30,033","40,247","56,232","54,998","53,571","38,931","16,426","6,364","736","9","290,962","290,962","22,896","28,888","32,015","43,442","46,076","48,242","36,724","19,449","10,973","2,201","56","613,456","613,456","46,493","58,951","72,081","99,855","101,318","102,118","76,148","36,070","17,378","2,978","66","321,932","321,932","23,616","30,046","40,151","56,340","55,175","53,722","39,228","16,525","6,374","744","11","291,524","291,524","22,877","28,905","31,930","43,515","46,143","48,396","36,920","19,545","11,004","2,234","55","615,107","615,107","46,369","59,051","72,049","100,493","101,310","102,256","76,539","36,525","17,428","3,020","67","322,980","322,980","23,590","30,096","40,211","56,743","55,216","53,806","39,417","16,740","6,398","752","11","292,127","292,127","22,779","28,955","31,838","43,750","46,094","48,450","37,122","19,785","11,030","2,268","56","616,517","616,517","46,305","59,136","72,059","100,847","101,389","102,596","76,871","36,787","17,413","3,043","71","323,931","323,931","23,541","30,118","40,288","57,009","55,272","54,036","39,635","16,875","6,392","754","11","292,586","292,586","22,764","29,018","31,771","43,838","46,117","48,560","37,236","19,912","11,021","2,289","60","618,234","618,234","46,269","59,256","72,100","101,357","101,637","102,884","77,158","36,989","17,442","3,072","70","325,013","325,013","23,520","30,178","40,386","57,313","55,427","54,256","39,771","16,988","6,405","756","13","293,221","293,221","22,749","29,078","31,714","44,044","46,210","48,628","37,387","20,001","11,037","2,316","57","619,670","619,670","46,290","59,337","72,154","101,733","101,939","102,985","77,445","37,152","17,499","3,069","67","325,937","325,937","23,550","30,191","40,492","57,565","55,618","54,321","39,923","17,078","6,428","758","13","293,733","293,733","22,740","29,146","31,662","44,168","46,321","48,664","37,522","20,074","11,071","2,311","54"
"경기도 동두천시 (4125000000)","86,331","86,331","3,553","7,386","8,456","8,335","11,133","15,776","15,592","9,641","5,589","851","19","42,975","42,975","1,831","3,737","4,513","4,534","5,692","8,240","7,886","4,280","2,023","234","5","43,356","43,356","1,722","3,649","3,943","3,801","5,441","7,536","7,706","5,361","3,566","617","14","86,299","86,299","3,534","7,360","8,413","8,333","11,099","15,749","15,612","9,722","5,592","867","18","42,958","42,958","1,819","3,727","4,491","4,522","5,676","8,232","7,907","4,321","2,016","242","5","43,341","43,341","1,715","3,633","3,922","3,811","5,423","7,517","7,705","5,401","3,576","625","13","86,326","86,326","3,500","7,359","8,399","8,331","11,046","15,709","15,717","9,753","5,600","894","18","42,988","42,988","1,797","3,734","4,488","4,527","5,658","8,186","7,974","4,343","2,024","252","5","43,338","43,338","1,703","3,625","3,911","3,804","5,388","7,523","7,743","5,410","3,576","642","13","86,293","86,293","3,484","7,349","8,337","8,305","11,034","15,731","15,726","9,823","5,575","911","18","42,979","42,979","1,796","3,723","4,442","4,533","5,635","8,208","8,007","4,358","2,016","256","5","43,314","43,314","1,688","3,626","3,895","3,772","5,399","7,523","7,719","5,465","3,559","655","13","86,243","86,243","3,466","7,344","8,306","8,285","11,009","15,675","15,783","9,848","5,588","921","18","42,962","42,962","1,792","3,720","4,433","4,518","5,611","8,188","8,049","4,375","2,012","259","5","43,281","43,281","1,674","3,624","3,873","3,767","5,398","7,487","7,734","5,473","3,576","662","13","86,265","86,265","3,452","7,337","8,271","8,283","10,985","15,712","15,789","9,897","5,595","926","18","42,973","42,973","1,773","3,723","4,410","4,513","5,602","8,205","8,050","4,413","2,020","259","5","43,292","43,292","1,679","3,614","3,861","3,770","5,383","7,507","7,739","5,484","3,575","667","13"
"경기도 안산시 (4127000000)","611,860","611,860","29,412","52,280","81,787","82,942","84,771","120,560","100,295","38,919","17,457","3,326","111","313,470","313,470","15,005","26,807","43,430","45,997","44,390","60,369","52,047","18,471","6,182","744","28","298,390","298,390","14,407","25,473","38,357","36,945","40,381","60,191","48,248","20,448","11,275","2,582","83","611,467","611,467","29,171","52,176","81,457","82,817","84,436","120,375","100,811","39,231","17,505","3,375","113","313,266","313,266","14,865","26,740","43,303","45,926","44,279","60,210","52,340","18,612","6,215","748","28","298,201","298,201","14,306","25,436","38,154","36,891","40,157","60,165","48,471","20,619","11,290","2,627","85","610,783","610,783","28,967","52,026","80,869","83,005","84,008","119,810","101,416","39,628","17,520","3,418","116","312,874","312,874","14,789","26,628","42,983","46,044","44,060","59,874","52,687","18,798","6,227","754","30","297,909","297,909","14,178","25,398","37,886","36,961","39,948","59,936","48,729","20,830","11,293","2,664","86","610,081","610,081","28,832","51,897","80,348","82,957","83,734","119,526","101,775","39,880","17,551","3,461","120","312,487","312,487","14,706","26,565","42,706","46,045","43,902","59,733","52,861","18,938","6,226","775","30","297,594","297,594","14,126","25,332","37,642","36,912","39,832","59,793","48,914","20,942","11,325","2,686","90","609,712","609,712","28,674","51,794","79,926","83,037","83,561","119,288","102,092","40,153","17,574","3,489","124","312,279","312,279","14,626","26,524","42,471","46,076","43,825","59,602","53,009","19,085","6,250","780","31","297,433","297,433","14,048","25,270","37,455","36,961","39,736","59,686","49,083","21,068","11,324","2,709","93","609,240","609,240","28,536","51,721","79,510","83,056","83,491","118,966","102,334","40,367","17,629","3,502","128","312,005","312,005","14,538","26,481","42,258","46,108","43,794","59,447","53,083","19,214","6,268","783","31","297,235","297,235","13,998","25,240","37,252","36,948","39,697","59,519","49,251","21,153","11,361","2,719","97"
"경기도 안산시 상록구 (4127100000)","322,329","322,329","14,078","27,971","44,160","40,890","44,013","64,887","53,284","20,969","10,132","1,881","64","164,626","164,626","7,193","14,261","23,579","22,731","22,898","32,403","27,703","9,844","3,553","443","18","157,703","157,703","6,885","13,710","20,581","18,159","21,115","32,484","25,581","11,125","6,579","1,438","46","322,171","322,171","13,970","27,925","43,980","40,856","43,834","64,753","53,603","21,118","10,156","1,909","67","164,519","164,519","7,134","14,222","23,497","22,710","22,837","32,284","27,886","9,918","3,565","447","19","157,652","157,652","6,836","13,703","20,483","18,146","20,997","32,469","25,717","11,200","6,591","1,462","48","321,616","321,616","13,822","27,832","43,621","40,955","43,596","64,422","53,909","21,293","10,167","1,929","70","164,229","164,229","7,067","14,159","23,305","22,785","22,724","32,096","28,067","9,980","3,575","451","20","157,387","157,387","6,755","13,673","20,316","18,170","20,872","32,326","25,842","11,313","6,592","1,478","50","321,167","321,167","13,719","27,747","43,393","40,934","43,432","64,246","54,083","21,424","10,181","1,938","70","163,996","163,996","7,014","14,114","23,182","22,784","22,636","32,013","28,145","10,056","3,573","459","20","157,171","157,171","6,705","13,633","20,211","18,150","20,796","32,233","25,938","11,368","6,608","1,479","50","321,039","321,039","13,619","27,681","43,195","41,014","43,353","64,075","54,300","21,564","10,205","1,962","71","163,949","163,949","6,971","14,084","23,091","22,814","22,603","31,916","28,262","10,132","3,592","465","19","157,090","157,090","6,648","13,597","20,104","18,200","20,750","32,159","26,038","11,432","6,613","1,497","52","320,773","320,773","13,539","27,625","42,963","41,051","43,299","63,902","54,434","21,673","10,236","1,976","75","163,776","163,776","6,909","14,073","22,941","22,846","22,573","31,846","28,296","10,210","3,593","470","19","156,997","156,997","6,630","13,552","20,022","18,205","20,726","32,056","26,138","11,463","6,643","1,506","56"
"경기도 안산시 단원구 (4127300000)","289,531","289,531","15,334","24,309","37,627","42,052","40,758","55,673","47,011","17,950","7,325","1,445","47","148,844","148,844","7,812","12,546","19,851","23,266","21,492","27,966","24,344","8,627","2,629","301","10","140,687","140,687","7,522","11,763","17,776","18,786","19,266","27,707","22,667","9,323","4,696","1,144","37","289,296","289,296","15,201","24,251","37,477","41,961","40,602","55,622","47,208","18,113","7,349","1,466","46","148,747","148,747","7,731","12,518","19,806","23,216","21,442","27,926","24,454","8,694","2,650","301","9","140,549","140,549","7,470","11,733","17,671","18,745","19,160","27,696","22,754","9,419","4,699","1,165","37","289,167","289,167","15,145","24,194","37,248","42,050","40,412","55,388","47,507","18,335","7,353","1,489","46","148,645","148,645","7,722","12,469","19,678","23,259","21,336","27,778","24,620","8,818","2,652","303","10","140,522","140,522","7,423","11,725","17,570","18,791","19,076","27,610","22,887","9,517","4,701","1,186","36","288,914","288,914","15,113","24,150","36,955","42,023","40,302","55,280","47,692","18,456","7,370","1,523","50","148,491","148,491","7,692","12,451","19,524","23,261","21,266","27,720","24,716","8,882","2,653","316","10","140,423","140,423","7,421","11,699","17,431","18,762","19,036","27,560","22,976","9,574","4,717","1,207","40","288,673","288,673","15,055","24,113","36,731","42,023","40,208","55,213","47,792","18,589","7,369","1,527","53","148,330","148,330","7,655","12,440","19,380","23,262","21,222","27,686","24,747","8,953","2,658","315","12","140,343","140,343","7,400","11,673","17,351","18,761","18,986","27,527","23,045","9,636","4,711","1,212","41","288,467","288,467","14,997","24,096","36,547","42,005","40,192","55,064","47,900","18,694","7,393","1,526","53","148,229","148,229","7,629","12,408","19,317","23,262","21,221","27,601","24,787","9,004","2,675","313","12","140,238","140,238","7,368","11,688","17,230","18,743","18,971","27,463","23,113","9,690","4,718","1,213","41"
"경기도 고양시 (4128000000)","1,059,998","1,059,998","61,328","95,777","119,370","144,307","157,661","194,437","161,732","76,108","41,291","7,810","177","515,712","515,712","31,365","48,778","59,831","72,357","77,397","94,006","79,905","34,844","15,054","2,143","32","544,286","544,286","29,963","46,999","59,539","71,950","80,264","100,431","81,827","41,264","26,237","5,667","145","1,059,430","1,059,430","61,027","95,632","118,787","143,871","157,327","194,415","162,289","76,679","41,310","7,916","177","515,334","515,334","31,223","48,697","59,471","72,180","77,211","93,952","80,170","35,151","15,056","2,190","33","544,096","544,096","29,804","46,935","59,316","71,691","80,116","100,463","82,119","41,528","26,254","5,726","144","1,058,050","1,058,050","60,625","95,296","117,893","143,942","156,596","193,913","162,820","77,377","41,364","8,048","176","514,585","514,585","31,007","48,515","59,017","72,270","76,840","93,736","80,343","35,516","15,084","2,224","33","543,465","543,465","29,618","46,781","58,876","71,672","79,756","100,177","82,477","41,861","26,280","5,824","143","1,057,762","1,057,762","60,403","95,140","117,273","144,059","156,335","193,768","163,216","77,852","41,433","8,106","177","514,253","514,253","30,886","48,414","58,632","72,331","76,730","93,603","80,509","35,763","15,109","2,241","35","543,509","543,509","29,517","46,726","58,641","71,728","79,605","100,165","82,707","42,089","26,324","5,865","142","1,057,471","1,057,471","60,191","94,995","116,808","144,044","156,164","193,523","163,604","78,203","41,557","8,205","177","514,013","514,013","30,774","48,358","58,330","72,295","76,674","93,481","80,651","35,972","15,170","2,273","35","543,458","543,458","29,417","46,637","58,478","71,749","79,490","100,042","82,953","42,231","26,387","5,932","142","1,057,438","1,057,438","60,004","94,985","116,357","144,148","156,079","193,285","163,979","78,483","41,706","8,245","167","513,999","513,999","30,681","48,351","58,107","72,310","76,689","93,337","80,852","36,115","15,231","2,292","34","543,439","543,439","29,323","46,634","58,250","71,838","79,390","99,948","83,127","42,368","26,475","5,953","133"
"경기도 고양시 덕양구 (4128100000)","485,174","485,174","30,941","40,646","51,272","70,836","74,338","84,079","73,272","37,171","19,222","3,318","79","237,677","237,677","15,860","20,643","25,742","35,500","37,474","41,391","36,181","16,945","7,077","852","12","247,497","247,497","15,081","20,003","25,530","35,336","36,864","42,688","37,091","20,226","12,145","2,466","67","484,682","484,682","30,696","40,584","51,055","70,568","74,082","84,155","73,447","37,426","19,239","3,349","81","237,418","237,418","15,736","20,600","25,624","35,389","37,331","41,435","36,264","17,061","7,093","871","14","247,264","247,264","14,960","19,984","25,431","35,179","36,751","42,720","37,183","20,365","12,146","2,478","67","484,128","484,128","30,517","40,459","50,728","70,584","73,757","83,885","73,689","37,709","19,298","3,420","82","237,103","237,103","15,637","20,544","25,437","35,420","37,145","41,312","36,382","17,197","7,117","898","14","247,025","247,025","14,880","19,915","25,291","35,164","36,612","42,573","37,307","20,512","12,181","2,522","68","483,700","483,700","30,335","40,452","50,414","70,386","73,675","83,814","73,872","37,895","19,334","3,441","82","236,778","236,778","15,554","20,543","25,249","35,296","37,070","41,277","36,443","17,284","7,143","904","15","246,922","246,922","14,781","19,909","25,165","35,090","36,605","42,537","37,429","20,611","12,191","2,537","67","483,267","483,267","30,166","40,436","50,177","70,281","73,534","83,688","73,974","38,034","19,408","3,489","80","236,532","236,532","15,468","20,534","25,127","35,225","36,996","41,214","36,481","17,374","7,184","914","15","246,735","246,735","14,698","19,902","25,050","35,056","36,538","42,474","37,493","20,660","12,224","2,575","65","483,048","483,048","30,057","40,475","49,972","70,229","73,479","83,566","74,052","38,169","19,479","3,495","75","236,436","236,436","15,417","20,558","25,017","35,197","36,965","41,162","36,539","17,449","7,196","922","14","246,612","246,612","14,640","19,917","24,955","35,032","36,514","42,404","37,513","20,720","12,283","2,573","61"
"경기도 고양시 일산동구 (4128500000)","297,178","297,178","16,200","26,858","35,534","40,711","43,654","55,696","45,425","19,863","10,834","2,356","47","144,077","144,077","8,277","13,753","17,436","20,383","21,162","26,735","22,486","9,263","3,927","645","10","153,101","153,101","7,923","13,105","18,098","20,328","22,492","28,961","22,939","10,600","6,907","1,711","37","297,383","297,383","16,196","26,865","35,366","40,666","43,652","55,683","45,631","20,040","10,858","2,380","46","144,124","144,124","8,269","13,771","17,321","20,371","21,155","26,699","22,586","9,357","3,930","656","9","153,259","153,259","7,927","13,094","18,045","20,295","22,497","28,984","23,045","10,683","6,928","1,724","37","297,093","297,093","16,136","26,779","35,073","40,705","43,456","55,571","45,783","20,274","10,847","2,423","46","143,926","143,926","8,213","13,731","17,186","20,387","21,059","26,649","22,620","9,480","3,927","665","9","153,167","153,167","7,923","13,048","17,887","20,318","22,397","28,922","23,163","10,794","6,920","1,758","37","297,542","297,542","16,164","26,742","34,953","41,021","43,436","55,597","45,863","20,415","10,871","2,433","47","144,142","144,142","8,218","13,700","17,107","20,547","21,111","26,623","22,670","9,557","3,927","672","10","153,400","153,400","7,946","13,042","17,846","20,474","22,325","28,974","23,193","10,858","6,944","1,761","37","297,895","297,895","16,230","26,691","34,814","41,204","43,484","55,507","45,987","20,577","10,894","2,457","50","144,286","144,286","8,266","13,675","17,009","20,624","21,141","26,600","22,703","9,640","3,936","682","10","153,609","153,609","7,964","13,016","17,805","20,580","22,343","28,907","23,284","10,937","6,958","1,775","40","298,269","298,269","16,258","26,686","34,702","41,362","43,506","55,473","46,176","20,636","10,954","2,466","50","144,435","144,435","8,270","13,660","16,968","20,670","21,183","26,552","22,806","9,665","3,965","684","12","153,834","153,834","7,988","13,026","17,734","20,692","22,323","28,921","23,370","10,971","6,989","1,782","38"
"경기도 고양시 일산서구 (4128700000)","277,646","277,646","14,187","28,273","32,564","32,760","39,669","54,662","43,035","19,074","11,235","2,136","51","133,958","133,958","7,228","14,382","16,653","16,474","18,761","25,880","21,238","8,636","4,050","646","10","143,688","143,688","6,959","13,891","15,911","16,286","20,908","28,782","21,797","10,438","7,185","1,490","41","277,365","277,365","14,135","28,183","32,366","32,637","39,593","54,577","43,211","19,213","11,213","2,187","50","133,792","133,792","7,218","14,326","16,526","16,420","18,725","25,818","21,320","8,733","4,033","663","10","143,573","143,573","6,917","13,857","15,840","16,217","20,868","28,759","21,891","10,480","7,180","1,524","40","276,829","276,829","13,972","28,058","32,092","32,653","39,383","54,457","43,348","19,394","11,219","2,205","48","133,556","133,556","7,157","14,240","16,394","16,463","18,636","25,775","21,341","8,839","4,040","661","10","143,273","143,273","6,815","13,818","15,698","16,190","20,747","28,682","22,007","10,555","7,179","1,544","38","276,520","276,520","13,904","27,946","31,906","32,652","39,224","54,357","43,481","19,542","11,228","2,232","48","133,333","133,333","7,114","14,171","16,276","16,488","18,549","25,703","21,396","8,922","4,039","665","10","143,187","143,187","6,790","13,775","15,630","16,164","20,675","28,654","22,085","10,620","7,189","1,567","38","276,309","276,309","13,795","27,868","31,817","32,559","39,146","54,328","43,643","19,592","11,255","2,259","47","133,195","133,195","7,040","14,149","16,194","16,446","18,537","25,667","21,467","8,958","4,050","677","10","143,114","143,114","6,755","13,719","15,623","16,113","20,609","28,661","22,176","10,634","7,205","1,582","37","276,121","276,121","13,689","27,824","31,683","32,557","39,094","54,246","43,751","19,678","11,273","2,284","42","133,128","133,128","6,994","14,133","16,122","16,443","18,541","25,623","21,507","9,001","4,070","686","8","142,993","142,993","6,695","13,691","15,561","16,114","20,553","28,623","22,244","10,677","7,203","1,598","34"
"경기도 과천시 (4129000000)","79,951","79,951","8,140","8,194","8,097","12,151","12,889","11,895","10,641","4,994","2,379","557","14","38,915","38,915","4,153","4,154","4,099","5,817","6,375","5,653","5,188","2,360","947","167","2","41,036","41,036","3,987","4,040","3,998","6,334","6,514","6,242","5,453","2,634","1,432","390","12","80,098","80,098","8,133","8,221","8,090","12,115","12,944","11,927","10,675","5,030","2,388","560","15","38,997","38,997","4,155","4,167","4,087","5,815","6,395","5,674","5,192","2,386","954","170","2","41,101","41,101","3,978","4,054","4,003","6,300","6,549","6,253","5,483","2,644","1,434","390","13","80,197","80,197","8,108","8,257","8,053","12,202","12,933","11,928","10,677","5,062","2,397","563","17","39,045","39,045","4,154","4,191","4,058","5,859","6,386","5,671","5,191","2,406","955","170","4","41,152","41,152","3,954","4,066","3,995","6,343","6,547","6,257","5,486","2,656","1,442","393","13","80,250","80,250","8,104","8,275","8,013","12,221","12,956","11,925","10,692","5,092","2,392","563","17","39,067","39,067","4,142","4,201","4,038","5,858","6,400","5,676","5,205","2,420","953","170","4","41,183","41,183","3,962","4,074","3,975","6,363","6,556","6,249","5,487","2,672","1,439","393","13","80,384","80,384","8,100","8,293","8,030","12,280","13,009","11,897","10,691","5,108","2,394","563","19","39,126","39,126","4,132","4,214","4,042","5,885","6,434","5,665","5,202","2,426","951","171","4","41,258","41,258","3,968","4,079","3,988","6,395","6,575","6,232","5,489","2,682","1,443","392","15","80,832","80,832","8,101","8,331","8,128","12,481","13,061","11,888","10,703","5,151","2,403","566","19","39,352","39,352","4,133","4,243","4,078","5,998","6,460","5,647","5,220","2,446","953","170","4","41,480","41,480","3,968","4,088","4,050","6,483","6,601","6,241","5,483","2,705","1,450","396","15"
"경기도 구리시 (4131000000)","186,118","186,118","10,050","16,226","21,261","25,299","27,941","33,419","29,915","14,632","6,430","922","23","92,161","92,161","5,158","8,369","10,698","13,137","14,122","16,213","14,859","6,783","2,568","246","8","93,957","93,957","4,892","7,857","10,563","12,162","13,819","17,206","15,056","7,849","3,862","676","15","185,946","185,946","9,990","16,169","21,152","25,271","27,870","33,357","30,044","14,718","6,416","935","24","92,053","92,053","5,135","8,333","10,632","13,117","14,087","16,200","14,896","6,836","2,557","253","7","93,893","93,893","4,855","7,836","10,520","12,154","13,783","17,157","15,148","7,882","3,859","682","17","185,982","185,982","9,963","16,140","21,062","25,411","27,813","33,216","30,133","14,869","6,408","941","26","92,055","92,055","5,117","8,321","10,577","13,190","14,054","16,152","14,947","6,893","2,541","256","7","93,927","93,927","4,846","7,819","10,485","12,221","13,759","17,064","15,186","7,976","3,867","685","19","186,855","186,855","10,017","16,161","21,082","25,811","27,870","33,237","30,290","14,977","6,429","956","25","92,498","92,498","5,151","8,318","10,614","13,404","14,075","16,180","14,986","6,950","2,550","262","8","94,357","94,357","4,866","7,843","10,468","12,407","13,795","17,057","15,304","8,027","3,879","694","17","187,463","187,463","10,055","16,159","21,044","26,130","27,892","33,262","30,369","15,119","6,445","964","24","92,796","92,796","5,171","8,309","10,606","13,558","14,103","16,175","15,029","7,020","2,549","269","7","94,667","94,667","4,884","7,850","10,438","12,572","13,789","17,087","15,340","8,099","3,896","695","17","187,782","187,782","10,076","16,116","21,031","26,418","27,846","33,244","30,422","15,168","6,472","965","24","92,978","92,978","5,201","8,282","10,593","13,694","14,115","16,149","15,057","7,053","2,559","268","7","94,804","94,804","4,875","7,834","10,438","12,724","13,731","17,095","15,365","8,115","3,913","697","17"
"경기도 남양주시 (4136000000)","729,552","729,552","46,034","78,830","76,474","84,293","119,554","130,628","104,155","58,680","26,599","4,192","113","360,593","360,593","23,642","40,370","39,402","42,499","58,841","65,765","51,580","26,915","10,454","1,102","23","368,959","368,959","22,392","38,460","37,072","41,794","60,713","64,863","52,575","31,765","16,145","3,090","90","729,142","729,142","45,738","78,645","76,196","84,032","119,235","130,803","104,434","59,043","26,667","4,229","120","360,334","360,334","23,469","40,295","39,271","42,373","58,711","65,802","51,687","27,118","10,484","1,100","24","368,808","368,808","22,269","38,350","36,925","41,659","60,524","65,001","52,747","31,925","16,183","3,129","96","728,597","728,597","45,425","78,495","75,766","84,147","118,777","130,485","104,858","59,509","26,718","4,294","123","359,912","359,912","23,281","40,181","39,023","42,444","58,484","65,586","51,897","27,361","10,511","1,121","23","368,685","368,685","22,144","38,314","36,743","41,703","60,293","64,899","52,961","32,148","16,207","3,173","100","728,126","728,126","45,159","78,501","75,383","84,158","118,375","130,502","105,043","59,783","26,758","4,335","129","359,663","359,663","23,142","40,195","38,838","42,494","58,261","65,572","51,995","27,469","10,540","1,132","25","368,463","368,463","22,017","38,306","36,545","41,664","60,114","64,930","53,048","32,314","16,218","3,203","104","727,717","727,717","44,871","78,523","75,017","84,121","118,087","130,429","105,293","60,012","26,874","4,360","130","359,374","359,374","22,991","40,183","38,623","42,523","58,071","65,513","52,150","27,582","10,575","1,137","26","368,343","368,343","21,880","38,340","36,394","41,598","60,016","64,916","53,143","32,430","16,299","3,223","104","727,440","727,440","44,655","78,396","74,870","84,156","117,964","130,341","105,382","60,217","26,960","4,368","131","359,199","359,199","22,872","40,116","38,558","42,556","57,995","65,449","52,230","27,669","10,594","1,135","25","368,241","368,241","21,783","38,280","36,312","41,600","59,969","64,892","53,152","32,548","16,366","3,233","106"
"경기도 오산시 (4137000000)","250,128","250,128","17,931","27,127","28,664","40,390","46,587","41,162","28,347","13,223","5,814","863","20","130,474","130,474","9,156","13,904","15,607","22,527","25,126","21,491","14,220","6,083","2,150","207","3","119,654","119,654","8,775","13,223","13,057","17,863","21,461","19,671","14,127","7,140","3,664","656","17","250,518","250,518","17,804","27,184","28,636","40,314","46,622","41,362","28,514","13,350","5,829","881","22","130,695","130,695","9,133","13,927","15,594","22,464","25,175","21,581","14,297","6,158","2,150","213","3","119,823","119,823","8,671","13,257","13,042","17,850","21,447","19,781","14,217","7,192","3,679","668","19","250,783","250,783","17,690","27,210","28,573","40,359","46,593","41,415","28,699","13,459","5,868","893","24","130,893","130,893","9,092","13,934","15,570","22,487","25,165","21,637","14,405","6,213","2,170","217","3","119,890","119,890","8,598","13,276","13,003","17,872","21,428","19,778","14,294","7,246","3,698","676","21","251,395","251,395","17,740","27,227","28,590","40,462","46,598","41,631","28,811","13,528","5,878","904","26","131,183","131,183","9,127","13,934","15,560","22,558","25,161","21,740","14,455","6,242","2,178","225","3","120,212","120,212","8,613","13,293","13,030","17,904","21,437","19,891","14,356","7,286","3,700","679","23","252,414","252,414","17,831","27,306","28,583","40,816","46,692","41,795","28,913","13,636","5,911","905","26","131,713","131,713","9,176","13,967","15,557","22,757","25,232","21,792","14,517","6,297","2,188","228","2","120,701","120,701","8,655","13,339","13,026","18,059","21,460","20,003","14,396","7,339","3,723","677","24","253,590","253,590","17,909","27,401","28,600","41,180","46,903","41,985","29,023","13,696","5,947","919","27","132,360","132,360","9,239","13,990","15,551","22,998","25,342","21,899","14,574","6,331","2,201","233","2","121,230","121,230","8,670","13,411","13,049","18,182","21,561","20,086","14,449","7,365","3,746","686","25"
"경기도 시흥시 (4139000000)","514,778","514,778","37,922","52,107","57,317","74,074","89,030","92,607","70,264","27,477","11,822","2,099","59","268,038","268,038","19,279","26,597","31,105","39,841","47,759","48,337","37,313","13,181","4,178","437","11","246,740","246,740","18,643","25,510","26,212","34,233","41,271","44,270","32,951","14,296","7,644","1,662","48","514,384","514,384","37,645","52,026","57,030","73,834","88,809","92,616","70,641","27,746","11,851","2,126","60","267,787","267,787","19,146","26,577","30,868","39,733","47,629","48,318","37,536","13,321","4,206","442","11","246,597","246,597","18,499","25,449","26,162","34,101","41,180","44,298","33,105","14,425","7,645","1,684","49","514,501","514,501","37,470","52,009","56,949","73,809","88,488","92,441","71,202","28,022","11,884","2,166","61","267,971","267,971","19,070","26,609","30,872","39,790","47,433","48,215","37,837","13,468","4,218","446","13","246,530","246,530","18,400","25,400","26,077","34,019","41,055","44,226","33,365","14,554","7,666","1,720","48","514,822","514,822","37,304","52,099","56,876","73,874","88,435","92,427","71,439","28,200","11,906","2,203","59","268,136","268,136","19,032","26,640","30,827","39,835","47,402","48,201","37,936","13,562","4,237","451","13","246,686","246,686","18,272","25,459","26,049","34,039","41,033","44,226","33,503","14,638","7,669","1,752","46","514,804","514,804","37,118","52,064","56,707","73,918","88,344","92,322","71,731","28,353","11,960","2,223","64","268,112","268,112","18,907","26,638","30,743","39,871","47,350","48,138","38,093","13,635","4,272","452","13","246,692","246,692","18,211","25,426","25,964","34,047","40,994","44,184","33,638","14,718","7,688","1,771","51","514,831","514,831","36,992","52,041","56,466","73,863","88,416","92,282","71,922","28,536","12,015","2,232","66","268,030","268,030","18,847","26,632","30,563","39,813","47,362","48,136","38,183","13,745","4,284","453","12","246,801","246,801","18,145","25,409","25,903","34,050","41,054","44,146","33,739","14,791","7,731","1,779","54"
"경기도 군포시 (4141000000)","251,038","251,038","12,241","22,242","29,774","34,192","35,313","45,180","41,453","19,523","9,196","1,885","39","124,386","124,386","6,259","11,493","15,618","18,246","17,741","21,887","20,024","9,191","3,406","511","10","126,652","126,652","5,982","10,749","14,156","15,946","17,572","23,293","21,429","10,332","5,790","1,374","29","250,701","250,701","12,132","22,183","29,552","34,059","35,244","45,127","41,550","19,687","9,188","1,940","39","124,186","124,186","6,195","11,486","15,468","18,180","17,711","21,858","20,076","9,268","3,419","516","9","126,515","126,515","5,937","10,697","14,084","15,879","17,533","23,269","21,474","10,419","5,769","1,424","30","250,300","250,300","12,042","22,088","29,377","34,028","35,095","44,924","41,670","19,886","9,191","1,959","40","123,936","123,936","6,143","11,441","15,369","18,169","17,621","21,760","20,117","9,366","3,422","519","9","126,364","126,364","5,899","10,647","14,008","15,859","17,474","23,164","21,553","10,520","5,769","1,440","31","250,007","250,007","11,955","22,028","29,223","34,066","34,961","44,838","41,733","19,983","9,207","1,974","39","123,764","123,764","6,099","11,405","15,281","18,231","17,559","21,702","20,128","9,397","3,433","520","9","126,243","126,243","5,856","10,623","13,942","15,835","17,402","23,136","21,605","10,586","5,774","1,454","30","249,770","249,770","11,910","21,943","29,111","34,049","34,864","44,767","41,779","20,085","9,244","1,978","40","123,628","123,628","6,068","11,354","15,236","18,207","17,527","21,634","20,168","9,451","3,453","521","9","126,142","126,142","5,842","10,589","13,875","15,842","17,337","23,133","21,611","10,634","5,791","1,457","31","249,462","249,462","11,829","21,901","28,961","33,993","34,857","44,684","41,723","20,201","9,296","1,978","39","123,498","123,498","6,028","11,335","15,171","18,200","17,504","21,589","20,145","9,517","3,470","529","10","125,964","125,964","5,801","10,566","13,790","15,793","17,353","23,095","21,578","10,684","5,826","1,449","29"
"경기도 의왕시 (4143000000)","160,842","160,842","11,088","13,306","17,588","24,365","22,345","26,896","26,510","12,507","5,182","1,022","33","79,426","79,426","5,712","6,831","9,132","12,441","11,390","12,770","12,793","6,076","2,052","223","6","81,416","81,416","5,376","6,475","8,456","11,924","10,955","14,126","13,717","6,431","3,130","799","27","161,183","161,183","11,120","13,334","17,467","24,429","22,368","26,847","26,635","12,662","5,253","1,034","34","79,527","79,527","5,721","6,828","9,056","12,458","11,416","12,742","12,839","6,147","2,085","229","6","81,656","81,656","5,399","6,506","8,411","11,971","10,952","14,105","13,796","6,515","3,168","805","28","162,209","162,209","11,309","13,416","17,433","24,778","22,447","26,871","26,753","12,827","5,283","1,058","34","80,069","80,069","5,824","6,862","9,030","12,646","11,470","12,753","12,900","6,232","2,101","245","6","82,140","82,140","5,485","6,554","8,403","12,132","10,977","14,118","13,853","6,595","3,182","813","28","162,972","162,972","11,451","13,438","17,396","24,992","22,494","26,948","26,874","12,951","5,315","1,075","38","80,450","80,450","5,896","6,859","8,997","12,771","11,523","12,781","12,951","6,296","2,119","250","7","82,522","82,522","5,555","6,579","8,399","12,221","10,971","14,167","13,923","6,655","3,196","825","31","163,071","163,071","11,442","13,388","17,335","25,015","22,502","26,918","26,952","13,042","5,340","1,099","38","80,446","80,446","5,907","6,823","8,957","12,774","11,518","12,741","13,003","6,336","2,128","253","6","82,625","82,625","5,535","6,565","8,378","12,241","10,984","14,177","13,949","6,706","3,212","846","32","164,221","164,221","11,546","13,407","17,392","25,381","22,671","27,067","27,097","13,160","5,365","1,097","38","81,020","81,020","5,964","6,839","8,977","12,970","11,612","12,794","13,084","6,388","2,133","253","6","83,201","83,201","5,582","6,568","8,415","12,411","11,059","14,273","14,013","6,772","3,232","844","32"
"경기도 하남시 (4145000000)","328,048","328,048","26,207","33,792","33,088","48,995","59,807","49,752","42,500","24,155","8,335","1,371","46","162,741","162,741","13,563","16,934","16,391","24,217","30,279","25,275","20,568","11,699","3,500","307","8","165,307","165,307","12,644","16,858","16,697","24,778","29,528","24,477","21,932","12,456","4,835","1,064","38","327,740","327,740","25,977","33,796","32,969","48,767","59,712","49,869","42,578","24,301","8,350","1,376","45","162,579","162,579","13,442","16,948","16,345","24,090","30,210","25,373","20,603","11,743","3,505","312","8","165,161","165,161","12,535","16,848","16,624","24,677","29,502","24,496","21,975","12,558","4,845","1,064","37","327,824","327,824","25,927","33,821","32,823","48,870","59,540","49,865","42,629","24,512","8,399","1,391","47","162,567","162,567","13,416","16,965","16,230","24,150","30,122","25,384","20,620","11,835","3,520","317","8","165,257","165,257","12,511","16,856","16,593","24,720","29,418","24,481","22,009","12,677","4,879","1,074","39","327,681","327,681","25,797","33,845","32,680","48,752","59,462","49,950","42,640","24,655","8,440","1,415","45","162,505","162,505","13,378","16,976","16,166","24,102","30,038","25,459","20,627","11,885","3,540","326","8","165,176","165,176","12,419","16,869","16,514","24,650","29,424","24,491","22,013","12,770","4,900","1,089","37","327,571","327,571","25,665","33,878","32,576","48,644","59,454","49,943","42,687","24,777","8,473","1,431","43","162,410","162,410","13,318","17,001","16,102","24,018","30,033","25,439","20,650","11,937","3,568","337","7","165,161","165,161","12,347","16,877","16,474","24,626","29,421","24,504","22,037","12,840","4,905","1,094","36","327,495","327,495","25,528","33,947","32,421","48,648","59,383","49,974","42,690","24,914","8,499","1,447","44","162,376","162,376","13,267","17,027","16,050","24,008","29,993","25,457","20,657","11,992","3,579","340","6","165,119","165,119","12,261","16,920","16,371","24,640","29,390","24,517","22,033","12,922","4,920","1,107","38"
"경기도 용인시 (4146000000)","1,090,978","1,090,978","72,105","120,877","126,887","137,786","180,594","192,752","133,985","79,491","39,823","6,525","153","540,236","540,236","36,742","61,630","66,312","70,295","88,579","95,882","66,402","35,412","16,913","2,036","33","550,742","550,742","35,363","59,247","60,575","67,491","92,015","96,870","67,583","44,079","22,910","4,489","120","1,090,776","1,090,776","71,827","120,622","126,499","137,527","180,126","193,158","134,465","79,788","39,981","6,623","160","540,099","540,099","36,580","61,497","66,115","70,184","88,357","95,999","66,728","35,541","16,998","2,066","34","550,677","550,677","35,247","59,125","60,384","67,343","91,769","97,159","67,737","44,247","22,983","4,557","126","1,090,420","1,090,420","71,443","120,418","126,068","138,025","179,349","192,995","134,872","80,189","40,189","6,711","161","539,956","539,956","36,369","61,363","65,913","70,519","88,033","95,857","66,944","35,783","17,045","2,097","33","550,464","550,464","35,074","59,055","60,155","67,506","91,316","97,138","67,928","44,406","23,144","4,614","128","1,090,269","1,090,269","71,129","120,725","125,680","138,288","178,846","192,990","135,017","80,453","40,241","6,741","159","539,946","539,946","36,200","61,601","65,704","70,695","87,763","95,823","67,043","35,906","17,065","2,114","32","550,323","550,323","34,929","59,124","59,976","67,593","91,083","97,167","67,974","44,547","23,176","4,627","127","1,089,693","1,089,693","70,805","120,900","125,170","138,273","178,430","192,929","135,296","80,608","40,333","6,793","156","539,581","539,581","36,065","61,587","65,410","70,701","87,541","95,835","67,175","35,988","17,108","2,138","33","550,112","550,112","34,740","59,313","59,760","67,572","90,889","97,094","68,121","44,620","23,225","4,655","123","1,090,211","1,090,211","70,685","121,315","124,971","138,356","178,239","192,896","135,562","80,696","40,530","6,802","159","540,011","540,011","36,011","61,858","65,394","70,709","87,482","95,822","67,350","36,020","17,183","2,149","33","550,200","550,200","34,674","59,457","59,577","67,647","90,757","97,074","68,212","44,676","23,347","4,653","126"
"경기도 용인시 처인구 (4146100000)","282,534","282,534","17,723","26,095","32,018","37,369","44,306","49,415","42,308","21,877","9,624","1,763","36","144,546","144,546","9,017","13,373","17,509","20,139","23,192","25,410","21,424","10,353","3,675","448","6","137,988","137,988","8,706","12,722","14,509","17,230","21,114","24,005","20,884","11,524","5,949","1,315","30","283,119","283,119","17,689","26,074","31,953","37,395","44,247","49,637","42,567","22,025","9,686","1,805","41","144,817","144,817","8,990","13,354","17,516","20,148","23,144","25,476","21,573","10,448","3,703","458","7","138,302","138,302","8,699","12,720","14,437","17,247","21,103","24,161","20,994","11,577","5,983","1,347","34","284,132","284,132","17,636","26,099","32,041","37,661","44,203","49,747","42,882","22,264","9,716","1,842","41","145,311","145,311","8,970","13,350","17,549","20,289","23,145","25,525","21,714","10,582","3,709","471","7","138,821","138,821","8,666","12,749","14,492","17,372","21,058","24,222","21,168","11,682","6,007","1,371","34","285,039","285,039","17,616","26,514","32,053","37,745","44,200","49,795","43,075","22,429","9,736","1,836","40","145,874","145,874","8,955","13,657","17,535","20,368","23,138","25,558","21,801","10,663","3,724","468","7","139,165","139,165","8,661","12,857","14,518","17,377","21,062","24,237","21,274","11,766","6,012","1,368","33","285,532","285,532","17,575","26,833","31,939","37,753","44,146","49,839","43,240","22,553","9,771","1,847","36","145,972","145,972","8,942","13,684","17,455","20,365","23,128","25,600","21,873","10,708","3,738","472","7","139,560","139,560","8,633","13,149","14,484","17,388","21,018","24,239","21,367","11,845","6,033","1,375","29","286,391","286,391","17,550","27,369","32,014","37,737","44,166","49,842","43,380","22,589","9,852","1,855","37","146,514","146,514","8,920","14,029","17,510","20,373","23,164","25,584","21,969","10,712","3,771","475","7","139,877","139,877","8,630","13,340","14,504","17,364","21,002","24,258","21,411","11,877","6,081","1,380","30"
"경기도 용인시 기흥구 (4146300000)","434,484","434,484","26,866","48,800","53,020","52,248","70,504","80,061","52,105","31,563","16,509","2,735","73","213,838","213,838","13,789","24,936","27,678","26,786","34,090","39,335","25,469","13,824","7,020","893","18","220,646","220,646","13,077","23,864","25,342","25,462","36,414","40,726","26,636","17,739","9,489","1,842","55","434,349","434,349","26,709","48,641","52,954","52,119","70,279","80,219","52,307","31,691","16,578","2,777","75","213,745","213,745","13,680","24,880","27,625","26,730","33,974","39,404","25,586","13,883","7,061","905","17","220,604","220,604","13,029","23,761","25,329","25,389","36,305","40,815","26,721","17,808","9,517","1,872","58","434,263","434,263","26,559","48,544","52,747","52,364","69,965","80,167","52,463","31,845","16,726","2,807","76","213,707","213,707","13,590","24,812","27,559","26,883","33,846","39,324","25,681","13,971","7,106","918","17","220,556","220,556","12,969","23,732","25,188","25,481","36,119","40,843","26,782","17,874","9,620","1,889","59","434,289","434,289","26,370","48,513","52,594","52,512","69,771","80,271","52,590","31,989","16,765","2,838","76","213,652","213,652","13,498","24,784","27,486","26,934","33,763","39,319","25,772","14,039","7,108","932","17","220,637","220,637","12,872","23,729","25,108","25,578","36,008","40,952","26,818","17,950","9,657","1,906","59","434,363","434,363","26,246","48,445","52,467","52,680","69,586","80,348","52,742","32,095","16,809","2,869","76","213,728","213,728","13,434","24,753","27,421","27,072","33,652","39,351","25,851","14,094","7,133","949","18","220,635","220,635","12,812","23,692","25,046","25,608","35,934","40,997","26,891","18,001","9,676","1,920","58","434,590","434,590","26,190","48,386","52,410","52,866","69,484","80,408","52,815","32,185","16,904","2,867","75","213,892","213,892","13,406","24,730","27,432","27,157","33,609","39,384","25,904","14,130","7,175","947","18","220,698","220,698","12,784","23,656","24,978","25,709","35,875","41,024","26,911","18,055","9,729","1,920","57"
"경기도 용인시 수지구 (4146500000)","373,960","373,960","27,516","45,982","41,849","48,169","65,784","63,276","39,572","26,051","13,690","2,027","44","181,852","181,852","13,936","23,321","21,125","23,370","31,297","31,137","19,509","11,235","6,218","695","9","192,108","192,108","13,580","22,661","20,724","24,799","34,487","32,139","20,063","14,816","7,472","1,332","35","373,308","373,308","27,429","45,907","41,592","48,013","65,600","63,302","39,591","26,072","13,717","2,041","44","181,537","181,537","13,910","23,263","20,974","23,306","31,239","31,119","19,569","11,210","6,234","703","10","191,771","191,771","13,519","22,644","20,618","24,707","34,361","32,183","20,022","14,862","7,483","1,338","34","372,025","372,025","27,248","45,775","41,280","48,000","65,181","63,081","39,527","26,080","13,747","2,062","44","180,938","180,938","13,809","23,201","20,805","23,347","31,042","31,008","19,549","11,230","6,230","708","9","191,087","191,087","13,439","22,574","20,475","24,653","34,139","32,073","19,978","14,850","7,517","1,354","35","370,941","370,941","27,143","45,698","41,033","48,031","64,875","62,924","39,352","26,035","13,740","2,067","43","180,420","180,420","13,747","23,160","20,683","23,393","30,862","30,946","19,470","11,204","6,233","714","8","190,521","190,521","13,396","22,538","20,350","24,638","34,013","31,978","19,882","14,831","7,507","1,353","35","369,798","369,798","26,984","45,622","40,764","47,840","64,698","62,742","39,314","25,960","13,753","2,077","44","179,881","179,881","13,689","23,150","20,534","23,264","30,761","30,884","19,451","11,186","6,237","717","8","189,917","189,917","13,295","22,472","20,230","24,576","33,937","31,858","19,863","14,774","7,516","1,360","36","369,230","369,230","26,945","45,560","40,547","47,753","64,589","62,646","39,367","25,922","13,774","2,080","47","179,605","179,605","13,685","23,099","20,452","23,179","30,709","30,854","19,477","11,178","6,237","727","8","189,625","189,625","13,260","22,461","20,095","24,574","33,880","31,792","19,890","14,744","7,537","1,353","39"
"경기도 파주시 (4148000000)","527,182","527,182","38,329","55,546","54,636","73,318","87,709","89,084","69,565","36,228","19,338","3,357","72","265,546","265,546","19,608","28,227","29,113","37,646","45,474","45,773","35,019","16,562","7,242","863","19","261,636","261,636","18,721","27,319","25,523","35,672","42,235","43,311","34,546","19,666","12,096","2,494","53","528,614","528,614","38,361","55,602","54,608","73,360","88,029","89,359","69,901","36,542","19,383","3,395","74","266,195","266,195","19,615","28,243","29,034","37,687","45,693","45,857","35,205","16,699","7,261","881","20","262,419","262,419","18,746","27,359","25,574","35,673","42,336","43,502","34,696","19,843","12,122","2,514","54","530,201","530,201","38,372","55,682","54,521","73,767","88,086","89,485","70,394","36,901","19,428","3,492","73","266,949","266,949","19,609","28,301","28,937","37,896","45,744","45,898","35,467","16,884","7,288","905","20","263,252","263,252","18,763","27,381","25,584","35,871","42,342","43,587","34,927","20,017","12,140","2,587","53","531,373","531,373","38,314","55,789","54,498","73,972","88,159","89,732","70,722","37,104","19,496","3,510","77","267,477","267,477","19,588","28,344","28,899","37,995","45,817","45,994","35,635","16,959","7,314","912","20","263,896","263,896","18,726","27,445","25,599","35,977","42,342","43,738","35,087","20,145","12,182","2,598","57","532,124","532,124","38,249","55,806","54,382","74,120","88,196","89,971","70,893","37,334","19,570","3,524","79","267,789","267,789","19,521","28,372","28,816","38,091","45,836","46,072","35,721","17,064","7,356","921","19","264,335","264,335","18,728","27,434","25,566","36,029","42,360","43,899","35,172","20,270","12,214","2,603","60","533,387","533,387","38,190","55,907","54,474","74,380","88,367","90,131","71,139","37,513","19,665","3,542","79","268,382","268,382","19,492","28,468","28,826","38,209","45,897","46,145","35,858","17,163","7,378","926","20","265,005","265,005","18,698","27,439","25,648","36,171","42,470","43,986","35,281","20,350","12,287","2,616","59"
"경기도 이천시 (4150000000)","222,879","222,879","13,530","21,375","26,508","31,212","33,495","36,913","33,553","16,900","7,897","1,455","41","116,405","116,405","7,033","10,976","15,135","17,632","17,607","19,181","17,240","8,179","3,011","397","14","106,474","106,474","6,497","10,399","11,373","13,580","15,888","17,732","16,313","8,721","4,886","1,058","27","222,906","222,906","13,468","21,261","26,444","31,125","33,536","36,928","33,739","17,011","7,889","1,462","43","116,424","116,424","6,994","10,931","15,107","17,620","17,630","19,155","17,325","8,236","3,016","396","14","106,482","106,482","6,474","10,330","11,337","13,505","15,906","17,773","16,414","8,775","4,873","1,066","29","223,229","223,229","13,441","21,250","26,354","31,280","33,427","36,945","33,913","17,186","7,918","1,472","43","116,617","116,617","6,992","10,904","15,076","17,715","17,581","19,155","17,422","8,320","3,045","394","13","106,612","106,612","6,449","10,346","11,278","13,565","15,846","17,790","16,491","8,866","4,873","1,078","30","223,506","223,506","13,395","21,405","26,247","31,364","33,360","36,992","34,022","17,268","7,947","1,464","42","116,812","116,812","6,971","11,001","15,021","17,776","17,566","19,186","17,479","8,345","3,062","392","13","106,694","106,694","6,424","10,404","11,226","13,588","15,794","17,806","16,543","8,923","4,885","1,072","29","223,635","223,635","13,332","21,420","26,119","31,471","33,311","37,049","34,067","17,399","7,957","1,471","39","116,891","116,891","6,943","10,990","14,972","17,840","17,541","19,218","17,516","8,404","3,067","388","12","106,744","106,744","6,389","10,430","11,147","13,631","15,770","17,831","16,551","8,995","4,890","1,083","27","224,740","224,740","13,340","22,164","26,207","31,571","33,308","37,081","34,089","17,486","7,987","1,467","40","117,436","117,436","6,946","11,384","14,999","17,905","17,541","19,218","17,517","8,451","3,074","389","12","107,304","107,304","6,394","10,780","11,208","13,666","15,767","17,863","16,572","9,035","4,913","1,078","28"
"경기도 안성시 (4155000000)","196,679","196,679","10,399","17,516","21,705","23,601","29,007","34,087","32,015","17,882","8,793","1,635","39","101,659","101,659","5,396","9,010","11,855","13,213","15,663","17,914","16,342","8,632","3,240","389","5","95,020","95,020","5,003","8,506","9,850","10,388","13,344","16,173","15,673","9,250","5,553","1,246","34","196,871","196,871","10,352","17,488","21,737","23,552","28,964","34,116","32,133","18,024","8,796","1,668","41","101,765","101,765","5,372","8,976","11,875","13,211","15,635","17,951","16,395","8,692","3,259","394","5","95,106","95,106","4,980","8,512","9,862","10,341","13,329","16,165","15,738","9,332","5,537","1,274","36","197,266","197,266","10,329","17,585","21,769","23,626","28,915","34,070","32,277","18,144","8,826","1,685","40","102,023","102,023","5,368","9,023","11,890","13,289","15,601","17,922","16,500","8,740","3,283","401","6","95,243","95,243","4,961","8,562","9,879","10,337","13,314","16,148","15,777","9,404","5,543","1,284","34","198,089","198,089","10,317","17,723","21,784","23,799","28,905","34,319","32,398","18,265","8,827","1,711","41","102,418","102,418","5,372","9,111","11,877","13,383","15,580","18,021","16,588","8,783","3,288","410","5","95,671","95,671","4,945","8,612","9,907","10,416","13,325","16,298","15,810","9,482","5,539","1,301","36","198,631","198,631","10,295","17,819","21,860","23,862","28,934","34,418","32,450","18,381","8,836","1,734","42","102,746","102,746","5,359","9,173","11,916","13,442","15,606","18,086","16,615","8,823","3,303","417","6","95,885","95,885","4,936","8,646","9,944","10,420","13,328","16,332","15,835","9,558","5,533","1,317","36","198,785","198,785","10,234","17,803","21,863","23,862","28,969","34,450","32,507","18,446","8,871","1,739","41","102,860","102,860","5,319","9,165","11,949","13,464","15,625","18,089","16,643","8,849","3,334","417","6","95,925","95,925","4,915","8,638","9,914","10,398","13,344","16,361","15,864","9,597","5,537","1,322","35"
"경기도 김포시 (4157000000)","484,694","484,694","37,481","56,268","46,178","62,371","91,282","76,743","61,753","35,145","14,930","2,481","62","241,809","241,809","19,319","28,589","23,608","31,066","46,011","39,566","30,553","16,374","6,069","641","13","242,885","242,885","18,162","27,679","22,570","31,305","45,271","37,177","31,200","18,771","8,861","1,840","49","484,614","484,614","37,172","56,309","46,088","62,063","91,185","76,914","61,963","35,385","14,980","2,490","65","241,754","241,754","19,173","28,582","23,547","30,952","45,947","39,648","30,675","16,460","6,109","647","14","242,860","242,860","17,999","27,727","22,541","31,111","45,238","37,266","31,288","18,925","8,871","1,843","51","484,334","484,334","36,858","56,331","45,826","62,028","90,906","76,923","62,184","35,607","15,083","2,522","66","241,629","241,629","19,011","28,602","23,413","30,930","45,798","39,669","30,806","16,573","6,155","658","14","242,705","242,705","17,847","27,729","22,413","31,098","45,108","37,254","31,378","19,034","8,928","1,864","52","484,222","484,222","36,536","56,464","45,585","62,008","90,673","77,068","62,329","35,768","15,183","2,544","64","241,529","241,529","18,850","28,671","23,248","30,941","45,668","39,736","30,891","16,632","6,210","667","15","242,693","242,693","17,686","27,793","22,337","31,067","45,005","37,332","31,438","19,136","8,973","1,877","49","484,047","484,047","36,226","56,577","45,420","61,875","90,489","77,170","62,420","35,953","15,281","2,573","63","241,378","241,378","18,702","28,715","23,139","30,893","45,575","39,780","30,939","16,685","6,262","674","14","242,669","242,669","17,524","27,862","22,281","30,982","44,914","37,390","31,481","19,268","9,019","1,899","49","484,042","484,042","35,978","56,663","45,388","61,754","90,454","77,221","62,516","36,086","15,354","2,565","63","241,341","241,341","18,580","28,766","23,083","30,834","45,539","39,834","30,991","16,737","6,294","669","14","242,701","242,701","17,398","27,897","22,305","30,920","44,915","37,387","31,525","19,349","9,060","1,896","49"
"경기도 화성시 (4159000000)","991,092","991,092","88,884","117,731","108,950","164,190","186,562","151,739","102,998","46,937","19,419","3,605","77","513,623","513,623","45,520","59,802","58,275","87,424","97,624","80,578","53,542","22,597","7,408","844","9","477,469","477,469","43,364","57,929","50,675","76,766","88,938","71,161","49,456","24,340","12,011","2,761","68","992,956","992,956","88,844","117,859","108,842","164,299","186,756","152,320","103,453","47,334","19,518","3,653","78","514,604","514,604","45,465","59,945","58,186","87,542","97,695","80,880","53,777","22,786","7,464","855","9","478,352","478,352","43,379","57,914","50,656","76,757","89,061","71,440","49,676","24,548","12,054","2,798","69","995,253","995,253","88,879","118,015","108,733","165,063","186,424","152,756","104,166","47,834","19,609","3,694","80","515,787","515,787","45,475","60,060","58,158","87,918","97,461","81,082","54,169","23,064","7,518","872","10","479,466","479,466","43,404","57,955","50,575","77,145","88,963","71,674","49,997","24,770","12,091","2,822","70","996,582","996,582","88,703","118,132","108,592","165,489","186,371","153,107","104,566","48,155","19,654","3,730","83","516,434","516,434","45,374","60,109","58,054","88,154","97,410","81,250","54,411","23,230","7,548","884","10","480,148","480,148","43,329","58,023","50,538","77,335","88,961","71,857","50,155","24,925","12,106","2,846","73","997,713","997,713","88,483","118,306","108,432","165,584","186,451","153,507","104,922","48,448","19,704","3,789","87","516,978","516,978","45,275","60,224","57,893","88,233","97,431","81,435","54,654","23,345","7,578","899","11","480,735","480,735","43,208","58,082","50,539","77,351","89,020","72,072","50,268","25,103","12,126","2,890","76","998,746","998,746","88,267","118,417","108,410","165,715","186,528","153,842","105,145","48,710","19,809","3,819","84","517,392","517,392","45,129","60,267","57,849","88,341","97,466","81,545","54,796","23,463","7,615","910","11","481,354","481,354","43,138","58,150","50,561","77,374","89,062","72,297","50,349","25,247","12,194","2,909","73"
"경기도 화성시 만세구 (4159100000)","0","0","0","0","0","0","0","0","0","0","0","0","0","0","0","0","0","0","0","0","0","0","0","0","0","0","0","0","0","0","0","0","0","0","0","0","0","0","0","234,881","234,881","16,002","23,186","23,581","32,012","39,772","39,811","34,714","16,575","7,633","1,568","27","128,024","128,024","8,190","11,917","13,677","18,601","22,338","22,738","18,933","8,363","2,885","378","4","106,857","106,857","7,812","11,269","9,904","13,411","17,434","17,073","15,781","8,212","4,748","1,190","23","234,733","234,733","15,871","23,195","23,488","31,943","39,609","39,738","34,903","16,712","7,673","1,574","27","127,987","127,987","8,119","11,923","13,652","18,565","22,230","22,697","19,055","8,457","2,898","387","4","106,746","106,746","7,752","11,272","9,836","13,378","17,379","17,041","15,848","8,255","4,775","1,187","23","234,710","234,710","15,754","23,240","23,414","31,918","39,528","39,734","35,014","16,813","7,673","1,591","31","127,984","127,984","8,068","11,927","13,598","18,573","22,155","22,719","19,126","8,516","2,904","392","6","106,726","106,726","7,686","11,313","9,816","13,345","17,373","17,015","15,888","8,297","4,769","1,199","25","234,599","234,599","15,637","23,272","23,314","31,839","39,473","39,724","35,115","16,885","7,698","1,609","33","127,905","127,905","8,009","11,948","13,521","18,519","22,130","22,721","19,193","8,544","2,920","394","6","106,694","106,694","7,628","11,324","9,793","13,320","17,343","17,003","15,922","8,341","4,778","1,215","27","234,482","234,482","15,524","23,280","23,260","31,695","39,463","39,755","35,105","17,011","7,735","1,621","33","127,823","127,823","7,933","11,960","13,506","18,454","22,121","22,711","19,214","8,590","2,927","401","6","106,659","106,659","7,591","11,320","9,754","13,241","17,342","17,044","15,891","8,421","4,808","1,220","27"
"경기도 화성시 효행구 (4159300000)","0","0","0","0","0","0","0","0","0","0","0","0","0","0","0","0","0","0","0","0","0","0","0","0","0","0","0","0","0","0","0","0","0","0","0","0","0","0","0","159,440","159,440","13,273","15,630","16,646","26,044","26,173","25,656","20,691","10,151","4,297","852","27","82,309","82,309","6,706","7,829","8,700","13,904","14,030","13,582","10,817","4,949","1,617","174","1","77,131","77,131","6,567","7,801","7,946","12,140","12,143","12,074","9,874","5,202","2,680","678","26","159,451","159,451","13,256","15,665","16,590","25,973","26,112","25,662","20,774","10,228","4,303","860","28","82,315","82,315","6,701","7,847","8,687","13,853","13,971","13,602","10,861","4,980","1,636","175","2","77,136","77,136","6,555","7,818","7,903","12,120","12,141","12,060","9,913","5,248","2,667","685","26","159,444","159,444","13,252","15,622","16,538","25,900","26,125","25,685","20,807","10,290","4,326","870","29","82,277","82,277","6,695","7,830","8,637","13,819","13,972","13,598","10,887","5,014","1,646","177","2","77,167","77,167","6,557","7,792","7,901","12,081","12,153","12,087","9,920","5,276","2,680","693","27","159,975","159,975","13,327","15,643","16,536","25,941","26,176","25,847","20,885","10,373","4,329","888","30","82,558","82,558","6,741","7,846","8,641","13,838","13,997","13,673","10,935","5,055","1,649","181","2","77,417","77,417","6,586","7,797","7,895","12,103","12,179","12,174","9,950","5,318","2,680","707","28","160,481","160,481","13,372","15,651","16,586","26,016","26,283","25,907","20,965","10,435","4,343","894","29","82,781","82,781","6,751","7,852","8,674","13,863","14,047","13,698","10,969","5,085","1,660","180","2","77,700","77,700","6,621","7,799","7,912","12,153","12,236","12,209","9,996","5,350","2,683","714","27"
"경기도 화성시 병점구 (4159500000)","0","0","0","0","0","0","0","0","0","0","0","0","0","0","0","0","0","0","0","0","0","0","0","0","0","0","0","0","0","0","0","0","0","0","0","0","0","0","0","173,168","173,168","14,262","18,447","21,889","29,077","30,835","27,588","18,355","8,688","3,485","530","12","89,588","89,588","7,363","9,469","11,992","15,916","16,184","14,103","9,089","4,005","1,331","132","4","83,580","83,580","6,899","8,978","9,897","13,161","14,651","13,485","9,266","4,683","2,154","398","8","174,109","174,109","14,387","18,478","21,972","29,402","30,841","27,678","18,475","8,812","3,505","547","12","90,102","90,102","7,431","9,495","12,026","16,105","16,206","14,136","9,161","4,058","1,342","138","4","84,007","84,007","6,956","8,983","9,946","13,297","14,635","13,542","9,314","4,754","2,163","409","8","174,580","174,580","14,381","18,495","22,013","29,521","30,855","27,760","18,614","8,872","3,511","548","10","90,342","90,342","7,430","9,503","12,052","16,153","16,247","14,162","9,232","4,082","1,342","137","2","84,238","84,238","6,951","8,992","9,961","13,368","14,608","13,598","9,382","4,790","2,169","411","8","174,699","174,699","14,329","18,481","22,010","29,508","30,898","27,764","18,681","8,921","3,534","562","11","90,399","90,399","7,405","9,503","12,044","16,161","16,271","14,160","9,269","4,086","1,355","143","2","84,300","84,300","6,924","8,978","9,966","13,347","14,627","13,604","9,412","4,835","2,179","419","9","174,794","174,794","14,259","18,493","22,002","29,531","30,881","27,786","18,726","8,967","3,575","564","10","90,433","90,433","7,364","9,506","12,020","16,187","16,265","14,170","9,293","4,115","1,366","145","2","84,361","84,361","6,895","8,987","9,982","13,344","14,616","13,616","9,433","4,852","2,209","419","8"
"경기도 화성시 동탄구 (4159700000)","0","0","0","0","0","0","0","0","0","0","0","0","0","0","0","0","0","0","0","0","0","0","0","0","0","0","0","0","0","0","0","0","0","0","0","0","0","0","0","425,467","425,467","45,307","60,596","46,726","77,166","89,976","59,265","29,693","11,920","4,103","703","12","214,683","214,683","23,206","30,730","23,817","39,121","45,143","30,457","14,938","5,469","1,631","171","0","210,784","210,784","22,101","29,866","22,909","38,045","44,833","28,808","14,755","6,451","2,472","532","12","426,960","426,960","45,365","60,677","46,683","77,745","89,862","59,678","30,014","12,082","4,128","713","13","215,383","215,383","23,224","30,795","23,793","39,395","45,054","30,647","15,092","5,569","1,642","172","0","211,577","211,577","22,141","29,882","22,890","38,350","44,808","29,031","14,922","6,513","2,486","541","13","427,848","427,848","45,316","60,775","46,627","78,150","89,863","59,928","30,131","12,180","4,144","721","13","215,831","215,831","23,181","30,849","23,767","39,609","45,036","30,771","15,166","5,618","1,656","178","0","212,017","212,017","22,135","29,926","22,860","38,541","44,827","29,157","14,965","6,562","2,488","543","13","428,440","428,440","45,190","60,910","46,572","78,296","89,904","60,172","30,241","12,269","4,143","730","13","216,116","216,116","23,120","30,927","23,687","39,715","45,033","30,881","15,257","5,660","1,654","181","1","212,324","212,324","22,070","29,983","22,885","38,581","44,871","29,291","14,984","6,609","2,489","549","12","428,989","428,989","45,112","60,993","46,562","78,473","89,901","60,394","30,349","12,297","4,156","740","12","216,355","216,355","23,081","30,949","23,649","39,837","45,033","30,966","15,320","5,673","1,662","184","1","212,634","212,634","22,031","30,044","22,913","38,636","44,868","29,428","15,029","6,624","2,494","556","11"
"경기도 광주시 (4161000000)","397,364","397,364","26,486","36,278","38,214","51,543","67,167","70,116","61,684","31,618","12,284","1,914","60","202,293","202,293","13,509","18,577","20,226","27,010","35,251","36,077","30,781","15,282","5,081","483","16","195,071","195,071","12,977","17,701","17,988","24,533","31,916","34,039","30,903","16,336","7,203","1,431","44","397,174","397,174","26,330","36,175","38,063","51,246","67,045","70,199","61,939","31,845","12,340","1,935","57","202,159","202,159","13,432","18,495","20,136","26,888","35,183","36,084","30,934","15,404","5,096","492","15","195,015","195,015","12,898","17,680","17,927","24,358","31,862","34,115","31,005","16,441","7,244","1,443","42","397,166","397,166","26,167","36,136","37,834","51,295","66,864","70,100","62,147","32,198","12,393","1,976","56","202,107","202,107","13,328","18,478","20,031","26,903","35,078","36,021","31,043","15,587","5,125","498","15","195,059","195,059","12,839","17,658","17,803","24,392","31,786","34,079","31,104","16,611","7,268","1,478","41","397,402","397,402","26,060","36,187","37,656","51,340","66,830","70,145","62,296","32,407","12,420","2,005","56","202,190","202,190","13,261","18,528","19,906","26,947","35,057","36,037","31,113","15,680","5,141","506","14","195,212","195,212","12,799","17,659","17,750","24,393","31,773","34,108","31,183","16,727","7,279","1,499","42","398,250","398,250","26,054","36,271","37,586","51,471","66,863","70,317","62,454","32,633","12,517","2,029","55","202,608","202,608","13,263","18,570","19,871","27,017","35,063","36,143","31,165","15,802","5,182","518","14","195,642","195,642","12,791","17,701","17,715","24,454","31,800","34,174","31,289","16,831","7,335","1,511","41","399,111","399,111","26,028","36,373","37,594","51,556","67,032","70,474","62,566","32,794","12,617","2,020","57","203,068","203,068","13,258","18,637","19,857","27,111","35,140","36,224","31,204","15,897","5,207","519","14","196,043","196,043","12,770","17,736","17,737","24,445","31,892","34,250","31,362","16,897","7,410","1,501","43"
"경기도 양주시 (4163000000)","296,463","296,463","22,542","29,017","30,868","40,249","46,652","50,164","41,558","22,783","10,738","1,852","40","149,038","149,038","11,505","14,597","16,246","20,715","23,996","25,569","21,015","10,657","4,226","502","10","147,425","147,425","11,037","14,420","14,622","19,534","22,656","24,595","20,543","12,126","6,512","1,350","30","296,740","296,740","22,503","29,050","30,811","40,159","46,613","50,261","41,709","22,967","10,751","1,875","41","149,162","149,162","11,508","14,600","16,195","20,669","23,989","25,591","21,109","10,743","4,234","514","10","147,578","147,578","10,995","14,450","14,616","19,490","22,624","24,670","20,600","12,224","6,517","1,361","31","296,830","296,830","22,446","29,091","30,600","40,219","46,518","50,213","41,880","23,119","10,802","1,898","44","149,179","149,179","11,481","14,615","16,095","20,699","23,916","25,560","21,198","10,824","4,262","517","12","147,651","147,651","10,965","14,476","14,505","19,520","22,602","24,653","20,682","12,295","6,540","1,381","32","296,910","296,910","22,379","29,105","30,504","40,151","46,483","50,233","42,050","23,208","10,845","1,904","48","149,176","149,176","11,446","14,625","16,051","20,661","23,907","25,542","21,259","10,879","4,276","518","12","147,734","147,734","10,933","14,480","14,453","19,490","22,576","24,691","20,791","12,329","6,569","1,386","36","296,976","296,976","22,323","29,123","30,324","40,096","46,447","50,314","42,145","23,316","10,922","1,920","46","149,179","149,179","11,430","14,632","15,931","20,646","23,902","25,566","21,319","10,920","4,301","521","11","147,797","147,797","10,893","14,491","14,393","19,450","22,545","24,748","20,826","12,396","6,621","1,399","35","297,226","297,226","22,251","29,200","30,284","40,142","46,471","50,287","42,193","23,443","10,989","1,917","49","149,221","149,221","11,404","14,671","15,882","20,671","23,892","25,533","21,334","10,983","4,329","511","11","148,005","148,005","10,847","14,529","14,402","19,471","22,579","24,754","20,859","12,460","6,660","1,406","38"
"경기도 포천시 (4165000000)","140,461","140,461","5,615","9,822","13,977","13,834","15,552","26,076","30,749","15,384","7,907","1,492","53","74,317","74,317","2,950","5,143","7,950","7,945","8,437","14,115","16,737","7,756","2,918","351","15","66,144","66,144","2,665","4,679","6,027","5,889","7,115","11,961","14,012","7,628","4,989","1,141","38","140,355","140,355","5,596","9,784","13,895","13,824","15,465","26,021","30,781","15,509","7,915","1,509","56","74,272","74,272","2,946","5,138","7,906","7,935","8,403","14,079","16,736","7,836","2,924","354","15","66,083","66,083","2,650","4,646","5,989","5,889","7,062","11,942","14,045","7,673","4,991","1,155","41","140,428","140,428","5,596","9,695","13,855","13,909","15,373","25,887","30,905","15,683","7,938","1,531","56","74,351","74,351","2,951","5,102","7,901","7,984","8,362","13,987","16,804","7,948","2,939","359","14","66,077","66,077","2,645","4,593","5,954","5,925","7,011","11,900","14,101","7,735","4,999","1,172","42","140,435","140,435","5,561","9,696","13,764","13,970","15,315","25,806","30,995","15,778","7,944","1,550","56","74,361","74,361","2,921","5,108","7,840","8,008","8,336","13,939","16,873","8,002","2,959","363","12","66,074","66,074","2,640","4,588","5,924","5,962","6,979","11,867","14,122","7,776","4,985","1,187","44","140,464","140,464","5,513","9,682","13,739","14,008","15,281","25,763","31,024","15,846","8,005","1,546","57","74,376","74,376","2,891","5,097","7,836","8,031","8,325","13,897","16,893","8,040","2,989","365","12","66,088","66,088","2,622","4,585","5,903","5,977","6,956","11,866","14,131","7,806","5,016","1,181","45","140,468","140,468","5,484","9,677","13,685","14,019","15,274","25,705","31,095","15,917","8,004","1,555","53","74,393","74,393","2,885","5,097","7,803","8,048","8,321","13,857","16,934","8,078","2,993","366","11","66,075","66,075","2,599","4,580","5,882","5,971","6,953","11,848","14,161","7,839","5,011","1,189","42"
"경기도 여주시 (4167000000)","113,885","113,885","5,239","8,927","9,848","11,323","14,545","19,980","22,736","13,618","6,442","1,195","32","58,037","58,037","2,654","4,696","5,360","6,192","7,480","10,313","11,697","6,806","2,526","309","4","55,848","55,848","2,585","4,231","4,488","5,131","7,065","9,667","11,039","6,812","3,916","886","28","113,735","113,735","5,186","8,886","9,766","11,281","14,512","19,940","22,761","13,709","6,446","1,217","31","57,981","57,981","2,631","4,689","5,317","6,179","7,478","10,274","11,704","6,859","2,532","314","4","55,754","55,754","2,555","4,197","4,449","5,102","7,034","9,666","11,057","6,850","3,914","903","27","113,621","113,621","5,145","8,852","9,674","11,277","14,449","19,858","22,825","13,817","6,469","1,225","30","57,937","57,937","2,607","4,676","5,268","6,167","7,456","10,229","11,755","6,904","2,555","317","3","55,684","55,684","2,538","4,176","4,406","5,110","6,993","9,629","11,070","6,913","3,914","908","27","113,605","113,605","5,138","8,834","9,624","11,263","14,400","19,854","22,872","13,899","6,463","1,228","30","57,934","57,934","2,604","4,656","5,255","6,152","7,429","10,224","11,790","6,939","2,565","317","3","55,671","55,671","2,534","4,178","4,369","5,111","6,971","9,630","11,082","6,960","3,898","911","27","113,541","113,541","5,102","8,825","9,585","11,262","14,358","19,830","22,890","13,962","6,453","1,245","29","57,911","57,911","2,584","4,660","5,231","6,151","7,397","10,220","11,807","6,967","2,573","319","2","55,630","55,630","2,518","4,165","4,354","5,111","6,961","9,610","11,083","6,995","3,880","926","27","113,506","113,506","5,056","8,819","9,541","11,269","14,311","19,859","22,884","14,027","6,457","1,254","29","57,902","57,902","2,563","4,655","5,211","6,160","7,371","10,235","11,821","6,978","2,588","318","2","55,604","55,604","2,493","4,164","4,330","5,109","6,940","9,624","11,063","7,049","3,869","936","27"
"경기도 연천군 (4180000000)","42,475","42,475","1,872","2,748","4,273","4,162","4,203","6,482","9,083","5,761","3,291","587","13","22,251","22,251","949","1,427","2,649","2,466","2,280","3,497","4,727","2,846","1,238","170","2","20,224","20,224","923","1,321","1,624","1,696","1,923","2,985","4,356","2,915","2,053","417","11","42,578","42,578","1,876","2,759","4,271","4,175","4,210","6,469","9,115","5,808","3,289","593","13","22,294","22,294","943","1,431","2,645","2,467","2,286","3,493","4,740","2,876","1,241","170","2","20,284","20,284","933","1,328","1,626","1,708","1,924","2,976","4,375","2,932","2,048","423","11","42,684","42,684","1,864","2,760","4,296","4,172","4,226","6,459","9,144","5,861","3,292","600","10","22,371","22,371","939","1,431","2,658","2,462","2,297","3,495","4,763","2,905","1,244","175","2","20,313","20,313","925","1,329","1,638","1,710","1,929","2,964","4,381","2,956","2,048","425","8","42,814","42,814","1,864","2,769","4,295","4,195","4,231","6,474","9,182","5,892","3,303","599","10","22,429","22,429","939","1,433","2,655","2,475","2,293","3,507","4,783","2,923","1,249","170","2","20,385","20,385","925","1,336","1,640","1,720","1,938","2,967","4,399","2,969","2,054","429","8","42,868","42,868","1,842","2,773","4,302","4,198","4,233","6,460","9,221","5,913","3,317","599","10","22,478","22,478","932","1,432","2,652","2,482","2,305","3,495","4,818","2,934","1,252","174","2","20,390","20,390","910","1,341","1,650","1,716","1,928","2,965","4,403","2,979","2,065","425","8","42,977","42,977","1,824","2,774","4,372","4,201","4,220","6,457","9,236","5,957","3,323","603","10","22,563","22,563","926","1,434","2,697","2,487","2,300","3,496","4,832","2,955","1,258","176","2","20,414","20,414","898","1,340","1,675","1,714","1,920","2,961","4,404","3,002","2,065","427","8"
"경기도 가평군 (4182000000)","62,026","62,026","2,468","4,044","5,251","5,359","6,750","10,480","13,862","8,721","4,335","728","28","31,901","31,901","1,278","2,045","2,981","2,959","3,573","5,569","7,207","4,327","1,761","193","8","30,125","30,125","1,190","1,999","2,270","2,400","3,177","4,911","6,655","4,394","2,574","535","20","62,030","62,030","2,453","4,033","5,230","5,299","6,749","10,480","13,874","8,790","4,343","752","27","31,887","31,887","1,267","2,043","2,958","2,941","3,567","5,556","7,223","4,363","1,766","196","7","30,143","30,143","1,186","1,990","2,272","2,358","3,182","4,924","6,651","4,427","2,577","556","20","61,963","61,963","2,425","4,027","5,185","5,318","6,723","10,413","13,889","8,864","4,322","769","28","31,845","31,845","1,254","2,048","2,928","2,952","3,552","5,527","7,215","4,405","1,760","198","6","30,118","30,118","1,171","1,979","2,257","2,366","3,171","4,886","6,674","4,459","2,562","571","22","62,010","62,010","2,414","4,033","5,159","5,313","6,709","10,423","13,933","8,890","4,338","770","28","31,867","31,867","1,242","2,055","2,908","2,951","3,544","5,533","7,232","4,426","1,778","191","7","30,143","30,143","1,172","1,978","2,251","2,362","3,165","4,890","6,701","4,464","2,560","579","21","62,044","62,044","2,395","4,023","5,165","5,353","6,681","10,381","13,936","8,964","4,332","787","27","31,870","31,870","1,230","2,052","2,898","2,971","3,542","5,497","7,248","4,452","1,782","191","7","30,174","30,174","1,165","1,971","2,267","2,382","3,139","4,884","6,688","4,512","2,550","596","20","62,041","62,041","2,394","4,038","5,153","5,352","6,701","10,331","13,934","8,991","4,330","790","27","31,876","31,876","1,230","2,062","2,887","2,978","3,546","5,474","7,256","4,462","1,780","193","8","30,165","30,165","1,164","1,976","2,266","2,374","3,155","4,857","6,678","4,529","2,550","597","19"
"경기도 양평군 (4183000000)","126,986","126,986","5,602","9,907","8,918","10,482","15,261","21,282","27,957","17,828","8,181","1,530","38","63,781","63,781","2,891","5,133","4,982","5,492","7,572","10,884","14,107","8,857","3,483","377","3","63,205","63,205","2,711","4,774","3,936","4,990","7,689","10,398","13,850","8,971","4,698","1,153","35","126,830","126,830","5,560","9,869","8,845","10,455","15,201","21,240","27,931","17,952","8,188","1,549","40","63,672","63,672","2,873","5,114","4,931","5,472","7,545","10,877","14,083","8,906","3,487","381","3","63,158","63,158","2,687","4,755","3,914","4,983","7,656","10,363","13,848","9,046","4,701","1,168","37","126,742","126,742","5,547","9,832","8,755","10,468","15,122","21,158","27,971","18,097","8,177","1,577","38","63,635","63,635","2,854","5,091","4,866","5,492","7,512","10,826","14,104","8,996","3,499","392","3","63,107","63,107","2,693","4,741","3,889","4,976","7,610","10,332","13,867","9,101","4,678","1,185","35","126,797","126,797","5,528","9,798","8,758","10,438","15,095","21,149","27,986","18,217","8,209","1,582","37","63,681","63,681","2,859","5,068","4,868","5,475","7,496","10,816","14,123","9,058","3,520","395","3","63,116","63,116","2,669","4,730","3,890","4,963","7,599","10,333","13,863","9,159","4,689","1,187","34","126,746","126,746","5,468","9,798","8,718","10,410","15,069","21,109","27,998","18,298","8,242","1,599","37","63,644","63,644","2,835","5,068","4,845","5,442","7,487","10,788","14,132","9,097","3,546","401","3","63,102","63,102","2,633","4,730","3,873","4,968","7,582","10,321","13,866","9,201","4,696","1,198","34","126,822","126,822","5,428","9,861","8,722","10,454","15,035","21,074","27,995","18,344","8,268","1,601","40","63,721","63,721","2,808","5,126","4,857","5,479","7,472","10,767","14,120","9,114","3,570","405","3","63,101","63,101","2,620","4,735","3,865","4,975","7,563","10,307","13,875","9,230","4,698","1,196","37"
