행정구역명,행정구역코드,STRD_YYMM,GENDER_CD,AGE_CD,인구
강원특별자치도 강릉시,5115000000,202601,1,1,13902
강원특별자치도 강릉시,5115000000,202601,1,2,10990
강원특별자치도 강릉시,5115000000,202601,1,3,11051
강원특별자치도 강릉시,5115000000,202601,1,4,13633
강원특별자치도 강릉시,5115000000,202601,1,5,18610
강원특별자치도 강릉시,5115000000,202601,1,6,33800
강원특별자치도 강릉시,5115000000,202601,2,1,12732
강원특별자치도 강릉시,5115000000,202601,2,2,8999
강원특별자치도 강릉시,5115000000,202601,2,3,9495
강원특별자치도 강릉시,5115000000,202601,2,4,13370
강원특별자치도 강릉시,5115000000,202601,2,5,17884
강원특별자치도 강릉시,5115000000,202601,2,6,41500
강원특별자치도 강릉시,5115000000,202602,1,1,13853
강원특별자치도 강릉시,5115000000,202602,1,2,10985
강원특별자치도 강릉시,5115000000,202602,1,3,11047
강원특별자치도 강릉시,5115000000,202602,1,4,13594
강원특별자치도 강릉시,5115000000,202602,1,5,18575
강원특별자치도 강릉시,5115000000,202602,1,6,33912
강원특별자치도 강릉시,5115000000,202602,2,1,12705
강원특별자치도 강릉시,5115000000,202602,2,2,9000
강원특별자치도 강릉시,5115000000,202602,2,3,9475
강원특별자치도 강릉시,5115000000,202602,2,4,13302
강원특별자치도 강릉시,5115000000,202602,2,5,17856
강원특별자치도 강릉시,5115000000,202602,2,6,41591
강원특별자치도 강릉시,5115000000,202603,1,1,13815
강원특별자치도 강릉시,5115000000,202603,1,2,11049
강원특별자치도 강릉시,5115000000,202603,1,3,11077
강원특별자치도 강릉시,5115000000,202603,1,4,13554
강원특별자치도 강릉시,5115000000,202603,1,5,18463
강원특별자치도 강릉시,5115000000,202603,1,6,34077
강원특별자치도 강릉시,5115000000,202603,2,1,12660
강원특별자치도 강릉시,5115000000,202603,2,2,8937
강원특별자치도 강릉시,5115000000,202603,2,3,9525
강원특별자치도 강릉시,5115000000,202603,2,4,13201
강원특별자치도 강릉시,5115000000,202603,2,5,17793
강원특별자치도 강릉시,5115000000,202603,2,6,41740
강원특별자치도 강릉시,5115000000,202604,1,1,13785
강원특별자치도 강릉시,5115000000,202604,1,2,11036
강원특별자치도 강릉시,5115000000,202604,1,3,11089
강원특별자치도 강릉시,5115000000,202604,1,4,13518
강원특별자치도 강릉시,5115000000,202604,1,5,18452
강원특별자치도 강릉시,5115000000,202604,1,6,34153
강원특별자치도 강릉시,5115000000,202604,2,1,12624
강원특별자치도 강릉시,5115000000,202604,2,2,8913
강원특별자치도 강릉시,5115000000,202604,2,3,9527
강원특별자치도 강릉시,5115000000,202604,2,4,13136
강원특별자치도 강릉시,5115000000,202604,2,5,17777
강원특별자치도 강릉시,5115000000,202604,2,6,41839
강원특별자치도 강릉시,5115000000,202605,1,1,13740
강원특별자치도 강릉시,5115000000,202605,1,2,11041
강원특별자치도 강릉시,5115000000,202605,1,3,11099
강원특별자치도 강릉시,5115000000,202605,1,4,13489
강원특별자치도 강릉시,5115000000,202605,1,5,18436
강원특별자치도 강릉시,5115000000,202605,1,6,34215
강원특별자치도 강릉시,5115000000,202605,2,1,12597
강원특별자치도 강릉시,5115000000,202605,2,2,8884
강원특별자치도 강릉시,5115000000,202605,2,3,9532
강원특별자치도 강릉시,5115000000,202605,2,4,13107
강원특별자치도 강릉시,5115000000,202605,2,5,17752
강원특별자치도 강릉시,5115000000,202605,2,6,41898
강원특별자치도 강릉시,5115000000,202606,1,1,13692
강원특별자치도 강릉시,5115000000,202606,1,2,11004
강원특별자치도 강릉시,5115000000,202606,1,3,11101
강원특별자치도 강릉시,5115000000,202606,1,4,13475
강원특별자치도 강릉시,5115000000,202606,1,5,18427
강원특별자치도 강릉시,5115000000,202606,1,6,34264
강원특별자치도 강릉시,5115000000,202606,2,1,12589
강원특별자치도 강릉시,5115000000,202606,2,2,8805
강원특별자치도 강릉시,5115000000,202606,2,3,9554
강원특별자치도 강릉시,5115000000,202606,2,4,13089
강원특별자치도 강릉시,5115000000,202606,2,5,17736
강원특별자치도 강릉시,5115000000,202606,2,6,41930
강원특별자치도 고성군,5182000000,202601,1,1,1440
강원특별자치도 고성군,5182000000,202601,1,2,1331
강원특별자치도 고성군,5182000000,202601,1,3,1365
강원특별자치도 고성군,5182000000,202601,1,4,1475
강원특별자치도 고성군,5182000000,202601,1,5,2448
강원특별자치도 고성군,5182000000,202601,1,6,5673
강원특별자치도 고성군,5182000000,202601,2,1,1318
강원특별자치도 고성군,5182000000,202601,2,2,857
강원특별자치도 고성군,5182000000,202601,2,3,1011
강원특별자치도 고성군,5182000000,202601,2,4,1240
강원특별자치도 고성군,5182000000,202601,2,5,2035
강원특별자치도 고성군,5182000000,202601,2,6,6656
강원특별자치도 고성군,5182000000,202602,1,1,1457
강원특별자치도 고성군,5182000000,202602,1,2,1328
강원특별자치도 고성군,5182000000,202602,1,3,1372
강원특별자치도 고성군,5182000000,202602,1,4,1478
강원특별자치도 고성군,5182000000,202602,1,5,2452
강원특별자치도 고성군,5182000000,202602,1,6,5705
강원특별자치도 고성군,5182000000,202602,2,1,1309
강원특별자치도 고성군,5182000000,202602,2,2,853
강원특별자치도 고성군,5182000000,202602,2,3,1023
강원특별자치도 고성군,5182000000,202602,2,4,1249
강원특별자치도 고성군,5182000000,202602,2,5,2037
강원특별자치도 고성군,5182000000,202602,2,6,6679
강원특별자치도 고성군,5182000000,202603,1,1,1461
강원특별자치도 고성군,5182000000,202603,1,2,1308
강원특별자치도 고성군,5182000000,202603,1,3,1394
강원특별자치도 고성군,5182000000,202603,1,4,1496
강원특별자치도 고성군,5182000000,202603,1,5,2463
강원특별자치도 고성군,5182000000,202603,1,6,5734
강원특별자치도 고성군,5182000000,202603,2,1,1317
강원특별자치도 고성군,5182000000,202603,2,2,858
강원특별자치도 고성군,5182000000,202603,2,3,1043
강원특별자치도 고성군,5182000000,202603,2,4,1255
강원특별자치도 고성군,5182000000,202603,2,5,2035
강원특별자치도 고성군,5182000000,202603,2,6,6712
강원특별자치도 고성군,5182000000,202604,1,1,1475
강원특별자치도 고성군,5182000000,202604,1,2,1296
강원특별자치도 고성군,5182000000,202604,1,3,1412
강원특별자치도 고성군,5182000000,202604,1,4,1501
강원특별자치도 고성군,5182000000,202604,1,5,2463
강원특별자치도 고성군,5182000000,202604,1,6,5765
강원특별자치도 고성군,5182000000,202604,2,1,1323
강원특별자치도 고성군,5182000000,202604,2,2,862
강원특별자치도 고성군,5182000000,202604,2,3,1050
강원특별자치도 고성군,5182000000,202604,2,4,1262
강원특별자치도 고성군,5182000000,202604,2,5,2044
강원특별자치도 고성군,5182000000,202604,2,6,6719
강원특별자치도 고성군,5182000000,202605,1,1,1460
강원특별자치도 고성군,5182000000,202605,1,2,1305
강원특별자치도 고성군,5182000000,202605,1,3,1419
강원특별자치도 고성군,5182000000,202605,1,4,1502
강원특별자치도 고성군,5182000000,202605,1,5,2455
강원특별자치도 고성군,5182000000,202605,1,6,5781
강원특별자치도 고성군,5182000000,202605,2,1,1330
강원특별자치도 고성군,5182000000,202605,2,2,852
강원특별자치도 고성군,5182000000,202605,2,3,1061
강원특별자치도 고성군,5182000000,202605,2,4,1258
강원특별자치도 고성군,5182000000,202605,2,5,2036
강원특별자치도 고성군,5182000000,202605,2,6,6730
강원특별자치도 고성군,5182000000,202606,1,1,1469
강원특별자치도 고성군,5182000000,202606,1,2,1301
강원특별자치도 고성군,5182000000,202606,1,3,1422
강원특별자치도 고성군,5182000000,202606,1,4,1503
강원특별자치도 고성군,5182000000,202606,1,5,2450
강원특별자치도 고성군,5182000000,202606,1,6,5791
강원특별자치도 고성군,5182000000,202606,2,1,1329
강원특별자치도 고성군,5182000000,202606,2,2,847
강원특별자치도 고성군,5182000000,202606,2,3,1064
강원특별자치도 고성군,5182000000,202606,2,4,1269
강원특별자치도 고성군,5182000000,202606,2,5,2033
강원특별자치도 고성군,5182000000,202606,2,6,6726
강원특별자치도 동해시,5117000000,202601,1,1,6444
강원특별자치도 동해시,5117000000,202601,1,2,4464
강원특별자치도 동해시,5117000000,202601,1,3,4506
강원특별자치도 동해시,5117000000,202601,1,4,6056
강원특별자치도 동해시,5117000000,202601,1,5,8385
강원특별자치도 동해시,5117000000,202601,1,6,13921
강원특별자치도 동해시,5117000000,202601,2,1,6027
강원특별자치도 동해시,5117000000,202601,2,2,3112
강원특별자치도 동해시,5117000000,202601,2,3,3534
강원특별자치도 동해시,5117000000,202601,2,4,5797
강원특별자치도 동해시,5117000000,202601,2,5,7564
강원특별자치도 동해시,5117000000,202601,2,6,16415
강원특별자치도 동해시,5117000000,202602,1,1,6416
강원특별자치도 동해시,5117000000,202602,1,2,4440
강원특별자치도 동해시,5117000000,202602,1,3,4492
강원특별자치도 동해시,5117000000,202602,1,4,6049
강원특별자치도 동해시,5117000000,202602,1,5,8359
강원특별자치도 동해시,5117000000,202602,1,6,13924
강원특별자치도 동해시,5117000000,202602,2,1,5994
강원특별자치도 동해시,5117000000,202602,2,2,3085
강원특별자치도 동해시,5117000000,202602,2,3,3535
강원특별자치도 동해시,5117000000,202602,2,4,5766
강원특별자치도 동해시,5117000000,202602,2,5,7554
강원특별자치도 동해시,5117000000,202602,2,6,16448
강원특별자치도 동해시,5117000000,202603,1,1,6384
강원특별자치도 동해시,5117000000,202603,1,2,4372
강원특별자치도 동해시,5117000000,202603,1,3,4486
강원특별자치도 동해시,5117000000,202603,1,4,6011
강원특별자치도 동해시,5117000000,202603,1,5,8316
강원특별자치도 동해시,5117000000,202603,1,6,13981
강원특별자치도 동해시,5117000000,202603,2,1,5947
강원특별자치도 동해시,5117000000,202603,2,2,3045
강원특별자치도 동해시,5117000000,202603,2,3,3549
강원특별자치도 동해시,5117000000,202603,2,4,5745
강원특별자치도 동해시,5117000000,202603,2,5,7531
강원특별자치도 동해시,5117000000,202603,2,6,16508
강원특별자치도 동해시,5117000000,202604,1,1,6365
강원특별자치도 동해시,5117000000,202604,1,2,4331
강원특별자치도 동해시,5117000000,202604,1,3,4507
강원특별자치도 동해시,5117000000,202604,1,4,5967
강원특별자치도 동해시,5117000000,202604,1,5,8282
강원특별자치도 동해시,5117000000,202604,1,6,14010
강원특별자치도 동해시,5117000000,202604,2,1,5940
강원특별자치도 동해시,5117000000,202604,2,2,3037
강원특별자치도 동해시,5117000000,202604,2,3,3547
강원특별자치도 동해시,5117000000,202604,2,4,5724
강원특별자치도 동해시,5117000000,202604,2,5,7511
강원특별자치도 동해시,5117000000,202604,2,6,16537
강원특별자치도 동해시,5117000000,202605,1,1,6345
강원특별자치도 동해시,5117000000,202605,1,2,4274
강원특별자치도 동해시,5117000000,202605,1,3,4502
강원특별자치도 동해시,5117000000,202605,1,4,5954
강원특별자치도 동해시,5117000000,202605,1,5,8261
강원특별자치도 동해시,5117000000,202605,1,6,14023
강원특별자치도 동해시,5117000000,202605,2,1,5914
강원특별자치도 동해시,5117000000,202605,2,2,3001
강원특별자치도 동해시,5117000000,202605,2,3,3561
강원특별자치도 동해시,5117000000,202605,2,4,5696
강원특별자치도 동해시,5117000000,202605,2,5,7501
강원특별자치도 동해시,5117000000,202605,2,6,16576
강원특별자치도 동해시,5117000000,202606,1,1,6343
강원특별자치도 동해시,5117000000,202606,1,2,4263
강원특별자치도 동해시,5117000000,202606,1,3,4495
강원특별자치도 동해시,5117000000,202606,1,4,5972
강원특별자치도 동해시,5117000000,202606,1,5,8265
강원특별자치도 동해시,5117000000,202606,1,6,14024
강원특별자치도 동해시,5117000000,202606,2,1,5909
강원특별자치도 동해시,5117000000,202606,2,2,2980
강원특별자치도 동해시,5117000000,202606,2,3,3563
강원특별자치도 동해시,5117000000,202606,2,4,5689
강원특별자치도 동해시,5117000000,202606,2,5,7490
강원특별자치도 동해시,5117000000,202606,2,6,16596
강원특별자치도 삼척시,5123000000,202601,1,1,3702
강원특별자치도 삼척시,5123000000,202601,1,2,3317
강원특별자치도 삼척시,5123000000,202601,1,3,2555
강원특별자치도 삼척시,5123000000,202601,1,4,3644
강원특별자치도 삼척시,5123000000,202601,1,5,5901
강원특별자치도 삼척시,5123000000,202601,1,6,11667
강원특별자치도 삼척시,5123000000,202601,2,1,3462
강원특별자치도 삼척시,5123000000,202601,2,2,2440
강원특별자치도 삼척시,5123000000,202601,2,3,2100
강원특별자치도 삼척시,5123000000,202601,2,4,3185
강원특별자치도 삼척시,5123000000,202601,2,5,4623
강원특별자치도 삼척시,5123000000,202601,2,6,13711
강원특별자치도 삼척시,5123000000,202602,1,1,3681
강원특별자치도 삼척시,5123000000,202602,1,2,3278
강원특별자치도 삼척시,5123000000,202602,1,3,2531
강원특별자치도 삼척시,5123000000,202602,1,4,3628
강원특별자치도 삼척시,5123000000,202602,1,5,5893
강원특별자치도 삼척시,5123000000,202602,1,6,11703
강원특별자치도 삼척시,5123000000,202602,2,1,3431
강원특별자치도 삼척시,5123000000,202602,2,2,2384
강원특별자치도 삼척시,5123000000,202602,2,3,2084
강원특별자치도 삼척시,5123000000,202602,2,4,3171
강원특별자치도 삼척시,5123000000,202602,2,5,4616
강원특별자치도 삼척시,5123000000,202602,2,6,13735
강원특별자치도 삼척시,5123000000,202603,1,1,3807
강원특별자치도 삼척시,5123000000,202603,1,2,3358
강원특별자치도 삼척시,5123000000,202603,1,3,2531
강원특별자치도 삼척시,5123000000,202603,1,4,3619
강원특별자치도 삼척시,5123000000,202603,1,5,5853
강원특별자치도 삼척시,5123000000,202603,1,6,11756
강원특별자치도 삼척시,5123000000,202603,2,1,3555
강원특별자치도 삼척시,5123000000,202603,2,2,2379
강원특별자치도 삼척시,5123000000,202603,2,3,2078
강원특별자치도 삼척시,5123000000,202603,2,4,3138
강원특별자치도 삼척시,5123000000,202603,2,5,4600
강원특별자치도 삼척시,5123000000,202603,2,6,13776
강원특별자치도 삼척시,5123000000,202604,1,1,3797
강원특별자치도 삼척시,5123000000,202604,1,2,3365
강원특별자치도 삼척시,5123000000,202604,1,3,2540
강원특별자치도 삼척시,5123000000,202604,1,4,3608
강원특별자치도 삼척시,5123000000,202604,1,5,5873
강원특별자치도 삼척시,5123000000,202604,1,6,11775
강원특별자치도 삼척시,5123000000,202604,2,1,3527
강원특별자치도 삼척시,5123000000,202604,2,2,2394
강원특별자치도 삼척시,5123000000,202604,2,3,2075
강원특별자치도 삼척시,5123000000,202604,2,4,3128
강원특별자치도 삼척시,5123000000,202604,2,5,4592
강원특별자치도 삼척시,5123000000,202604,2,6,13787
강원특별자치도 삼척시,5123000000,202605,1,1,3772
강원특별자치도 삼척시,5123000000,202605,1,2,3372
강원특별자치도 삼척시,5123000000,202605,1,3,2539
강원특별자치도 삼척시,5123000000,202605,1,4,3604
강원특별자치도 삼척시,5123000000,202605,1,5,5861
강원특별자치도 삼척시,5123000000,202605,1,6,11792
강원특별자치도 삼척시,5123000000,202605,2,1,3497
강원특별자치도 삼척시,5123000000,202605,2,2,2387
강원특별자치도 삼척시,5123000000,202605,2,3,2079
강원특별자치도 삼척시,5123000000,202605,2,4,3130
강원특별자치도 삼척시,5123000000,202605,2,5,4584
강원특별자치도 삼척시,5123000000,202605,2,6,13791
강원특별자치도 삼척시,5123000000,202606,1,1,3737
강원특별자치도 삼척시,5123000000,202606,1,2,3357
강원특별자치도 삼척시,5123000000,202606,1,3,2523
강원특별자치도 삼척시,5123000000,202606,1,4,3594
강원특별자치도 삼척시,5123000000,202606,1,5,5840
강원특별자치도 삼척시,5123000000,202606,1,6,11821
강원특별자치도 삼척시,5123000000,202606,2,1,3483
강원특별자치도 삼척시,5123000000,202606,2,2,2378
강원특별자치도 삼척시,5123000000,202606,2,3,2085
강원특별자치도 삼척시,5123000000,202606,2,4,3124
강원특별자치도 삼척시,5123000000,202606,2,5,4568
강원특별자치도 삼척시,5123000000,202606,2,6,13784
강원특별자치도 속초시,5121000000,202601,1,1,5522
강원특별자치도 속초시,5121000000,202601,1,2,3811
강원특별자치도 속초시,5121000000,202601,1,3,4800
강원특별자치도 속초시,5121000000,202601,1,4,5425
강원특별자치도 속초시,5121000000,202601,1,5,7110
강원특별자치도 속초시,5121000000,202601,1,6,12697
강원특별자치도 속초시,5121000000,202601,2,1,5301
강원특별자치도 속초시,5121000000,202601,2,2,3035
강원특별자치도 속초시,5121000000,202601,2,3,3841
강원특별자치도 속초시,5121000000,202601,2,4,5293
강원특별자치도 속초시,5121000000,202601,2,5,7324
강원특별자치도 속초시,5121000000,202601,2,6,15427
강원특별자치도 속초시,5121000000,202602,1,1,5460
강원특별자치도 속초시,5121000000,202602,1,2,3765
강원특별자치도 속초시,5121000000,202602,1,3,4788
강원특별자치도 속초시,5121000000,202602,1,4,5384
강원특별자치도 속초시,5121000000,202602,1,5,7067
강원특별자치도 속초시,5121000000,202602,1,6,12729
강원특별자치도 속초시,5121000000,202602,2,1,5238
강원특별자치도 속초시,5121000000,202602,2,2,2999
강원특별자치도 속초시,5121000000,202602,2,3,3824
강원특별자치도 속초시,5121000000,202602,2,4,5248
강원특별자치도 속초시,5121000000,202602,2,5,7315
강원특별자치도 속초시,5121000000,202602,2,6,15435
강원특별자치도 속초시,5121000000,202603,1,1,5416
강원특별자치도 속초시,5121000000,202603,1,2,3717
강원특별자치도 속초시,5121000000,202603,1,3,4777
강원특별자치도 속초시,5121000000,202603,1,4,5366
강원특별자치도 속초시,5121000000,202603,1,5,7011
강원특별자치도 속초시,5121000000,202603,1,6,12780
강원특별자치도 속초시,5121000000,202603,2,1,5196
강원특별자치도 속초시,5121000000,202603,2,2,2945
강원특별자치도 속초시,5121000000,202603,2,3,3812
강원특별자치도 속초시,5121000000,202603,2,4,5213
강원특별자치도 속초시,5121000000,202603,2,5,7268
강원특별자치도 속초시,5121000000,202603,2,6,15481
강원특별자치도 속초시,5121000000,202604,1,1,5403
강원특별자치도 속초시,5121000000,202604,1,2,3689
강원특별자치도 속초시,5121000000,202604,1,3,4762
강원특별자치도 속초시,5121000000,202604,1,4,5338
강원특별자치도 속초시,5121000000,202604,1,5,6991
강원특별자치도 속초시,5121000000,202604,1,6,12807
강원특별자치도 속초시,5121000000,202604,2,1,5177
강원특별자치도 속초시,5121000000,202604,2,2,2916
강원특별자치도 속초시,5121000000,202604,2,3,3818
강원특별자치도 속초시,5121000000,202604,2,4,5190
강원특별자치도 속초시,5121000000,202604,2,5,7247
강원특별자치도 속초시,5121000000,202604,2,6,15504
강원특별자치도 속초시,5121000000,202605,1,1,5395
강원특별자치도 속초시,5121000000,202605,1,2,3626
강원특별자치도 속초시,5121000000,202605,1,3,4765
강원특별자치도 속초시,5121000000,202605,1,4,5329
강원특별자치도 속초시,5121000000,202605,1,5,6984
강원특별자치도 속초시,5121000000,202605,1,6,12852
강원특별자치도 속초시,5121000000,202605,2,1,5156
강원특별자치도 속초시,5121000000,202605,2,2,2912
강원특별자치도 속초시,5121000000,202605,2,3,3821
강원특별자치도 속초시,5121000000,202605,2,4,5194
강원특별자치도 속초시,5121000000,202605,2,5,7231
강원특별자치도 속초시,5121000000,202605,2,6,15540
강원특별자치도 속초시,5121000000,202606,1,1,5384
강원특별자치도 속초시,5121000000,202606,1,2,3627
강원특별자치도 속초시,5121000000,202606,1,3,4770
강원특별자치도 속초시,5121000000,202606,1,4,5325
강원특별자치도 속초시,5121000000,202606,1,5,6968
강원특별자치도 속초시,5121000000,202606,1,6,12902
강원특별자치도 속초시,5121000000,202606,2,1,5156
강원특별자치도 속초시,5121000000,202606,2,2,2920
강원특별자치도 속초시,5121000000,202606,2,3,3827
강원특별자치도 속초시,5121000000,202606,2,4,5202
강원특별자치도 속초시,5121000000,202606,2,5,7233
강원특별자치도 속초시,5121000000,202606,2,6,15579
강원특별자치도 양구군,5180000000,202601,1,1,1540
강원특별자치도 양구군,5180000000,202601,1,2,1357
강원특별자치도 양구군,5180000000,202601,1,3,1255
강원특별자치도 양구군,5180000000,202601,1,4,1184
강원특별자치도 양구군,5180000000,202601,1,5,1626
강원특별자치도 양구군,5180000000,202601,1,6,3735
강원특별자치도 양구군,5180000000,202601,2,1,1483
강원특별자치도 양구군,5180000000,202601,2,2,763
강원특별자치도 양구군,5180000000,202601,2,3,929
강원특별자치도 양구군,5180000000,202601,2,4,1067
강원특별자치도 양구군,5180000000,202601,2,5,1397
강원특별자치도 양구군,5180000000,202601,2,6,4037
강원특별자치도 양구군,5180000000,202602,1,1,1539
강원특별자치도 양구군,5180000000,202602,1,2,1352
강원특별자치도 양구군,5180000000,202602,1,3,1250
강원특별자치도 양구군,5180000000,202602,1,4,1170
강원특별자치도 양구군,5180000000,202602,1,5,1629
강원특별자치도 양구군,5180000000,202602,1,6,3740
강원특별자치도 양구군,5180000000,202602,2,1,1524
강원특별자치도 양구군,5180000000,202602,2,2,756
강원특별자치도 양구군,5180000000,202602,2,3,916
강원특별자치도 양구군,5180000000,202602,2,4,1062
강원특별자치도 양구군,5180000000,202602,2,5,1391
강원특별자치도 양구군,5180000000,202602,2,6,4053
강원특별자치도 양구군,5180000000,202603,1,1,1542
강원특별자치도 양구군,5180000000,202603,1,2,1332
강원특별자치도 양구군,5180000000,202603,1,3,1257
강원특별자치도 양구군,5180000000,202603,1,4,1174
강원특별자치도 양구군,5180000000,202603,1,5,1630
강원특별자치도 양구군,5180000000,202603,1,6,3755
강원특별자치도 양구군,5180000000,202603,2,1,1512
강원특별자치도 양구군,5180000000,202603,2,2,750
강원특별자치도 양구군,5180000000,202603,2,3,917
강원특별자치도 양구군,5180000000,202603,2,4,1064
강원특별자치도 양구군,5180000000,202603,2,5,1383
강원특별자치도 양구군,5180000000,202603,2,6,4052
강원특별자치도 양구군,5180000000,202604,1,1,1531
강원특별자치도 양구군,5180000000,202604,1,2,1334
강원특별자치도 양구군,5180000000,202604,1,3,1253
강원특별자치도 양구군,5180000000,202604,1,4,1170
강원특별자치도 양구군,5180000000,202604,1,5,1629
강원특별자치도 양구군,5180000000,202604,1,6,3770
강원특별자치도 양구군,5180000000,202604,2,1,1503
강원특별자치도 양구군,5180000000,202604,2,2,753
강원특별자치도 양구군,5180000000,202604,2,3,909
강원특별자치도 양구군,5180000000,202604,2,4,1064
강원특별자치도 양구군,5180000000,202604,2,5,1382
강원특별자치도 양구군,5180000000,202604,2,6,4051
강원특별자치도 양구군,5180000000,202605,1,1,1530
강원특별자치도 양구군,5180000000,202605,1,2,1324
강원특별자치도 양구군,5180000000,202605,1,3,1271
강원특별자치도 양구군,5180000000,202605,1,4,1172
강원특별자치도 양구군,5180000000,202605,1,5,1630
강원특별자치도 양구군,5180000000,202605,1,6,3776
강원특별자치도 양구군,5180000000,202605,2,1,1497
강원특별자치도 양구군,5180000000,202605,2,2,741
강원특별자치도 양구군,5180000000,202605,2,3,916
강원특별자치도 양구군,5180000000,202605,2,4,1069
강원특별자치도 양구군,5180000000,202605,2,5,1383
강원특별자치도 양구군,5180000000,202605,2,6,4049
강원특별자치도 양구군,5180000000,202606,1,1,1523
강원특별자치도 양구군,5180000000,202606,1,2,1343
강원특별자치도 양구군,5180000000,202606,1,3,1274
강원특별자치도 양구군,5180000000,202606,1,4,1169
강원특별자치도 양구군,5180000000,202606,1,5,1633
강원특별자치도 양구군,5180000000,202606,1,6,3776
강원특별자치도 양구군,5180000000,202606,2,1,1492
강원특별자치도 양구군,5180000000,202606,2,2,744
강원특별자치도 양구군,5180000000,202606,2,3,916
강원특별자치도 양구군,5180000000,202606,2,4,1074
강원특별자치도 양구군,5180000000,202606,2,5,1379
강원특별자치도 양구군,5180000000,202606,2,6,4049
강원특별자치도 양양군,5183000000,202601,1,1,1446
강원특별자치도 양양군,5183000000,202601,1,2,1108
강원특별자치도 양양군,5183000000,202601,1,3,1134
강원특별자치도 양양군,5183000000,202601,1,4,1703
강원특별자치도 양양군,5183000000,202601,1,5,2516
강원특별자치도 양양군,5183000000,202601,1,6,6078
강원특별자치도 양양군,5183000000,202601,2,1,1308
강원특별자치도 양양군,5183000000,202601,2,2,739
강원특별자치도 양양군,5183000000,202601,2,3,902
강원특별자치도 양양군,5183000000,202601,2,4,1419
강원특별자치도 양양군,5183000000,202601,2,5,2130
강원특별자치도 양양군,5183000000,202601,2,6,6866
강원특별자치도 양양군,5183000000,202602,1,1,1468
강원특별자치도 양양군,5183000000,202602,1,2,1091
강원특별자치도 양양군,5183000000,202602,1,3,1125
강원특별자치도 양양군,5183000000,202602,1,4,1698
강원특별자치도 양양군,5183000000,202602,1,5,2514
강원특별자치도 양양군,5183000000,202602,1,6,6094
강원특별자치도 양양군,5183000000,202602,2,1,1305
강원특별자치도 양양군,5183000000,202602,2,2,737
강원특별자치도 양양군,5183000000,202602,2,3,914
강원특별자치도 양양군,5183000000,202602,2,4,1434
강원특별자치도 양양군,5183000000,202602,2,5,2122
강원특별자치도 양양군,5183000000,202602,2,6,6888
강원특별자치도 양양군,5183000000,202603,1,1,1468
강원특별자치도 양양군,5183000000,202603,1,2,1073
강원특별자치도 양양군,5183000000,202603,1,3,1117
강원특별자치도 양양군,5183000000,202603,1,4,1709
강원특별자치도 양양군,5183000000,202603,1,5,2501
강원특별자치도 양양군,5183000000,202603,1,6,6105
강원특별자치도 양양군,5183000000,202603,2,1,1301
강원특별자치도 양양군,5183000000,202603,2,2,730
강원특별자치도 양양군,5183000000,202603,2,3,909
강원특별자치도 양양군,5183000000,202603,2,4,1436
강원특별자치도 양양군,5183000000,202603,2,5,2102
강원특별자치도 양양군,5183000000,202603,2,6,6913
강원특별자치도 양양군,5183000000,202604,1,1,1470
강원특별자치도 양양군,5183000000,202604,1,2,1074
강원특별자치도 양양군,5183000000,202604,1,3,1115
강원특별자치도 양양군,5183000000,202604,1,4,1703
강원특별자치도 양양군,5183000000,202604,1,5,2513
강원특별자치도 양양군,5183000000,202604,1,6,6131
강원특별자치도 양양군,5183000000,202604,2,1,1304
강원특별자치도 양양군,5183000000,202604,2,2,721
강원특별자치도 양양군,5183000000,202604,2,3,916
강원특별자치도 양양군,5183000000,202604,2,4,1433
강원특별자치도 양양군,5183000000,202604,2,5,2103
강원특별자치도 양양군,5183000000,202604,2,6,6923
강원특별자치도 양양군,5183000000,202605,1,1,1466
강원특별자치도 양양군,5183000000,202605,1,2,1076
강원특별자치도 양양군,5183000000,202605,1,3,1112
강원특별자치도 양양군,5183000000,202605,1,4,1683
강원특별자치도 양양군,5183000000,202605,1,5,2526
강원특별자치도 양양군,5183000000,202605,1,6,6135
강원특별자치도 양양군,5183000000,202605,2,1,1298
강원특별자치도 양양군,5183000000,202605,2,2,732
강원특별자치도 양양군,5183000000,202605,2,3,923
강원특별자치도 양양군,5183000000,202605,2,4,1421
강원특별자치도 양양군,5183000000,202605,2,5,2106
강원특별자치도 양양군,5183000000,202605,2,6,6939
강원특별자치도 양양군,5183000000,202606,1,1,1463
강원특별자치도 양양군,5183000000,202606,1,2,1068
강원특별자치도 양양군,5183000000,202606,1,3,1113
강원특별자치도 양양군,5183000000,202606,1,4,1668
강원특별자치도 양양군,5183000000,202606,1,5,2512
강원특별자치도 양양군,5183000000,202606,1,6,6140
강원특별자치도 양양군,5183000000,202606,2,1,1286
강원특별자치도 양양군,5183000000,202606,2,2,721
강원특별자치도 양양군,5183000000,202606,2,3,927
강원특별자치도 양양군,5183000000,202606,2,4,1413
강원특별자치도 양양군,5183000000,202606,2,5,2068
강원특별자치도 양양군,5183000000,202606,2,6,6947
강원특별자치도 영월군,5175000000,202601,1,1,1953
강원특별자치도 영월군,5175000000,202601,1,2,1392
강원특별자치도 영월군,5175000000,202601,1,3,1241
강원특별자치도 영월군,5175000000,202601,1,4,1892
강원특별자치도 영월군,5175000000,202601,1,5,3447
강원특별자치도 영월군,5175000000,202601,1,6,8743
강원특별자치도 영월군,5175000000,202601,2,1,1629
강원특별자치도 영월군,5175000000,202601,2,2,981
강원특별자치도 영월군,5175000000,202601,2,3,1016
강원특별자치도 영월군,5175000000,202601,2,4,1687
강원특별자치도 영월군,5175000000,202601,2,5,2833
강원특별자치도 영월군,5175000000,202601,2,6,9183
강원특별자치도 영월군,5175000000,202602,1,1,1953
강원특별자치도 영월군,5175000000,202602,1,2,1365
강원특별자치도 영월군,5175000000,202602,1,3,1227
강원특별자치도 영월군,5175000000,202602,1,4,1885
강원특별자치도 영월군,5175000000,202602,1,5,3432
강원특별자치도 영월군,5175000000,202602,1,6,8771
강원특별자치도 영월군,5175000000,202602,2,1,1619
강원특별자치도 영월군,5175000000,202602,2,2,962
강원특별자치도 영월군,5175000000,202602,2,3,1003
강원특별자치도 영월군,5175000000,202602,2,4,1681
강원특별자치도 영월군,5175000000,202602,2,5,2819
강원특별자치도 영월군,5175000000,202602,2,6,9200
강원특별자치도 영월군,5175000000,202603,1,1,1970
강원특별자치도 영월군,5175000000,202603,1,2,1349
강원특별자치도 영월군,5175000000,202603,1,3,1217
강원특별자치도 영월군,5175000000,202603,1,4,1874
강원특별자치도 영월군,5175000000,202603,1,5,3397
강원특별자치도 영월군,5175000000,202603,1,6,8808
강원특별자치도 영월군,5175000000,202603,2,1,1626
강원특별자치도 영월군,5175000000,202603,2,2,950
강원특별자치도 영월군,5175000000,202603,2,3,998
강원특별자치도 영월군,5175000000,202603,2,4,1663
강원특별자치도 영월군,5175000000,202603,2,5,2792
강원특별자치도 영월군,5175000000,202603,2,6,9224
강원특별자치도 영월군,5175000000,202604,1,1,1960
강원특별자치도 영월군,5175000000,202604,1,2,1352
강원특별자치도 영월군,5175000000,202604,1,3,1222
강원특별자치도 영월군,5175000000,202604,1,4,1866
강원특별자치도 영월군,5175000000,202604,1,5,3377
강원특별자치도 영월군,5175000000,202604,1,6,8823
강원특별자치도 영월군,5175000000,202604,2,1,1613
강원특별자치도 영월군,5175000000,202604,2,2,945
강원특별자치도 영월군,5175000000,202604,2,3,1003
강원특별자치도 영월군,5175000000,202604,2,4,1657
강원특별자치도 영월군,5175000000,202604,2,5,2786
강원특별자치도 영월군,5175000000,202604,2,6,9232
강원특별자치도 영월군,5175000000,202605,1,1,1944
강원특별자치도 영월군,5175000000,202605,1,2,1334
강원특별자치도 영월군,5175000000,202605,1,3,1212
강원특별자치도 영월군,5175000000,202605,1,4,1864
강원특별자치도 영월군,5175000000,202605,1,5,3345
강원특별자치도 영월군,5175000000,202605,1,6,8845
강원특별자치도 영월군,5175000000,202605,2,1,1611
강원특별자치도 영월군,5175000000,202605,2,2,935
강원특별자치도 영월군,5175000000,202605,2,3,989
강원특별자치도 영월군,5175000000,202605,2,4,1660
강원특별자치도 영월군,5175000000,202605,2,5,2777
강원특별자치도 영월군,5175000000,202605,2,6,9241
강원특별자치도 영월군,5175000000,202606,1,1,1935
강원특별자치도 영월군,5175000000,202606,1,2,1329
강원특별자치도 영월군,5175000000,202606,1,3,1215
강원특별자치도 영월군,5175000000,202606,1,4,1847
강원특별자치도 영월군,5175000000,202606,1,5,3333
강원특별자치도 영월군,5175000000,202606,1,6,8851
강원특별자치도 영월군,5175000000,202606,2,1,1602
강원특별자치도 영월군,5175000000,202606,2,2,938
강원특별자치도 영월군,5175000000,202606,2,3,996
강원특별자치도 영월군,5175000000,202606,2,4,1655
강원특별자치도 영월군,5175000000,202606,2,5,2760
강원특별자치도 영월군,5175000000,202606,2,6,9253
강원특별자치도 원주시,5113000000,202601,1,1,29623
강원특별자치도 원주시,5113000000,202601,1,2,20579
강원특별자치도 원주시,5113000000,202601,1,3,24310
강원특별자치도 원주시,5113000000,202601,1,4,26684
강원특별자치도 원주시,5113000000,202601,1,5,30765
강원특별자치도 원주시,5113000000,202601,1,6,48085
강원특별자치도 원주시,5113000000,202601,2,1,28416
강원특별자치도 원주시,5113000000,202601,2,2,17878
강원특별자치도 원주시,5113000000,202601,2,3,22757
강원특별자치도 원주시,5113000000,202601,2,4,26931
강원특별자치도 원주시,5113000000,202601,2,5,31633
강원특별자치도 원주시,5113000000,202601,2,6,55835
강원특별자치도 원주시,5113000000,202602,1,1,29594
강원특별자치도 원주시,5113000000,202602,1,2,20499
강원특별자치도 원주시,5113000000,202602,1,3,24283
강원특별자치도 원주시,5113000000,202602,1,4,26689
강원특별자치도 원주시,5113000000,202602,1,5,30720
강원특별자치도 원주시,5113000000,202602,1,6,48340
강원특별자치도 원주시,5113000000,202602,2,1,28373
강원특별자치도 원주시,5113000000,202602,2,2,17813
강원특별자치도 원주시,5113000000,202602,2,3,22774
강원특별자치도 원주시,5113000000,202602,2,4,26942
강원특별자치도 원주시,5113000000,202602,2,5,31600
강원특별자치도 원주시,5113000000,202602,2,6,56042
강원특별자치도 원주시,5113000000,202603,1,1,29518
강원특별자치도 원주시,5113000000,202603,1,2,20453
강원특별자치도 원주시,5113000000,202603,1,3,24401
강원특별자치도 원주시,5113000000,202603,1,4,26617
강원특별자치도 원주시,5113000000,202603,1,5,30612
강원특별자치도 원주시,5113000000,202603,1,6,48618
강원특별자치도 원주시,5113000000,202603,2,1,28342
강원특별자치도 원주시,5113000000,202603,2,2,17753
강원특별자치도 원주시,5113000000,202603,2,3,22884
강원특별자치도 원주시,5113000000,202603,2,4,26794
강원특별자치도 원주시,5113000000,202603,2,5,31545
강원특별자치도 원주시,5113000000,202603,2,6,56363
강원특별자치도 원주시,5113000000,202604,1,1,29497
강원특별자치도 원주시,5113000000,202604,1,2,20450
강원특별자치도 원주시,5113000000,202604,1,3,24478
강원특별자치도 원주시,5113000000,202604,1,4,26509
강원특별자치도 원주시,5113000000,202604,1,5,30626
강원특별자치도 원주시,5113000000,202604,1,6,48843
강원특별자치도 원주시,5113000000,202604,2,1,28331
강원특별자치도 원주시,5113000000,202604,2,2,17762
강원특별자치도 원주시,5113000000,202604,2,3,22880
강원특별자치도 원주시,5113000000,202604,2,4,26750
강원특별자치도 원주시,5113000000,202604,2,5,31574
강원특별자치도 원주시,5113000000,202604,2,6,56586
강원특별자치도 원주시,5113000000,202605,1,1,29494
강원특별자치도 원주시,5113000000,202605,1,2,20476
강원특별자치도 원주시,5113000000,202605,1,3,24523
강원특별자치도 원주시,5113000000,202605,1,4,26467
강원특별자치도 원주시,5113000000,202605,1,5,30647
강원특별자치도 원주시,5113000000,202605,1,6,48995
강원특별자치도 원주시,5113000000,202605,2,1,28314
강원특별자치도 원주시,5113000000,202605,2,2,17715
강원특별자치도 원주시,5113000000,202605,2,3,22896
강원특별자치도 원주시,5113000000,202605,2,4,26720
강원특별자치도 원주시,5113000000,202605,2,5,31558
강원특별자치도 원주시,5113000000,202605,2,6,56765
강원특별자치도 원주시,5113000000,202606,1,1,29480
강원특별자치도 원주시,5113000000,202606,1,2,20414
강원특별자치도 원주시,5113000000,202606,1,3,24549
강원특별자치도 원주시,5113000000,202606,1,4,26488
강원특별자치도 원주시,5113000000,202606,1,5,30595
강원특별자치도 원주시,5113000000,202606,1,6,49166
강원특별자치도 원주시,5113000000,202606,2,1,28308
강원특별자치도 원주시,5113000000,202606,2,2,17719
강원특별자치도 원주시,5113000000,202606,2,3,22930
강원특별자치도 원주시,5113000000,202606,2,4,26742
강원특별자치도 원주시,5113000000,202606,2,5,31518
강원특별자치도 원주시,5113000000,202606,2,6,56902
강원특별자치도 인제군,5181000000,202601,1,1,2104
강원특별자치도 인제군,5181000000,202601,1,2,2268
강원특별자치도 인제군,5181000000,202601,1,3,2240
강원특별자치도 인제군,5181000000,202601,1,4,2017
강원특별자치도 인제군,5181000000,202601,1,5,2578
강원특별자치도 인제군,5181000000,202601,1,6,5663
강원특별자치도 인제군,5181000000,202601,2,1,1902
강원특별자치도 인제군,5181000000,202601,2,2,1092
강원특별자치도 인제군,5181000000,202601,2,3,1490
강원특별자치도 인제군,5181000000,202601,2,4,1629
강원특별자치도 인제군,5181000000,202601,2,5,2020
강원특별자치도 인제군,5181000000,202601,2,6,5811
강원특별자치도 인제군,5181000000,202602,1,1,2098
강원특별자치도 인제군,5181000000,202602,1,2,2251
강원특별자치도 인제군,5181000000,202602,1,3,2237
강원특별자치도 인제군,5181000000,202602,1,4,2006
강원특별자치도 인제군,5181000000,202602,1,5,2572
강원특별자치도 인제군,5181000000,202602,1,6,5684
강원특별자치도 인제군,5181000000,202602,2,1,1877
강원특별자치도 인제군,5181000000,202602,2,2,1076
강원특별자치도 인제군,5181000000,202602,2,3,1475
강원특별자치도 인제군,5181000000,202602,2,4,1637
강원특별자치도 인제군,5181000000,202602,2,5,2015
강원특별자치도 인제군,5181000000,202602,2,6,5814
강원특별자치도 인제군,5181000000,202603,1,1,2098
강원특별자치도 인제군,5181000000,202603,1,2,2222
강원특별자치도 인제군,5181000000,202603,1,3,2262
강원특별자치도 인제군,5181000000,202603,1,4,1973
강원특별자치도 인제군,5181000000,202603,1,5,2581
강원특별자치도 인제군,5181000000,202603,1,6,5713
강원특별자치도 인제군,5181000000,202603,2,1,1868
강원특별자치도 인제군,5181000000,202603,2,2,1070
강원특별자치도 인제군,5181000000,202603,2,3,1480
강원특별자치도 인제군,5181000000,202603,2,4,1639
강원특별자치도 인제군,5181000000,202603,2,5,2015
강원특별자치도 인제군,5181000000,202603,2,6,5839
강원특별자치도 인제군,5181000000,202604,1,1,2102
강원특별자치도 인제군,5181000000,202604,1,2,2219
강원특별자치도 인제군,5181000000,202604,1,3,2265
강원특별자치도 인제군,5181000000,202604,1,4,1962
강원특별자치도 인제군,5181000000,202604,1,5,2588
강원특별자치도 인제군,5181000000,202604,1,6,5711
강원특별자치도 인제군,5181000000,202604,2,1,1880
강원특별자치도 인제군,5181000000,202604,2,2,1067
강원특별자치도 인제군,5181000000,202604,2,3,1478
강원특별자치도 인제군,5181000000,202604,2,4,1642
강원특별자치도 인제군,5181000000,202604,2,5,2007
강원특별자치도 인제군,5181000000,202604,2,6,5852
강원특별자치도 인제군,5181000000,202605,1,1,2102
강원특별자치도 인제군,5181000000,202605,1,2,2209
강원특별자치도 인제군,5181000000,202605,1,3,2273
강원특별자치도 인제군,5181000000,202605,1,4,1963
강원특별자치도 인제군,5181000000,202605,1,5,2575
강원특별자치도 인제군,5181000000,202605,1,6,5724
강원특별자치도 인제군,5181000000,202605,2,1,1881
강원특별자치도 인제군,5181000000,202605,2,2,1067
강원특별자치도 인제군,5181000000,202605,2,3,1463
강원특별자치도 인제군,5181000000,202605,2,4,1637
강원특별자치도 인제군,5181000000,202605,2,5,1993
강원특별자치도 인제군,5181000000,202605,2,6,5865
강원특별자치도 인제군,5181000000,202606,1,1,2104
강원특별자치도 인제군,5181000000,202606,1,2,2203
강원특별자치도 인제군,5181000000,202606,1,3,2283
강원특별자치도 인제군,5181000000,202606,1,4,1974
강원특별자치도 인제군,5181000000,202606,1,5,2579
강원특별자치도 인제군,5181000000,202606,1,6,5732
강원특별자치도 인제군,5181000000,202606,2,1,1885
강원특별자치도 인제군,5181000000,202606,2,2,1077
강원특별자치도 인제군,5181000000,202606,2,3,1462
강원특별자치도 인제군,5181000000,202606,2,4,1635
강원특별자치도 인제군,5181000000,202606,2,5,1977
강원특별자치도 인제군,5181000000,202606,2,6,5860
강원특별자치도 정선군,5177000000,202601,1,1,1611
강원특별자치도 정선군,5177000000,202601,1,2,1341
강원특별자치도 정선군,5177000000,202601,1,3,1319
강원특별자치도 정선군,5177000000,202601,1,4,2269
강원특별자치도 정선군,5177000000,202601,1,5,3819
강원특별자치도 정선군,5177000000,202601,1,6,8005
강원특별자치도 정선군,5177000000,202601,2,1,1573
강원특별자치도 정선군,5177000000,202601,2,2,1021
강원특별자치도 정선군,5177000000,202601,2,3,978
강원특별자치도 정선군,5177000000,202601,2,4,1697
강원특별자치도 정선군,5177000000,202601,2,5,2798
강원특별자치도 정선군,5177000000,202601,2,6,8551
강원특별자치도 정선군,5177000000,202602,1,1,1589
강원특별자치도 정선군,5177000000,202602,1,2,1341
강원특별자치도 정선군,5177000000,202602,1,3,1320
강원특별자치도 정선군,5177000000,202602,1,4,2263
강원특별자치도 정선군,5177000000,202602,1,5,3833
강원특별자치도 정선군,5177000000,202602,1,6,8030
강원특별자치도 정선군,5177000000,202602,2,1,1565
강원특별자치도 정선군,5177000000,202602,2,2,1019
강원특별자치도 정선군,5177000000,202602,2,3,978
강원특별자치도 정선군,5177000000,202602,2,4,1683
강원특별자치도 정선군,5177000000,202602,2,5,2814
강원특별자치도 정선군,5177000000,202602,2,6,8566
강원특별자치도 정선군,5177000000,202603,1,1,1587
강원특별자치도 정선군,5177000000,202603,1,2,1336
강원특별자치도 정선군,5177000000,202603,1,3,1328
강원특별자치도 정선군,5177000000,202603,1,4,2250
강원특별자치도 정선군,5177000000,202603,1,5,3828
강원특별자치도 정선군,5177000000,202603,1,6,8079
강원특별자치도 정선군,5177000000,202603,2,1,1556
강원특별자치도 정선군,5177000000,202603,2,2,1028
강원특별자치도 정선군,5177000000,202603,2,3,972
강원특별자치도 정선군,5177000000,202603,2,4,1672
강원특별자치도 정선군,5177000000,202603,2,5,2813
강원특별자치도 정선군,5177000000,202603,2,6,8604
강원특별자치도 정선군,5177000000,202604,1,1,1576
강원특별자치도 정선군,5177000000,202604,1,2,1334
강원특별자치도 정선군,5177000000,202604,1,3,1336
강원특별자치도 정선군,5177000000,202604,1,4,2239
강원특별자치도 정선군,5177000000,202604,1,5,3822
강원특별자치도 정선군,5177000000,202604,1,6,8122
강원특별자치도 정선군,5177000000,202604,2,1,1544
강원특별자치도 정선군,5177000000,202604,2,2,1029
강원특별자치도 정선군,5177000000,202604,2,3,969
강원특별자치도 정선군,5177000000,202604,2,4,1669
강원특별자치도 정선군,5177000000,202604,2,5,2800
강원특별자치도 정선군,5177000000,202604,2,6,8633
강원특별자치도 정선군,5177000000,202605,1,1,1571
강원특별자치도 정선군,5177000000,202605,1,2,1333
강원특별자치도 정선군,5177000000,202605,1,3,1339
강원특별자치도 정선군,5177000000,202605,1,4,2236
강원특별자치도 정선군,5177000000,202605,1,5,3830
강원특별자치도 정선군,5177000000,202605,1,6,8160
강원특별자치도 정선군,5177000000,202605,2,1,1534
강원특별자치도 정선군,5177000000,202605,2,2,1043
강원특별자치도 정선군,5177000000,202605,2,3,962
강원특별자치도 정선군,5177000000,202605,2,4,1669
강원특별자치도 정선군,5177000000,202605,2,5,2802
강원특별자치도 정선군,5177000000,202605,2,6,8634
강원특별자치도 정선군,5177000000,202606,1,1,1562
강원특별자치도 정선군,5177000000,202606,1,2,1332
강원특별자치도 정선군,5177000000,202606,1,3,1331
강원특별자치도 정선군,5177000000,202606,1,4,2232
강원특별자치도 정선군,5177000000,202606,1,5,3826
강원특별자치도 정선군,5177000000,202606,1,6,8196
강원특별자치도 정선군,5177000000,202606,2,1,1524
강원특별자치도 정선군,5177000000,202606,2,2,1046
강원특별자치도 정선군,5177000000,202606,2,3,965
강원특별자치도 정선군,5177000000,202606,2,4,1672
강원특별자치도 정선군,5177000000,202606,2,5,2806
강원특별자치도 정선군,5177000000,202606,2,6,8636
강원특별자치도 철원군,5178000000,202601,1,1,2709
강원특별자치도 철원군,5178000000,202601,1,2,2548
강원특별자치도 철원군,5178000000,202601,1,3,2373
강원특별자치도 철원군,5178000000,202601,1,4,2317
강원특별자치도 철원군,5178000000,202601,1,5,3381
강원특별자치도 철원군,5178000000,202601,1,6,7280
강원특별자치도 철원군,5178000000,202601,2,1,2596
강원특별자치도 철원군,5178000000,202601,2,2,1470
강원특별자치도 철원군,5178000000,202601,2,3,1752
강원특별자치도 철원군,5178000000,202601,2,4,2121
강원특별자치도 철원군,5178000000,202601,2,5,2944
강원특별자치도 철원군,5178000000,202601,2,6,8462
강원특별자치도 철원군,5178000000,202602,1,1,2684
강원특별자치도 철원군,5178000000,202602,1,2,2548
강원특별자치도 철원군,5178000000,202602,1,3,2359
강원특별자치도 철원군,5178000000,202602,1,4,2302
강원특별자치도 철원군,5178000000,202602,1,5,3359
강원특별자치도 철원군,5178000000,202602,1,6,7306
강원특별자치도 철원군,5178000000,202602,2,1,2568
강원특별자치도 철원군,5178000000,202602,2,2,1452
강원특별자치도 철원군,5178000000,202602,2,3,1737
강원특별자치도 철원군,5178000000,202602,2,4,2098
강원특별자치도 철원군,5178000000,202602,2,5,2926
강원특별자치도 철원군,5178000000,202602,2,6,8479
강원특별자치도 철원군,5178000000,202603,1,1,2687
강원특별자치도 철원군,5178000000,202603,1,2,2517
강원특별자치도 철원군,5178000000,202603,1,3,2378
강원특별자치도 철원군,5178000000,202603,1,4,2295
강원특별자치도 철원군,5178000000,202603,1,5,3337
강원특별자치도 철원군,5178000000,202603,1,6,7349
강원특별자치도 철원군,5178000000,202603,2,1,2549
강원특별자치도 철원군,5178000000,202603,2,2,1447
강원특별자치도 철원군,5178000000,202603,2,3,1733
강원특별자치도 철원군,5178000000,202603,2,4,2107
강원특별자치도 철원군,5178000000,202603,2,5,2891
강원특별자치도 철원군,5178000000,202603,2,6,8512
강원특별자치도 철원군,5178000000,202604,1,1,2683
강원특별자치도 철원군,5178000000,202604,1,2,2503
강원특별자치도 철원군,5178000000,202604,1,3,2371
강원특별자치도 철원군,5178000000,202604,1,4,2292
강원특별자치도 철원군,5178000000,202604,1,5,3318
강원특별자치도 철원군,5178000000,202604,1,6,7370
강원특별자치도 철원군,5178000000,202604,2,1,2539
강원특별자치도 철원군,5178000000,202604,2,2,1461
강원특별자치도 철원군,5178000000,202604,2,3,1727
강원특별자치도 철원군,5178000000,202604,2,4,2111
강원특별자치도 철원군,5178000000,202604,2,5,2874
강원특별자치도 철원군,5178000000,202604,2,6,8530
강원특별자치도 철원군,5178000000,202605,1,1,2677
강원특별자치도 철원군,5178000000,202605,1,2,2489
강원특별자치도 철원군,5178000000,202605,1,3,2383
강원특별자치도 철원군,5178000000,202605,1,4,2282
강원특별자치도 철원군,5178000000,202605,1,5,3301
강원특별자치도 철원군,5178000000,202605,1,6,7380
강원특별자치도 철원군,5178000000,202605,2,1,2527
강원특별자치도 철원군,5178000000,202605,2,2,1457
강원특별자치도 철원군,5178000000,202605,2,3,1715
강원특별자치도 철원군,5178000000,202605,2,4,2100
강원특별자치도 철원군,5178000000,202605,2,5,2876
강원특별자치도 철원군,5178000000,202605,2,6,8540
강원특별자치도 철원군,5178000000,202606,1,1,2664
강원특별자치도 철원군,5178000000,202606,1,2,2487
강원특별자치도 철원군,5178000000,202606,1,3,2394
강원특별자치도 철원군,5178000000,202606,1,4,2278
강원특별자치도 철원군,5178000000,202606,1,5,3297
강원특별자치도 철원군,5178000000,202606,1,6,7382
강원특별자치도 철원군,5178000000,202606,2,1,2539
강원특별자치도 철원군,5178000000,202606,2,2,1454
강원특별자치도 철원군,5178000000,202606,2,3,1716
강원특별자치도 철원군,5178000000,202606,2,4,2098
강원특별자치도 철원군,5178000000,202606,2,5,2865
강원특별자치도 철원군,5178000000,202606,2,6,8537
강원특별자치도 춘천시,5111000000,202601,1,1,21891
강원특별자치도 춘천시,5111000000,202601,1,2,18471
강원특별자치도 춘천시,5111000000,202601,1,3,18232
강원특별자치도 춘천시,5111000000,202601,1,4,19210
강원특별자치도 춘천시,5111000000,202601,1,5,22952
강원특별자치도 춘천시,5111000000,202601,1,6,39599
강원특별자치도 춘천시,5111000000,202601,2,1,20864
강원특별자치도 춘천시,5111000000,202601,2,2,16119
강원특별자치도 춘천시,5111000000,202601,2,3,16667
강원특별자치도 춘천시,5111000000,202601,2,4,19427
강원특별자치도 춘천시,5111000000,202601,2,5,23331
강원특별자치도 춘천시,5111000000,202601,2,6,48132
강원특별자치도 춘천시,5111000000,202602,1,1,21846
강원특별자치도 춘천시,5111000000,202602,1,2,18455
강원특별자치도 춘천시,5111000000,202602,1,3,18157
강원특별자치도 춘천시,5111000000,202602,1,4,19214
강원특별자치도 춘천시,5111000000,202602,1,5,22927
강원특별자치도 춘천시,5111000000,202602,1,6,39708
강원특별자치도 춘천시,5111000000,202602,2,1,20868
강원특별자치도 춘천시,5111000000,202602,2,2,16037
강원특별자치도 춘천시,5111000000,202602,2,3,16667
강원특별자치도 춘천시,5111000000,202602,2,4,19370
강원특별자치도 춘천시,5111000000,202602,2,5,23301
강원특별자치도 춘천시,5111000000,202602,2,6,48305
강원특별자치도 춘천시,5111000000,202603,1,1,21834
강원특별자치도 춘천시,5111000000,202603,1,2,18475
강원특별자치도 춘천시,5111000000,202603,1,3,18214
강원특별자치도 춘천시,5111000000,202603,1,4,19146
강원특별자치도 춘천시,5111000000,202603,1,5,22872
강원특별자치도 춘천시,5111000000,202603,1,6,39838
강원특별자치도 춘천시,5111000000,202603,2,1,20836
강원특별자치도 춘천시,5111000000,202603,2,2,16038
강원특별자치도 춘천시,5111000000,202603,2,3,16662
강원특별자치도 춘천시,5111000000,202603,2,4,19336
강원특별자치도 춘천시,5111000000,202603,2,5,23207
강원특별자치도 춘천시,5111000000,202603,2,6,48452
강원특별자치도 춘천시,5111000000,202604,1,1,21828
강원특별자치도 춘천시,5111000000,202604,1,2,18468
강원특별자치도 춘천시,5111000000,202604,1,3,18222
강원특별자치도 춘천시,5111000000,202604,1,4,19106
강원특별자치도 춘천시,5111000000,202604,1,5,22863
강원특별자치도 춘천시,5111000000,202604,1,6,39910
강원특별자치도 춘천시,5111000000,202604,2,1,20799
강원특별자치도 춘천시,5111000000,202604,2,2,16056
강원특별자치도 춘천시,5111000000,202604,2,3,16689
강원특별자치도 춘천시,5111000000,202604,2,4,19266
강원특별자치도 춘천시,5111000000,202604,2,5,23171
강원특별자치도 춘천시,5111000000,202604,2,6,48588
강원특별자치도 춘천시,5111000000,202605,1,1,21815
강원특별자치도 춘천시,5111000000,202605,1,2,18502
강원특별자치도 춘천시,5111000000,202605,1,3,18256
강원특별자치도 춘천시,5111000000,202605,1,4,19050
강원특별자치도 춘천시,5111000000,202605,1,5,22856
강원특별자치도 춘천시,5111000000,202605,1,6,40000
강원특별자치도 춘천시,5111000000,202605,2,1,20751
강원특별자치도 춘천시,5111000000,202605,2,2,16129
강원특별자치도 춘천시,5111000000,202605,2,3,16704
강원특별자치도 춘천시,5111000000,202605,2,4,19248
강원특별자치도 춘천시,5111000000,202605,2,5,23189
강원특별자치도 춘천시,5111000000,202605,2,6,48660
강원특별자치도 춘천시,5111000000,202606,1,1,21777
강원특별자치도 춘천시,5111000000,202606,1,2,18424
강원특별자치도 춘천시,5111000000,202606,1,3,18251
강원특별자치도 춘천시,5111000000,202606,1,4,19065
강원특별자치도 춘천시,5111000000,202606,1,5,22782
강원특별자치도 춘천시,5111000000,202606,1,6,40102
강원특별자치도 춘천시,5111000000,202606,2,1,20684
강원특별자치도 춘천시,5111000000,202606,2,2,16071
강원특별자치도 춘천시,5111000000,202606,2,3,16729
강원특별자치도 춘천시,5111000000,202606,2,4,19253
강원특별자치도 춘천시,5111000000,202606,2,5,23157
강원특별자치도 춘천시,5111000000,202606,2,6,48732
강원특별자치도 태백시,5119000000,202601,1,1,2413
강원특별자치도 태백시,5119000000,202601,1,2,1509
강원특별자치도 태백시,5119000000,202601,1,3,1490
강원특별자치도 태백시,5119000000,202601,1,4,2463
강원특별자치도 태백시,5119000000,202601,1,5,3695
강원특별자치도 태백시,5119000000,202601,1,6,7083
강원특별자치도 태백시,5119000000,202601,2,1,2227
강원특별자치도 태백시,5119000000,202601,2,2,1105
강원특별자치도 태백시,5119000000,202601,2,3,1180
강원특별자치도 태백시,5119000000,202601,2,4,2326
강원특별자치도 태백시,5119000000,202601,2,5,3009
강원특별자치도 태백시,5119000000,202601,2,6,8472
강원특별자치도 태백시,5119000000,202602,1,1,2394
강원특별자치도 태백시,5119000000,202602,1,2,1509
강원특별자치도 태백시,5119000000,202602,1,3,1480
강원특별자치도 태백시,5119000000,202602,1,4,2456
강원특별자치도 태백시,5119000000,202602,1,5,3684
강원특별자치도 태백시,5119000000,202602,1,6,7096
강원특별자치도 태백시,5119000000,202602,2,1,2211
강원특별자치도 태백시,5119000000,202602,2,2,1094
강원특별자치도 태백시,5119000000,202602,2,3,1174
강원특별자치도 태백시,5119000000,202602,2,4,2304
강원특별자치도 태백시,5119000000,202602,2,5,3001
강원특별자치도 태백시,5119000000,202602,2,6,8483
강원특별자치도 태백시,5119000000,202603,1,1,2415
강원특별자치도 태백시,5119000000,202603,1,2,1506
강원특별자치도 태백시,5119000000,202603,1,3,1487
강원특별자치도 태백시,5119000000,202603,1,4,2452
강원특별자치도 태백시,5119000000,202603,1,5,3646
강원특별자치도 태백시,5119000000,202603,1,6,7135
강원특별자치도 태백시,5119000000,202603,2,1,2192
강원특별자치도 태백시,5119000000,202603,2,2,1088
강원특별자치도 태백시,5119000000,202603,2,3,1172
강원특별자치도 태백시,5119000000,202603,2,4,2294
강원특별자치도 태백시,5119000000,202603,2,5,2989
강원특별자치도 태백시,5119000000,202603,2,6,8483
강원특별자치도 태백시,5119000000,202604,1,1,2405
강원특별자치도 태백시,5119000000,202604,1,2,1508
강원특별자치도 태백시,5119000000,202604,1,3,1500
강원특별자치도 태백시,5119000000,202604,1,4,2441
강원특별자치도 태백시,5119000000,202604,1,5,3641
강원특별자치도 태백시,5119000000,202604,1,6,7154
강원특별자치도 태백시,5119000000,202604,2,1,2176
강원특별자치도 태백시,5119000000,202604,2,2,1089
강원특별자치도 태백시,5119000000,202604,2,3,1172
강원특별자치도 태백시,5119000000,202604,2,4,2285
강원특별자치도 태백시,5119000000,202604,2,5,2978
강원특별자치도 태백시,5119000000,202604,2,6,8501
강원특별자치도 태백시,5119000000,202605,1,1,2398
강원특별자치도 태백시,5119000000,202605,1,2,1503
강원특별자치도 태백시,5119000000,202605,1,3,1504
강원특별자치도 태백시,5119000000,202605,1,4,2427
강원특별자치도 태백시,5119000000,202605,1,5,3647
강원특별자치도 태백시,5119000000,202605,1,6,7169
강원특별자치도 태백시,5119000000,202605,2,1,2168
강원특별자치도 태백시,5119000000,202605,2,2,1091
강원특별자치도 태백시,5119000000,202605,2,3,1175
강원특별자치도 태백시,5119000000,202605,2,4,2279
강원특별자치도 태백시,5119000000,202605,2,5,2961
강원특별자치도 태백시,5119000000,202605,2,6,8531
강원특별자치도 태백시,5119000000,202606,1,1,2398
강원특별자치도 태백시,5119000000,202606,1,2,1504
강원특별자치도 태백시,5119000000,202606,1,3,1504
강원특별자치도 태백시,5119000000,202606,1,4,2423
강원특별자치도 태백시,5119000000,202606,1,5,3637
강원특별자치도 태백시,5119000000,202606,1,6,7171
강원특별자치도 태백시,5119000000,202606,2,1,2158
강원특별자치도 태백시,5119000000,202606,2,2,1092
강원특별자치도 태백시,5119000000,202606,2,3,1166
강원특별자치도 태백시,5119000000,202606,2,4,2270
강원특별자치도 태백시,5119000000,202606,2,5,2952
강원특별자치도 태백시,5119000000,202606,2,6,8536
강원특별자치도 평창군,5176000000,202601,1,1,1898
강원특별자치도 평창군,5176000000,202601,1,2,1601
강원특별자치도 평창군,5176000000,202601,1,3,1439
강원특별자치도 평창군,5176000000,202601,1,4,2150
강원특별자치도 평창군,5176000000,202601,1,5,3924
강원특별자치도 평창군,5176000000,202601,1,6,9705
강원특별자치도 평창군,5176000000,202601,2,1,1829
강원특별자치도 평창군,5176000000,202601,2,2,1054
강원특별자치도 평창군,5176000000,202601,2,3,1082
강원특별자치도 평창군,5176000000,202601,2,4,1895
강원특별자치도 평창군,5176000000,202601,2,5,3326
강원특별자치도 평창군,5176000000,202601,2,6,10030
강원특별자치도 평창군,5176000000,202602,1,1,1896
강원특별자치도 평창군,5176000000,202602,1,2,1596
강원특별자치도 평창군,5176000000,202602,1,3,1437
강원특별자치도 평창군,5176000000,202602,1,4,2129
강원특별자치도 평창군,5176000000,202602,1,5,3923
강원특별자치도 평창군,5176000000,202602,1,6,9735
강원특별자치도 평창군,5176000000,202602,2,1,1827
강원특별자치도 평창군,5176000000,202602,2,2,1055
강원특별자치도 평창군,5176000000,202602,2,3,1088
강원특별자치도 평창군,5176000000,202602,2,4,1891
강원특별자치도 평창군,5176000000,202602,2,5,3314
강원특별자치도 평창군,5176000000,202602,2,6,10058
강원특별자치도 평창군,5176000000,202603,1,1,1882
강원특별자치도 평창군,5176000000,202603,1,2,1576
강원특별자치도 평창군,5176000000,202603,1,3,1426
강원특별자치도 평창군,5176000000,202603,1,4,2127
강원특별자치도 평창군,5176000000,202603,1,5,3873
강원특별자치도 평창군,5176000000,202603,1,6,9780
강원특별자치도 평창군,5176000000,202603,2,1,1815
강원특별자치도 평창군,5176000000,202603,2,2,1057
강원특별자치도 평창군,5176000000,202603,2,3,1080
강원특별자치도 평창군,5176000000,202603,2,4,1861
강원특별자치도 평창군,5176000000,202603,2,5,3269
강원특별자치도 평창군,5176000000,202603,2,6,10114
강원특별자치도 평창군,5176000000,202604,1,1,1863
강원특별자치도 평창군,5176000000,202604,1,2,1580
강원특별자치도 평창군,5176000000,202604,1,3,1425
강원특별자치도 평창군,5176000000,202604,1,4,2118
강원특별자치도 평창군,5176000000,202604,1,5,3886
강원특별자치도 평창군,5176000000,202604,1,6,9811
강원특별자치도 평창군,5176000000,202604,2,1,1810
강원특별자치도 평창군,5176000000,202604,2,2,1072
강원특별자치도 평창군,5176000000,202604,2,3,1085
강원특별자치도 평창군,5176000000,202604,2,4,1861
강원특별자치도 평창군,5176000000,202604,2,5,3260
강원특별자치도 평창군,5176000000,202604,2,6,10133
강원특별자치도 평창군,5176000000,202605,1,1,1861
강원특별자치도 평창군,5176000000,202605,1,2,1584
강원특별자치도 평창군,5176000000,202605,1,3,1417
강원특별자치도 평창군,5176000000,202605,1,4,2112
강원특별자치도 평창군,5176000000,202605,1,5,3885
강원특별자치도 평창군,5176000000,202605,1,6,9839
강원특별자치도 평창군,5176000000,202605,2,1,1805
강원특별자치도 평창군,5176000000,202605,2,2,1064
강원특별자치도 평창군,5176000000,202605,2,3,1098
강원특별자치도 평창군,5176000000,202605,2,4,1852
강원특별자치도 평창군,5176000000,202605,2,5,3259
강원특별자치도 평창군,5176000000,202605,2,6,10141
강원특별자치도 평창군,5176000000,202606,1,1,1862
강원특별자치도 평창군,5176000000,202606,1,2,1571
강원특별자치도 평창군,5176000000,202606,1,3,1420
강원특별자치도 평창군,5176000000,202606,1,4,2113
강원특별자치도 평창군,5176000000,202606,1,5,3870
강원특별자치도 평창군,5176000000,202606,1,6,9852
강원특별자치도 평창군,5176000000,202606,2,1,1804
강원특별자치도 평창군,5176000000,202606,2,2,1061
강원특별자치도 평창군,5176000000,202606,2,3,1103
강원특별자치도 평창군,5176000000,202606,2,4,1854
강원특별자치도 평창군,5176000000,202606,2,5,3249
강원특별자치도 평창군,5176000000,202606,2,6,10138
강원특별자치도 홍천군,5172000000,202601,1,1,3599
강원특별자치도 홍천군,5172000000,202601,1,2,2875
강원특별자치도 홍천군,5172000000,202601,1,3,3068
강원특별자치도 홍천군,5172000000,202601,1,4,3522
강원특별자치도 홍천군,5172000000,202601,1,5,5669
강원특별자치도 홍천군,5172000000,202601,1,6,15260
강원특별자치도 홍천군,5172000000,202601,2,1,3485
강원특별자치도 홍천군,5172000000,202601,2,2,1977
강원특별자치도 홍천군,5172000000,202601,2,3,2336
강원특별자치도 홍천군,5172000000,202601,2,4,3181
강원특별자치도 홍천군,5172000000,202601,2,5,5027
강원특별자치도 홍천군,5172000000,202601,2,6,16009
강원특별자치도 홍천군,5172000000,202602,1,1,3596
강원특별자치도 홍천군,5172000000,202602,1,2,2847
강원특별자치도 홍천군,5172000000,202602,1,3,3067
강원특별자치도 홍천군,5172000000,202602,1,4,3501
강원특별자치도 홍천군,5172000000,202602,1,5,5653
강원특별자치도 홍천군,5172000000,202602,1,6,15300
강원특별자치도 홍천군,5172000000,202602,2,1,3478
강원특별자치도 홍천군,5172000000,202602,2,2,1964
강원특별자치도 홍천군,5172000000,202602,2,3,2323
강원특별자치도 홍천군,5172000000,202602,2,4,3168
강원특별자치도 홍천군,5172000000,202602,2,5,5009
강원특별자치도 홍천군,5172000000,202602,2,6,16031
강원특별자치도 홍천군,5172000000,202603,1,1,3577
강원특별자치도 홍천군,5172000000,202603,1,2,2825
강원특별자치도 홍천군,5172000000,202603,1,3,3093
강원특별자치도 홍천군,5172000000,202603,1,4,3488
강원특별자치도 홍천군,5172000000,202603,1,5,5604
강원특별자치도 홍천군,5172000000,202603,1,6,15388
강원특별자치도 홍천군,5172000000,202603,2,1,3483
강원특별자치도 홍천군,5172000000,202603,2,2,1940
강원특별자치도 홍천군,5172000000,202603,2,3,2318
강원특별자치도 홍천군,5172000000,202603,2,4,3175
강원특별자치도 홍천군,5172000000,202603,2,5,4969
강원특별자치도 홍천군,5172000000,202603,2,6,16102
강원특별자치도 홍천군,5172000000,202604,1,1,3566
강원특별자치도 홍천군,5172000000,202604,1,2,2806
강원특별자치도 홍천군,5172000000,202604,1,3,3091
강원특별자치도 홍천군,5172000000,202604,1,4,3483
강원특별자치도 홍천군,5172000000,202604,1,5,5611
강원특별자치도 홍천군,5172000000,202604,1,6,15419
강원특별자치도 홍천군,5172000000,202604,2,1,3462
강원특별자치도 홍천군,5172000000,202604,2,2,1918
강원특별자치도 홍천군,5172000000,202604,2,3,2309
강원특별자치도 홍천군,5172000000,202604,2,4,3166
강원특별자치도 홍천군,5172000000,202604,2,5,4958
강원특별자치도 홍천군,5172000000,202604,2,6,16146
강원특별자치도 홍천군,5172000000,202605,1,1,3546
강원특별자치도 홍천군,5172000000,202605,1,2,2794
강원특별자치도 홍천군,5172000000,202605,1,3,3079
강원특별자치도 홍천군,5172000000,202605,1,4,3471
강원특별자치도 홍천군,5172000000,202605,1,5,5597
강원특별자치도 홍천군,5172000000,202605,1,6,15480
강원특별자치도 홍천군,5172000000,202605,2,1,3445
강원특별자치도 홍천군,5172000000,202605,2,2,1918
강원특별자치도 홍천군,5172000000,202605,2,3,2310
강원특별자치도 홍천군,5172000000,202605,2,4,3149
강원특별자치도 홍천군,5172000000,202605,2,5,4951
강원특별자치도 홍천군,5172000000,202605,2,6,16149
강원특별자치도 홍천군,5172000000,202606,1,1,3531
강원특별자치도 홍천군,5172000000,202606,1,2,2798
강원특별자치도 홍천군,5172000000,202606,1,3,3078
강원특별자치도 홍천군,5172000000,202606,1,4,3466
강원특별자치도 홍천군,5172000000,202606,1,5,5580
강원특별자치도 홍천군,5172000000,202606,1,6,15507
강원특별자치도 홍천군,5172000000,202606,2,1,3452
강원특별자치도 홍천군,5172000000,202606,2,2,1893
강원특별자치도 홍천군,5172000000,202606,2,3,2308
강원특별자치도 홍천군,5172000000,202606,2,4,3151
강원특별자치도 홍천군,5172000000,202606,2,5,4939
강원특별자치도 홍천군,5172000000,202606,2,6,16146
강원특별자치도 화천군,5179000000,202601,1,1,1386
강원특별자치도 화천군,5179000000,202601,1,2,1808
강원특별자치도 화천군,5179000000,202601,1,3,1485
강원특별자치도 화천군,5179000000,202601,1,4,1186
강원특별자치도 화천군,5179000000,202601,1,5,1772
강원특별자치도 화천군,5179000000,202601,1,6,4330
강원특별자치도 화천군,5179000000,202601,2,1,1397
강원특별자치도 화천군,5179000000,202601,2,2,926
강원특별자치도 화천군,5179000000,202601,2,3,921
강원특별자치도 화천군,5179000000,202601,2,4,1029
강원특별자치도 화천군,5179000000,202601,2,5,1556
강원특별자치도 화천군,5179000000,202601,2,6,4542
강원특별자치도 화천군,5179000000,202602,1,1,1380
강원특별자치도 화천군,5179000000,202602,1,2,1770
강원특별자치도 화천군,5179000000,202602,1,3,1499
강원특별자치도 화천군,5179000000,202602,1,4,1169
강원특별자치도 화천군,5179000000,202602,1,5,1763
강원특별자치도 화천군,5179000000,202602,1,6,4355
강원특별자치도 화천군,5179000000,202602,2,1,1387
강원특별자치도 화천군,5179000000,202602,2,2,922
강원특별자치도 화천군,5179000000,202602,2,3,916
강원특별자치도 화천군,5179000000,202602,2,4,1034
강원특별자치도 화천군,5179000000,202602,2,5,1542
강원특별자치도 화천군,5179000000,202602,2,6,4547
강원특별자치도 화천군,5179000000,202603,1,1,1376
강원특별자치도 화천군,5179000000,202603,1,2,1761
강원특별자치도 화천군,5179000000,202603,1,3,1507
강원특별자치도 화천군,5179000000,202603,1,4,1161
강원특별자치도 화천군,5179000000,202603,1,5,1755
강원특별자치도 화천군,5179000000,202603,1,6,4381
강원특별자치도 화천군,5179000000,202603,2,1,1387
강원특별자치도 화천군,5179000000,202603,2,2,920
강원특별자치도 화천군,5179000000,202603,2,3,926
강원특별자치도 화천군,5179000000,202603,2,4,1022
강원특별자치도 화천군,5179000000,202603,2,5,1531
강원특별자치도 화천군,5179000000,202603,2,6,4563
강원특별자치도 화천군,5179000000,202604,1,1,1385
강원특별자치도 화천군,5179000000,202604,1,2,1754
강원특별자치도 화천군,5179000000,202604,1,3,1512
강원특별자치도 화천군,5179000000,202604,1,4,1171
강원특별자치도 화천군,5179000000,202604,1,5,1755
강원특별자치도 화천군,5179000000,202604,1,6,4395
강원특별자치도 화천군,5179000000,202604,2,1,1388
강원특별자치도 화천군,5179000000,202604,2,2,906
강원특별자치도 화천군,5179000000,202604,2,3,938
강원특별자치도 화천군,5179000000,202604,2,4,1019
강원특별자치도 화천군,5179000000,202604,2,5,1537
강원특별자치도 화천군,5179000000,202604,2,6,4575
강원특별자치도 화천군,5179000000,202605,1,1,1378
강원특별자치도 화천군,5179000000,202605,1,2,1745
강원특별자치도 화천군,5179000000,202605,1,3,1518
강원특별자치도 화천군,5179000000,202605,1,4,1163
강원특별자치도 화천군,5179000000,202605,1,5,1755
강원특별자치도 화천군,5179000000,202605,1,6,4410
강원특별자치도 화천군,5179000000,202605,2,1,1394
강원특별자치도 화천군,5179000000,202605,2,2,891
강원특별자치도 화천군,5179000000,202605,2,3,946
강원특별자치도 화천군,5179000000,202605,2,4,1015
강원특별자치도 화천군,5179000000,202605,2,5,1530
강원특별자치도 화천군,5179000000,202605,2,6,4583
강원특별자치도 화천군,5179000000,202606,1,1,1387
강원특별자치도 화천군,5179000000,202606,1,2,1801
강원특별자치도 화천군,5179000000,202606,1,3,1538
강원특별자치도 화천군,5179000000,202606,1,4,1179
강원특별자치도 화천군,5179000000,202606,1,5,1776
강원특별자치도 화천군,5179000000,202606,1,6,4433
강원특별자치도 화천군,5179000000,202606,2,1,1404
강원특별자치도 화천군,5179000000,202606,2,2,931
강원특별자치도 화천군,5179000000,202606,2,3,960
강원특별자치도 화천군,5179000000,202606,2,4,1018
강원특별자치도 화천군,5179000000,202606,2,5,1536
강원특별자치도 화천군,5179000000,202606,2,6,4616
강원특별자치도 횡성군,5173000000,202601,1,1,2491
강원특별자치도 횡성군,5173000000,202601,1,2,1600
강원특별자치도 횡성군,5173000000,202601,1,3,1536
강원특별자치도 횡성군,5173000000,202601,1,4,2301
강원특별자치도 횡성군,5173000000,202601,1,5,3966
강원특별자치도 횡성군,5173000000,202601,1,6,11632
강원특별자치도 횡성군,5173000000,202601,2,1,2249
강원특별자치도 횡성군,5173000000,202601,2,2,1212
강원특별자치도 횡성군,5173000000,202601,2,3,1271
강원특별자치도 횡성군,5173000000,202601,2,4,1925
강원특별자치도 횡성군,5173000000,202601,2,5,3488
강원특별자치도 횡성군,5173000000,202601,2,6,11920
강원특별자치도 횡성군,5173000000,202602,1,1,2505
강원특별자치도 횡성군,5173000000,202602,1,2,1588
강원특별자치도 횡성군,5173000000,202602,1,3,1539
강원특별자치도 횡성군,5173000000,202602,1,4,2284
강원특별자치도 횡성군,5173000000,202602,1,5,3955
강원특별자치도 횡성군,5173000000,202602,1,6,11680
강원특별자치도 횡성군,5173000000,202602,2,1,2219
강원특별자치도 횡성군,5173000000,202602,2,2,1191
강원특별자치도 횡성군,5173000000,202602,2,3,1281
강원특별자치도 횡성군,5173000000,202602,2,4,1928
강원특별자치도 횡성군,5173000000,202602,2,5,3458
강원특별자치도 횡성군,5173000000,202602,2,6,11955
강원특별자치도 횡성군,5173000000,202603,1,1,2537
강원특별자치도 횡성군,5173000000,202603,1,2,1586
강원특별자치도 횡성군,5173000000,202603,1,3,1539
강원특별자치도 횡성군,5173000000,202603,1,4,2272
강원특별자치도 횡성군,5173000000,202603,1,5,3916
강원특별자치도 횡성군,5173000000,202603,1,6,11737
강원특별자치도 횡성군,5173000000,202603,2,1,2215
강원특별자치도 횡성군,5173000000,202603,2,2,1173
강원특별자치도 횡성군,5173000000,202603,2,3,1272
강원특별자치도 횡성군,5173000000,202603,2,4,1914
강원특별자치도 횡성군,5173000000,202603,2,5,3437
강원특별자치도 횡성군,5173000000,202603,2,6,11975
강원특별자치도 횡성군,5173000000,202604,1,1,2535
강원특별자치도 횡성군,5173000000,202604,1,2,1581
강원특별자치도 횡성군,5173000000,202604,1,3,1530
강원특별자치도 횡성군,5173000000,202604,1,4,2262
강원특별자치도 횡성군,5173000000,202604,1,5,3927
강원특별자치도 횡성군,5173000000,202604,1,6,11790
강원특별자치도 횡성군,5173000000,202604,2,1,2231
강원특별자치도 횡성군,5173000000,202604,2,2,1161
강원특별자치도 횡성군,5173000000,202604,2,3,1265
강원특별자치도 횡성군,5173000000,202604,2,4,1914
강원특별자치도 횡성군,5173000000,202604,2,5,3418
강원특별자치도 횡성군,5173000000,202604,2,6,12011
강원특별자치도 횡성군,5173000000,202605,1,1,2518
강원특별자치도 횡성군,5173000000,202605,1,2,1587
강원특별자치도 횡성군,5173000000,202605,1,3,1519
강원특별자치도 횡성군,5173000000,202605,1,4,2250
강원특별자치도 횡성군,5173000000,202605,1,5,3921
강원특별자치도 횡성군,5173000000,202605,1,6,11813
강원특별자치도 횡성군,5173000000,202605,2,1,2214
강원특별자치도 횡성군,5173000000,202605,2,2,1162
강원특별자치도 횡성군,5173000000,202605,2,3,1263
강원특별자치도 횡성군,5173000000,202605,2,4,1915
강원특별자치도 횡성군,5173000000,202605,2,5,3409
강원특별자치도 횡성군,5173000000,202605,2,6,12025
강원특별자치도 횡성군,5173000000,202606,1,1,2503
강원특별자치도 횡성군,5173000000,202606,1,2,1580
강원특별자치도 횡성군,5173000000,202606,1,3,1524
강원특별자치도 횡성군,5173000000,202606,1,4,2243
강원특별자치도 횡성군,5173000000,202606,1,5,3910
강원특별자치도 횡성군,5173000000,202606,1,6,11852
강원특별자치도 횡성군,5173000000,202606,2,1,2205
강원특별자치도 횡성군,5173000000,202606,2,2,1162
강원특별자치도 횡성군,5173000000,202606,2,3,1257
강원특별자치도 횡성군,5173000000,202606,2,4,1917
강원특별자치도 횡성군,5173000000,202606,2,5,3400
강원특별자치도 횡성군,5173000000,202606,2,6,12022
경기도 가평군,4182000000,202601,1,1,3323
경기도 가평군,4182000000,202601,1,2,2981
경기도 가평군,4182000000,202601,1,3,2959
경기도 가평군,4182000000,202601,1,4,3573
경기도 가평군,4182000000,202601,1,5,5569
경기도 가평군,4182000000,202601,1,6,13496
경기도 가평군,4182000000,202601,2,1,3189
경기도 가평군,4182000000,202601,2,2,2270
경기도 가평군,4182000000,202601,2,3,2400
경기도 가평군,4182000000,202601,2,4,3177
경기도 가평군,4182000000,202601,2,5,4911
경기도 가평군,4182000000,202601,2,6,14178
경기도 가평군,4182000000,202602,1,1,3310
경기도 가평군,4182000000,202602,1,2,2958
경기도 가평군,4182000000,202602,1,3,2941
경기도 가평군,4182000000,202602,1,4,3567
경기도 가평군,4182000000,202602,1,5,5556
경기도 가평군,4182000000,202602,1,6,13555
경기도 가평군,4182000000,202602,2,1,3176
경기도 가평군,4182000000,202602,2,2,2272
경기도 가평군,4182000000,202602,2,3,2358
경기도 가평군,4182000000,202602,2,4,3182
경기도 가평군,4182000000,202602,2,5,4924
경기도 가평군,4182000000,202602,2,6,14231
경기도 가평군,4182000000,202603,1,1,3302
경기도 가평군,4182000000,202603,1,2,2928
경기도 가평군,4182000000,202603,1,3,2952
경기도 가평군,4182000000,202603,1,4,3552
경기도 가평군,4182000000,202603,1,5,5527
경기도 가평군,4182000000,202603,1,6,13584
경기도 가평군,4182000000,202603,2,1,3150
경기도 가평군,4182000000,202603,2,2,2257
경기도 가평군,4182000000,202603,2,3,2366
경기도 가평군,4182000000,202603,2,4,3171
경기도 가평군,4182000000,202603,2,5,4886
경기도 가평군,4182000000,202603,2,6,14288
경기도 가평군,4182000000,202604,1,1,3297
경기도 가평군,4182000000,202604,1,2,2908
경기도 가평군,4182000000,202604,1,3,2951
경기도 가평군,4182000000,202604,1,4,3544
경기도 가평군,4182000000,202604,1,5,5533
경기도 가평군,4182000000,202604,1,6,13634
경기도 가평군,4182000000,202604,2,1,3150
경기도 가평군,4182000000,202604,2,2,2251
경기도 가평군,4182000000,202604,2,3,2362
경기도 가평군,4182000000,202604,2,4,3165
경기도 가평군,4182000000,202604,2,5,4890
경기도 가평군,4182000000,202604,2,6,14325
경기도 가평군,4182000000,202605,1,1,3282
경기도 가평군,4182000000,202605,1,2,2898
경기도 가평군,4182000000,202605,1,3,2971
경기도 가평군,4182000000,202605,1,4,3542
경기도 가평군,4182000000,202605,1,5,5497
경기도 가평군,4182000000,202605,1,6,13680
경기도 가평군,4182000000,202605,2,1,3136
경기도 가평군,4182000000,202605,2,2,2267
경기도 가평군,4182000000,202605,2,3,2382
경기도 가평군,4182000000,202605,2,4,3139
경기도 가평군,4182000000,202605,2,5,4884
경기도 가평군,4182000000,202605,2,6,14366
경기도 가평군,4182000000,202606,1,1,3292
경기도 가평군,4182000000,202606,1,2,2887
경기도 가평군,4182000000,202606,1,3,2978
경기도 가평군,4182000000,202606,1,4,3546
경기도 가평군,4182000000,202606,1,5,5474
경기도 가평군,4182000000,202606,1,6,13699
경기도 가평군,4182000000,202606,2,1,3140
경기도 가평군,4182000000,202606,2,2,2266
경기도 가평군,4182000000,202606,2,3,2374
경기도 가평군,4182000000,202606,2,4,3155
경기도 가평군,4182000000,202606,2,5,4857
경기도 가평군,4182000000,202606,2,6,14373
경기도 고양시 덕양구,4128100000,202601,1,1,36503
경기도 고양시 덕양구,4128100000,202601,1,2,25742
경기도 고양시 덕양구,4128100000,202601,1,3,35500
경기도 고양시 덕양구,4128100000,202601,1,4,37474
경기도 고양시 덕양구,4128100000,202601,1,5,41391
경기도 고양시 덕양구,4128100000,202601,1,6,61067
경기도 고양시 덕양구,4128100000,202601,2,1,35084
경기도 고양시 덕양구,4128100000,202601,2,2,25530
경기도 고양시 덕양구,4128100000,202601,2,3,35336
경기도 고양시 덕양구,4128100000,202601,2,4,36864
경기도 고양시 덕양구,4128100000,202601,2,5,42688
경기도 고양시 덕양구,4128100000,202601,2,6,71995
경기도 고양시 덕양구,4128100000,202602,1,1,36336
경기도 고양시 덕양구,4128100000,202602,1,2,25624
경기도 고양시 덕양구,4128100000,202602,1,3,35389
경기도 고양시 덕양구,4128100000,202602,1,4,37331
경기도 고양시 덕양구,4128100000,202602,1,5,41435
경기도 고양시 덕양구,4128100000,202602,1,6,61303
경기도 고양시 덕양구,4128100000,202602,2,1,34944
경기도 고양시 덕양구,4128100000,202602,2,2,25431
경기도 고양시 덕양구,4128100000,202602,2,3,35179
경기도 고양시 덕양구,4128100000,202602,2,4,36751
경기도 고양시 덕양구,4128100000,202602,2,5,42720
경기도 고양시 덕양구,4128100000,202602,2,6,72239
경기도 고양시 덕양구,4128100000,202603,1,1,36181
경기도 고양시 덕양구,4128100000,202603,1,2,25437
경기도 고양시 덕양구,4128100000,202603,1,3,35420
경기도 고양시 덕양구,4128100000,202603,1,4,37145
경기도 고양시 덕양구,4128100000,202603,1,5,41312
경기도 고양시 덕양구,4128100000,202603,1,6,61608
경기도 고양시 덕양구,4128100000,202603,2,1,34795
경기도 고양시 덕양구,4128100000,202603,2,2,25291
경기도 고양시 덕양구,4128100000,202603,2,3,35164
경기도 고양시 덕양구,4128100000,202603,2,4,36612
경기도 고양시 덕양구,4128100000,202603,2,5,42573
경기도 고양시 덕양구,4128100000,202603,2,6,72590
경기도 고양시 덕양구,4128100000,202604,1,1,36097
경기도 고양시 덕양구,4128100000,202604,1,2,25249
경기도 고양시 덕양구,4128100000,202604,1,3,35296
경기도 고양시 덕양구,4128100000,202604,1,4,37070
경기도 고양시 덕양구,4128100000,202604,1,5,41277
경기도 고양시 덕양구,4128100000,202604,1,6,61789
경기도 고양시 덕양구,4128100000,202604,2,1,34690
경기도 고양시 덕양구,4128100000,202604,2,2,25165
경기도 고양시 덕양구,4128100000,202604,2,3,35090
경기도 고양시 덕양구,4128100000,202604,2,4,36605
경기도 고양시 덕양구,4128100000,202604,2,5,42537
경기도 고양시 덕양구,4128100000,202604,2,6,72835
경기도 고양시 덕양구,4128100000,202605,1,1,36002
경기도 고양시 덕양구,4128100000,202605,1,2,25127
경기도 고양시 덕양구,4128100000,202605,1,3,35225
경기도 고양시 덕양구,4128100000,202605,1,4,36996
경기도 고양시 덕양구,4128100000,202605,1,5,41214
경기도 고양시 덕양구,4128100000,202605,1,6,61968
경기도 고양시 덕양구,4128100000,202605,2,1,34600
경기도 고양시 덕양구,4128100000,202605,2,2,25050
경기도 고양시 덕양구,4128100000,202605,2,3,35056
경기도 고양시 덕양구,4128100000,202605,2,4,36538
경기도 고양시 덕양구,4128100000,202605,2,5,42474
경기도 고양시 덕양구,4128100000,202605,2,6,73017
경기도 고양시 덕양구,4128100000,202606,1,1,35975
경기도 고양시 덕양구,4128100000,202606,1,2,25017
경기도 고양시 덕양구,4128100000,202606,1,3,35197
경기도 고양시 덕양구,4128100000,202606,1,4,36965
경기도 고양시 덕양구,4128100000,202606,1,5,41162
경기도 고양시 덕양구,4128100000,202606,1,6,62120
경기도 고양시 덕양구,4128100000,202606,2,1,34557
경기도 고양시 덕양구,4128100000,202606,2,2,24955
경기도 고양시 덕양구,4128100000,202606,2,3,35032
경기도 고양시 덕양구,4128100000,202606,2,4,36514
경기도 고양시 덕양구,4128100000,202606,2,5,42404
경기도 고양시 덕양구,4128100000,202606,2,6,73150
경기도 고양시 일산동구,4128500000,202601,1,1,22030
경기도 고양시 일산동구,4128500000,202601,1,2,17436
경기도 고양시 일산동구,4128500000,202601,1,3,20383
경기도 고양시 일산동구,4128500000,202601,1,4,21162
경기도 고양시 일산동구,4128500000,202601,1,5,26735
경기도 고양시 일산동구,4128500000,202601,1,6,36331
경기도 고양시 일산동구,4128500000,202601,2,1,21028
경기도 고양시 일산동구,4128500000,202601,2,2,18098
경기도 고양시 일산동구,4128500000,202601,2,3,20328
경기도 고양시 일산동구,4128500000,202601,2,4,22492
경기도 고양시 일산동구,4128500000,202601,2,5,28961
경기도 고양시 일산동구,4128500000,202601,2,6,42194
경기도 고양시 일산동구,4128500000,202602,1,1,22040
경기도 고양시 일산동구,4128500000,202602,1,2,17321
경기도 고양시 일산동구,4128500000,202602,1,3,20371
경기도 고양시 일산동구,4128500000,202602,1,4,21155
경기도 고양시 일산동구,4128500000,202602,1,5,26699
경기도 고양시 일산동구,4128500000,202602,1,6,36538
경기도 고양시 일산동구,4128500000,202602,2,1,21021
경기도 고양시 일산동구,4128500000,202602,2,2,18045
경기도 고양시 일산동구,4128500000,202602,2,3,20295
경기도 고양시 일산동구,4128500000,202602,2,4,22497
경기도 고양시 일산동구,4128500000,202602,2,5,28984
경기도 고양시 일산동구,4128500000,202602,2,6,42417
경기도 고양시 일산동구,4128500000,202603,1,1,21944
경기도 고양시 일산동구,4128500000,202603,1,2,17186
경기도 고양시 일산동구,4128500000,202603,1,3,20387
경기도 고양시 일산동구,4128500000,202603,1,4,21059
경기도 고양시 일산동구,4128500000,202603,1,5,26649
경기도 고양시 일산동구,4128500000,202603,1,6,36701
경기도 고양시 일산동구,4128500000,202603,2,1,20971
경기도 고양시 일산동구,4128500000,202603,2,2,17887
경기도 고양시 일산동구,4128500000,202603,2,3,20318
경기도 고양시 일산동구,4128500000,202603,2,4,22397
경기도 고양시 일산동구,4128500000,202603,2,5,28922
경기도 고양시 일산동구,4128500000,202603,2,6,42672
경기도 고양시 일산동구,4128500000,202604,1,1,21918
경기도 고양시 일산동구,4128500000,202604,1,2,17107
경기도 고양시 일산동구,4128500000,202604,1,3,20547
경기도 고양시 일산동구,4128500000,202604,1,4,21111
경기도 고양시 일산동구,4128500000,202604,1,5,26623
경기도 고양시 일산동구,4128500000,202604,1,6,36836
경기도 고양시 일산동구,4128500000,202604,2,1,20988
경기도 고양시 일산동구,4128500000,202604,2,2,17846
경기도 고양시 일산동구,4128500000,202604,2,3,20474
경기도 고양시 일산동구,4128500000,202604,2,4,22325
경기도 고양시 일산동구,4128500000,202604,2,5,28974
경기도 고양시 일산동구,4128500000,202604,2,6,42793
경기도 고양시 일산동구,4128500000,202605,1,1,21941
경기도 고양시 일산동구,4128500000,202605,1,2,17009
경기도 고양시 일산동구,4128500000,202605,1,3,20624
경기도 고양시 일산동구,4128500000,202605,1,4,21141
경기도 고양시 일산동구,4128500000,202605,1,5,26600
경기도 고양시 일산동구,4128500000,202605,1,6,36971
경기도 고양시 일산동구,4128500000,202605,2,1,20980
경기도 고양시 일산동구,4128500000,202605,2,2,17805
경기도 고양시 일산동구,4128500000,202605,2,3,20580
경기도 고양시 일산동구,4128500000,202605,2,4,22343
경기도 고양시 일산동구,4128500000,202605,2,5,28907
경기도 고양시 일산동구,4128500000,202605,2,6,42994
경기도 고양시 일산동구,4128500000,202606,1,1,21930
경기도 고양시 일산동구,4128500000,202606,1,2,16968
경기도 고양시 일산동구,4128500000,202606,1,3,20670
경기도 고양시 일산동구,4128500000,202606,1,4,21183
경기도 고양시 일산동구,4128500000,202606,1,5,26552
경기도 고양시 일산동구,4128500000,202606,1,6,37132
경기도 고양시 일산동구,4128500000,202606,2,1,21014
경기도 고양시 일산동구,4128500000,202606,2,2,17734
경기도 고양시 일산동구,4128500000,202606,2,3,20692
경기도 고양시 일산동구,4128500000,202606,2,4,22323
경기도 고양시 일산동구,4128500000,202606,2,5,28921
경기도 고양시 일산동구,4128500000,202606,2,6,43150
경기도 고양시 일산서구,4128700000,202601,1,1,21610
경기도 고양시 일산서구,4128700000,202601,1,2,16653
경기도 고양시 일산서구,4128700000,202601,1,3,16474
경기도 고양시 일산서구,4128700000,202601,1,4,18761
경기도 고양시 일산서구,4128700000,202601,1,5,25880
경기도 고양시 일산서구,4128700000,202601,1,6,34580
경기도 고양시 일산서구,4128700000,202601,2,1,20850
경기도 고양시 일산서구,4128700000,202601,2,2,15911
경기도 고양시 일산서구,4128700000,202601,2,3,16286
경기도 고양시 일산서구,4128700000,202601,2,4,20908
경기도 고양시 일산서구,4128700000,202601,2,5,28782
경기도 고양시 일산서구,4128700000,202601,2,6,40951
경기도 고양시 일산서구,4128700000,202602,1,1,21544
경기도 고양시 일산서구,4128700000,202602,1,2,16526
경기도 고양시 일산서구,4128700000,202602,1,3,16420
경기도 고양시 일산서구,4128700000,202602,1,4,18725
경기도 고양시 일산서구,4128700000,202602,1,5,25818
경기도 고양시 일산서구,4128700000,202602,1,6,34759
경기도 고양시 일산서구,4128700000,202602,2,1,20774
경기도 고양시 일산서구,4128700000,202602,2,2,15840
경기도 고양시 일산서구,4128700000,202602,2,3,16217
경기도 고양시 일산서구,4128700000,202602,2,4,20868
경기도 고양시 일산서구,4128700000,202602,2,5,28759
경기도 고양시 일산서구,4128700000,202602,2,6,41115
경기도 고양시 일산서구,4128700000,202603,1,1,21397
경기도 고양시 일산서구,4128700000,202603,1,2,16394
경기도 고양시 일산서구,4128700000,202603,1,3,16463
경기도 고양시 일산서구,4128700000,202603,1,4,18636
경기도 고양시 일산서구,4128700000,202603,1,5,25775
경기도 고양시 일산서구,4128700000,202603,1,6,34891
경기도 고양시 일산서구,4128700000,202603,2,1,20633
경기도 고양시 일산서구,4128700000,202603,2,2,15698
경기도 고양시 일산서구,4128700000,202603,2,3,16190
경기도 고양시 일산서구,4128700000,202603,2,4,20747
경기도 고양시 일산서구,4128700000,202603,2,5,28682
경기도 고양시 일산서구,4128700000,202603,2,6,41323
경기도 고양시 일산서구,4128700000,202604,1,1,21285
경기도 고양시 일산서구,4128700000,202604,1,2,16276
경기도 고양시 일산서구,4128700000,202604,1,3,16488
경기도 고양시 일산서구,4128700000,202604,1,4,18549
경기도 고양시 일산서구,4128700000,202604,1,5,25703
경기도 고양시 일산서구,4128700000,202604,1,6,35032
경기도 고양시 일산서구,4128700000,202604,2,1,20565
경기도 고양시 일산서구,4128700000,202604,2,2,15630
경기도 고양시 일산서구,4128700000,202604,2,3,16164
경기도 고양시 일산서구,4128700000,202604,2,4,20675
경기도 고양시 일산서구,4128700000,202604,2,5,28654
경기도 고양시 일산서구,4128700000,202604,2,6,41499
경기도 고양시 일산서구,4128700000,202605,1,1,21189
경기도 고양시 일산서구,4128700000,202605,1,2,16194
경기도 고양시 일산서구,4128700000,202605,1,3,16446
경기도 고양시 일산서구,4128700000,202605,1,4,18537
경기도 고양시 일산서구,4128700000,202605,1,5,25667
경기도 고양시 일산서구,4128700000,202605,1,6,35162
경기도 고양시 일산서구,4128700000,202605,2,1,20474
경기도 고양시 일산서구,4128700000,202605,2,2,15623
경기도 고양시 일산서구,4128700000,202605,2,3,16113
경기도 고양시 일산서구,4128700000,202605,2,4,20609
경기도 고양시 일산서구,4128700000,202605,2,5,28661
경기도 고양시 일산서구,4128700000,202605,2,6,41634
경기도 고양시 일산서구,4128700000,202606,1,1,21127
경기도 고양시 일산서구,4128700000,202606,1,2,16122
경기도 고양시 일산서구,4128700000,202606,1,3,16443
경기도 고양시 일산서구,4128700000,202606,1,4,18541
경기도 고양시 일산서구,4128700000,202606,1,5,25623
경기도 고양시 일산서구,4128700000,202606,1,6,35272
경기도 고양시 일산서구,4128700000,202606,2,1,20386
경기도 고양시 일산서구,4128700000,202606,2,2,15561
경기도 고양시 일산서구,4128700000,202606,2,3,16114
경기도 고양시 일산서구,4128700000,202606,2,4,20553
경기도 고양시 일산서구,4128700000,202606,2,5,28623
경기도 고양시 일산서구,4128700000,202606,2,6,41756
경기도 과천시,4129000000,202601,1,1,8307
경기도 과천시,4129000000,202601,1,2,4099
경기도 과천시,4129000000,202601,1,3,5817
경기도 과천시,4129000000,202601,1,4,6375
경기도 과천시,4129000000,202601,1,5,5653
경기도 과천시,4129000000,202601,1,6,8664
경기도 과천시,4129000000,202601,2,1,8027
경기도 과천시,4129000000,202601,2,2,3998
경기도 과천시,4129000000,202601,2,3,6334
경기도 과천시,4129000000,202601,2,4,6514
경기도 과천시,4129000000,202601,2,5,6242
경기도 과천시,4129000000,202601,2,6,9921
경기도 과천시,4129000000,202602,1,1,8322
경기도 과천시,4129000000,202602,1,2,4087
경기도 과천시,4129000000,202602,1,3,5815
경기도 과천시,4129000000,202602,1,4,6395
경기도 과천시,4129000000,202602,1,5,5674
경기도 과천시,4129000000,202602,1,6,8704
경기도 과천시,4129000000,202602,2,1,8032
경기도 과천시,4129000000,202602,2,2,4003
경기도 과천시,4129000000,202602,2,3,6300
경기도 과천시,4129000000,202602,2,4,6549
경기도 과천시,4129000000,202602,2,5,6253
경기도 과천시,4129000000,202602,2,6,9964
경기도 과천시,4129000000,202603,1,1,8345
경기도 과천시,4129000000,202603,1,2,4058
경기도 과천시,4129000000,202603,1,3,5859
경기도 과천시,4129000000,202603,1,4,6386
경기도 과천시,4129000000,202603,1,5,5671
경기도 과천시,4129000000,202603,1,6,8726
경기도 과천시,4129000000,202603,2,1,8020
경기도 과천시,4129000000,202603,2,2,3995
경기도 과천시,4129000000,202603,2,3,6343
경기도 과천시,4129000000,202603,2,4,6547
경기도 과천시,4129000000,202603,2,5,6257
경기도 과천시,4129000000,202603,2,6,9990
경기도 과천시,4129000000,202604,1,1,8343
경기도 과천시,4129000000,202604,1,2,4038
경기도 과천시,4129000000,202604,1,3,5858
경기도 과천시,4129000000,202604,1,4,6400
경기도 과천시,4129000000,202604,1,5,5676
경기도 과천시,4129000000,202604,1,6,8752
경기도 과천시,4129000000,202604,2,1,8036
경기도 과천시,4129000000,202604,2,2,3975
경기도 과천시,4129000000,202604,2,3,6363
경기도 과천시,4129000000,202604,2,4,6556
경기도 과천시,4129000000,202604,2,5,6249
경기도 과천시,4129000000,202604,2,6,10004
경기도 과천시,4129000000,202605,1,1,8346
경기도 과천시,4129000000,202605,1,2,4042
경기도 과천시,4129000000,202605,1,3,5885
경기도 과천시,4129000000,202605,1,4,6434
경기도 과천시,4129000000,202605,1,5,5665
경기도 과천시,4129000000,202605,1,6,8754
경기도 과천시,4129000000,202605,2,1,8047
경기도 과천시,4129000000,202605,2,2,3988
경기도 과천시,4129000000,202605,2,3,6395
경기도 과천시,4129000000,202605,2,4,6575
경기도 과천시,4129000000,202605,2,5,6232
경기도 과천시,4129000000,202605,2,6,10021
경기도 과천시,4129000000,202606,1,1,8376
경기도 과천시,4129000000,202606,1,2,4078
경기도 과천시,4129000000,202606,1,3,5998
경기도 과천시,4129000000,202606,1,4,6460
경기도 과천시,4129000000,202606,1,5,5647
경기도 과천시,4129000000,202606,1,6,8793
경기도 과천시,4129000000,202606,2,1,8056
경기도 과천시,4129000000,202606,2,2,4050
경기도 과천시,4129000000,202606,2,3,6483
경기도 과천시,4129000000,202606,2,4,6601
경기도 과천시,4129000000,202606,2,5,6241
경기도 과천시,4129000000,202606,2,6,10049
경기도 광명시,4121000000,202601,1,1,23706
경기도 광명시,4121000000,202601,1,2,16760
경기도 광명시,4121000000,202601,1,3,22187
경기도 광명시,4121000000,202601,1,4,22823
경기도 광명시,4121000000,202601,1,5,24952
경기도 광명시,4121000000,202601,1,6,35217
경기도 광명시,4121000000,202601,2,1,22814
경기도 광명시,4121000000,202601,2,2,16141
경기도 광명시,4121000000,202601,2,3,21022
경기도 광명시,4121000000,202601,2,4,23417
경기도 광명시,4121000000,202601,2,5,26101
경기도 광명시,4121000000,202601,2,6,42328
경기도 광명시,4121000000,202602,1,1,24014
경기도 광명시,4121000000,202602,1,2,16861
경기도 광명시,4121000000,202602,1,3,22586
경기도 광명시,4121000000,202602,1,4,23205
경기도 광명시,4121000000,202602,1,5,25139
경기도 광명시,4121000000,202602,1,6,35516
경기도 광명시,4121000000,202602,2,1,23090
경기도 광명시,4121000000,202602,2,2,16257
경기도 광명시,4121000000,202602,2,3,21491
경기도 광명시,4121000000,202602,2,4,23684
경기도 광명시,4121000000,202602,2,5,26311
경기도 광명시,4121000000,202602,2,6,42672
경기도 광명시,4121000000,202603,1,1,24042
경기도 광명시,4121000000,202603,1,2,16917
경기도 광명시,4121000000,202603,1,3,22881
경기도 광명시,4121000000,202603,1,4,23305
경기도 광명시,4121000000,202603,1,5,25171
경기도 광명시,4121000000,202603,1,6,35766
경기도 광명시,4121000000,202603,2,1,23110
경기도 광명시,4121000000,202603,2,2,16307
경기도 광명시,4121000000,202603,2,3,21823
경기도 광명시,4121000000,202603,2,4,23715
경기도 광명시,4121000000,202603,2,5,26392
경기도 광명시,4121000000,202603,2,6,42961
경기도 광명시,4121000000,202604,1,1,24060
경기도 광명시,4121000000,202604,1,2,16903
경기도 광명시,4121000000,202604,1,3,23042
경기도 광명시,4121000000,202604,1,4,23325
경기도 광명시,4121000000,202604,1,5,25183
경기도 광명시,4121000000,202604,1,6,35899
경기도 광명시,4121000000,202604,2,1,23125
경기도 광명시,4121000000,202604,2,2,16321
경기도 광명시,4121000000,202604,2,3,22002
경기도 광명시,4121000000,202604,2,4,23710
경기도 광명시,4121000000,202604,2,5,26405
경기도 광명시,4121000000,202604,2,6,43116
경기도 광명시,4121000000,202605,1,1,24054
경기도 광명시,4121000000,202605,1,2,16841
경기도 광명시,4121000000,202605,1,3,23164
경기도 광명시,4121000000,202605,1,4,23329
경기도 광명시,4121000000,202605,1,5,25191
경기도 광명시,4121000000,202605,1,6,36008
경기도 광명시,4121000000,202605,2,1,23076
경기도 광명시,4121000000,202605,2,2,16325
경기도 광명시,4121000000,202605,2,3,22109
경기도 광명시,4121000000,202605,2,4,23693
경기도 광명시,4121000000,202605,2,5,26423
경기도 광명시,4121000000,202605,2,6,43266
경기도 광명시,4121000000,202606,1,1,24048
경기도 광명시,4121000000,202606,1,2,16788
경기도 광명시,4121000000,202606,1,3,23242
경기도 광명시,4121000000,202606,1,4,23338
경기도 광명시,4121000000,202606,1,5,25185
경기도 광명시,4121000000,202606,1,6,36047
경기도 광명시,4121000000,202606,2,1,23065
경기도 광명시,4121000000,202606,2,2,16307
경기도 광명시,4121000000,202606,2,3,22192
경기도 광명시,4121000000,202606,2,4,23688
경기도 광명시,4121000000,202606,2,5,26411
경기도 광명시,4121000000,202606,2,6,43355
경기도 광주시,4161000000,202601,1,1,32086
경기도 광주시,4161000000,202601,1,2,20226
경기도 광주시,4161000000,202601,1,3,27010
경기도 광주시,4161000000,202601,1,4,35251
경기도 광주시,4161000000,202601,1,5,36077
경기도 광주시,4161000000,202601,1,6,51643
경기도 광주시,4161000000,202601,2,1,30678
경기도 광주시,4161000000,202601,2,2,17988
경기도 광주시,4161000000,202601,2,3,24533
경기도 광주시,4161000000,202601,2,4,31916
경기도 광주시,4161000000,202601,2,5,34039
경기도 광주시,4161000000,202601,2,6,55917
경기도 광주시,4161000000,202602,1,1,31927
경기도 광주시,4161000000,202602,1,2,20136
경기도 광주시,4161000000,202602,1,3,26888
경기도 광주시,4161000000,202602,1,4,35183
경기도 광주시,4161000000,202602,1,5,36084
경기도 광주시,4161000000,202602,1,6,51941
경기도 광주시,4161000000,202602,2,1,30578
경기도 광주시,4161000000,202602,2,2,17927
경기도 광주시,4161000000,202602,2,3,24358
경기도 광주시,4161000000,202602,2,4,31862
경기도 광주시,4161000000,202602,2,5,34115
경기도 광주시,4161000000,202602,2,6,56175
경기도 광주시,4161000000,202603,1,1,31806
경기도 광주시,4161000000,202603,1,2,20031
경기도 광주시,4161000000,202603,1,3,26903
경기도 광주시,4161000000,202603,1,4,35078
경기도 광주시,4161000000,202603,1,5,36021
경기도 광주시,4161000000,202603,1,6,52268
경기도 광주시,4161000000,202603,2,1,30497
경기도 광주시,4161000000,202603,2,2,17803
경기도 광주시,4161000000,202603,2,3,24392
경기도 광주시,4161000000,202603,2,4,31786
경기도 광주시,4161000000,202603,2,5,34079
경기도 광주시,4161000000,202603,2,6,56502
경기도 광주시,4161000000,202604,1,1,31789
경기도 광주시,4161000000,202604,1,2,19906
경기도 광주시,4161000000,202604,1,3,26947
경기도 광주시,4161000000,202604,1,4,35057
경기도 광주시,4161000000,202604,1,5,36037
경기도 광주시,4161000000,202604,1,6,52454
경기도 광주시,4161000000,202604,2,1,30458
경기도 광주시,4161000000,202604,2,2,17750
경기도 광주시,4161000000,202604,2,3,24393
경기도 광주시,4161000000,202604,2,4,31773
경기도 광주시,4161000000,202604,2,5,34108
경기도 광주시,4161000000,202604,2,6,56730
경기도 광주시,4161000000,202605,1,1,31833
경기도 광주시,4161000000,202605,1,2,19871
경기도 광주시,4161000000,202605,1,3,27017
경기도 광주시,4161000000,202605,1,4,35063
경기도 광주시,4161000000,202605,1,5,36143
경기도 광주시,4161000000,202605,1,6,52681
경기도 광주시,4161000000,202605,2,1,30492
경기도 광주시,4161000000,202605,2,2,17715
경기도 광주시,4161000000,202605,2,3,24454
경기도 광주시,4161000000,202605,2,4,31800
경기도 광주시,4161000000,202605,2,5,34174
경기도 광주시,4161000000,202605,2,6,57007
경기도 광주시,4161000000,202606,1,1,31895
경기도 광주시,4161000000,202606,1,2,19857
경기도 광주시,4161000000,202606,1,3,27111
경기도 광주시,4161000000,202606,1,4,35140
경기도 광주시,4161000000,202606,1,5,36224
경기도 광주시,4161000000,202606,1,6,52841
경기도 광주시,4161000000,202606,2,1,30506
경기도 광주시,4161000000,202606,2,2,17737
경기도 광주시,4161000000,202606,2,3,24445
경기도 광주시,4161000000,202606,2,4,31892
경기도 광주시,4161000000,202606,2,5,34250
경기도 광주시,4161000000,202606,2,6,57213
경기도 구리시,4131000000,202601,1,1,13527
경기도 구리시,4131000000,202601,1,2,10698
경기도 구리시,4131000000,202601,1,3,13137
경기도 구리시,4131000000,202601,1,4,14122
경기도 구리시,4131000000,202601,1,5,16213
경기도 구리시,4131000000,202601,1,6,24464
경기도 구리시,4131000000,202601,2,1,12749
경기도 구리시,4131000000,202601,2,2,10563
경기도 구리시,4131000000,202601,2,3,12162
경기도 구리시,4131000000,202601,2,4,13819
경기도 구리시,4131000000,202601,2,5,17206
경기도 구리시,4131000000,202601,2,6,27458
경기도 구리시,4131000000,202602,1,1,13468
경기도 구리시,4131000000,202602,1,2,10632
경기도 구리시,4131000000,202602,1,3,13117
경기도 구리시,4131000000,202602,1,4,14087
경기도 구리시,4131000000,202602,1,5,16200
경기도 구리시,4131000000,202602,1,6,24549
경기도 구리시,4131000000,202602,2,1,12691
경기도 구리시,4131000000,202602,2,2,10520
경기도 구리시,4131000000,202602,2,3,12154
경기도 구리시,4131000000,202602,2,4,13783
경기도 구리시,4131000000,202602,2,5,17157
경기도 구리시,4131000000,202602,2,6,27588
경기도 구리시,4131000000,202603,1,1,13438
경기도 구리시,4131000000,202603,1,2,10577
경기도 구리시,4131000000,202603,1,3,13190
경기도 구리시,4131000000,202603,1,4,14054
경기도 구리시,4131000000,202603,1,5,16152
경기도 구리시,4131000000,202603,1,6,24644
경기도 구리시,4131000000,202603,2,1,12665
경기도 구리시,4131000000,202603,2,2,10485
경기도 구리시,4131000000,202603,2,3,12221
경기도 구리시,4131000000,202603,2,4,13759
경기도 구리시,4131000000,202603,2,5,17064
경기도 구리시,4131000000,202603,2,6,27733
경기도 구리시,4131000000,202604,1,1,13469
경기도 구리시,4131000000,202604,1,2,10614
경기도 구리시,4131000000,202604,1,3,13404
경기도 구리시,4131000000,202604,1,4,14075
경기도 구리시,4131000000,202604,1,5,16180
경기도 구리시,4131000000,202604,1,6,24756
경기도 구리시,4131000000,202604,2,1,12709
경기도 구리시,4131000000,202604,2,2,10468
경기도 구리시,4131000000,202604,2,3,12407
경기도 구리시,4131000000,202604,2,4,13795
경기도 구리시,4131000000,202604,2,5,17057
경기도 구리시,4131000000,202604,2,6,27921
경기도 구리시,4131000000,202605,1,1,13480
경기도 구리시,4131000000,202605,1,2,10606
경기도 구리시,4131000000,202605,1,3,13558
경기도 구리시,4131000000,202605,1,4,14103
경기도 구리시,4131000000,202605,1,5,16175
경기도 구리시,4131000000,202605,1,6,24874
경기도 구리시,4131000000,202605,2,1,12734
경기도 구리시,4131000000,202605,2,2,10438
경기도 구리시,4131000000,202605,2,3,12572
경기도 구리시,4131000000,202605,2,4,13789
경기도 구리시,4131000000,202605,2,5,17087
경기도 구리시,4131000000,202605,2,6,28047
경기도 구리시,4131000000,202606,1,1,13483
경기도 구리시,4131000000,202606,1,2,10593
경기도 구리시,4131000000,202606,1,3,13694
경기도 구리시,4131000000,202606,1,4,14115
경기도 구리시,4131000000,202606,1,5,16149
경기도 구리시,4131000000,202606,1,6,24944
경기도 구리시,4131000000,202606,2,1,12709
경기도 구리시,4131000000,202606,2,2,10438
경기도 구리시,4131000000,202606,2,3,12724
경기도 구리시,4131000000,202606,2,4,13731
경기도 구리시,4131000000,202606,2,5,17095
경기도 구리시,4131000000,202606,2,6,28107
경기도 군포시,4141000000,202601,1,1,17752
경기도 군포시,4141000000,202601,1,2,15618
경기도 군포시,4141000000,202601,1,3,18246
경기도 군포시,4141000000,202601,1,4,17741
경기도 군포시,4141000000,202601,1,5,21887
경기도 군포시,4141000000,202601,1,6,33142
경기도 군포시,4141000000,202601,2,1,16731
경기도 군포시,4141000000,202601,2,2,14156
경기도 군포시,4141000000,202601,2,3,15946
경기도 군포시,4141000000,202601,2,4,17572
경기도 군포시,4141000000,202601,2,5,23293
경기도 군포시,4141000000,202601,2,6,38954
경기도 군포시,4141000000,202602,1,1,17681
경기도 군포시,4141000000,202602,1,2,15468
경기도 군포시,4141000000,202602,1,3,18180
경기도 군포시,4141000000,202602,1,4,17711
경기도 군포시,4141000000,202602,1,5,21858
경기도 군포시,4141000000,202602,1,6,33288
경기도 군포시,4141000000,202602,2,1,16634
경기도 군포시,4141000000,202602,2,2,14084
경기도 군포시,4141000000,202602,2,3,15879
경기도 군포시,4141000000,202602,2,4,17533
경기도 군포시,4141000000,202602,2,5,23269
경기도 군포시,4141000000,202602,2,6,39116
경기도 군포시,4141000000,202603,1,1,17584
경기도 군포시,4141000000,202603,1,2,15369
경기도 군포시,4141000000,202603,1,3,18169
경기도 군포시,4141000000,202603,1,4,17621
경기도 군포시,4141000000,202603,1,5,21760
경기도 군포시,4141000000,202603,1,6,33433
경기도 군포시,4141000000,202603,2,1,16546
경기도 군포시,4141000000,202603,2,2,14008
경기도 군포시,4141000000,202603,2,3,15859
경기도 군포시,4141000000,202603,2,4,17474
경기도 군포시,4141000000,202603,2,5,23164
경기도 군포시,4141000000,202603,2,6,39313
경기도 군포시,4141000000,202604,1,1,17504
경기도 군포시,4141000000,202604,1,2,15281
경기도 군포시,4141000000,202604,1,3,18231
경기도 군포시,4141000000,202604,1,4,17559
경기도 군포시,4141000000,202604,1,5,21702
경기도 군포시,4141000000,202604,1,6,33487
경기도 군포시,4141000000,202604,2,1,16479
경기도 군포시,4141000000,202604,2,2,13942
경기도 군포시,4141000000,202604,2,3,15835
경기도 군포시,4141000000,202604,2,4,17402
경기도 군포시,4141000000,202604,2,5,23136
경기도 군포시,4141000000,202604,2,6,39449
경기도 군포시,4141000000,202605,1,1,17422
경기도 군포시,4141000000,202605,1,2,15236
경기도 군포시,4141000000,202605,1,3,18207
경기도 군포시,4141000000,202605,1,4,17527
경기도 군포시,4141000000,202605,1,5,21634
경기도 군포시,4141000000,202605,1,6,33602
경기도 군포시,4141000000,202605,2,1,16431
경기도 군포시,4141000000,202605,2,2,13875
경기도 군포시,4141000000,202605,2,3,15842
경기도 군포시,4141000000,202605,2,4,17337
경기도 군포시,4141000000,202605,2,5,23133
경기도 군포시,4141000000,202605,2,6,39524
경기도 군포시,4141000000,202606,1,1,17363
경기도 군포시,4141000000,202606,1,2,15171
경기도 군포시,4141000000,202606,1,3,18200
경기도 군포시,4141000000,202606,1,4,17504
경기도 군포시,4141000000,202606,1,5,21589
경기도 군포시,4141000000,202606,1,6,33671
경기도 군포시,4141000000,202606,2,1,16367
경기도 군포시,4141000000,202606,2,2,13790
경기도 군포시,4141000000,202606,2,3,15793
경기도 군포시,4141000000,202606,2,4,17353
경기도 군포시,4141000000,202606,2,5,23095
경기도 군포시,4141000000,202606,2,6,39566
경기도 김포시,4157000000,202601,1,1,47908
경기도 김포시,4157000000,202601,1,2,23608
경기도 김포시,4157000000,202601,1,3,31066
경기도 김포시,4157000000,202601,1,4,46011
경기도 김포시,4157000000,202601,1,5,39566
경기도 김포시,4157000000,202601,1,6,53650
경기도 김포시,4157000000,202601,2,1,45841
경기도 김포시,4157000000,202601,2,2,22570
경기도 김포시,4157000000,202601,2,3,31305
경기도 김포시,4157000000,202601,2,4,45271
경기도 김포시,4157000000,202601,2,5,37177
경기도 김포시,4157000000,202601,2,6,60721
경기도 김포시,4157000000,202602,1,1,47755
경기도 김포시,4157000000,202602,1,2,23547
경기도 김포시,4157000000,202602,1,3,30952
경기도 김포시,4157000000,202602,1,4,45947
경기도 김포시,4157000000,202602,1,5,39648
경기도 김포시,4157000000,202602,1,6,53905
경기도 김포시,4157000000,202602,2,1,45726
경기도 김포시,4157000000,202602,2,2,22541
경기도 김포시,4157000000,202602,2,3,31111
경기도 김포시,4157000000,202602,2,4,45238
경기도 김포시,4157000000,202602,2,5,37266
경기도 김포시,4157000000,202602,2,6,60978
경기도 김포시,4157000000,202603,1,1,47613
경기도 김포시,4157000000,202603,1,2,23413
경기도 김포시,4157000000,202603,1,3,30930
경기도 김포시,4157000000,202603,1,4,45798
경기도 김포시,4157000000,202603,1,5,39669
경기도 김포시,4157000000,202603,1,6,54206
경기도 김포시,4157000000,202603,2,1,45576
경기도 김포시,4157000000,202603,2,2,22413
경기도 김포시,4157000000,202603,2,3,31098
경기도 김포시,4157000000,202603,2,4,45108
경기도 김포시,4157000000,202603,2,5,37254
경기도 김포시,4157000000,202603,2,6,61256
경기도 김포시,4157000000,202604,1,1,47521
경기도 김포시,4157000000,202604,1,2,23248
경기도 김포시,4157000000,202604,1,3,30941
경기도 김포시,4157000000,202604,1,4,45668
경기도 김포시,4157000000,202604,1,5,39736
경기도 김포시,4157000000,202604,1,6,54415
경기도 김포시,4157000000,202604,2,1,45479
경기도 김포시,4157000000,202604,2,2,22337
경기도 김포시,4157000000,202604,2,3,31067
경기도 김포시,4157000000,202604,2,4,45005
경기도 김포시,4157000000,202604,2,5,37332
경기도 김포시,4157000000,202604,2,6,61473
경기도 김포시,4157000000,202605,1,1,47417
경기도 김포시,4157000000,202605,1,2,23139
경기도 김포시,4157000000,202605,1,3,30893
경기도 김포시,4157000000,202605,1,4,45575
경기도 김포시,4157000000,202605,1,5,39780
경기도 김포시,4157000000,202605,1,6,54574
경기도 김포시,4157000000,202605,2,1,45386
경기도 김포시,4157000000,202605,2,2,22281
경기도 김포시,4157000000,202605,2,3,30982
경기도 김포시,4157000000,202605,2,4,44914
경기도 김포시,4157000000,202605,2,5,37390
경기도 김포시,4157000000,202605,2,6,61716
경기도 김포시,4157000000,202606,1,1,47346
경기도 김포시,4157000000,202606,1,2,23083
경기도 김포시,4157000000,202606,1,3,30834
경기도 김포시,4157000000,202606,1,4,45539
경기도 김포시,4157000000,202606,1,5,39834
경기도 김포시,4157000000,202606,1,6,54705
경기도 김포시,4157000000,202606,2,1,45295
경기도 김포시,4157000000,202606,2,2,22305
경기도 김포시,4157000000,202606,2,3,30920
경기도 김포시,4157000000,202606,2,4,44915
경기도 김포시,4157000000,202606,2,5,37387
경기도 김포시,4157000000,202606,2,6,61879
경기도 남양주시,4136000000,202601,1,1,64012
경기도 남양주시,4136000000,202601,1,2,39402
경기도 남양주시,4136000000,202601,1,3,42499
경기도 남양주시,4136000000,202601,1,4,58841
경기도 남양주시,4136000000,202601,1,5,65765
경기도 남양주시,4136000000,202601,1,6,90074
경기도 남양주시,4136000000,202601,2,1,60852
경기도 남양주시,4136000000,202601,2,2,37072
경기도 남양주시,4136000000,202601,2,3,41794
경기도 남양주시,4136000000,202601,2,4,60713
경기도 남양주시,4136000000,202601,2,5,64863
경기도 남양주시,4136000000,202601,2,6,103665
경기도 남양주시,4136000000,202602,1,1,63764
경기도 남양주시,4136000000,202602,1,2,39271
경기도 남양주시,4136000000,202602,1,3,42373
경기도 남양주시,4136000000,202602,1,4,58711
경기도 남양주시,4136000000,202602,1,5,65802
경기도 남양주시,4136000000,202602,1,6,90413
경기도 남양주시,4136000000,202602,2,1,60619
경기도 남양주시,4136000000,202602,2,2,36925
경기도 남양주시,4136000000,202602,2,3,41659
경기도 남양주시,4136000000,202602,2,4,60524
경기도 남양주시,4136000000,202602,2,5,65001
경기도 남양주시,4136000000,202602,2,6,104080
경기도 남양주시,4136000000,202603,1,1,63462
경기도 남양주시,4136000000,202603,1,2,39023
경기도 남양주시,4136000000,202603,1,3,42444
경기도 남양주시,4136000000,202603,1,4,58484
경기도 남양주시,4136000000,202603,1,5,65586
경기도 남양주시,4136000000,202603,1,6,90913
경기도 남양주시,4136000000,202603,2,1,60458
경기도 남양주시,4136000000,202603,2,2,36743
경기도 남양주시,4136000000,202603,2,3,41703
경기도 남양주시,4136000000,202603,2,4,60293
경기도 남양주시,4136000000,202603,2,5,64899
경기도 남양주시,4136000000,202603,2,6,104589
경기도 남양주시,4136000000,202604,1,1,63337
경기도 남양주시,4136000000,202604,1,2,38838
경기도 남양주시,4136000000,202604,1,3,42494
경기도 남양주시,4136000000,202604,1,4,58261
경기도 남양주시,4136000000,202604,1,5,65572
경기도 남양주시,4136000000,202604,1,6,91161
경기도 남양주시,4136000000,202604,2,1,60323
경기도 남양주시,4136000000,202604,2,2,36545
경기도 남양주시,4136000000,202604,2,3,41664
경기도 남양주시,4136000000,202604,2,4,60114
경기도 남양주시,4136000000,202604,2,5,64930
경기도 남양주시,4136000000,202604,2,6,104887
경기도 남양주시,4136000000,202605,1,1,63174
경기도 남양주시,4136000000,202605,1,2,38623
경기도 남양주시,4136000000,202605,1,3,42523
경기도 남양주시,4136000000,202605,1,4,58071
경기도 남양주시,4136000000,202605,1,5,65513
경기도 남양주시,4136000000,202605,1,6,91470
경기도 남양주시,4136000000,202605,2,1,60220
경기도 남양주시,4136000000,202605,2,2,36394
경기도 남양주시,4136000000,202605,2,3,41598
경기도 남양주시,4136000000,202605,2,4,60016
경기도 남양주시,4136000000,202605,2,5,64916
경기도 남양주시,4136000000,202605,2,6,105199
경기도 남양주시,4136000000,202606,1,1,62988
경기도 남양주시,4136000000,202606,1,2,38558
경기도 남양주시,4136000000,202606,1,3,42556
경기도 남양주시,4136000000,202606,1,4,57995
경기도 남양주시,4136000000,202606,1,5,65449
경기도 남양주시,4136000000,202606,1,6,91653
경기도 남양주시,4136000000,202606,2,1,60063
경기도 남양주시,4136000000,202606,2,2,36312
경기도 남양주시,4136000000,202606,2,3,41600
경기도 남양주시,4136000000,202606,2,4,59969
경기도 남양주시,4136000000,202606,2,5,64892
경기도 남양주시,4136000000,202606,2,6,105405
경기도 동두천시,4125000000,202601,1,1,5568
경기도 동두천시,4125000000,202601,1,2,4513
경기도 동두천시,4125000000,202601,1,3,4534
경기도 동두천시,4125000000,202601,1,4,5692
경기도 동두천시,4125000000,202601,1,5,8240
경기도 동두천시,4125000000,202601,1,6,14428
경기도 동두천시,4125000000,202601,2,1,5371
경기도 동두천시,4125000000,202601,2,2,3943
경기도 동두천시,4125000000,202601,2,3,3801
경기도 동두천시,4125000000,202601,2,4,5441
경기도 동두천시,4125000000,202601,2,5,7536
경기도 동두천시,4125000000,202601,2,6,17264
경기도 동두천시,4125000000,202602,1,1,5546
경기도 동두천시,4125000000,202602,1,2,4491
경기도 동두천시,4125000000,202602,1,3,4522
경기도 동두천시,4125000000,202602,1,4,5676
경기도 동두천시,4125000000,202602,1,5,8232
경기도 동두천시,4125000000,202602,1,6,14491
경기도 동두천시,4125000000,202602,2,1,5348
경기도 동두천시,4125000000,202602,2,2,3922
경기도 동두천시,4125000000,202602,2,3,3811
경기도 동두천시,4125000000,202602,2,4,5423
경기도 동두천시,4125000000,202602,2,5,7517
경기도 동두천시,4125000000,202602,2,6,17320
경기도 동두천시,4125000000,202603,1,1,5531
경기도 동두천시,4125000000,202603,1,2,4488
경기도 동두천시,4125000000,202603,1,3,4527
경기도 동두천시,4125000000,202603,1,4,5658
경기도 동두천시,4125000000,202603,1,5,8186
경기도 동두천시,4125000000,202603,1,6,14598
경기도 동두천시,4125000000,202603,2,1,5328
경기도 동두천시,4125000000,202603,2,2,3911
경기도 동두천시,4125000000,202603,2,3,3804
경기도 동두천시,4125000000,202603,2,4,5388
경기도 동두천시,4125000000,202603,2,5,7523
경기도 동두천시,4125000000,202603,2,6,17384
경기도 동두천시,4125000000,202604,1,1,5519
경기도 동두천시,4125000000,202604,1,2,4442
경기도 동두천시,4125000000,202604,1,3,4533
경기도 동두천시,4125000000,202604,1,4,5635
경기도 동두천시,4125000000,202604,1,5,8208
경기도 동두천시,4125000000,202604,1,6,14642
경기도 동두천시,4125000000,202604,2,1,5314
경기도 동두천시,4125000000,202604,2,2,3895
경기도 동두천시,4125000000,202604,2,3,3772
경기도 동두천시,4125000000,202604,2,4,5399
경기도 동두천시,4125000000,202604,2,5,7523
경기도 동두천시,4125000000,202604,2,6,17411
경기도 동두천시,4125000000,202605,1,1,5512
경기도 동두천시,4125000000,202605,1,2,4433
경기도 동두천시,4125000000,202605,1,3,4518
경기도 동두천시,4125000000,202605,1,4,5611
경기도 동두천시,4125000000,202605,1,5,8188
경기도 동두천시,4125000000,202605,1,6,14700
경기도 동두천시,4125000000,202605,2,1,5298
경기도 동두천시,4125000000,202605,2,2,3873
경기도 동두천시,4125000000,202605,2,3,3767
경기도 동두천시,4125000000,202605,2,4,5398
경기도 동두천시,4125000000,202605,2,5,7487
경기도 동두천시,4125000000,202605,2,6,17458
경기도 동두천시,4125000000,202606,1,1,5496
경기도 동두천시,4125000000,202606,1,2,4410
경기도 동두천시,4125000000,202606,1,3,4513
경기도 동두천시,4125000000,202606,1,4,5602
경기도 동두천시,4125000000,202606,1,5,8205
경기도 동두천시,4125000000,202606,1,6,14747
경기도 동두천시,4125000000,202606,2,1,5293
경기도 동두천시,4125000000,202606,2,2,3861
경기도 동두천시,4125000000,202606,2,3,3770
경기도 동두천시,4125000000,202606,2,4,5383
경기도 동두천시,4125000000,202606,2,5,7507
경기도 동두천시,4125000000,202606,2,6,17478
경기도 부천시 소사구,4119400000,202601,1,1,16780
경기도 부천시 소사구,4119400000,202601,1,2,11443
경기도 부천시 소사구,4119400000,202601,1,3,15536
경기도 부천시 소사구,4119400000,202601,1,4,17871
경기도 부천시 소사구,4119400000,202601,1,5,17979
경기도 부천시 소사구,4119400000,202601,1,6,30642
경기도 부천시 소사구,4119400000,202601,2,1,16035
경기도 부천시 소사구,4119400000,202601,2,2,11113
경기도 부천시 소사구,4119400000,202601,2,3,14628
경기도 부천시 소사구,4119400000,202601,2,4,17371
경기도 부천시 소사구,4119400000,202601,2,5,19056
경기도 부천시 소사구,4119400000,202601,2,6,36836
경기도 부천시 소사구,4119400000,202602,1,1,16682
경기도 부천시 소사구,4119400000,202602,1,2,11380
경기도 부천시 소사구,4119400000,202602,1,3,15478
경기도 부천시 소사구,4119400000,202602,1,4,17780
경기도 부천시 소사구,4119400000,202602,1,5,18000
경기도 부천시 소사구,4119400000,202602,1,6,30731
경기도 부천시 소사구,4119400000,202602,2,1,15964
경기도 부천시 소사구,4119400000,202602,2,2,11092
경기도 부천시 소사구,4119400000,202602,2,3,14587
경기도 부천시 소사구,4119400000,202602,2,4,17284
경기도 부천시 소사구,4119400000,202602,2,5,19065
경기도 부천시 소사구,4119400000,202602,2,6,36967
경기도 부천시 소사구,4119400000,202603,1,1,16624
경기도 부천시 소사구,4119400000,202603,1,2,11343
경기도 부천시 소사구,4119400000,202603,1,3,15462
경기도 부천시 소사구,4119400000,202603,1,4,17716
경기도 부천시 소사구,4119400000,202603,1,5,17973
경기도 부천시 소사구,4119400000,202603,1,6,30838
경기도 부천시 소사구,4119400000,202603,2,1,15895
경기도 부천시 소사구,4119400000,202603,2,2,11065
경기도 부천시 소사구,4119400000,202603,2,3,14583
경기도 부천시 소사구,4119400000,202603,2,4,17215
경기도 부천시 소사구,4119400000,202603,2,5,19002
경기도 부천시 소사구,4119400000,202603,2,6,37126
경기도 부천시 소사구,4119400000,202604,1,1,16601
경기도 부천시 소사구,4119400000,202604,1,2,11249
경기도 부천시 소사구,4119400000,202604,1,3,15396
경기도 부천시 소사구,4119400000,202604,1,4,17691
경기도 부천시 소사구,4119400000,202604,1,5,17956
경기도 부천시 소사구,4119400000,202604,1,6,30906
경기도 부천시 소사구,4119400000,202604,2,1,15870
경기도 부천시 소사구,4119400000,202604,2,2,10999
경기도 부천시 소사구,4119400000,202604,2,3,14538
경기도 부천시 소사구,4119400000,202604,2,4,17214
경기도 부천시 소사구,4119400000,202604,2,5,18999
경기도 부천시 소사구,4119400000,202604,2,6,37209
경기도 부천시 소사구,4119400000,202605,1,1,16557
경기도 부천시 소사구,4119400000,202605,1,2,11148
경기도 부천시 소사구,4119400000,202605,1,3,15366
경기도 부천시 소사구,4119400000,202605,1,4,17680
경기도 부천시 소사구,4119400000,202605,1,5,17942
경기도 부천시 소사구,4119400000,202605,1,6,30999
경기도 부천시 소사구,4119400000,202605,2,1,15821
경기도 부천시 소사구,4119400000,202605,2,2,10896
경기도 부천시 소사구,4119400000,202605,2,3,14510
경기도 부천시 소사구,4119400000,202605,2,4,17194
경기도 부천시 소사구,4119400000,202605,2,5,18963
경기도 부천시 소사구,4119400000,202605,2,6,37323
경기도 부천시 소사구,4119400000,202606,1,1,16516
경기도 부천시 소사구,4119400000,202606,1,2,11054
경기도 부천시 소사구,4119400000,202606,1,3,15380
경기도 부천시 소사구,4119400000,202606,1,4,17679
경기도 부천시 소사구,4119400000,202606,1,5,17868
경기도 부천시 소사구,4119400000,202606,1,6,31069
경기도 부천시 소사구,4119400000,202606,2,1,15783
경기도 부천시 소사구,4119400000,202606,2,2,10828
경기도 부천시 소사구,4119400000,202606,2,3,14533
경기도 부천시 소사구,4119400000,202606,2,4,17157
경기도 부천시 소사구,4119400000,202606,2,5,18960
경기도 부천시 소사구,4119400000,202606,2,6,37375
경기도 부천시 오정구,4119600000,202601,1,1,8421
경기도 부천시 오정구,4119600000,202601,1,2,9003
경기도 부천시 오정구,4119600000,202601,1,3,10362
경기도 부천시 오정구,4119600000,202601,1,4,10100
경기도 부천시 오정구,4119600000,202601,1,5,14458
경기도 부천시 오정구,4119600000,202601,1,6,22717
경기도 부천시 오정구,4119600000,202601,2,1,7753
경기도 부천시 오정구,4119600000,202601,2,2,8076
경기도 부천시 오정구,4119600000,202601,2,3,8421
경기도 부천시 오정구,4119600000,202601,2,4,8961
경기도 부천시 오정구,4119600000,202601,2,5,14621
경기도 부천시 오정구,4119600000,202601,2,6,26018
경기도 부천시 오정구,4119600000,202602,1,1,8386
경기도 부천시 오정구,4119600000,202602,1,2,8957
경기도 부천시 오정구,4119600000,202602,1,3,10343
경기도 부천시 오정구,4119600000,202602,1,4,10086
경기도 부천시 오정구,4119600000,202602,1,5,14430
경기도 부천시 오정구,4119600000,202602,1,6,22827
경기도 부천시 오정구,4119600000,202602,2,1,7747
경기도 부천시 오정구,4119600000,202602,2,2,8013
경기도 부천시 오정구,4119600000,202602,2,3,8463
경기도 부천시 오정구,4119600000,202602,2,4,8935
경기도 부천시 오정구,4119600000,202602,2,5,14578
경기도 부천시 오정구,4119600000,202602,2,6,26125
경기도 부천시 오정구,4119600000,202603,1,1,8366
경기도 부천시 오정구,4119600000,202603,1,2,8907
경기도 부천시 오정구,4119600000,202603,1,3,10324
경기도 부천시 오정구,4119600000,202603,1,4,10025
경기도 부천시 오정구,4119600000,202603,1,5,14347
경기도 부천시 오정구,4119600000,202603,1,6,22922
경기도 부천시 오정구,4119600000,202603,2,1,7702
경기도 부천시 오정구,4119600000,202603,2,2,7970
경기도 부천시 오정구,4119600000,202603,2,3,8506
경기도 부천시 오정구,4119600000,202603,2,4,8873
경기도 부천시 오정구,4119600000,202603,2,5,14525
경기도 부천시 오정구,4119600000,202603,2,6,26228
경기도 부천시 오정구,4119600000,202604,1,1,8332
경기도 부천시 오정구,4119600000,202604,1,2,8890
경기도 부천시 오정구,4119600000,202604,1,3,10422
경기도 부천시 오정구,4119600000,202604,1,4,9998
경기도 부천시 오정구,4119600000,202604,1,5,14282
경기도 부천시 오정구,4119600000,202604,1,6,23001
경기도 부천시 오정구,4119600000,202604,2,1,7663
경기도 부천시 오정구,4119600000,202604,2,2,8008
경기도 부천시 오정구,4119600000,202604,2,3,8634
경기도 부천시 오정구,4119600000,202604,2,4,8827
경기도 부천시 오정구,4119600000,202604,2,5,14478
경기도 부천시 오정구,4119600000,202604,2,6,26290
경기도 부천시 오정구,4119600000,202605,1,1,8279
경기도 부천시 오정구,4119600000,202605,1,2,8876
경기도 부천시 오정구,4119600000,202605,1,3,10537
경기도 부천시 오정구,4119600000,202605,1,4,9944
경기도 부천시 오정구,4119600000,202605,1,5,14236
경기도 부천시 오정구,4119600000,202605,1,6,23082
경기도 부천시 오정구,4119600000,202605,2,1,7628
경기도 부천시 오정구,4119600000,202605,2,2,7996
경기도 부천시 오정구,4119600000,202605,2,3,8752
경기도 부천시 오정구,4119600000,202605,2,4,8806
경기도 부천시 오정구,4119600000,202605,2,5,14426
경기도 부천시 오정구,4119600000,202605,2,6,26384
경기도 부천시 오정구,4119600000,202606,1,1,8246
경기도 부천시 오정구,4119600000,202606,1,2,8835
경기도 부천시 오정구,4119600000,202606,1,3,10596
경기도 부천시 오정구,4119600000,202606,1,4,9930
경기도 부천시 오정구,4119600000,202606,1,5,14202
경기도 부천시 오정구,4119600000,202606,1,6,23111
경기도 부천시 오정구,4119600000,202606,2,1,7600
경기도 부천시 오정구,4119600000,202606,2,2,7984
경기도 부천시 오정구,4119600000,202606,2,3,8758
경기도 부천시 오정구,4119600000,202606,2,4,8824
경기도 부천시 오정구,4119600000,202606,2,5,14382
경기도 부천시 오정구,4119600000,202606,2,6,26444
경기도 부천시 원미구,4119200000,202601,1,1,26204
경기도 부천시 원미구,4119200000,202601,1,2,22578
경기도 부천시 원미구,4119200000,202601,1,3,28252
경기도 부천시 원미구,4119200000,202601,1,4,28460
경기도 부천시 원미구,4119200000,202601,1,5,32241
경기도 부천시 원미구,4119200000,202601,1,6,50519
경기도 부천시 원미구,4119200000,202601,2,1,25204
경기도 부천시 원미구,4119200000,202601,2,2,22751
경기도 부천시 원미구,4119200000,202601,2,3,26877
경기도 부천시 원미구,4119200000,202601,2,4,28256
경기도 부천시 원미구,4119200000,202601,2,5,34326
경기도 부천시 원미구,4119200000,202601,2,6,58343
경기도 부천시 원미구,4119200000,202602,1,1,26109
경기도 부천시 원미구,4119200000,202602,1,2,22369
경기도 부천시 원미구,4119200000,202602,1,3,28177
경기도 부천시 원미구,4119200000,202602,1,4,28395
경기도 부천시 원미구,4119200000,202602,1,5,32152
경기도 부천시 원미구,4119200000,202602,1,6,50745
경기도 부천시 원미구,4119200000,202602,2,1,25083
경기도 부천시 원미구,4119200000,202602,2,2,22681
경기도 부천시 원미구,4119200000,202602,2,3,26795
경기도 부천시 원미구,4119200000,202602,2,4,28181
경기도 부천시 원미구,4119200000,202602,2,5,34312
경기도 부천시 원미구,4119200000,202602,2,6,58545
경기도 부천시 원미구,4119200000,202603,1,1,25989
경기도 부천시 원미구,4119200000,202603,1,2,22189
경기도 부천시 원미구,4119200000,202603,1,3,28207
경기도 부천시 원미구,4119200000,202603,1,4,28259
경기도 부천시 원미구,4119200000,202603,1,5,32082
경기도 부천시 원미구,4119200000,202603,1,6,50965
경기도 부천시 원미구,4119200000,202603,2,1,25023
경기도 부천시 원미구,4119200000,202603,2,2,22541
경기도 부천시 원미구,4119200000,202603,2,3,26844
경기도 부천시 원미구,4119200000,202603,2,4,28087
경기도 부천시 원미구,4119200000,202603,2,5,34183
경기도 부천시 원미구,4119200000,202603,2,6,58795
경기도 부천시 원미구,4119200000,202604,1,1,25961
경기도 부천시 원미구,4119200000,202604,1,2,21999
경기도 부천시 원미구,4119200000,202604,1,3,28199
경기도 부천시 원미구,4119200000,202604,1,4,28275
경기도 부천시 원미구,4119200000,202604,1,5,32022
경기도 부천시 원미구,4119200000,202604,1,6,51070
경기도 부천시 원미구,4119200000,202604,2,1,25003
경기도 부천시 원미구,4119200000,202604,2,2,22400
경기도 부천시 원미구,4119200000,202604,2,3,26852
경기도 부천시 원미구,4119200000,202604,2,4,28041
경기도 부천시 원미구,4119200000,202604,2,5,34095
경기도 부천시 원미구,4119200000,202604,2,6,58986
경기도 부천시 원미구,4119200000,202605,1,1,25923
경기도 부천시 원미구,4119200000,202605,1,2,21917
경기도 부천시 원미구,4119200000,202605,1,3,28209
경기도 부천시 원미구,4119200000,202605,1,4,28228
경기도 부천시 원미구,4119200000,202605,1,5,31956
경기도 부천시 원미구,4119200000,202605,1,6,51224
경기도 부천시 원미구,4119200000,202605,2,1,24957
경기도 부천시 원미구,4119200000,202605,2,2,22288
경기도 부천시 원미구,4119200000,202605,2,3,26816
경기도 부천시 원미구,4119200000,202605,2,4,28013
경기도 부천시 원미구,4119200000,202605,2,5,34045
경기도 부천시 원미구,4119200000,202605,2,6,59116
경기도 부천시 원미구,4119200000,202606,1,1,25875
경기도 부천시 원미구,4119200000,202606,1,2,21770
경기도 부천시 원미구,4119200000,202606,1,3,28231
경기도 부천시 원미구,4119200000,202606,1,4,28181
경기도 부천시 원미구,4119200000,202606,1,5,31857
경기도 부천시 원미구,4119200000,202606,1,6,51293
경기도 부천시 원미구,4119200000,202606,2,1,24903
경기도 부천시 원미구,4119200000,202606,2,2,22188
경기도 부천시 원미구,4119200000,202606,2,3,26829
경기도 부천시 원미구,4119200000,202606,2,4,27992
경기도 부천시 원미구,4119200000,202606,2,5,33983
경기도 부천시 원미구,4119200000,202606,2,6,59237
경기도 성남시 분당구,4113500000,202601,1,1,42130
경기도 성남시 분당구,4113500000,202601,1,2,26682
경기도 성남시 분당구,4113500000,202601,1,3,33390
경기도 성남시 분당구,4113500000,202601,1,4,36819
경기도 성남시 분당구,4113500000,202601,1,5,38085
경기도 성남시 분당구,4113500000,202601,1,6,50394
경기도 성남시 분당구,4113500000,202601,2,1,40335
경기도 성남시 분당구,4113500000,202601,2,2,26870
경기도 성남시 분당구,4113500000,202601,2,3,34131
경기도 성남시 분당구,4113500000,202601,2,4,41296
경기도 성남시 분당구,4113500000,202601,2,5,40758
경기도 성남시 분당구,4113500000,202601,2,6,58981
경기도 성남시 분당구,4113500000,202602,1,1,42041
경기도 성남시 분당구,4113500000,202602,1,2,26530
경기도 성남시 분당구,4113500000,202602,1,3,33279
경기도 성남시 분당구,4113500000,202602,1,4,36834
경기도 성남시 분당구,4113500000,202602,1,5,38102
경기도 성남시 분당구,4113500000,202602,1,6,50502
경기도 성남시 분당구,4113500000,202602,2,1,40249
경기도 성남시 분당구,4113500000,202602,2,2,26668
경기도 성남시 분당구,4113500000,202602,2,3,34104
경기도 성남시 분당구,4113500000,202602,2,4,41227
경기도 성남시 분당구,4113500000,202602,2,5,40770
경기도 성남시 분당구,4113500000,202602,2,6,59129
경기도 성남시 분당구,4113500000,202603,1,1,41954
경기도 성남시 분당구,4113500000,202603,1,2,26286
경기도 성남시 분당구,4113500000,202603,1,3,33407
경기도 성남시 분당구,4113500000,202603,1,4,36728
경기도 성남시 분당구,4113500000,202603,1,5,38045
경기도 성남시 분당구,4113500000,202603,1,6,50617
경기도 성남시 분당구,4113500000,202603,2,1,40184
경기도 성남시 분당구,4113500000,202603,2,2,26516
경기도 성남시 분당구,4113500000,202603,2,3,34196
경기도 성남시 분당구,4113500000,202603,2,4,41056
경기도 성남시 분당구,4113500000,202603,2,5,40710
경기도 성남시 분당구,4113500000,202603,2,6,59316
경기도 성남시 분당구,4113500000,202604,1,1,41898
경기도 성남시 분당구,4113500000,202604,1,2,26154
경기도 성남시 분당구,4113500000,202604,1,3,33382
경기도 성남시 분당구,4113500000,202604,1,4,36687
경기도 성남시 분당구,4113500000,202604,1,5,38017
경기도 성남시 분당구,4113500000,202604,1,6,50723
경기도 성남시 분당구,4113500000,202604,2,1,40148
경기도 성남시 분당구,4113500000,202604,2,2,26354
경기도 성남시 분당구,4113500000,202604,2,3,34177
경기도 성남시 분당구,4113500000,202604,2,4,41009
경기도 성남시 분당구,4113500000,202604,2,5,40660
경기도 성남시 분당구,4113500000,202604,2,6,59418
경기도 성남시 분당구,4113500000,202605,1,1,41809
경기도 성남시 분당구,4113500000,202605,1,2,26064
경기도 성남시 분당구,4113500000,202605,1,3,33271
경기도 성남시 분당구,4113500000,202605,1,4,36647
경기도 성남시 분당구,4113500000,202605,1,5,37977
경기도 성남시 분당구,4113500000,202605,1,6,50885
경기도 성남시 분당구,4113500000,202605,2,1,40103
경기도 성남시 분당구,4113500000,202605,2,2,26247
경기도 성남시 분당구,4113500000,202605,2,3,34116
경기도 성남시 분당구,4113500000,202605,2,4,40982
경기도 성남시 분당구,4113500000,202605,2,5,40678
경기도 성남시 분당구,4113500000,202605,2,6,59589
경기도 성남시 분당구,4113500000,202606,1,1,41705
경기도 성남시 분당구,4113500000,202606,1,2,25970
경기도 성남시 분당구,4113500000,202606,1,3,33133
경기도 성남시 분당구,4113500000,202606,1,4,36603
경기도 성남시 분당구,4113500000,202606,1,5,37948
경기도 성남시 분당구,4113500000,202606,1,6,50912
경기도 성남시 분당구,4113500000,202606,2,1,40012
경기도 성남시 분당구,4113500000,202606,2,2,26160
경기도 성남시 분당구,4113500000,202606,2,3,34008
경기도 성남시 분당구,4113500000,202606,2,4,40898
경기도 성남시 분당구,4113500000,202606,2,5,40689
경기도 성남시 분당구,4113500000,202606,2,6,59603
경기도 성남시 수정구,4113100000,202601,1,1,14611
경기도 성남시 수정구,4113100000,202601,1,2,14619
경기도 성남시 수정구,4113100000,202601,1,3,19191
경기도 성남시 수정구,4113100000,202601,1,4,17952
경기도 성남시 수정구,4113100000,202601,1,5,19701
경기도 성남시 수정구,4113100000,202601,1,6,31777
경기도 성남시 수정구,4113100000,202601,2,1,14246
경기도 성남시 수정구,4113100000,202601,2,2,13250
경기도 성남시 수정구,4113100000,202601,2,3,16685
경기도 성남시 수정구,4113100000,202601,2,4,16001
경기도 성남시 수정구,4113100000,202601,2,5,18567
경기도 성남시 수정구,4113100000,202601,2,6,36673
경기도 성남시 수정구,4113100000,202602,1,1,14722
경기도 성남시 수정구,4113100000,202602,1,2,14579
경기도 성남시 수정구,4113100000,202602,1,3,19310
경기도 성남시 수정구,4113100000,202602,1,4,18043
경기도 성남시 수정구,4113100000,202602,1,5,19698
경기도 성남시 수정구,4113100000,202602,1,6,31922
경기도 성남시 수정구,4113100000,202602,2,1,14394
경기도 성남시 수정구,4113100000,202602,2,2,13175
경기도 성남시 수정구,4113100000,202602,2,3,16799
경기도 성남시 수정구,4113100000,202602,2,4,16046
경기도 성남시 수정구,4113100000,202602,2,5,18615
경기도 성남시 수정구,4113100000,202602,2,6,36784
경기도 성남시 수정구,4113100000,202603,1,1,14801
경기도 성남시 수정구,4113100000,202603,1,2,14535
경기도 성남시 수정구,4113100000,202603,1,3,19372
경기도 성남시 수정구,4113100000,202603,1,4,18015
경기도 성남시 수정구,4113100000,202603,1,5,19595
경기도 성남시 수정구,4113100000,202603,1,6,32101
경기도 성남시 수정구,4113100000,202603,2,1,14429
경기도 성남시 수정구,4113100000,202603,2,2,13124
경기도 성남시 수정구,4113100000,202603,2,3,16864
경기도 성남시 수정구,4113100000,202603,2,4,15993
경기도 성남시 수정구,4113100000,202603,2,5,18543
경기도 성남시 수정구,4113100000,202603,2,6,36964
경기도 성남시 수정구,4113100000,202604,1,1,14774
경기도 성남시 수정구,4113100000,202604,1,2,14390
경기도 성남시 수정구,4113100000,202604,1,3,19382
경기도 성남시 수정구,4113100000,202604,1,4,17964
경기도 성남시 수정구,4113100000,202604,1,5,19571
경기도 성남시 수정구,4113100000,202604,1,6,32220
경기도 성남시 수정구,4113100000,202604,2,1,14394
경기도 성남시 수정구,4113100000,202604,2,2,13082
경기도 성남시 수정구,4113100000,202604,2,3,16862
경기도 성남시 수정구,4113100000,202604,2,4,15946
경기도 성남시 수정구,4113100000,202604,2,5,18563
경기도 성남시 수정구,4113100000,202604,2,6,37034
경기도 성남시 수정구,4113100000,202605,1,1,14786
경기도 성남시 수정구,4113100000,202605,1,2,14316
경기도 성남시 수정구,4113100000,202605,1,3,19453
경기도 성남시 수정구,4113100000,202605,1,4,17929
경기도 성남시 수정구,4113100000,202605,1,5,19590
경기도 성남시 수정구,4113100000,202605,1,6,32311
경기도 성남시 수정구,4113100000,202605,2,1,14377
경기도 성남시 수정구,4113100000,202605,2,2,13027
경기도 성남시 수정구,4113100000,202605,2,3,16859
경기도 성남시 수정구,4113100000,202605,2,4,15964
경기도 성남시 수정구,4113100000,202605,2,5,18553
경기도 성남시 수정구,4113100000,202605,2,6,37163
경기도 성남시 수정구,4113100000,202606,1,1,14851
경기도 성남시 수정구,4113100000,202606,1,2,14267
경기도 성남시 수정구,4113100000,202606,1,3,19534
경기도 성남시 수정구,4113100000,202606,1,4,17944
경기도 성남시 수정구,4113100000,202606,1,5,19567
경기도 성남시 수정구,4113100000,202606,1,6,32377
경기도 성남시 수정구,4113100000,202606,2,1,14412
경기도 성남시 수정구,4113100000,202606,2,2,12975
경기도 성남시 수정구,4113100000,202606,2,3,16926
경기도 성남시 수정구,4113100000,202606,2,4,16006
경기도 성남시 수정구,4113100000,202606,2,5,18519
경기도 성남시 수정구,4113100000,202606,2,6,37261
경기도 성남시 중원구,4113300000,202601,1,1,12321
경기도 성남시 중원구,4113300000,202601,1,2,12108
경기도 성남시 중원구,4113300000,202601,1,3,16817
경기도 성남시 중원구,4113300000,202601,1,4,15230
경기도 성남시 중원구,4113300000,202601,1,5,17120
경기도 성남시 중원구,4113300000,202601,1,6,28589
경기도 성남시 중원구,4113300000,202601,2,1,11738
경기도 성남시 중원구,4113300000,202601,2,2,11506
경기도 성남시 중원구,4113300000,202601,2,3,14229
경기도 성남시 중원구,4113300000,202601,2,4,13701
경기도 성남시 중원구,4113300000,202601,2,5,16547
경기도 성남시 중원구,4113300000,202601,2,6,33110
경기도 성남시 중원구,4113300000,202602,1,1,12239
경기도 성남시 중원구,4113300000,202602,1,2,12078
경기도 성남시 중원구,4113300000,202602,1,3,16763
경기도 성남시 중원구,4113300000,202602,1,4,15127
경기도 성남시 중원구,4113300000,202602,1,5,17121
경기도 성남시 중원구,4113300000,202602,1,6,28663
경기도 성남시 중원구,4113300000,202602,2,1,11666
경기도 성남시 중원구,4113300000,202602,2,2,11457
경기도 성남시 중원구,4113300000,202602,2,3,14176
경기도 성남시 중원구,4113300000,202602,2,4,13637
경기도 성남시 중원구,4113300000,202602,2,5,16535
경기도 성남시 중원구,4113300000,202602,2,6,33217
경기도 성남시 중원구,4113300000,202603,1,1,12182
경기도 성남시 중원구,4113300000,202603,1,2,11949
경기도 성남시 중원구,4113300000,202603,1,3,16783
경기도 성남시 중원구,4113300000,202603,1,4,15034
경기도 성남시 중원구,4113300000,202603,1,5,16977
경기도 성남시 중원구,4113300000,202603,1,6,28735
경기도 성남시 중원구,4113300000,202603,2,1,11623
경기도 성남시 중원구,4113300000,202603,2,2,11343
경기도 성남시 중원구,4113300000,202603,2,3,14203
경기도 성남시 중원구,4113300000,202603,2,4,13539
경기도 성남시 중원구,4113300000,202603,2,5,16442
경기도 성남시 중원구,4113300000,202603,2,6,33332
경기도 성남시 중원구,4113300000,202604,1,1,12175
경기도 성남시 중원구,4113300000,202604,1,2,11882
경기도 성남시 중원구,4113300000,202604,1,3,16801
경기도 성남시 중원구,4113300000,202604,1,4,14969
경기도 성남시 중원구,4113300000,202604,1,5,16932
경기도 성남시 중원구,4113300000,202604,1,6,28763
경기도 성남시 중원구,4113300000,202604,2,1,11576
경기도 성남시 중원구,4113300000,202604,2,2,11262
경기도 성남시 중원구,4113300000,202604,2,3,14198
경기도 성남시 중원구,4113300000,202604,2,4,13456
경기도 성남시 중원구,4113300000,202604,2,5,16404
경기도 성남시 중원구,4113300000,202604,2,6,33349
경기도 성남시 중원구,4113300000,202605,1,1,12104
경기도 성남시 중원구,4113300000,202605,1,2,11754
경기도 성남시 중원구,4113300000,202605,1,3,16757
경기도 성남시 중원구,4113300000,202605,1,4,14893
경기도 성남시 중원구,4113300000,202605,1,5,16816
경기도 성남시 중원구,4113300000,202605,1,6,28787
경기도 성남시 중원구,4113300000,202605,2,1,11534
경기도 성남시 중원구,4113300000,202605,2,2,11164
경기도 성남시 중원구,4113300000,202605,2,3,14189
경기도 성남시 중원구,4113300000,202605,2,4,13418
경기도 성남시 중원구,4113300000,202605,2,5,16298
경기도 성남시 중원구,4113300000,202605,2,6,33337
경기도 성남시 중원구,4113300000,202606,1,1,11996
경기도 성남시 중원구,4113300000,202606,1,2,11662
경기도 성남시 중원구,4113300000,202606,1,3,16701
경기도 성남시 중원구,4113300000,202606,1,4,14869
경기도 성남시 중원구,4113300000,202606,1,5,16687
경기도 성남시 중원구,4113300000,202606,1,6,28700
경기도 성남시 중원구,4113300000,202606,2,1,11470
경기도 성남시 중원구,4113300000,202606,2,2,11062
경기도 성남시 중원구,4113300000,202606,2,3,14095
경기도 성남시 중원구,4113300000,202606,2,4,13364
경기도 성남시 중원구,4113300000,202606,2,5,16199
경기도 성남시 중원구,4113300000,202606,2,6,33259
경기도 수원시 권선구,4111300000,202601,1,1,27232
경기도 수원시 권선구,4111300000,202601,1,2,22918
경기도 수원시 권선구,4111300000,202601,1,3,31059
경기도 수원시 권선구,4111300000,202601,1,4,29325
경기도 수원시 권선구,4111300000,202601,1,5,30183
경기도 수원시 권선구,4111300000,202601,1,6,41330
경기도 수원시 권선구,4111300000,202601,2,1,25590
경기도 수원시 권선구,4111300000,202601,2,2,21888
경기도 수원시 권선구,4111300000,202601,2,3,26459
경기도 수원시 권선구,4111300000,202601,2,4,26894
경기도 수원시 권선구,4111300000,202601,2,5,31102
경기도 수원시 권선구,4111300000,202601,2,6,46826
경기도 수원시 권선구,4111300000,202602,1,1,27084
경기도 수원시 권선구,4111300000,202602,1,2,22810
경기도 수원시 권선구,4111300000,202602,1,3,30975
경기도 수원시 권선구,4111300000,202602,1,4,29294
경기도 수원시 권선구,4111300000,202602,1,5,30159
경기도 수원시 권선구,4111300000,202602,1,6,41552
경기도 수원시 권선구,4111300000,202602,2,1,25507
경기도 수원시 권선구,4111300000,202602,2,2,21793
경기도 수원시 권선구,4111300000,202602,2,3,26442
경기도 수원시 권선구,4111300000,202602,2,4,26788
경기도 수원시 권선구,4111300000,202602,2,5,31102
경기도 수원시 권선구,4111300000,202602,2,6,47029
경기도 수원시 권선구,4111300000,202603,1,1,26945
경기도 수원시 권선구,4111300000,202603,1,2,22644
경기도 수원시 권선구,4111300000,202603,1,3,31025
경기도 수원시 권선구,4111300000,202603,1,4,29198
경기도 수원시 권선구,4111300000,202603,1,5,30124
경기도 수원시 권선구,4111300000,202603,1,6,41761
경기도 수원시 권선구,4111300000,202603,2,1,25401
경기도 수원시 권선구,4111300000,202603,2,2,21724
경기도 수원시 권선구,4111300000,202603,2,3,26493
경기도 수원시 권선구,4111300000,202603,2,4,26724
경기도 수원시 권선구,4111300000,202603,2,5,31045
경기도 수원시 권선구,4111300000,202603,2,6,47299
경기도 수원시 권선구,4111300000,202604,1,1,26908
경기도 수원시 권선구,4111300000,202604,1,2,22538
경기도 수원시 권선구,4111300000,202604,1,3,31032
경기도 수원시 권선구,4111300000,202604,1,4,29132
경기도 수원시 권선구,4111300000,202604,1,5,30137
경기도 수원시 권선구,4111300000,202604,1,6,41924
경기도 수원시 권선구,4111300000,202604,2,1,25328
경기도 수원시 권선구,4111300000,202604,2,2,21620
경기도 수원시 권선구,4111300000,202604,2,3,26556
경기도 수원시 권선구,4111300000,202604,2,4,26694
경기도 수원시 권선구,4111300000,202604,2,5,31013
경기도 수원시 권선구,4111300000,202604,2,6,47483
경기도 수원시 권선구,4111300000,202605,1,1,26848
경기도 수원시 권선구,4111300000,202605,1,2,22474
경기도 수원시 권선구,4111300000,202605,1,3,31079
경기도 수원시 권선구,4111300000,202605,1,4,29062
경기도 수원시 권선구,4111300000,202605,1,5,30104
경기도 수원시 권선구,4111300000,202605,1,6,42046
경기도 수원시 권선구,4111300000,202605,2,1,25307
경기도 수원시 권선구,4111300000,202605,2,2,21539
경기도 수원시 권선구,4111300000,202605,2,3,26612
경기도 수원시 권선구,4111300000,202605,2,4,26659
경기도 수원시 권선구,4111300000,202605,2,5,30956
경기도 수원시 권선구,4111300000,202605,2,6,47657
경기도 수원시 권선구,4111300000,202606,1,1,26791
경기도 수원시 권선구,4111300000,202606,1,2,22414
경기도 수원시 권선구,4111300000,202606,1,3,31132
경기도 수원시 권선구,4111300000,202606,1,4,29021
경기도 수원시 권선구,4111300000,202606,1,5,30024
경기도 수원시 권선구,4111300000,202606,1,6,42184
경기도 수원시 권선구,4111300000,202606,2,1,25300
경기도 수원시 권선구,4111300000,202606,2,2,21469
경기도 수원시 권선구,4111300000,202606,2,3,26658
경기도 수원시 권선구,4111300000,202606,2,4,26623
경기도 수원시 권선구,4111300000,202606,2,5,30909
경기도 수원시 권선구,4111300000,202606,2,6,47761
경기도 수원시 영통구,4111700000,202601,1,1,35030
경기도 수원시 영통구,4111700000,202601,1,2,26201
경기도 수원시 영통구,4111700000,202601,1,3,32324
경기도 수원시 영통구,4111700000,202601,1,4,31174
경기도 수원시 영통구,4111700000,202601,1,5,28552
경기도 수원시 영통구,4111700000,202601,1,6,28065
경기도 수원시 영통구,4111700000,202601,2,1,32864
경기도 수원시 영통구,4111700000,202601,2,2,24781
경기도 수원시 영통구,4111700000,202601,2,3,30218
경기도 수원시 영통구,4111700000,202601,2,4,32029
경기도 수원시 영통구,4111700000,202601,2,5,29391
경기도 수원시 영통구,4111700000,202601,2,6,31649
경기도 수원시 영통구,4111700000,202602,1,1,34993
경기도 수원시 영통구,4111700000,202602,1,2,26155
경기도 수원시 영통구,4111700000,202602,1,3,32266
경기도 수원시 영통구,4111700000,202602,1,4,31163
경기도 수원시 영통구,4111700000,202602,1,5,28561
경기도 수원시 영통구,4111700000,202602,1,6,28165
경기도 수원시 영통구,4111700000,202602,2,1,32798
경기도 수원시 영통구,4111700000,202602,2,2,24708
경기도 수원시 영통구,4111700000,202602,2,3,30110
경기도 수원시 영통구,4111700000,202602,2,4,32022
경기도 수원시 영통구,4111700000,202602,2,5,29389
경기도 수원시 영통구,4111700000,202602,2,6,31802
경기도 수원시 영통구,4111700000,202603,1,1,34892
경기도 수원시 영통구,4111700000,202603,1,2,26089
경기도 수원시 영통구,4111700000,202603,1,3,32352
경기도 수원시 영통구,4111700000,202603,1,4,31060
경기도 수원시 영통구,4111700000,202603,1,5,28488
경기도 수원시 영통구,4111700000,202603,1,6,28340
경기도 수원시 영통구,4111700000,202603,2,1,32798
경기도 수원시 영통구,4111700000,202603,2,2,24590
경기도 수원시 영통구,4111700000,202603,2,3,30239
경기도 수원시 영통구,4111700000,202603,2,4,31973
경기도 수원시 영통구,4111700000,202603,2,5,29302
경기도 수원시 영통구,4111700000,202603,2,6,31982
경기도 수원시 영통구,4111700000,202604,1,1,34826
경기도 수원시 영통구,4111700000,202604,1,2,25996
경기도 수원시 영통구,4111700000,202604,1,3,32420
경기도 수원시 영통구,4111700000,202604,1,4,30995
경기도 수원시 영통구,4111700000,202604,1,5,28515
경기도 수원시 영통구,4111700000,202604,1,6,28438
경기도 수원시 영통구,4111700000,202604,2,1,32744
경기도 수원시 영통구,4111700000,202604,2,2,24584
경기도 수원시 영통구,4111700000,202604,2,3,30311
경기도 수원시 영통구,4111700000,202604,2,4,31855
경기도 수원시 영통구,4111700000,202604,2,5,29380
경기도 수원시 영통구,4111700000,202604,2,6,32085
경기도 수원시 영통구,4111700000,202605,1,1,34797
경기도 수원시 영통구,4111700000,202605,1,2,25908
경기도 수원시 영통구,4111700000,202605,1,3,32441
경기도 수원시 영통구,4111700000,202605,1,4,30967
경기도 수원시 영통구,4111700000,202605,1,5,28532
경기도 수원시 영통구,4111700000,202605,1,6,28525
경기도 수원시 영통구,4111700000,202605,2,1,32722
경기도 수원시 영통구,4111700000,202605,2,2,24489
경기도 수원시 영통구,4111700000,202605,2,3,30401
경기도 수원시 영통구,4111700000,202605,2,4,31770
경기도 수원시 영통구,4111700000,202605,2,5,29384
경기도 수원시 영통구,4111700000,202605,2,6,32232
경기도 수원시 영통구,4111700000,202606,1,1,34730
경기도 수원시 영통구,4111700000,202606,1,2,25863
경기도 수원시 영통구,4111700000,202606,1,3,32408
경기도 수원시 영통구,4111700000,202606,1,4,30966
경기도 수원시 영통구,4111700000,202606,1,5,28534
경기도 수원시 영통구,4111700000,202606,1,6,28556
경기도 수원시 영통구,4111700000,202606,2,1,32694
경기도 수원시 영통구,4111700000,202606,2,2,24372
경기도 수원시 영통구,4111700000,202606,2,3,30498
경기도 수원시 영통구,4111700000,202606,2,4,31790
경기도 수원시 영통구,4111700000,202606,2,5,29370
경기도 수원시 영통구,4111700000,202606,2,6,32318
경기도 수원시 장안구,4111100000,202601,1,1,19898
경기도 수원시 장안구,4111100000,202601,1,2,20553
경기도 수원시 장안구,4111100000,202601,1,3,18943
경기도 수원시 장안구,4111100000,202601,1,4,19137
경기도 수원시 장안구,4111100000,202601,1,5,24348
경기도 수원시 장안구,4111100000,202601,1,6,32916
경기도 수원시 장안구,4111100000,202601,2,1,18855
경기도 수원시 장안구,4111100000,202601,2,2,17123
경기도 수원시 장안구,4111100000,202601,2,3,16588
경기도 수원시 장안구,4111100000,202601,2,4,19139
경기도 수원시 장안구,4111100000,202601,2,5,25191
경기도 수원시 장안구,4111100000,202601,2,6,38263
경기도 수원시 장안구,4111100000,202602,1,1,19928
경기도 수원시 장안구,4111100000,202602,1,2,20563
경기도 수원시 장안구,4111100000,202602,1,3,18868
경기도 수원시 장안구,4111100000,202602,1,4,19091
경기도 수원시 장안구,4111100000,202602,1,5,24294
경기도 수원시 장안구,4111100000,202602,1,6,33114
경기도 수원시 장안구,4111100000,202602,2,1,18837
경기도 수원시 장안구,4111100000,202602,2,2,17027
경기도 수원시 장안구,4111100000,202602,2,3,16535
경기도 수원시 장안구,4111100000,202602,2,4,19090
경기도 수원시 장안구,4111100000,202602,2,5,25140
경기도 수원시 장안구,4111100000,202602,2,6,38457
경기도 수원시 장안구,4111100000,202603,1,1,19848
경기도 수원시 장안구,4111100000,202603,1,2,20509
경기도 수원시 장안구,4111100000,202603,1,3,18885
경기도 수원시 장안구,4111100000,202603,1,4,19043
경기도 수원시 장안구,4111100000,202603,1,5,24211
경기도 수원시 장안구,4111100000,202603,1,6,33286
경기도 수원시 장안구,4111100000,202603,2,1,18727
경기도 수원시 장안구,4111100000,202603,2,2,16983
경기도 수원시 장안구,4111100000,202603,2,3,16562
경기도 수원시 장안구,4111100000,202603,2,4,18948
경기도 수원시 장안구,4111100000,202603,2,5,25043
경기도 수원시 장안구,4111100000,202603,2,6,38660
경기도 수원시 장안구,4111100000,202604,1,1,19769
경기도 수원시 장안구,4111100000,202604,1,2,20437
경기도 수원시 장안구,4111100000,202604,1,3,18914
경기도 수원시 장안구,4111100000,202604,1,4,18957
경기도 수원시 장안구,4111100000,202604,1,5,24174
경기도 수원시 장안구,4111100000,202604,1,6,33375
경기도 수원시 장안구,4111100000,202604,2,1,18670
경기도 수원시 장안구,4111100000,202604,2,2,16904
경기도 수원시 장안구,4111100000,202604,2,3,16592
경기도 수원시 장안구,4111100000,202604,2,4,18867
경기도 수원시 장안구,4111100000,202604,2,5,24978
경기도 수원시 장안구,4111100000,202604,2,6,38802
경기도 수원시 장안구,4111100000,202605,1,1,19674
경기도 수원시 장안구,4111100000,202605,1,2,20417
경기도 수원시 장안구,4111100000,202605,1,3,18968
경기도 수원시 장안구,4111100000,202605,1,4,18881
경기도 수원시 장안구,4111100000,202605,1,5,24120
경기도 수원시 장안구,4111100000,202605,1,6,33506
경기도 수원시 장안구,4111100000,202605,2,1,18602
경기도 수원시 장안구,4111100000,202605,2,2,16840
경기도 수원시 장안구,4111100000,202605,2,3,16595
경기도 수원시 장안구,4111100000,202605,2,4,18797
경기도 수원시 장안구,4111100000,202605,2,5,24934
경기도 수원시 장안구,4111100000,202605,2,6,38911
경기도 수원시 장안구,4111100000,202606,1,1,19626
경기도 수원시 장안구,4111100000,202606,1,2,20340
경기도 수원시 장안구,4111100000,202606,1,3,18966
경기도 수원시 장안구,4111100000,202606,1,4,18841
경기도 수원시 장안구,4111100000,202606,1,5,24042
경기도 수원시 장안구,4111100000,202606,1,6,33589
경기도 수원시 장안구,4111100000,202606,2,1,18523
경기도 수원시 장안구,4111100000,202606,2,2,16803
경기도 수원시 장안구,4111100000,202606,2,3,16599
경기도 수원시 장안구,4111100000,202606,2,4,18768
경기도 수원시 장안구,4111100000,202606,2,5,24895
경기도 수원시 장안구,4111100000,202606,2,6,38992
경기도 수원시 팔달구,4111500000,202601,1,1,12047
경기도 수원시 팔달구,4111500000,202601,1,2,13947
경기도 수원시 팔달구,4111500000,202601,1,3,17444
경기도 수원시 팔달구,4111500000,202601,1,4,13913
경기도 수원시 팔달구,4111500000,202601,1,5,16045
경기도 수원시 팔달구,4111500000,202601,1,6,23023
경기도 수원시 팔달구,4111500000,202601,2,1,11365
경기도 수원시 팔달구,4111500000,202601,2,2,13811
경기도 수원시 팔달구,4111500000,202601,2,3,14788
경기도 수원시 팔달구,4111500000,202601,2,4,12584
경기도 수원시 팔달구,4111500000,202601,2,5,15822
경기도 수원시 팔달구,4111500000,202601,2,6,27183
경기도 수원시 팔달구,4111500000,202602,1,1,12002
경기도 수원시 팔달구,4111500000,202602,1,2,14000
경기도 수원시 팔달구,4111500000,202602,1,3,17482
경기도 수원시 팔달구,4111500000,202602,1,4,13956
경기도 수원시 팔달구,4111500000,202602,1,5,16063
경기도 수원시 팔달구,4111500000,202602,1,6,23169
경기도 수원시 팔달구,4111500000,202602,2,1,11367
경기도 수원시 팔달구,4111500000,202602,2,2,13851
경기도 수원시 팔달구,4111500000,202602,2,3,14806
경기도 수원시 팔달구,4111500000,202602,2,4,12571
경기도 수원시 팔달구,4111500000,202602,2,5,15858
경기도 수원시 팔달구,4111500000,202602,2,6,27348
경기도 수원시 팔달구,4111500000,202603,1,1,12002
경기도 수원시 팔달구,4111500000,202603,1,2,13984
경기도 수원시 팔달구,4111500000,202603,1,3,17616
경기도 수원시 팔달구,4111500000,202603,1,4,13939
경기도 수원시 팔달구,4111500000,202603,1,5,16025
경기도 수원시 팔달구,4111500000,202603,1,6,23307
경기도 수원시 팔달구,4111500000,202603,2,1,11406
경기도 수원시 팔달구,4111500000,202603,2,2,13923
경기도 수원시 팔달구,4111500000,202603,2,3,14884
경기도 수원시 팔달구,4111500000,202603,2,4,12539
경기도 수원시 팔달구,4111500000,202603,2,5,15815
경기도 수원시 팔달구,4111500000,202603,2,6,27534
경기도 수원시 팔달구,4111500000,202604,1,1,11988
경기도 수원시 팔달구,4111500000,202604,1,2,13970
경기도 수원시 팔달구,4111500000,202604,1,3,17688
경기도 수원시 팔달구,4111500000,202604,1,4,13961
경기도 수원시 팔달구,4111500000,202604,1,5,15992
경기도 수원시 팔달구,4111500000,202604,1,6,23392
경기도 수원시 팔달구,4111500000,202604,2,1,11374
경기도 수원시 팔달구,4111500000,202604,2,2,13920
경기도 수원시 팔달구,4111500000,202604,2,3,14945
경기도 수원시 팔달구,4111500000,202604,2,4,12537
경기도 수원시 팔달구,4111500000,202604,2,5,15870
경기도 수원시 팔달구,4111500000,202604,2,6,27560
경기도 수원시 팔달구,4111500000,202605,1,1,11982
경기도 수원시 팔달구,4111500000,202605,1,2,13925
경기도 수원시 팔달구,4111500000,202605,1,3,17694
경기도 수원시 팔달구,4111500000,202605,1,4,13964
경기도 수원시 팔달구,4111500000,202605,1,5,15997
경기도 수원시 팔달구,4111500000,202605,1,6,23483
경기도 수원시 팔달구,4111500000,202605,2,1,11350
경기도 수원시 팔달구,4111500000,202605,2,2,13915
경기도 수원시 팔달구,4111500000,202605,2,3,15014
경기도 수원시 팔달구,4111500000,202605,2,4,12523
경기도 수원시 팔달구,4111500000,202605,2,5,15849
경기도 수원시 팔달구,4111500000,202605,2,6,27668
경기도 수원시 팔달구,4111500000,202606,1,1,11958
경기도 수원시 팔달구,4111500000,202606,1,2,13868
경기도 수원시 팔달구,4111500000,202606,1,3,17722
경기도 수원시 팔달구,4111500000,202606,1,4,13936
경기도 수원시 팔달구,4111500000,202606,1,5,15993
경기도 수원시 팔달구,4111500000,202606,1,6,23540
경기도 수원시 팔달구,4111500000,202606,2,1,11351
경기도 수원시 팔달구,4111500000,202606,2,2,13902
경기도 수원시 팔달구,4111500000,202606,2,3,15054
경기도 수원시 팔달구,4111500000,202606,2,4,12519
경기도 수원시 팔달구,4111500000,202606,2,5,15846
경기도 수원시 팔달구,4111500000,202606,2,6,27712
경기도 시흥시,4139000000,202601,1,1,45876
경기도 시흥시,4139000000,202601,1,2,31105
경기도 시흥시,4139000000,202601,1,3,39841
경기도 시흥시,4139000000,202601,1,4,47759
경기도 시흥시,4139000000,202601,1,5,48337
경기도 시흥시,4139000000,202601,1,6,55120
경기도 시흥시,4139000000,202601,2,1,44153
경기도 시흥시,4139000000,202601,2,2,26212
경기도 시흥시,4139000000,202601,2,3,34233
경기도 시흥시,4139000000,202601,2,4,41271
경기도 시흥시,4139000000,202601,2,5,44270
경기도 시흥시,4139000000,202601,2,6,56601
경기도 시흥시,4139000000,202602,1,1,45723
경기도 시흥시,4139000000,202602,1,2,30868
경기도 시흥시,4139000000,202602,1,3,39733
경기도 시흥시,4139000000,202602,1,4,47629
경기도 시흥시,4139000000,202602,1,5,48318
경기도 시흥시,4139000000,202602,1,6,55516
경기도 시흥시,4139000000,202602,2,1,43948
경기도 시흥시,4139000000,202602,2,2,26162
경기도 시흥시,4139000000,202602,2,3,34101
경기도 시흥시,4139000000,202602,2,4,41180
경기도 시흥시,4139000000,202602,2,5,44298
경기도 시흥시,4139000000,202602,2,6,56908
경기도 시흥시,4139000000,202603,1,1,45679
경기도 시흥시,4139000000,202603,1,2,30872
경기도 시흥시,4139000000,202603,1,3,39790
경기도 시흥시,4139000000,202603,1,4,47433
경기도 시흥시,4139000000,202603,1,5,48215
경기도 시흥시,4139000000,202603,1,6,55982
경기도 시흥시,4139000000,202603,2,1,43800
경기도 시흥시,4139000000,202603,2,2,26077
경기도 시흥시,4139000000,202603,2,3,34019
경기도 시흥시,4139000000,202603,2,4,41055
경기도 시흥시,4139000000,202603,2,5,44226
경기도 시흥시,4139000000,202603,2,6,57353
경기도 시흥시,4139000000,202604,1,1,45672
경기도 시흥시,4139000000,202604,1,2,30827
경기도 시흥시,4139000000,202604,1,3,39835
경기도 시흥시,4139000000,202604,1,4,47402
경기도 시흥시,4139000000,202604,1,5,48201
경기도 시흥시,4139000000,202604,1,6,56199
경기도 시흥시,4139000000,202604,2,1,43731
경기도 시흥시,4139000000,202604,2,2,26049
경기도 시흥시,4139000000,202604,2,3,34039
경기도 시흥시,4139000000,202604,2,4,41033
경기도 시흥시,4139000000,202604,2,5,44226
경기도 시흥시,4139000000,202604,2,6,57608
경기도 시흥시,4139000000,202605,1,1,45545
경기도 시흥시,4139000000,202605,1,2,30743
경기도 시흥시,4139000000,202605,1,3,39871
경기도 시흥시,4139000000,202605,1,4,47350
경기도 시흥시,4139000000,202605,1,5,48138
경기도 시흥시,4139000000,202605,1,6,56465
경기도 시흥시,4139000000,202605,2,1,43637
경기도 시흥시,4139000000,202605,2,2,25964
경기도 시흥시,4139000000,202605,2,3,34047
경기도 시흥시,4139000000,202605,2,4,40994
경기도 시흥시,4139000000,202605,2,5,44184
경기도 시흥시,4139000000,202605,2,6,57866
경기도 시흥시,4139000000,202606,1,1,45479
경기도 시흥시,4139000000,202606,1,2,30563
경기도 시흥시,4139000000,202606,1,3,39813
경기도 시흥시,4139000000,202606,1,4,47362
경기도 시흥시,4139000000,202606,1,5,48136
경기도 시흥시,4139000000,202606,1,6,56677
경기도 시흥시,4139000000,202606,2,1,43554
경기도 시흥시,4139000000,202606,2,2,25903
경기도 시흥시,4139000000,202606,2,3,34050
경기도 시흥시,4139000000,202606,2,4,41054
경기도 시흥시,4139000000,202606,2,5,44146
경기도 시흥시,4139000000,202606,2,6,58094
경기도 안산시 단원구,4127300000,202601,1,1,20358
경기도 안산시 단원구,4127300000,202601,1,2,19851
경기도 안산시 단원구,4127300000,202601,1,3,23266
경기도 안산시 단원구,4127300000,202601,1,4,21492
경기도 안산시 단원구,4127300000,202601,1,5,27966
경기도 안산시 단원구,4127300000,202601,1,6,35911
경기도 안산시 단원구,4127300000,202601,2,1,19285
경기도 안산시 단원구,4127300000,202601,2,2,17776
경기도 안산시 단원구,4127300000,202601,2,3,18786
경기도 안산시 단원구,4127300000,202601,2,4,19266
경기도 안산시 단원구,4127300000,202601,2,5,27707
경기도 안산시 단원구,4127300000,202601,2,6,37867
경기도 안산시 단원구,4127300000,202602,1,1,20249
경기도 안산시 단원구,4127300000,202602,1,2,19806
경기도 안산시 단원구,4127300000,202602,1,3,23216
경기도 안산시 단원구,4127300000,202602,1,4,21442
경기도 안산시 단원구,4127300000,202602,1,5,27926
경기도 안산시 단원구,4127300000,202602,1,6,36108
경기도 안산시 단원구,4127300000,202602,2,1,19203
경기도 안산시 단원구,4127300000,202602,2,2,17671
경기도 안산시 단원구,4127300000,202602,2,3,18745
경기도 안산시 단원구,4127300000,202602,2,4,19160
경기도 안산시 단원구,4127300000,202602,2,5,27696
경기도 안산시 단원구,4127300000,202602,2,6,38074
경기도 안산시 단원구,4127300000,202603,1,1,20191
경기도 안산시 단원구,4127300000,202603,1,2,19678
경기도 안산시 단원구,4127300000,202603,1,3,23259
경기도 안산시 단원구,4127300000,202603,1,4,21336
경기도 안산시 단원구,4127300000,202603,1,5,27778
경기도 안산시 단원구,4127300000,202603,1,6,36403
경기도 안산시 단원구,4127300000,202603,2,1,19148
경기도 안산시 단원구,4127300000,202603,2,2,17570
경기도 안산시 단원구,4127300000,202603,2,3,18791
경기도 안산시 단원구,4127300000,202603,2,4,19076
경기도 안산시 단원구,4127300000,202603,2,5,27610
경기도 안산시 단원구,4127300000,202603,2,6,38327
경기도 안산시 단원구,4127300000,202604,1,1,20143
경기도 안산시 단원구,4127300000,202604,1,2,19524
경기도 안산시 단원구,4127300000,202604,1,3,23261
경기도 안산시 단원구,4127300000,202604,1,4,21266
경기도 안산시 단원구,4127300000,202604,1,5,27720
경기도 안산시 단원구,4127300000,202604,1,6,36577
경기도 안산시 단원구,4127300000,202604,2,1,19120
경기도 안산시 단원구,4127300000,202604,2,2,17431
경기도 안산시 단원구,4127300000,202604,2,3,18762
경기도 안산시 단원구,4127300000,202604,2,4,19036
경기도 안산시 단원구,4127300000,202604,2,5,27560
경기도 안산시 단원구,4127300000,202604,2,6,38514
경기도 안산시 단원구,4127300000,202605,1,1,20095
경기도 안산시 단원구,4127300000,202605,1,2,19380
경기도 안산시 단원구,4127300000,202605,1,3,23262
경기도 안산시 단원구,4127300000,202605,1,4,21222
경기도 안산시 단원구,4127300000,202605,1,5,27686
경기도 안산시 단원구,4127300000,202605,1,6,36685
경기도 안산시 단원구,4127300000,202605,2,1,19073
경기도 안산시 단원구,4127300000,202605,2,2,17351
경기도 안산시 단원구,4127300000,202605,2,3,18761
경기도 안산시 단원구,4127300000,202605,2,4,18986
경기도 안산시 단원구,4127300000,202605,2,5,27527
경기도 안산시 단원구,4127300000,202605,2,6,38645
경기도 안산시 단원구,4127300000,202606,1,1,20037
경기도 안산시 단원구,4127300000,202606,1,2,19317
경기도 안산시 단원구,4127300000,202606,1,3,23262
경기도 안산시 단원구,4127300000,202606,1,4,21221
경기도 안산시 단원구,4127300000,202606,1,5,27601
경기도 안산시 단원구,4127300000,202606,1,6,36791
경기도 안산시 단원구,4127300000,202606,2,1,19056
경기도 안산시 단원구,4127300000,202606,2,2,17230
경기도 안산시 단원구,4127300000,202606,2,3,18743
경기도 안산시 단원구,4127300000,202606,2,4,18971
경기도 안산시 단원구,4127300000,202606,2,5,27463
경기도 안산시 단원구,4127300000,202606,2,6,38775
경기도 안산시 상록구,4127100000,202601,1,1,21454
경기도 안산시 상록구,4127100000,202601,1,2,23579
경기도 안산시 상록구,4127100000,202601,1,3,22731
경기도 안산시 상록구,4127100000,202601,1,4,22898
경기도 안산시 상록구,4127100000,202601,1,5,32403
경기도 안산시 상록구,4127100000,202601,1,6,41561
경기도 안산시 상록구,4127100000,202601,2,1,20595
경기도 안산시 상록구,4127100000,202601,2,2,20581
경기도 안산시 상록구,4127100000,202601,2,3,18159
경기도 안산시 상록구,4127100000,202601,2,4,21115
경기도 안산시 상록구,4127100000,202601,2,5,32484
경기도 안산시 상록구,4127100000,202601,2,6,44769
경기도 안산시 상록구,4127100000,202602,1,1,21356
경기도 안산시 상록구,4127100000,202602,1,2,23497
경기도 안산시 상록구,4127100000,202602,1,3,22710
경기도 안산시 상록구,4127100000,202602,1,4,22837
경기도 안산시 상록구,4127100000,202602,1,5,32284
경기도 안산시 상록구,4127100000,202602,1,6,41835
경기도 안산시 상록구,4127100000,202602,2,1,20539
경기도 안산시 상록구,4127100000,202602,2,2,20483
경기도 안산시 상록구,4127100000,202602,2,3,18146
경기도 안산시 상록구,4127100000,202602,2,4,20997
경기도 안산시 상록구,4127100000,202602,2,5,32469
경기도 안산시 상록구,4127100000,202602,2,6,45018
경기도 안산시 상록구,4127100000,202603,1,1,21226
경기도 안산시 상록구,4127100000,202603,1,2,23305
경기도 안산시 상록구,4127100000,202603,1,3,22785
경기도 안산시 상록구,4127100000,202603,1,4,22724
경기도 안산시 상록구,4127100000,202603,1,5,32096
경기도 안산시 상록구,4127100000,202603,1,6,42093
경기도 안산시 상록구,4127100000,202603,2,1,20428
경기도 안산시 상록구,4127100000,202603,2,2,20316
경기도 안산시 상록구,4127100000,202603,2,3,18170
경기도 안산시 상록구,4127100000,202603,2,4,20872
경기도 안산시 상록구,4127100000,202603,2,5,32326
경기도 안산시 상록구,4127100000,202603,2,6,45275
경기도 안산시 상록구,4127100000,202604,1,1,21128
경기도 안산시 상록구,4127100000,202604,1,2,23182
경기도 안산시 상록구,4127100000,202604,1,3,22784
경기도 안산시 상록구,4127100000,202604,1,4,22636
경기도 안산시 상록구,4127100000,202604,1,5,32013
경기도 안산시 상록구,4127100000,202604,1,6,42253
경기도 안산시 상록구,4127100000,202604,2,1,20338
경기도 안산시 상록구,4127100000,202604,2,2,20211
경기도 안산시 상록구,4127100000,202604,2,3,18150
경기도 안산시 상록구,4127100000,202604,2,4,20796
경기도 안산시 상록구,4127100000,202604,2,5,32233
경기도 안산시 상록구,4127100000,202604,2,6,45443
경기도 안산시 상록구,4127100000,202605,1,1,21055
경기도 안산시 상록구,4127100000,202605,1,2,23091
경기도 안산시 상록구,4127100000,202605,1,3,22814
경기도 안산시 상록구,4127100000,202605,1,4,22603
경기도 안산시 상록구,4127100000,202605,1,5,31916
경기도 안산시 상록구,4127100000,202605,1,6,42470
경기도 안산시 상록구,4127100000,202605,2,1,20245
경기도 안산시 상록구,4127100000,202605,2,2,20104
경기도 안산시 상록구,4127100000,202605,2,3,18200
경기도 안산시 상록구,4127100000,202605,2,4,20750
경기도 안산시 상록구,4127100000,202605,2,5,32159
경기도 안산시 상록구,4127100000,202605,2,6,45632
경기도 안산시 상록구,4127100000,202606,1,1,20982
경기도 안산시 상록구,4127100000,202606,1,2,22941
경기도 안산시 상록구,4127100000,202606,1,3,22846
경기도 안산시 상록구,4127100000,202606,1,4,22573
경기도 안산시 상록구,4127100000,202606,1,5,31846
경기도 안산시 상록구,4127100000,202606,1,6,42588
경기도 안산시 상록구,4127100000,202606,2,1,20182
경기도 안산시 상록구,4127100000,202606,2,2,20022
경기도 안산시 상록구,4127100000,202606,2,3,18205
경기도 안산시 상록구,4127100000,202606,2,4,20726
경기도 안산시 상록구,4127100000,202606,2,5,32056
경기도 안산시 상록구,4127100000,202606,2,6,45806
경기도 안성시,4155000000,202601,1,1,14406
경기도 안성시,4155000000,202601,1,2,11855
경기도 안성시,4155000000,202601,1,3,13213
경기도 안성시,4155000000,202601,1,4,15663
경기도 안성시,4155000000,202601,1,5,17914
경기도 안성시,4155000000,202601,1,6,28608
경기도 안성시,4155000000,202601,2,1,13509
경기도 안성시,4155000000,202601,2,2,9850
경기도 안성시,4155000000,202601,2,3,10388
경기도 안성시,4155000000,202601,2,4,13344
경기도 안성시,4155000000,202601,2,5,16173
경기도 안성시,4155000000,202601,2,6,31756
경기도 안성시,4155000000,202602,1,1,14348
경기도 안성시,4155000000,202602,1,2,11875
경기도 안성시,4155000000,202602,1,3,13211
경기도 안성시,4155000000,202602,1,4,15635
경기도 안성시,4155000000,202602,1,5,17951
경기도 안성시,4155000000,202602,1,6,28745
경기도 안성시,4155000000,202602,2,1,13492
경기도 안성시,4155000000,202602,2,2,9862
경기도 안성시,4155000000,202602,2,3,10341
경기도 안성시,4155000000,202602,2,4,13329
경기도 안성시,4155000000,202602,2,5,16165
경기도 안성시,4155000000,202602,2,6,31917
경기도 안성시,4155000000,202603,1,1,14391
경기도 안성시,4155000000,202603,1,2,11890
경기도 안성시,4155000000,202603,1,3,13289
경기도 안성시,4155000000,202603,1,4,15601
경기도 안성시,4155000000,202603,1,5,17922
경기도 안성시,4155000000,202603,1,6,28930
경기도 안성시,4155000000,202603,2,1,13523
경기도 안성시,4155000000,202603,2,2,9879
경기도 안성시,4155000000,202603,2,3,10337
경기도 안성시,4155000000,202603,2,4,13314
경기도 안성시,4155000000,202603,2,5,16148
경기도 안성시,4155000000,202603,2,6,32042
경기도 안성시,4155000000,202604,1,1,14483
경기도 안성시,4155000000,202604,1,2,11877
경기도 안성시,4155000000,202604,1,3,13383
경기도 안성시,4155000000,202604,1,4,15580
경기도 안성시,4155000000,202604,1,5,18021
경기도 안성시,4155000000,202604,1,6,29074
경기도 안성시,4155000000,202604,2,1,13557
경기도 안성시,4155000000,202604,2,2,9907
경기도 안성시,4155000000,202604,2,3,10416
경기도 안성시,4155000000,202604,2,4,13325
경기도 안성시,4155000000,202604,2,5,16298
경기도 안성시,4155000000,202604,2,6,32168
경기도 안성시,4155000000,202605,1,1,14532
경기도 안성시,4155000000,202605,1,2,11916
경기도 안성시,4155000000,202605,1,3,13442
경기도 안성시,4155000000,202605,1,4,15606
경기도 안성시,4155000000,202605,1,5,18086
경기도 안성시,4155000000,202605,1,6,29164
경기도 안성시,4155000000,202605,2,1,13582
경기도 안성시,4155000000,202605,2,2,9944
경기도 안성시,4155000000,202605,2,3,10420
경기도 안성시,4155000000,202605,2,4,13328
경기도 안성시,4155000000,202605,2,5,16332
경기도 안성시,4155000000,202605,2,6,32279
경기도 안성시,4155000000,202606,1,1,14484
경기도 안성시,4155000000,202606,1,2,11949
경기도 안성시,4155000000,202606,1,3,13464
경기도 안성시,4155000000,202606,1,4,15625
경기도 안성시,4155000000,202606,1,5,18089
경기도 안성시,4155000000,202606,1,6,29249
경기도 안성시,4155000000,202606,2,1,13553
경기도 안성시,4155000000,202606,2,2,9914
경기도 안성시,4155000000,202606,2,3,10398
경기도 안성시,4155000000,202606,2,4,13344
경기도 안성시,4155000000,202606,2,5,16361
경기도 안성시,4155000000,202606,2,6,32355
경기도 안양시 동안구,4117300000,202601,1,1,28485
경기도 안양시 동안구,4117300000,202601,1,2,18982
경기도 안양시 동안구,4117300000,202601,1,3,26224
경기도 안양시 동안구,4117300000,202601,1,4,25368
경기도 안양시 동안구,4117300000,202601,1,5,26345
경기도 안양시 동안구,4117300000,202601,1,6,35982
경기도 안양시 동안구,4117300000,202601,2,1,27156
경기도 안양시 동안구,4117300000,202601,2,2,18001
경기도 안양시 동안구,4117300000,202601,2,3,25519
경기도 안양시 동안구,4117300000,202601,2,4,26375
경기도 안양시 동안구,4117300000,202601,2,5,28649
경기도 안양시 동안구,4117300000,202601,2,6,42629
경기도 안양시 동안구,4117300000,202602,1,1,28470
경기도 안양시 동안구,4117300000,202602,1,2,18841
경기도 안양시 동안구,4117300000,202602,1,3,26223
경기도 안양시 동안구,4117300000,202602,1,4,25463
경기도 안양시 동안구,4117300000,202602,1,5,26265
경기도 안양시 동안구,4117300000,202602,1,6,36143
경기도 안양시 동안구,4117300000,202602,2,1,27170
경기도 안양시 동안구,4117300000,202602,2,2,17892
경기도 안양시 동안구,4117300000,202602,2,3,25550
경기도 안양시 동안구,4117300000,202602,2,4,26392
경기도 안양시 동안구,4117300000,202602,2,5,28617
경기도 안양시 동안구,4117300000,202602,2,6,42789
경기도 안양시 동안구,4117300000,202603,1,1,28373
경기도 안양시 동안구,4117300000,202603,1,2,18658
경기도 안양시 동안구,4117300000,202603,1,3,26297
경기도 안양시 동안구,4117300000,202603,1,4,25388
경기도 안양시 동안구,4117300000,202603,1,5,26130
경기도 안양시 동안구,4117300000,202603,1,6,36271
경기도 안양시 동안구,4117300000,202603,2,1,27128
경기도 안양시 동안구,4117300000,202603,2,2,17768
경기도 안양시 동안구,4117300000,202603,2,3,25606
경기도 안양시 동안구,4117300000,202603,2,4,26278
경기도 안양시 동안구,4117300000,202603,2,5,28506
경기도 안양시 동안구,4117300000,202603,2,6,42899
경기도 안양시 동안구,4117300000,202604,1,1,28368
경기도 안양시 동안구,4117300000,202604,1,2,18552
경기도 안양시 동안구,4117300000,202604,1,3,26343
경기도 안양시 동안구,4117300000,202604,1,4,25420
경기도 안양시 동안구,4117300000,202604,1,5,26054
경기도 안양시 동안구,4117300000,202604,1,6,36290
경기도 안양시 동안구,4117300000,202604,2,1,27049
경기도 안양시 동안구,4117300000,202604,2,2,17696
경기도 안양시 동안구,4117300000,202604,2,3,25628
경기도 안양시 동안구,4117300000,202604,2,4,26244
경기도 안양시 동안구,4117300000,202604,2,5,28477
경기도 안양시 동안구,4117300000,202604,2,6,42989
경기도 안양시 동안구,4117300000,202605,1,1,28301
경기도 안양시 동안구,4117300000,202605,1,2,18467
경기도 안양시 동안구,4117300000,202605,1,3,26373
경기도 안양시 동안구,4117300000,202605,1,4,25414
경기도 안양시 동안구,4117300000,202605,1,5,26022
경기도 안양시 동안구,4117300000,202605,1,6,36351
경기도 안양시 동안구,4117300000,202605,2,1,27048
경기도 안양시 동안구,4117300000,202605,2,2,17613
경기도 안양시 동안구,4117300000,202605,2,3,25650
경기도 안양시 동안구,4117300000,202605,2,4,26176
경기도 안양시 동안구,4117300000,202605,2,5,28429
경기도 안양시 동안구,4117300000,202605,2,6,43082
경기도 안양시 동안구,4117300000,202606,1,1,28268
경기도 안양시 동안구,4117300000,202606,1,2,18365
경기도 안양시 동안구,4117300000,202606,1,3,26375
경기도 안양시 동안구,4117300000,202606,1,4,25429
경기도 안양시 동안구,4117300000,202606,1,5,25938
경기도 안양시 동안구,4117300000,202606,1,6,36359
경기도 안양시 동안구,4117300000,202606,2,1,27031
경기도 안양시 동안구,4117300000,202606,2,2,17551
경기도 안양시 동안구,4117300000,202606,2,3,25666
경기도 안양시 동안구,4117300000,202606,2,4,26164
경기도 안양시 동안구,4117300000,202606,2,5,28333
경기도 안양시 동안구,4117300000,202606,2,6,43115
경기도 안양시 만안구,4117100000,202601,1,1,14641
경기도 안양시 만안구,4117100000,202601,1,2,13813
경기도 안양시 만안구,4117100000,202601,1,3,18578
경기도 안양시 만안구,4117100000,202601,1,4,16498
경기도 안양시 만안구,4117100000,202601,1,5,19223
경기도 안양시 만안구,4117100000,202601,1,6,33563
경기도 안양시 만안구,4117100000,202601,2,1,14057
경기도 안양시 만안구,4117100000,202601,2,2,12931
경기도 안양시 만안구,4117100000,202601,2,3,16533
경기도 안양시 만안구,4117100000,202601,2,4,14872
경기도 안양시 만안구,4117100000,202601,2,5,20079
경기도 안양시 만안구,4117100000,202601,2,6,38845
경기도 안양시 만안구,4117100000,202602,1,1,14623
경기도 안양시 만안구,4117100000,202602,1,2,13722
경기도 안양시 만안구,4117100000,202602,1,3,18538
경기도 안양시 만안구,4117100000,202602,1,4,16458
경기도 안양시 만안구,4117100000,202602,1,5,19185
경기도 안양시 만안구,4117100000,202602,1,6,33732
경기도 안양시 만안구,4117100000,202602,2,1,14072
경기도 안양시 만안구,4117100000,202602,2,2,12871
경기도 안양시 만안구,4117100000,202602,2,3,16484
경기도 안양시 만안구,4117100000,202602,2,4,14846
경기도 안양시 만안구,4117100000,202602,2,5,20038
경기도 안양시 만안구,4117100000,202602,2,6,39009
경기도 안양시 만안구,4117100000,202603,1,1,14577
경기도 안양시 만안구,4117100000,202603,1,2,13622
경기도 안양시 만안구,4117100000,202603,1,3,18568
경기도 안양시 만안구,4117100000,202603,1,4,16395
경기도 안양시 만안구,4117100000,202603,1,5,19107
경기도 안양시 만안구,4117100000,202603,1,6,33867
경기도 안양시 만안구,4117100000,202603,2,1,14031
경기도 안양시 만안구,4117100000,202603,2,2,12804
경기도 안양시 만안구,4117100000,202603,2,3,16472
경기도 안양시 만안구,4117100000,202603,2,4,14758
경기도 안양시 만안구,4117100000,202603,2,5,19954
경기도 안양시 만안구,4117100000,202603,2,6,39209
경기도 안양시 만안구,4117100000,202604,1,1,14580
경기도 안양시 만안구,4117100000,202604,1,2,13530
경기도 안양시 만안구,4117100000,202604,1,3,18572
경기도 안양시 만안구,4117100000,202604,1,4,16315
경기도 안양시 만안구,4117100000,202604,1,5,19098
경기도 안양시 만안구,4117100000,202604,1,6,33963
경기도 안양시 만안구,4117100000,202604,2,1,14006
경기도 안양시 만안구,4117100000,202604,2,2,12769
경기도 안양시 만안구,4117100000,202604,2,3,16518
경기도 안양시 만안구,4117100000,202604,2,4,14728
경기도 안양시 만안구,4117100000,202604,2,5,19933
경기도 안양시 만안구,4117100000,202604,2,6,39287
경기도 안양시 만안구,4117100000,202605,1,1,14597
경기도 안양시 만안구,4117100000,202605,1,2,13479
경기도 안양시 만안구,4117100000,202605,1,3,18656
경기도 안양시 만안구,4117100000,202605,1,4,16328
경기도 안양시 만안구,4117100000,202605,1,5,19046
경기도 안양시 만안구,4117100000,202605,1,6,34031
경기도 안양시 만안구,4117100000,202605,2,1,13981
경기도 안양시 만안구,4117100000,202605,2,2,12713
경기도 안양시 만안구,4117100000,202605,2,3,16549
경기도 안양시 만안구,4117100000,202605,2,4,14770
경기도 안양시 만안구,4117100000,202605,2,5,19862
경기도 안양시 만안구,4117100000,202605,2,6,39403
경기도 안양시 만안구,4117100000,202606,1,1,14590
경기도 안양시 만안구,4117100000,202606,1,2,13484
경기도 안양시 만안구,4117100000,202606,1,3,18739
경기도 안양시 만안구,4117100000,202606,1,4,16359
경기도 안양시 만안구,4117100000,202606,1,5,18990
경기도 안양시 만안구,4117100000,202606,1,6,34150
경기도 안양시 만안구,4117100000,202606,2,1,13982
경기도 안양시 만안구,4117100000,202606,2,2,12698
경기도 안양시 만안구,4117100000,202606,2,3,16646
경기도 안양시 만안구,4117100000,202606,2,4,14771
경기도 안양시 만안구,4117100000,202606,2,5,19821
경기도 안양시 만안구,4117100000,202606,2,6,39481
경기도 양주시,4163000000,202601,1,1,26102
경기도 양주시,4163000000,202601,1,2,16246
경기도 양주시,4163000000,202601,1,3,20715
경기도 양주시,4163000000,202601,1,4,23996
경기도 양주시,4163000000,202601,1,5,25569
경기도 양주시,4163000000,202601,1,6,36410
경기도 양주시,4163000000,202601,2,1,25457
경기도 양주시,4163000000,202601,2,2,14622
경기도 양주시,4163000000,202601,2,3,19534
경기도 양주시,4163000000,202601,2,4,22656
경기도 양주시,4163000000,202601,2,5,24595
경기도 양주시,4163000000,202601,2,6,40561
경기도 양주시,4163000000,202602,1,1,26108
경기도 양주시,4163000000,202602,1,2,16195
경기도 양주시,4163000000,202602,1,3,20669
경기도 양주시,4163000000,202602,1,4,23989
경기도 양주시,4163000000,202602,1,5,25591
경기도 양주시,4163000000,202602,1,6,36610
경기도 양주시,4163000000,202602,2,1,25445
경기도 양주시,4163000000,202602,2,2,14616
경기도 양주시,4163000000,202602,2,3,19490
경기도 양주시,4163000000,202602,2,4,22624
경기도 양주시,4163000000,202602,2,5,24670
경기도 양주시,4163000000,202602,2,6,40733
경기도 양주시,4163000000,202603,1,1,26096
경기도 양주시,4163000000,202603,1,2,16095
경기도 양주시,4163000000,202603,1,3,20699
경기도 양주시,4163000000,202603,1,4,23916
경기도 양주시,4163000000,202603,1,5,25560
경기도 양주시,4163000000,202603,1,6,36813
경기도 양주시,4163000000,202603,2,1,25441
경기도 양주시,4163000000,202603,2,2,14505
경기도 양주시,4163000000,202603,2,3,19520
경기도 양주시,4163000000,202603,2,4,22602
경기도 양주시,4163000000,202603,2,5,24653
경기도 양주시,4163000000,202603,2,6,40930
경기도 양주시,4163000000,202604,1,1,26071
경기도 양주시,4163000000,202604,1,2,16051
경기도 양주시,4163000000,202604,1,3,20661
경기도 양주시,4163000000,202604,1,4,23907
경기도 양주시,4163000000,202604,1,5,25542
경기도 양주시,4163000000,202604,1,6,36944
경기도 양주시,4163000000,202604,2,1,25413
경기도 양주시,4163000000,202604,2,2,14453
경기도 양주시,4163000000,202604,2,3,19490
경기도 양주시,4163000000,202604,2,4,22576
경기도 양주시,4163000000,202604,2,5,24691
경기도 양주시,4163000000,202604,2,6,41111
경기도 양주시,4163000000,202605,1,1,26062
경기도 양주시,4163000000,202605,1,2,15931
경기도 양주시,4163000000,202605,1,3,20646
경기도 양주시,4163000000,202605,1,4,23902
경기도 양주시,4163000000,202605,1,5,25566
경기도 양주시,4163000000,202605,1,6,37072
경기도 양주시,4163000000,202605,2,1,25384
경기도 양주시,4163000000,202605,2,2,14393
경기도 양주시,4163000000,202605,2,3,19450
경기도 양주시,4163000000,202605,2,4,22545
경기도 양주시,4163000000,202605,2,5,24748
경기도 양주시,4163000000,202605,2,6,41277
경기도 양주시,4163000000,202606,1,1,26075
경기도 양주시,4163000000,202606,1,2,15882
경기도 양주시,4163000000,202606,1,3,20671
경기도 양주시,4163000000,202606,1,4,23892
경기도 양주시,4163000000,202606,1,5,25533
경기도 양주시,4163000000,202606,1,6,37168
경기도 양주시,4163000000,202606,2,1,25376
경기도 양주시,4163000000,202606,2,2,14402
경기도 양주시,4163000000,202606,2,3,19471
경기도 양주시,4163000000,202606,2,4,22579
경기도 양주시,4163000000,202606,2,5,24754
경기도 양주시,4163000000,202606,2,6,41423
경기도 양평군,4183000000,202601,1,1,8024
경기도 양평군,4183000000,202601,1,2,4982
경기도 양평군,4183000000,202601,1,3,5492
경기도 양평군,4183000000,202601,1,4,7572
경기도 양평군,4183000000,202601,1,5,10884
경기도 양평군,4183000000,202601,1,6,26827
경기도 양평군,4183000000,202601,2,1,7485
경기도 양평군,4183000000,202601,2,2,3936
경기도 양평군,4183000000,202601,2,3,4990
경기도 양평군,4183000000,202601,2,4,7689
경기도 양평군,4183000000,202601,2,5,10398
경기도 양평군,4183000000,202601,2,6,28707
경기도 양평군,4183000000,202602,1,1,7987
경기도 양평군,4183000000,202602,1,2,4931
경기도 양평군,4183000000,202602,1,3,5472
경기도 양평군,4183000000,202602,1,4,7545
경기도 양평군,4183000000,202602,1,5,10877
경기도 양평군,4183000000,202602,1,6,26860
경기도 양평군,4183000000,202602,2,1,7442
경기도 양평군,4183000000,202602,2,2,3914
경기도 양평군,4183000000,202602,2,3,4983
경기도 양평군,4183000000,202602,2,4,7656
경기도 양평군,4183000000,202602,2,5,10363
경기도 양평군,4183000000,202602,2,6,28800
경기도 양평군,4183000000,202603,1,1,7945
경기도 양평군,4183000000,202603,1,2,4866
경기도 양평군,4183000000,202603,1,3,5492
경기도 양평군,4183000000,202603,1,4,7512
경기도 양평군,4183000000,202603,1,5,10826
경기도 양평군,4183000000,202603,1,6,26994
경기도 양평군,4183000000,202603,2,1,7434
경기도 양평군,4183000000,202603,2,2,3889
경기도 양평군,4183000000,202603,2,3,4976
경기도 양평군,4183000000,202603,2,4,7610
경기도 양평군,4183000000,202603,2,5,10332
경기도 양평군,4183000000,202603,2,6,28866
경기도 양평군,4183000000,202604,1,1,7927
경기도 양평군,4183000000,202604,1,2,4868
경기도 양평군,4183000000,202604,1,3,5475
경기도 양평군,4183000000,202604,1,4,7496
경기도 양평군,4183000000,202604,1,5,10816
경기도 양평군,4183000000,202604,1,6,27099
경기도 양평군,4183000000,202604,2,1,7399
경기도 양평군,4183000000,202604,2,2,3890
경기도 양평군,4183000000,202604,2,3,4963
경기도 양평군,4183000000,202604,2,4,7599
경기도 양평군,4183000000,202604,2,5,10333
경기도 양평군,4183000000,202604,2,6,28932
경기도 양평군,4183000000,202605,1,1,7903
경기도 양평군,4183000000,202605,1,2,4845
경기도 양평군,4183000000,202605,1,3,5442
경기도 양평군,4183000000,202605,1,4,7487
경기도 양평군,4183000000,202605,1,5,10788
경기도 양평군,4183000000,202605,1,6,27179
경기도 양평군,4183000000,202605,2,1,7363
경기도 양평군,4183000000,202605,2,2,3873
경기도 양평군,4183000000,202605,2,3,4968
경기도 양평군,4183000000,202605,2,4,7582
경기도 양평군,4183000000,202605,2,5,10321
경기도 양평군,4183000000,202605,2,6,28995
경기도 양평군,4183000000,202606,1,1,7934
경기도 양평군,4183000000,202606,1,2,4857
경기도 양평군,4183000000,202606,1,3,5479
경기도 양평군,4183000000,202606,1,4,7472
경기도 양평군,4183000000,202606,1,5,10767
경기도 양평군,4183000000,202606,1,6,27212
경기도 양평군,4183000000,202606,2,1,7355
경기도 양평군,4183000000,202606,2,2,3865
경기도 양평군,4183000000,202606,2,3,4975
경기도 양평군,4183000000,202606,2,4,7563
경기도 양평군,4183000000,202606,2,5,10307
경기도 양평군,4183000000,202606,2,6,29036
경기도 여주시,4167000000,202601,1,1,7350
경기도 여주시,4167000000,202601,1,2,5360
경기도 여주시,4167000000,202601,1,3,6192
경기도 여주시,4167000000,202601,1,4,7480
경기도 여주시,4167000000,202601,1,5,10313
경기도 여주시,4167000000,202601,1,6,21342
경기도 여주시,4167000000,202601,2,1,6816
경기도 여주시,4167000000,202601,2,2,4488
경기도 여주시,4167000000,202601,2,3,5131
경기도 여주시,4167000000,202601,2,4,7065
경기도 여주시,4167000000,202601,2,5,9667
경기도 여주시,4167000000,202601,2,6,22681
경기도 여주시,4167000000,202602,1,1,7320
경기도 여주시,4167000000,202602,1,2,5317
경기도 여주시,4167000000,202602,1,3,6179
경기도 여주시,4167000000,202602,1,4,7478
경기도 여주시,4167000000,202602,1,5,10274
경기도 여주시,4167000000,202602,1,6,21413
경기도 여주시,4167000000,202602,2,1,6752
경기도 여주시,4167000000,202602,2,2,4449
경기도 여주시,4167000000,202602,2,3,5102
경기도 여주시,4167000000,202602,2,4,7034
경기도 여주시,4167000000,202602,2,5,9666
경기도 여주시,4167000000,202602,2,6,22751
경기도 여주시,4167000000,202603,1,1,7283
경기도 여주시,4167000000,202603,1,2,5268
경기도 여주시,4167000000,202603,1,3,6167
경기도 여주시,4167000000,202603,1,4,7456
경기도 여주시,4167000000,202603,1,5,10229
경기도 여주시,4167000000,202603,1,6,21534
경기도 여주시,4167000000,202603,2,1,6714
경기도 여주시,4167000000,202603,2,2,4406
경기도 여주시,4167000000,202603,2,3,5110
경기도 여주시,4167000000,202603,2,4,6993
경기도 여주시,4167000000,202603,2,5,9629
경기도 여주시,4167000000,202603,2,6,22832
경기도 여주시,4167000000,202604,1,1,7260
경기도 여주시,4167000000,202604,1,2,5255
경기도 여주시,4167000000,202604,1,3,6152
경기도 여주시,4167000000,202604,1,4,7429
경기도 여주시,4167000000,202604,1,5,10224
경기도 여주시,4167000000,202604,1,6,21614
경기도 여주시,4167000000,202604,2,1,6712
경기도 여주시,4167000000,202604,2,2,4369
경기도 여주시,4167000000,202604,2,3,5111
경기도 여주시,4167000000,202604,2,4,6971
경기도 여주시,4167000000,202604,2,5,9630
경기도 여주시,4167000000,202604,2,6,22878
경기도 여주시,4167000000,202605,1,1,7244
경기도 여주시,4167000000,202605,1,2,5231
경기도 여주시,4167000000,202605,1,3,6151
경기도 여주시,4167000000,202605,1,4,7397
경기도 여주시,4167000000,202605,1,5,10220
경기도 여주시,4167000000,202605,1,6,21668
경기도 여주시,4167000000,202605,2,1,6683
경기도 여주시,4167000000,202605,2,2,4354
경기도 여주시,4167000000,202605,2,3,5111
경기도 여주시,4167000000,202605,2,4,6961
경기도 여주시,4167000000,202605,2,5,9610
경기도 여주시,4167000000,202605,2,6,22911
경기도 여주시,4167000000,202606,1,1,7218
경기도 여주시,4167000000,202606,1,2,5211
경기도 여주시,4167000000,202606,1,3,6160
경기도 여주시,4167000000,202606,1,4,7371
경기도 여주시,4167000000,202606,1,5,10235
경기도 여주시,4167000000,202606,1,6,21707
경기도 여주시,4167000000,202606,2,1,6657
경기도 여주시,4167000000,202606,2,2,4330
경기도 여주시,4167000000,202606,2,3,5109
경기도 여주시,4167000000,202606,2,4,6940
경기도 여주시,4167000000,202606,2,5,9624
경기도 여주시,4167000000,202606,2,6,22944
경기도 연천군,4180000000,202601,1,1,2376
경기도 연천군,4180000000,202601,1,2,2649
경기도 연천군,4180000000,202601,1,3,2466
경기도 연천군,4180000000,202601,1,4,2280
경기도 연천군,4180000000,202601,1,5,3497
경기도 연천군,4180000000,202601,1,6,8983
경기도 연천군,4180000000,202601,2,1,2244
경기도 연천군,4180000000,202601,2,2,1624
경기도 연천군,4180000000,202601,2,3,1696
경기도 연천군,4180000000,202601,2,4,1923
경기도 연천군,4180000000,202601,2,5,2985
경기도 연천군,4180000000,202601,2,6,9752
경기도 연천군,4180000000,202602,1,1,2374
경기도 연천군,4180000000,202602,1,2,2645
경기도 연천군,4180000000,202602,1,3,2467
경기도 연천군,4180000000,202602,1,4,2286
경기도 연천군,4180000000,202602,1,5,3493
경기도 연천군,4180000000,202602,1,6,9029
경기도 연천군,4180000000,202602,2,1,2261
경기도 연천군,4180000000,202602,2,2,1626
경기도 연천군,4180000000,202602,2,3,1708
경기도 연천군,4180000000,202602,2,4,1924
경기도 연천군,4180000000,202602,2,5,2976
경기도 연천군,4180000000,202602,2,6,9789
경기도 연천군,4180000000,202603,1,1,2370
경기도 연천군,4180000000,202603,1,2,2658
경기도 연천군,4180000000,202603,1,3,2462
경기도 연천군,4180000000,202603,1,4,2297
경기도 연천군,4180000000,202603,1,5,3495
경기도 연천군,4180000000,202603,1,6,9089
경기도 연천군,4180000000,202603,2,1,2254
경기도 연천군,4180000000,202603,2,2,1638
경기도 연천군,4180000000,202603,2,3,1710
경기도 연천군,4180000000,202603,2,4,1929
경기도 연천군,4180000000,202603,2,5,2964
경기도 연천군,4180000000,202603,2,6,9818
경기도 연천군,4180000000,202604,1,1,2372
경기도 연천군,4180000000,202604,1,2,2655
경기도 연천군,4180000000,202604,1,3,2475
경기도 연천군,4180000000,202604,1,4,2293
경기도 연천군,4180000000,202604,1,5,3507
경기도 연천군,4180000000,202604,1,6,9127
경기도 연천군,4180000000,202604,2,1,2261
경기도 연천군,4180000000,202604,2,2,1640
경기도 연천군,4180000000,202604,2,3,1720
경기도 연천군,4180000000,202604,2,4,1938
경기도 연천군,4180000000,202604,2,5,2967
경기도 연천군,4180000000,202604,2,6,9859
경기도 연천군,4180000000,202605,1,1,2364
경기도 연천군,4180000000,202605,1,2,2652
경기도 연천군,4180000000,202605,1,3,2482
경기도 연천군,4180000000,202605,1,4,2305
경기도 연천군,4180000000,202605,1,5,3495
경기도 연천군,4180000000,202605,1,6,9180
경기도 연천군,4180000000,202605,2,1,2251
경기도 연천군,4180000000,202605,2,2,1650
경기도 연천군,4180000000,202605,2,3,1716
경기도 연천군,4180000000,202605,2,4,1928
경기도 연천군,4180000000,202605,2,5,2965
경기도 연천군,4180000000,202605,2,6,9880
경기도 연천군,4180000000,202606,1,1,2360
경기도 연천군,4180000000,202606,1,2,2697
경기도 연천군,4180000000,202606,1,3,2487
경기도 연천군,4180000000,202606,1,4,2300
경기도 연천군,4180000000,202606,1,5,3496
경기도 연천군,4180000000,202606,1,6,9223
경기도 연천군,4180000000,202606,2,1,2238
경기도 연천군,4180000000,202606,2,2,1675
경기도 연천군,4180000000,202606,2,3,1714
경기도 연천군,4180000000,202606,2,4,1920
경기도 연천군,4180000000,202606,2,5,2961
경기도 연천군,4180000000,202606,2,6,9906
경기도 오산시,4137000000,202601,1,1,23060
경기도 오산시,4137000000,202601,1,2,15607
경기도 오산시,4137000000,202601,1,3,22527
경기도 오산시,4137000000,202601,1,4,25126
경기도 오산시,4137000000,202601,1,5,21491
경기도 오산시,4137000000,202601,1,6,22663
경기도 오산시,4137000000,202601,2,1,21998
경기도 오산시,4137000000,202601,2,2,13057
경기도 오산시,4137000000,202601,2,3,17863
경기도 오산시,4137000000,202601,2,4,21461
경기도 오산시,4137000000,202601,2,5,19671
경기도 오산시,4137000000,202601,2,6,25604
경기도 오산시,4137000000,202602,1,1,23060
경기도 오산시,4137000000,202602,1,2,15594
경기도 오산시,4137000000,202602,1,3,22464
경기도 오산시,4137000000,202602,1,4,25175
경기도 오산시,4137000000,202602,1,5,21581
경기도 오산시,4137000000,202602,1,6,22821
경기도 오산시,4137000000,202602,2,1,21928
경기도 오산시,4137000000,202602,2,2,13042
경기도 오산시,4137000000,202602,2,3,17850
경기도 오산시,4137000000,202602,2,4,21447
경기도 오산시,4137000000,202602,2,5,19781
경기도 오산시,4137000000,202602,2,6,25775
경기도 오산시,4137000000,202603,1,1,23026
경기도 오산시,4137000000,202603,1,2,15570
경기도 오산시,4137000000,202603,1,3,22487
경기도 오산시,4137000000,202603,1,4,25165
경기도 오산시,4137000000,202603,1,5,21637
경기도 오산시,4137000000,202603,1,6,23008
경기도 오산시,4137000000,202603,2,1,21874
경기도 오산시,4137000000,202603,2,2,13003
경기도 오산시,4137000000,202603,2,3,17872
경기도 오산시,4137000000,202603,2,4,21428
경기도 오산시,4137000000,202603,2,5,19778
경기도 오산시,4137000000,202603,2,6,25935
경기도 오산시,4137000000,202604,1,1,23061
경기도 오산시,4137000000,202604,1,2,15560
경기도 오산시,4137000000,202604,1,3,22558
경기도 오산시,4137000000,202604,1,4,25161
경기도 오산시,4137000000,202604,1,5,21740
경기도 오산시,4137000000,202604,1,6,23103
경기도 오산시,4137000000,202604,2,1,21906
경기도 오산시,4137000000,202604,2,2,13030
경기도 오산시,4137000000,202604,2,3,17904
경기도 오산시,4137000000,202604,2,4,21437
경기도 오산시,4137000000,202604,2,5,19891
경기도 오산시,4137000000,202604,2,6,26044
경기도 오산시,4137000000,202605,1,1,23143
경기도 오산시,4137000000,202605,1,2,15557
경기도 오산시,4137000000,202605,1,3,22757
경기도 오산시,4137000000,202605,1,4,25232
경기도 오산시,4137000000,202605,1,5,21792
경기도 오산시,4137000000,202605,1,6,23232
경기도 오산시,4137000000,202605,2,1,21994
경기도 오산시,4137000000,202605,2,2,13026
경기도 오산시,4137000000,202605,2,3,18059
경기도 오산시,4137000000,202605,2,4,21460
경기도 오산시,4137000000,202605,2,5,20003
경기도 오산시,4137000000,202605,2,6,26159
경기도 오산시,4137000000,202606,1,1,23229
경기도 오산시,4137000000,202606,1,2,15551
경기도 오산시,4137000000,202606,1,3,22998
경기도 오산시,4137000000,202606,1,4,25342
경기도 오산시,4137000000,202606,1,5,21899
경기도 오산시,4137000000,202606,1,6,23341
경기도 오산시,4137000000,202606,2,1,22081
경기도 오산시,4137000000,202606,2,2,13049
경기도 오산시,4137000000,202606,2,3,18182
경기도 오산시,4137000000,202606,2,4,21561
경기도 오산시,4137000000,202606,2,5,20086
경기도 오산시,4137000000,202606,2,6,26271
경기도 용인시 기흥구,4146300000,202601,1,1,38725
경기도 용인시 기흥구,4146300000,202601,1,2,27678
경기도 용인시 기흥구,4146300000,202601,1,3,26786
경기도 용인시 기흥구,4146300000,202601,1,4,34090
경기도 용인시 기흥구,4146300000,202601,1,5,39335
경기도 용인시 기흥구,4146300000,202601,1,6,47224
경기도 용인시 기흥구,4146300000,202601,2,1,36941
경기도 용인시 기흥구,4146300000,202601,2,2,25342
경기도 용인시 기흥구,4146300000,202601,2,3,25462
경기도 용인시 기흥구,4146300000,202601,2,4,36414
경기도 용인시 기흥구,4146300000,202601,2,5,40726
경기도 용인시 기흥구,4146300000,202601,2,6,55761
경기도 용인시 기흥구,4146300000,202602,1,1,38560
경기도 용인시 기흥구,4146300000,202602,1,2,27625
경기도 용인시 기흥구,4146300000,202602,1,3,26730
경기도 용인시 기흥구,4146300000,202602,1,4,33974
경기도 용인시 기흥구,4146300000,202602,1,5,39404
경기도 용인시 기흥구,4146300000,202602,1,6,47452
경기도 용인시 기흥구,4146300000,202602,2,1,36790
경기도 용인시 기흥구,4146300000,202602,2,2,25329
경기도 용인시 기흥구,4146300000,202602,2,3,25389
경기도 용인시 기흥구,4146300000,202602,2,4,36305
경기도 용인시 기흥구,4146300000,202602,2,5,40815
경기도 용인시 기흥구,4146300000,202602,2,6,55976
경기도 용인시 기흥구,4146300000,202603,1,1,38402
경기도 용인시 기흥구,4146300000,202603,1,2,27559
경기도 용인시 기흥구,4146300000,202603,1,3,26883
경기도 용인시 기흥구,4146300000,202603,1,4,33846
경기도 용인시 기흥구,4146300000,202603,1,5,39324
경기도 용인시 기흥구,4146300000,202603,1,6,47693
경기도 용인시 기흥구,4146300000,202603,2,1,36701
경기도 용인시 기흥구,4146300000,202603,2,2,25188
경기도 용인시 기흥구,4146300000,202603,2,3,25481
경기도 용인시 기흥구,4146300000,202603,2,4,36119
경기도 용인시 기흥구,4146300000,202603,2,5,40843
경기도 용인시 기흥구,4146300000,202603,2,6,56224
경기도 용인시 기흥구,4146300000,202604,1,1,38282
경기도 용인시 기흥구,4146300000,202604,1,2,27486
경기도 용인시 기흥구,4146300000,202604,1,3,26934
경기도 용인시 기흥구,4146300000,202604,1,4,33763
경기도 용인시 기흥구,4146300000,202604,1,5,39319
경기도 용인시 기흥구,4146300000,202604,1,6,47868
경기도 용인시 기흥구,4146300000,202604,2,1,36601
경기도 용인시 기흥구,4146300000,202604,2,2,25108
경기도 용인시 기흥구,4146300000,202604,2,3,25578
경기도 용인시 기흥구,4146300000,202604,2,4,36008
경기도 용인시 기흥구,4146300000,202604,2,5,40952
경기도 용인시 기흥구,4146300000,202604,2,6,56390
경기도 용인시 기흥구,4146300000,202605,1,1,38187
경기도 용인시 기흥구,4146300000,202605,1,2,27421
경기도 용인시 기흥구,4146300000,202605,1,3,27072
경기도 용인시 기흥구,4146300000,202605,1,4,33652
경기도 용인시 기흥구,4146300000,202605,1,5,39351
경기도 용인시 기흥구,4146300000,202605,1,6,48045
경기도 용인시 기흥구,4146300000,202605,2,1,36504
경기도 용인시 기흥구,4146300000,202605,2,2,25046
경기도 용인시 기흥구,4146300000,202605,2,3,25608
경기도 용인시 기흥구,4146300000,202605,2,4,35934
경기도 용인시 기흥구,4146300000,202605,2,5,40997
경기도 용인시 기흥구,4146300000,202605,2,6,56546
경기도 용인시 기흥구,4146300000,202606,1,1,38136
경기도 용인시 기흥구,4146300000,202606,1,2,27432
경기도 용인시 기흥구,4146300000,202606,1,3,27157
경기도 용인시 기흥구,4146300000,202606,1,4,33609
경기도 용인시 기흥구,4146300000,202606,1,5,39384
경기도 용인시 기흥구,4146300000,202606,1,6,48174
경기도 용인시 기흥구,4146300000,202606,2,1,36440
경기도 용인시 기흥구,4146300000,202606,2,2,24978
경기도 용인시 기흥구,4146300000,202606,2,3,25709
경기도 용인시 기흥구,4146300000,202606,2,4,35875
경기도 용인시 기흥구,4146300000,202606,2,5,41024
경기도 용인시 기흥구,4146300000,202606,2,6,56672
경기도 용인시 수지구,4146500000,202601,1,1,37257
경기도 용인시 수지구,4146500000,202601,1,2,21125
경기도 용인시 수지구,4146500000,202601,1,3,23370
경기도 용인시 수지구,4146500000,202601,1,4,31297
경기도 용인시 수지구,4146500000,202601,1,5,31137
경기도 용인시 수지구,4146500000,202601,1,6,37666
경기도 용인시 수지구,4146500000,202601,2,1,36241
경기도 용인시 수지구,4146500000,202601,2,2,20724
경기도 용인시 수지구,4146500000,202601,2,3,24799
경기도 용인시 수지구,4146500000,202601,2,4,34487
경기도 용인시 수지구,4146500000,202601,2,5,32139
경기도 용인시 수지구,4146500000,202601,2,6,43718
경기도 용인시 수지구,4146500000,202602,1,1,37173
경기도 용인시 수지구,4146500000,202602,1,2,20974
경기도 용인시 수지구,4146500000,202602,1,3,23306
경기도 용인시 수지구,4146500000,202602,1,4,31239
경기도 용인시 수지구,4146500000,202602,1,5,31119
경기도 용인시 수지구,4146500000,202602,1,6,37726
경기도 용인시 수지구,4146500000,202602,2,1,36163
경기도 용인시 수지구,4146500000,202602,2,2,20618
경기도 용인시 수지구,4146500000,202602,2,3,24707
경기도 용인시 수지구,4146500000,202602,2,4,34361
경기도 용인시 수지구,4146500000,202602,2,5,32183
경기도 용인시 수지구,4146500000,202602,2,6,43739
경기도 용인시 수지구,4146500000,202603,1,1,37010
경기도 용인시 수지구,4146500000,202603,1,2,20805
경기도 용인시 수지구,4146500000,202603,1,3,23347
경기도 용인시 수지구,4146500000,202603,1,4,31042
경기도 용인시 수지구,4146500000,202603,1,5,31008
경기도 용인시 수지구,4146500000,202603,1,6,37726
경기도 용인시 수지구,4146500000,202603,2,1,36013
경기도 용인시 수지구,4146500000,202603,2,2,20475
경기도 용인시 수지구,4146500000,202603,2,3,24653
경기도 용인시 수지구,4146500000,202603,2,4,34139
경기도 용인시 수지구,4146500000,202603,2,5,32073
경기도 용인시 수지구,4146500000,202603,2,6,43734
경기도 용인시 수지구,4146500000,202604,1,1,36907
경기도 용인시 수지구,4146500000,202604,1,2,20683
경기도 용인시 수지구,4146500000,202604,1,3,23393
경기도 용인시 수지구,4146500000,202604,1,4,30862
경기도 용인시 수지구,4146500000,202604,1,5,30946
경기도 용인시 수지구,4146500000,202604,1,6,37629
경기도 용인시 수지구,4146500000,202604,2,1,35934
경기도 용인시 수지구,4146500000,202604,2,2,20350
경기도 용인시 수지구,4146500000,202604,2,3,24638
경기도 용인시 수지구,4146500000,202604,2,4,34013
경기도 용인시 수지구,4146500000,202604,2,5,31978
경기도 용인시 수지구,4146500000,202604,2,6,43608
경기도 용인시 수지구,4146500000,202605,1,1,36839
경기도 용인시 수지구,4146500000,202605,1,2,20534
경기도 용인시 수지구,4146500000,202605,1,3,23264
경기도 용인시 수지구,4146500000,202605,1,4,30761
경기도 용인시 수지구,4146500000,202605,1,5,30884
경기도 용인시 수지구,4146500000,202605,1,6,37599
경기도 용인시 수지구,4146500000,202605,2,1,35767
경기도 용인시 수지구,4146500000,202605,2,2,20230
경기도 용인시 수지구,4146500000,202605,2,3,24576
경기도 용인시 수지구,4146500000,202605,2,4,33937
경기도 용인시 수지구,4146500000,202605,2,5,31858
경기도 용인시 수지구,4146500000,202605,2,6,43549
경기도 용인시 수지구,4146500000,202606,1,1,36784
경기도 용인시 수지구,4146500000,202606,1,2,20452
경기도 용인시 수지구,4146500000,202606,1,3,23179
경기도 용인시 수지구,4146500000,202606,1,4,30709
경기도 용인시 수지구,4146500000,202606,1,5,30854
경기도 용인시 수지구,4146500000,202606,1,6,37627
경기도 용인시 수지구,4146500000,202606,2,1,35721
경기도 용인시 수지구,4146500000,202606,2,2,20095
경기도 용인시 수지구,4146500000,202606,2,3,24574
경기도 용인시 수지구,4146500000,202606,2,4,33880
경기도 용인시 수지구,4146500000,202606,2,5,31792
경기도 용인시 수지구,4146500000,202606,2,6,43563
경기도 용인시 처인구,4146100000,202601,1,1,22390
경기도 용인시 처인구,4146100000,202601,1,2,17509
경기도 용인시 처인구,4146100000,202601,1,3,20139
경기도 용인시 처인구,4146100000,202601,1,4,23192
경기도 용인시 처인구,4146100000,202601,1,5,25410
경기도 용인시 처인구,4146100000,202601,1,6,35906
경기도 용인시 처인구,4146100000,202601,2,1,21428
경기도 용인시 처인구,4146100000,202601,2,2,14509
경기도 용인시 처인구,4146100000,202601,2,3,17230
경기도 용인시 처인구,4146100000,202601,2,4,21114
경기도 용인시 처인구,4146100000,202601,2,5,24005
경기도 용인시 처인구,4146100000,202601,2,6,39702
경기도 용인시 처인구,4146100000,202602,1,1,22344
경기도 용인시 처인구,4146100000,202602,1,2,17516
경기도 용인시 처인구,4146100000,202602,1,3,20148
경기도 용인시 처인구,4146100000,202602,1,4,23144
경기도 용인시 처인구,4146100000,202602,1,5,25476
경기도 용인시 처인구,4146100000,202602,1,6,36189
경기도 용인시 처인구,4146100000,202602,2,1,21419
경기도 용인시 처인구,4146100000,202602,2,2,14437
경기도 용인시 처인구,4146100000,202602,2,3,17247
경기도 용인시 처인구,4146100000,202602,2,4,21103
경기도 용인시 처인구,4146100000,202602,2,5,24161
경기도 용인시 처인구,4146100000,202602,2,6,39935
경기도 용인시 처인구,4146100000,202603,1,1,22320
경기도 용인시 처인구,4146100000,202603,1,2,17549
경기도 용인시 처인구,4146100000,202603,1,3,20289
경기도 용인시 처인구,4146100000,202603,1,4,23145
경기도 용인시 처인구,4146100000,202603,1,5,25525
경기도 용인시 처인구,4146100000,202603,1,6,36483
경기도 용인시 처인구,4146100000,202603,2,1,21415
경기도 용인시 처인구,4146100000,202603,2,2,14492
경기도 용인시 처인구,4146100000,202603,2,3,17372
경기도 용인시 처인구,4146100000,202603,2,4,21058
경기도 용인시 처인구,4146100000,202603,2,5,24222
경기도 용인시 처인구,4146100000,202603,2,6,40262
경기도 용인시 처인구,4146100000,202604,1,1,22612
경기도 용인시 처인구,4146100000,202604,1,2,17535
경기도 용인시 처인구,4146100000,202604,1,3,20368
경기도 용인시 처인구,4146100000,202604,1,4,23138
경기도 용인시 처인구,4146100000,202604,1,5,25558
경기도 용인시 처인구,4146100000,202604,1,6,36663
경기도 용인시 처인구,4146100000,202604,2,1,21518
경기도 용인시 처인구,4146100000,202604,2,2,14518
경기도 용인시 처인구,4146100000,202604,2,3,17377
경기도 용인시 처인구,4146100000,202604,2,4,21062
경기도 용인시 처인구,4146100000,202604,2,5,24237
경기도 용인시 처인구,4146100000,202604,2,6,40453
경기도 용인시 처인구,4146100000,202605,1,1,22626
경기도 용인시 처인구,4146100000,202605,1,2,17455
경기도 용인시 처인구,4146100000,202605,1,3,20365
경기도 용인시 처인구,4146100000,202605,1,4,23128
경기도 용인시 처인구,4146100000,202605,1,5,25600
경기도 용인시 처인구,4146100000,202605,1,6,36798
경기도 용인시 처인구,4146100000,202605,2,1,21782
경기도 용인시 처인구,4146100000,202605,2,2,14484
경기도 용인시 처인구,4146100000,202605,2,3,17388
경기도 용인시 처인구,4146100000,202605,2,4,21018
경기도 용인시 처인구,4146100000,202605,2,5,24239
경기도 용인시 처인구,4146100000,202605,2,6,40649
경기도 용인시 처인구,4146100000,202606,1,1,22949
경기도 용인시 처인구,4146100000,202606,1,2,17510
경기도 용인시 처인구,4146100000,202606,1,3,20373
경기도 용인시 처인구,4146100000,202606,1,4,23164
경기도 용인시 처인구,4146100000,202606,1,5,25584
경기도 용인시 처인구,4146100000,202606,1,6,36934
경기도 용인시 처인구,4146100000,202606,2,1,21970
경기도 용인시 처인구,4146100000,202606,2,2,14504
경기도 용인시 처인구,4146100000,202606,2,3,17364
경기도 용인시 처인구,4146100000,202606,2,4,21002
경기도 용인시 처인구,4146100000,202606,2,5,24258
경기도 용인시 처인구,4146100000,202606,2,6,40779
경기도 의왕시,4143000000,202601,1,1,12543
경기도 의왕시,4143000000,202601,1,2,9132
경기도 의왕시,4143000000,202601,1,3,12441
경기도 의왕시,4143000000,202601,1,4,11390
경기도 의왕시,4143000000,202601,1,5,12770
경기도 의왕시,4143000000,202601,1,6,21150
경기도 의왕시,4143000000,202601,2,1,11851
경기도 의왕시,4143000000,202601,2,2,8456
경기도 의왕시,4143000000,202601,2,3,11924
경기도 의왕시,4143000000,202601,2,4,10955
경기도 의왕시,4143000000,202601,2,5,14126
경기도 의왕시,4143000000,202601,2,6,24104
경기도 의왕시,4143000000,202602,1,1,12549
경기도 의왕시,4143000000,202602,1,2,9056
경기도 의왕시,4143000000,202602,1,3,12458
경기도 의왕시,4143000000,202602,1,4,11416
경기도 의왕시,4143000000,202602,1,5,12742
경기도 의왕시,4143000000,202602,1,6,21306
경기도 의왕시,4143000000,202602,2,1,11905
경기도 의왕시,4143000000,202602,2,2,8411
경기도 의왕시,4143000000,202602,2,3,11971
경기도 의왕시,4143000000,202602,2,4,10952
경기도 의왕시,4143000000,202602,2,5,14105
경기도 의왕시,4143000000,202602,2,6,24312
경기도 의왕시,4143000000,202603,1,1,12686
경기도 의왕시,4143000000,202603,1,2,9030
경기도 의왕시,4143000000,202603,1,3,12646
경기도 의왕시,4143000000,202603,1,4,11470
경기도 의왕시,4143000000,202603,1,5,12753
경기도 의왕시,4143000000,202603,1,6,21484
경기도 의왕시,4143000000,202603,2,1,12039
경기도 의왕시,4143000000,202603,2,2,8403
경기도 의왕시,4143000000,202603,2,3,12132
경기도 의왕시,4143000000,202603,2,4,10977
경기도 의왕시,4143000000,202603,2,5,14118
경기도 의왕시,4143000000,202603,2,6,24471
경기도 의왕시,4143000000,202604,1,1,12755
경기도 의왕시,4143000000,202604,1,2,8997
경기도 의왕시,4143000000,202604,1,3,12771
경기도 의왕시,4143000000,202604,1,4,11523
경기도 의왕시,4143000000,202604,1,5,12781
경기도 의왕시,4143000000,202604,1,6,21623
경기도 의왕시,4143000000,202604,2,1,12134
경기도 의왕시,4143000000,202604,2,2,8399
경기도 의왕시,4143000000,202604,2,3,12221
경기도 의왕시,4143000000,202604,2,4,10971
경기도 의왕시,4143000000,202604,2,5,14167
경기도 의왕시,4143000000,202604,2,6,24630
경기도 의왕시,4143000000,202605,1,1,12730
경기도 의왕시,4143000000,202605,1,2,8957
경기도 의왕시,4143000000,202605,1,3,12774
경기도 의왕시,4143000000,202605,1,4,11518
경기도 의왕시,4143000000,202605,1,5,12741
경기도 의왕시,4143000000,202605,1,6,21726
경기도 의왕시,4143000000,202605,2,1,12100
경기도 의왕시,4143000000,202605,2,2,8378
경기도 의왕시,4143000000,202605,2,3,12241
경기도 의왕시,4143000000,202605,2,4,10984
경기도 의왕시,4143000000,202605,2,5,14177
경기도 의왕시,4143000000,202605,2,6,24745
경기도 의왕시,4143000000,202606,1,1,12803
경기도 의왕시,4143000000,202606,1,2,8977
경기도 의왕시,4143000000,202606,1,3,12970
경기도 의왕시,4143000000,202606,1,4,11612
경기도 의왕시,4143000000,202606,1,5,12794
경기도 의왕시,4143000000,202606,1,6,21864
경기도 의왕시,4143000000,202606,2,1,12150
경기도 의왕시,4143000000,202606,2,2,8415
경기도 의왕시,4143000000,202606,2,3,12411
경기도 의왕시,4143000000,202606,2,4,11059
경기도 의왕시,4143000000,202606,2,5,14273
경기도 의왕시,4143000000,202606,2,6,24893
경기도 의정부시,4115000000,202601,1,1,34221
경기도 의정부시,4115000000,202601,1,2,26819
경기도 의정부시,4115000000,202601,1,3,31271
경기도 의정부시,4115000000,202601,1,4,34619
경기도 의정부시,4115000000,202601,1,5,39922
경기도 의정부시,4115000000,202601,1,6,59716
경기도 의정부시,4115000000,202601,2,1,32217
경기도 의정부시,4115000000,202601,2,2,26601
경기도 의정부시,4115000000,202601,2,3,29448
경기도 의정부시,4115000000,202601,2,4,33007
경기도 의정부시,4115000000,202601,2,5,41925
경기도 의정부시,4115000000,202601,2,6,71775
경기도 의정부시,4115000000,202602,1,1,34147
경기도 의정부시,4115000000,202602,1,2,26657
경기도 의정부시,4115000000,202602,1,3,31240
경기도 의정부시,4115000000,202602,1,4,34556
경기도 의정부시,4115000000,202602,1,5,39973
경기도 의정부시,4115000000,202602,1,6,59952
경기도 의정부시,4115000000,202602,2,1,32148
경기도 의정부시,4115000000,202602,2,2,26553
경기도 의정부시,4115000000,202602,2,3,29338
경기도 의정부시,4115000000,202602,2,4,33031
경기도 의정부시,4115000000,202602,2,5,41900
경기도 의정부시,4115000000,202602,2,6,72086
경기도 의정부시,4115000000,202603,1,1,34024
경기도 의정부시,4115000000,202603,1,2,26408
경기도 의정부시,4115000000,202603,1,3,31301
경기도 의정부시,4115000000,202603,1,4,34513
경기도 의정부시,4115000000,202603,1,5,39881
경기도 의정부시,4115000000,202603,1,6,60230
경기도 의정부시,4115000000,202603,2,1,32038
경기도 의정부시,4115000000,202603,2,2,26514
경기도 의정부시,4115000000,202603,2,3,29370
경기도 의정부시,4115000000,202603,2,4,32939
경기도 의정부시,4115000000,202603,2,5,41844
경기도 의정부시,4115000000,202603,2,6,72398
경기도 의정부시,4115000000,202604,1,1,33998
경기도 의정부시,4115000000,202604,1,2,26269
경기도 의정부시,4115000000,202604,1,3,31409
경기도 의정부시,4115000000,202604,1,4,34474
경기도 의정부시,4115000000,202604,1,5,39920
경기도 의정부시,4115000000,202604,1,6,60425
경기도 의정부시,4115000000,202604,2,1,31980
경기도 의정부시,4115000000,202604,2,2,26441
경기도 의정부시,4115000000,202604,2,3,29389
경기도 의정부시,4115000000,202604,2,4,32921
경기도 의정부시,4115000000,202604,2,5,41837
경기도 의정부시,4115000000,202604,2,6,72678
경기도 의정부시,4115000000,202605,1,1,33915
경기도 의정부시,4115000000,202605,1,2,26120
경기도 의정부시,4115000000,202605,1,3,31471
경기도 의정부시,4115000000,202605,1,4,34483
경기도 의정부시,4115000000,202605,1,5,39941
경기도 의정부시,4115000000,202605,1,6,60610
경기도 의정부시,4115000000,202605,2,1,31920
경기도 의정부시,4115000000,202605,2,2,26347
경기도 의정부시,4115000000,202605,2,3,29434
경기도 의정부시,4115000000,202605,2,4,32879
경기도 의정부시,4115000000,202605,2,5,41741
경기도 의정부시,4115000000,202605,2,6,72955
경기도 의정부시,4115000000,202606,1,1,33867
경기도 의정부시,4115000000,202606,1,2,25998
경기도 의정부시,4115000000,202606,1,3,31457
경기도 의정부시,4115000000,202606,1,4,34564
경기도 의정부시,4115000000,202606,1,5,39868
경기도 의정부시,4115000000,202606,1,6,60796
경기도 의정부시,4115000000,202606,2,1,31883
경기도 의정부시,4115000000,202606,2,2,26283
경기도 의정부시,4115000000,202606,2,3,29464
경기도 의정부시,4115000000,202606,2,4,32874
경기도 의정부시,4115000000,202606,2,5,41696
경기도 의정부시,4115000000,202606,2,6,73167
경기도 이천시,4150000000,202601,1,1,18009
경기도 이천시,4150000000,202601,1,2,15135
경기도 이천시,4150000000,202601,1,3,17632
경기도 이천시,4150000000,202601,1,4,17607
경기도 이천시,4150000000,202601,1,5,19181
경기도 이천시,4150000000,202601,1,6,28841
경기도 이천시,4150000000,202601,2,1,16896
경기도 이천시,4150000000,202601,2,2,11373
경기도 이천시,4150000000,202601,2,3,13580
경기도 이천시,4150000000,202601,2,4,15888
경기도 이천시,4150000000,202601,2,5,17732
경기도 이천시,4150000000,202601,2,6,31005
경기도 이천시,4150000000,202602,1,1,17925
경기도 이천시,4150000000,202602,1,2,15107
경기도 이천시,4150000000,202602,1,3,17620
경기도 이천시,4150000000,202602,1,4,17630
경기도 이천시,4150000000,202602,1,5,19155
경기도 이천시,4150000000,202602,1,6,28987
경기도 이천시,4150000000,202602,2,1,16804
경기도 이천시,4150000000,202602,2,2,11337
경기도 이천시,4150000000,202602,2,3,13505
경기도 이천시,4150000000,202602,2,4,15906
경기도 이천시,4150000000,202602,2,5,17773
경기도 이천시,4150000000,202602,2,6,31157
경기도 이천시,4150000000,202603,1,1,17896
경기도 이천시,4150000000,202603,1,2,15076
경기도 이천시,4150000000,202603,1,3,17715
경기도 이천시,4150000000,202603,1,4,17581
경기도 이천시,4150000000,202603,1,5,19155
경기도 이천시,4150000000,202603,1,6,29194
경기도 이천시,4150000000,202603,2,1,16795
경기도 이천시,4150000000,202603,2,2,11278
경기도 이천시,4150000000,202603,2,3,13565
경기도 이천시,4150000000,202603,2,4,15846
경기도 이천시,4150000000,202603,2,5,17790
경기도 이천시,4150000000,202603,2,6,31338
경기도 이천시,4150000000,202604,1,1,17972
경기도 이천시,4150000000,202604,1,2,15021
경기도 이천시,4150000000,202604,1,3,17776
경기도 이천시,4150000000,202604,1,4,17566
경기도 이천시,4150000000,202604,1,5,19186
경기도 이천시,4150000000,202604,1,6,29291
경기도 이천시,4150000000,202604,2,1,16828
경기도 이천시,4150000000,202604,2,2,11226
경기도 이천시,4150000000,202604,2,3,13588
경기도 이천시,4150000000,202604,2,4,15794
경기도 이천시,4150000000,202604,2,5,17806
경기도 이천시,4150000000,202604,2,6,31452
경기도 이천시,4150000000,202605,1,1,17933
경기도 이천시,4150000000,202605,1,2,14972
경기도 이천시,4150000000,202605,1,3,17840
경기도 이천시,4150000000,202605,1,4,17541
경기도 이천시,4150000000,202605,1,5,19218
경기도 이천시,4150000000,202605,1,6,29387
경기도 이천시,4150000000,202605,2,1,16819
경기도 이천시,4150000000,202605,2,2,11147
경기도 이천시,4150000000,202605,2,3,13631
경기도 이천시,4150000000,202605,2,4,15770
경기도 이천시,4150000000,202605,2,5,17831
경기도 이천시,4150000000,202605,2,6,31546
경기도 이천시,4150000000,202606,1,1,18330
경기도 이천시,4150000000,202606,1,2,14999
경기도 이천시,4150000000,202606,1,3,17905
경기도 이천시,4150000000,202606,1,4,17541
경기도 이천시,4150000000,202606,1,5,19218
경기도 이천시,4150000000,202606,1,6,29443
경기도 이천시,4150000000,202606,2,1,17174
경기도 이천시,4150000000,202606,2,2,11208
경기도 이천시,4150000000,202606,2,3,13666
경기도 이천시,4150000000,202606,2,4,15767
경기도 이천시,4150000000,202606,2,5,17863
경기도 이천시,4150000000,202606,2,6,31626
경기도 파주시,4148000000,202601,1,1,47835
경기도 파주시,4148000000,202601,1,2,29113
경기도 파주시,4148000000,202601,1,3,37646
경기도 파주시,4148000000,202601,1,4,45474
경기도 파주시,4148000000,202601,1,5,45773
경기도 파주시,4148000000,202601,1,6,59705
경기도 파주시,4148000000,202601,2,1,46040
경기도 파주시,4148000000,202601,2,2,25523
경기도 파주시,4148000000,202601,2,3,35672
경기도 파주시,4148000000,202601,2,4,42235
경기도 파주시,4148000000,202601,2,5,43311
경기도 파주시,4148000000,202601,2,6,68855
경기도 파주시,4148000000,202602,1,1,47858
경기도 파주시,4148000000,202602,1,2,29034
경기도 파주시,4148000000,202602,1,3,37687
경기도 파주시,4148000000,202602,1,4,45693
경기도 파주시,4148000000,202602,1,5,45857
경기도 파주시,4148000000,202602,1,6,60066
경기도 파주시,4148000000,202602,2,1,46105
경기도 파주시,4148000000,202602,2,2,25574
경기도 파주시,4148000000,202602,2,3,35673
경기도 파주시,4148000000,202602,2,4,42336
경기도 파주시,4148000000,202602,2,5,43502
경기도 파주시,4148000000,202602,2,6,69229
경기도 파주시,4148000000,202603,1,1,47910
경기도 파주시,4148000000,202603,1,2,28937
경기도 파주시,4148000000,202603,1,3,37896
경기도 파주시,4148000000,202603,1,4,45744
경기도 파주시,4148000000,202603,1,5,45898
경기도 파주시,4148000000,202603,1,6,60564
경기도 파주시,4148000000,202603,2,1,46144
경기도 파주시,4148000000,202603,2,2,25584
경기도 파주시,4148000000,202603,2,3,35871
경기도 파주시,4148000000,202603,2,4,42342
경기도 파주시,4148000000,202603,2,5,43587
경기도 파주시,4148000000,202603,2,6,69724
경기도 파주시,4148000000,202604,1,1,47932
경기도 파주시,4148000000,202604,1,2,28899
경기도 파주시,4148000000,202604,1,3,37995
경기도 파주시,4148000000,202604,1,4,45817
경기도 파주시,4148000000,202604,1,5,45994
경기도 파주시,4148000000,202604,1,6,60840
경기도 파주시,4148000000,202604,2,1,46171
경기도 파주시,4148000000,202604,2,2,25599
경기도 파주시,4148000000,202604,2,3,35977
경기도 파주시,4148000000,202604,2,4,42342
경기도 파주시,4148000000,202604,2,5,43738
경기도 파주시,4148000000,202604,2,6,70069
경기도 파주시,4148000000,202605,1,1,47893
경기도 파주시,4148000000,202605,1,2,28816
경기도 파주시,4148000000,202605,1,3,38091
경기도 파주시,4148000000,202605,1,4,45836
경기도 파주시,4148000000,202605,1,5,46072
경기도 파주시,4148000000,202605,1,6,61081
경기도 파주시,4148000000,202605,2,1,46162
경기도 파주시,4148000000,202605,2,2,25566
경기도 파주시,4148000000,202605,2,3,36029
경기도 파주시,4148000000,202605,2,4,42360
경기도 파주시,4148000000,202605,2,5,43899
경기도 파주시,4148000000,202605,2,6,70319
경기도 파주시,4148000000,202606,1,1,47960
경기도 파주시,4148000000,202606,1,2,28826
경기도 파주시,4148000000,202606,1,3,38209
경기도 파주시,4148000000,202606,1,4,45897
경기도 파주시,4148000000,202606,1,5,46145
경기도 파주시,4148000000,202606,1,6,61345
경기도 파주시,4148000000,202606,2,1,46137
경기도 파주시,4148000000,202606,2,2,25648
경기도 파주시,4148000000,202606,2,3,36171
경기도 파주시,4148000000,202606,2,4,42470
경기도 파주시,4148000000,202606,2,5,43986
경기도 파주시,4148000000,202606,2,6,70593
경기도 평택시,4122000000,202601,1,1,53619
경기도 평택시,4122000000,202601,1,2,40247
경기도 평택시,4122000000,202601,1,3,56232
경기도 평택시,4122000000,202601,1,4,54998
경기도 평택시,4122000000,202601,1,5,53571
경기도 평택시,4122000000,202601,1,6,62466
경기도 평택시,4122000000,202601,2,1,51784
경기도 평택시,4122000000,202601,2,2,32015
경기도 평택시,4122000000,202601,2,3,43442
경기도 평택시,4122000000,202601,2,4,46076
경기도 평택시,4122000000,202601,2,5,48242
경기도 평택시,4122000000,202601,2,6,69403
경기도 평택시,4122000000,202602,1,1,53662
경기도 평택시,4122000000,202602,1,2,40151
경기도 평택시,4122000000,202602,1,3,56340
경기도 평택시,4122000000,202602,1,4,55175
경기도 평택시,4122000000,202602,1,5,53722
경기도 평택시,4122000000,202602,1,6,62882
경기도 평택시,4122000000,202602,2,1,51782
경기도 평택시,4122000000,202602,2,2,31930
경기도 평택시,4122000000,202602,2,3,43515
경기도 평택시,4122000000,202602,2,4,46143
경기도 평택시,4122000000,202602,2,5,48396
경기도 평택시,4122000000,202602,2,6,69758
경기도 평택시,4122000000,202603,1,1,53686
경기도 평택시,4122000000,202603,1,2,40211
경기도 평택시,4122000000,202603,1,3,56743
경기도 평택시,4122000000,202603,1,4,55216
경기도 평택시,4122000000,202603,1,5,53806
경기도 평택시,4122000000,202603,1,6,63318
경기도 평택시,4122000000,202603,2,1,51734
경기도 평택시,4122000000,202603,2,2,31838
경기도 평택시,4122000000,202603,2,3,43750
경기도 평택시,4122000000,202603,2,4,46094
경기도 평택시,4122000000,202603,2,5,48450
경기도 평택시,4122000000,202603,2,6,70261
경기도 평택시,4122000000,202604,1,1,53659
경기도 평택시,4122000000,202604,1,2,40288
경기도 평택시,4122000000,202604,1,3,57009
경기도 평택시,4122000000,202604,1,4,55272
경기도 평택시,4122000000,202604,1,5,54036
경기도 평택시,4122000000,202604,1,6,63667
경기도 평택시,4122000000,202604,2,1,51782
경기도 평택시,4122000000,202604,2,2,31771
경기도 평택시,4122000000,202604,2,3,43838
경기도 평택시,4122000000,202604,2,4,46117
경기도 평택시,4122000000,202604,2,5,48560
경기도 평택시,4122000000,202604,2,6,70518
경기도 평택시,4122000000,202605,1,1,53698
경기도 평택시,4122000000,202605,1,2,40386
경기도 평택시,4122000000,202605,1,3,57313
경기도 평택시,4122000000,202605,1,4,55427
경기도 평택시,4122000000,202605,1,5,54256
경기도 평택시,4122000000,202605,1,6,63933
경기도 평택시,4122000000,202605,2,1,51827
경기도 평택시,4122000000,202605,2,2,31714
경기도 평택시,4122000000,202605,2,3,44044
경기도 평택시,4122000000,202605,2,4,46210
경기도 평택시,4122000000,202605,2,5,48628
경기도 평택시,4122000000,202605,2,6,70798
경기도 평택시,4122000000,202606,1,1,53741
경기도 평택시,4122000000,202606,1,2,40492
경기도 평택시,4122000000,202606,1,3,57565
경기도 평택시,4122000000,202606,1,4,55618
경기도 평택시,4122000000,202606,1,5,54321
경기도 평택시,4122000000,202606,1,6,64200
경기도 평택시,4122000000,202606,2,1,51886
경기도 평택시,4122000000,202606,2,2,31662
경기도 평택시,4122000000,202606,2,3,44168
경기도 평택시,4122000000,202606,2,4,46321
경기도 평택시,4122000000,202606,2,5,48664
경기도 평택시,4122000000,202606,2,6,71032
경기도 포천시,4165000000,202601,1,1,8093
경기도 포천시,4165000000,202601,1,2,7950
경기도 포천시,4165000000,202601,1,3,7945
경기도 포천시,4165000000,202601,1,4,8437
경기도 포천시,4165000000,202601,1,5,14115
경기도 포천시,4165000000,202601,1,6,27777
경기도 포천시,4165000000,202601,2,1,7344
경기도 포천시,4165000000,202601,2,2,6027
경기도 포천시,4165000000,202601,2,3,5889
경기도 포천시,4165000000,202601,2,4,7115
경기도 포천시,4165000000,202601,2,5,11961
경기도 포천시,4165000000,202601,2,6,27808
경기도 포천시,4165000000,202602,1,1,8084
경기도 포천시,4165000000,202602,1,2,7906
경기도 포천시,4165000000,202602,1,3,7935
경기도 포천시,4165000000,202602,1,4,8403
경기도 포천시,4165000000,202602,1,5,14079
경기도 포천시,4165000000,202602,1,6,27865
경기도 포천시,4165000000,202602,2,1,7296
경기도 포천시,4165000000,202602,2,2,5989
경기도 포천시,4165000000,202602,2,3,5889
경기도 포천시,4165000000,202602,2,4,7062
경기도 포천시,4165000000,202602,2,5,11942
경기도 포천시,4165000000,202602,2,6,27905
경기도 포천시,4165000000,202603,1,1,8053
경기도 포천시,4165000000,202603,1,2,7901
경기도 포천시,4165000000,202603,1,3,7984
경기도 포천시,4165000000,202603,1,4,8362
경기도 포천시,4165000000,202603,1,5,13987
경기도 포천시,4165000000,202603,1,6,28064
경기도 포천시,4165000000,202603,2,1,7238
경기도 포천시,4165000000,202603,2,2,5954
경기도 포천시,4165000000,202603,2,3,5925
경기도 포천시,4165000000,202603,2,4,7011
경기도 포천시,4165000000,202603,2,5,11900
경기도 포천시,4165000000,202603,2,6,28049
경기도 포천시,4165000000,202604,1,1,8029
경기도 포천시,4165000000,202604,1,2,7840
경기도 포천시,4165000000,202604,1,3,8008
경기도 포천시,4165000000,202604,1,4,8336
경기도 포천시,4165000000,202604,1,5,13939
경기도 포천시,4165000000,202604,1,6,28209
경기도 포천시,4165000000,202604,2,1,7228
경기도 포천시,4165000000,202604,2,2,5924
경기도 포천시,4165000000,202604,2,3,5962
경기도 포천시,4165000000,202604,2,4,6979
경기도 포천시,4165000000,202604,2,5,11867
경기도 포천시,4165000000,202604,2,6,28114
경기도 포천시,4165000000,202605,1,1,7988
경기도 포천시,4165000000,202605,1,2,7836
경기도 포천시,4165000000,202605,1,3,8031
경기도 포천시,4165000000,202605,1,4,8325
경기도 포천시,4165000000,202605,1,5,13897
경기도 포천시,4165000000,202605,1,6,28299
경기도 포천시,4165000000,202605,2,1,7207
경기도 포천시,4165000000,202605,2,2,5903
경기도 포천시,4165000000,202605,2,3,5977
경기도 포천시,4165000000,202605,2,4,6956
경기도 포천시,4165000000,202605,2,5,11866
경기도 포천시,4165000000,202605,2,6,28179
경기도 포천시,4165000000,202606,1,1,7982
경기도 포천시,4165000000,202606,1,2,7803
경기도 포천시,4165000000,202606,1,3,8048
경기도 포천시,4165000000,202606,1,4,8321
경기도 포천시,4165000000,202606,1,5,13857
경기도 포천시,4165000000,202606,1,6,28382
경기도 포천시,4165000000,202606,2,1,7179
경기도 포천시,4165000000,202606,2,2,5882
경기도 포천시,4165000000,202606,2,3,5971
경기도 포천시,4165000000,202606,2,4,6953
경기도 포천시,4165000000,202606,2,5,11848
경기도 포천시,4165000000,202606,2,6,28242
경기도 하남시,4145000000,202601,1,1,30497
경기도 하남시,4145000000,202601,1,2,16391
경기도 하남시,4145000000,202601,1,3,24217
경기도 하남시,4145000000,202601,1,4,30279
경기도 하남시,4145000000,202601,1,5,25275
경기도 하남시,4145000000,202601,1,6,36082
경기도 하남시,4145000000,202601,2,1,29502
경기도 하남시,4145000000,202601,2,2,16697
경기도 하남시,4145000000,202601,2,3,24778
경기도 하남시,4145000000,202601,2,4,29528
경기도 하남시,4145000000,202601,2,5,24477
경기도 하남시,4145000000,202601,2,6,40325
경기도 하남시,4145000000,202602,1,1,30390
경기도 하남시,4145000000,202602,1,2,16345
경기도 하남시,4145000000,202602,1,3,24090
경기도 하남시,4145000000,202602,1,4,30210
경기도 하남시,4145000000,202602,1,5,25373
경기도 하남시,4145000000,202602,1,6,36171
경기도 하남시,4145000000,202602,2,1,29383
경기도 하남시,4145000000,202602,2,2,16624
경기도 하남시,4145000000,202602,2,3,24677
경기도 하남시,4145000000,202602,2,4,29502
경기도 하남시,4145000000,202602,2,5,24496
경기도 하남시,4145000000,202602,2,6,40479
경기도 하남시,4145000000,202603,1,1,30381
경기도 하남시,4145000000,202603,1,2,16230
경기도 하남시,4145000000,202603,1,3,24150
경기도 하남시,4145000000,202603,1,4,30122
경기도 하남시,4145000000,202603,1,5,25384
경기도 하남시,4145000000,202603,1,6,36300
경기도 하남시,4145000000,202603,2,1,29367
경기도 하남시,4145000000,202603,2,2,16593
경기도 하남시,4145000000,202603,2,3,24720
경기도 하남시,4145000000,202603,2,4,29418
경기도 하남시,4145000000,202603,2,5,24481
경기도 하남시,4145000000,202603,2,6,40678
경기도 하남시,4145000000,202604,1,1,30354
경기도 하남시,4145000000,202604,1,2,16166
경기도 하남시,4145000000,202604,1,3,24102
경기도 하남시,4145000000,202604,1,4,30038
경기도 하남시,4145000000,202604,1,5,25459
경기도 하남시,4145000000,202604,1,6,36386
경기도 하남시,4145000000,202604,2,1,29288
경기도 하남시,4145000000,202604,2,2,16514
경기도 하남시,4145000000,202604,2,3,24650
경기도 하남시,4145000000,202604,2,4,29424
경기도 하남시,4145000000,202604,2,5,24491
경기도 하남시,4145000000,202604,2,6,40809
경기도 하남시,4145000000,202605,1,1,30319
경기도 하남시,4145000000,202605,1,2,16102
경기도 하남시,4145000000,202605,1,3,24018
경기도 하남시,4145000000,202605,1,4,30033
경기도 하남시,4145000000,202605,1,5,25439
경기도 하남시,4145000000,202605,1,6,36499
경기도 하남시,4145000000,202605,2,1,29224
경기도 하남시,4145000000,202605,2,2,16474
경기도 하남시,4145000000,202605,2,3,24626
경기도 하남시,4145000000,202605,2,4,29421
경기도 하남시,4145000000,202605,2,5,24504
경기도 하남시,4145000000,202605,2,6,40912
경기도 하남시,4145000000,202606,1,1,30294
경기도 하남시,4145000000,202606,1,2,16050
경기도 하남시,4145000000,202606,1,3,24008
경기도 하남시,4145000000,202606,1,4,29993
경기도 하남시,4145000000,202606,1,5,25457
경기도 하남시,4145000000,202606,1,6,36574
경기도 하남시,4145000000,202606,2,1,29181
경기도 하남시,4145000000,202606,2,2,16371
경기도 하남시,4145000000,202606,2,3,24640
경기도 하남시,4145000000,202606,2,4,29390
경기도 하남시,4145000000,202606,2,5,24517
경기도 하남시,4145000000,202606,2,6,41020
경기도 화성시 동탄구,4159700000,202601,1,1,53891
경기도 화성시 동탄구,4159700000,202601,1,2,23853
경기도 화성시 동탄구,4159700000,202601,1,3,39068
경기도 화성시 동탄구,4159700000,202601,1,4,45110
경기도 화성시 동탄구,4159700000,202601,1,5,30343
경기도 화성시 동탄구,4159700000,202601,1,6,22081
경기도 화성시 동탄구,4159700000,202601,2,1,51967
경기도 화성시 동탄구,4159700000,202601,2,2,22918
경기도 화성시 동탄구,4159700000,202601,2,3,38049
경기도 화성시 동탄구,4159700000,202601,2,4,44771
경기도 화성시 동탄구,4159700000,202601,2,5,28695
경기도 화성시 동탄구,4159700000,202601,2,6,24084
경기도 화성시 동탄구,4159700000,202602,1,1,53936
경기도 화성시 동탄구,4159700000,202602,1,2,23817
경기도 화성시 동탄구,4159700000,202602,1,3,39121
경기도 화성시 동탄구,4159700000,202602,1,4,45143
경기도 화성시 동탄구,4159700000,202602,1,5,30457
경기도 화성시 동탄구,4159700000,202602,1,6,22209
경기도 화성시 동탄구,4159700000,202602,2,1,51967
경기도 화성시 동탄구,4159700000,202602,2,2,22909
경기도 화성시 동탄구,4159700000,202602,2,3,38045
경기도 화성시 동탄구,4159700000,202602,2,4,44833
경기도 화성시 동탄구,4159700000,202602,2,5,28808
경기도 화성시 동탄구,4159700000,202602,2,6,24222
경기도 화성시 동탄구,4159700000,202603,1,1,54019
경기도 화성시 동탄구,4159700000,202603,1,2,23793
경기도 화성시 동탄구,4159700000,202603,1,3,39395
경기도 화성시 동탄구,4159700000,202603,1,4,45054
경기도 화성시 동탄구,4159700000,202603,1,5,30647
경기도 화성시 동탄구,4159700000,202603,1,6,22475
경기도 화성시 동탄구,4159700000,202603,2,1,52023
경기도 화성시 동탄구,4159700000,202603,2,2,22890
경기도 화성시 동탄구,4159700000,202603,2,3,38350
경기도 화성시 동탄구,4159700000,202603,2,4,44808
경기도 화성시 동탄구,4159700000,202603,2,5,29031
경기도 화성시 동탄구,4159700000,202603,2,6,24475
경기도 화성시 동탄구,4159700000,202604,1,1,54030
경기도 화성시 동탄구,4159700000,202604,1,2,23767
경기도 화성시 동탄구,4159700000,202604,1,3,39609
경기도 화성시 동탄구,4159700000,202604,1,4,45036
경기도 화성시 동탄구,4159700000,202604,1,5,30771
경기도 화성시 동탄구,4159700000,202604,1,6,22618
경기도 화성시 동탄구,4159700000,202604,2,1,52061
경기도 화성시 동탄구,4159700000,202604,2,2,22860
경기도 화성시 동탄구,4159700000,202604,2,3,38541
경기도 화성시 동탄구,4159700000,202604,2,4,44827
경기도 화성시 동탄구,4159700000,202604,2,5,29157
경기도 화성시 동탄구,4159700000,202604,2,6,24571
경기도 화성시 동탄구,4159700000,202605,1,1,54047
경기도 화성시 동탄구,4159700000,202605,1,2,23687
경기도 화성시 동탄구,4159700000,202605,1,3,39715
경기도 화성시 동탄구,4159700000,202605,1,4,45033
경기도 화성시 동탄구,4159700000,202605,1,5,30881
경기도 화성시 동탄구,4159700000,202605,1,6,22753
경기도 화성시 동탄구,4159700000,202605,2,1,52053
경기도 화성시 동탄구,4159700000,202605,2,2,22885
경기도 화성시 동탄구,4159700000,202605,2,3,38581
경기도 화성시 동탄구,4159700000,202605,2,4,44871
경기도 화성시 동탄구,4159700000,202605,2,5,29291
경기도 화성시 동탄구,4159700000,202605,2,6,24643
경기도 화성시 동탄구,4159700000,202606,1,1,54030
경기도 화성시 동탄구,4159700000,202606,1,2,23649
경기도 화성시 동탄구,4159700000,202606,1,3,39837
경기도 화성시 동탄구,4159700000,202606,1,4,45033
경기도 화성시 동탄구,4159700000,202606,1,5,30966
경기도 화성시 동탄구,4159700000,202606,1,6,22840
경기도 화성시 동탄구,4159700000,202606,2,1,52075
경기도 화성시 동탄구,4159700000,202606,2,2,22913
경기도 화성시 동탄구,4159700000,202606,2,3,38636
경기도 화성시 동탄구,4159700000,202606,2,4,44868
경기도 화성시 동탄구,4159700000,202606,2,5,29428
경기도 화성시 동탄구,4159700000,202606,2,6,24714
경기도 화성시 만세구,4159100000,202601,1,1,20090
경기도 화성시 만세구,4159100000,202601,1,2,13698
경기도 화성시 만세구,4159100000,202601,1,3,18576
경기도 화성시 만세구,4159100000,202601,1,4,22322
경기도 화성시 만세구,4159100000,202601,1,5,22653
경기도 화성시 만세구,4159100000,202601,1,6,30386
경기도 화성시 만세구,4159100000,202601,2,1,19081
경기도 화성시 만세구,4159100000,202601,2,2,9908
경기도 화성시 만세구,4159100000,202601,2,3,13413
경기도 화성시 만세구,4159100000,202601,2,4,17410
경기도 화성시 만세구,4159100000,202601,2,5,17006
경기도 화성시 만세구,4159100000,202601,2,6,29783
경기도 화성시 만세구,4159100000,202602,1,1,20107
경기도 화성시 만세구,4159100000,202602,1,2,13677
경기도 화성시 만세구,4159100000,202602,1,3,18601
경기도 화성시 만세구,4159100000,202602,1,4,22338
경기도 화성시 만세구,4159100000,202602,1,5,22738
경기도 화성시 만세구,4159100000,202602,1,6,30563
경기도 화성시 만세구,4159100000,202602,2,1,19081
경기도 화성시 만세구,4159100000,202602,2,2,9904
경기도 화성시 만세구,4159100000,202602,2,3,13411
경기도 화성시 만세구,4159100000,202602,2,4,17434
경기도 화성시 만세구,4159100000,202602,2,5,17073
경기도 화성시 만세구,4159100000,202602,2,6,29954
경기도 화성시 만세구,4159100000,202603,1,1,20042
경기도 화성시 만세구,4159100000,202603,1,2,13652
경기도 화성시 만세구,4159100000,202603,1,3,18565
경기도 화성시 만세구,4159100000,202603,1,4,22230
경기도 화성시 만세구,4159100000,202603,1,5,22697
경기도 화성시 만세구,4159100000,202603,1,6,30801
경기도 화성시 만세구,4159100000,202603,2,1,19024
경기도 화성시 만세구,4159100000,202603,2,2,9836
경기도 화성시 만세구,4159100000,202603,2,3,13378
경기도 화성시 만세구,4159100000,202603,2,4,17379
경기도 화성시 만세구,4159100000,202603,2,5,17041
경기도 화성시 만세구,4159100000,202603,2,6,30088
경기도 화성시 만세구,4159100000,202604,1,1,19995
경기도 화성시 만세구,4159100000,202604,1,2,13598
경기도 화성시 만세구,4159100000,202604,1,3,18573
경기도 화성시 만세구,4159100000,202604,1,4,22155
경기도 화성시 만세구,4159100000,202604,1,5,22719
경기도 화성시 만세구,4159100000,202604,1,6,30944
경기도 화성시 만세구,4159100000,202604,2,1,18999
경기도 화성시 만세구,4159100000,202604,2,2,9816
경기도 화성시 만세구,4159100000,202604,2,3,13345
경기도 화성시 만세구,4159100000,202604,2,4,17373
경기도 화성시 만세구,4159100000,202604,2,5,17015
경기도 화성시 만세구,4159100000,202604,2,6,30178
경기도 화성시 만세구,4159100000,202605,1,1,19957
경기도 화성시 만세구,4159100000,202605,1,2,13521
경기도 화성시 만세구,4159100000,202605,1,3,18519
경기도 화성시 만세구,4159100000,202605,1,4,22130
경기도 화성시 만세구,4159100000,202605,1,5,22721
경기도 화성시 만세구,4159100000,202605,1,6,31057
경기도 화성시 만세구,4159100000,202605,2,1,18952
경기도 화성시 만세구,4159100000,202605,2,2,9793
경기도 화성시 만세구,4159100000,202605,2,3,13320
경기도 화성시 만세구,4159100000,202605,2,4,17343
경기도 화성시 만세구,4159100000,202605,2,5,17003
경기도 화성시 만세구,4159100000,202605,2,6,30283
경기도 화성시 만세구,4159100000,202606,1,1,19893
경기도 화성시 만세구,4159100000,202606,1,2,13506
경기도 화성시 만세구,4159100000,202606,1,3,18454
경기도 화성시 만세구,4159100000,202606,1,4,22121
경기도 화성시 만세구,4159100000,202606,1,5,22711
경기도 화성시 만세구,4159100000,202606,1,6,31138
경기도 화성시 만세구,4159100000,202606,2,1,18911
경기도 화성시 만세구,4159100000,202606,2,2,9754
경기도 화성시 만세구,4159100000,202606,2,3,13241
경기도 화성시 만세구,4159100000,202606,2,4,17342
경기도 화성시 만세구,4159100000,202606,2,5,17044
경기도 화성시 만세구,4159100000,202606,2,6,30367
경기도 화성시 병점구,4159500000,202601,1,1,16818
경기도 화성시 병점구,4159500000,202601,1,2,12010
경기도 화성시 병점구,4159500000,202601,1,3,15895
경기도 화성시 병점구,4159500000,202601,1,4,16172
경기도 화성시 병점구,4159500000,202601,1,5,14050
경기도 화성시 병점구,4159500000,202601,1,6,14477
경기도 화성시 병점구,4159500000,202601,2,1,15877
경기도 화성시 병점구,4159500000,202601,2,2,9901
경기도 화성시 병점구,4159500000,202601,2,3,13163
경기도 화성시 병점구,4159500000,202601,2,4,14631
경기도 화성시 병점구,4159500000,202601,2,5,13432
경기도 화성시 병점구,4159500000,202601,2,6,16415
경기도 화성시 병점구,4159500000,202602,1,1,16832
경기도 화성시 병점구,4159500000,202602,1,2,11992
경기도 화성시 병점구,4159500000,202602,1,3,15916
경기도 화성시 병점구,4159500000,202602,1,4,16184
경기도 화성시 병점구,4159500000,202602,1,5,14103
경기도 화성시 병점구,4159500000,202602,1,6,14561
경기도 화성시 병점구,4159500000,202602,2,1,15877
경기도 화성시 병점구,4159500000,202602,2,2,9897
경기도 화성시 병점구,4159500000,202602,2,3,13161
경기도 화성시 병점구,4159500000,202602,2,4,14651
경기도 화성시 병점구,4159500000,202602,2,5,13485
경기도 화성시 병점구,4159500000,202602,2,6,16509
경기도 화성시 병점구,4159500000,202603,1,1,16926
경기도 화성시 병점구,4159500000,202603,1,2,12026
경기도 화성시 병점구,4159500000,202603,1,3,16105
경기도 화성시 병점구,4159500000,202603,1,4,16206
경기도 화성시 병점구,4159500000,202603,1,5,14136
경기도 화성시 병점구,4159500000,202603,1,6,14703
경기도 화성시 병점구,4159500000,202603,2,1,15939
경기도 화성시 병점구,4159500000,202603,2,2,9946
경기도 화성시 병점구,4159500000,202603,2,3,13297
경기도 화성시 병점구,4159500000,202603,2,4,14635
경기도 화성시 병점구,4159500000,202603,2,5,13542
경기도 화성시 병점구,4159500000,202603,2,6,16648
경기도 화성시 병점구,4159500000,202604,1,1,16933
경기도 화성시 병점구,4159500000,202604,1,2,12052
경기도 화성시 병점구,4159500000,202604,1,3,16153
경기도 화성시 병점구,4159500000,202604,1,4,16247
경기도 화성시 병점구,4159500000,202604,1,5,14162
경기도 화성시 병점구,4159500000,202604,1,6,14795
경기도 화성시 병점구,4159500000,202604,2,1,15943
경기도 화성시 병점구,4159500000,202604,2,2,9961
경기도 화성시 병점구,4159500000,202604,2,3,13368
경기도 화성시 병점구,4159500000,202604,2,4,14608
경기도 화성시 병점구,4159500000,202604,2,5,13598
경기도 화성시 병점구,4159500000,202604,2,6,16760
경기도 화성시 병점구,4159500000,202605,1,1,16908
경기도 화성시 병점구,4159500000,202605,1,2,12044
경기도 화성시 병점구,4159500000,202605,1,3,16161
경기도 화성시 병점구,4159500000,202605,1,4,16271
경기도 화성시 병점구,4159500000,202605,1,5,14160
경기도 화성시 병점구,4159500000,202605,1,6,14855
경기도 화성시 병점구,4159500000,202605,2,1,15902
경기도 화성시 병점구,4159500000,202605,2,2,9966
경기도 화성시 병점구,4159500000,202605,2,3,13347
경기도 화성시 병점구,4159500000,202605,2,4,14627
경기도 화성시 병점구,4159500000,202605,2,5,13604
경기도 화성시 병점구,4159500000,202605,2,6,16854
경기도 화성시 병점구,4159500000,202606,1,1,16870
경기도 화성시 병점구,4159500000,202606,1,2,12020
경기도 화성시 병점구,4159500000,202606,1,3,16187
경기도 화성시 병점구,4159500000,202606,1,4,16265
경기도 화성시 병점구,4159500000,202606,1,5,14170
경기도 화성시 병점구,4159500000,202606,1,6,14921
경기도 화성시 병점구,4159500000,202606,2,1,15882
경기도 화성시 병점구,4159500000,202606,2,2,9982
경기도 화성시 병점구,4159500000,202606,2,3,13344
경기도 화성시 병점구,4159500000,202606,2,4,14616
경기도 화성시 병점구,4159500000,202606,2,5,13616
경기도 화성시 병점구,4159500000,202606,2,6,16921
경기도 화성시 효행구,4159300000,202601,1,1,14523
경기도 화성시 효행구,4159300000,202601,1,2,8713
경기도 화성시 효행구,4159300000,202601,1,3,13885
경기도 화성시 효행구,4159300000,202601,1,4,14020
경기도 화성시 효행구,4159300000,202601,1,5,13531
경기도 화성시 효행구,4159300000,202601,1,6,17456
경기도 화성시 효행구,4159300000,202601,2,1,14368
경기도 화성시 효행구,4159300000,202601,2,2,7949
경기도 화성시 효행구,4159300000,202601,2,3,12141
경기도 화성시 효행구,4159300000,202601,2,4,12126
경기도 화성시 효행구,4159300000,202601,2,5,12027
경기도 화성시 효행구,4159300000,202601,2,6,18355
경기도 화성시 효행구,4159300000,202602,1,1,14535
경기도 화성시 효행구,4159300000,202602,1,2,8700
경기도 화성시 효행구,4159300000,202602,1,3,13904
경기도 화성시 효행구,4159300000,202602,1,4,14030
경기도 화성시 효행구,4159300000,202602,1,5,13582
경기도 화성시 효행구,4159300000,202602,1,6,17558
경기도 화성시 효행구,4159300000,202602,2,1,14368
경기도 화성시 효행구,4159300000,202602,2,2,7946
경기도 화성시 효행구,4159300000,202602,2,3,12140
경기도 화성시 효행구,4159300000,202602,2,4,12143
경기도 화성시 효행구,4159300000,202602,2,5,12074
경기도 화성시 효행구,4159300000,202602,2,6,18460
경기도 화성시 효행구,4159300000,202603,1,1,14548
경기도 화성시 효행구,4159300000,202603,1,2,8687
경기도 화성시 효행구,4159300000,202603,1,3,13853
경기도 화성시 효행구,4159300000,202603,1,4,13971
경기도 화성시 효행구,4159300000,202603,1,5,13602
경기도 화성시 효행구,4159300000,202603,1,6,17654
경기도 화성시 효행구,4159300000,202603,2,1,14373
경기도 화성시 효행구,4159300000,202603,2,2,7903
경기도 화성시 효행구,4159300000,202603,2,3,12120
경기도 화성시 효행구,4159300000,202603,2,4,12141
경기도 화성시 효행구,4159300000,202603,2,5,12060
경기도 화성시 효행구,4159300000,202603,2,6,18539
경기도 화성시 효행구,4159300000,202604,1,1,14525
경기도 화성시 효행구,4159300000,202604,1,2,8637
경기도 화성시 효행구,4159300000,202604,1,3,13819
경기도 화성시 효행구,4159300000,202604,1,4,13972
경기도 화성시 효행구,4159300000,202604,1,5,13598
경기도 화성시 효행구,4159300000,202604,1,6,17726
경기도 화성시 효행구,4159300000,202604,2,1,14349
경기도 화성시 효행구,4159300000,202604,2,2,7901
경기도 화성시 효행구,4159300000,202604,2,3,12081
경기도 화성시 효행구,4159300000,202604,2,4,12153
경기도 화성시 효행구,4159300000,202604,2,5,12087
경기도 화성시 효행구,4159300000,202604,2,6,18596
경기도 화성시 효행구,4159300000,202605,1,1,14587
경기도 화성시 효행구,4159300000,202605,1,2,8641
경기도 화성시 효행구,4159300000,202605,1,3,13838
경기도 화성시 효행구,4159300000,202605,1,4,13997
경기도 화성시 효행구,4159300000,202605,1,5,13673
경기도 화성시 효행구,4159300000,202605,1,6,17822
경기도 화성시 효행구,4159300000,202605,2,1,14383
경기도 화성시 효행구,4159300000,202605,2,2,7895
경기도 화성시 효행구,4159300000,202605,2,3,12103
경기도 화성시 효행구,4159300000,202605,2,4,12179
경기도 화성시 효행구,4159300000,202605,2,5,12174
경기도 화성시 효행구,4159300000,202605,2,6,18683
경기도 화성시 효행구,4159300000,202606,1,1,14603
경기도 화성시 효행구,4159300000,202606,1,2,8674
경기도 화성시 효행구,4159300000,202606,1,3,13863
경기도 화성시 효행구,4159300000,202606,1,4,14047
경기도 화성시 효행구,4159300000,202606,1,5,13698
경기도 화성시 효행구,4159300000,202606,1,6,17896
경기도 화성시 효행구,4159300000,202606,2,1,14420
경기도 화성시 효행구,4159300000,202606,2,2,7912
경기도 화성시 효행구,4159300000,202606,2,3,12153
경기도 화성시 효행구,4159300000,202606,2,4,12236
경기도 화성시 효행구,4159300000,202606,2,5,12209
경기도 화성시 효행구,4159300000,202606,2,6,18770
경상남도 거제시,4831000000,202601,1,1,22468
경상남도 거제시,4831000000,202601,1,2,10703
경상남도 거제시,4831000000,202601,1,3,11946
경상남도 거제시,4831000000,202601,1,4,23794
경상남도 거제시,4831000000,202601,1,5,24711
경상남도 거제시,4831000000,202601,1,6,27695
경상남도 거제시,4831000000,202601,2,1,20838
경상남도 거제시,4831000000,202601,2,2,7747
경상남도 거제시,4831000000,202601,2,3,10555
경상남도 거제시,4831000000,202601,2,4,20603
경상남도 거제시,4831000000,202601,2,5,20584
경상남도 거제시,4831000000,202601,2,6,29227
경상남도 거제시,4831000000,202602,1,1,22263
경상남도 거제시,4831000000,202602,1,2,10610
경상남도 거제시,4831000000,202602,1,3,11782
경상남도 거제시,4831000000,202602,1,4,23712
경상남도 거제시,4831000000,202602,1,5,24745
경상남도 거제시,4831000000,202602,1,6,27854
경상남도 거제시,4831000000,202602,2,1,20604
경상남도 거제시,4831000000,202602,2,2,7646
경상남도 거제시,4831000000,202602,2,3,10399
경상남도 거제시,4831000000,202602,2,4,20518
경상남도 거제시,4831000000,202602,2,5,20615
경상남도 거제시,4831000000,202602,2,6,29369
경상남도 거제시,4831000000,202603,1,1,22107
경상남도 거제시,4831000000,202603,1,2,10437
경상남도 거제시,4831000000,202603,1,3,11749
경상남도 거제시,4831000000,202603,1,4,23612
경상남도 거제시,4831000000,202603,1,5,24718
경상남도 거제시,4831000000,202603,1,6,28076
경상남도 거제시,4831000000,202603,2,1,20401
경상남도 거제시,4831000000,202603,2,2,7557
경상남도 거제시,4831000000,202603,2,3,10360
경상남도 거제시,4831000000,202603,2,4,20437
경상남도 거제시,4831000000,202603,2,5,20608
경상남도 거제시,4831000000,202603,2,6,29523
경상남도 거제시,4831000000,202604,1,1,22036
경상남도 거제시,4831000000,202604,1,2,10426
경상남도 거제시,4831000000,202604,1,3,11741
경상남도 거제시,4831000000,202604,1,4,23495
경상남도 거제시,4831000000,202604,1,5,24735
경상남도 거제시,4831000000,202604,1,6,28196
경상남도 거제시,4831000000,202604,2,1,20353
경상남도 거제시,4831000000,202604,2,2,7523
경상남도 거제시,4831000000,202604,2,3,10343
경상남도 거제시,4831000000,202604,2,4,20385
경상남도 거제시,4831000000,202604,2,5,20655
경상남도 거제시,4831000000,202604,2,6,29602
경상남도 거제시,4831000000,202605,1,1,21947
경상남도 거제시,4831000000,202605,1,2,10382
경상남도 거제시,4831000000,202605,1,3,11720
경상남도 거제시,4831000000,202605,1,4,23425
경상남도 거제시,4831000000,202605,1,5,24705
경상남도 거제시,4831000000,202605,1,6,28365
경상남도 거제시,4831000000,202605,2,1,20255
경상남도 거제시,4831000000,202605,2,2,7463
경상남도 거제시,4831000000,202605,2,3,10291
경상남도 거제시,4831000000,202605,2,4,20332
경상남도 거제시,4831000000,202605,2,5,20671
경상남도 거제시,4831000000,202605,2,6,29665
경상남도 거제시,4831000000,202606,1,1,21885
경상남도 거제시,4831000000,202606,1,2,10364
경상남도 거제시,4831000000,202606,1,3,11679
경상남도 거제시,4831000000,202606,1,4,23404
경상남도 거제시,4831000000,202606,1,5,24690
경상남도 거제시,4831000000,202606,1,6,28444
경상남도 거제시,4831000000,202606,2,1,20206
경상남도 거제시,4831000000,202606,2,2,7428
경상남도 거제시,4831000000,202606,2,3,10244
경상남도 거제시,4831000000,202606,2,4,20314
경상남도 거제시,4831000000,202606,2,5,20682
경상남도 거제시,4831000000,202606,2,6,29689
경상남도 거창군,4888000000,202601,1,1,4429
경상남도 거창군,4888000000,202601,1,2,2491
경상남도 거창군,4888000000,202601,1,3,2452
경상남도 거창군,4888000000,202601,1,4,3263
경상남도 거창군,4888000000,202601,1,5,5140
경상남도 거창군,4888000000,202601,1,6,11230
경상남도 거창군,4888000000,202601,2,1,3750
경상남도 거창군,4888000000,202601,2,2,1826
경상남도 거창군,4888000000,202601,2,3,2065
경상남도 거창군,4888000000,202601,2,4,3254
경상남도 거창군,4888000000,202601,2,5,4728
경상남도 거창군,4888000000,202601,2,6,14270
경상남도 거창군,4888000000,202602,1,1,4408
경상남도 거창군,4888000000,202602,1,2,2445
경상남도 거창군,4888000000,202602,1,3,2431
경상남도 거창군,4888000000,202602,1,4,3246
경상남도 거창군,4888000000,202602,1,5,5111
경상남도 거창군,4888000000,202602,1,6,11273
경상남도 거창군,4888000000,202602,2,1,3714
경상남도 거창군,4888000000,202602,2,2,1807
경상남도 거창군,4888000000,202602,2,3,2037
경상남도 거창군,4888000000,202602,2,4,3235
경상남도 거창군,4888000000,202602,2,5,4714
경상남도 거창군,4888000000,202602,2,6,14316
경상남도 거창군,4888000000,202603,1,1,4493
경상남도 거창군,4888000000,202603,1,2,2479
경상남도 거창군,4888000000,202603,1,3,2430
경상남도 거창군,4888000000,202603,1,4,3224
경상남도 거창군,4888000000,202603,1,5,5087
경상남도 거창군,4888000000,202603,1,6,11315
경상남도 거창군,4888000000,202603,2,1,3772
경상남도 거창군,4888000000,202603,2,2,1799
경상남도 거창군,4888000000,202603,2,3,2037
경상남도 거창군,4888000000,202603,2,4,3202
경상남도 거창군,4888000000,202603,2,5,4723
경상남도 거창군,4888000000,202603,2,6,14348
경상남도 거창군,4888000000,202604,1,1,4470
경상남도 거창군,4888000000,202604,1,2,2460
경상남도 거창군,4888000000,202604,1,3,2437
경상남도 거창군,4888000000,202604,1,4,3207
경상남도 거창군,4888000000,202604,1,5,5075
경상남도 거창군,4888000000,202604,1,6,11367
경상남도 거창군,4888000000,202604,2,1,3758
경상남도 거창군,4888000000,202604,2,2,1793
경상남도 거창군,4888000000,202604,2,3,2027
경상남도 거창군,4888000000,202604,2,4,3204
경상남도 거창군,4888000000,202604,2,5,4709
경상남도 거창군,4888000000,202604,2,6,14382
경상남도 거창군,4888000000,202605,1,1,4451
경상남도 거창군,4888000000,202605,1,2,2472
경상남도 거창군,4888000000,202605,1,3,2432
경상남도 거창군,4888000000,202605,1,4,3202
경상남도 거창군,4888000000,202605,1,5,5067
경상남도 거창군,4888000000,202605,1,6,11386
경상남도 거창군,4888000000,202605,2,1,3746
경상남도 거창군,4888000000,202605,2,2,1779
경상남도 거창군,4888000000,202605,2,3,2033
경상남도 거창군,4888000000,202605,2,4,3200
경상남도 거창군,4888000000,202605,2,5,4703
경상남도 거창군,4888000000,202605,2,6,14403
경상남도 거창군,4888000000,202606,1,1,4449
경상남도 거창군,4888000000,202606,1,2,2445
경상남도 거창군,4888000000,202606,1,3,2443
경상남도 거창군,4888000000,202606,1,4,3197
경상남도 거창군,4888000000,202606,1,5,5064
경상남도 거창군,4888000000,202606,1,6,11407
경상남도 거창군,4888000000,202606,2,1,3737
경상남도 거창군,4888000000,202606,2,2,1777
경상남도 거창군,4888000000,202606,2,3,2032
경상남도 거창군,4888000000,202606,2,4,3195
경상남도 거창군,4888000000,202606,2,5,4704
경상남도 거창군,4888000000,202606,2,6,14396
경상남도 고성군,4882000000,202601,1,1,2721
경상남도 고성군,4882000000,202601,1,2,1547
경상남도 고성군,4882000000,202601,1,3,1431
경상남도 고성군,4882000000,202601,1,4,2697
경상남도 고성군,4882000000,202601,1,5,4544
경상남도 고성군,4882000000,202601,1,6,10937
경상남도 고성군,4882000000,202601,2,1,2264
경상남도 고성군,4882000000,202601,2,2,1059
경상남도 고성군,4882000000,202601,2,3,1098
경상남도 고성군,4882000000,202601,2,4,2251
경상남도 고성군,4882000000,202601,2,5,3671
경상남도 고성군,4882000000,202601,2,6,12798
경상남도 고성군,4882000000,202602,1,1,2701
경상남도 고성군,4882000000,202602,1,2,1517
경상남도 고성군,4882000000,202602,1,3,1414
경상남도 고성군,4882000000,202602,1,4,2674
경상남도 고성군,4882000000,202602,1,5,4519
경상남도 고성군,4882000000,202602,1,6,10976
경상남도 고성군,4882000000,202602,2,1,2252
경상남도 고성군,4882000000,202602,2,2,1047
경상남도 고성군,4882000000,202602,2,3,1088
경상남도 고성군,4882000000,202602,2,4,2245
경상남도 고성군,4882000000,202602,2,5,3658
경상남도 고성군,4882000000,202602,2,6,12810
경상남도 고성군,4882000000,202603,1,1,2702
경상남도 고성군,4882000000,202603,1,2,1495
경상남도 고성군,4882000000,202603,1,3,1413
경상남도 고성군,4882000000,202603,1,4,2669
경상남도 고성군,4882000000,202603,1,5,4489
경상남도 고성군,4882000000,202603,1,6,11010
경상남도 고성군,4882000000,202603,2,1,2240
경상남도 고성군,4882000000,202603,2,2,1033
경상남도 고성군,4882000000,202603,2,3,1084
경상남도 고성군,4882000000,202603,2,4,2230
경상남도 고성군,4882000000,202603,2,5,3626
경상남도 고성군,4882000000,202603,2,6,12851
경상남도 고성군,4882000000,202604,1,1,2705
경상남도 고성군,4882000000,202604,1,2,1503
경상남도 고성군,4882000000,202604,1,3,1414
경상남도 고성군,4882000000,202604,1,4,2669
경상남도 고성군,4882000000,202604,1,5,4476
경상남도 고성군,4882000000,202604,1,6,11021
경상남도 고성군,4882000000,202604,2,1,2232
경상남도 고성군,4882000000,202604,2,2,1029
경상남도 고성군,4882000000,202604,2,3,1082
경상남도 고성군,4882000000,202604,2,4,2217
경상남도 고성군,4882000000,202604,2,5,3621
경상남도 고성군,4882000000,202604,2,6,12871
경상남도 고성군,4882000000,202605,1,1,2691
경상남도 고성군,4882000000,202605,1,2,1505
경상남도 고성군,4882000000,202605,1,3,1430
경상남도 고성군,4882000000,202605,1,4,2655
경상남도 고성군,4882000000,202605,1,5,4483
경상남도 고성군,4882000000,202605,1,6,11049
경상남도 고성군,4882000000,202605,2,1,2215
경상남도 고성군,4882000000,202605,2,2,1029
경상남도 고성군,4882000000,202605,2,3,1086
경상남도 고성군,4882000000,202605,2,4,2204
경상남도 고성군,4882000000,202605,2,5,3631
경상남도 고성군,4882000000,202605,2,6,12871
경상남도 고성군,4882000000,202606,1,1,2679
경상남도 고성군,4882000000,202606,1,2,1502
경상남도 고성군,4882000000,202606,1,3,1433
경상남도 고성군,4882000000,202606,1,4,2649
경상남도 고성군,4882000000,202606,1,5,4452
경상남도 고성군,4882000000,202606,1,6,11083
경상남도 고성군,4882000000,202606,2,1,2210
경상남도 고성군,4882000000,202606,2,2,1026
경상남도 고성군,4882000000,202606,2,3,1081
경상남도 고성군,4882000000,202606,2,4,2199
경상남도 고성군,4882000000,202606,2,5,3630
경상남도 고성군,4882000000,202606,2,6,12864
경상남도 김해시,4825000000,202601,1,1,47777
경상남도 김해시,4825000000,202601,1,2,29805
경상남도 김해시,4825000000,202601,1,3,34156
경상남도 김해시,4825000000,202601,1,4,43439
경상남도 김해시,4825000000,202601,1,5,52328
경상남도 김해시,4825000000,202601,1,6,62238
경상남도 김해시,4825000000,202601,2,1,45412
경상남도 김해시,4825000000,202601,2,2,23970
경상남도 김해시,4825000000,202601,2,3,30357
경상남도 김해시,4825000000,202601,2,4,42689
경상남도 김해시,4825000000,202601,2,5,52410
경상남도 김해시,4825000000,202601,2,6,68694
경상남도 김해시,4825000000,202602,1,1,47478
경상남도 김해시,4825000000,202602,1,2,29601
경상남도 김해시,4825000000,202602,1,3,34163
경상남도 김해시,4825000000,202602,1,4,43385
경상남도 김해시,4825000000,202602,1,5,52266
경상남도 김해시,4825000000,202602,1,6,62576
경상남도 김해시,4825000000,202602,2,1,45137
경상남도 김해시,4825000000,202602,2,2,23815
경상남도 김해시,4825000000,202602,2,3,30270
경상남도 김해시,4825000000,202602,2,4,42502
경상남도 김해시,4825000000,202602,2,5,52493
경상남도 김해시,4825000000,202602,2,6,69029
경상남도 김해시,4825000000,202603,1,1,47278
경상남도 김해시,4825000000,202603,1,2,29373
경상남도 김해시,4825000000,202603,1,3,34260
경상남도 김해시,4825000000,202603,1,4,43219
경상남도 김해시,4825000000,202603,1,5,52104
경상남도 김해시,4825000000,202603,1,6,63038
경상남도 김해시,4825000000,202603,2,1,44866
경상남도 김해시,4825000000,202603,2,2,23703
경상남도 김해시,4825000000,202603,2,3,30364
경상남도 김해시,4825000000,202603,2,4,42306
경상남도 김해시,4825000000,202603,2,5,52437
경상남도 김해시,4825000000,202603,2,6,69459
경상남도 김해시,4825000000,202604,1,1,47161
경상남도 김해시,4825000000,202604,1,2,29273
경상남도 김해시,4825000000,202604,1,3,34361
경상남도 김해시,4825000000,202604,1,4,43155
경상남도 김해시,4825000000,202604,1,5,52113
경상남도 김해시,4825000000,202604,1,6,63318
경상남도 김해시,4825000000,202604,2,1,44816
경상남도 김해시,4825000000,202604,2,2,23624
경상남도 김해시,4825000000,202604,2,3,30448
경상남도 김해시,4825000000,202604,2,4,42171
경상남도 김해시,4825000000,202604,2,5,52519
경상남도 김해시,4825000000,202604,2,6,69728
경상남도 김해시,4825000000,202605,1,1,47016
경상남도 김해시,4825000000,202605,1,2,29175
경상남도 김해시,4825000000,202605,1,3,34392
경상남도 김해시,4825000000,202605,1,4,43110
경상남도 김해시,4825000000,202605,1,5,52047
경상남도 김해시,4825000000,202605,1,6,63611
경상남도 김해시,4825000000,202605,2,1,44710
경상남도 김해시,4825000000,202605,2,2,23508
경상남도 김해시,4825000000,202605,2,3,30438
경상남도 김해시,4825000000,202605,2,4,42087
경상남도 김해시,4825000000,202605,2,5,52512
경상남도 김해시,4825000000,202605,2,6,70059
경상남도 김해시,4825000000,202606,1,1,46928
경상남도 김해시,4825000000,202606,1,2,29072
경상남도 김해시,4825000000,202606,1,3,34470
경상남도 김해시,4825000000,202606,1,4,43111
경상남도 김해시,4825000000,202606,1,5,52030
경상남도 김해시,4825000000,202606,1,6,63823
경상남도 김해시,4825000000,202606,2,1,44669
경상남도 김해시,4825000000,202606,2,2,23466
경상남도 김해시,4825000000,202606,2,3,30473
경상남도 김해시,4825000000,202606,2,4,42060
경상남도 김해시,4825000000,202606,2,5,52447
경상남도 김해시,4825000000,202606,2,6,70228
경상남도 남해군,4884000000,202601,1,1,2033
경상남도 남해군,4884000000,202601,1,2,1421
경상남도 남해군,4884000000,202601,1,3,1230
경상남도 남해군,4884000000,202601,1,4,1851
경상남도 남해군,4884000000,202601,1,5,3642
경상남도 남해군,4884000000,202601,1,6,9787
경상남도 남해군,4884000000,202601,2,1,1747
경상남도 남해군,4884000000,202601,2,2,934
경상남도 남해군,4884000000,202601,2,3,926
경상남도 남해군,4884000000,202601,2,4,1746
경상남도 남해군,4884000000,202601,2,5,3071
경상남도 남해군,4884000000,202601,2,6,12486
경상남도 남해군,4884000000,202602,1,1,2044
경상남도 남해군,4884000000,202602,1,2,1396
경상남도 남해군,4884000000,202602,1,3,1247
경상남도 남해군,4884000000,202602,1,4,1838
경상남도 남해군,4884000000,202602,1,5,3621
경상남도 남해군,4884000000,202602,1,6,9842
경상남도 남해군,4884000000,202602,2,1,1741
경상남도 남해군,4884000000,202602,2,2,917
경상남도 남해군,4884000000,202602,2,3,929
경상남도 남해군,4884000000,202602,2,4,1728
경상남도 남해군,4884000000,202602,2,5,3060
경상남도 남해군,4884000000,202602,2,6,12524
경상남도 남해군,4884000000,202603,1,1,2090
경상남도 남해군,4884000000,202603,1,2,1386
경상남도 남해군,4884000000,202603,1,3,1268
경상남도 남해군,4884000000,202603,1,4,1827
경상남도 남해군,4884000000,202603,1,5,3615
경상남도 남해군,4884000000,202603,1,6,9889
경상남도 남해군,4884000000,202603,2,1,1792
경상남도 남해군,4884000000,202603,2,2,931
경상남도 남해군,4884000000,202603,2,3,940
경상남도 남해군,4884000000,202603,2,4,1714
경상남도 남해군,4884000000,202603,2,5,3062
경상남도 남해군,4884000000,202603,2,6,12540
경상남도 남해군,4884000000,202604,1,1,2093
경상남도 남해군,4884000000,202604,1,2,1383
경상남도 남해군,4884000000,202604,1,3,1263
경상남도 남해군,4884000000,202604,1,4,1822
경상남도 남해군,4884000000,202604,1,5,3600
경상남도 남해군,4884000000,202604,1,6,9930
경상남도 남해군,4884000000,202604,2,1,1798
경상남도 남해군,4884000000,202604,2,2,926
경상남도 남해군,4884000000,202604,2,3,943
경상남도 남해군,4884000000,202604,2,4,1721
경상남도 남해군,4884000000,202604,2,5,3032
경상남도 남해군,4884000000,202604,2,6,12555
경상남도 남해군,4884000000,202605,1,1,2084
경상남도 남해군,4884000000,202605,1,2,1372
경상남도 남해군,4884000000,202605,1,3,1269
경상남도 남해군,4884000000,202605,1,4,1816
경상남도 남해군,4884000000,202605,1,5,3597
경상남도 남해군,4884000000,202605,1,6,9953
경상남도 남해군,4884000000,202605,2,1,1793
경상남도 남해군,4884000000,202605,2,2,937
경상남도 남해군,4884000000,202605,2,3,938
경상남도 남해군,4884000000,202605,2,4,1717
경상남도 남해군,4884000000,202605,2,5,3040
경상남도 남해군,4884000000,202605,2,6,12575
경상남도 남해군,4884000000,202606,1,1,2108
경상남도 남해군,4884000000,202606,1,2,1375
경상남도 남해군,4884000000,202606,1,3,1267
경상남도 남해군,4884000000,202606,1,4,1816
경상남도 남해군,4884000000,202606,1,5,3598
경상남도 남해군,4884000000,202606,1,6,9963
경상남도 남해군,4884000000,202606,2,1,1783
경상남도 남해군,4884000000,202606,2,2,942
경상남도 남해군,4884000000,202606,2,3,933
경상남도 남해군,4884000000,202606,2,4,1717
경상남도 남해군,4884000000,202606,2,5,3046
경상남도 남해군,4884000000,202606,2,6,12595
경상남도 밀양시,4827000000,202601,1,1,5447
경상남도 밀양시,4827000000,202601,1,2,3836
경상남도 밀양시,4827000000,202601,1,3,4216
경상남도 밀양시,4827000000,202601,1,4,5789
경상남도 밀양시,4827000000,202601,1,5,8530
경상남도 밀양시,4827000000,202601,1,6,21371
경상남도 밀양시,4827000000,202601,2,1,5056
경상남도 밀양시,4827000000,202601,2,2,2706
경상남도 밀양시,4827000000,202601,2,3,3295
경상남도 밀양시,4827000000,202601,2,4,5150
경상남도 밀양시,4827000000,202601,2,5,8000
경상남도 밀양시,4827000000,202601,2,6,25691
경상남도 밀양시,4827000000,202602,1,1,5423
경상남도 밀양시,4827000000,202602,1,2,3788
경상남도 밀양시,4827000000,202602,1,3,4203
경상남도 밀양시,4827000000,202602,1,4,5789
경상남도 밀양시,4827000000,202602,1,5,8469
경상남도 밀양시,4827000000,202602,1,6,21414
경상남도 밀양시,4827000000,202602,2,1,5005
경상남도 밀양시,4827000000,202602,2,2,2698
경상남도 밀양시,4827000000,202602,2,3,3259
경상남도 밀양시,4827000000,202602,2,4,5168
경상남도 밀양시,4827000000,202602,2,5,7947
경상남도 밀양시,4827000000,202602,2,6,25738
경상남도 밀양시,4827000000,202603,1,1,5406
경상남도 밀양시,4827000000,202603,1,2,3737
경상남도 밀양시,4827000000,202603,1,3,4207
경상남도 밀양시,4827000000,202603,1,4,5768
경상남도 밀양시,4827000000,202603,1,5,8404
경상남도 밀양시,4827000000,202603,1,6,21498
경상남도 밀양시,4827000000,202603,2,1,4983
경상남도 밀양시,4827000000,202603,2,2,2656
경상남도 밀양시,4827000000,202603,2,3,3256
경상남도 밀양시,4827000000,202603,2,4,5148
경상남도 밀양시,4827000000,202603,2,5,7891
경상남도 밀양시,4827000000,202603,2,6,25821
경상남도 밀양시,4827000000,202604,1,1,5388
경상남도 밀양시,4827000000,202604,1,2,3728
경상남도 밀양시,4827000000,202604,1,3,4201
경상남도 밀양시,4827000000,202604,1,4,5748
경상남도 밀양시,4827000000,202604,1,5,8393
경상남도 밀양시,4827000000,202604,1,6,21557
경상남도 밀양시,4827000000,202604,2,1,4967
경상남도 밀양시,4827000000,202604,2,2,2654
경상남도 밀양시,4827000000,202604,2,3,3253
경상남도 밀양시,4827000000,202604,2,4,5142
경상남도 밀양시,4827000000,202604,2,5,7873
경상남도 밀양시,4827000000,202604,2,6,25824
경상남도 밀양시,4827000000,202605,1,1,5361
경상남도 밀양시,4827000000,202605,1,2,3686
경상남도 밀양시,4827000000,202605,1,3,4226
경상남도 밀양시,4827000000,202605,1,4,5756
경상남도 밀양시,4827000000,202605,1,5,8353
경상남도 밀양시,4827000000,202605,1,6,21595
경상남도 밀양시,4827000000,202605,2,1,4957
경상남도 밀양시,4827000000,202605,2,2,2630
경상남도 밀양시,4827000000,202605,2,3,3238
경상남도 밀양시,4827000000,202605,2,4,5120
경상남도 밀양시,4827000000,202605,2,5,7824
경상남도 밀양시,4827000000,202605,2,6,25873
경상남도 밀양시,4827000000,202606,1,1,5332
경상남도 밀양시,4827000000,202606,1,2,3710
경상남도 밀양시,4827000000,202606,1,3,4225
경상남도 밀양시,4827000000,202606,1,4,5757
경상남도 밀양시,4827000000,202606,1,5,8329
경상남도 밀양시,4827000000,202606,1,6,21625
경상남도 밀양시,4827000000,202606,2,1,4945
경상남도 밀양시,4827000000,202606,2,2,2619
경상남도 밀양시,4827000000,202606,2,3,3242
경상남도 밀양시,4827000000,202606,2,4,5094
경상남도 밀양시,4827000000,202606,2,5,7829
경상남도 밀양시,4827000000,202606,2,6,25884
경상남도 사천시,4824000000,202601,1,1,8054
경상남도 사천시,4824000000,202601,1,2,5328
경상남도 사천시,4824000000,202601,1,3,5916
경상남도 사천시,4824000000,202601,1,4,7913
경상남도 사천시,4824000000,202601,1,5,10377
경상남도 사천시,4824000000,202601,1,6,17232
경상남도 사천시,4824000000,202601,2,1,7385
경상남도 사천시,4824000000,202601,2,2,3546
경상남도 사천시,4824000000,202601,2,3,4436
경상남도 사천시,4824000000,202601,2,4,7306
경상남도 사천시,4824000000,202601,2,5,9131
경상남도 사천시,4824000000,202601,2,6,21330
경상남도 사천시,4824000000,202602,1,1,8009
경상남도 사천시,4824000000,202602,1,2,5288
경상남도 사천시,4824000000,202602,1,3,5897
경상남도 사천시,4824000000,202602,1,4,7908
경상남도 사천시,4824000000,202602,1,5,10395
경상남도 사천시,4824000000,202602,1,6,17295
경상남도 사천시,4824000000,202602,2,1,7336
경상남도 사천시,4824000000,202602,2,2,3520
경상남도 사천시,4824000000,202602,2,3,4448
경상남도 사천시,4824000000,202602,2,4,7277
경상남도 사천시,4824000000,202602,2,5,9131
경상남도 사천시,4824000000,202602,2,6,21385
경상남도 사천시,4824000000,202603,1,1,7932
경상남도 사천시,4824000000,202603,1,2,5280
경상남도 사천시,4824000000,202603,1,3,5917
경상남도 사천시,4824000000,202603,1,4,7868
경상남도 사천시,4824000000,202603,1,5,10345
경상남도 사천시,4824000000,202603,1,6,17405
경상남도 사천시,4824000000,202603,2,1,7281
경상남도 사천시,4824000000,202603,2,2,3505
경상남도 사천시,4824000000,202603,2,3,4461
경상남도 사천시,4824000000,202603,2,4,7233
경상남도 사천시,4824000000,202603,2,5,9101
경상남도 사천시,4824000000,202603,2,6,21456
경상남도 사천시,4824000000,202604,1,1,7915
경상남도 사천시,4824000000,202604,1,2,5264
경상남도 사천시,4824000000,202604,1,3,5943
경상남도 사천시,4824000000,202604,1,4,7844
경상남도 사천시,4824000000,202604,1,5,10363
경상남도 사천시,4824000000,202604,1,6,17460
경상남도 사천시,4824000000,202604,2,1,7260
경상남도 사천시,4824000000,202604,2,2,3503
경상남도 사천시,4824000000,202604,2,3,4440
경상남도 사천시,4824000000,202604,2,4,7222
경상남도 사천시,4824000000,202604,2,5,9102
경상남도 사천시,4824000000,202604,2,6,21488
경상남도 사천시,4824000000,202605,1,1,7875
경상남도 사천시,4824000000,202605,1,2,5257
경상남도 사천시,4824000000,202605,1,3,5957
경상남도 사천시,4824000000,202605,1,4,7821
경상남도 사천시,4824000000,202605,1,5,10353
경상남도 사천시,4824000000,202605,1,6,17524
경상남도 사천시,4824000000,202605,2,1,7253
경상남도 사천시,4824000000,202605,2,2,3486
경상남도 사천시,4824000000,202605,2,3,4453
경상남도 사천시,4824000000,202605,2,4,7196
경상남도 사천시,4824000000,202605,2,5,9106
경상남도 사천시,4824000000,202605,2,6,21527
경상남도 사천시,4824000000,202606,1,1,7858
경상남도 사천시,4824000000,202606,1,2,5260
경상남도 사천시,4824000000,202606,1,3,5973
경상남도 사천시,4824000000,202606,1,4,7829
경상남도 사천시,4824000000,202606,1,5,10347
경상남도 사천시,4824000000,202606,1,6,17556
경상남도 사천시,4824000000,202606,2,1,7265
경상남도 사천시,4824000000,202606,2,2,3504
경상남도 사천시,4824000000,202606,2,3,4444
경상남도 사천시,4824000000,202606,2,4,7210
경상남도 사천시,4824000000,202606,2,5,9106
경상남도 사천시,4824000000,202606,2,6,21530
경상남도 산청군,4886000000,202601,1,1,1323
경상남도 산청군,4886000000,202601,1,2,950
경상남도 산청군,4886000000,202601,1,3,894
경상남도 산청군,4886000000,202601,1,4,1410
경상남도 산청군,4886000000,202601,1,5,3058
경상남도 산청군,4886000000,202601,1,6,8663
경상남도 산청군,4886000000,202601,2,1,1147
경상남도 산청군,4886000000,202601,2,2,682
경상남도 산청군,4886000000,202601,2,3,741
경상남도 산청군,4886000000,202601,2,4,1163
경상남도 산청군,4886000000,202601,2,5,2606
경상남도 산청군,4886000000,202601,2,6,10102
경상남도 산청군,4886000000,202602,1,1,1313
경상남도 산청군,4886000000,202602,1,2,933
경상남도 산청군,4886000000,202602,1,3,887
경상남도 산청군,4886000000,202602,1,4,1406
경상남도 산청군,4886000000,202602,1,5,3037
경상남도 산청군,4886000000,202602,1,6,8709
경상남도 산청군,4886000000,202602,2,1,1127
경상남도 산청군,4886000000,202602,2,2,674
경상남도 산청군,4886000000,202602,2,3,739
경상남도 산청군,4886000000,202602,2,4,1153
경상남도 산청군,4886000000,202602,2,5,2594
경상남도 산청군,4886000000,202602,2,6,10107
경상남도 산청군,4886000000,202603,1,1,1314
경상남도 산청군,4886000000,202603,1,2,915
경상남도 산청군,4886000000,202603,1,3,890
경상남도 산청군,4886000000,202603,1,4,1396
경상남도 산청군,4886000000,202603,1,5,3022
경상남도 산청군,4886000000,202603,1,6,8749
경상남도 산청군,4886000000,202603,2,1,1116
경상남도 산청군,4886000000,202603,2,2,665
경상남도 산청군,4886000000,202603,2,3,731
경상남도 산청군,4886000000,202603,2,4,1153
경상남도 산청군,4886000000,202603,2,5,2573
경상남도 산청군,4886000000,202603,2,6,10138
경상남도 산청군,4886000000,202604,1,1,1315
경상남도 산청군,4886000000,202604,1,2,911
경상남도 산청군,4886000000,202604,1,3,900
경상남도 산청군,4886000000,202604,1,4,1388
경상남도 산청군,4886000000,202604,1,5,3021
경상남도 산청군,4886000000,202604,1,6,8793
경상남도 산청군,4886000000,202604,2,1,1108
경상남도 산청군,4886000000,202604,2,2,670
경상남도 산청군,4886000000,202604,2,3,727
경상남도 산청군,4886000000,202604,2,4,1152
경상남도 산청군,4886000000,202604,2,5,2578
경상남도 산청군,4886000000,202604,2,6,10157
경상남도 산청군,4886000000,202605,1,1,1306
경상남도 산청군,4886000000,202605,1,2,898
경상남도 산청군,4886000000,202605,1,3,902
경상남도 산청군,4886000000,202605,1,4,1373
경상남도 산청군,4886000000,202605,1,5,3010
경상남도 산청군,4886000000,202605,1,6,8809
경상남도 산청군,4886000000,202605,2,1,1101
경상남도 산청군,4886000000,202605,2,2,664
경상남도 산청군,4886000000,202605,2,3,729
경상남도 산청군,4886000000,202605,2,4,1140
경상남도 산청군,4886000000,202605,2,5,2592
경상남도 산청군,4886000000,202605,2,6,10148
경상남도 산청군,4886000000,202606,1,1,1299
경상남도 산청군,4886000000,202606,1,2,887
경상남도 산청군,4886000000,202606,1,3,902
경상남도 산청군,4886000000,202606,1,4,1368
경상남도 산청군,4886000000,202606,1,5,2997
경상남도 산청군,4886000000,202606,1,6,8825
경상남도 산청군,4886000000,202606,2,1,1099
경상남도 산청군,4886000000,202606,2,2,665
경상남도 산청군,4886000000,202606,2,3,723
경상남도 산청군,4886000000,202606,2,4,1153
경상남도 산청군,4886000000,202606,2,5,2579
경상남도 산청군,4886000000,202606,2,6,10141
경상남도 양산시,4833000000,202601,1,1,31972
경상남도 양산시,4833000000,202601,1,2,17233
경상남도 양산시,4833000000,202601,1,3,23311
경상남도 양산시,4833000000,202601,1,4,30923
경상남도 양산시,4833000000,202601,1,5,31853
경상남도 양산시,4833000000,202601,1,6,45684
경상남도 양산시,4833000000,202601,2,1,30467
경상남도 양산시,4833000000,202601,2,2,14735
경상남도 양산시,4833000000,202601,2,3,21424
경상남도 양산시,4833000000,202601,2,4,29317
경상남도 양산시,4833000000,202601,2,5,31909
경상남도 양산시,4833000000,202601,2,6,52521
경상남도 양산시,4833000000,202602,1,1,31874
경상남도 양산시,4833000000,202602,1,2,17121
경상남도 양산시,4833000000,202602,1,3,23239
경상남도 양산시,4833000000,202602,1,4,30906
경상남도 양산시,4833000000,202602,1,5,31898
경상남도 양산시,4833000000,202602,1,6,45890
경상남도 양산시,4833000000,202602,2,1,30392
경상남도 양산시,4833000000,202602,2,2,14647
경상남도 양산시,4833000000,202602,2,3,21414
경상남도 양산시,4833000000,202602,2,4,29281
경상남도 양산시,4833000000,202602,2,5,31926
경상남도 양산시,4833000000,202602,2,6,52748
경상남도 양산시,4833000000,202603,1,1,31905
경상남도 양산시,4833000000,202603,1,2,16980
경상남도 양산시,4833000000,202603,1,3,23279
경상남도 양산시,4833000000,202603,1,4,30862
경상남도 양산시,4833000000,202603,1,5,31826
경상남도 양산시,4833000000,202603,1,6,46150
경상남도 양산시,4833000000,202603,2,1,30289
경상남도 양산시,4833000000,202603,2,2,14532
경상남도 양산시,4833000000,202603,2,3,21441
경상남도 양산시,4833000000,202603,2,4,29160
경상남도 양산시,4833000000,202603,2,5,31849
경상남도 양산시,4833000000,202603,2,6,52957
경상남도 양산시,4833000000,202604,1,1,31848
경상남도 양산시,4833000000,202604,1,2,16899
경상남도 양산시,4833000000,202604,1,3,23335
경상남도 양산시,4833000000,202604,1,4,30800
경상남도 양산시,4833000000,202604,1,5,31798
경상남도 양산시,4833000000,202604,1,6,46363
경상남도 양산시,4833000000,202604,2,1,30244
경상남도 양산시,4833000000,202604,2,2,14518
경상남도 양산시,4833000000,202604,2,3,21455
경상남도 양산시,4833000000,202604,2,4,29125
경상남도 양산시,4833000000,202604,2,5,31877
경상남도 양산시,4833000000,202604,2,6,53109
경상남도 양산시,4833000000,202605,1,1,31818
경상남도 양산시,4833000000,202605,1,2,16827
경상남도 양산시,4833000000,202605,1,3,23359
경상남도 양산시,4833000000,202605,1,4,30773
경상남도 양산시,4833000000,202605,1,5,31807
경상남도 양산시,4833000000,202605,1,6,46538
경상남도 양산시,4833000000,202605,2,1,30207
경상남도 양산시,4833000000,202605,2,2,14458
경상남도 양산시,4833000000,202605,2,3,21435
경상남도 양산시,4833000000,202605,2,4,29114
경상남도 양산시,4833000000,202605,2,5,31826
경상남도 양산시,4833000000,202605,2,6,53271
경상남도 양산시,4833000000,202606,1,1,31744
경상남도 양산시,4833000000,202606,1,2,16758
경상남도 양산시,4833000000,202606,1,3,23388
경상남도 양산시,4833000000,202606,1,4,30745
경상남도 양산시,4833000000,202606,1,5,31793
경상남도 양산시,4833000000,202606,1,6,46636
경상남도 양산시,4833000000,202606,2,1,30183
경상남도 양산시,4833000000,202606,2,2,14359
경상남도 양산시,4833000000,202606,2,3,21442
경상남도 양산시,4833000000,202606,2,4,29107
경상남도 양산시,4833000000,202606,2,5,31829
경상남도 양산시,4833000000,202606,2,6,53405
경상남도 의령군,4872000000,202601,1,1,1069
경상남도 의령군,4872000000,202601,1,2,796
경상남도 의령군,4872000000,202601,1,3,736
경상남도 의령군,4872000000,202601,1,4,1176
경상남도 의령군,4872000000,202601,1,5,2267
경상남도 의령군,4872000000,202601,1,6,6281
경상남도 의령군,4872000000,202601,2,1,896
경상남도 의령군,4872000000,202601,2,2,494
경상남도 의령군,4872000000,202601,2,3,640
경상남도 의령군,4872000000,202601,2,4,978
경상남도 의령군,4872000000,202601,2,5,1775
경상남도 의령군,4872000000,202601,2,6,7483
경상남도 의령군,4872000000,202602,1,1,1059
경상남도 의령군,4872000000,202602,1,2,788
경상남도 의령군,4872000000,202602,1,3,726
경상남도 의령군,4872000000,202602,1,4,1178
경상남도 의령군,4872000000,202602,1,5,2262
경상남도 의령군,4872000000,202602,1,6,6283
경상남도 의령군,4872000000,202602,2,1,884
경상남도 의령군,4872000000,202602,2,2,496
경상남도 의령군,4872000000,202602,2,3,639
경상남도 의령군,4872000000,202602,2,4,979
경상남도 의령군,4872000000,202602,2,5,1772
경상남도 의령군,4872000000,202602,2,6,7465
경상남도 의령군,4872000000,202603,1,1,1056
경상남도 의령군,4872000000,202603,1,2,769
경상남도 의령군,4872000000,202603,1,3,716
경상남도 의령군,4872000000,202603,1,4,1169
경상남도 의령군,4872000000,202603,1,5,2239
경상남도 의령군,4872000000,202603,1,6,6326
경상남도 의령군,4872000000,202603,2,1,882
경상남도 의령군,4872000000,202603,2,2,485
경상남도 의령군,4872000000,202603,2,3,639
경상남도 의령군,4872000000,202603,2,4,975
경상남도 의령군,4872000000,202603,2,5,1769
경상남도 의령군,4872000000,202603,2,6,7478
경상남도 의령군,4872000000,202604,1,1,1050
경상남도 의령군,4872000000,202604,1,2,764
경상남도 의령군,4872000000,202604,1,3,725
경상남도 의령군,4872000000,202604,1,4,1172
경상남도 의령군,4872000000,202604,1,5,2223
경상남도 의령군,4872000000,202604,1,6,6352
경상남도 의령군,4872000000,202604,2,1,887
경상남도 의령군,4872000000,202604,2,2,483
경상남도 의령군,4872000000,202604,2,3,640
경상남도 의령군,4872000000,202604,2,4,973
경상남도 의령군,4872000000,202604,2,5,1759
경상남도 의령군,4872000000,202604,2,6,7474
경상남도 의령군,4872000000,202605,1,1,1052
경상남도 의령군,4872000000,202605,1,2,746
경상남도 의령군,4872000000,202605,1,3,728
경상남도 의령군,4872000000,202605,1,4,1175
경상남도 의령군,4872000000,202605,1,5,2218
경상남도 의령군,4872000000,202605,1,6,6373
경상남도 의령군,4872000000,202605,2,1,875
경상남도 의령군,4872000000,202605,2,2,473
경상남도 의령군,4872000000,202605,2,3,637
경상남도 의령군,4872000000,202605,2,4,966
경상남도 의령군,4872000000,202605,2,5,1760
경상남도 의령군,4872000000,202605,2,6,7478
경상남도 의령군,4872000000,202606,1,1,1048
경상남도 의령군,4872000000,202606,1,2,752
경상남도 의령군,4872000000,202606,1,3,730
경상남도 의령군,4872000000,202606,1,4,1183
경상남도 의령군,4872000000,202606,1,5,2218
경상남도 의령군,4872000000,202606,1,6,6371
경상남도 의령군,4872000000,202606,2,1,884
경상남도 의령군,4872000000,202606,2,2,476
경상남도 의령군,4872000000,202606,2,3,644
경상남도 의령군,4872000000,202606,2,4,963
경상남도 의령군,4872000000,202606,2,5,1773
경상남도 의령군,4872000000,202606,2,6,7489
경상남도 진주시,4817000000,202601,1,1,27881
경상남도 진주시,4817000000,202601,1,2,20531
경상남도 진주시,4817000000,202601,1,3,20732
경상남도 진주시,4817000000,202601,1,4,23161
경상남도 진주시,4817000000,202601,1,5,28419
경상남도 진주시,4817000000,202601,1,6,44943
경상남도 진주시,4817000000,202601,2,1,25866
경상남도 진주시,4817000000,202601,2,2,16630
경상남도 진주시,4817000000,202601,2,3,18322
경상남도 진주시,4817000000,202601,2,4,23805
경상남도 진주시,4817000000,202601,2,5,28873
경상남도 진주시,4817000000,202601,2,6,56179
경상남도 진주시,4817000000,202602,1,1,27878
경상남도 진주시,4817000000,202602,1,2,20480
경상남도 진주시,4817000000,202602,1,3,20650
경상남도 진주시,4817000000,202602,1,4,23097
경상남도 진주시,4817000000,202602,1,5,28361
경상남도 진주시,4817000000,202602,1,6,45091
경상남도 진주시,4817000000,202602,2,1,25842
경상남도 진주시,4817000000,202602,2,2,16570
경상남도 진주시,4817000000,202602,2,3,18275
경상남도 진주시,4817000000,202602,2,4,23670
경상남도 진주시,4817000000,202602,2,5,28829
경상남도 진주시,4817000000,202602,2,6,56365
경상남도 진주시,4817000000,202603,1,1,27872
경상남도 진주시,4817000000,202603,1,2,20544
경상남도 진주시,4817000000,202603,1,3,20673
경상남도 진주시,4817000000,202603,1,4,23050
경상남도 진주시,4817000000,202603,1,5,28236
경상남도 진주시,4817000000,202603,1,6,45278
경상남도 진주시,4817000000,202603,2,1,25851
경상남도 진주시,4817000000,202603,2,2,16649
경상남도 진주시,4817000000,202603,2,3,18287
경상남도 진주시,4817000000,202603,2,4,23557
경상남도 진주시,4817000000,202603,2,5,28752
경상남도 진주시,4817000000,202603,2,6,56553
경상남도 진주시,4817000000,202604,1,1,27783
경상남도 진주시,4817000000,202604,1,2,20515
경상남도 진주시,4817000000,202604,1,3,20645
경상남도 진주시,4817000000,202604,1,4,23002
경상남도 진주시,4817000000,202604,1,5,28164
경상남도 진주시,4817000000,202604,1,6,45382
경상남도 진주시,4817000000,202604,2,1,25824
경상남도 진주시,4817000000,202604,2,2,16630
경상남도 진주시,4817000000,202604,2,3,18250
경상남도 진주시,4817000000,202604,2,4,23463
경상남도 진주시,4817000000,202604,2,5,28733
경상남도 진주시,4817000000,202604,2,6,56614
경상남도 진주시,4817000000,202605,1,1,27706
경상남도 진주시,4817000000,202605,1,2,20577
경상남도 진주시,4817000000,202605,1,3,20653
경상남도 진주시,4817000000,202605,1,4,22949
경상남도 진주시,4817000000,202605,1,5,28140
경상남도 진주시,4817000000,202605,1,6,45488
경상남도 진주시,4817000000,202605,2,1,25794
경상남도 진주시,4817000000,202605,2,2,16607
경상남도 진주시,4817000000,202605,2,3,18258
경상남도 진주시,4817000000,202605,2,4,23417
경상남도 진주시,4817000000,202605,2,5,28724
경상남도 진주시,4817000000,202605,2,6,56671
경상남도 진주시,4817000000,202606,1,1,27652
경상남도 진주시,4817000000,202606,1,2,20535
경상남도 진주시,4817000000,202606,1,3,20622
경상남도 진주시,4817000000,202606,1,4,22955
경상남도 진주시,4817000000,202606,1,5,28114
경상남도 진주시,4817000000,202606,1,6,45528
경상남도 진주시,4817000000,202606,2,1,25684
경상남도 진주시,4817000000,202606,2,2,16549
경상남도 진주시,4817000000,202606,2,3,18227
경상남도 진주시,4817000000,202606,2,4,23405
경상남도 진주시,4817000000,202606,2,5,28677
경상남도 진주시,4817000000,202606,2,6,56703
경상남도 창녕군,4874000000,202601,1,1,2932
경상남도 창녕군,4874000000,202601,1,2,1658
경상남도 창녕군,4874000000,202601,1,3,2087
경상남도 창녕군,4874000000,202601,1,4,3052
경상남도 창녕군,4874000000,202601,1,5,5094
경상남도 창녕군,4874000000,202601,1,6,12811
경상남도 창녕군,4874000000,202601,2,1,2623
경상남도 창녕군,4874000000,202601,2,2,1111
경상남도 창녕군,4874000000,202601,2,3,1498
경상남도 창녕군,4874000000,202601,2,4,2522
경상남도 창녕군,4874000000,202601,2,5,4054
경상남도 창녕군,4874000000,202601,2,6,15482
경상남도 창녕군,4874000000,202602,1,1,2949
경상남도 창녕군,4874000000,202602,1,2,1638
경상남도 창녕군,4874000000,202602,1,3,2070
경상남도 창녕군,4874000000,202602,1,4,3049
경상남도 창녕군,4874000000,202602,1,5,5071
경상남도 창녕군,4874000000,202602,1,6,12854
경상남도 창녕군,4874000000,202602,2,1,2605
경상남도 창녕군,4874000000,202602,2,2,1088
경상남도 창녕군,4874000000,202602,2,3,1485
경상남도 창녕군,4874000000,202602,2,4,2555
경상남도 창녕군,4874000000,202602,2,5,4035
경상남도 창녕군,4874000000,202602,2,6,15484
경상남도 창녕군,4874000000,202603,1,1,2921
경상남도 창녕군,4874000000,202603,1,2,1609
경상남도 창녕군,4874000000,202603,1,3,2059
경상남도 창녕군,4874000000,202603,1,4,3027
경상남도 창녕군,4874000000,202603,1,5,5044
경상남도 창녕군,4874000000,202603,1,6,12905
경상남도 창녕군,4874000000,202603,2,1,2582
경상남도 창녕군,4874000000,202603,2,2,1075
경상남도 창녕군,4874000000,202603,2,3,1480
경상남도 창녕군,4874000000,202603,2,4,2537
경상남도 창녕군,4874000000,202603,2,5,4005
경상남도 창녕군,4874000000,202603,2,6,15499
경상남도 창녕군,4874000000,202604,1,1,2906
경상남도 창녕군,4874000000,202604,1,2,1585
경상남도 창녕군,4874000000,202604,1,3,2063
경상남도 창녕군,4874000000,202604,1,4,3009
경상남도 창녕군,4874000000,202604,1,5,5026
경상남도 창녕군,4874000000,202604,1,6,12925
경상남도 창녕군,4874000000,202604,2,1,2573
경상남도 창녕군,4874000000,202604,2,2,1065
경상남도 창녕군,4874000000,202604,2,3,1483
경상남도 창녕군,4874000000,202604,2,4,2530
경상남도 창녕군,4874000000,202604,2,5,3983
경상남도 창녕군,4874000000,202604,2,6,15492
경상남도 창녕군,4874000000,202605,1,1,2889
경상남도 창녕군,4874000000,202605,1,2,1577
경상남도 창녕군,4874000000,202605,1,3,2056
경상남도 창녕군,4874000000,202605,1,4,3001
경상남도 창녕군,4874000000,202605,1,5,5013
경상남도 창녕군,4874000000,202605,1,6,12937
경상남도 창녕군,4874000000,202605,2,1,2562
경상남도 창녕군,4874000000,202605,2,2,1055
경상남도 창녕군,4874000000,202605,2,3,1474
경상남도 창녕군,4874000000,202605,2,4,2521
경상남도 창녕군,4874000000,202605,2,5,3979
경상남도 창녕군,4874000000,202605,2,6,15472
경상남도 창녕군,4874000000,202606,1,1,2859
경상남도 창녕군,4874000000,202606,1,2,1571
경상남도 창녕군,4874000000,202606,1,3,2038
경상남도 창녕군,4874000000,202606,1,4,2991
경상남도 창녕군,4874000000,202606,1,5,4989
경상남도 창녕군,4874000000,202606,1,6,12953
경상남도 창녕군,4874000000,202606,2,1,2565
경상남도 창녕군,4874000000,202606,2,2,1046
경상남도 창녕군,4874000000,202606,2,3,1462
경상남도 창녕군,4874000000,202606,2,4,2535
경상남도 창녕군,4874000000,202606,2,5,3967
경상남도 창녕군,4874000000,202606,2,6,15469
경상남도 창원시 마산합포구,4812500000,202601,1,1,12673
경상남도 창원시 마산합포구,4812500000,202601,1,2,8393
경상남도 창원시 마산합포구,4812500000,202601,1,3,9728
경상남도 창원시 마산합포구,4812500000,202601,1,4,13561
경상남도 창원시 마산합포구,4812500000,202601,1,5,14381
경상남도 창원시 마산합포구,4812500000,202601,1,6,28214
경상남도 창원시 마산합포구,4812500000,202601,2,1,11998
경상남도 창원시 마산합포구,4812500000,202601,2,2,6610
경상남도 창원시 마산합포구,4812500000,202601,2,3,8725
경상남도 창원시 마산합포구,4812500000,202601,2,4,12168
경상남도 창원시 마산합포구,4812500000,202601,2,5,13943
경상남도 창원시 마산합포구,4812500000,202601,2,6,35240
경상남도 창원시 마산합포구,4812500000,202602,1,1,12643
경상남도 창원시 마산합포구,4812500000,202602,1,2,8301
경상남도 창원시 마산합포구,4812500000,202602,1,3,9662
경상남도 창원시 마산합포구,4812500000,202602,1,4,13534
경상남도 창원시 마산합포구,4812500000,202602,1,5,14379
경상남도 창원시 마산합포구,4812500000,202602,1,6,28294
경상남도 창원시 마산합포구,4812500000,202602,2,1,11947
경상남도 창원시 마산합포구,4812500000,202602,2,2,6571
경상남도 창원시 마산합포구,4812500000,202602,2,3,8686
경상남도 창원시 마산합포구,4812500000,202602,2,4,12118
경상남도 창원시 마산합포구,4812500000,202602,2,5,13930
경상남도 창원시 마산합포구,4812500000,202602,2,6,35310
경상남도 창원시 마산합포구,4812500000,202603,1,1,12605
경상남도 창원시 마산합포구,4812500000,202603,1,2,8217
경상남도 창원시 마산합포구,4812500000,202603,1,3,9672
경상남도 창원시 마산합포구,4812500000,202603,1,4,13483
경상남도 창원시 마산합포구,4812500000,202603,1,5,14338
경상남도 창원시 마산합포구,4812500000,202603,1,6,28350
경상남도 창원시 마산합포구,4812500000,202603,2,1,11909
경상남도 창원시 마산합포구,4812500000,202603,2,2,6501
경상남도 창원시 마산합포구,4812500000,202603,2,3,8663
경상남도 창원시 마산합포구,4812500000,202603,2,4,12095
경상남도 창원시 마산합포구,4812500000,202603,2,5,13878
경상남도 창원시 마산합포구,4812500000,202603,2,6,35415
경상남도 창원시 마산합포구,4812500000,202604,1,1,12599
경상남도 창원시 마산합포구,4812500000,202604,1,2,8160
경상남도 창원시 마산합포구,4812500000,202604,1,3,9652
경상남도 창원시 마산합포구,4812500000,202604,1,4,13469
경상남도 창원시 마산합포구,4812500000,202604,1,5,14295
경상남도 창원시 마산합포구,4812500000,202604,1,6,28384
경상남도 창원시 마산합포구,4812500000,202604,2,1,11875
경상남도 창원시 마산합포구,4812500000,202604,2,2,6484
경상남도 창원시 마산합포구,4812500000,202604,2,3,8662
경상남도 창원시 마산합포구,4812500000,202604,2,4,12064
경상남도 창원시 마산합포구,4812500000,202604,2,5,13874
경상남도 창원시 마산합포구,4812500000,202604,2,6,35451
경상남도 창원시 마산합포구,4812500000,202605,1,1,12563
경상남도 창원시 마산합포구,4812500000,202605,1,2,8099
경상남도 창원시 마산합포구,4812500000,202605,1,3,9658
경상남도 창원시 마산합포구,4812500000,202605,1,4,13407
경상남도 창원시 마산합포구,4812500000,202605,1,5,14283
경상남도 창원시 마산합포구,4812500000,202605,1,6,28427
경상남도 창원시 마산합포구,4812500000,202605,2,1,11846
경상남도 창원시 마산합포구,4812500000,202605,2,2,6465
경상남도 창원시 마산합포구,4812500000,202605,2,3,8659
경상남도 창원시 마산합포구,4812500000,202605,2,4,12037
경상남도 창원시 마산합포구,4812500000,202605,2,5,13848
경상남도 창원시 마산합포구,4812500000,202605,2,6,35475
경상남도 창원시 마산합포구,4812500000,202606,1,1,12528
경상남도 창원시 마산합포구,4812500000,202606,1,2,8069
경상남도 창원시 마산합포구,4812500000,202606,1,3,9594
경상남도 창원시 마산합포구,4812500000,202606,1,4,13371
경상남도 창원시 마산합포구,4812500000,202606,1,5,14281
경상남도 창원시 마산합포구,4812500000,202606,1,6,28415
경상남도 창원시 마산합포구,4812500000,202606,2,1,11812
경상남도 창원시 마산합포구,4812500000,202606,2,2,6442
경상남도 창원시 마산합포구,4812500000,202606,2,3,8613
경상남도 창원시 마산합포구,4812500000,202606,2,4,12027
경상남도 창원시 마산합포구,4812500000,202606,2,5,13835
경상남도 창원시 마산합포구,4812500000,202606,2,6,35500
경상남도 창원시 마산회원구,4812700000,202601,1,1,12830
경상남도 창원시 마산회원구,4812700000,202601,1,2,8777
경상남도 창원시 마산회원구,4812700000,202601,1,3,9710
경상남도 창원시 마산회원구,4812700000,202601,1,4,12995
경상남도 창원시 마산회원구,4812700000,202601,1,5,16050
경상남도 창원시 마산회원구,4812700000,202601,1,6,27216
경상남도 창원시 마산회원구,4812700000,202601,2,1,11881
경상남도 창원시 마산회원구,4812700000,202601,2,2,7103
경상남도 창원시 마산회원구,4812700000,202601,2,3,8459
경상남도 창원시 마산회원구,4812700000,202601,2,4,12229
경상남도 창원시 마산회원구,4812700000,202601,2,5,15954
경상남도 창원시 마산회원구,4812700000,202601,2,6,32798
경상남도 창원시 마산회원구,4812700000,202602,1,1,12763
경상남도 창원시 마산회원구,4812700000,202602,1,2,8648
경상남도 창원시 마산회원구,4812700000,202602,1,3,9675
경상남도 창원시 마산회원구,4812700000,202602,1,4,12945
경상남도 창원시 마산회원구,4812700000,202602,1,5,15992
경상남도 창원시 마산회원구,4812700000,202602,1,6,27331
경상남도 창원시 마산회원구,4812700000,202602,2,1,11777
경상남도 창원시 마산회원구,4812700000,202602,2,2,7011
경상남도 창원시 마산회원구,4812700000,202602,2,3,8426
경상남도 창원시 마산회원구,4812700000,202602,2,4,12196
경상남도 창원시 마산회원구,4812700000,202602,2,5,15894
경상남도 창원시 마산회원구,4812700000,202602,2,6,32881
경상남도 창원시 마산회원구,4812700000,202603,1,1,12663
경상남도 창원시 마산회원구,4812700000,202603,1,2,8551
경상남도 창원시 마산회원구,4812700000,202603,1,3,9683
경상남도 창원시 마산회원구,4812700000,202603,1,4,12850
경상남도 창원시 마산회원구,4812700000,202603,1,5,15891
경상남도 창원시 마산회원구,4812700000,202603,1,6,27420
경상남도 창원시 마산회원구,4812700000,202603,2,1,11683
경상남도 창원시 마산회원구,4812700000,202603,2,2,6924
경상남도 창원시 마산회원구,4812700000,202603,2,3,8385
경상남도 창원시 마산회원구,4812700000,202603,2,4,12085
경상남도 창원시 마산회원구,4812700000,202603,2,5,15794
경상남도 창원시 마산회원구,4812700000,202603,2,6,32983
경상남도 창원시 마산회원구,4812700000,202604,1,1,12599
경상남도 창원시 마산회원구,4812700000,202604,1,2,8530
경상남도 창원시 마산회원구,4812700000,202604,1,3,9658
경상남도 창원시 마산회원구,4812700000,202604,1,4,12848
경상남도 창원시 마산회원구,4812700000,202604,1,5,15847
경상남도 창원시 마산회원구,4812700000,202604,1,6,27458
경상남도 창원시 마산회원구,4812700000,202604,2,1,11647
경상남도 창원시 마산회원구,4812700000,202604,2,2,6893
경상남도 창원시 마산회원구,4812700000,202604,2,3,8382
경상남도 창원시 마산회원구,4812700000,202604,2,4,12032
경상남도 창원시 마산회원구,4812700000,202604,2,5,15773
경상남도 창원시 마산회원구,4812700000,202604,2,6,33038
경상남도 창원시 마산회원구,4812700000,202605,1,1,12503
경상남도 창원시 마산회원구,4812700000,202605,1,2,8479
경상남도 창원시 마산회원구,4812700000,202605,1,3,9643
경상남도 창원시 마산회원구,4812700000,202605,1,4,12829
경상남도 창원시 마산회원구,4812700000,202605,1,5,15829
경상남도 창원시 마산회원구,4812700000,202605,1,6,27524
경상남도 창원시 마산회원구,4812700000,202605,2,1,11614
경상남도 창원시 마산회원구,4812700000,202605,2,2,6882
경상남도 창원시 마산회원구,4812700000,202605,2,3,8348
경상남도 창원시 마산회원구,4812700000,202605,2,4,12001
경상남도 창원시 마산회원구,4812700000,202605,2,5,15726
경상남도 창원시 마산회원구,4812700000,202605,2,6,33107
경상남도 창원시 마산회원구,4812700000,202606,1,1,12463
경상남도 창원시 마산회원구,4812700000,202606,1,2,8425
경상남도 창원시 마산회원구,4812700000,202606,1,3,9636
경상남도 창원시 마산회원구,4812700000,202606,1,4,12785
경상남도 창원시 마산회원구,4812700000,202606,1,5,15778
경상남도 창원시 마산회원구,4812700000,202606,1,6,27536
경상남도 창원시 마산회원구,4812700000,202606,2,1,11578
경상남도 창원시 마산회원구,4812700000,202606,2,2,6852
경상남도 창원시 마산회원구,4812700000,202606,2,3,8332
경상남도 창원시 마산회원구,4812700000,202606,2,4,11966
경상남도 창원시 마산회원구,4812700000,202606,2,5,15698
경상남도 창원시 마산회원구,4812700000,202606,2,6,33126
경상남도 창원시 성산구,4812300000,202601,1,1,20609
경상남도 창원시 성산구,4812300000,202601,1,2,16067
경상남도 창원시 성산구,4812300000,202601,1,3,19770
경상남도 창원시 성산구,4812300000,202601,1,4,18720
경상남도 창원시 성산구,4812300000,202601,1,5,21894
경상남도 창원시 성산구,4812300000,202601,1,6,29012
경상남도 창원시 성산구,4812300000,202601,2,1,19408
경상남도 창원시 성산구,4812300000,202601,2,2,12152
경상남도 창원시 성산구,4812300000,202601,2,3,16486
경상남도 창원시 성산구,4812300000,202601,2,4,18266
경상남도 창원시 성산구,4812300000,202601,2,5,24790
경상남도 창원시 성산구,4812300000,202601,2,6,29990
경상남도 창원시 성산구,4812300000,202602,1,1,20597
경상남도 창원시 성산구,4812300000,202602,1,2,15978
경상남도 창원시 성산구,4812300000,202602,1,3,19776
경상남도 창원시 성산구,4812300000,202602,1,4,18748
경상남도 창원시 성산구,4812300000,202602,1,5,21799
경상남도 창원시 성산구,4812300000,202602,1,6,29201
경상남도 창원시 성산구,4812300000,202602,2,1,19339
경상남도 창원시 성산구,4812300000,202602,2,2,12043
경상남도 창원시 성산구,4812300000,202602,2,3,16472
경상남도 창원시 성산구,4812300000,202602,2,4,18245
경상남도 창원시 성산구,4812300000,202602,2,5,24742
경상남도 창원시 성산구,4812300000,202602,2,6,30165
경상남도 창원시 성산구,4812300000,202603,1,1,20404
경상남도 창원시 성산구,4812300000,202603,1,2,15871
경상남도 창원시 성산구,4812300000,202603,1,3,19746
경상남도 창원시 성산구,4812300000,202603,1,4,18675
경상남도 창원시 성산구,4812300000,202603,1,5,21638
경상남도 창원시 성산구,4812300000,202603,1,6,29314
경상남도 창원시 성산구,4812300000,202603,2,1,19203
경상남도 창원시 성산구,4812300000,202603,2,2,11921
경상남도 창원시 성산구,4812300000,202603,2,3,16444
경상남도 창원시 성산구,4812300000,202603,2,4,18143
경상남도 창원시 성산구,4812300000,202603,2,5,24571
경상남도 창원시 성산구,4812300000,202603,2,6,30331
경상남도 창원시 성산구,4812300000,202604,1,1,20372
경상남도 창원시 성산구,4812300000,202604,1,2,15769
경상남도 창원시 성산구,4812300000,202604,1,3,19787
경상남도 창원시 성산구,4812300000,202604,1,4,18650
경상남도 창원시 성산구,4812300000,202604,1,5,21563
경상남도 창원시 성산구,4812300000,202604,1,6,29405
경상남도 창원시 성산구,4812300000,202604,2,1,19178
경상남도 창원시 성산구,4812300000,202604,2,2,11849
경상남도 창원시 성산구,4812300000,202604,2,3,16484
경상남도 창원시 성산구,4812300000,202604,2,4,18064
경상남도 창원시 성산구,4812300000,202604,2,5,24513
경상남도 창원시 성산구,4812300000,202604,2,6,30440
경상남도 창원시 성산구,4812300000,202605,1,1,20314
경상남도 창원시 성산구,4812300000,202605,1,2,15737
경상남도 창원시 성산구,4812300000,202605,1,3,19799
경상남도 창원시 성산구,4812300000,202605,1,4,18627
경상남도 창원시 성산구,4812300000,202605,1,5,21486
경상남도 창원시 성산구,4812300000,202605,1,6,29530
경상남도 창원시 성산구,4812300000,202605,2,1,19128
경상남도 창원시 성산구,4812300000,202605,2,2,11813
경상남도 창원시 성산구,4812300000,202605,2,3,16477
경상남도 창원시 성산구,4812300000,202605,2,4,18044
경상남도 창원시 성산구,4812300000,202605,2,5,24388
경상남도 창원시 성산구,4812300000,202605,2,6,30577
경상남도 창원시 성산구,4812300000,202606,1,1,20244
경상남도 창원시 성산구,4812300000,202606,1,2,15660
경상남도 창원시 성산구,4812300000,202606,1,3,19772
경상남도 창원시 성산구,4812300000,202606,1,4,18606
경상남도 창원시 성산구,4812300000,202606,1,5,21399
경상남도 창원시 성산구,4812300000,202606,1,6,29500
경상남도 창원시 성산구,4812300000,202606,2,1,19079
경상남도 창원시 성산구,4812300000,202606,2,2,11695
경상남도 창원시 성산구,4812300000,202606,2,3,16462
경상남도 창원시 성산구,4812300000,202606,2,4,17987
경상남도 창원시 성산구,4812300000,202606,2,5,24263
경상남도 창원시 성산구,4812300000,202606,2,6,30625
경상남도 창원시 의창구,4812100000,202601,1,1,15886
경상남도 창원시 의창구,4812100000,202601,1,2,12012
경상남도 창원시 의창구,4812100000,202601,1,3,13678
경상남도 창원시 의창구,4812100000,202601,1,4,15781
경상남도 창원시 의창구,4812100000,202601,1,5,18570
경상남도 창원시 의창구,4812100000,202601,1,6,29350
경상남도 창원시 의창구,4812100000,202601,2,1,15064
경상남도 창원시 의창구,4812100000,202601,2,2,9164
경상남도 창원시 의창구,4812100000,202601,2,3,11608
경상남도 창원시 의창구,4812100000,202601,2,4,14721
경상남도 창원시 의창구,4812100000,202601,2,5,19239
경상남도 창원시 의창구,4812100000,202601,2,6,31977
경상남도 창원시 의창구,4812100000,202602,1,1,15839
경상남도 창원시 의창구,4812100000,202602,1,2,11978
경상남도 창원시 의창구,4812100000,202602,1,3,13705
경상남도 창원시 의창구,4812100000,202602,1,4,15738
경상남도 창원시 의창구,4812100000,202602,1,5,18560
경상남도 창원시 의창구,4812100000,202602,1,6,29479
경상남도 창원시 의창구,4812100000,202602,2,1,14961
경상남도 창원시 의창구,4812100000,202602,2,2,9081
경상남도 창원시 의창구,4812100000,202602,2,3,11633
경상남도 창원시 의창구,4812100000,202602,2,4,14671
경상남도 창원시 의창구,4812100000,202602,2,5,19206
경상남도 창원시 의창구,4812100000,202602,2,6,32142
경상남도 창원시 의창구,4812100000,202603,1,1,15914
경상남도 창원시 의창구,4812100000,202603,1,2,11965
경상남도 창원시 의창구,4812100000,202603,1,3,13849
경상남도 창원시 의창구,4812100000,202603,1,4,15764
경상남도 창원시 의창구,4812100000,202603,1,5,18553
경상남도 창원시 의창구,4812100000,202603,1,6,29708
경상남도 창원시 의창구,4812100000,202603,2,1,15035
경상남도 창원시 의창구,4812100000,202603,2,2,9054
경상남도 창원시 의창구,4812100000,202603,2,3,11745
경상남도 창원시 의창구,4812100000,202603,2,4,14720
경상남도 창원시 의창구,4812100000,202603,2,5,19186
경상남도 창원시 의창구,4812100000,202603,2,6,32407
경상남도 창원시 의창구,4812100000,202604,1,1,15919
경상남도 창원시 의창구,4812100000,202604,1,2,11919
경상남도 창원시 의창구,4812100000,202604,1,3,13933
경상남도 창원시 의창구,4812100000,202604,1,4,15738
경상남도 창원시 의창구,4812100000,202604,1,5,18528
경상남도 창원시 의창구,4812100000,202604,1,6,29862
경상남도 창원시 의창구,4812100000,202604,2,1,15025
경상남도 창원시 의창구,4812100000,202604,2,2,9039
경상남도 창원시 의창구,4812100000,202604,2,3,11762
경상남도 창원시 의창구,4812100000,202604,2,4,14724
경상남도 창원시 의창구,4812100000,202604,2,5,19194
경상남도 창원시 의창구,4812100000,202604,2,6,32531
경상남도 창원시 의창구,4812100000,202605,1,1,15914
경상남도 창원시 의창구,4812100000,202605,1,2,11875
경상남도 창원시 의창구,4812100000,202605,1,3,13969
경상남도 창원시 의창구,4812100000,202605,1,4,15746
경상남도 창원시 의창구,4812100000,202605,1,5,18520
경상남도 창원시 의창구,4812100000,202605,1,6,29983
경상남도 창원시 의창구,4812100000,202605,2,1,15016
경상남도 창원시 의창구,4812100000,202605,2,2,9016
경상남도 창원시 의창구,4812100000,202605,2,3,11789
경상남도 창원시 의창구,4812100000,202605,2,4,14729
경상남도 창원시 의창구,4812100000,202605,2,5,19173
경상남도 창원시 의창구,4812100000,202605,2,6,32694
경상남도 창원시 의창구,4812100000,202606,1,1,15992
경상남도 창원시 의창구,4812100000,202606,1,2,11846
경상남도 창원시 의창구,4812100000,202606,1,3,14130
경상남도 창원시 의창구,4812100000,202606,1,4,15828
경상남도 창원시 의창구,4812100000,202606,1,5,18583
경상남도 창원시 의창구,4812100000,202606,1,6,30099
경상남도 창원시 의창구,4812100000,202606,2,1,15110
경상남도 창원시 의창구,4812100000,202606,2,2,9014
경상남도 창원시 의창구,4812100000,202606,2,3,11890
경상남도 창원시 의창구,4812100000,202606,2,4,14817
경상남도 창원시 의창구,4812100000,202606,2,5,19237
경상남도 창원시 의창구,4812100000,202606,2,6,32831
경상남도 창원시 진해구,4812900000,202601,1,1,16708
경상남도 창원시 진해구,4812900000,202601,1,2,10162
경상남도 창원시 진해구,4812900000,202601,1,3,11370
경상남도 창원시 진해구,4812900000,202601,1,4,16867
경상남도 창원시 진해구,4812900000,202601,1,5,17094
경상남도 창원시 진해구,4812900000,202601,1,6,22965
경상남도 창원시 진해구,4812900000,202601,2,1,15528
경상남도 창원시 진해구,4812900000,202601,2,2,7233
경상남도 창원시 진해구,4812900000,202601,2,3,9223
경상남도 창원시 진해구,4812900000,202601,2,4,15409
경상남도 창원시 진해구,4812900000,202601,2,5,15054
경상남도 창원시 진해구,4812900000,202601,2,6,26944
경상남도 창원시 진해구,4812900000,202602,1,1,16475
경상남도 창원시 진해구,4812900000,202602,1,2,10092
경상남도 창원시 진해구,4812900000,202602,1,3,11282
경상남도 창원시 진해구,4812900000,202602,1,4,16753
경상남도 창원시 진해구,4812900000,202602,1,5,17141
경상남도 창원시 진해구,4812900000,202602,1,6,23033
경상남도 창원시 진해구,4812900000,202602,2,1,15391
경상남도 창원시 진해구,4812900000,202602,2,2,7196
경상남도 창원시 진해구,4812900000,202602,2,3,9135
경상남도 창원시 진해구,4812900000,202602,2,4,15317
경상남도 창원시 진해구,4812900000,202602,2,5,15064
경상남도 창원시 진해구,4812900000,202602,2,6,27027
경상남도 창원시 진해구,4812900000,202603,1,1,16375
경상남도 창원시 진해구,4812900000,202603,1,2,10014
경상남도 창원시 진해구,4812900000,202603,1,3,11284
경상남도 창원시 진해구,4812900000,202603,1,4,16640
경상남도 창원시 진해구,4812900000,202603,1,5,17149
경상남도 창원시 진해구,4812900000,202603,1,6,23162
경상남도 창원시 진해구,4812900000,202603,2,1,15268
경상남도 창원시 진해구,4812900000,202603,2,2,7127
경상남도 창원시 진해구,4812900000,202603,2,3,9098
경상남도 창원시 진해구,4812900000,202603,2,4,15222
경상남도 창원시 진해구,4812900000,202603,2,5,15027
경상남도 창원시 진해구,4812900000,202603,2,6,27163
경상남도 창원시 진해구,4812900000,202604,1,1,16287
경상남도 창원시 진해구,4812900000,202604,1,2,9947
경상남도 창원시 진해구,4812900000,202604,1,3,11300
경상남도 창원시 진해구,4812900000,202604,1,4,16568
경상남도 창원시 진해구,4812900000,202604,1,5,17165
경상남도 창원시 진해구,4812900000,202604,1,6,23228
경상남도 창원시 진해구,4812900000,202604,2,1,15211
경상남도 창원시 진해구,4812900000,202604,2,2,7122
경상남도 창원시 진해구,4812900000,202604,2,3,9055
경상남도 창원시 진해구,4812900000,202604,2,4,15177
경상남도 창원시 진해구,4812900000,202604,2,5,15054
경상남도 창원시 진해구,4812900000,202604,2,6,27215
경상남도 창원시 진해구,4812900000,202605,1,1,16239
경상남도 창원시 진해구,4812900000,202605,1,2,9921
경상남도 창원시 진해구,4812900000,202605,1,3,11322
경상남도 창원시 진해구,4812900000,202605,1,4,16493
경상남도 창원시 진해구,4812900000,202605,1,5,17165
경상남도 창원시 진해구,4812900000,202605,1,6,23288
경상남도 창원시 진해구,4812900000,202605,2,1,15173
경상남도 창원시 진해구,4812900000,202605,2,2,7078
경상남도 창원시 진해구,4812900000,202605,2,3,9013
경상남도 창원시 진해구,4812900000,202605,2,4,15137
경상남도 창원시 진해구,4812900000,202605,2,5,15066
경상남도 창원시 진해구,4812900000,202605,2,6,27268
경상남도 창원시 진해구,4812900000,202606,1,1,16156
경상남도 창원시 진해구,4812900000,202606,1,2,9949
경상남도 창원시 진해구,4812900000,202606,1,3,11299
경상남도 창원시 진해구,4812900000,202606,1,4,16459
경상남도 창원시 진해구,4812900000,202606,1,5,17158
경상남도 창원시 진해구,4812900000,202606,1,6,23316
경상남도 창원시 진해구,4812900000,202606,2,1,15121
경상남도 창원시 진해구,4812900000,202606,2,2,7026
경상남도 창원시 진해구,4812900000,202606,2,3,8995
경상남도 창원시 진해구,4812900000,202606,2,4,15094
경상남도 창원시 진해구,4812900000,202606,2,5,15092
경상남도 창원시 진해구,4812900000,202606,2,6,27277
경상남도 통영시,4822000000,202601,1,1,8665
경상남도 통영시,4822000000,202601,1,2,4900
경상남도 통영시,4822000000,202601,1,3,4596
경상남도 통영시,4822000000,202601,1,4,9057
경상남도 통영시,4822000000,202601,1,5,11588
경상남도 통영시,4822000000,202601,1,6,19683
경상남도 통영시,4822000000,202601,2,1,8357
경상남도 통영시,4822000000,202601,2,2,3627
경상남도 통영시,4822000000,202601,2,3,4201
경상남도 통영시,4822000000,202601,2,4,8334
경상남도 통영시,4822000000,202601,2,5,10161
경상남도 통영시,4822000000,202601,2,6,23250
경상남도 통영시,4822000000,202602,1,1,8624
경상남도 통영시,4822000000,202602,1,2,4879
경상남도 통영시,4822000000,202602,1,3,4567
경상남도 통영시,4822000000,202602,1,4,8986
경상남도 통영시,4822000000,202602,1,5,11580
경상남도 통영시,4822000000,202602,1,6,19759
경상남도 통영시,4822000000,202602,2,1,8297
경상남도 통영시,4822000000,202602,2,2,3590
경상남도 통영시,4822000000,202602,2,3,4163
경상남도 통영시,4822000000,202602,2,4,8304
경상남도 통영시,4822000000,202602,2,5,10132
경상남도 통영시,4822000000,202602,2,6,23327
경상남도 통영시,4822000000,202603,1,1,8577
경상남도 통영시,4822000000,202603,1,2,4832
경상남도 통영시,4822000000,202603,1,3,4568
경상남도 통영시,4822000000,202603,1,4,8932
경상남도 통영시,4822000000,202603,1,5,11542
경상남도 통영시,4822000000,202603,1,6,19828
경상남도 통영시,4822000000,202603,2,1,8246
경상남도 통영시,4822000000,202603,2,2,3554
경상남도 통영시,4822000000,202603,2,3,4146
경상남도 통영시,4822000000,202603,2,4,8240
경상남도 통영시,4822000000,202603,2,5,10114
경상남도 통영시,4822000000,202603,2,6,23389
경상남도 통영시,4822000000,202604,1,1,8543
경상남도 통영시,4822000000,202604,1,2,4809
경상남도 통영시,4822000000,202604,1,3,4550
경상남도 통영시,4822000000,202604,1,4,8880
경상남도 통영시,4822000000,202604,1,5,11550
경상남도 통영시,4822000000,202604,1,6,19861
경상남도 통영시,4822000000,202604,2,1,8210
경상남도 통영시,4822000000,202604,2,2,3550
경상남도 통영시,4822000000,202604,2,3,4136
경상남도 통영시,4822000000,202604,2,4,8207
경상남도 통영시,4822000000,202604,2,5,10102
경상남도 통영시,4822000000,202604,2,6,23428
경상남도 통영시,4822000000,202605,1,1,8509
경상남도 통영시,4822000000,202605,1,2,4796
경상남도 통영시,4822000000,202605,1,3,4524
경상남도 통영시,4822000000,202605,1,4,8850
경상남도 통영시,4822000000,202605,1,5,11569
경상남도 통영시,4822000000,202605,1,6,19917
경상남도 통영시,4822000000,202605,2,1,8181
경상남도 통영시,4822000000,202605,2,2,3549
경상남도 통영시,4822000000,202605,2,3,4149
경상남도 통영시,4822000000,202605,2,4,8175
경상남도 통영시,4822000000,202605,2,5,10134
경상남도 통영시,4822000000,202605,2,6,23465
경상남도 통영시,4822000000,202606,1,1,8494
경상남도 통영시,4822000000,202606,1,2,4816
경상남도 통영시,4822000000,202606,1,3,4521
경상남도 통영시,4822000000,202606,1,4,8844
경상남도 통영시,4822000000,202606,1,5,11569
경상남도 통영시,4822000000,202606,1,6,19970
경상남도 통영시,4822000000,202606,2,1,8157
경상남도 통영시,4822000000,202606,2,2,3583
경상남도 통영시,4822000000,202606,2,3,4143
경상남도 통영시,4822000000,202606,2,4,8183
경상남도 통영시,4822000000,202606,2,5,10111
경상남도 통영시,4822000000,202606,2,6,23499
경상남도 하동군,4885000000,202601,1,1,1699
경상남도 하동군,4885000000,202601,1,2,1226
경상남도 하동군,4885000000,202601,1,3,1186
경상남도 하동군,4885000000,202601,1,4,1807
경상남도 하동군,4885000000,202601,1,5,3954
경상남도 하동군,4885000000,202601,1,6,10215
경상남도 하동군,4885000000,202601,2,1,1537
경상남도 하동군,4885000000,202601,2,2,798
경상남도 하동군,4885000000,202601,2,3,924
경상남도 하동군,4885000000,202601,2,4,1495
경상남도 하동군,4885000000,202601,2,5,3167
경상남도 하동군,4885000000,202601,2,6,11934
경상남도 하동군,4885000000,202602,1,1,1673
경상남도 하동군,4885000000,202602,1,2,1214
경상남도 하동군,4885000000,202602,1,3,1172
경상남도 하동군,4885000000,202602,1,4,1801
경상남도 하동군,4885000000,202602,1,5,3927
경상남도 하동군,4885000000,202602,1,6,10248
경상남도 하동군,4885000000,202602,2,1,1515
경상남도 하동군,4885000000,202602,2,2,785
경상남도 하동군,4885000000,202602,2,3,926
경상남도 하동군,4885000000,202602,2,4,1476
경상남도 하동군,4885000000,202602,2,5,3152
경상남도 하동군,4885000000,202602,2,6,11946
경상남도 하동군,4885000000,202603,1,1,1654
경상남도 하동군,4885000000,202603,1,2,1186
경상남도 하동군,4885000000,202603,1,3,1176
경상남도 하동군,4885000000,202603,1,4,1772
경상남도 하동군,4885000000,202603,1,5,3927
경상남도 하동군,4885000000,202603,1,6,10292
경상남도 하동군,4885000000,202603,2,1,1490
경상남도 하동군,4885000000,202603,2,2,783
경상남도 하동군,4885000000,202603,2,3,921
경상남도 하동군,4885000000,202603,2,4,1464
경상남도 하동군,4885000000,202603,2,5,3152
경상남도 하동군,4885000000,202603,2,6,11952
경상남도 하동군,4885000000,202604,1,1,1650
경상남도 하동군,4885000000,202604,1,2,1176
경상남도 하동군,4885000000,202604,1,3,1181
경상남도 하동군,4885000000,202604,1,4,1769
경상남도 하동군,4885000000,202604,1,5,3914
경상남도 하동군,4885000000,202604,1,6,10301
경상남도 하동군,4885000000,202604,2,1,1489
경상남도 하동군,4885000000,202604,2,2,788
경상남도 하동군,4885000000,202604,2,3,909
경상남도 하동군,4885000000,202604,2,4,1461
경상남도 하동군,4885000000,202604,2,5,3147
경상남도 하동군,4885000000,202604,2,6,11967
경상남도 하동군,4885000000,202605,1,1,1646
경상남도 하동군,4885000000,202605,1,2,1165
경상남도 하동군,4885000000,202605,1,3,1191
경상남도 하동군,4885000000,202605,1,4,1758
경상남도 하동군,4885000000,202605,1,5,3897
경상남도 하동군,4885000000,202605,1,6,10310
경상남도 하동군,4885000000,202605,2,1,1478
경상남도 하동군,4885000000,202605,2,2,776
경상남도 하동군,4885000000,202605,2,3,913
경상남도 하동군,4885000000,202605,2,4,1458
경상남도 하동군,4885000000,202605,2,5,3138
경상남도 하동군,4885000000,202605,2,6,11973
경상남도 하동군,4885000000,202606,1,1,1628
경상남도 하동군,4885000000,202606,1,2,1143
경상남도 하동군,4885000000,202606,1,3,1201
경상남도 하동군,4885000000,202606,1,4,1742
경상남도 하동군,4885000000,202606,1,5,3883
경상남도 하동군,4885000000,202606,1,6,10316
경상남도 하동군,4885000000,202606,2,1,1472
경상남도 하동군,4885000000,202606,2,2,765
경상남도 하동군,4885000000,202606,2,3,910
경상남도 하동군,4885000000,202606,2,4,1459
경상남도 하동군,4885000000,202606,2,5,3128
경상남도 하동군,4885000000,202606,2,6,11949
경상남도 함안군,4873000000,202601,1,1,3790
경상남도 함안군,4873000000,202601,1,2,2224
경상남도 함안군,4873000000,202601,1,3,2128
경상남도 함안군,4873000000,202601,1,4,3661
경상남도 함안군,4873000000,202601,1,5,5792
경상남도 함안군,4873000000,202601,1,6,11951
경상남도 함안군,4873000000,202601,2,1,3536
경상남도 함안군,4873000000,202601,2,2,1416
경상남도 함안군,4873000000,202601,2,3,1687
경상남도 함안군,4873000000,202601,2,4,3426
경상남도 함안군,4873000000,202601,2,5,4592
경상남도 함안군,4873000000,202601,2,6,13345
경상남도 함안군,4873000000,202602,1,1,3738
경상남도 함안군,4873000000,202602,1,2,2211
경상남도 함안군,4873000000,202602,1,3,2129
경상남도 함안군,4873000000,202602,1,4,3630
경상남도 함안군,4873000000,202602,1,5,5766
경상남도 함안군,4873000000,202602,1,6,11998
경상남도 함안군,4873000000,202602,2,1,3482
경상남도 함안군,4873000000,202602,2,2,1400
경상남도 함안군,4873000000,202602,2,3,1662
경상남도 함안군,4873000000,202602,2,4,3395
경상남도 함안군,4873000000,202602,2,5,4573
경상남도 함안군,4873000000,202602,2,6,13361
경상남도 함안군,4873000000,202603,1,1,3690
경상남도 함안군,4873000000,202603,1,2,2209
경상남도 함안군,4873000000,202603,1,3,2124
경상남도 함안군,4873000000,202603,1,4,3594
경상남도 함안군,4873000000,202603,1,5,5730
경상남도 함안군,4873000000,202603,1,6,12067
경상남도 함안군,4873000000,202603,2,1,3435
경상남도 함안군,4873000000,202603,2,2,1367
경상남도 함안군,4873000000,202603,2,3,1662
경상남도 함안군,4873000000,202603,2,4,3374
경상남도 함안군,4873000000,202603,2,5,4553
경상남도 함안군,4873000000,202603,2,6,13403
경상남도 함안군,4873000000,202604,1,1,3673
경상남도 함안군,4873000000,202604,1,2,2190
경상남도 함안군,4873000000,202604,1,3,2114
경상남도 함안군,4873000000,202604,1,4,3585
경상남도 함안군,4873000000,202604,1,5,5717
경상남도 함안군,4873000000,202604,1,6,12106
경상남도 함안군,4873000000,202604,2,1,3424
경상남도 함안군,4873000000,202604,2,2,1371
경상남도 함안군,4873000000,202604,2,3,1644
경상남도 함안군,4873000000,202604,2,4,3363
경상남도 함안군,4873000000,202604,2,5,4532
경상남도 함안군,4873000000,202604,2,6,13402
경상남도 함안군,4873000000,202605,1,1,3650
경상남도 함안군,4873000000,202605,1,2,2172
경상남도 함안군,4873000000,202605,1,3,2099
경상남도 함안군,4873000000,202605,1,4,3562
경상남도 함안군,4873000000,202605,1,5,5692
경상남도 함안군,4873000000,202605,1,6,12138
경상남도 함안군,4873000000,202605,2,1,3410
경상남도 함안군,4873000000,202605,2,2,1355
경상남도 함안군,4873000000,202605,2,3,1638
경상남도 함안군,4873000000,202605,2,4,3350
경상남도 함안군,4873000000,202605,2,5,4513
경상남도 함안군,4873000000,202605,2,6,13406
경상남도 함안군,4873000000,202606,1,1,3625
경상남도 함안군,4873000000,202606,1,2,2168
경상남도 함안군,4873000000,202606,1,3,2085
경상남도 함안군,4873000000,202606,1,4,3542
경상남도 함안군,4873000000,202606,1,5,5674
경상남도 함안군,4873000000,202606,1,6,12159
경상남도 함안군,4873000000,202606,2,1,3390
경상남도 함안군,4873000000,202606,2,2,1354
경상남도 함안군,4873000000,202606,2,3,1635
경상남도 함안군,4873000000,202606,2,4,3340
경상남도 함안군,4873000000,202606,2,5,4498
경상남도 함안군,4873000000,202606,2,6,13397
경상남도 함양군,4887000000,202601,1,1,1876
경상남도 함양군,4887000000,202601,1,2,1176
경상남도 함양군,4887000000,202601,1,3,1092
경상남도 함양군,4887000000,202601,1,4,1672
경상남도 함양군,4887000000,202601,1,5,3312
경상남도 함양군,4887000000,202601,1,6,8258
경상남도 함양군,4887000000,202601,2,1,1725
경상남도 함양군,4887000000,202601,2,2,816
경상남도 함양군,4887000000,202601,2,3,891
경상남도 함양군,4887000000,202601,2,4,1560
경상남도 함양군,4887000000,202601,2,5,2795
경상남도 함양군,4887000000,202601,2,6,10241
경상남도 함양군,4887000000,202602,1,1,1868
경상남도 함양군,4887000000,202602,1,2,1161
경상남도 함양군,4887000000,202602,1,3,1087
경상남도 함양군,4887000000,202602,1,4,1673
경상남도 함양군,4887000000,202602,1,5,3302
경상남도 함양군,4887000000,202602,1,6,8289
경상남도 함양군,4887000000,202602,2,1,1706
경상남도 함양군,4887000000,202602,2,2,807
경상남도 함양군,4887000000,202602,2,3,889
경상남도 함양군,4887000000,202602,2,4,1543
경상남도 함양군,4887000000,202602,2,5,2792
경상남도 함양군,4887000000,202602,2,6,10271
경상남도 함양군,4887000000,202603,1,1,1849
경상남도 함양군,4887000000,202603,1,2,1157
경상남도 함양군,4887000000,202603,1,3,1089
경상남도 함양군,4887000000,202603,1,4,1659
경상남도 함양군,4887000000,202603,1,5,3281
경상남도 함양군,4887000000,202603,1,6,8324
경상남도 함양군,4887000000,202603,2,1,1687
경상남도 함양군,4887000000,202603,2,2,796
경상남도 함양군,4887000000,202603,2,3,890
경상남도 함양군,4887000000,202603,2,4,1526
경상남도 함양군,4887000000,202603,2,5,2773
경상남도 함양군,4887000000,202603,2,6,10291
경상남도 함양군,4887000000,202604,1,1,1842
경상남도 함양군,4887000000,202604,1,2,1143
경상남도 함양군,4887000000,202604,1,3,1083
경상남도 함양군,4887000000,202604,1,4,1650
경상남도 함양군,4887000000,202604,1,5,3271
경상남도 함양군,4887000000,202604,1,6,8330
경상남도 함양군,4887000000,202604,2,1,1668
경상남도 함양군,4887000000,202604,2,2,795
경상남도 함양군,4887000000,202604,2,3,901
경상남도 함양군,4887000000,202604,2,4,1525
경상남도 함양군,4887000000,202604,2,5,2763
경상남도 함양군,4887000000,202604,2,6,10281
경상남도 함양군,4887000000,202605,1,1,1834
경상남도 함양군,4887000000,202605,1,2,1124
경상남도 함양군,4887000000,202605,1,3,1086
경상남도 함양군,4887000000,202605,1,4,1645
경상남도 함양군,4887000000,202605,1,5,3258
경상남도 함양군,4887000000,202605,1,6,8354
경상남도 함양군,4887000000,202605,2,1,1661
경상남도 함양군,4887000000,202605,2,2,792
경상남도 함양군,4887000000,202605,2,3,900
경상남도 함양군,4887000000,202605,2,4,1528
경상남도 함양군,4887000000,202605,2,5,2746
경상남도 함양군,4887000000,202605,2,6,10289
경상남도 함양군,4887000000,202606,1,1,1822
경상남도 함양군,4887000000,202606,1,2,1122
경상남도 함양군,4887000000,202606,1,3,1076
경상남도 함양군,4887000000,202606,1,4,1645
경상남도 함양군,4887000000,202606,1,5,3247
경상남도 함양군,4887000000,202606,1,6,8341
경상남도 함양군,4887000000,202606,2,1,1652
경상남도 함양군,4887000000,202606,2,2,799
경상남도 함양군,4887000000,202606,2,3,901
경상남도 함양군,4887000000,202606,2,4,1520
경상남도 함양군,4887000000,202606,2,5,2740
경상남도 함양군,4887000000,202606,2,6,10276
경상남도 합천군,4889000000,202601,1,1,1557
경상남도 합천군,4889000000,202601,1,2,1077
경상남도 합천군,4889000000,202601,1,3,1096
경상남도 합천군,4889000000,202601,1,4,1774
경상남도 합천군,4889000000,202601,1,5,3468
경상남도 합천군,4889000000,202601,1,6,10385
경상남도 합천군,4889000000,202601,2,1,1321
경상남도 합천군,4889000000,202601,2,2,776
경상남도 합천군,4889000000,202601,2,3,809
경상남도 합천군,4889000000,202601,2,4,1405
경상남도 합천군,4889000000,202601,2,5,2689
경상남도 합천군,4889000000,202601,2,6,12778
경상남도 합천군,4889000000,202602,1,1,1527
경상남도 합천군,4889000000,202602,1,2,1063
경상남도 합천군,4889000000,202602,1,3,1109
경상남도 합천군,4889000000,202602,1,4,1758
경상남도 합천군,4889000000,202602,1,5,3443
경상남도 합천군,4889000000,202602,1,6,10415
경상남도 합천군,4889000000,202602,2,1,1299
경상남도 합천군,4889000000,202602,2,2,756
경상남도 합천군,4889000000,202602,2,3,810
경상남도 합천군,4889000000,202602,2,4,1392
경상남도 합천군,4889000000,202602,2,5,2660
경상남도 합천군,4889000000,202602,2,6,12779
경상남도 합천군,4889000000,202603,1,1,1527
경상남도 합천군,4889000000,202603,1,2,1048
경상남도 합천군,4889000000,202603,1,3,1104
경상남도 합천군,4889000000,202603,1,4,1756
경상남도 합천군,4889000000,202603,1,5,3422
경상남도 합천군,4889000000,202603,1,6,10458
경상남도 합천군,4889000000,202603,2,1,1289
경상남도 합천군,4889000000,202603,2,2,747
경상남도 합천군,4889000000,202603,2,3,813
경상남도 합천군,4889000000,202603,2,4,1400
경상남도 합천군,4889000000,202603,2,5,2649
경상남도 합천군,4889000000,202603,2,6,12783
경상남도 합천군,4889000000,202604,1,1,1524
경상남도 합천군,4889000000,202604,1,2,1033
경상남도 합천군,4889000000,202604,1,3,1106
경상남도 합천군,4889000000,202604,1,4,1751
경상남도 합천군,4889000000,202604,1,5,3423
경상남도 합천군,4889000000,202604,1,6,10454
경상남도 합천군,4889000000,202604,2,1,1287
경상남도 합천군,4889000000,202604,2,2,730
경상남도 합천군,4889000000,202604,2,3,810
경상남도 합천군,4889000000,202604,2,4,1400
경상남도 합천군,4889000000,202604,2,5,2636
경상남도 합천군,4889000000,202604,2,6,12761
경상남도 합천군,4889000000,202605,1,1,1521
경상남도 합천군,4889000000,202605,1,2,1031
경상남도 합천군,4889000000,202605,1,3,1100
경상남도 합천군,4889000000,202605,1,4,1757
경상남도 합천군,4889000000,202605,1,5,3411
경상남도 합천군,4889000000,202605,1,6,10484
경상남도 합천군,4889000000,202605,2,1,1285
경상남도 합천군,4889000000,202605,2,2,730
경상남도 합천군,4889000000,202605,2,3,819
경상남도 합천군,4889000000,202605,2,4,1397
경상남도 합천군,4889000000,202605,2,5,2618
경상남도 합천군,4889000000,202605,2,6,12764
경상남도 합천군,4889000000,202606,1,1,1516
경상남도 합천군,4889000000,202606,1,2,1023
경상남도 합천군,4889000000,202606,1,3,1094
경상남도 합천군,4889000000,202606,1,4,1751
경상남도 합천군,4889000000,202606,1,5,3384
경상남도 합천군,4889000000,202606,1,6,10510
경상남도 합천군,4889000000,202606,2,1,1277
경상남도 합천군,4889000000,202606,2,2,723
경상남도 합천군,4889000000,202606,2,3,822
경상남도 합천군,4889000000,202606,2,4,1398
경상남도 합천군,4889000000,202606,2,5,2602
경상남도 합천군,4889000000,202606,2,6,12754
경상북도 경산시,4729000000,202601,1,1,18871
경상북도 경산시,4729000000,202601,1,2,17891
경상북도 경산시,4729000000,202601,1,3,16760
경상북도 경산시,4729000000,202601,1,4,18863
경상북도 경산시,4729000000,202601,1,5,23092
경상북도 경산시,4729000000,202601,1,6,36693
경상북도 경산시,4729000000,202601,2,1,18403
경상북도 경산시,4729000000,202601,2,2,14766
경상북도 경산시,4729000000,202601,2,3,13718
경상북도 경산시,4729000000,202601,2,4,17612
경상북도 경산시,4729000000,202601,2,5,23029
경상북도 경산시,4729000000,202601,2,6,43683
경상북도 경산시,4729000000,202602,1,1,18846
경상북도 경산시,4729000000,202602,1,2,17895
경상북도 경산시,4729000000,202602,1,3,16695
경상북도 경산시,4729000000,202602,1,4,18785
경상북도 경산시,4729000000,202602,1,5,23079
경상북도 경산시,4729000000,202602,1,6,36831
경상북도 경산시,4729000000,202602,2,1,18425
경상북도 경산시,4729000000,202602,2,2,14729
경상북도 경산시,4729000000,202602,2,3,13681
경상북도 경산시,4729000000,202602,2,4,17549
경상북도 경산시,4729000000,202602,2,5,23020
경상북도 경산시,4729000000,202602,2,6,43781
경상북도 경산시,4729000000,202603,1,1,18814
경상북도 경산시,4729000000,202603,1,2,17987
경상북도 경산시,4729000000,202603,1,3,16673
경상북도 경산시,4729000000,202603,1,4,18710
경상북도 경산시,4729000000,202603,1,5,23009
경상북도 경산시,4729000000,202603,1,6,37031
경상북도 경산시,4729000000,202603,2,1,18491
경상북도 경산시,4729000000,202603,2,2,14744
경상북도 경산시,4729000000,202603,2,3,13642
경상북도 경산시,4729000000,202603,2,4,17462
경상북도 경산시,4729000000,202603,2,5,22950
경상북도 경산시,4729000000,202603,2,6,43970
경상북도 경산시,4729000000,202604,1,1,18790
경상북도 경산시,4729000000,202604,1,2,18062
경상북도 경산시,4729000000,202604,1,3,16660
경상북도 경산시,4729000000,202604,1,4,18656
경상북도 경산시,4729000000,202604,1,5,22977
경상북도 경산시,4729000000,202604,1,6,37130
경상북도 경산시,4729000000,202604,2,1,18475
경상북도 경산시,4729000000,202604,2,2,14805
경상북도 경산시,4729000000,202604,2,3,13620
경상북도 경산시,4729000000,202604,2,4,17381
경상북도 경산시,4729000000,202604,2,5,22920
경상북도 경산시,4729000000,202604,2,6,44049
경상북도 경산시,4729000000,202605,1,1,18735
경상북도 경산시,4729000000,202605,1,2,18224
경상북도 경산시,4729000000,202605,1,3,16656
경상북도 경산시,4729000000,202605,1,4,18608
경상북도 경산시,4729000000,202605,1,5,22904
경상북도 경산시,4729000000,202605,1,6,37231
경상북도 경산시,4729000000,202605,2,1,18436
경상북도 경산시,4729000000,202605,2,2,14912
경상북도 경산시,4729000000,202605,2,3,13607
경상북도 경산시,4729000000,202605,2,4,17336
경상북도 경산시,4729000000,202605,2,5,22880
경상북도 경산시,4729000000,202605,2,6,44110
경상북도 경산시,4729000000,202606,1,1,18682
경상북도 경산시,4729000000,202606,1,2,18157
경상북도 경산시,4729000000,202606,1,3,16624
경상북도 경산시,4729000000,202606,1,4,18581
경상북도 경산시,4729000000,202606,1,5,22882
경상북도 경산시,4729000000,202606,1,6,37328
경상북도 경산시,4729000000,202606,2,1,18358
경상북도 경산시,4729000000,202606,2,2,14890
경상북도 경산시,4729000000,202606,2,3,13613
경상북도 경산시,4729000000,202606,2,4,17306
경상북도 경산시,4729000000,202606,2,5,22836
경상북도 경산시,4729000000,202606,2,6,44149
경상북도 경주시,4713000000,202601,1,1,15651
경상북도 경주시,4713000000,202601,1,2,11332
경상북도 경주시,4713000000,202601,1,3,12642
경상북도 경주시,4713000000,202601,1,4,15747
경상북도 경주시,4713000000,202601,1,5,23115
경상북도 경주시,4713000000,202601,1,6,43554
경상북도 경주시,4713000000,202601,2,1,14677
경상북도 경주시,4713000000,202601,2,2,8832
경상북도 경주시,4713000000,202601,2,3,10386
경상북도 경주시,4713000000,202601,2,4,14451
경상북도 경주시,4713000000,202601,2,5,21877
경상북도 경주시,4713000000,202601,2,6,51517
경상북도 경주시,4713000000,202602,1,1,15556
경상북도 경주시,4713000000,202602,1,2,11245
경상북도 경주시,4713000000,202602,1,3,12613
경상북도 경주시,4713000000,202602,1,4,15715
경상북도 경주시,4713000000,202602,1,5,23053
경상북도 경주시,4713000000,202602,1,6,43746
경상북도 경주시,4713000000,202602,2,1,14523
경상북도 경주시,4713000000,202602,2,2,8794
경상북도 경주시,4713000000,202602,2,3,10324
경상북도 경주시,4713000000,202602,2,4,14384
경상북도 경주시,4713000000,202602,2,5,21887
경상북도 경주시,4713000000,202602,2,6,51622
경상북도 경주시,4713000000,202603,1,1,15466
경상북도 경주시,4713000000,202603,1,2,11188
경상북도 경주시,4713000000,202603,1,3,12630
경상북도 경주시,4713000000,202603,1,4,15679
경상북도 경주시,4713000000,202603,1,5,22939
경상북도 경주시,4713000000,202603,1,6,43967
경상북도 경주시,4713000000,202603,2,1,14482
경상북도 경주시,4713000000,202603,2,2,8699
경상북도 경주시,4713000000,202603,2,3,10355
경상북도 경주시,4713000000,202603,2,4,14280
경상북도 경주시,4713000000,202603,2,5,21762
경상북도 경주시,4713000000,202603,2,6,51835
경상북도 경주시,4713000000,202604,1,1,15414
경상북도 경주시,4713000000,202604,1,2,11157
경상북도 경주시,4713000000,202604,1,3,12660
경상북도 경주시,4713000000,202604,1,4,15634
경상북도 경주시,4713000000,202604,1,5,22861
경상북도 경주시,4713000000,202604,1,6,44082
경상북도 경주시,4713000000,202604,2,1,14444
경상북도 경주시,4713000000,202604,2,2,8683
경상북도 경주시,4713000000,202604,2,3,10383
경상북도 경주시,4713000000,202604,2,4,14233
경상북도 경주시,4713000000,202604,2,5,21743
경상북도 경주시,4713000000,202604,2,6,51889
경상북도 경주시,4713000000,202605,1,1,15401
경상북도 경주시,4713000000,202605,1,2,11127
경상북도 경주시,4713000000,202605,1,3,12676
경상북도 경주시,4713000000,202605,1,4,15610
경상북도 경주시,4713000000,202605,1,5,22778
경상북도 경주시,4713000000,202605,1,6,44203
경상북도 경주시,4713000000,202605,2,1,14398
경상북도 경주시,4713000000,202605,2,2,8666
경상북도 경주시,4713000000,202605,2,3,10409
경상북도 경주시,4713000000,202605,2,4,14166
경상북도 경주시,4713000000,202605,2,5,21686
경상북도 경주시,4713000000,202605,2,6,52021
경상북도 경주시,4713000000,202606,1,1,15396
경상북도 경주시,4713000000,202606,1,2,11067
경상북도 경주시,4713000000,202606,1,3,12709
경상북도 경주시,4713000000,202606,1,4,15592
경상북도 경주시,4713000000,202606,1,5,22693
경상북도 경주시,4713000000,202606,1,6,44303
경상북도 경주시,4713000000,202606,2,1,14358
경상북도 경주시,4713000000,202606,2,2,8655
경상북도 경주시,4713000000,202606,2,3,10412
경상북도 경주시,4713000000,202606,2,4,14155
경상북도 경주시,4713000000,202606,2,5,21631
경상북도 경주시,4713000000,202606,2,6,52080
경상북도 고령군,4783000000,202601,1,1,1343
경상북도 고령군,4783000000,202601,1,2,1024
경상북도 고령군,4783000000,202601,1,3,1018
경상북도 고령군,4783000000,202601,1,4,1596
경상북도 고령군,4783000000,202601,1,5,3000
경상북도 고령군,4783000000,202601,1,6,7355
경상북도 고령군,4783000000,202601,2,1,1182
경상북도 고령군,4783000000,202601,2,2,698
경상북도 고령군,4783000000,202601,2,3,829
경상북도 고령군,4783000000,202601,2,4,1304
경상북도 고령군,4783000000,202601,2,5,2244
경상북도 고령군,4783000000,202601,2,6,8055
경상북도 고령군,4783000000,202602,1,1,1325
경상북도 고령군,4783000000,202602,1,2,1015
경상북도 고령군,4783000000,202602,1,3,1017
경상북도 고령군,4783000000,202602,1,4,1588
경상북도 고령군,4783000000,202602,1,5,2986
경상북도 고령군,4783000000,202602,1,6,7404
경상북도 고령군,4783000000,202602,2,1,1167
경상북도 고령군,4783000000,202602,2,2,693
경상북도 고령군,4783000000,202602,2,3,840
경상북도 고령군,4783000000,202602,2,4,1301
경상북도 고령군,4783000000,202602,2,5,2223
경상북도 고령군,4783000000,202602,2,6,8066
경상북도 고령군,4783000000,202603,1,1,1314
경상북도 고령군,4783000000,202603,1,2,1003
경상북도 고령군,4783000000,202603,1,3,1023
경상북도 고령군,4783000000,202603,1,4,1577
경상북도 고령군,4783000000,202603,1,5,2994
경상북도 고령군,4783000000,202603,1,6,7419
경상북도 고령군,4783000000,202603,2,1,1164
경상북도 고령군,4783000000,202603,2,2,696
경상북도 고령군,4783000000,202603,2,3,833
경상북도 고령군,4783000000,202603,2,4,1284
경상북도 고령군,4783000000,202603,2,5,2217
경상북도 고령군,4783000000,202603,2,6,8084
경상북도 고령군,4783000000,202604,1,1,1314
경상북도 고령군,4783000000,202604,1,2,991
경상북도 고령군,4783000000,202604,1,3,1042
경상북도 고령군,4783000000,202604,1,4,1575
경상북도 고령군,4783000000,202604,1,5,2995
경상북도 고령군,4783000000,202604,1,6,7435
경상북도 고령군,4783000000,202604,2,1,1168
경상북도 고령군,4783000000,202604,2,2,684
경상북도 고령군,4783000000,202604,2,3,842
경상북도 고령군,4783000000,202604,2,4,1279
경상북도 고령군,4783000000,202604,2,5,2220
경상북도 고령군,4783000000,202604,2,6,8104
경상북도 고령군,4783000000,202605,1,1,1296
경상북도 고령군,4783000000,202605,1,2,987
경상북도 고령군,4783000000,202605,1,3,1035
경상북도 고령군,4783000000,202605,1,4,1563
경상북도 고령군,4783000000,202605,1,5,2976
경상북도 고령군,4783000000,202605,1,6,7448
경상북도 고령군,4783000000,202605,2,1,1157
경상북도 고령군,4783000000,202605,2,2,681
경상북도 고령군,4783000000,202605,2,3,837
경상북도 고령군,4783000000,202605,2,4,1260
경상북도 고령군,4783000000,202605,2,5,2224
경상북도 고령군,4783000000,202605,2,6,8117
경상북도 고령군,4783000000,202606,1,1,1297
경상북도 고령군,4783000000,202606,1,2,975
경상북도 고령군,4783000000,202606,1,3,1034
경상북도 고령군,4783000000,202606,1,4,1553
경상북도 고령군,4783000000,202606,1,5,2967
경상북도 고령군,4783000000,202606,1,6,7466
경상북도 고령군,4783000000,202606,2,1,1156
경상북도 고령군,4783000000,202606,2,2,670
경상북도 고령군,4783000000,202606,2,3,835
경상북도 고령군,4783000000,202606,2,4,1257
경상북도 고령군,4783000000,202606,2,5,2218
경상북도 고령군,4783000000,202606,2,6,8117
경상북도 구미시,4719000000,202601,1,1,37189
경상북도 구미시,4719000000,202601,1,2,25648
경상북도 구미시,4719000000,202601,1,3,31572
경상북도 구미시,4719000000,202601,1,4,36038
경상북도 구미시,4719000000,202601,1,5,35706
경상북도 구미시,4719000000,202601,1,6,42465
경상북도 구미시,4719000000,202601,2,1,34795
경상북도 구미시,4719000000,202601,2,2,18113
경상북도 구미시,4719000000,202601,2,3,25940
경상북도 구미시,4719000000,202601,2,4,33757
경상북도 구미시,4719000000,202601,2,5,36148
경상북도 구미시,4719000000,202601,2,6,46278
경상북도 구미시,4719000000,202602,1,1,37067
경상북도 구미시,4719000000,202602,1,2,25436
경상북도 구미시,4719000000,202602,1,3,31444
경상북도 구미시,4719000000,202602,1,4,36034
경상북도 구미시,4719000000,202602,1,5,35723
경상북도 구미시,4719000000,202602,1,6,42728
경상북도 구미시,4719000000,202602,2,1,34563
경상북도 구미시,4719000000,202602,2,2,18028
경상북도 구미시,4719000000,202602,2,3,25816
경상북도 구미시,4719000000,202602,2,4,33703
경상북도 구미시,4719000000,202602,2,5,36182
경상북도 구미시,4719000000,202602,2,6,46530
경상북도 구미시,4719000000,202603,1,1,37086
경상북도 구미시,4719000000,202603,1,2,25356
경상북도 구미시,4719000000,202603,1,3,31529
경상북도 구미시,4719000000,202603,1,4,35936
경상북도 구미시,4719000000,202603,1,5,35607
경상북도 구미시,4719000000,202603,1,6,43071
경상북도 구미시,4719000000,202603,2,1,34527
경상북도 구미시,4719000000,202603,2,2,17803
경상북도 구미시,4719000000,202603,2,3,25793
경상북도 구미시,4719000000,202603,2,4,33593
경상북도 구미시,4719000000,202603,2,5,36147
경상북도 구미시,4719000000,202603,2,6,46789
경상북도 구미시,4719000000,202604,1,1,37005
경상북도 구미시,4719000000,202604,1,2,25283
경상북도 구미시,4719000000,202604,1,3,31512
경상북도 구미시,4719000000,202604,1,4,35888
경상북도 구미시,4719000000,202604,1,5,35608
경상북도 구미시,4719000000,202604,1,6,43244
경상북도 구미시,4719000000,202604,2,1,34412
경상북도 구미시,4719000000,202604,2,2,17681
경상북도 구미시,4719000000,202604,2,3,25799
경상북도 구미시,4719000000,202604,2,4,33552
경상북도 구미시,4719000000,202604,2,5,36160
경상북도 구미시,4719000000,202604,2,6,46969
경상북도 구미시,4719000000,202605,1,1,36912
경상북도 구미시,4719000000,202605,1,2,25142
경상북도 구미시,4719000000,202605,1,3,31503
경상북도 구미시,4719000000,202605,1,4,35907
경상북도 구미시,4719000000,202605,1,5,35597
경상북도 구미시,4719000000,202605,1,6,43421
경상북도 구미시,4719000000,202605,2,1,34315
경상북도 구미시,4719000000,202605,2,2,17561
경상북도 구미시,4719000000,202605,2,3,25753
경상북도 구미시,4719000000,202605,2,4,33490
경상북도 구미시,4719000000,202605,2,5,36142
경상북도 구미시,4719000000,202605,2,6,47124
경상북도 구미시,4719000000,202606,1,1,36852
경상북도 구미시,4719000000,202606,1,2,25049
경상북도 구미시,4719000000,202606,1,3,31463
경상북도 구미시,4719000000,202606,1,4,35989
경상북도 구미시,4719000000,202606,1,5,35576
경상북도 구미시,4719000000,202606,1,6,43539
경상북도 구미시,4719000000,202606,2,1,34259
경상북도 구미시,4719000000,202606,2,2,17474
경상북도 구미시,4719000000,202606,2,3,25658
경상북도 구미시,4719000000,202606,2,4,33470
경상북도 구미시,4719000000,202606,2,5,36160
경상북도 구미시,4719000000,202606,2,6,47237
경상북도 김천시,4715000000,202601,1,1,10196
경상북도 김천시,4715000000,202601,1,2,5945
경상북도 김천시,4715000000,202601,1,3,7095
경상북도 김천시,4715000000,202601,1,4,8974
경상북도 김천시,4715000000,202601,1,5,11531
경상북도 김천시,4715000000,202601,1,6,23443
경상북도 김천시,4715000000,202601,2,1,8923
경상북도 김천시,4715000000,202601,2,2,4580
경상북도 김천시,4715000000,202601,2,3,5893
경상북도 김천시,4715000000,202601,2,4,8177
경상북도 김천시,4715000000,202601,2,5,10770
경상북도 김천시,4715000000,202601,2,6,27917
경상북도 김천시,4715000000,202602,1,1,10077
경상북도 김천시,4715000000,202602,1,2,5865
경상북도 김천시,4715000000,202602,1,3,7056
경상북도 김천시,4715000000,202602,1,4,8956
경상북도 김천시,4715000000,202602,1,5,11524
경상북도 김천시,4715000000,202602,1,6,23515
경상북도 김천시,4715000000,202602,2,1,8860
경상북도 김천시,4715000000,202602,2,2,4532
경상북도 김천시,4715000000,202602,2,3,5865
경상북도 김천시,4715000000,202602,2,4,8139
경상북도 김천시,4715000000,202602,2,5,10736
경상북도 김천시,4715000000,202602,2,6,27955
경상북도 김천시,4715000000,202603,1,1,10271
경상북도 김천시,4715000000,202603,1,2,5813
경상북도 김천시,4715000000,202603,1,3,7054
경상북도 김천시,4715000000,202603,1,4,8937
경상북도 김천시,4715000000,202603,1,5,11471
경상북도 김천시,4715000000,202603,1,6,23608
경상북도 김천시,4715000000,202603,2,1,8865
경상북도 김천시,4715000000,202603,2,2,4479
경상북도 김천시,4715000000,202603,2,3,5842
경상북도 김천시,4715000000,202603,2,4,8096
경상북도 김천시,4715000000,202603,2,5,10717
경상북도 김천시,4715000000,202603,2,6,27992
경상북도 김천시,4715000000,202604,1,1,10258
경상북도 김천시,4715000000,202604,1,2,5781
경상북도 김천시,4715000000,202604,1,3,7049
경상북도 김천시,4715000000,202604,1,4,8906
경상북도 김천시,4715000000,202604,1,5,11424
경상북도 김천시,4715000000,202604,1,6,23677
경상북도 김천시,4715000000,202604,2,1,8841
경상북도 김천시,4715000000,202604,2,2,4456
경상북도 김천시,4715000000,202604,2,3,5846
경상북도 김천시,4715000000,202604,2,4,8069
경상북도 김천시,4715000000,202604,2,5,10700
경상북도 김천시,4715000000,202604,2,6,28042
경상북도 김천시,4715000000,202605,1,1,10212
경상북도 김천시,4715000000,202605,1,2,5736
경상북도 김천시,4715000000,202605,1,3,7042
경상북도 김천시,4715000000,202605,1,4,8862
경상북도 김천시,4715000000,202605,1,5,11405
경상북도 김천시,4715000000,202605,1,6,23743
경상북도 김천시,4715000000,202605,2,1,8820
경상북도 김천시,4715000000,202605,2,2,4410
경상북도 김천시,4715000000,202605,2,3,5815
경상북도 김천시,4715000000,202605,2,4,8066
경상북도 김천시,4715000000,202605,2,5,10671
경상북도 김천시,4715000000,202605,2,6,28058
경상북도 김천시,4715000000,202606,1,1,10178
경상북도 김천시,4715000000,202606,1,2,5718
경상북도 김천시,4715000000,202606,1,3,7049
경상북도 김천시,4715000000,202606,1,4,8846
경상북도 김천시,4715000000,202606,1,5,11391
경상북도 김천시,4715000000,202606,1,6,23764
경상북도 김천시,4715000000,202606,2,1,8786
경상북도 김천시,4715000000,202606,2,2,4391
경상북도 김천시,4715000000,202606,2,3,5818
경상북도 김천시,4715000000,202606,2,4,8051
경상북도 김천시,4715000000,202606,2,5,10653
경상북도 김천시,4715000000,202606,2,6,28095
경상북도 문경시,4728000000,202601,1,1,3832
경상북도 문경시,4728000000,202601,1,2,2543
경상북도 문경시,4728000000,202601,1,3,2337
경상북도 문경시,4728000000,202601,1,4,3577
경상북도 문경시,4728000000,202601,1,5,5697
경상북도 문경시,4728000000,202601,1,6,14093
경상북도 문경시,4728000000,202601,2,1,3438
경상북도 문경시,4728000000,202601,2,2,1916
경상북도 문경시,4728000000,202601,2,3,1984
경상북도 문경시,4728000000,202601,2,4,3260
경상북도 문경시,4728000000,202601,2,5,5037
경상북도 문경시,4728000000,202601,2,6,17475
경상북도 문경시,4728000000,202602,1,1,3763
경상북도 문경시,4728000000,202602,1,2,2514
경상북도 문경시,4728000000,202602,1,3,2330
경상북도 문경시,4728000000,202602,1,4,3551
경상북도 문경시,4728000000,202602,1,5,5669
경상북도 문경시,4728000000,202602,1,6,14142
경상북도 문경시,4728000000,202602,2,1,3410
경상북도 문경시,4728000000,202602,2,2,1875
경상북도 문경시,4728000000,202602,2,3,1993
경상북도 문경시,4728000000,202602,2,4,3241
경상북도 문경시,4728000000,202602,2,5,5023
경상북도 문경시,4728000000,202602,2,6,17478
경상북도 문경시,4728000000,202603,1,1,3772
경상북도 문경시,4728000000,202603,1,2,2468
경상북도 문경시,4728000000,202603,1,3,2321
경상북도 문경시,4728000000,202603,1,4,3524
경상북도 문경시,4728000000,202603,1,5,5639
경상북도 문경시,4728000000,202603,1,6,14191
경상북도 문경시,4728000000,202603,2,1,3416
경상북도 문경시,4728000000,202603,2,2,1856
경상북도 문경시,4728000000,202603,2,3,1985
경상북도 문경시,4728000000,202603,2,4,3221
경상북도 문경시,4728000000,202603,2,5,4985
경상북도 문경시,4728000000,202603,2,6,17526
경상북도 문경시,4728000000,202604,1,1,3769
경상북도 문경시,4728000000,202604,1,2,2464
경상북도 문경시,4728000000,202604,1,3,2328
경상북도 문경시,4728000000,202604,1,4,3497
경상북도 문경시,4728000000,202604,1,5,5608
경상북도 문경시,4728000000,202604,1,6,14233
경상북도 문경시,4728000000,202604,2,1,3400
경상북도 문경시,4728000000,202604,2,2,1864
경상북도 문경시,4728000000,202604,2,3,1987
경상북도 문경시,4728000000,202604,2,4,3212
경상북도 문경시,4728000000,202604,2,5,4985
경상북도 문경시,4728000000,202604,2,6,17525
경상북도 문경시,4728000000,202605,1,1,3748
경상북도 문경시,4728000000,202605,1,2,2443
경상북도 문경시,4728000000,202605,1,3,2348
경상북도 문경시,4728000000,202605,1,4,3477
경상북도 문경시,4728000000,202605,1,5,5617
경상북도 문경시,4728000000,202605,1,6,14240
경상북도 문경시,4728000000,202605,2,1,3400
경상북도 문경시,4728000000,202605,2,2,1836
경상북도 문경시,4728000000,202605,2,3,1983
경상북도 문경시,4728000000,202605,2,4,3196
경상북도 문경시,4728000000,202605,2,5,4959
경상북도 문경시,4728000000,202605,2,6,17545
경상북도 문경시,4728000000,202606,1,1,3734
경상북도 문경시,4728000000,202606,1,2,2441
경상북도 문경시,4728000000,202606,1,3,2359
경상북도 문경시,4728000000,202606,1,4,3483
경상북도 문경시,4728000000,202606,1,5,5598
경상북도 문경시,4728000000,202606,1,6,14262
경상북도 문경시,4728000000,202606,2,1,3384
경상북도 문경시,4728000000,202606,2,2,1824
경상북도 문경시,4728000000,202606,2,3,1990
경상북도 문경시,4728000000,202606,2,4,3197
경상북도 문경시,4728000000,202606,2,5,4949
경상북도 문경시,4728000000,202606,2,6,17553
경상북도 봉화군,4792000000,202601,1,1,1237
경상북도 봉화군,4792000000,202601,1,2,778
경상북도 봉화군,4792000000,202601,1,3,775
경상북도 봉화군,4792000000,202601,1,4,1277
경상북도 봉화군,4792000000,202601,1,5,2620
경상북도 봉화군,4792000000,202601,1,6,7739
경상북도 봉화군,4792000000,202601,2,1,1157
경상북도 봉화군,4792000000,202601,2,2,497
경상북도 봉화군,4792000000,202601,2,3,570
경상북도 봉화군,4792000000,202601,2,4,1009
경상북도 봉화군,4792000000,202601,2,5,1954
경상북도 봉화군,4792000000,202601,2,6,8639
경상북도 봉화군,4792000000,202602,1,1,1226
경상북도 봉화군,4792000000,202602,1,2,767
경상북도 봉화군,4792000000,202602,1,3,773
경상북도 봉화군,4792000000,202602,1,4,1271
경상북도 봉화군,4792000000,202602,1,5,2604
경상북도 봉화군,4792000000,202602,1,6,7758
경상북도 봉화군,4792000000,202602,2,1,1125
경상북도 봉화군,4792000000,202602,2,2,494
경상북도 봉화군,4792000000,202602,2,3,564
경상북도 봉화군,4792000000,202602,2,4,995
경상북도 봉화군,4792000000,202602,2,5,1933
경상북도 봉화군,4792000000,202602,2,6,8648
경상북도 봉화군,4792000000,202603,1,1,1220
경상북도 봉화군,4792000000,202603,1,2,765
경상북도 봉화군,4792000000,202603,1,3,769
경상북도 봉화군,4792000000,202603,1,4,1275
경상북도 봉화군,4792000000,202603,1,5,2583
경상북도 봉화군,4792000000,202603,1,6,7785
경상북도 봉화군,4792000000,202603,2,1,1140
경상북도 봉화군,4792000000,202603,2,2,496
경상북도 봉화군,4792000000,202603,2,3,570
경상북도 봉화군,4792000000,202603,2,4,996
경상북도 봉화군,4792000000,202603,2,5,1911
경상북도 봉화군,4792000000,202603,2,6,8664
경상북도 봉화군,4792000000,202604,1,1,1215
경상북도 봉화군,4792000000,202604,1,2,751
경상북도 봉화군,4792000000,202604,1,3,768
경상북도 봉화군,4792000000,202604,1,4,1278
경상북도 봉화군,4792000000,202604,1,5,2563
경상북도 봉화군,4792000000,202604,1,6,7823
경상북도 봉화군,4792000000,202604,2,1,1149
경상북도 봉화군,4792000000,202604,2,2,491
경상북도 봉화군,4792000000,202604,2,3,567
경상북도 봉화군,4792000000,202604,2,4,992
경상북도 봉화군,4792000000,202604,2,5,1905
경상북도 봉화군,4792000000,202604,2,6,8659
경상북도 봉화군,4792000000,202605,1,1,1207
경상북도 봉화군,4792000000,202605,1,2,758
경상북도 봉화군,4792000000,202605,1,3,767
경상북도 봉화군,4792000000,202605,1,4,1273
경상북도 봉화군,4792000000,202605,1,5,2546
경상북도 봉화군,4792000000,202605,1,6,7828
경상북도 봉화군,4792000000,202605,2,1,1133
경상북도 봉화군,4792000000,202605,2,2,501
경상북도 봉화군,4792000000,202605,2,3,567
경상북도 봉화군,4792000000,202605,2,4,988
경상북도 봉화군,4792000000,202605,2,5,1898
경상북도 봉화군,4792000000,202605,2,6,8641
경상북도 봉화군,4792000000,202606,1,1,1201
경상북도 봉화군,4792000000,202606,1,2,763
경상북도 봉화군,4792000000,202606,1,3,768
경상북도 봉화군,4792000000,202606,1,4,1273
경상북도 봉화군,4792000000,202606,1,5,2555
경상북도 봉화군,4792000000,202606,1,6,7839
경상북도 봉화군,4792000000,202606,2,1,1130
경상북도 봉화군,4792000000,202606,2,2,498
경상북도 봉화군,4792000000,202606,2,3,571
경상북도 봉화군,4792000000,202606,2,4,993
경상북도 봉화군,4792000000,202606,2,5,1884
경상북도 봉화군,4792000000,202606,2,6,8647
경상북도 상주시,4725000000,202601,1,1,5390
경상북도 상주시,4725000000,202601,1,2,3355
경상북도 상주시,4725000000,202601,1,3,3230
경상북도 상주시,4725000000,202601,1,4,4838
경상북도 상주시,4725000000,202601,1,5,7779
경상북도 상주시,4725000000,202601,1,6,19735
경상북도 상주시,4725000000,202601,2,1,4844
경상북도 상주시,4725000000,202601,2,2,2536
경상북도 상주시,4725000000,202601,2,3,2697
경상북도 상주시,4725000000,202601,2,4,4271
경상북도 상주시,4725000000,202601,2,5,6776
경상북도 상주시,4725000000,202601,2,6,24344
경상북도 상주시,4725000000,202602,1,1,5361
경상북도 상주시,4725000000,202602,1,2,3310
경상북도 상주시,4725000000,202602,1,3,3216
경상북도 상주시,4725000000,202602,1,4,4831
경상북도 상주시,4725000000,202602,1,5,7754
경상북도 상주시,4725000000,202602,1,6,19763
경상북도 상주시,4725000000,202602,2,1,4796
경상북도 상주시,4725000000,202602,2,2,2494
경상북도 상주시,4725000000,202602,2,3,2703
경상북도 상주시,4725000000,202602,2,4,4262
경상북도 상주시,4725000000,202602,2,5,6768
경상북도 상주시,4725000000,202602,2,6,24344
경상북도 상주시,4725000000,202603,1,1,5423
경상북도 상주시,4725000000,202603,1,2,3329
경상북도 상주시,4725000000,202603,1,3,3191
경상북도 상주시,4725000000,202603,1,4,4818
경상북도 상주시,4725000000,202603,1,5,7690
경상북도 상주시,4725000000,202603,1,6,19854
경상북도 상주시,4725000000,202603,2,1,4773
경상북도 상주시,4725000000,202603,2,2,2467
경상북도 상주시,4725000000,202603,2,3,2691
경상북도 상주시,4725000000,202603,2,4,4243
경상북도 상주시,4725000000,202603,2,5,6722
경상북도 상주시,4725000000,202603,2,6,24378
경상북도 상주시,4725000000,202604,1,1,5389
경상북도 상주시,4725000000,202604,1,2,3322
경상북도 상주시,4725000000,202604,1,3,3190
경상북도 상주시,4725000000,202604,1,4,4802
경상북도 상주시,4725000000,202604,1,5,7654
경상북도 상주시,4725000000,202604,1,6,19884
경상북도 상주시,4725000000,202604,2,1,4752
경상북도 상주시,4725000000,202604,2,2,2451
경상북도 상주시,4725000000,202604,2,3,2695
경상북도 상주시,4725000000,202604,2,4,4225
경상북도 상주시,4725000000,202604,2,5,6718
경상북도 상주시,4725000000,202604,2,6,24385
경상북도 상주시,4725000000,202605,1,1,5380
경상북도 상주시,4725000000,202605,1,2,3302
경상북도 상주시,4725000000,202605,1,3,3195
경상북도 상주시,4725000000,202605,1,4,4804
경상북도 상주시,4725000000,202605,1,5,7637
경상북도 상주시,4725000000,202605,1,6,19893
경상북도 상주시,4725000000,202605,2,1,4727
경상북도 상주시,4725000000,202605,2,2,2434
경상북도 상주시,4725000000,202605,2,3,2695
경상북도 상주시,4725000000,202605,2,4,4205
경상북도 상주시,4725000000,202605,2,5,6719
경상북도 상주시,4725000000,202605,2,6,24391
경상북도 상주시,4725000000,202606,1,1,5359
경상북도 상주시,4725000000,202606,1,2,3296
경상북도 상주시,4725000000,202606,1,3,3175
경상북도 상주시,4725000000,202606,1,4,4793
경상북도 상주시,4725000000,202606,1,5,7599
경상북도 상주시,4725000000,202606,1,6,19927
경상북도 상주시,4725000000,202606,2,1,4708
경상북도 상주시,4725000000,202606,2,2,2420
경상북도 상주시,4725000000,202606,2,3,2678
경상북도 상주시,4725000000,202606,2,4,4193
경상북도 상주시,4725000000,202606,2,5,6696
경상북도 상주시,4725000000,202606,2,6,24384
경상북도 성주군,4784000000,202601,1,1,1627
경상북도 성주군,4784000000,202601,1,2,1169
경상북도 성주군,4784000000,202601,1,3,1612
경상북도 성주군,4784000000,202601,1,4,2234
경상북도 성주군,4784000000,202601,1,5,3892
경상북도 성주군,4784000000,202601,1,6,10729
경상북도 성주군,4784000000,202601,2,1,1589
경상북도 성주군,4784000000,202601,2,2,793
경상북도 성주군,4784000000,202601,2,3,1128
경상북도 성주군,4784000000,202601,2,4,1580
경상북도 성주군,4784000000,202601,2,5,2961
경상북도 성주군,4784000000,202601,2,6,11322
경상북도 성주군,4784000000,202602,1,1,1624
경상북도 성주군,4784000000,202602,1,2,1151
경상북도 성주군,4784000000,202602,1,3,1610
경상북도 성주군,4784000000,202602,1,4,2226
경상북도 성주군,4784000000,202602,1,5,3877
경상북도 성주군,4784000000,202602,1,6,10749
경상북도 성주군,4784000000,202602,2,1,1585
경상북도 성주군,4784000000,202602,2,2,783
경상북도 성주군,4784000000,202602,2,3,1124
경상북도 성주군,4784000000,202602,2,4,1574
경상북도 성주군,4784000000,202602,2,5,2941
경상북도 성주군,4784000000,202602,2,6,11327
경상북도 성주군,4784000000,202603,1,1,1627
경상북도 성주군,4784000000,202603,1,2,1126
경상북도 성주군,4784000000,202603,1,3,1598
경상북도 성주군,4784000000,202603,1,4,2223
경상북도 성주군,4784000000,202603,1,5,3841
경상북도 성주군,4784000000,202603,1,6,10808
경상북도 성주군,4784000000,202603,2,1,1563
경상북도 성주군,4784000000,202603,2,2,782
경상북도 성주군,4784000000,202603,2,3,1131
경상북도 성주군,4784000000,202603,2,4,1562
경상북도 성주군,4784000000,202603,2,5,2930
경상북도 성주군,4784000000,202603,2,6,11363
경상북도 성주군,4784000000,202604,1,1,1623
경상북도 성주군,4784000000,202604,1,2,1109
경상북도 성주군,4784000000,202604,1,3,1614
경상북도 성주군,4784000000,202604,1,4,2222
경상북도 성주군,4784000000,202604,1,5,3829
경상북도 성주군,4784000000,202604,1,6,10828
경상북도 성주군,4784000000,202604,2,1,1566
경상북도 성주군,4784000000,202604,2,2,780
경상북도 성주군,4784000000,202604,2,3,1132
경상북도 성주군,4784000000,202604,2,4,1558
경상북도 성주군,4784000000,202604,2,5,2921
경상북도 성주군,4784000000,202604,2,6,11361
경상북도 성주군,4784000000,202605,1,1,1619
경상북도 성주군,4784000000,202605,1,2,1102
경상북도 성주군,4784000000,202605,1,3,1612
경상북도 성주군,4784000000,202605,1,4,2224
경상북도 성주군,4784000000,202605,1,5,3820
경상북도 성주군,4784000000,202605,1,6,10869
경상북도 성주군,4784000000,202605,2,1,1573
경상북도 성주군,4784000000,202605,2,2,754
경상북도 성주군,4784000000,202605,2,3,1121
경상북도 성주군,4784000000,202605,2,4,1564
경상북도 성주군,4784000000,202605,2,5,2904
경상북도 성주군,4784000000,202605,2,6,11390
경상북도 성주군,4784000000,202606,1,1,1602
경상북도 성주군,4784000000,202606,1,2,1092
경상북도 성주군,4784000000,202606,1,3,1601
경상북도 성주군,4784000000,202606,1,4,2221
경상북도 성주군,4784000000,202606,1,5,3797
경상북도 성주군,4784000000,202606,1,6,10894
경상북도 성주군,4784000000,202606,2,1,1563
경상북도 성주군,4784000000,202606,2,2,745
경상북도 성주군,4784000000,202606,2,3,1125
경상북도 성주군,4784000000,202606,2,4,1556
경상북도 성주군,4784000000,202606,2,5,2879
경상북도 성주군,4784000000,202606,2,6,11386
경상북도 안동시,4717000000,202601,1,1,10461
경상북도 안동시,4717000000,202601,1,2,8069
경상북도 안동시,4717000000,202601,1,3,7593
경상북도 안동시,4717000000,202601,1,4,9400
경상북도 안동시,4717000000,202601,1,5,13252
경상북도 안동시,4717000000,202601,1,6,26554
경상북도 안동시,4717000000,202601,2,1,9593
경상북도 안동시,4717000000,202601,2,2,6967
경상북도 안동시,4717000000,202601,2,3,6484
경상북도 안동시,4717000000,202601,2,4,9012
경상북도 안동시,4717000000,202601,2,5,12179
경상북도 안동시,4717000000,202601,2,6,32585
경상북도 안동시,4717000000,202602,1,1,10389
경상북도 안동시,4717000000,202602,1,2,7934
경상북도 안동시,4717000000,202602,1,3,7563
경상북도 안동시,4717000000,202602,1,4,9366
경상북도 안동시,4717000000,202602,1,5,13223
경상북도 안동시,4717000000,202602,1,6,26629
경상북도 안동시,4717000000,202602,2,1,9526
경상북도 안동시,4717000000,202602,2,2,6857
경상북도 안동시,4717000000,202602,2,3,6451
경상북도 안동시,4717000000,202602,2,4,8987
경상북도 안동시,4717000000,202602,2,5,12176
경상북도 안동시,4717000000,202602,2,6,32644
경상북도 안동시,4717000000,202603,1,1,10567
경상북도 안동시,4717000000,202603,1,2,8013
경상북도 안동시,4717000000,202603,1,3,7581
경상북도 안동시,4717000000,202603,1,4,9309
경상북도 안동시,4717000000,202603,1,5,13172
경상북도 안동시,4717000000,202603,1,6,26746
경상북도 안동시,4717000000,202603,2,1,9605
경상북도 안동시,4717000000,202603,2,2,6876
경상북도 안동시,4717000000,202603,2,3,6433
경상북도 안동시,4717000000,202603,2,4,8935
경상북도 안동시,4717000000,202603,2,5,12157
경상북도 안동시,4717000000,202603,2,6,32703
경상북도 안동시,4717000000,202604,1,1,10686
경상북도 안동시,4717000000,202604,1,2,8101
경상북도 안동시,4717000000,202604,1,3,7587
경상북도 안동시,4717000000,202604,1,4,9283
경상북도 안동시,4717000000,202604,1,5,13169
경상북도 안동시,4717000000,202604,1,6,26810
경상북도 안동시,4717000000,202604,2,1,9685
경상북도 안동시,4717000000,202604,2,2,6899
경상북도 안동시,4717000000,202604,2,3,6447
경상북도 안동시,4717000000,202604,2,4,8923
경상북도 안동시,4717000000,202604,2,5,12148
경상북도 안동시,4717000000,202604,2,6,32731
경상북도 안동시,4717000000,202605,1,1,10611
경상북도 안동시,4717000000,202605,1,2,8071
경상북도 안동시,4717000000,202605,1,3,7591
경상북도 안동시,4717000000,202605,1,4,9239
경상북도 안동시,4717000000,202605,1,5,13158
경상북도 안동시,4717000000,202605,1,6,26860
경상북도 안동시,4717000000,202605,2,1,9631
경상북도 안동시,4717000000,202605,2,2,6874
경상북도 안동시,4717000000,202605,2,3,6438
경상북도 안동시,4717000000,202605,2,4,8872
경상북도 안동시,4717000000,202605,2,5,12142
경상북도 안동시,4717000000,202605,2,6,32759
경상북도 안동시,4717000000,202606,1,1,10540
경상북도 안동시,4717000000,202606,1,2,8039
경상북도 안동시,4717000000,202606,1,3,7566
경상북도 안동시,4717000000,202606,1,4,9229
경상북도 안동시,4717000000,202606,1,5,13079
경상북도 안동시,4717000000,202606,1,6,26868
경상북도 안동시,4717000000,202606,2,1,9568
경상북도 안동시,4717000000,202606,2,2,6859
경상북도 안동시,4717000000,202606,2,3,6414
경상북도 안동시,4717000000,202606,2,4,8856
경상북도 안동시,4717000000,202606,2,5,12113
경상북도 안동시,4717000000,202606,2,6,32733
경상북도 영덕군,4777000000,202601,1,1,1373
경상북도 영덕군,4777000000,202601,1,2,912
경상북도 영덕군,4777000000,202601,1,3,1004
경상북도 영덕군,4777000000,202601,1,4,1529
경상북도 영덕군,4777000000,202601,1,5,2948
경상북도 영덕군,4777000000,202601,1,6,7902
경상북도 영덕군,4777000000,202601,2,1,1301
경상북도 영덕군,4777000000,202601,2,2,653
경상북도 영덕군,4777000000,202601,2,3,816
경상북도 영덕군,4777000000,202601,2,4,1414
경상북도 영덕군,4777000000,202601,2,5,2336
경상북도 영덕군,4777000000,202601,2,6,10439
경상북도 영덕군,4777000000,202602,1,1,1369
경상북도 영덕군,4777000000,202602,1,2,904
경상북도 영덕군,4777000000,202602,1,3,998
경상북도 영덕군,4777000000,202602,1,4,1515
경상북도 영덕군,4777000000,202602,1,5,2935
경상북도 영덕군,4777000000,202602,1,6,7928
경상북도 영덕군,4777000000,202602,2,1,1279
경상북도 영덕군,4777000000,202602,2,2,660
경상북도 영덕군,4777000000,202602,2,3,811
경상북도 영덕군,4777000000,202602,2,4,1411
경상북도 영덕군,4777000000,202602,2,5,2325
경상북도 영덕군,4777000000,202602,2,6,10454
경상북도 영덕군,4777000000,202603,1,1,1352
경상북도 영덕군,4777000000,202603,1,2,893
경상북도 영덕군,4777000000,202603,1,3,988
경상북도 영덕군,4777000000,202603,1,4,1519
경상북도 영덕군,4777000000,202603,1,5,2915
경상북도 영덕군,4777000000,202603,1,6,7973
경상북도 영덕군,4777000000,202603,2,1,1268
경상북도 영덕군,4777000000,202603,2,2,649
경상북도 영덕군,4777000000,202603,2,3,805
경상북도 영덕군,4777000000,202603,2,4,1394
경상북도 영덕군,4777000000,202603,2,5,2309
경상북도 영덕군,4777000000,202603,2,6,10479
경상북도 영덕군,4777000000,202604,1,1,1344
경상북도 영덕군,4777000000,202604,1,2,879
경상북도 영덕군,4777000000,202604,1,3,991
경상북도 영덕군,4777000000,202604,1,4,1526
경상북도 영덕군,4777000000,202604,1,5,2910
경상북도 영덕군,4777000000,202604,1,6,8003
경상북도 영덕군,4777000000,202604,2,1,1269
경상북도 영덕군,4777000000,202604,2,2,651
경상북도 영덕군,4777000000,202604,2,3,806
경상북도 영덕군,4777000000,202604,2,4,1397
경상북도 영덕군,4777000000,202604,2,5,2305
경상북도 영덕군,4777000000,202604,2,6,10458
경상북도 영덕군,4777000000,202605,1,1,1343
경상북도 영덕군,4777000000,202605,1,2,869
경상북도 영덕군,4777000000,202605,1,3,994
경상북도 영덕군,4777000000,202605,1,4,1535
경상북도 영덕군,4777000000,202605,1,5,2897
경상북도 영덕군,4777000000,202605,1,6,8020
경상북도 영덕군,4777000000,202605,2,1,1270
경상북도 영덕군,4777000000,202605,2,2,654
경상북도 영덕군,4777000000,202605,2,3,799
경상북도 영덕군,4777000000,202605,2,4,1396
경상북도 영덕군,4777000000,202605,2,5,2294
경상북도 영덕군,4777000000,202605,2,6,10454
경상북도 영덕군,4777000000,202606,1,1,1334
경상북도 영덕군,4777000000,202606,1,2,862
경상북도 영덕군,4777000000,202606,1,3,997
경상북도 영덕군,4777000000,202606,1,4,1545
경상북도 영덕군,4777000000,202606,1,5,2878
경상북도 영덕군,4777000000,202606,1,6,8049
경상북도 영덕군,4777000000,202606,2,1,1268
경상북도 영덕군,4777000000,202606,2,2,658
경상북도 영덕군,4777000000,202606,2,3,792
경상북도 영덕군,4777000000,202606,2,4,1396
경상북도 영덕군,4777000000,202606,2,5,2309
경상북도 영덕군,4777000000,202606,2,6,10472
경상북도 영양군,4776000000,202601,1,1,690
경상북도 영양군,4776000000,202601,1,2,513
경상북도 영양군,4776000000,202601,1,3,528
경상북도 영양군,4776000000,202601,1,4,781
경상북도 영양군,4776000000,202601,1,5,1546
경상북도 영양군,4776000000,202601,1,6,3962
경상북도 영양군,4776000000,202601,2,1,630
경상북도 영양군,4776000000,202601,2,2,406
경상북도 영양군,4776000000,202601,2,3,418
경상북도 영양군,4776000000,202601,2,4,582
경상북도 영양군,4776000000,202601,2,5,1101
경상북도 영양군,4776000000,202601,2,6,4840
경상북도 영양군,4776000000,202602,1,1,688
경상북도 영양군,4776000000,202602,1,2,514
경상북도 영양군,4776000000,202602,1,3,530
경상북도 영양군,4776000000,202602,1,4,770
경상북도 영양군,4776000000,202602,1,5,1545
경상북도 영양군,4776000000,202602,1,6,3982
경상북도 영양군,4776000000,202602,2,1,624
경상북도 영양군,4776000000,202602,2,2,399
경상북도 영양군,4776000000,202602,2,3,412
경상북도 영양군,4776000000,202602,2,4,579
경상북도 영양군,4776000000,202602,2,5,1095
경상북도 영양군,4776000000,202602,2,6,4848
경상북도 영양군,4776000000,202603,1,1,685
경상북도 영양군,4776000000,202603,1,2,512
경상북도 영양군,4776000000,202603,1,3,540
경상북도 영양군,4776000000,202603,1,4,767
경상북도 영양군,4776000000,202603,1,5,1534
경상북도 영양군,4776000000,202603,1,6,4022
경상북도 영양군,4776000000,202603,2,1,624
경상북도 영양군,4776000000,202603,2,2,399
경상북도 영양군,4776000000,202603,2,3,411
경상북도 영양군,4776000000,202603,2,4,576
경상북도 영양군,4776000000,202603,2,5,1098
경상북도 영양군,4776000000,202603,2,6,4837
경상북도 영양군,4776000000,202604,1,1,682
경상북도 영양군,4776000000,202604,1,2,515
경상북도 영양군,4776000000,202604,1,3,539
경상북도 영양군,4776000000,202604,1,4,772
경상북도 영양군,4776000000,202604,1,5,1514
경상북도 영양군,4776000000,202604,1,6,4045
경상북도 영양군,4776000000,202604,2,1,612
경상북도 영양군,4776000000,202604,2,2,395
경상북도 영양군,4776000000,202604,2,3,405
경상북도 영양군,4776000000,202604,2,4,579
경상북도 영양군,4776000000,202604,2,5,1091
경상북도 영양군,4776000000,202604,2,6,4842
경상북도 영양군,4776000000,202605,1,1,677
경상북도 영양군,4776000000,202605,1,2,510
경상북도 영양군,4776000000,202605,1,3,538
경상북도 영양군,4776000000,202605,1,4,767
경상북도 영양군,4776000000,202605,1,5,1509
경상북도 영양군,4776000000,202605,1,6,4056
경상북도 영양군,4776000000,202605,2,1,603
경상북도 영양군,4776000000,202605,2,2,393
경상북도 영양군,4776000000,202605,2,3,408
경상북도 영양군,4776000000,202605,2,4,577
경상북도 영양군,4776000000,202605,2,5,1085
경상북도 영양군,4776000000,202605,2,6,4846
경상북도 영양군,4776000000,202606,1,1,674
경상북도 영양군,4776000000,202606,1,2,508
경상북도 영양군,4776000000,202606,1,3,531
경상북도 영양군,4776000000,202606,1,4,773
경상북도 영양군,4776000000,202606,1,5,1500
경상북도 영양군,4776000000,202606,1,6,4075
경상북도 영양군,4776000000,202606,2,1,596
경상북도 영양군,4776000000,202606,2,2,389
경상북도 영양군,4776000000,202606,2,3,414
경상북도 영양군,4776000000,202606,2,4,582
경상북도 영양군,4776000000,202606,2,5,1076
경상북도 영양군,4776000000,202606,2,6,4854
경상북도 영주시,4721000000,202601,1,1,6726
경상북도 영주시,4721000000,202601,1,2,4472
경상북도 영주시,4721000000,202601,1,3,4125
경상북도 영주시,4721000000,202601,1,4,5602
경상북도 영주시,4721000000,202601,1,5,8627
경상북도 영주시,4721000000,202601,1,6,18694
경상북도 영주시,4721000000,202601,2,1,5914
경상북도 영주시,4721000000,202601,2,2,3305
경상북도 영주시,4721000000,202601,2,3,3290
경상북도 영주시,4721000000,202601,2,4,5353
경상북도 영주시,4721000000,202601,2,5,7922
경상북도 영주시,4721000000,202601,2,6,22991
경상북도 영주시,4721000000,202602,1,1,6674
경상북도 영주시,4721000000,202602,1,2,4401
경상북도 영주시,4721000000,202602,1,3,4110
경상북도 영주시,4721000000,202602,1,4,5602
경상북도 영주시,4721000000,202602,1,5,8588
경상북도 영주시,4721000000,202602,1,6,18754
경상북도 영주시,4721000000,202602,2,1,5859
경상북도 영주시,4721000000,202602,2,2,3271
경상북도 영주시,4721000000,202602,2,3,3282
경상북도 영주시,4721000000,202602,2,4,5320
경상북도 영주시,4721000000,202602,2,5,7904
경상북도 영주시,4721000000,202602,2,6,23025
경상북도 영주시,4721000000,202603,1,1,6658
경상북도 영주시,4721000000,202603,1,2,4410
경상북도 영주시,4721000000,202603,1,3,4104
경상북도 영주시,4721000000,202603,1,4,5564
경상북도 영주시,4721000000,202603,1,5,8528
경상북도 영주시,4721000000,202603,1,6,18855
경상북도 영주시,4721000000,202603,2,1,5842
경상북도 영주시,4721000000,202603,2,2,3218
경상북도 영주시,4721000000,202603,2,3,3279
경상북도 영주시,4721000000,202603,2,4,5274
경상북도 영주시,4721000000,202603,2,5,7885
경상북도 영주시,4721000000,202603,2,6,23056
경상북도 영주시,4721000000,202604,1,1,6618
경상북도 영주시,4721000000,202604,1,2,4409
경상북도 영주시,4721000000,202604,1,3,4101
경상북도 영주시,4721000000,202604,1,4,5548
경상북도 영주시,4721000000,202604,1,5,8518
경상북도 영주시,4721000000,202604,1,6,18869
경상북도 영주시,4721000000,202604,2,1,5816
경상북도 영주시,4721000000,202604,2,2,3213
경상북도 영주시,4721000000,202604,2,3,3269
경상북도 영주시,4721000000,202604,2,4,5244
경상북도 영주시,4721000000,202604,2,5,7884
경상북도 영주시,4721000000,202604,2,6,23066
경상북도 영주시,4721000000,202605,1,1,6604
경상북도 영주시,4721000000,202605,1,2,4380
경상북도 영주시,4721000000,202605,1,3,4116
경상북도 영주시,4721000000,202605,1,4,5527
경상북도 영주시,4721000000,202605,1,5,8505
경상북도 영주시,4721000000,202605,1,6,18906
경상북도 영주시,4721000000,202605,2,1,5812
경상북도 영주시,4721000000,202605,2,2,3203
경상북도 영주시,4721000000,202605,2,3,3279
경상북도 영주시,4721000000,202605,2,4,5215
경상북도 영주시,4721000000,202605,2,5,7874
경상북도 영주시,4721000000,202605,2,6,23090
경상북도 영주시,4721000000,202606,1,1,6581
경상북도 영주시,4721000000,202606,1,2,4374
경상북도 영주시,4721000000,202606,1,3,4109
경상북도 영주시,4721000000,202606,1,4,5513
경상북도 영주시,4721000000,202606,1,5,8489
경상북도 영주시,4721000000,202606,1,6,18922
경상북도 영주시,4721000000,202606,2,1,5805
경상북도 영주시,4721000000,202606,2,2,3171
경상북도 영주시,4721000000,202606,2,3,3291
경상북도 영주시,4721000000,202606,2,4,5209
경상북도 영주시,4721000000,202606,2,5,7853
경상북도 영주시,4721000000,202606,2,6,23123
경상북도 영천시,4723000000,202601,1,1,5241
경상북도 영천시,4723000000,202601,1,2,3734
경상북도 영천시,4723000000,202601,1,3,4243
경상북도 영천시,4723000000,202601,1,4,5614
경상북도 영천시,4723000000,202601,1,5,8968
경상북도 영천시,4723000000,202601,1,6,20766
경상북도 영천시,4723000000,202601,2,1,4813
경상북도 영천시,4723000000,202601,2,2,2613
경상북도 영천시,4723000000,202601,2,3,3478
경상북도 영천시,4723000000,202601,2,4,4460
경상북도 영천시,4723000000,202601,2,5,7555
경상북도 영천시,4723000000,202601,2,6,23458
경상북도 영천시,4723000000,202602,1,1,5268
경상북도 영천시,4723000000,202602,1,2,3655
경상북도 영천시,4723000000,202602,1,3,4223
경상북도 영천시,4723000000,202602,1,4,5578
경상북도 영천시,4723000000,202602,1,5,8920
경상북도 영천시,4723000000,202602,1,6,20824
경상북도 영천시,4723000000,202602,2,1,4817
경상북도 영천시,4723000000,202602,2,2,2546
경상북도 영천시,4723000000,202602,2,3,3459
경상북도 영천시,4723000000,202602,2,4,4444
경상북도 영천시,4723000000,202602,2,5,7532
경상북도 영천시,4723000000,202602,2,6,23490
경상북도 영천시,4723000000,202603,1,1,5258
경상북도 영천시,4723000000,202603,1,2,3643
경상북도 영천시,4723000000,202603,1,3,4203
경상북도 영천시,4723000000,202603,1,4,5535
경상북도 영천시,4723000000,202603,1,5,8858
경상북도 영천시,4723000000,202603,1,6,20923
경상북도 영천시,4723000000,202603,2,1,4808
경상북도 영천시,4723000000,202603,2,2,2508
경상북도 영천시,4723000000,202603,2,3,3460
경상북도 영천시,4723000000,202603,2,4,4428
경상북도 영천시,4723000000,202603,2,5,7466
경상북도 영천시,4723000000,202603,2,6,23543
경상북도 영천시,4723000000,202604,1,1,5242
경상북도 영천시,4723000000,202604,1,2,3602
경상북도 영천시,4723000000,202604,1,3,4187
경상북도 영천시,4723000000,202604,1,4,5481
경상북도 영천시,4723000000,202604,1,5,8817
경상북도 영천시,4723000000,202604,1,6,20991
경상북도 영천시,4723000000,202604,2,1,4800
경상북도 영천시,4723000000,202604,2,2,2481
경상북도 영천시,4723000000,202604,2,3,3444
경상북도 영천시,4723000000,202604,2,4,4416
경상북도 영천시,4723000000,202604,2,5,7458
경상북도 영천시,4723000000,202604,2,6,23567
경상북도 영천시,4723000000,202605,1,1,5223
경상북도 영천시,4723000000,202605,1,2,3568
경상북도 영천시,4723000000,202605,1,3,4172
경상북도 영천시,4723000000,202605,1,4,5465
경상북도 영천시,4723000000,202605,1,5,8773
경상북도 영천시,4723000000,202605,1,6,21014
경상북도 영천시,4723000000,202605,2,1,4790
경상북도 영천시,4723000000,202605,2,2,2451
경상북도 영천시,4723000000,202605,2,3,3454
경상북도 영천시,4723000000,202605,2,4,4403
경상북도 영천시,4723000000,202605,2,5,7426
경상북도 영천시,4723000000,202605,2,6,23592
경상북도 영천시,4723000000,202606,1,1,5214
경상북도 영천시,4723000000,202606,1,2,3535
경상북도 영천시,4723000000,202606,1,3,4148
경상북도 영천시,4723000000,202606,1,4,5441
경상북도 영천시,4723000000,202606,1,5,8753
경상북도 영천시,4723000000,202606,1,6,21011
경상북도 영천시,4723000000,202606,2,1,4775
경상북도 영천시,4723000000,202606,2,2,2434
경상북도 영천시,4723000000,202606,2,3,3448
경상북도 영천시,4723000000,202606,2,4,4389
경상북도 영천시,4723000000,202606,2,5,7405
경상북도 영천시,4723000000,202606,2,6,23554
경상북도 예천군,4790000000,202601,1,1,4218
경상북도 예천군,4790000000,202601,1,2,1820
경상북도 예천군,4790000000,202601,1,3,2547
경상북도 예천군,4790000000,202601,1,4,3449
경상북도 예천군,4790000000,202601,1,5,4096
경상북도 예천군,4790000000,202601,1,6,10531
경상북도 예천군,4790000000,202601,2,1,4039
경상북도 예천군,4790000000,202601,2,2,1369
경상북도 예천군,4790000000,202601,2,3,2404
경상북도 예천군,4790000000,202601,2,4,3308
경상북도 예천군,4790000000,202601,2,5,3381
경상북도 예천군,4790000000,202601,2,6,12717
경상북도 예천군,4790000000,202602,1,1,4202
경상북도 예천군,4790000000,202602,1,2,1824
경상북도 예천군,4790000000,202602,1,3,2544
경상북도 예천군,4790000000,202602,1,4,3432
경상북도 예천군,4790000000,202602,1,5,4107
경상북도 예천군,4790000000,202602,1,6,10546
경상북도 예천군,4790000000,202602,2,1,4017
경상북도 예천군,4790000000,202602,2,2,1369
경상북도 예천군,4790000000,202602,2,3,2375
경상북도 예천군,4790000000,202602,2,4,3315
경상북도 예천군,4790000000,202602,2,5,3377
경상북도 예천군,4790000000,202602,2,6,12700
경상북도 예천군,4790000000,202603,1,1,4179
경상북도 예천군,4790000000,202603,1,2,1809
경상북도 예천군,4790000000,202603,1,3,2535
경상북도 예천군,4790000000,202603,1,4,3414
경상북도 예천군,4790000000,202603,1,5,4074
경상북도 예천군,4790000000,202603,1,6,10578
경상북도 예천군,4790000000,202603,2,1,4010
경상북도 예천군,4790000000,202603,2,2,1348
경상북도 예천군,4790000000,202603,2,3,2383
경상북도 예천군,4790000000,202603,2,4,3291
경상북도 예천군,4790000000,202603,2,5,3356
경상북도 예천군,4790000000,202603,2,6,12693
경상북도 예천군,4790000000,202604,1,1,4159
경상북도 예천군,4790000000,202604,1,2,1781
경상북도 예천군,4790000000,202604,1,3,2524
경상북도 예천군,4790000000,202604,1,4,3393
경상북도 예천군,4790000000,202604,1,5,4070
경상북도 예천군,4790000000,202604,1,6,10598
경상북도 예천군,4790000000,202604,2,1,3997
경상북도 예천군,4790000000,202604,2,2,1332
경상북도 예천군,4790000000,202604,2,3,2380
경상북도 예천군,4790000000,202604,2,4,3273
경상북도 예천군,4790000000,202604,2,5,3331
경상북도 예천군,4790000000,202604,2,6,12691
경상북도 예천군,4790000000,202605,1,1,4146
경상북도 예천군,4790000000,202605,1,2,1776
경상북도 예천군,4790000000,202605,1,3,2527
경상북도 예천군,4790000000,202605,1,4,3371
경상북도 예천군,4790000000,202605,1,5,4059
경상북도 예천군,4790000000,202605,1,6,10617
경상북도 예천군,4790000000,202605,2,1,3987
경상북도 예천군,4790000000,202605,2,2,1332
경상북도 예천군,4790000000,202605,2,3,2375
경상북도 예천군,4790000000,202605,2,4,3275
경상북도 예천군,4790000000,202605,2,5,3314
경상북도 예천군,4790000000,202605,2,6,12688
경상북도 예천군,4790000000,202606,1,1,4138
경상북도 예천군,4790000000,202606,1,2,1784
경상북도 예천군,4790000000,202606,1,3,2508
경상북도 예천군,4790000000,202606,1,4,3380
경상북도 예천군,4790000000,202606,1,5,4055
경상북도 예천군,4790000000,202606,1,6,10603
경상북도 예천군,4790000000,202606,2,1,3986
경상북도 예천군,4790000000,202606,2,2,1333
경상북도 예천군,4790000000,202606,2,3,2369
경상북도 예천군,4790000000,202606,2,4,3268
경상북도 예천군,4790000000,202606,2,5,3323
경상북도 예천군,4790000000,202606,2,6,12675
경상북도 울릉군,4794000000,202601,1,1,336
경상북도 울릉군,4794000000,202601,1,2,431
경상북도 울릉군,4794000000,202601,1,3,499
경상북도 울릉군,4794000000,202601,1,4,640
경상북도 울릉군,4794000000,202601,1,5,1073
경상북도 울릉군,4794000000,202601,1,6,1918
경상북도 울릉군,4794000000,202601,2,1,322
경상북도 울릉군,4794000000,202601,2,2,217
경상북도 울릉군,4794000000,202601,2,3,273
경상북도 울릉군,4794000000,202601,2,4,418
경상북도 울릉군,4794000000,202601,2,5,675
경상북도 울릉군,4794000000,202601,2,6,1904
경상북도 울릉군,4794000000,202602,1,1,340
경상북도 울릉군,4794000000,202602,1,2,437
경상북도 울릉군,4794000000,202602,1,3,499
경상북도 울릉군,4794000000,202602,1,4,641
경상북도 울릉군,4794000000,202602,1,5,1076
경상북도 울릉군,4794000000,202602,1,6,1926
경상북도 울릉군,4794000000,202602,2,1,322
경상북도 울릉군,4794000000,202602,2,2,211
경상북도 울릉군,4794000000,202602,2,3,272
경상북도 울릉군,4794000000,202602,2,4,415
경상북도 울릉군,4794000000,202602,2,5,672
경상북도 울릉군,4794000000,202602,2,6,1913
경상북도 울릉군,4794000000,202603,1,1,331
경상북도 울릉군,4794000000,202603,1,2,429
경상북도 울릉군,4794000000,202603,1,3,505
경상북도 울릉군,4794000000,202603,1,4,636
경상북도 울릉군,4794000000,202603,1,5,1079
경상북도 울릉군,4794000000,202603,1,6,1949
경상북도 울릉군,4794000000,202603,2,1,324
경상북도 울릉군,4794000000,202603,2,2,212
경상북도 울릉군,4794000000,202603,2,3,274
경상북도 울릉군,4794000000,202603,2,4,412
경상북도 울릉군,4794000000,202603,2,5,676
경상북도 울릉군,4794000000,202603,2,6,1917
경상북도 울릉군,4794000000,202604,1,1,323
경상북도 울릉군,4794000000,202604,1,2,428
경상북도 울릉군,4794000000,202604,1,3,514
경상북도 울릉군,4794000000,202604,1,4,636
경상북도 울릉군,4794000000,202604,1,5,1078
경상북도 울릉군,4794000000,202604,1,6,1959
경상북도 울릉군,4794000000,202604,2,1,320
경상북도 울릉군,4794000000,202604,2,2,210
경상북도 울릉군,4794000000,202604,2,3,273
경상북도 울릉군,4794000000,202604,2,4,411
경상북도 울릉군,4794000000,202604,2,5,668
경상북도 울릉군,4794000000,202604,2,6,1927
경상북도 울릉군,4794000000,202605,1,1,322
경상북도 울릉군,4794000000,202605,1,2,425
경상북도 울릉군,4794000000,202605,1,3,505
경상북도 울릉군,4794000000,202605,1,4,641
경상북도 울릉군,4794000000,202605,1,5,1077
경상북도 울릉군,4794000000,202605,1,6,1966
경상북도 울릉군,4794000000,202605,2,1,325
경상북도 울릉군,4794000000,202605,2,2,208
경상북도 울릉군,4794000000,202605,2,3,274
경상북도 울릉군,4794000000,202605,2,4,412
경상북도 울릉군,4794000000,202605,2,5,671
경상북도 울릉군,4794000000,202605,2,6,1930
경상북도 울릉군,4794000000,202606,1,1,326
경상북도 울릉군,4794000000,202606,1,2,426
경상북도 울릉군,4794000000,202606,1,3,506
경상북도 울릉군,4794000000,202606,1,4,647
경상북도 울릉군,4794000000,202606,1,5,1085
경상북도 울릉군,4794000000,202606,1,6,1955
경상북도 울릉군,4794000000,202606,2,1,331
경상북도 울릉군,4794000000,202606,2,2,204
경상북도 울릉군,4794000000,202606,2,3,278
경상북도 울릉군,4794000000,202606,2,4,413
경상북도 울릉군,4794000000,202606,2,5,674
경상북도 울릉군,4794000000,202606,2,6,1923
경상북도 울진군,4793000000,202601,1,1,2748
경상북도 울진군,4793000000,202601,1,2,2110
경상북도 울진군,4793000000,202601,1,3,2313
경상북도 울진군,4793000000,202601,1,4,2661
경상북도 울진군,4793000000,202601,1,5,4508
경상북도 울진군,4793000000,202601,1,6,9073
경상북도 울진군,4793000000,202601,2,1,2437
경상북도 울진군,4793000000,202601,2,2,1394
경상북도 울진군,4793000000,202601,2,3,1678
경상북도 울진군,4793000000,202601,2,4,2372
경상북도 울진군,4793000000,202601,2,5,3493
경상북도 울진군,4793000000,202601,2,6,11066
경상북도 울진군,4793000000,202602,1,1,2733
경상북도 울진군,4793000000,202602,1,2,2127
경상북도 울진군,4793000000,202602,1,3,2309
경상북도 울진군,4793000000,202602,1,4,2654
경상북도 울진군,4793000000,202602,1,5,4537
경상북도 울진군,4793000000,202602,1,6,9111
경상북도 울진군,4793000000,202602,2,1,2437
경상북도 울진군,4793000000,202602,2,2,1405
경상북도 울진군,4793000000,202602,2,3,1687
경상북도 울진군,4793000000,202602,2,4,2355
경상북도 울진군,4793000000,202602,2,5,3523
경상북도 울진군,4793000000,202602,2,6,11084
경상북도 울진군,4793000000,202603,1,1,2703
경상북도 울진군,4793000000,202603,1,2,2154
경상북도 울진군,4793000000,202603,1,3,2343
경상북도 울진군,4793000000,202603,1,4,2643
경상북도 울진군,4793000000,202603,1,5,4539
경상북도 울진군,4793000000,202603,1,6,9170
경상북도 울진군,4793000000,202603,2,1,2411
경상북도 울진군,4793000000,202603,2,2,1404
경상북도 울진군,4793000000,202603,2,3,1689
경상북도 울진군,4793000000,202603,2,4,2334
경상북도 울진군,4793000000,202603,2,5,3520
경상북도 울진군,4793000000,202603,2,6,11120
경상북도 울진군,4793000000,202604,1,1,2699
경상북도 울진군,4793000000,202604,1,2,2159
경상북도 울진군,4793000000,202604,1,3,2353
경상북도 울진군,4793000000,202604,1,4,2646
경상북도 울진군,4793000000,202604,1,5,4552
경상북도 울진군,4793000000,202604,1,6,9203
경상북도 울진군,4793000000,202604,2,1,2402
경상북도 울진군,4793000000,202604,2,2,1387
경상북도 울진군,4793000000,202604,2,3,1701
경상북도 울진군,4793000000,202604,2,4,2319
경상북도 울진군,4793000000,202604,2,5,3520
경상북도 울진군,4793000000,202604,2,6,11140
경상북도 울진군,4793000000,202605,1,1,2692
경상북도 울진군,4793000000,202605,1,2,2148
경상북도 울진군,4793000000,202605,1,3,2361
경상북도 울진군,4793000000,202605,1,4,2655
경상북도 울진군,4793000000,202605,1,5,4532
경상북도 울진군,4793000000,202605,1,6,9251
경상북도 울진군,4793000000,202605,2,1,2399
경상북도 울진군,4793000000,202605,2,2,1388
경상북도 울진군,4793000000,202605,2,3,1699
경상북도 울진군,4793000000,202605,2,4,2317
경상북도 울진군,4793000000,202605,2,5,3514
경상북도 울진군,4793000000,202605,2,6,11140
경상북도 울진군,4793000000,202606,1,1,2687
경상북도 울진군,4793000000,202606,1,2,2155
경상북도 울진군,4793000000,202606,1,3,2355
경상북도 울진군,4793000000,202606,1,4,2672
경상북도 울진군,4793000000,202606,1,5,4519
경상북도 울진군,4793000000,202606,1,6,9301
경상북도 울진군,4793000000,202606,2,1,2401
경상북도 울진군,4793000000,202606,2,2,1405
경상북도 울진군,4793000000,202606,2,3,1709
경상북도 울진군,4793000000,202606,2,4,2319
경상북도 울진군,4793000000,202606,2,5,3519
경상북도 울진군,4793000000,202606,2,6,11153
경상북도 의성군,4773000000,202601,1,1,1787
경상북도 의성군,4773000000,202601,1,2,1125
경상북도 의성군,4773000000,202601,1,3,1525
경상북도 의성군,4773000000,202601,1,4,2147
경상북도 의성군,4773000000,202601,1,5,4083
경상북도 의성군,4773000000,202601,1,6,13375
경상북도 의성군,4773000000,202601,2,1,1505
경상북도 의성군,4773000000,202601,2,2,802
경상북도 의성군,4773000000,202601,2,3,1098
경상북도 의성군,4773000000,202601,2,4,1561
경상북도 의성군,4773000000,202601,2,5,2948
경상북도 의성군,4773000000,202601,2,6,15919
경상북도 의성군,4773000000,202602,1,1,1793
경상북도 의성군,4773000000,202602,1,2,1110
경상북도 의성군,4773000000,202602,1,3,1520
경상북도 의성군,4773000000,202602,1,4,2147
경상북도 의성군,4773000000,202602,1,5,4069
경상북도 의성군,4773000000,202602,1,6,13425
경상북도 의성군,4773000000,202602,2,1,1488
경상북도 의성군,4773000000,202602,2,2,781
경상북도 의성군,4773000000,202602,2,3,1101
경상북도 의성군,4773000000,202602,2,4,1562
경상북도 의성군,4773000000,202602,2,5,2953
경상북도 의성군,4773000000,202602,2,6,15919
경상북도 의성군,4773000000,202603,1,1,1794
경상북도 의성군,4773000000,202603,1,2,1089
경상북도 의성군,4773000000,202603,1,3,1516
경상북도 의성군,4773000000,202603,1,4,2147
경상북도 의성군,4773000000,202603,1,5,4025
경상북도 의성군,4773000000,202603,1,6,13483
경상북도 의성군,4773000000,202603,2,1,1484
경상북도 의성군,4773000000,202603,2,2,785
경상북도 의성군,4773000000,202603,2,3,1094
경상북도 의성군,4773000000,202603,2,4,1561
경상북도 의성군,4773000000,202603,2,5,2935
경상북도 의성군,4773000000,202603,2,6,15907
경상북도 의성군,4773000000,202604,1,1,1792
경상북도 의성군,4773000000,202604,1,2,1086
경상북도 의성군,4773000000,202604,1,3,1500
경상북도 의성군,4773000000,202604,1,4,2140
경상북도 의성군,4773000000,202604,1,5,4017
경상북도 의성군,4773000000,202604,1,6,13520
경상북도 의성군,4773000000,202604,2,1,1496
경상북도 의성군,4773000000,202604,2,2,789
경상북도 의성군,4773000000,202604,2,3,1083
경상북도 의성군,4773000000,202604,2,4,1563
경상북도 의성군,4773000000,202604,2,5,2933
경상북도 의성군,4773000000,202604,2,6,15910
경상북도 의성군,4773000000,202605,1,1,1798
경상북도 의성군,4773000000,202605,1,2,1074
경상북도 의성군,4773000000,202605,1,3,1497
경상북도 의성군,4773000000,202605,1,4,2146
경상북도 의성군,4773000000,202605,1,5,4000
경상북도 의성군,4773000000,202605,1,6,13565
경상북도 의성군,4773000000,202605,2,1,1491
경상북도 의성군,4773000000,202605,2,2,795
경상북도 의성군,4773000000,202605,2,3,1090
경상북도 의성군,4773000000,202605,2,4,1570
경상북도 의성군,4773000000,202605,2,5,2947
경상북도 의성군,4773000000,202605,2,6,15920
경상북도 의성군,4773000000,202606,1,1,1805
경상북도 의성군,4773000000,202606,1,2,1089
경상북도 의성군,4773000000,202606,1,3,1491
경상북도 의성군,4773000000,202606,1,4,2156
경상북도 의성군,4773000000,202606,1,5,3993
경상북도 의성군,4773000000,202606,1,6,13604
경상북도 의성군,4773000000,202606,2,1,1487
경상북도 의성군,4773000000,202606,2,2,790
경상북도 의성군,4773000000,202606,2,3,1109
경상북도 의성군,4773000000,202606,2,4,1579
경상북도 의성군,4773000000,202606,2,5,2939
경상북도 의성군,4773000000,202606,2,6,15910
경상북도 청도군,4782000000,202601,1,1,1521
경상북도 청도군,4782000000,202601,1,2,989
경상북도 청도군,4782000000,202601,1,3,1175
경상북도 청도군,4782000000,202601,1,4,1943
경상북도 청도군,4782000000,202601,1,5,3437
경상북도 청도군,4782000000,202601,1,6,10973
경상북도 청도군,4782000000,202601,2,1,1466
경상북도 청도군,4782000000,202601,2,2,737
경상북도 청도군,4782000000,202601,2,3,958
경상북도 청도군,4782000000,202601,2,4,1585
경상북도 청도군,4782000000,202601,2,5,2837
경상북도 청도군,4782000000,202601,2,6,12494
경상북도 청도군,4782000000,202602,1,1,1526
경상북도 청도군,4782000000,202602,1,2,975
경상북도 청도군,4782000000,202602,1,3,1172
경상북도 청도군,4782000000,202602,1,4,1933
경상북도 청도군,4782000000,202602,1,5,3435
경상북도 청도군,4782000000,202602,1,6,11007
경상북도 청도군,4782000000,202602,2,1,1475
경상북도 청도군,4782000000,202602,2,2,730
경상북도 청도군,4782000000,202602,2,3,946
경상북도 청도군,4782000000,202602,2,4,1593
경상북도 청도군,4782000000,202602,2,5,2836
경상북도 청도군,4782000000,202602,2,6,12491
경상북도 청도군,4782000000,202603,1,1,1534
경상북도 청도군,4782000000,202603,1,2,943
경상북도 청도군,4782000000,202603,1,3,1180
경상북도 청도군,4782000000,202603,1,4,1936
경상북도 청도군,4782000000,202603,1,5,3408
경상북도 청도군,4782000000,202603,1,6,11081
경상북도 청도군,4782000000,202603,2,1,1457
경상북도 청도군,4782000000,202603,2,2,721
경상북도 청도군,4782000000,202603,2,3,941
경상북도 청도군,4782000000,202603,2,4,1589
경상북도 청도군,4782000000,202603,2,5,2821
경상북도 청도군,4782000000,202603,2,6,12513
경상북도 청도군,4782000000,202604,1,1,1529
경상북도 청도군,4782000000,202604,1,2,941
경상북도 청도군,4782000000,202604,1,3,1173
경상북도 청도군,4782000000,202604,1,4,1930
경상북도 청도군,4782000000,202604,1,5,3415
경상북도 청도군,4782000000,202604,1,6,11129
경상북도 청도군,4782000000,202604,2,1,1453
경상북도 청도군,4782000000,202604,2,2,709
경상북도 청도군,4782000000,202604,2,3,935
경상북도 청도군,4782000000,202604,2,4,1585
경상북도 청도군,4782000000,202604,2,5,2825
경상북도 청도군,4782000000,202604,2,6,12510
경상북도 청도군,4782000000,202605,1,1,1508
경상북도 청도군,4782000000,202605,1,2,928
경상북도 청도군,4782000000,202605,1,3,1173
경상북도 청도군,4782000000,202605,1,4,1916
경상북도 청도군,4782000000,202605,1,5,3398
경상북도 청도군,4782000000,202605,1,6,11155
경상북도 청도군,4782000000,202605,2,1,1444
경상북도 청도군,4782000000,202605,2,2,709
경상북도 청도군,4782000000,202605,2,3,925
경상북도 청도군,4782000000,202605,2,4,1588
경상북도 청도군,4782000000,202605,2,5,2800
경상북도 청도군,4782000000,202605,2,6,12514
경상북도 청도군,4782000000,202606,1,1,1505
경상북도 청도군,4782000000,202606,1,2,921
경상북도 청도군,4782000000,202606,1,3,1168
경상북도 청도군,4782000000,202606,1,4,1907
경상북도 청도군,4782000000,202606,1,5,3379
경상북도 청도군,4782000000,202606,1,6,11188
경상북도 청도군,4782000000,202606,2,1,1435
경상북도 청도군,4782000000,202606,2,2,706
경상북도 청도군,4782000000,202606,2,3,923
경상북도 청도군,4782000000,202606,2,4,1579
경상북도 청도군,4782000000,202606,2,5,2796
경상북도 청도군,4782000000,202606,2,6,12514
경상북도 청송군,4775000000,202601,1,1,876
경상북도 청송군,4775000000,202601,1,2,663
경상북도 청송군,4775000000,202601,1,3,889
경상북도 청송군,4775000000,202601,1,4,1068
경상북도 청송군,4775000000,202601,1,5,2085
경상북도 청송군,4775000000,202601,1,6,6204
경상북도 청송군,4775000000,202601,2,1,804
경상북도 청송군,4775000000,202601,2,2,499
경상북도 청송군,4775000000,202601,2,3,552
경상북도 청송군,4775000000,202601,2,4,791
경상북도 청송군,4775000000,202601,2,5,1638
경상북도 청송군,4775000000,202601,2,6,7256
경상북도 청송군,4775000000,202602,1,1,877
경상북도 청송군,4775000000,202602,1,2,651
경상북도 청송군,4775000000,202602,1,3,888
경상북도 청송군,4775000000,202602,1,4,1072
경상북도 청송군,4775000000,202602,1,5,2078
경상북도 청송군,4775000000,202602,1,6,6219
경상북도 청송군,4775000000,202602,2,1,803
경상북도 청송군,4775000000,202602,2,2,488
경상북도 청송군,4775000000,202602,2,3,549
경상북도 청송군,4775000000,202602,2,4,800
경상북도 청송군,4775000000,202602,2,5,1626
경상북도 청송군,4775000000,202602,2,6,7262
경상북도 청송군,4775000000,202603,1,1,856
경상북도 청송군,4775000000,202603,1,2,650
경상북도 청송군,4775000000,202603,1,3,887
경상북도 청송군,4775000000,202603,1,4,1064
경상북도 청송군,4775000000,202603,1,5,2062
경상북도 청송군,4775000000,202603,1,6,6246
경상북도 청송군,4775000000,202603,2,1,808
경상북도 청송군,4775000000,202603,2,2,477
경상북도 청송군,4775000000,202603,2,3,550
경상북도 청송군,4775000000,202603,2,4,795
경상북도 청송군,4775000000,202603,2,5,1615
경상북도 청송군,4775000000,202603,2,6,7273
경상북도 청송군,4775000000,202604,1,1,852
경상북도 청송군,4775000000,202604,1,2,636
경상북도 청송군,4775000000,202604,1,3,883
경상북도 청송군,4775000000,202604,1,4,1055
경상북도 청송군,4775000000,202604,1,5,2055
경상북도 청송군,4775000000,202604,1,6,6249
경상북도 청송군,4775000000,202604,2,1,808
경상북도 청송군,4775000000,202604,2,2,481
경상북도 청송군,4775000000,202604,2,3,550
경상북도 청송군,4775000000,202604,2,4,795
경상북도 청송군,4775000000,202604,2,5,1620
경상북도 청송군,4775000000,202604,2,6,7271
경상북도 청송군,4775000000,202605,1,1,852
경상북도 청송군,4775000000,202605,1,2,639
경상북도 청송군,4775000000,202605,1,3,893
경상북도 청송군,4775000000,202605,1,4,1059
경상북도 청송군,4775000000,202605,1,5,2051
경상북도 청송군,4775000000,202605,1,6,6256
경상북도 청송군,4775000000,202605,2,1,803
경상북도 청송군,4775000000,202605,2,2,478
경상북도 청송군,4775000000,202605,2,3,561
경상북도 청송군,4775000000,202605,2,4,803
경상북도 청송군,4775000000,202605,2,5,1606
경상북도 청송군,4775000000,202605,2,6,7279
경상북도 청송군,4775000000,202606,1,1,879
경상북도 청송군,4775000000,202606,1,2,702
경상북도 청송군,4775000000,202606,1,3,976
경상북도 청송군,4775000000,202606,1,4,1138
경상북도 청송군,4775000000,202606,1,5,2134
경상북도 청송군,4775000000,202606,1,6,6331
경상북도 청송군,4775000000,202606,2,1,835
경상북도 청송군,4775000000,202606,2,2,535
경상북도 청송군,4775000000,202606,2,3,591
경상북도 청송군,4775000000,202606,2,4,842
경상북도 청송군,4775000000,202606,2,5,1688
경상북도 청송군,4775000000,202606,2,6,7369
경상북도 칠곡군,4785000000,202601,1,1,7953
경상북도 칠곡군,4785000000,202601,1,2,5146
경상북도 칠곡군,4785000000,202601,1,3,5447
경상북도 칠곡군,4785000000,202601,1,4,9414
경상북도 칠곡군,4785000000,202601,1,5,11436
경상북도 칠곡군,4785000000,202601,1,6,15700
경상북도 칠곡군,4785000000,202601,2,1,7364
경상북도 칠곡군,4785000000,202601,2,2,3367
경상북도 칠곡군,4785000000,202601,2,3,4346
경상북도 칠곡군,4785000000,202601,2,4,7940
경상북도 칠곡군,4785000000,202601,2,5,9698
경상북도 칠곡군,4785000000,202601,2,6,16785
경상북도 칠곡군,4785000000,202602,1,1,7897
경상북도 칠곡군,4785000000,202602,1,2,5103
경상북도 칠곡군,4785000000,202602,1,3,5397
경상북도 칠곡군,4785000000,202602,1,4,9373
경상북도 칠곡군,4785000000,202602,1,5,11468
경상북도 칠곡군,4785000000,202602,1,6,15761
경상북도 칠곡군,4785000000,202602,2,1,7284
경상북도 칠곡군,4785000000,202602,2,2,3311
경상북도 칠곡군,4785000000,202602,2,3,4279
경상북도 칠곡군,4785000000,202602,2,4,7913
경상북도 칠곡군,4785000000,202602,2,5,9709
경상북도 칠곡군,4785000000,202602,2,6,16852
경상북도 칠곡군,4785000000,202603,1,1,7791
경상북도 칠곡군,4785000000,202603,1,2,5033
경상북도 칠곡군,4785000000,202603,1,3,5368
경상북도 칠곡군,4785000000,202603,1,4,9311
경상북도 칠곡군,4785000000,202603,1,5,11437
경상북도 칠곡군,4785000000,202603,1,6,15865
경상북도 칠곡군,4785000000,202603,2,1,7193
경상북도 칠곡군,4785000000,202603,2,2,3274
경상북도 칠곡군,4785000000,202603,2,3,4227
경상북도 칠곡군,4785000000,202603,2,4,7884
경상북도 칠곡군,4785000000,202603,2,5,9675
경상북도 칠곡군,4785000000,202603,2,6,16941
경상북도 칠곡군,4785000000,202604,1,1,7739
경상북도 칠곡군,4785000000,202604,1,2,4990
경상북도 칠곡군,4785000000,202604,1,3,5374
경상북도 칠곡군,4785000000,202604,1,4,9241
경상북도 칠곡군,4785000000,202604,1,5,11437
경상북도 칠곡군,4785000000,202604,1,6,15932
경상북도 칠곡군,4785000000,202604,2,1,7154
경상북도 칠곡군,4785000000,202604,2,2,3255
경상북도 칠곡군,4785000000,202604,2,3,4205
경상북도 칠곡군,4785000000,202604,2,4,7831
경상북도 칠곡군,4785000000,202604,2,5,9668
경상북도 칠곡군,4785000000,202604,2,6,16981
경상북도 칠곡군,4785000000,202605,1,1,7682
경상북도 칠곡군,4785000000,202605,1,2,4959
경상북도 칠곡군,4785000000,202605,1,3,5338
경상북도 칠곡군,4785000000,202605,1,4,9228
경상북도 칠곡군,4785000000,202605,1,5,11424
경상북도 칠곡군,4785000000,202605,1,6,15991
경상북도 칠곡군,4785000000,202605,2,1,7100
경상북도 칠곡군,4785000000,202605,2,2,3229
경상북도 칠곡군,4785000000,202605,2,3,4176
경상북도 칠곡군,4785000000,202605,2,4,7785
경상북도 칠곡군,4785000000,202605,2,5,9671
경상북도 칠곡군,4785000000,202605,2,6,17035
경상북도 칠곡군,4785000000,202606,1,1,7654
경상북도 칠곡군,4785000000,202606,1,2,4926
경상북도 칠곡군,4785000000,202606,1,3,5354
경상북도 칠곡군,4785000000,202606,1,4,9194
경상북도 칠곡군,4785000000,202606,1,5,11409
경상북도 칠곡군,4785000000,202606,1,6,16042
경상북도 칠곡군,4785000000,202606,2,1,7071
경상북도 칠곡군,4785000000,202606,2,2,3212
경상북도 칠곡군,4785000000,202606,2,3,4160
경상북도 칠곡군,4785000000,202606,2,4,7781
경상북도 칠곡군,4785000000,202606,2,5,9668
경상북도 칠곡군,4785000000,202606,2,6,17066
경상북도 포항시 남구,4711100000,202601,1,1,16298
경상북도 포항시 남구,4711100000,202601,1,2,12106
경상북도 포항시 남구,4711100000,202601,1,3,12747
경상북도 포항시 남구,4711100000,202601,1,4,16475
경상북도 포항시 남구,4711100000,202601,1,5,19701
경상북도 포항시 남구,4711100000,202601,1,6,34123
경상북도 포항시 남구,4711100000,202601,2,1,14996
경상북도 포항시 남구,4711100000,202601,2,2,7863
경상북도 포항시 남구,4711100000,202601,2,3,9452
경상북도 포항시 남구,4711100000,202601,2,4,14797
경상북도 포항시 남구,4711100000,202601,2,5,17773
경상북도 포항시 남구,4711100000,202601,2,6,38538
경상북도 포항시 남구,4711100000,202602,1,1,16237
경상북도 포항시 남구,4711100000,202602,1,2,12004
경상북도 포항시 남구,4711100000,202602,1,3,12706
경상북도 포항시 남구,4711100000,202602,1,4,16422
경상북도 포항시 남구,4711100000,202602,1,5,19625
경상북도 포항시 남구,4711100000,202602,1,6,34256
경상북도 포항시 남구,4711100000,202602,2,1,14919
경상북도 포항시 남구,4711100000,202602,2,2,7775
경상북도 포항시 남구,4711100000,202602,2,3,9405
경상북도 포항시 남구,4711100000,202602,2,4,14771
경상북도 포항시 남구,4711100000,202602,2,5,17738
경상북도 포항시 남구,4711100000,202602,2,6,38626
경상북도 포항시 남구,4711100000,202603,1,1,16145
경상북도 포항시 남구,4711100000,202603,1,2,11869
경상북도 포항시 남구,4711100000,202603,1,3,12706
경상북도 포항시 남구,4711100000,202603,1,4,16347
경상북도 포항시 남구,4711100000,202603,1,5,19527
경상북도 포항시 남구,4711100000,202603,1,6,34403
경상북도 포항시 남구,4711100000,202603,2,1,14800
경상북도 포항시 남구,4711100000,202603,2,2,7670
경상북도 포항시 남구,4711100000,202603,2,3,9404
경상북도 포항시 남구,4711100000,202603,2,4,14688
경상북도 포항시 남구,4711100000,202603,2,5,17608
경상북도 포항시 남구,4711100000,202603,2,6,38781
경상북도 포항시 남구,4711100000,202604,1,1,16102
경상북도 포항시 남구,4711100000,202604,1,2,11713
경상북도 포항시 남구,4711100000,202604,1,3,12702
경상북도 포항시 남구,4711100000,202604,1,4,16289
경상북도 포항시 남구,4711100000,202604,1,5,19493
경상북도 포항시 남구,4711100000,202604,1,6,34446
경상북도 포항시 남구,4711100000,202604,2,1,14751
경상북도 포항시 남구,4711100000,202604,2,2,7628
경상북도 포항시 남구,4711100000,202604,2,3,9374
경상북도 포항시 남구,4711100000,202604,2,4,14653
경상북도 포항시 남구,4711100000,202604,2,5,17560
경상북도 포항시 남구,4711100000,202604,2,6,38850
경상북도 포항시 남구,4711100000,202605,1,1,16047
경상북도 포항시 남구,4711100000,202605,1,2,11674
경상북도 포항시 남구,4711100000,202605,1,3,12719
경상북도 포항시 남구,4711100000,202605,1,4,16249
경상북도 포항시 남구,4711100000,202605,1,5,19451
경상북도 포항시 남구,4711100000,202605,1,6,34493
경상북도 포항시 남구,4711100000,202605,2,1,14686
경상북도 포항시 남구,4711100000,202605,2,2,7597
경상북도 포항시 남구,4711100000,202605,2,3,9360
경상북도 포항시 남구,4711100000,202605,2,4,14641
경상북도 포항시 남구,4711100000,202605,2,5,17529
경상북도 포항시 남구,4711100000,202605,2,6,38887
경상북도 포항시 남구,4711100000,202606,1,1,15886
경상북도 포항시 남구,4711100000,202606,1,2,11572
경상북도 포항시 남구,4711100000,202606,1,3,12577
경상북도 포항시 남구,4711100000,202606,1,4,16166
경상북도 포항시 남구,4711100000,202606,1,5,19347
경상북도 포항시 남구,4711100000,202606,1,6,34556
경상북도 포항시 남구,4711100000,202606,2,1,14545
경상북도 포항시 남구,4711100000,202606,2,2,7541
경상북도 포항시 남구,4711100000,202606,2,3,9190
경상북도 포항시 남구,4711100000,202606,2,4,14578
경상북도 포항시 남구,4711100000,202606,2,5,17479
경상북도 포항시 남구,4711100000,202606,2,6,38861
경상북도 포항시 북구,4711300000,202601,1,1,22328
경상북도 포항시 북구,4711300000,202601,1,2,13477
경상북도 포항시 북구,4711300000,202601,1,3,17430
경상북도 포항시 북구,4711300000,202601,1,4,19485
경상북도 포항시 북구,4711300000,202601,1,5,22885
경상북도 포항시 북구,4711300000,202601,1,6,40678
경상북도 포항시 북구,4711300000,202601,2,1,20681
경상북도 포항시 북구,4711300000,202601,2,2,10624
경상북도 포항시 북구,4711300000,202601,2,3,14583
경상북도 포항시 북구,4711300000,202601,2,4,19466
경상북도 포항시 북구,4711300000,202601,2,5,24289
경상북도 포항시 북구,4711300000,202601,2,6,47888
경상북도 포항시 북구,4711300000,202602,1,1,22348
경상북도 포항시 북구,4711300000,202602,1,2,13332
경상북도 포항시 북구,4711300000,202602,1,3,17485
경상북도 포항시 북구,4711300000,202602,1,4,19505
경상북도 포항시 북구,4711300000,202602,1,5,22832
경상북도 포항시 북구,4711300000,202602,1,6,40831
경상북도 포항시 북구,4711300000,202602,2,1,20629
경상북도 포항시 북구,4711300000,202602,2,2,10580
경상북도 포항시 북구,4711300000,202602,2,3,14603
경상북도 포항시 북구,4711300000,202602,2,4,19490
경상북도 포항시 북구,4711300000,202602,2,5,24283
경상북도 포항시 북구,4711300000,202602,2,6,48033
경상북도 포항시 북구,4711300000,202603,1,1,22275
경상북도 포항시 북구,4711300000,202603,1,2,13160
경상북도 포항시 북구,4711300000,202603,1,3,17553
경상북도 포항시 북구,4711300000,202603,1,4,19476
경상북도 포항시 북구,4711300000,202603,1,5,22721
경상북도 포항시 북구,4711300000,202603,1,6,41028
경상북도 포항시 북구,4711300000,202603,2,1,20558
경상북도 포항시 북구,4711300000,202603,2,2,10497
경상북도 포항시 북구,4711300000,202603,2,3,14646
경상북도 포항시 북구,4711300000,202603,2,4,19439
경상북도 포항시 북구,4711300000,202603,2,5,24204
경상북도 포항시 북구,4711300000,202603,2,6,48264
경상북도 포항시 북구,4711300000,202604,1,1,22263
경상북도 포항시 북구,4711300000,202604,1,2,12998
경상북도 포항시 북구,4711300000,202604,1,3,17618
경상북도 포항시 북구,4711300000,202604,1,4,19455
경상북도 포항시 북구,4711300000,202604,1,5,22671
경상북도 포항시 북구,4711300000,202604,1,6,41178
경상북도 포항시 북구,4711300000,202604,2,1,20519
경상북도 포항시 북구,4711300000,202604,2,2,10443
경상북도 포항시 북구,4711300000,202604,2,3,14675
경상북도 포항시 북구,4711300000,202604,2,4,19387
경상북도 포항시 북구,4711300000,202604,2,5,24181
경상북도 포항시 북구,4711300000,202604,2,6,48431
경상북도 포항시 북구,4711300000,202605,1,1,22220
경상북도 포항시 북구,4711300000,202605,1,2,12881
경상북도 포항시 북구,4711300000,202605,1,3,17626
경상북도 포항시 북구,4711300000,202605,1,4,19449
경상북도 포항시 북구,4711300000,202605,1,5,22621
경상북도 포항시 북구,4711300000,202605,1,6,41279
경상북도 포항시 북구,4711300000,202605,2,1,20502
경상북도 포항시 북구,4711300000,202605,2,2,10401
경상북도 포항시 북구,4711300000,202605,2,3,14682
경상북도 포항시 북구,4711300000,202605,2,4,19355
경상북도 포항시 북구,4711300000,202605,2,5,24130
경상북도 포항시 북구,4711300000,202605,2,6,48576
경상북도 포항시 북구,4711300000,202606,1,1,22345
경상북도 포항시 북구,4711300000,202606,1,2,12824
경상북도 포항시 북구,4711300000,202606,1,3,17885
경상북도 포항시 북구,4711300000,202606,1,4,19547
경상북도 포항시 북구,4711300000,202606,1,5,22606
경상북도 포항시 북구,4711300000,202606,1,6,41371
경상북도 포항시 북구,4711300000,202606,2,1,20599
경상북도 포항시 북구,4711300000,202606,2,2,10403
경상북도 포항시 북구,4711300000,202606,2,3,14877
경상북도 포항시 북구,4711300000,202606,2,4,19417
경상북도 포항시 북구,4711300000,202606,2,5,24128
경상북도 포항시 북구,4711300000,202606,2,6,48708
광주광역시 광산구,2920000000,202601,1,1,37608
광주광역시 광산구,2920000000,202601,1,2,26810
광주광역시 광산구,2920000000,202601,1,3,26236
광주광역시 광산구,2920000000,202601,1,4,31975
광주광역시 광산구,2920000000,202601,1,5,36628
광주광역시 광산구,2920000000,202601,1,6,36340
광주광역시 광산구,2920000000,202601,2,1,35839
광주광역시 광산구,2920000000,202601,2,2,23395
광주광역시 광산구,2920000000,202601,2,3,23358
광주광역시 광산구,2920000000,202601,2,4,32370
광주광역시 광산구,2920000000,202601,2,5,35625
광주광역시 광산구,2920000000,202601,2,6,40864
광주광역시 광산구,2920000000,202602,1,1,37346
광주광역시 광산구,2920000000,202602,1,2,26618
광주광역시 광산구,2920000000,202602,1,3,26138
광주광역시 광산구,2920000000,202602,1,4,31919
광주광역시 광산구,2920000000,202602,1,5,36628
광주광역시 광산구,2920000000,202602,1,6,36534
광주광역시 광산구,2920000000,202602,2,1,35635
광주광역시 광산구,2920000000,202602,2,2,23216
광주광역시 광산구,2920000000,202602,2,3,23248
광주광역시 광산구,2920000000,202602,2,4,32231
광주광역시 광산구,2920000000,202602,2,5,35680
광주광역시 광산구,2920000000,202602,2,6,41030
광주광역시 광산구,2920000000,202603,1,1,37178
광주광역시 광산구,2920000000,202603,1,2,26405
광주광역시 광산구,2920000000,202603,1,3,26193
광주광역시 광산구,2920000000,202603,1,4,31759
광주광역시 광산구,2920000000,202603,1,5,36508
광주광역시 광산구,2920000000,202603,1,6,36792
광주광역시 광산구,2920000000,202603,2,1,35508
광주광역시 광산구,2920000000,202603,2,2,23043
광주광역시 광산구,2920000000,202603,2,3,23208
광주광역시 광산구,2920000000,202603,2,4,32067
광주광역시 광산구,2920000000,202603,2,5,35603
광주광역시 광산구,2920000000,202603,2,6,41310
광주광역시 광산구,2920000000,202604,1,1,37006
광주광역시 광산구,2920000000,202604,1,2,26225
광주광역시 광산구,2920000000,202604,1,3,26159
광주광역시 광산구,2920000000,202604,1,4,31592
광주광역시 광산구,2920000000,202604,1,5,36457
광주광역시 광산구,2920000000,202604,1,6,36895
광주광역시 광산구,2920000000,202604,2,1,35343
광주광역시 광산구,2920000000,202604,2,2,22918
광주광역시 광산구,2920000000,202604,2,3,23197
광주광역시 광산구,2920000000,202604,2,4,31880
광주광역시 광산구,2920000000,202604,2,5,35579
광주광역시 광산구,2920000000,202604,2,6,41397
광주광역시 광산구,2920000000,202605,1,1,36850
광주광역시 광산구,2920000000,202605,1,2,26154
광주광역시 광산구,2920000000,202605,1,3,26138
광주광역시 광산구,2920000000,202605,1,4,31467
광주광역시 광산구,2920000000,202605,1,5,36408
광주광역시 광산구,2920000000,202605,1,6,37032
광주광역시 광산구,2920000000,202605,2,1,35183
광주광역시 광산구,2920000000,202605,2,2,22846
광주광역시 광산구,2920000000,202605,2,3,23155
광주광역시 광산구,2920000000,202605,2,4,31763
광주광역시 광산구,2920000000,202605,2,5,35518
광주광역시 광산구,2920000000,202605,2,6,41526
광주광역시 광산구,2920000000,202606,1,1,36701
광주광역시 광산구,2920000000,202606,1,2,26017
광주광역시 광산구,2920000000,202606,1,3,26071
광주광역시 광산구,2920000000,202606,1,4,31360
광주광역시 광산구,2920000000,202606,1,5,36365
광주광역시 광산구,2920000000,202606,1,6,37086
광주광역시 광산구,2920000000,202606,2,1,35054
광주광역시 광산구,2920000000,202606,2,2,22732
광주광역시 광산구,2920000000,202606,2,3,23102
광주광역시 광산구,2920000000,202606,2,4,31640
광주광역시 광산구,2920000000,202606,2,5,35467
광주광역시 광산구,2920000000,202606,2,6,41611
광주광역시 남구,2915500000,202601,1,1,17847
광주광역시 남구,2915500000,202601,1,2,11012
광주광역시 남구,2915500000,202601,1,3,11571
광주광역시 남구,2915500000,202601,1,4,15725
광주광역시 남구,2915500000,202601,1,5,15935
광주광역시 남구,2915500000,202601,1,6,26871
광주광역시 남구,2915500000,202601,2,1,17849
광주광역시 남구,2915500000,202601,2,2,10468
광주광역시 남구,2915500000,202601,2,3,11410
광주광역시 남구,2915500000,202601,2,4,16505
광주광역시 남구,2915500000,202601,2,5,16839
광주광역시 남구,2915500000,202601,2,6,35204
광주광역시 남구,2915500000,202602,1,1,17799
광주광역시 남구,2915500000,202602,1,2,10941
광주광역시 남구,2915500000,202602,1,3,11532
광주광역시 남구,2915500000,202602,1,4,15739
광주광역시 남구,2915500000,202602,1,5,15925
광주광역시 남구,2915500000,202602,1,6,26900
광주광역시 남구,2915500000,202602,2,1,17832
광주광역시 남구,2915500000,202602,2,2,10366
광주광역시 남구,2915500000,202602,2,3,11384
광주광역시 남구,2915500000,202602,2,4,16516
광주광역시 남구,2915500000,202602,2,5,16830
광주광역시 남구,2915500000,202602,2,6,35251
광주광역시 남구,2915500000,202603,1,1,17753
광주광역시 남구,2915500000,202603,1,2,10825
광주광역시 남구,2915500000,202603,1,3,11531
광주광역시 남구,2915500000,202603,1,4,15654
광주광역시 남구,2915500000,202603,1,5,15925
광주광역시 남구,2915500000,202603,1,6,26952
광주광역시 남구,2915500000,202603,2,1,17755
광주광역시 남구,2915500000,202603,2,2,10289
광주광역시 남구,2915500000,202603,2,3,11411
광주광역시 남구,2915500000,202603,2,4,16459
광주광역시 남구,2915500000,202603,2,5,16796
광주광역시 남구,2915500000,202603,2,6,35353
광주광역시 남구,2915500000,202604,1,1,17717
광주광역시 남구,2915500000,202604,1,2,10746
광주광역시 남구,2915500000,202604,1,3,11495
광주광역시 남구,2915500000,202604,1,4,15600
광주광역시 남구,2915500000,202604,1,5,15919
광주광역시 남구,2915500000,202604,1,6,26971
광주광역시 남구,2915500000,202604,2,1,17723
광주광역시 남구,2915500000,202604,2,2,10260
광주광역시 남구,2915500000,202604,2,3,11369
광주광역시 남구,2915500000,202604,2,4,16386
광주광역시 남구,2915500000,202604,2,5,16795
광주광역시 남구,2915500000,202604,2,6,35394
광주광역시 남구,2915500000,202605,1,1,17676
광주광역시 남구,2915500000,202605,1,2,10704
광주광역시 남구,2915500000,202605,1,3,11468
광주광역시 남구,2915500000,202605,1,4,15579
광주광역시 남구,2915500000,202605,1,5,15899
광주광역시 남구,2915500000,202605,1,6,27024
광주광역시 남구,2915500000,202605,2,1,17638
광주광역시 남구,2915500000,202605,2,2,10214
광주광역시 남구,2915500000,202605,2,3,11333
광주광역시 남구,2915500000,202605,2,4,16344
광주광역시 남구,2915500000,202605,2,5,16773
광주광역시 남구,2915500000,202605,2,6,35431
광주광역시 남구,2915500000,202606,1,1,17607
광주광역시 남구,2915500000,202606,1,2,10628
광주광역시 남구,2915500000,202606,1,3,11451
광주광역시 남구,2915500000,202606,1,4,15500
광주광역시 남구,2915500000,202606,1,5,15881
광주광역시 남구,2915500000,202606,1,6,27031
광주광역시 남구,2915500000,202606,2,1,17591
광주광역시 남구,2915500000,202606,2,2,10161
광주광역시 남구,2915500000,202606,2,3,11289
광주광역시 남구,2915500000,202606,2,4,16327
광주광역시 남구,2915500000,202606,2,5,16754
광주광역시 남구,2915500000,202606,2,6,35427
광주광역시 동구,2911000000,202601,1,1,7281
광주광역시 동구,2911000000,202601,1,2,6671
광주광역시 동구,2911000000,202601,1,3,7296
광주광역시 동구,2911000000,202601,1,4,7312
광주광역시 동구,2911000000,202601,1,5,7787
광주광역시 동구,2911000000,202601,1,6,14936
광주광역시 동구,2911000000,202601,2,1,6901
광주광역시 동구,2911000000,202601,2,2,6660
광주광역시 동구,2911000000,202601,2,3,6898
광주광역시 동구,2911000000,202601,2,4,6739
광주광역시 동구,2911000000,202601,2,5,7673
광주광역시 동구,2911000000,202601,2,6,18640
광주광역시 동구,2911000000,202602,1,1,7282
광주광역시 동구,2911000000,202602,1,2,6664
광주광역시 동구,2911000000,202602,1,3,7266
광주광역시 동구,2911000000,202602,1,4,7324
광주광역시 동구,2911000000,202602,1,5,7764
광주광역시 동구,2911000000,202602,1,6,14965
광주광역시 동구,2911000000,202602,2,1,6927
광주광역시 동구,2911000000,202602,2,2,6668
광주광역시 동구,2911000000,202602,2,3,6865
광주광역시 동구,2911000000,202602,2,4,6740
광주광역시 동구,2911000000,202602,2,5,7673
광주광역시 동구,2911000000,202602,2,6,18656
광주광역시 동구,2911000000,202603,1,1,7274
광주광역시 동구,2911000000,202603,1,2,6621
광주광역시 동구,2911000000,202603,1,3,7297
광주광역시 동구,2911000000,202603,1,4,7298
광주광역시 동구,2911000000,202603,1,5,7708
광주광역시 동구,2911000000,202603,1,6,15003
광주광역시 동구,2911000000,202603,2,1,6931
광주광역시 동구,2911000000,202603,2,2,6637
광주광역시 동구,2911000000,202603,2,3,6902
광주광역시 동구,2911000000,202603,2,4,6730
광주광역시 동구,2911000000,202603,2,5,7610
광주광역시 동구,2911000000,202603,2,6,18729
광주광역시 동구,2911000000,202604,1,1,7280
광주광역시 동구,2911000000,202604,1,2,6632
광주광역시 동구,2911000000,202604,1,3,7312
광주광역시 동구,2911000000,202604,1,4,7274
광주광역시 동구,2911000000,202604,1,5,7677
광주광역시 동구,2911000000,202604,1,6,15027
광주광역시 동구,2911000000,202604,2,1,6935
광주광역시 동구,2911000000,202604,2,2,6635
광주광역시 동구,2911000000,202604,2,3,6875
광주광역시 동구,2911000000,202604,2,4,6741
광주광역시 동구,2911000000,202604,2,5,7607
광주광역시 동구,2911000000,202604,2,6,18735
광주광역시 동구,2911000000,202605,1,1,7277
광주광역시 동구,2911000000,202605,1,2,6704
광주광역시 동구,2911000000,202605,1,3,7328
광주광역시 동구,2911000000,202605,1,4,7289
광주광역시 동구,2911000000,202605,1,5,7682
광주광역시 동구,2911000000,202605,1,6,15054
광주광역시 동구,2911000000,202605,2,1,6943
광주광역시 동구,2911000000,202605,2,2,6713
광주광역시 동구,2911000000,202605,2,3,6889
광주광역시 동구,2911000000,202605,2,4,6778
광주광역시 동구,2911000000,202605,2,5,7589
광주광역시 동구,2911000000,202605,2,6,18759
광주광역시 동구,2911000000,202606,1,1,7305
광주광역시 동구,2911000000,202606,1,2,6717
광주광역시 동구,2911000000,202606,1,3,7357
광주광역시 동구,2911000000,202606,1,4,7287
광주광역시 동구,2911000000,202606,1,5,7717
광주광역시 동구,2911000000,202606,1,6,15058
광주광역시 동구,2911000000,202606,2,1,6991
광주광역시 동구,2911000000,202606,2,2,6683
광주광역시 동구,2911000000,202606,2,3,6923
광주광역시 동구,2911000000,202606,2,4,6773
광주광역시 동구,2911000000,202606,2,5,7595
광주광역시 동구,2911000000,202606,2,6,18794
광주광역시 북구,2917000000,202601,1,1,33480
광주광역시 북구,2917000000,202601,1,2,25909
광주광역시 북구,2917000000,202601,1,3,27474
광주광역시 북구,2917000000,202601,1,4,31044
광주광역시 북구,2917000000,202601,1,5,35165
광주광역시 북구,2917000000,202601,1,6,52643
광주광역시 북구,2917000000,202601,2,1,31388
광주광역시 북구,2917000000,202601,2,2,23198
광주광역시 북구,2917000000,202601,2,3,25365
광주광역시 북구,2917000000,202601,2,4,30053
광주광역시 북구,2917000000,202601,2,5,35788
광주광역시 북구,2917000000,202601,2,6,64755
광주광역시 북구,2917000000,202602,1,1,33360
광주광역시 북구,2917000000,202602,1,2,25656
광주광역시 북구,2917000000,202602,1,3,27325
광주광역시 북구,2917000000,202602,1,4,30974
광주광역시 북구,2917000000,202602,1,5,35138
광주광역시 북구,2917000000,202602,1,6,52813
광주광역시 북구,2917000000,202602,2,1,31224
광주광역시 북구,2917000000,202602,2,2,23091
광주광역시 북구,2917000000,202602,2,3,25241
광주광역시 북구,2917000000,202602,2,4,29991
광주광역시 북구,2917000000,202602,2,5,35773
광주광역시 북구,2917000000,202602,2,6,64887
광주광역시 북구,2917000000,202603,1,1,33182
광주광역시 북구,2917000000,202603,1,2,25514
광주광역시 북구,2917000000,202603,1,3,27344
광주광역시 북구,2917000000,202603,1,4,30813
광주광역시 북구,2917000000,202603,1,5,35067
광주광역시 북구,2917000000,202603,1,6,53011
광주광역시 북구,2917000000,202603,2,1,31081
광주광역시 북구,2917000000,202603,2,2,22906
광주광역시 북구,2917000000,202603,2,3,25232
광주광역시 북구,2917000000,202603,2,4,29848
광주광역시 북구,2917000000,202603,2,5,35614
광주광역시 북구,2917000000,202603,2,6,65183
광주광역시 북구,2917000000,202604,1,1,33251
광주광역시 북구,2917000000,202604,1,2,25433
광주광역시 북구,2917000000,202604,1,3,27572
광주광역시 북구,2917000000,202604,1,4,30833
광주광역시 북구,2917000000,202604,1,5,35056
광주광역시 북구,2917000000,202604,1,6,53171
광주광역시 북구,2917000000,202604,2,1,31139
광주광역시 북구,2917000000,202604,2,2,22869
광주광역시 북구,2917000000,202604,2,3,25437
광주광역시 북구,2917000000,202604,2,4,29855
광주광역시 북구,2917000000,202604,2,5,35626
광주광역시 북구,2917000000,202604,2,6,65338
광주광역시 북구,2917000000,202605,1,1,33281
광주광역시 북구,2917000000,202605,1,2,25448
광주광역시 북구,2917000000,202605,1,3,27701
광주광역시 북구,2917000000,202605,1,4,30845
광주광역시 북구,2917000000,202605,1,5,35005
광주광역시 북구,2917000000,202605,1,6,53415
광주광역시 북구,2917000000,202605,2,1,31127
광주광역시 북구,2917000000,202605,2,2,22865
광주광역시 북구,2917000000,202605,2,3,25596
광주광역시 북구,2917000000,202605,2,4,29887
광주광역시 북구,2917000000,202605,2,5,35593
광주광역시 북구,2917000000,202605,2,6,65563
광주광역시 북구,2917000000,202606,1,1,33294
광주광역시 북구,2917000000,202606,1,2,25404
광주광역시 북구,2917000000,202606,1,3,27879
광주광역시 북구,2917000000,202606,1,4,30874
광주광역시 북구,2917000000,202606,1,5,34979
광주광역시 북구,2917000000,202606,1,6,53521
광주광역시 북구,2917000000,202606,2,1,31126
광주광역시 북구,2917000000,202606,2,2,22795
광주광역시 북구,2917000000,202606,2,3,25710
광주광역시 북구,2917000000,202606,2,4,29901
광주광역시 북구,2917000000,202606,2,5,35602
광주광역시 북구,2917000000,202606,2,6,65698
광주광역시 서구,2914000000,202601,1,1,21455
광주광역시 서구,2914000000,202601,1,2,18298
광주광역시 서구,2914000000,202601,1,3,17692
광주광역시 서구,2914000000,202601,1,4,19839
광주광역시 서구,2914000000,202601,1,5,23986
광주광역시 서구,2914000000,202601,1,6,33287
광주광역시 서구,2914000000,202601,2,1,19722
광주광역시 서구,2914000000,202601,2,2,17298
광주광역시 서구,2914000000,202601,2,3,16171
광주광역시 서구,2914000000,202601,2,4,20554
광주광역시 서구,2914000000,202601,2,5,25535
광주광역시 서구,2914000000,202601,2,6,41481
광주광역시 서구,2914000000,202602,1,1,21508
광주광역시 서구,2914000000,202602,1,2,18210
광주광역시 서구,2914000000,202602,1,3,17751
광주광역시 서구,2914000000,202602,1,4,19862
광주광역시 서구,2914000000,202602,1,5,24043
광주광역시 서구,2914000000,202602,1,6,33397
광주광역시 서구,2914000000,202602,2,1,19738
광주광역시 서구,2914000000,202602,2,2,17264
광주광역시 서구,2914000000,202602,2,3,16161
광주광역시 서구,2914000000,202602,2,4,20610
광주광역시 서구,2914000000,202602,2,5,25574
광주광역시 서구,2914000000,202602,2,6,41612
광주광역시 서구,2914000000,202603,1,1,21445
광주광역시 서구,2914000000,202603,1,2,18097
광주광역시 서구,2914000000,202603,1,3,17872
광주광역시 서구,2914000000,202603,1,4,19834
광주광역시 서구,2914000000,202603,1,5,23956
광주광역시 서구,2914000000,202603,1,6,33589
광주광역시 서구,2914000000,202603,2,1,19712
광주광역시 서구,2914000000,202603,2,2,17178
광주광역시 서구,2914000000,202603,2,3,16284
광주광역시 서구,2914000000,202603,2,4,20537
광주광역시 서구,2914000000,202603,2,5,25509
광주광역시 서구,2914000000,202603,2,6,41794
광주광역시 서구,2914000000,202604,1,1,21339
광주광역시 서구,2914000000,202604,1,2,18065
광주광역시 서구,2914000000,202604,1,3,17882
광주광역시 서구,2914000000,202604,1,4,19721
광주광역시 서구,2914000000,202604,1,5,23942
광주광역시 서구,2914000000,202604,1,6,33624
광주광역시 서구,2914000000,202604,2,1,19608
광주광역시 서구,2914000000,202604,2,2,17037
광주광역시 서구,2914000000,202604,2,3,16249
광주광역시 서구,2914000000,202604,2,4,20448
광주광역시 서구,2914000000,202604,2,5,25457
광주광역시 서구,2914000000,202604,2,6,41862
광주광역시 서구,2914000000,202605,1,1,21249
광주광역시 서구,2914000000,202605,1,2,17936
광주광역시 서구,2914000000,202605,1,3,17913
광주광역시 서구,2914000000,202605,1,4,19681
광주광역시 서구,2914000000,202605,1,5,23856
광주광역시 서구,2914000000,202605,1,6,33748
광주광역시 서구,2914000000,202605,2,1,19543
광주광역시 서구,2914000000,202605,2,2,16993
광주광역시 서구,2914000000,202605,2,3,16238
광주광역시 서구,2914000000,202605,2,4,20386
광주광역시 서구,2914000000,202605,2,5,25396
광주광역시 서구,2914000000,202605,2,6,41986
광주광역시 서구,2914000000,202606,1,1,21165
광주광역시 서구,2914000000,202606,1,2,17914
광주광역시 서구,2914000000,202606,1,3,17878
광주광역시 서구,2914000000,202606,1,4,19650
광주광역시 서구,2914000000,202606,1,5,23809
광주광역시 서구,2914000000,202606,1,6,33822
광주광역시 서구,2914000000,202606,2,1,19478
광주광역시 서구,2914000000,202606,2,2,16891
광주광역시 서구,2914000000,202606,2,3,16243
광주광역시 서구,2914000000,202606,2,4,20365
광주광역시 서구,2914000000,202606,2,5,25351
광주광역시 서구,2914000000,202606,2,6,42058
대구광역시 군위군,2772000000,202601,1,1,697
대구광역시 군위군,2772000000,202601,1,2,540
대구광역시 군위군,2772000000,202601,1,3,680
대구광역시 군위군,2772000000,202601,1,4,931
대구광역시 군위군,2772000000,202601,1,5,2030
대구광역시 군위군,2772000000,202601,1,6,6862
대구광역시 군위군,2772000000,202601,2,1,559
대구광역시 군위군,2772000000,202601,2,2,374
대구광역시 군위군,2772000000,202601,2,3,459
대구광역시 군위군,2772000000,202601,2,4,706
대구광역시 군위군,2772000000,202601,2,5,1510
대구광역시 군위군,2772000000,202601,2,6,7188
대구광역시 군위군,2772000000,202602,1,1,698
대구광역시 군위군,2772000000,202602,1,2,544
대구광역시 군위군,2772000000,202602,1,3,684
대구광역시 군위군,2772000000,202602,1,4,932
대구광역시 군위군,2772000000,202602,1,5,2013
대구광역시 군위군,2772000000,202602,1,6,6891
대구광역시 군위군,2772000000,202602,2,1,553
대구광역시 군위군,2772000000,202602,2,2,380
대구광역시 군위군,2772000000,202602,2,3,454
대구광역시 군위군,2772000000,202602,2,4,703
대구광역시 군위군,2772000000,202602,2,5,1506
대구광역시 군위군,2772000000,202602,2,6,7209
대구광역시 군위군,2772000000,202603,1,1,700
대구광역시 군위군,2772000000,202603,1,2,538
대구광역시 군위군,2772000000,202603,1,3,689
대구광역시 군위군,2772000000,202603,1,4,924
대구광역시 군위군,2772000000,202603,1,5,2002
대구광역시 군위군,2772000000,202603,1,6,6922
대구광역시 군위군,2772000000,202603,2,1,551
대구광역시 군위군,2772000000,202603,2,2,376
대구광역시 군위군,2772000000,202603,2,3,452
대구광역시 군위군,2772000000,202603,2,4,708
대구광역시 군위군,2772000000,202603,2,5,1496
대구광역시 군위군,2772000000,202603,2,6,7229
대구광역시 군위군,2772000000,202604,1,1,701
대구광역시 군위군,2772000000,202604,1,2,544
대구광역시 군위군,2772000000,202604,1,3,684
대구광역시 군위군,2772000000,202604,1,4,935
대구광역시 군위군,2772000000,202604,1,5,2004
대구광역시 군위군,2772000000,202604,1,6,6956
대구광역시 군위군,2772000000,202604,2,1,553
대구광역시 군위군,2772000000,202604,2,2,380
대구광역시 군위군,2772000000,202604,2,3,456
대구광역시 군위군,2772000000,202604,2,4,708
대구광역시 군위군,2772000000,202604,2,5,1503
대구광역시 군위군,2772000000,202604,2,6,7243
대구광역시 군위군,2772000000,202605,1,1,697
대구광역시 군위군,2772000000,202605,1,2,537
대구광역시 군위군,2772000000,202605,1,3,692
대구광역시 군위군,2772000000,202605,1,4,926
대구광역시 군위군,2772000000,202605,1,5,2006
대구광역시 군위군,2772000000,202605,1,6,6965
대구광역시 군위군,2772000000,202605,2,1,554
대구광역시 군위군,2772000000,202605,2,2,381
대구광역시 군위군,2772000000,202605,2,3,458
대구광역시 군위군,2772000000,202605,2,4,703
대구광역시 군위군,2772000000,202605,2,5,1510
대구광역시 군위군,2772000000,202605,2,6,7245
대구광역시 군위군,2772000000,202606,1,1,691
대구광역시 군위군,2772000000,202606,1,2,530
대구광역시 군위군,2772000000,202606,1,3,689
대구광역시 군위군,2772000000,202606,1,4,919
대구광역시 군위군,2772000000,202606,1,5,2004
대구광역시 군위군,2772000000,202606,1,6,6961
대구광역시 군위군,2772000000,202606,2,1,552
대구광역시 군위군,2772000000,202606,2,2,379
대구광역시 군위군,2772000000,202606,2,3,459
대구광역시 군위군,2772000000,202606,2,4,704
대구광역시 군위군,2772000000,202606,2,5,1507
대구광역시 군위군,2772000000,202606,2,6,7227
대구광역시 남구,2720000000,202601,1,1,6818
대구광역시 남구,2720000000,202601,1,2,7607
대구광역시 남구,2720000000,202601,1,3,9133
대구광역시 남구,2720000000,202601,1,4,8415
대구광역시 남구,2720000000,202601,1,5,11279
대구광역시 남구,2720000000,202601,1,6,21742
대구광역시 남구,2720000000,202601,2,1,6470
대구광역시 남구,2720000000,202601,2,2,8306
대구광역시 남구,2720000000,202601,2,3,7804
대구광역시 남구,2720000000,202601,2,4,8264
대구광역시 남구,2720000000,202601,2,5,11442
대구광역시 남구,2720000000,202601,2,6,29217
대구광역시 남구,2720000000,202602,1,1,6980
대구광역시 남구,2720000000,202602,1,2,7663
대구광역시 남구,2720000000,202602,1,3,9253
대구광역시 남구,2720000000,202602,1,4,8523
대구광역시 남구,2720000000,202602,1,5,11325
대구광역시 남구,2720000000,202602,1,6,21834
대구광역시 남구,2720000000,202602,2,1,6652
대구광역시 남구,2720000000,202602,2,2,8385
대구광역시 남구,2720000000,202602,2,3,7924
대구광역시 남구,2720000000,202602,2,4,8359
대구광역시 남구,2720000000,202602,2,5,11502
대구광역시 남구,2720000000,202602,2,6,29346
대구광역시 남구,2720000000,202603,1,1,7019
대구광역시 남구,2720000000,202603,1,2,7675
대구광역시 남구,2720000000,202603,1,3,9364
대구광역시 남구,2720000000,202603,1,4,8558
대구광역시 남구,2720000000,202603,1,5,11345
대구광역시 남구,2720000000,202603,1,6,21945
대구광역시 남구,2720000000,202603,2,1,6737
대구광역시 남구,2720000000,202603,2,2,8448
대구광역시 남구,2720000000,202603,2,3,8078
대구광역시 남구,2720000000,202603,2,4,8362
대구광역시 남구,2720000000,202603,2,5,11543
대구광역시 남구,2720000000,202603,2,6,29472
대구광역시 남구,2720000000,202604,1,1,7016
대구광역시 남구,2720000000,202604,1,2,7675
대구광역시 남구,2720000000,202604,1,3,9482
대구광역시 남구,2720000000,202604,1,4,8598
대구광역시 남구,2720000000,202604,1,5,11381
대구광역시 남구,2720000000,202604,1,6,22022
대구광역시 남구,2720000000,202604,2,1,6766
대구광역시 남구,2720000000,202604,2,2,8465
대구광역시 남구,2720000000,202604,2,3,8169
대구광역시 남구,2720000000,202604,2,4,8376
대구광역시 남구,2720000000,202604,2,5,11625
대구광역시 남구,2720000000,202604,2,6,29546
대구광역시 남구,2720000000,202605,1,1,7103
대구광역시 남구,2720000000,202605,1,2,7715
대구광역시 남구,2720000000,202605,1,3,9742
대구광역시 남구,2720000000,202605,1,4,8682
대구광역시 남구,2720000000,202605,1,5,11475
대구광역시 남구,2720000000,202605,1,6,22108
대구광역시 남구,2720000000,202605,2,1,6855
대구광역시 남구,2720000000,202605,2,2,8625
대구광역시 남구,2720000000,202605,2,3,8378
대구광역시 남구,2720000000,202605,2,4,8489
대구광역시 남구,2720000000,202605,2,5,11753
대구광역시 남구,2720000000,202605,2,6,29695
대구광역시 남구,2720000000,202606,1,1,7127
대구광역시 남구,2720000000,202606,1,2,7726
대구광역시 남구,2720000000,202606,1,3,9899
대구광역시 남구,2720000000,202606,1,4,8758
대구광역시 남구,2720000000,202606,1,5,11496
대구광역시 남구,2720000000,202606,1,6,22173
대구광역시 남구,2720000000,202606,2,1,6898
대구광역시 남구,2720000000,202606,2,2,8631
대구광역시 남구,2720000000,202606,2,3,8536
대구광역시 남구,2720000000,202606,2,4,8524
대구광역시 남구,2720000000,202606,2,5,11811
대구광역시 남구,2720000000,202606,2,6,29765
대구광역시 달서구,2729000000,202601,1,1,38836
대구광역시 달서구,2729000000,202601,1,2,30596
대구광역시 달서구,2729000000,202601,1,3,32961
대구광역시 달서구,2729000000,202601,1,4,35529
대구광역시 달서구,2729000000,202601,1,5,45382
대구광역시 달서구,2729000000,202601,1,6,69508
대구광역시 달서구,2729000000,202601,2,1,37147
대구광역시 달서구,2729000000,202601,2,2,27812
대구광역시 달서구,2729000000,202601,2,3,28117
대구광역시 달서구,2729000000,202601,2,4,36612
대구광역시 달서구,2729000000,202601,2,5,49417
대구광역시 달서구,2729000000,202601,2,6,84580
대구광역시 달서구,2729000000,202602,1,1,38747
대구광역시 달서구,2729000000,202602,1,2,30442
대구광역시 달서구,2729000000,202602,1,3,32866
대구광역시 달서구,2729000000,202602,1,4,35430
대구광역시 달서구,2729000000,202602,1,5,45241
대구광역시 달서구,2729000000,202602,1,6,69775
대구광역시 달서구,2729000000,202602,2,1,37120
대구광역시 달서구,2729000000,202602,2,2,27600
대구광역시 달서구,2729000000,202602,2,3,28113
대구광역시 달서구,2729000000,202602,2,4,36429
대구광역시 달서구,2729000000,202602,2,5,49320
대구광역시 달서구,2729000000,202602,2,6,84936
대구광역시 달서구,2729000000,202603,1,1,38585
대구광역시 달서구,2729000000,202603,1,2,30189
대구광역시 달서구,2729000000,202603,1,3,32904
대구광역시 달서구,2729000000,202603,1,4,35242
대구광역시 달서구,2729000000,202603,1,5,45026
대구광역시 달서구,2729000000,202603,1,6,70095
대구광역시 달서구,2729000000,202603,2,1,36944
대구광역시 달서구,2729000000,202603,2,2,27399
대구광역시 달서구,2729000000,202603,2,3,28182
대구광역시 달서구,2729000000,202603,2,4,36229
대구광역시 달서구,2729000000,202603,2,5,48987
대구광역시 달서구,2729000000,202603,2,6,85360
대구광역시 달서구,2729000000,202604,1,1,38508
대구광역시 달서구,2729000000,202604,1,2,30037
대구광역시 달서구,2729000000,202604,1,3,32845
대구광역시 달서구,2729000000,202604,1,4,35175
대구광역시 달서구,2729000000,202604,1,5,44892
대구광역시 달서구,2729000000,202604,1,6,70285
대구광역시 달서구,2729000000,202604,2,1,36894
대구광역시 달서구,2729000000,202604,2,2,27211
대구광역시 달서구,2729000000,202604,2,3,28235
대구광역시 달서구,2729000000,202604,2,4,36121
대구광역시 달서구,2729000000,202604,2,5,48921
대구광역시 달서구,2729000000,202604,2,6,85553
대구광역시 달서구,2729000000,202605,1,1,38401
대구광역시 달서구,2729000000,202605,1,2,29886
대구광역시 달서구,2729000000,202605,1,3,32828
대구광역시 달서구,2729000000,202605,1,4,35078
대구광역시 달서구,2729000000,202605,1,5,44734
대구광역시 달서구,2729000000,202605,1,6,70481
대구광역시 달서구,2729000000,202605,2,1,36769
대구광역시 달서구,2729000000,202605,2,2,27132
대구광역시 달서구,2729000000,202605,2,3,28236
대구광역시 달서구,2729000000,202605,2,4,35985
대구광역시 달서구,2729000000,202605,2,5,48774
대구광역시 달서구,2729000000,202605,2,6,85771
대구광역시 달서구,2729000000,202606,1,1,38305
대구광역시 달서구,2729000000,202606,1,2,29666
대구광역시 달서구,2729000000,202606,1,3,32846
대구광역시 달서구,2729000000,202606,1,4,34986
대구광역시 달서구,2729000000,202606,1,5,44639
대구광역시 달서구,2729000000,202606,1,6,70571
대구광역시 달서구,2729000000,202606,2,1,36674
대구광역시 달서구,2729000000,202606,2,2,27017
대구광역시 달서구,2729000000,202606,2,3,28170
대구광역시 달서구,2729000000,202606,2,4,35927
대구광역시 달서구,2729000000,202606,2,5,48664
대구광역시 달서구,2729000000,202606,2,6,85934
대구광역시 달성군,2771000000,202601,1,1,24287
대구광역시 달성군,2771000000,202601,1,2,12391
대구광역시 달성군,2771000000,202601,1,3,17730
대구광역시 달성군,2771000000,202601,1,4,22533
대구광역시 달성군,2771000000,202601,1,5,20958
대구광역시 달성군,2771000000,202601,1,6,30872
대구광역시 달성군,2771000000,202601,2,1,23253
대구광역시 달성군,2771000000,202601,2,2,9737
대구광역시 달성군,2771000000,202601,2,3,15270
대구광역시 달성군,2771000000,202601,2,4,21100
대구광역시 달성군,2771000000,202601,2,5,20547
대구광역시 달성군,2771000000,202601,2,6,35535
대구광역시 달성군,2771000000,202602,1,1,24124
대구광역시 달성군,2771000000,202602,1,2,12345
대구광역시 달성군,2771000000,202602,1,3,17617
대구광역시 달성군,2771000000,202602,1,4,22508
대구광역시 달성군,2771000000,202602,1,5,20934
대구광역시 달성군,2771000000,202602,1,6,30968
대구광역시 달성군,2771000000,202602,2,1,23085
대구광역시 달성군,2771000000,202602,2,2,9630
대구광역시 달성군,2771000000,202602,2,3,15114
대구광역시 달성군,2771000000,202602,2,4,21056
대구광역시 달성군,2771000000,202602,2,5,20510
대구광역시 달성군,2771000000,202602,2,6,35639
대구광역시 달성군,2771000000,202603,1,1,24000
대구광역시 달성군,2771000000,202603,1,2,12215
대구광역시 달성군,2771000000,202603,1,3,17585
대구광역시 달성군,2771000000,202603,1,4,22409
대구광역시 달성군,2771000000,202603,1,5,20831
대구광역시 달성군,2771000000,202603,1,6,31128
대구광역시 달성군,2771000000,202603,2,1,22999
대구광역시 달성군,2771000000,202603,2,2,9540
대구광역시 달성군,2771000000,202603,2,3,15079
대구광역시 달성군,2771000000,202603,2,4,20992
대구광역시 달성군,2771000000,202603,2,5,20420
대구광역시 달성군,2771000000,202603,2,6,35816
대구광역시 달성군,2771000000,202604,1,1,23959
대구광역시 달성군,2771000000,202604,1,2,12143
대구광역시 달성군,2771000000,202604,1,3,17517
대구광역시 달성군,2771000000,202604,1,4,22383
대구광역시 달성군,2771000000,202604,1,5,20786
대구광역시 달성군,2771000000,202604,1,6,31240
대구광역시 달성군,2771000000,202604,2,1,22917
대구광역시 달성군,2771000000,202604,2,2,9487
대구광역시 달성군,2771000000,202604,2,3,15005
대구광역시 달성군,2771000000,202604,2,4,20927
대구광역시 달성군,2771000000,202604,2,5,20366
대구광역시 달성군,2771000000,202604,2,6,35897
대구광역시 달성군,2771000000,202605,1,1,23908
대구광역시 달성군,2771000000,202605,1,2,12043
대구광역시 달성군,2771000000,202605,1,3,17402
대구광역시 달성군,2771000000,202605,1,4,22332
대구광역시 달성군,2771000000,202605,1,5,20776
대구광역시 달성군,2771000000,202605,1,6,31341
대구광역시 달성군,2771000000,202605,2,1,22908
대구광역시 달성군,2771000000,202605,2,2,9382
대구광역시 달성군,2771000000,202605,2,3,14900
대구광역시 달성군,2771000000,202605,2,4,20913
대구광역시 달성군,2771000000,202605,2,5,20310
대구광역시 달성군,2771000000,202605,2,6,35995
대구광역시 달성군,2771000000,202606,1,1,23902
대구광역시 달성군,2771000000,202606,1,2,11958
대구광역시 달성군,2771000000,202606,1,3,17292
대구광역시 달성군,2771000000,202606,1,4,22341
대구광역시 달성군,2771000000,202606,1,5,20746
대구광역시 달성군,2771000000,202606,1,6,31417
대구광역시 달성군,2771000000,202606,2,1,22903
대구광역시 달성군,2771000000,202606,2,2,9338
대구광역시 달성군,2771000000,202606,2,3,14832
대구광역시 달성군,2771000000,202606,2,4,20902
대구광역시 달성군,2771000000,202606,2,5,20308
대구광역시 달성군,2771000000,202606,2,6,36061
대구광역시 동구,2714000000,202601,1,1,23251
대구광역시 동구,2714000000,202601,1,2,17632
대구광역시 동구,2714000000,202601,1,3,23639
대구광역시 동구,2714000000,202601,1,4,23849
대구광역시 동구,2714000000,202601,1,5,27612
대구광역시 동구,2714000000,202601,1,6,49686
대구광역시 동구,2714000000,202601,2,1,21771
대구광역시 동구,2714000000,202601,2,2,16148
대구광역시 동구,2714000000,202601,2,3,20586
대구광역시 동구,2714000000,202601,2,4,22715
대구광역시 동구,2714000000,202601,2,5,28462
대구광역시 동구,2714000000,202601,2,6,63816
대구광역시 동구,2714000000,202602,1,1,23107
대구광역시 동구,2714000000,202602,1,2,17570
대구광역시 동구,2714000000,202602,1,3,23562
대구광역시 동구,2714000000,202602,1,4,23749
대구광역시 동구,2714000000,202602,1,5,27596
대구광역시 동구,2714000000,202602,1,6,49814
대구광역시 동구,2714000000,202602,2,1,21686
대구광역시 동구,2714000000,202602,2,2,16076
대구광역시 동구,2714000000,202602,2,3,20538
대구광역시 동구,2714000000,202602,2,4,22621
대구광역시 동구,2714000000,202602,2,5,28428
대구광역시 동구,2714000000,202602,2,6,64006
대구광역시 동구,2714000000,202603,1,1,23021
대구광역시 동구,2714000000,202603,1,2,17462
대구광역시 동구,2714000000,202603,1,3,23594
대구광역시 동구,2714000000,202603,1,4,23695
대구광역시 동구,2714000000,202603,1,5,27451
대구광역시 동구,2714000000,202603,1,6,50001
대구광역시 동구,2714000000,202603,2,1,21640
대구광역시 동구,2714000000,202603,2,2,15953
대구광역시 동구,2714000000,202603,2,3,20515
대구광역시 동구,2714000000,202603,2,4,22550
대구광역시 동구,2714000000,202603,2,5,28290
대구광역시 동구,2714000000,202603,2,6,64234
대구광역시 동구,2714000000,202604,1,1,23017
대구광역시 동구,2714000000,202604,1,2,17339
대구광역시 동구,2714000000,202604,1,3,23594
대구광역시 동구,2714000000,202604,1,4,23641
대구광역시 동구,2714000000,202604,1,5,27384
대구광역시 동구,2714000000,202604,1,6,50112
대구광역시 동구,2714000000,202604,2,1,21610
대구광역시 동구,2714000000,202604,2,2,15899
대구광역시 동구,2714000000,202604,2,3,20532
대구광역시 동구,2714000000,202604,2,4,22514
대구광역시 동구,2714000000,202604,2,5,28245
대구광역시 동구,2714000000,202604,2,6,64375
대구광역시 동구,2714000000,202605,1,1,23000
대구광역시 동구,2714000000,202605,1,2,17248
대구광역시 동구,2714000000,202605,1,3,23657
대구광역시 동구,2714000000,202605,1,4,23637
대구광역시 동구,2714000000,202605,1,5,27355
대구광역시 동구,2714000000,202605,1,6,50226
대구광역시 동구,2714000000,202605,2,1,21593
대구광역시 동구,2714000000,202605,2,2,15808
대구광역시 동구,2714000000,202605,2,3,20566
대구광역시 동구,2714000000,202605,2,4,22487
대구광역시 동구,2714000000,202605,2,5,28219
대구광역시 동구,2714000000,202605,2,6,64464
대구광역시 동구,2714000000,202606,1,1,23018
대구광역시 동구,2714000000,202606,1,2,17210
대구광역시 동구,2714000000,202606,1,3,23720
대구광역시 동구,2714000000,202606,1,4,23638
대구광역시 동구,2714000000,202606,1,5,27352
대구광역시 동구,2714000000,202606,1,6,50279
대구광역시 동구,2714000000,202606,2,1,21637
대구광역시 동구,2714000000,202606,2,2,15780
대구광역시 동구,2714000000,202606,2,3,20635
대구광역시 동구,2714000000,202606,2,4,22498
대구광역시 동구,2714000000,202606,2,5,28209
대구광역시 동구,2714000000,202606,2,6,64500
대구광역시 북구,2723000000,202601,1,1,30346
대구광역시 북구,2723000000,202601,1,2,26839
대구광역시 북구,2723000000,202601,1,3,26079
대구광역시 북구,2723000000,202601,1,4,28306
대구광역시 북구,2723000000,202601,1,5,37485
대구광역시 북구,2723000000,202601,1,6,53084
대구광역시 북구,2723000000,202601,2,1,28917
대구광역시 북구,2723000000,202601,2,2,23449
대구광역시 북구,2723000000,202601,2,3,22135
대구광역시 북구,2723000000,202601,2,4,28366
대구광역시 북구,2723000000,202601,2,5,39056
대구광역시 북구,2723000000,202601,2,6,64828
대구광역시 북구,2723000000,202602,1,1,30321
대구광역시 북구,2723000000,202602,1,2,26816
대구광역시 북구,2723000000,202602,1,3,25932
대구광역시 북구,2723000000,202602,1,4,28221
대구광역시 북구,2723000000,202602,1,5,37404
대구광역시 북구,2723000000,202602,1,6,53276
대구광역시 북구,2723000000,202602,2,1,28899
대구광역시 북구,2723000000,202602,2,2,23271
대구광역시 북구,2723000000,202602,2,3,22043
대구광역시 북구,2723000000,202602,2,4,28209
대구광역시 북구,2723000000,202602,2,5,39005
대구광역시 북구,2723000000,202602,2,6,65084
대구광역시 북구,2723000000,202603,1,1,30233
대구광역시 북구,2723000000,202603,1,2,26818
대구광역시 북구,2723000000,202603,1,3,25902
대구광역시 북구,2723000000,202603,1,4,28058
대구광역시 북구,2723000000,202603,1,5,37270
대구광역시 북구,2723000000,202603,1,6,53529
대구광역시 북구,2723000000,202603,2,1,28861
대구광역시 북구,2723000000,202603,2,2,23207
대구광역시 북구,2723000000,202603,2,3,22059
대구광역시 북구,2723000000,202603,2,4,28081
대구광역시 북구,2723000000,202603,2,5,38786
대구광역시 북구,2723000000,202603,2,6,65411
대구광역시 북구,2723000000,202604,1,1,30109
대구광역시 북구,2723000000,202604,1,2,26780
대구광역시 북구,2723000000,202604,1,3,25922
대구광역시 북구,2723000000,202604,1,4,27973
대구광역시 북구,2723000000,202604,1,5,37173
대구광역시 북구,2723000000,202604,1,6,53693
대구광역시 북구,2723000000,202604,2,1,28759
대구광역시 북구,2723000000,202604,2,2,23165
대구광역시 북구,2723000000,202604,2,3,21992
대구광역시 북구,2723000000,202604,2,4,27941
대구광역시 북구,2723000000,202604,2,5,38764
대구광역시 북구,2723000000,202604,2,6,65605
대구광역시 북구,2723000000,202605,1,1,30024
대구광역시 북구,2723000000,202605,1,2,26741
대구광역시 북구,2723000000,202605,1,3,25910
대구광역시 북구,2723000000,202605,1,4,27860
대구광역시 북구,2723000000,202605,1,5,37102
대구광역시 북구,2723000000,202605,1,6,53874
대구광역시 북구,2723000000,202605,2,1,28667
대구광역시 북구,2723000000,202605,2,2,23102
대구광역시 북구,2723000000,202605,2,3,21939
대구광역시 북구,2723000000,202605,2,4,27830
대구광역시 북구,2723000000,202605,2,5,38705
대구광역시 북구,2723000000,202605,2,6,65794
대구광역시 북구,2723000000,202606,1,1,29900
대구광역시 북구,2723000000,202606,1,2,26674
대구광역시 북구,2723000000,202606,1,3,25850
대구광역시 북구,2723000000,202606,1,4,27811
대구광역시 북구,2723000000,202606,1,5,36992
대구광역시 북구,2723000000,202606,1,6,53949
대구광역시 북구,2723000000,202606,2,1,28555
대구광역시 북구,2723000000,202606,2,2,23032
대구광역시 북구,2723000000,202606,2,3,21848
대구광역시 북구,2723000000,202606,2,4,27760
대구광역시 북구,2723000000,202606,2,5,38628
대구광역시 북구,2723000000,202606,2,6,65916
대구광역시 서구,2717000000,202601,1,1,8492
대구광역시 서구,2717000000,202601,1,2,7745
대구광역시 서구,2717000000,202601,1,3,11040
대구광역시 서구,2717000000,202601,1,4,10496
대구광역시 서구,2717000000,202601,1,5,14603
대구광역시 서구,2717000000,202601,1,6,28801
대구광역시 서구,2717000000,202601,2,1,8182
대구광역시 서구,2717000000,202601,2,2,6811
대구광역시 서구,2717000000,202601,2,3,8637
대구광역시 서구,2717000000,202601,2,4,9016
대구광역시 서구,2717000000,202601,2,5,14097
대구광역시 서구,2717000000,202601,2,6,36098
대구광역시 서구,2717000000,202602,1,1,8447
대구광역시 서구,2717000000,202602,1,2,7726
대구광역시 서구,2717000000,202602,1,3,10993
대구광역시 서구,2717000000,202602,1,4,10516
대구광역시 서구,2717000000,202602,1,5,14563
대구광역시 서구,2717000000,202602,1,6,28882
대구광역시 서구,2717000000,202602,2,1,8194
대구광역시 서구,2717000000,202602,2,2,6813
대구광역시 서구,2717000000,202602,2,3,8633
대구광역시 서구,2717000000,202602,2,4,9009
대구광역시 서구,2717000000,202602,2,5,14053
대구광역시 서구,2717000000,202602,2,6,36158
대구광역시 서구,2717000000,202603,1,1,8422
대구광역시 서구,2717000000,202603,1,2,7615
대구광역시 서구,2717000000,202603,1,3,11015
대구광역시 서구,2717000000,202603,1,4,10503
대구광역시 서구,2717000000,202603,1,5,14466
대구광역시 서구,2717000000,202603,1,6,29038
대구광역시 서구,2717000000,202603,2,1,8180
대구광역시 서구,2717000000,202603,2,2,6759
대구광역시 서구,2717000000,202603,2,3,8622
대구광역시 서구,2717000000,202603,2,4,9000
대구광역시 서구,2717000000,202603,2,5,13925
대구광역시 서구,2717000000,202603,2,6,36308
대구광역시 서구,2717000000,202604,1,1,8416
대구광역시 서구,2717000000,202604,1,2,7593
대구광역시 서구,2717000000,202604,1,3,11000
대구광역시 서구,2717000000,202604,1,4,10527
대구광역시 서구,2717000000,202604,1,5,14410
대구광역시 서구,2717000000,202604,1,6,29083
대구광역시 서구,2717000000,202604,2,1,8168
대구광역시 서구,2717000000,202604,2,2,6712
대구광역시 서구,2717000000,202604,2,3,8651
대구광역시 서구,2717000000,202604,2,4,8996
대구광역시 서구,2717000000,202604,2,5,13853
대구광역시 서구,2717000000,202604,2,6,36402
대구광역시 서구,2717000000,202605,1,1,8401
대구광역시 서구,2717000000,202605,1,2,7605
대구광역시 서구,2717000000,202605,1,3,10981
대구광역시 서구,2717000000,202605,1,4,10515
대구광역시 서구,2717000000,202605,1,5,14382
대구광역시 서구,2717000000,202605,1,6,29123
대구광역시 서구,2717000000,202605,2,1,8151
대구광역시 서구,2717000000,202605,2,2,6702
대구광역시 서구,2717000000,202605,2,3,8662
대구광역시 서구,2717000000,202605,2,4,8984
대구광역시 서구,2717000000,202605,2,5,13787
대구광역시 서구,2717000000,202605,2,6,36455
대구광역시 서구,2717000000,202606,1,1,8383
대구광역시 서구,2717000000,202606,1,2,7562
대구광역시 서구,2717000000,202606,1,3,10936
대구광역시 서구,2717000000,202606,1,4,10521
대구광역시 서구,2717000000,202606,1,5,14345
대구광역시 서구,2717000000,202606,1,6,29102
대구광역시 서구,2717000000,202606,2,1,8152
대구광역시 서구,2717000000,202606,2,2,6676
대구광역시 서구,2717000000,202606,2,3,8669
대구광역시 서구,2717000000,202606,2,4,8942
대구광역시 서구,2717000000,202606,2,5,13747
대구광역시 서구,2717000000,202606,2,6,36473
대구광역시 수성구,2726000000,202601,1,1,37216
대구광역시 수성구,2726000000,202601,1,2,22686
대구광역시 수성구,2726000000,202601,1,3,21465
대구광역시 수성구,2726000000,202601,1,4,29378
대구광역시 수성구,2726000000,202601,1,5,34926
대구광역시 수성구,2726000000,202601,1,6,50918
대구광역시 수성구,2726000000,202601,2,1,34617
대구광역시 수성구,2726000000,202601,2,2,20035
대구광역시 수성구,2726000000,202601,2,3,21056
대구광역시 수성구,2726000000,202601,2,4,33687
대구광역시 수성구,2726000000,202601,2,5,39305
대구광역시 수성구,2726000000,202601,2,6,64043
대구광역시 수성구,2726000000,202602,1,1,37197
대구광역시 수성구,2726000000,202602,1,2,22473
대구광역시 수성구,2726000000,202602,1,3,21495
대구광역시 수성구,2726000000,202602,1,4,29471
대구광역시 수성구,2726000000,202602,1,5,34838
대구광역시 수성구,2726000000,202602,1,6,51063
대구광역시 수성구,2726000000,202602,2,1,34630
대구광역시 수성구,2726000000,202602,2,2,19885
대구광역시 수성구,2726000000,202602,2,3,21102
대구광역시 수성구,2726000000,202602,2,4,33612
대구광역시 수성구,2726000000,202602,2,5,39309
대구광역시 수성구,2726000000,202602,2,6,64222
대구광역시 수성구,2726000000,202603,1,1,37104
대구광역시 수성구,2726000000,202603,1,2,22232
대구광역시 수성구,2726000000,202603,1,3,21593
대구광역시 수성구,2726000000,202603,1,4,29453
대구광역시 수성구,2726000000,202603,1,5,34679
대구광역시 수성구,2726000000,202603,1,6,51235
대구광역시 수성구,2726000000,202603,2,1,34565
대구광역시 수성구,2726000000,202603,2,2,19685
대구광역시 수성구,2726000000,202603,2,3,21218
대구광역시 수성구,2726000000,202603,2,4,33505
대구광역시 수성구,2726000000,202603,2,5,39176
대구광역시 수성구,2726000000,202603,2,6,64485
대구광역시 수성구,2726000000,202604,1,1,36981
대구광역시 수성구,2726000000,202604,1,2,22203
대구광역시 수성구,2726000000,202604,1,3,21618
대구광역시 수성구,2726000000,202604,1,4,29374
대구광역시 수성구,2726000000,202604,1,5,34690
대구광역시 수성구,2726000000,202604,1,6,51345
대구광역시 수성구,2726000000,202604,2,1,34496
대구광역시 수성구,2726000000,202604,2,2,19595
대구광역시 수성구,2726000000,202604,2,3,21299
대구광역시 수성구,2726000000,202604,2,4,33397
대구광역시 수성구,2726000000,202604,2,5,39194
대구광역시 수성구,2726000000,202604,2,6,64551
대구광역시 수성구,2726000000,202605,1,1,36954
대구광역시 수성구,2726000000,202605,1,2,22104
대구광역시 수성구,2726000000,202605,1,3,21614
대구광역시 수성구,2726000000,202605,1,4,29304
대구광역시 수성구,2726000000,202605,1,5,34624
대구광역시 수성구,2726000000,202605,1,6,51476
대구광역시 수성구,2726000000,202605,2,1,34441
대구광역시 수성구,2726000000,202605,2,2,19502
대구광역시 수성구,2726000000,202605,2,3,21323
대구광역시 수성구,2726000000,202605,2,4,33320
대구광역시 수성구,2726000000,202605,2,5,39178
대구광역시 수성구,2726000000,202605,2,6,64687
대구광역시 수성구,2726000000,202606,1,1,36863
대구광역시 수성구,2726000000,202606,1,2,22038
대구광역시 수성구,2726000000,202606,1,3,21587
대구광역시 수성구,2726000000,202606,1,4,29290
대구광역시 수성구,2726000000,202606,1,5,34543
대구광역시 수성구,2726000000,202606,1,6,51557
대구광역시 수성구,2726000000,202606,2,1,34366
대구광역시 수성구,2726000000,202606,2,2,19423
대구광역시 수성구,2726000000,202606,2,3,21319
대구광역시 수성구,2726000000,202606,2,4,33269
대구광역시 수성구,2726000000,202606,2,5,39131
대구광역시 수성구,2726000000,202606,2,6,64761
대구광역시 중구,2711000000,202601,1,1,7875
대구광역시 중구,2711000000,202601,1,2,6141
대구광역시 중구,2711000000,202601,1,3,9270
대구광역시 중구,2711000000,202601,1,4,7660
대구광역시 중구,2711000000,202601,1,5,6909
대구광역시 중구,2711000000,202601,1,6,10430
대구광역시 중구,2711000000,202601,2,1,7807
대구광역시 중구,2711000000,202601,2,2,7374
대구광역시 중구,2711000000,202601,2,3,8962
대구광역시 중구,2711000000,202601,2,4,7301
대구광역시 중구,2711000000,202601,2,5,7314
대구광역시 중구,2711000000,202601,2,6,14056
대구광역시 중구,2711000000,202602,1,1,7907
대구광역시 중구,2711000000,202602,1,2,6132
대구광역시 중구,2711000000,202602,1,3,9219
대구광역시 중구,2711000000,202602,1,4,7700
대구광역시 중구,2711000000,202602,1,5,6896
대구광역시 중구,2711000000,202602,1,6,10431
대구광역시 중구,2711000000,202602,2,1,7799
대구광역시 중구,2711000000,202602,2,2,7351
대구광역시 중구,2711000000,202602,2,3,8994
대구광역시 중구,2711000000,202602,2,4,7275
대구광역시 중구,2711000000,202602,2,5,7314
대구광역시 중구,2711000000,202602,2,6,14063
대구광역시 중구,2711000000,202603,1,1,7917
대구광역시 중구,2711000000,202603,1,2,6153
대구광역시 중구,2711000000,202603,1,3,9263
대구광역시 중구,2711000000,202603,1,4,7720
대구광역시 중구,2711000000,202603,1,5,6905
대구광역시 중구,2711000000,202603,1,6,10463
대구광역시 중구,2711000000,202603,2,1,7803
대구광역시 중구,2711000000,202603,2,2,7413
대구광역시 중구,2711000000,202603,2,3,9046
대구광역시 중구,2711000000,202603,2,4,7281
대구광역시 중구,2711000000,202603,2,5,7328
대구광역시 중구,2711000000,202603,2,6,14057
대구광역시 중구,2711000000,202604,1,1,7953
대구광역시 중구,2711000000,202604,1,2,6159
대구광역시 중구,2711000000,202604,1,3,9323
대구광역시 중구,2711000000,202604,1,4,7720
대구광역시 중구,2711000000,202604,1,5,6920
대구광역시 중구,2711000000,202604,1,6,10472
대구광역시 중구,2711000000,202604,2,1,7810
대구광역시 중구,2711000000,202604,2,2,7436
대구광역시 중구,2711000000,202604,2,3,9070
대구광역시 중구,2711000000,202604,2,4,7287
대구광역시 중구,2711000000,202604,2,5,7349
대구광역시 중구,2711000000,202604,2,6,14077
대구광역시 중구,2711000000,202605,1,1,7950
대구광역시 중구,2711000000,202605,1,2,6163
대구광역시 중구,2711000000,202605,1,3,9333
대구광역시 중구,2711000000,202605,1,4,7718
대구광역시 중구,2711000000,202605,1,5,6908
대구광역시 중구,2711000000,202605,1,6,10490
대구광역시 중구,2711000000,202605,2,1,7810
대구광역시 중구,2711000000,202605,2,2,7452
대구광역시 중구,2711000000,202605,2,3,9106
대구광역시 중구,2711000000,202605,2,4,7290
대구광역시 중구,2711000000,202605,2,5,7349
대구광역시 중구,2711000000,202605,2,6,14074
대구광역시 중구,2711000000,202606,1,1,7977
대구광역시 중구,2711000000,202606,1,2,6178
대구광역시 중구,2711000000,202606,1,3,9373
대구광역시 중구,2711000000,202606,1,4,7729
대구광역시 중구,2711000000,202606,1,5,6913
대구광역시 중구,2711000000,202606,1,6,10456
대구광역시 중구,2711000000,202606,2,1,7813
대구광역시 중구,2711000000,202606,2,2,7440
대구광역시 중구,2711000000,202606,2,3,9161
대구광역시 중구,2711000000,202606,2,4,7287
대구광역시 중구,2711000000,202606,2,5,7373
대구광역시 중구,2711000000,202606,2,6,14054
대전광역시 대덕구,3023000000,202601,1,1,10715
대전광역시 대덕구,3023000000,202601,1,2,10309
대전광역시 대덕구,3023000000,202601,1,3,10990
대전광역시 대덕구,3023000000,202601,1,4,11091
대전광역시 대덕구,3023000000,202601,1,5,16030
대전광역시 대덕구,3023000000,202601,1,6,24747
대전광역시 대덕구,3023000000,202601,2,1,10105
대전광역시 대덕구,3023000000,202601,2,2,8459
대전광역시 대덕구,3023000000,202601,2,3,8512
대전광역시 대덕구,3023000000,202601,2,4,10115
대전광역시 대덕구,3023000000,202601,2,5,15690
대전광역시 대덕구,3023000000,202601,2,6,28458
대전광역시 대덕구,3023000000,202602,1,1,10659
대전광역시 대덕구,3023000000,202602,1,2,10271
대전광역시 대덕구,3023000000,202602,1,3,10940
대전광역시 대덕구,3023000000,202602,1,4,11067
대전광역시 대덕구,3023000000,202602,1,5,16019
대전광역시 대덕구,3023000000,202602,1,6,24815
대전광역시 대덕구,3023000000,202602,2,1,10098
대전광역시 대덕구,3023000000,202602,2,2,8365
대전광역시 대덕구,3023000000,202602,2,3,8488
대전광역시 대덕구,3023000000,202602,2,4,10022
대전광역시 대덕구,3023000000,202602,2,5,15691
대전광역시 대덕구,3023000000,202602,2,6,28575
대전광역시 대덕구,3023000000,202603,1,1,10609
대전광역시 대덕구,3023000000,202603,1,2,10238
대전광역시 대덕구,3023000000,202603,1,3,10912
대전광역시 대덕구,3023000000,202603,1,4,11021
대전광역시 대덕구,3023000000,202603,1,5,15951
대전광역시 대덕구,3023000000,202603,1,6,24906
대전광역시 대덕구,3023000000,202603,2,1,10059
대전광역시 대덕구,3023000000,202603,2,2,8306
대전광역시 대덕구,3023000000,202603,2,3,8505
대전광역시 대덕구,3023000000,202603,2,4,9945
대전광역시 대덕구,3023000000,202603,2,5,15610
대전광역시 대덕구,3023000000,202603,2,6,28728
대전광역시 대덕구,3023000000,202604,1,1,10571
대전광역시 대덕구,3023000000,202604,1,2,10132
대전광역시 대덕구,3023000000,202604,1,3,10908
대전광역시 대덕구,3023000000,202604,1,4,10975
대전광역시 대덕구,3023000000,202604,1,5,15896
대전광역시 대덕구,3023000000,202604,1,6,24962
대전광역시 대덕구,3023000000,202604,2,1,10014
대전광역시 대덕구,3023000000,202604,2,2,8260
대전광역시 대덕구,3023000000,202604,2,3,8477
대전광역시 대덕구,3023000000,202604,2,4,9888
대전광역시 대덕구,3023000000,202604,2,5,15597
대전광역시 대덕구,3023000000,202604,2,6,28796
대전광역시 대덕구,3023000000,202605,1,1,10540
대전광역시 대덕구,3023000000,202605,1,2,10103
대전광역시 대덕구,3023000000,202605,1,3,10888
대전광역시 대덕구,3023000000,202605,1,4,10965
대전광역시 대덕구,3023000000,202605,1,5,15851
대전광역시 대덕구,3023000000,202605,1,6,25053
대전광역시 대덕구,3023000000,202605,2,1,9957
대전광역시 대덕구,3023000000,202605,2,2,8249
대전광역시 대덕구,3023000000,202605,2,3,8465
대전광역시 대덕구,3023000000,202605,2,4,9869
대전광역시 대덕구,3023000000,202605,2,5,15566
대전광역시 대덕구,3023000000,202605,2,6,28873
대전광역시 대덕구,3023000000,202606,1,1,10495
대전광역시 대덕구,3023000000,202606,1,2,10036
대전광역시 대덕구,3023000000,202606,1,3,10884
대전광역시 대덕구,3023000000,202606,1,4,10952
대전광역시 대덕구,3023000000,202606,1,5,15781
대전광역시 대덕구,3023000000,202606,1,6,25070
대전광역시 대덕구,3023000000,202606,2,1,9939
대전광역시 대덕구,3023000000,202606,2,2,8185
대전광역시 대덕구,3023000000,202606,2,3,8457
대전광역시 대덕구,3023000000,202606,2,4,9859
대전광역시 대덕구,3023000000,202606,2,5,15481
대전광역시 대덕구,3023000000,202606,2,6,28908
대전광역시 동구,3011000000,202601,1,1,15089
대전광역시 동구,3011000000,202601,1,2,14674
대전광역시 동구,3011000000,202601,1,3,13754
대전광역시 동구,3011000000,202601,1,4,15220
대전광역시 동구,3011000000,202601,1,5,18990
대전광역시 동구,3011000000,202601,1,6,32053
대전광역시 동구,3011000000,202601,2,1,14187
대전광역시 동구,3011000000,202601,2,2,13004
대전광역시 동구,3011000000,202601,2,3,11531
대전광역시 동구,3011000000,202601,2,4,13943
대전광역시 동구,3011000000,202601,2,5,17320
대전광역시 동구,3011000000,202601,2,6,38344
대전광역시 동구,3011000000,202602,1,1,15091
대전광역시 동구,3011000000,202602,1,2,14670
대전광역시 동구,3011000000,202602,1,3,13706
대전광역시 동구,3011000000,202602,1,4,15178
대전광역시 동구,3011000000,202602,1,5,18993
대전광역시 동구,3011000000,202602,1,6,32148
대전광역시 동구,3011000000,202602,2,1,14380
대전광역시 동구,3011000000,202602,2,2,12909
대전광역시 동구,3011000000,202602,2,3,11479
대전광역시 동구,3011000000,202602,2,4,13852
대전광역시 동구,3011000000,202602,2,5,17326
대전광역시 동구,3011000000,202602,2,6,38437
대전광역시 동구,3011000000,202603,1,1,15125
대전광역시 동구,3011000000,202603,1,2,14675
대전광역시 동구,3011000000,202603,1,3,13797
대전광역시 동구,3011000000,202603,1,4,15070
대전광역시 동구,3011000000,202603,1,5,18957
대전광역시 동구,3011000000,202603,1,6,32262
대전광역시 동구,3011000000,202603,2,1,14506
대전광역시 동구,3011000000,202603,2,2,12869
대전광역시 동구,3011000000,202603,2,3,11502
대전광역시 동구,3011000000,202603,2,4,13767
대전광역시 동구,3011000000,202603,2,5,17252
대전광역시 동구,3011000000,202603,2,6,38537
대전광역시 동구,3011000000,202604,1,1,15088
대전광역시 동구,3011000000,202604,1,2,14681
대전광역시 동구,3011000000,202604,1,3,13833
대전광역시 동구,3011000000,202604,1,4,15032
대전광역시 동구,3011000000,202604,1,5,18948
대전광역시 동구,3011000000,202604,1,6,32321
대전광역시 동구,3011000000,202604,2,1,14490
대전광역시 동구,3011000000,202604,2,2,12889
대전광역시 동구,3011000000,202604,2,3,11543
대전광역시 동구,3011000000,202604,2,4,13710
대전광역시 동구,3011000000,202604,2,5,17241
대전광역시 동구,3011000000,202604,2,6,38586
대전광역시 동구,3011000000,202605,1,1,15075
대전광역시 동구,3011000000,202605,1,2,14758
대전광역시 동구,3011000000,202605,1,3,13827
대전광역시 동구,3011000000,202605,1,4,15025
대전광역시 동구,3011000000,202605,1,5,18930
대전광역시 동구,3011000000,202605,1,6,32372
대전광역시 동구,3011000000,202605,2,1,14502
대전광역시 동구,3011000000,202605,2,2,12940
대전광역시 동구,3011000000,202605,2,3,11515
대전광역시 동구,3011000000,202605,2,4,13694
대전광역시 동구,3011000000,202605,2,5,17236
대전광역시 동구,3011000000,202605,2,6,38631
대전광역시 동구,3011000000,202606,1,1,15034
대전광역시 동구,3011000000,202606,1,2,14733
대전광역시 동구,3011000000,202606,1,3,13799
대전광역시 동구,3011000000,202606,1,4,15012
대전광역시 동구,3011000000,202606,1,5,18917
대전광역시 동구,3011000000,202606,1,6,32393
대전광역시 동구,3011000000,202606,2,1,14386
대전광역시 동구,3011000000,202606,2,2,12928
대전광역시 동구,3011000000,202606,2,3,11529
대전광역시 동구,3011000000,202606,2,4,13670
대전광역시 동구,3011000000,202606,2,5,17201
대전광역시 동구,3011000000,202606,2,6,38649
대전광역시 서구,3017000000,202601,1,1,37875
대전광역시 서구,3017000000,202601,1,2,31629
대전광역시 서구,3017000000,202601,1,3,34203
대전광역시 서구,3017000000,202601,1,4,33838
대전광역시 서구,3017000000,202601,1,5,37388
대전광역시 서구,3017000000,202601,1,6,52111
대전광역시 서구,3017000000,202601,2,1,35828
대전광역시 서구,3017000000,202601,2,2,31653
대전광역시 서구,3017000000,202601,2,3,31234
대전광역시 서구,3017000000,202601,2,4,35404
대전광역시 서구,3017000000,202601,2,5,39721
대전광역시 서구,3017000000,202601,2,6,62559
대전광역시 서구,3017000000,202602,1,1,37872
대전광역시 서구,3017000000,202602,1,2,31621
대전광역시 서구,3017000000,202602,1,3,34154
대전광역시 서구,3017000000,202602,1,4,33863
대전광역시 서구,3017000000,202602,1,5,37399
대전광역시 서구,3017000000,202602,1,6,52336
대전광역시 서구,3017000000,202602,2,1,35818
대전광역시 서구,3017000000,202602,2,2,31601
대전광역시 서구,3017000000,202602,2,3,31216
대전광역시 서구,3017000000,202602,2,4,35409
대전광역시 서구,3017000000,202602,2,5,39782
대전광역시 서구,3017000000,202602,2,6,62792
대전광역시 서구,3017000000,202603,1,1,37750
대전광역시 서구,3017000000,202603,1,2,31530
대전광역시 서구,3017000000,202603,1,3,34293
대전광역시 서구,3017000000,202603,1,4,33701
대전광역시 서구,3017000000,202603,1,5,37259
대전광역시 서구,3017000000,202603,1,6,52536
대전광역시 서구,3017000000,202603,2,1,35743
대전광역시 서구,3017000000,202603,2,2,31558
대전광역시 서구,3017000000,202603,2,3,31358
대전광역시 서구,3017000000,202603,2,4,35155
대전광역시 서구,3017000000,202603,2,5,39680
대전광역시 서구,3017000000,202603,2,6,63053
대전광역시 서구,3017000000,202604,1,1,37668
대전광역시 서구,3017000000,202604,1,2,31434
대전광역시 서구,3017000000,202604,1,3,34429
대전광역시 서구,3017000000,202604,1,4,33668
대전광역시 서구,3017000000,202604,1,5,37234
대전광역시 서구,3017000000,202604,1,6,52579
대전광역시 서구,3017000000,202604,2,1,35654
대전광역시 서구,3017000000,202604,2,2,31546
대전광역시 서구,3017000000,202604,2,3,31480
대전광역시 서구,3017000000,202604,2,4,35043
대전광역시 서구,3017000000,202604,2,5,39670
대전광역시 서구,3017000000,202604,2,6,63169
대전광역시 서구,3017000000,202605,1,1,37600
대전광역시 서구,3017000000,202605,1,2,31339
대전광역시 서구,3017000000,202605,1,3,34552
대전광역시 서구,3017000000,202605,1,4,33638
대전광역시 서구,3017000000,202605,1,5,37208
대전광역시 서구,3017000000,202605,1,6,52701
대전광역시 서구,3017000000,202605,2,1,35591
대전광역시 서구,3017000000,202605,2,2,31497
대전광역시 서구,3017000000,202605,2,3,31558
대전광역시 서구,3017000000,202605,2,4,34997
대전광역시 서구,3017000000,202605,2,5,39629
대전광역시 서구,3017000000,202605,2,6,63291
대전광역시 서구,3017000000,202606,1,1,37614
대전광역시 서구,3017000000,202606,1,2,31293
대전광역시 서구,3017000000,202606,1,3,34738
대전광역시 서구,3017000000,202606,1,4,33743
대전광역시 서구,3017000000,202606,1,5,37231
대전광역시 서구,3017000000,202606,1,6,52794
대전광역시 서구,3017000000,202606,2,1,35626
대전광역시 서구,3017000000,202606,2,2,31416
대전광역시 서구,3017000000,202606,2,3,31773
대전광역시 서구,3017000000,202606,2,4,35021
대전광역시 서구,3017000000,202606,2,5,39670
대전광역시 서구,3017000000,202606,2,6,63440
대전광역시 유성구,3020000000,202601,1,1,34532
대전광역시 유성구,3020000000,202601,1,2,28278
대전광역시 유성구,3020000000,202601,1,3,31285
대전광역시 유성구,3020000000,202601,1,4,28783
대전광역시 유성구,3020000000,202601,1,5,29052
대전광역시 유성구,3020000000,202601,1,6,34715
대전광역시 유성구,3020000000,202601,2,1,32447
대전광역시 유성구,3020000000,202601,2,2,23854
대전광역시 유성구,3020000000,202601,2,3,27194
대전광역시 유성구,3020000000,202601,2,4,29325
대전광역시 유성구,3020000000,202601,2,5,29823
대전광역시 유성구,3020000000,202601,2,6,39066
대전광역시 유성구,3020000000,202602,1,1,34589
대전광역시 유성구,3020000000,202602,1,2,28286
대전광역시 유성구,3020000000,202602,1,3,31309
대전광역시 유성구,3020000000,202602,1,4,28872
대전광역시 유성구,3020000000,202602,1,5,29086
대전광역시 유성구,3020000000,202602,1,6,34917
대전광역시 유성구,3020000000,202602,2,1,32632
대전광역시 유성구,3020000000,202602,2,2,23791
대전광역시 유성구,3020000000,202602,2,3,27188
대전광역시 유성구,3020000000,202602,2,4,29335
대전광역시 유성구,3020000000,202602,2,5,29869
대전광역시 유성구,3020000000,202602,2,6,39239
대전광역시 유성구,3020000000,202603,1,1,34605
대전광역시 유성구,3020000000,202603,1,2,28315
대전광역시 유성구,3020000000,202603,1,3,31538
대전광역시 유성구,3020000000,202603,1,4,28842
대전광역시 유성구,3020000000,202603,1,5,29136
대전광역시 유성구,3020000000,202603,1,6,35135
대전광역시 유성구,3020000000,202603,2,1,32683
대전광역시 유성구,3020000000,202603,2,2,23812
대전광역시 유성구,3020000000,202603,2,3,27335
대전광역시 유성구,3020000000,202603,2,4,29301
대전광역시 유성구,3020000000,202603,2,5,29887
대전광역시 유성구,3020000000,202603,2,6,39473
대전광역시 유성구,3020000000,202604,1,1,34646
대전광역시 유성구,3020000000,202604,1,2,28283
대전광역시 유성구,3020000000,202604,1,3,31644
대전광역시 유성구,3020000000,202604,1,4,28879
대전광역시 유성구,3020000000,202604,1,5,29154
대전광역시 유성구,3020000000,202604,1,6,35276
대전광역시 유성구,3020000000,202604,2,1,32686
대전광역시 유성구,3020000000,202604,2,2,23823
대전광역시 유성구,3020000000,202604,2,3,27415
대전광역시 유성구,3020000000,202604,2,4,29273
대전광역시 유성구,3020000000,202604,2,5,29951
대전광역시 유성구,3020000000,202604,2,6,39580
대전광역시 유성구,3020000000,202605,1,1,34634
대전광역시 유성구,3020000000,202605,1,2,28338
대전광역시 유성구,3020000000,202605,1,3,31688
대전광역시 유성구,3020000000,202605,1,4,28905
대전광역시 유성구,3020000000,202605,1,5,29149
대전광역시 유성구,3020000000,202605,1,6,35407
대전광역시 유성구,3020000000,202605,2,1,32668
대전광역시 유성구,3020000000,202605,2,2,23900
대전광역시 유성구,3020000000,202605,2,3,27533
대전광역시 유성구,3020000000,202605,2,4,29250
대전광역시 유성구,3020000000,202605,2,5,29975
대전광역시 유성구,3020000000,202605,2,6,39700
대전광역시 유성구,3020000000,202606,1,1,34536
대전광역시 유성구,3020000000,202606,1,2,28344
대전광역시 유성구,3020000000,202606,1,3,31719
대전광역시 유성구,3020000000,202606,1,4,28915
대전광역시 유성구,3020000000,202606,1,5,29099
대전광역시 유성구,3020000000,202606,1,6,35490
대전광역시 유성구,3020000000,202606,2,1,32590
대전광역시 유성구,3020000000,202606,2,2,23917
대전광역시 유성구,3020000000,202606,2,3,27526
대전광역시 유성구,3020000000,202606,2,4,29227
대전광역시 유성구,3020000000,202606,2,5,29975
대전광역시 유성구,3020000000,202606,2,6,39766
대전광역시 중구,3014000000,202601,1,1,15942
대전광역시 중구,3014000000,202601,1,2,12528
대전광역시 중구,3014000000,202601,1,3,13680
대전광역시 중구,3014000000,202601,1,4,15626
대전광역시 중구,3014000000,202601,1,5,19602
대전광역시 중구,3014000000,202601,1,6,32981
대전광역시 중구,3014000000,202601,2,1,15341
대전광역시 중구,3014000000,202601,2,2,12535
대전광역시 중구,3014000000,202601,2,3,12646
대전광역시 중구,3014000000,202601,2,4,15331
대전광역시 중구,3014000000,202601,2,5,19020
대전광역시 중구,3014000000,202601,2,6,40191
대전광역시 중구,3014000000,202602,1,1,15851
대전광역시 중구,3014000000,202602,1,2,12492
대전광역시 중구,3014000000,202602,1,3,13645
대전광역시 중구,3014000000,202602,1,4,15570
대전광역시 중구,3014000000,202602,1,5,19593
대전광역시 중구,3014000000,202602,1,6,33072
대전광역시 중구,3014000000,202602,2,1,15252
대전광역시 중구,3014000000,202602,2,2,12565
대전광역시 중구,3014000000,202602,2,3,12596
대전광역시 중구,3014000000,202602,2,4,15230
대전광역시 중구,3014000000,202602,2,5,19073
대전광역시 중구,3014000000,202602,2,6,40311
대전광역시 중구,3014000000,202603,1,1,15763
대전광역시 중구,3014000000,202603,1,2,12417
대전광역시 중구,3014000000,202603,1,3,13635
대전광역시 중구,3014000000,202603,1,4,15462
대전광역시 중구,3014000000,202603,1,5,19531
대전광역시 중구,3014000000,202603,1,6,33180
대전광역시 중구,3014000000,202603,2,1,15191
대전광역시 중구,3014000000,202603,2,2,12492
대전광역시 중구,3014000000,202603,2,3,12627
대전광역시 중구,3014000000,202603,2,4,15210
대전광역시 중구,3014000000,202603,2,5,18985
대전광역시 중구,3014000000,202603,2,6,40499
대전광역시 중구,3014000000,202604,1,1,15705
대전광역시 중구,3014000000,202604,1,2,12360
대전광역시 중구,3014000000,202604,1,3,13658
대전광역시 중구,3014000000,202604,1,4,15394
대전광역시 중구,3014000000,202604,1,5,19498
대전광역시 중구,3014000000,202604,1,6,33193
대전광역시 중구,3014000000,202604,2,1,15117
대전광역시 중구,3014000000,202604,2,2,12431
대전광역시 중구,3014000000,202604,2,3,12635
대전광역시 중구,3014000000,202604,2,4,15139
대전광역시 중구,3014000000,202604,2,5,19015
대전광역시 중구,3014000000,202604,2,6,40520
대전광역시 중구,3014000000,202605,1,1,15668
대전광역시 중구,3014000000,202605,1,2,12295
대전광역시 중구,3014000000,202605,1,3,13641
대전광역시 중구,3014000000,202605,1,4,15376
대전광역시 중구,3014000000,202605,1,5,19486
대전광역시 중구,3014000000,202605,1,6,33258
대전광역시 중구,3014000000,202605,2,1,15101
대전광역시 중구,3014000000,202605,2,2,12427
대전광역시 중구,3014000000,202605,2,3,12647
대전광역시 중구,3014000000,202605,2,4,15111
대전광역시 중구,3014000000,202605,2,5,19009
대전광역시 중구,3014000000,202605,2,6,40562
대전광역시 중구,3014000000,202606,1,1,15612
대전광역시 중구,3014000000,202606,1,2,12230
대전광역시 중구,3014000000,202606,1,3,13663
대전광역시 중구,3014000000,202606,1,4,15326
대전광역시 중구,3014000000,202606,1,5,19400
대전광역시 중구,3014000000,202606,1,6,33274
대전광역시 중구,3014000000,202606,2,1,15055
대전광역시 중구,3014000000,202606,2,2,12401
대전광역시 중구,3014000000,202606,2,3,12679
대전광역시 중구,3014000000,202606,2,4,15111
대전광역시 중구,3014000000,202606,2,5,18960
대전광역시 중구,3014000000,202606,2,6,40562
부산광역시 강서구,2644000000,202601,1,1,17661
부산광역시 강서구,2644000000,202601,1,2,5770
부산광역시 강서구,2644000000,202601,1,3,12201
부산광역시 강서구,2644000000,202601,1,4,16878
부산광역시 강서구,2644000000,202601,1,5,10185
부산광역시 강서구,2644000000,202601,1,6,15279
부산광역시 강서구,2644000000,202601,2,1,16907
부산광역시 강서구,2644000000,202601,2,2,4822
부산광역시 강서구,2644000000,202601,2,3,11654
부산광역시 강서구,2644000000,202601,2,4,14456
부산광역시 강서구,2644000000,202601,2,5,8592
부산광역시 강서구,2644000000,202601,2,6,16443
부산광역시 강서구,2644000000,202602,1,1,17867
부산광역시 강서구,2644000000,202602,1,2,5755
부산광역시 강서구,2644000000,202602,1,3,12260
부산광역시 강서구,2644000000,202602,1,4,17032
부산광역시 강서구,2644000000,202602,1,5,10265
부산광역시 강서구,2644000000,202602,1,6,15353
부산광역시 강서구,2644000000,202602,2,1,17044
부산광역시 강서구,2644000000,202602,2,2,4834
부산광역시 강서구,2644000000,202602,2,3,11754
부산광역시 강서구,2644000000,202602,2,4,14623
부산광역시 강서구,2644000000,202602,2,5,8623
부산광역시 강서구,2644000000,202602,2,6,16478
부산광역시 강서구,2644000000,202603,1,1,17922
부산광역시 강서구,2644000000,202603,1,2,5753
부산광역시 강서구,2644000000,202603,1,3,12318
부산광역시 강서구,2644000000,202603,1,4,17051
부산광역시 강서구,2644000000,202603,1,5,10329
부산광역시 강서구,2644000000,202603,1,6,15424
부산광역시 강서구,2644000000,202603,2,1,17106
부산광역시 강서구,2644000000,202603,2,2,4806
부산광역시 강서구,2644000000,202603,2,3,11840
부산광역시 강서구,2644000000,202603,2,4,14686
부산광역시 강서구,2644000000,202603,2,5,8622
부산광역시 강서구,2644000000,202603,2,6,16557
부산광역시 강서구,2644000000,202604,1,1,17961
부산광역시 강서구,2644000000,202604,1,2,5767
부산광역시 강서구,2644000000,202604,1,3,12354
부산광역시 강서구,2644000000,202604,1,4,17071
부산광역시 강서구,2644000000,202604,1,5,10392
부산광역시 강서구,2644000000,202604,1,6,15443
부산광역시 강서구,2644000000,202604,2,1,17157
부산광역시 강서구,2644000000,202604,2,2,4808
부산광역시 강서구,2644000000,202604,2,3,11852
부산광역시 강서구,2644000000,202604,2,4,14780
부산광역시 강서구,2644000000,202604,2,5,8633
부산광역시 강서구,2644000000,202604,2,6,16608
부산광역시 강서구,2644000000,202605,1,1,18012
부산광역시 강서구,2644000000,202605,1,2,5791
부산광역시 강서구,2644000000,202605,1,3,12363
부산광역시 강서구,2644000000,202605,1,4,17121
부산광역시 강서구,2644000000,202605,1,5,10434
부산광역시 강서구,2644000000,202605,1,6,15492
부산광역시 강서구,2644000000,202605,2,1,17198
부산광역시 강서구,2644000000,202605,2,2,4798
부산광역시 강서구,2644000000,202605,2,3,11847
부산광역시 강서구,2644000000,202605,2,4,14840
부산광역시 강서구,2644000000,202605,2,5,8650
부산광역시 강서구,2644000000,202605,2,6,16629
부산광역시 강서구,2644000000,202606,1,1,18033
부산광역시 강서구,2644000000,202606,1,2,5791
부산광역시 강서구,2644000000,202606,1,3,12397
부산광역시 강서구,2644000000,202606,1,4,17144
부산광역시 강서구,2644000000,202606,1,5,10467
부산광역시 강서구,2644000000,202606,1,6,15544
부산광역시 강서구,2644000000,202606,2,1,17262
부산광역시 강서구,2644000000,202606,2,2,4818
부산광역시 강서구,2644000000,202606,2,3,11825
부산광역시 강서구,2644000000,202606,2,4,14919
부산광역시 강서구,2644000000,202606,2,5,8670
부산광역시 강서구,2644000000,202606,2,6,16685
부산광역시 금정구,2641000000,202601,1,1,11735
부산광역시 금정구,2641000000,202601,1,2,13636
부산광역시 금정구,2641000000,202601,1,3,11173
부산광역시 금정구,2641000000,202601,1,4,12745
부산광역시 금정구,2641000000,202601,1,5,16260
부산광역시 금정구,2641000000,202601,1,6,34602
부산광역시 금정구,2641000000,202601,2,1,11425
부산광역시 금정구,2641000000,202601,2,2,11813
부산광역시 금정구,2641000000,202601,2,3,9451
부산광역시 금정구,2641000000,202601,2,4,12512
부산광역시 금정구,2641000000,202601,2,5,17400
부산광역시 금정구,2641000000,202601,2,6,43287
부산광역시 금정구,2641000000,202602,1,1,11721
부산광역시 금정구,2641000000,202602,1,2,13671
부산광역시 금정구,2641000000,202602,1,3,11135
부산광역시 금정구,2641000000,202602,1,4,12690
부산광역시 금정구,2641000000,202602,1,5,16191
부산광역시 금정구,2641000000,202602,1,6,34678
부산광역시 금정구,2641000000,202602,2,1,11519
부산광역시 금정구,2641000000,202602,2,2,11715
부산광역시 금정구,2641000000,202602,2,3,9423
부산광역시 금정구,2641000000,202602,2,4,12447
부산광역시 금정구,2641000000,202602,2,5,17377
부산광역시 금정구,2641000000,202602,2,6,43365
부산광역시 금정구,2641000000,202603,1,1,11729
부산광역시 금정구,2641000000,202603,1,2,13748
부산광역시 금정구,2641000000,202603,1,3,11081
부산광역시 금정구,2641000000,202603,1,4,12650
부산광역시 금정구,2641000000,202603,1,5,16104
부산광역시 금정구,2641000000,202603,1,6,34759
부산광역시 금정구,2641000000,202603,2,1,11612
부산광역시 금정구,2641000000,202603,2,2,11747
부산광역시 금정구,2641000000,202603,2,3,9444
부산광역시 금정구,2641000000,202603,2,4,12386
부산광역시 금정구,2641000000,202603,2,5,17269
부산광역시 금정구,2641000000,202603,2,6,43504
부산광역시 금정구,2641000000,202604,1,1,11682
부산광역시 금정구,2641000000,202604,1,2,13758
부산광역시 금정구,2641000000,202604,1,3,11062
부산광역시 금정구,2641000000,202604,1,4,12617
부산광역시 금정구,2641000000,202604,1,5,16049
부산광역시 금정구,2641000000,202604,1,6,34826
부산광역시 금정구,2641000000,202604,2,1,11590
부산광역시 금정구,2641000000,202604,2,2,11743
부산광역시 금정구,2641000000,202604,2,3,9429
부산광역시 금정구,2641000000,202604,2,4,12343
부산광역시 금정구,2641000000,202604,2,5,17252
부산광역시 금정구,2641000000,202604,2,6,43529
부산광역시 금정구,2641000000,202605,1,1,11654
부산광역시 금정구,2641000000,202605,1,2,13753
부산광역시 금정구,2641000000,202605,1,3,11087
부산광역시 금정구,2641000000,202605,1,4,12615
부산광역시 금정구,2641000000,202605,1,5,15990
부산광역시 금정구,2641000000,202605,1,6,34892
부산광역시 금정구,2641000000,202605,2,1,11581
부산광역시 금정구,2641000000,202605,2,2,11803
부산광역시 금정구,2641000000,202605,2,3,9442
부산광역시 금정구,2641000000,202605,2,4,12318
부산광역시 금정구,2641000000,202605,2,5,17196
부산광역시 금정구,2641000000,202605,2,6,43637
부산광역시 금정구,2641000000,202606,1,1,11596
부산광역시 금정구,2641000000,202606,1,2,13704
부산광역시 금정구,2641000000,202606,1,3,11073
부산광역시 금정구,2641000000,202606,1,4,12601
부산광역시 금정구,2641000000,202606,1,5,15954
부산광역시 금정구,2641000000,202606,1,6,34926
부산광역시 금정구,2641000000,202606,2,1,11507
부산광역시 금정구,2641000000,202606,2,2,11755
부산광역시 금정구,2641000000,202606,2,3,9443
부산광역시 금정구,2641000000,202606,2,4,12318
부산광역시 금정구,2641000000,202606,2,5,17144
부산광역시 금정구,2641000000,202606,2,6,43651
부산광역시 기장군,2671000000,202601,1,1,16640
부산광역시 기장군,2671000000,202601,1,2,7937
부산광역시 기장군,2671000000,202601,1,3,10440
부산광역시 기장군,2671000000,202601,1,4,15785
부산광역시 기장군,2671000000,202601,1,5,14487
부산광역시 기장군,2671000000,202601,1,6,21588
부산광역시 기장군,2671000000,202601,2,1,15809
부산광역시 기장군,2671000000,202601,2,2,6826
부산광역시 기장군,2671000000,202601,2,3,9760
부산광역시 기장군,2671000000,202601,2,4,15581
부산광역시 기장군,2671000000,202601,2,5,13711
부산광역시 기장군,2671000000,202601,2,6,26726
부산광역시 기장군,2671000000,202602,1,1,16580
부산광역시 기장군,2671000000,202602,1,2,7900
부산광역시 기장군,2671000000,202602,1,3,10444
부산광역시 기장군,2671000000,202602,1,4,15759
부산광역시 기장군,2671000000,202602,1,5,14508
부산광역시 기장군,2671000000,202602,1,6,21696
부산광역시 기장군,2671000000,202602,2,1,15745
부산광역시 기장군,2671000000,202602,2,2,6796
부산광역시 기장군,2671000000,202602,2,3,9711
부산광역시 기장군,2671000000,202602,2,4,15553
부산광역시 기장군,2671000000,202602,2,5,13733
부산광역시 기장군,2671000000,202602,2,6,26848
부산광역시 기장군,2671000000,202603,1,1,16537
부산광역시 기장군,2671000000,202603,1,2,7855
부산광역시 기장군,2671000000,202603,1,3,10464
부산광역시 기장군,2671000000,202603,1,4,15682
부산광역시 기장군,2671000000,202603,1,5,14496
부산광역시 기장군,2671000000,202603,1,6,21862
부산광역시 기장군,2671000000,202603,2,1,15711
부산광역시 기장군,2671000000,202603,2,2,6717
부산광역시 기장군,2671000000,202603,2,3,9726
부산광역시 기장군,2671000000,202603,2,4,15509
부산광역시 기장군,2671000000,202603,2,5,13776
부산광역시 기장군,2671000000,202603,2,6,26950
부산광역시 기장군,2671000000,202604,1,1,16510
부산광역시 기장군,2671000000,202604,1,2,7835
부산광역시 기장군,2671000000,202604,1,3,10484
부산광역시 기장군,2671000000,202604,1,4,15595
부산광역시 기장군,2671000000,202604,1,5,14540
부산광역시 기장군,2671000000,202604,1,6,21916
부산광역시 기장군,2671000000,202604,2,1,15687
부산광역시 기장군,2671000000,202604,2,2,6705
부산광역시 기장군,2671000000,202604,2,3,9714
부산광역시 기장군,2671000000,202604,2,4,15464
부산광역시 기장군,2671000000,202604,2,5,13830
부산광역시 기장군,2671000000,202604,2,6,26987
부산광역시 기장군,2671000000,202605,1,1,16488
부산광역시 기장군,2671000000,202605,1,2,7802
부산광역시 기장군,2671000000,202605,1,3,10524
부산광역시 기장군,2671000000,202605,1,4,15571
부산광역시 기장군,2671000000,202605,1,5,14542
부산광역시 기장군,2671000000,202605,1,6,21965
부산광역시 기장군,2671000000,202605,2,1,15662
부산광역시 기장군,2671000000,202605,2,2,6680
부산광역시 기장군,2671000000,202605,2,3,9711
부산광역시 기장군,2671000000,202605,2,4,15414
부산광역시 기장군,2671000000,202605,2,5,13838
부산광역시 기장군,2671000000,202605,2,6,27076
부산광역시 기장군,2671000000,202606,1,1,16469
부산광역시 기장군,2671000000,202606,1,2,7796
부산광역시 기장군,2671000000,202606,1,3,10517
부산광역시 기장군,2671000000,202606,1,4,15581
부산광역시 기장군,2671000000,202606,1,5,14555
부산광역시 기장군,2671000000,202606,1,6,21983
부산광역시 기장군,2671000000,202606,2,1,15623
부산광역시 기장군,2671000000,202606,2,2,6663
부산광역시 기장군,2671000000,202606,2,3,9696
부산광역시 기장군,2671000000,202606,2,4,15417
부산광역시 기장군,2671000000,202606,2,5,13834
부산광역시 기장군,2671000000,202606,2,6,27128
부산광역시 남구,2629000000,202601,1,1,17590
부산광역시 남구,2629000000,202601,1,2,15654
부산광역시 남구,2629000000,202601,1,3,13893
부산광역시 남구,2629000000,202601,1,4,17379
부산광역시 남구,2629000000,202601,1,5,20540
부산광역시 남구,2629000000,202601,1,6,36702
부산광역시 남구,2629000000,202601,2,1,16673
부산광역시 남구,2629000000,202601,2,2,14457
부산광역시 남구,2629000000,202601,2,3,13066
부산광역시 남구,2629000000,202601,2,4,17556
부산광역시 남구,2629000000,202601,2,5,20920
부산광역시 남구,2629000000,202601,2,6,46684
부산광역시 남구,2629000000,202602,1,1,17762
부산광역시 남구,2629000000,202602,1,2,15845
부산광역시 남구,2629000000,202602,1,3,14094
부산광역시 남구,2629000000,202602,1,4,17446
부산광역시 남구,2629000000,202602,1,5,20602
부산광역시 남구,2629000000,202602,1,6,36870
부산광역시 남구,2629000000,202602,2,1,16944
부산광역시 남구,2629000000,202602,2,2,14449
부산광역시 남구,2629000000,202602,2,3,13233
부산광역시 남구,2629000000,202602,2,4,17634
부산광역시 남구,2629000000,202602,2,5,21005
부산광역시 남구,2629000000,202602,2,6,46865
부산광역시 남구,2629000000,202603,1,1,17879
부산광역시 남구,2629000000,202603,1,2,15919
부산광역시 남구,2629000000,202603,1,3,14294
부산광역시 남구,2629000000,202603,1,4,17434
부산광역시 남구,2629000000,202603,1,5,20616
부산광역시 남구,2629000000,202603,1,6,36987
부산광역시 남구,2629000000,202603,2,1,17097
부산광역시 남구,2629000000,202603,2,2,14481
부산광역시 남구,2629000000,202603,2,3,13379
부산광역시 남구,2629000000,202603,2,4,17609
부산광역시 남구,2629000000,202603,2,5,21018
부산광역시 남구,2629000000,202603,2,6,47055
부산광역시 남구,2629000000,202604,1,1,17846
부산광역시 남구,2629000000,202604,1,2,15926
부산광역시 남구,2629000000,202604,1,3,14370
부산광역시 남구,2629000000,202604,1,4,17409
부산광역시 남구,2629000000,202604,1,5,20603
부산광역시 남구,2629000000,202604,1,6,37052
부산광역시 남구,2629000000,202604,2,1,17082
부산광역시 남구,2629000000,202604,2,2,14472
부산광역시 남구,2629000000,202604,2,3,13419
부산광역시 남구,2629000000,202604,2,4,17578
부산광역시 남구,2629000000,202604,2,5,21038
부산광역시 남구,2629000000,202604,2,6,47118
부산광역시 남구,2629000000,202605,1,1,17834
부산광역시 남구,2629000000,202605,1,2,15922
부산광역시 남구,2629000000,202605,1,3,14419
부산광역시 남구,2629000000,202605,1,4,17447
부산광역시 남구,2629000000,202605,1,5,20586
부산광역시 남구,2629000000,202605,1,6,37119
부산광역시 남구,2629000000,202605,2,1,17068
부산광역시 남구,2629000000,202605,2,2,14468
부산광역시 남구,2629000000,202605,2,3,13488
부산광역시 남구,2629000000,202605,2,4,17591
부산광역시 남구,2629000000,202605,2,5,21034
부산광역시 남구,2629000000,202605,2,6,47198
부산광역시 남구,2629000000,202606,1,1,17812
부산광역시 남구,2629000000,202606,1,2,15908
부산광역시 남구,2629000000,202606,1,3,14494
부산광역시 남구,2629000000,202606,1,4,17443
부산광역시 남구,2629000000,202606,1,5,20577
부산광역시 남구,2629000000,202606,1,6,37182
부산광역시 남구,2629000000,202606,2,1,17005
부산광역시 남구,2629000000,202606,2,2,14493
부산광역시 남구,2629000000,202606,2,3,13552
부산광역시 남구,2629000000,202606,2,4,17610
부산광역시 남구,2629000000,202606,2,5,21067
부산광역시 남구,2629000000,202606,2,6,47270
부산광역시 동구,2617000000,202601,1,1,4059
부산광역시 동구,2617000000,202601,1,2,3771
부산광역시 동구,2617000000,202601,1,3,5545
부산광역시 동구,2617000000,202601,1,4,5651
부산광역시 동구,2617000000,202601,1,5,7043
부산광역시 동구,2617000000,202601,1,6,14578
부산광역시 동구,2617000000,202601,2,1,3882
부산광역시 동구,2617000000,202601,2,2,4209
부산광역시 동구,2617000000,202601,2,3,5069
부산광역시 동구,2617000000,202601,2,4,4843
부산광역시 동구,2617000000,202601,2,5,6460
부산광역시 동구,2617000000,202601,2,6,18655
부산광역시 동구,2617000000,202602,1,1,4030
부산광역시 동구,2617000000,202602,1,2,3734
부산광역시 동구,2617000000,202602,1,3,5526
부산광역시 동구,2617000000,202602,1,4,5619
부산광역시 동구,2617000000,202602,1,5,7056
부산광역시 동구,2617000000,202602,1,6,14587
부산광역시 동구,2617000000,202602,2,1,3844
부산광역시 동구,2617000000,202602,2,2,4195
부산광역시 동구,2617000000,202602,2,3,5023
부산광역시 동구,2617000000,202602,2,4,4838
부산광역시 동구,2617000000,202602,2,5,6437
부산광역시 동구,2617000000,202602,2,6,18664
부산광역시 동구,2617000000,202603,1,1,4032
부산광역시 동구,2617000000,202603,1,2,3696
부산광역시 동구,2617000000,202603,1,3,5535
부산광역시 동구,2617000000,202603,1,4,5590
부산광역시 동구,2617000000,202603,1,5,7045
부산광역시 동구,2617000000,202603,1,6,14644
부산광역시 동구,2617000000,202603,2,1,3836
부산광역시 동구,2617000000,202603,2,2,4177
부산광역시 동구,2617000000,202603,2,3,5024
부산광역시 동구,2617000000,202603,2,4,4832
부산광역시 동구,2617000000,202603,2,5,6422
부산광역시 동구,2617000000,202603,2,6,18697
부산광역시 동구,2617000000,202604,1,1,4029
부산광역시 동구,2617000000,202604,1,2,3690
부산광역시 동구,2617000000,202604,1,3,5514
부산광역시 동구,2617000000,202604,1,4,5581
부산광역시 동구,2617000000,202604,1,5,7033
부산광역시 동구,2617000000,202604,1,6,14663
부산광역시 동구,2617000000,202604,2,1,3828
부산광역시 동구,2617000000,202604,2,2,4169
부산광역시 동구,2617000000,202604,2,3,5004
부산광역시 동구,2617000000,202604,2,4,4843
부산광역시 동구,2617000000,202604,2,5,6410
부산광역시 동구,2617000000,202604,2,6,18711
부산광역시 동구,2617000000,202605,1,1,4033
부산광역시 동구,2617000000,202605,1,2,3681
부산광역시 동구,2617000000,202605,1,3,5526
부산광역시 동구,2617000000,202605,1,4,5573
부산광역시 동구,2617000000,202605,1,5,7024
부산광역시 동구,2617000000,202605,1,6,14683
부산광역시 동구,2617000000,202605,2,1,3813
부산광역시 동구,2617000000,202605,2,2,4154
부산광역시 동구,2617000000,202605,2,3,5016
부산광역시 동구,2617000000,202605,2,4,4821
부산광역시 동구,2617000000,202605,2,5,6398
부산광역시 동구,2617000000,202605,2,6,18710
부산광역시 동구,2617000000,202606,1,1,4026
부산광역시 동구,2617000000,202606,1,2,3658
부산광역시 동구,2617000000,202606,1,3,5559
부산광역시 동구,2617000000,202606,1,4,5573
부산광역시 동구,2617000000,202606,1,5,7012
부산광역시 동구,2617000000,202606,1,6,14680
부산광역시 동구,2617000000,202606,2,1,3804
부산광역시 동구,2617000000,202606,2,2,4119
부산광역시 동구,2617000000,202606,2,3,5022
부산광역시 동구,2617000000,202606,2,4,4828
부산광역시 동구,2617000000,202606,2,5,6361
부산광역시 동구,2617000000,202606,2,6,18712
부산광역시 동래구,2626000000,202601,1,1,22475
부산광역시 동래구,2626000000,202601,1,2,13026
부산광역시 동래구,2626000000,202601,1,3,16063
부산광역시 동래구,2626000000,202601,1,4,20776
부산광역시 동래구,2626000000,202601,1,5,21586
부산광역시 동래구,2626000000,202601,1,6,37535
부산광역시 동래구,2626000000,202601,2,1,21065
부산광역시 동래구,2626000000,202601,2,2,12613
부산광역시 동래구,2626000000,202601,2,3,16085
부산광역시 동래구,2626000000,202601,2,4,21606
부산광역시 동래구,2626000000,202601,2,5,22885
부산광역시 동래구,2626000000,202601,2,6,47456
부산광역시 동래구,2626000000,202602,1,1,22424
부산광역시 동래구,2626000000,202602,1,2,12918
부산광역시 동래구,2626000000,202602,1,3,15981
부산광역시 동래구,2626000000,202602,1,4,20748
부산광역시 동래구,2626000000,202602,1,5,21529
부산광역시 동래구,2626000000,202602,1,6,37598
부산광역시 동래구,2626000000,202602,2,1,20994
부산광역시 동래구,2626000000,202602,2,2,12576
부산광역시 동래구,2626000000,202602,2,3,16012
부산광역시 동래구,2626000000,202602,2,4,21565
부산광역시 동래구,2626000000,202602,2,5,22835
부산광역시 동래구,2626000000,202602,2,6,47578
부산광역시 동래구,2626000000,202603,1,1,22302
부산광역시 동래구,2626000000,202603,1,2,12813
부산광역시 동래구,2626000000,202603,1,3,15969
부산광역시 동래구,2626000000,202603,1,4,20706
부산광역시 동래구,2626000000,202603,1,5,21408
부산광역시 동래구,2626000000,202603,1,6,37682
부산광역시 동래구,2626000000,202603,2,1,20918
부산광역시 동래구,2626000000,202603,2,2,12495
부산광역시 동래구,2626000000,202603,2,3,15979
부산광역시 동래구,2626000000,202603,2,4,21448
부산광역시 동래구,2626000000,202603,2,5,22743
부산광역시 동래구,2626000000,202603,2,6,47692
부산광역시 동래구,2626000000,202604,1,1,22277
부산광역시 동래구,2626000000,202604,1,2,12717
부산광역시 동래구,2626000000,202604,1,3,15950
부산광역시 동래구,2626000000,202604,1,4,20666
부산광역시 동래구,2626000000,202604,1,5,21384
부산광역시 동래구,2626000000,202604,1,6,37711
부산광역시 동래구,2626000000,202604,2,1,20904
부산광역시 동래구,2626000000,202604,2,2,12379
부산광역시 동래구,2626000000,202604,2,3,15997
부산광역시 동래구,2626000000,202604,2,4,21390
부산광역시 동래구,2626000000,202604,2,5,22669
부산광역시 동래구,2626000000,202604,2,6,47771
부산광역시 동래구,2626000000,202605,1,1,22227
부산광역시 동래구,2626000000,202605,1,2,12672
부산광역시 동래구,2626000000,202605,1,3,15897
부산광역시 동래구,2626000000,202605,1,4,20641
부산광역시 동래구,2626000000,202605,1,5,21344
부산광역시 동래구,2626000000,202605,1,6,37733
부산광역시 동래구,2626000000,202605,2,1,20879
부산광역시 동래구,2626000000,202605,2,2,12327
부산광역시 동래구,2626000000,202605,2,3,15933
부산광역시 동래구,2626000000,202605,2,4,21367
부산광역시 동래구,2626000000,202605,2,5,22614
부산광역시 동래구,2626000000,202605,2,6,47803
부산광역시 동래구,2626000000,202606,1,1,22205
부산광역시 동래구,2626000000,202606,1,2,12601
부산광역시 동래구,2626000000,202606,1,3,15845
부산광역시 동래구,2626000000,202606,1,4,20653
부산광역시 동래구,2626000000,202606,1,5,21273
부산광역시 동래구,2626000000,202606,1,6,37736
부산광역시 동래구,2626000000,202606,2,1,20852
부산광역시 동래구,2626000000,202606,2,2,12298
부산광역시 동래구,2626000000,202606,2,3,15900
부산광역시 동래구,2626000000,202606,2,4,21388
부산광역시 동래구,2626000000,202606,2,5,22548
부산광역시 동래구,2626000000,202606,2,6,47798
부산광역시 부산진구,2623000000,202601,1,1,21560
부산광역시 부산진구,2623000000,202601,1,2,21649
부산광역시 부산진구,2623000000,202601,1,3,27582
부산광역시 부산진구,2623000000,202601,1,4,25066
부산광역시 부산진구,2623000000,202601,1,5,27427
부산광역시 부산진구,2623000000,202601,1,6,51394
부산광역시 부산진구,2623000000,202601,2,1,21295
부산광역시 부산진구,2623000000,202601,2,2,24860
부산광역시 부산진구,2623000000,202601,2,3,26618
부산광역시 부산진구,2623000000,202601,2,4,24122
부산광역시 부산진구,2623000000,202601,2,5,28685
부산광역시 부산진구,2623000000,202601,2,6,65126
부산광역시 부산진구,2623000000,202602,1,1,21553
부산광역시 부산진구,2623000000,202602,1,2,21617
부산광역시 부산진구,2623000000,202602,1,3,27476
부산광역시 부산진구,2623000000,202602,1,4,25030
부산광역시 부산진구,2623000000,202602,1,5,27407
부산광역시 부산진구,2623000000,202602,1,6,51508
부산광역시 부산진구,2623000000,202602,2,1,21343
부산광역시 부산진구,2623000000,202602,2,2,24878
부산광역시 부산진구,2623000000,202602,2,3,26577
부산광역시 부산진구,2623000000,202602,2,4,24073
부산광역시 부산진구,2623000000,202602,2,5,28647
부산광역시 부산진구,2623000000,202602,2,6,65286
부산광역시 부산진구,2623000000,202603,1,1,21543
부산광역시 부산진구,2623000000,202603,1,2,21515
부산광역시 부산진구,2623000000,202603,1,3,27469
부산광역시 부산진구,2623000000,202603,1,4,25009
부산광역시 부산진구,2623000000,202603,1,5,27321
부산광역시 부산진구,2623000000,202603,1,6,51610
부산광역시 부산진구,2623000000,202603,2,1,21371
부산광역시 부산진구,2623000000,202603,2,2,24786
부산광역시 부산진구,2623000000,202603,2,3,26649
부산광역시 부산진구,2623000000,202603,2,4,24008
부산광역시 부산진구,2623000000,202603,2,5,28497
부산광역시 부산진구,2623000000,202603,2,6,65516
부산광역시 부산진구,2623000000,202604,1,1,21544
부산광역시 부산진구,2623000000,202604,1,2,21462
부산광역시 부산진구,2623000000,202604,1,3,27482
부산광역시 부산진구,2623000000,202604,1,4,24985
부산광역시 부산진구,2623000000,202604,1,5,27238
부산광역시 부산진구,2623000000,202604,1,6,51702
부산광역시 부산진구,2623000000,202604,2,1,21306
부산광역시 부산진구,2623000000,202604,2,2,24691
부산광역시 부산진구,2623000000,202604,2,3,26675
부산광역시 부산진구,2623000000,202604,2,4,24001
부산광역시 부산진구,2623000000,202604,2,5,28438
부산광역시 부산진구,2623000000,202604,2,6,65633
부산광역시 부산진구,2623000000,202605,1,1,21510
부산광역시 부산진구,2623000000,202605,1,2,21353
부산광역시 부산진구,2623000000,202605,1,3,27523
부산광역시 부산진구,2623000000,202605,1,4,24937
부산광역시 부산진구,2623000000,202605,1,5,27182
부산광역시 부산진구,2623000000,202605,1,6,51838
부산광역시 부산진구,2623000000,202605,2,1,21260
부산광역시 부산진구,2623000000,202605,2,2,24633
부산광역시 부산진구,2623000000,202605,2,3,26765
부산광역시 부산진구,2623000000,202605,2,4,23931
부산광역시 부산진구,2623000000,202605,2,5,28438
부산광역시 부산진구,2623000000,202605,2,6,65734
부산광역시 부산진구,2623000000,202606,1,1,21519
부산광역시 부산진구,2623000000,202606,1,2,21239
부산광역시 부산진구,2623000000,202606,1,3,27570
부산광역시 부산진구,2623000000,202606,1,4,24912
부산광역시 부산진구,2623000000,202606,1,5,27160
부산광역시 부산진구,2623000000,202606,1,6,51846
부산광역시 부산진구,2623000000,202606,2,1,21241
부산광역시 부산진구,2623000000,202606,2,2,24515
부산광역시 부산진구,2623000000,202606,2,3,26831
부산광역시 부산진구,2623000000,202606,2,4,23939
부산광역시 부산진구,2623000000,202606,2,5,28356
부산광역시 부산진구,2623000000,202606,2,6,65784
부산광역시 북구,2632000000,202601,1,1,17283
부산광역시 북구,2632000000,202601,1,2,13251
부산광역시 북구,2632000000,202601,1,3,16525
부산광역시 북구,2632000000,202601,1,4,17272
부산광역시 북구,2632000000,202601,1,5,21405
부산광역시 북구,2632000000,202601,1,6,42876
부산광역시 북구,2632000000,202601,2,1,16172
부산광역시 북구,2632000000,202601,2,2,11673
부산광역시 북구,2632000000,202601,2,3,14800
부산광역시 북구,2632000000,202601,2,4,16408
부산광역시 북구,2632000000,202601,2,5,24045
부산광역시 북구,2632000000,202601,2,6,50796
부산광역시 북구,2632000000,202602,1,1,17187
부산광역시 북구,2632000000,202602,1,2,13122
부산광역시 북구,2632000000,202602,1,3,16470
부산광역시 북구,2632000000,202602,1,4,17229
부산광역시 북구,2632000000,202602,1,5,21332
부산광역시 북구,2632000000,202602,1,6,43009
부산광역시 북구,2632000000,202602,2,1,16077
부산광역시 북구,2632000000,202602,2,2,11567
부산광역시 북구,2632000000,202602,2,3,14736
부산광역시 북구,2632000000,202602,2,4,16357
부산광역시 북구,2632000000,202602,2,5,23985
부산광역시 북구,2632000000,202602,2,6,50929
부산광역시 북구,2632000000,202603,1,1,17087
부산광역시 북구,2632000000,202603,1,2,12985
부산광역시 북구,2632000000,202603,1,3,16496
부산광역시 북구,2632000000,202603,1,4,17156
부산광역시 북구,2632000000,202603,1,5,21189
부산광역시 북구,2632000000,202603,1,6,43200
부산광역시 북구,2632000000,202603,2,1,16046
부산광역시 북구,2632000000,202603,2,2,11384
부산광역시 북구,2632000000,202603,2,3,14700
부산광역시 북구,2632000000,202603,2,4,16340
부산광역시 북구,2632000000,202603,2,5,23848
부산광역시 북구,2632000000,202603,2,6,51126
부산광역시 북구,2632000000,202604,1,1,17042
부산광역시 북구,2632000000,202604,1,2,12920
부산광역시 북구,2632000000,202604,1,3,16486
부산광역시 북구,2632000000,202604,1,4,17117
부산광역시 북구,2632000000,202604,1,5,21120
부산광역시 북구,2632000000,202604,1,6,43314
부산광역시 북구,2632000000,202604,2,1,16007
부산광역시 북구,2632000000,202604,2,2,11258
부산광역시 북구,2632000000,202604,2,3,14704
부산광역시 북구,2632000000,202604,2,4,16283
부산광역시 북구,2632000000,202604,2,5,23788
부산광역시 북구,2632000000,202604,2,6,51277
부산광역시 북구,2632000000,202605,1,1,16996
부산광역시 북구,2632000000,202605,1,2,12845
부산광역시 북구,2632000000,202605,1,3,16466
부산광역시 북구,2632000000,202605,1,4,17087
부산광역시 북구,2632000000,202605,1,5,21028
부산광역시 북구,2632000000,202605,1,6,43410
부산광역시 북구,2632000000,202605,2,1,15954
부산광역시 북구,2632000000,202605,2,2,11177
부산광역시 북구,2632000000,202605,2,3,14687
부산광역시 북구,2632000000,202605,2,4,16238
부산광역시 북구,2632000000,202605,2,5,23688
부산광역시 북구,2632000000,202605,2,6,51418
부산광역시 북구,2632000000,202606,1,1,16956
부산광역시 북구,2632000000,202606,1,2,12757
부산광역시 북구,2632000000,202606,1,3,16453
부산광역시 북구,2632000000,202606,1,4,17093
부산광역시 북구,2632000000,202606,1,5,20963
부산광역시 북구,2632000000,202606,1,6,43445
부산광역시 북구,2632000000,202606,2,1,15939
부산광역시 북구,2632000000,202606,2,2,11113
부산광역시 북구,2632000000,202606,2,3,14706
부산광역시 북구,2632000000,202606,2,4,16222
부산광역시 북구,2632000000,202606,2,5,23600
부산광역시 북구,2632000000,202606,2,6,51489
부산광역시 사상구,2653000000,202601,1,1,10541
부산광역시 사상구,2653000000,202601,1,2,10913
부산광역시 사상구,2653000000,202601,1,3,12374
부산광역시 사상구,2653000000,202601,1,4,12668
부산광역시 사상구,2653000000,202601,1,5,16693
부산광역시 사상구,2653000000,202601,1,6,33572
부산광역시 사상구,2653000000,202601,2,1,9968
부산광역시 사상구,2653000000,202601,2,2,10240
부산광역시 사상구,2653000000,202601,2,3,10231
부산광역시 사상구,2653000000,202601,2,4,11317
부산광역시 사상구,2653000000,202601,2,5,16736
부산광역시 사상구,2653000000,202601,2,6,38497
부산광역시 사상구,2653000000,202602,1,1,10491
부산광역시 사상구,2653000000,202602,1,2,10849
부산광역시 사상구,2653000000,202602,1,3,12345
부산광역시 사상구,2653000000,202602,1,4,12601
부산광역시 사상구,2653000000,202602,1,5,16643
부산광역시 사상구,2653000000,202602,1,6,33670
부산광역시 사상구,2653000000,202602,2,1,9991
부산광역시 사상구,2653000000,202602,2,2,10190
부산광역시 사상구,2653000000,202602,2,3,10164
부산광역시 사상구,2653000000,202602,2,4,11274
부산광역시 사상구,2653000000,202602,2,5,16650
부산광역시 사상구,2653000000,202602,2,6,38606
부산광역시 사상구,2653000000,202603,1,1,10517
부산광역시 사상구,2653000000,202603,1,2,10745
부산광역시 사상구,2653000000,202603,1,3,12336
부산광역시 사상구,2653000000,202603,1,4,12531
부산광역시 사상구,2653000000,202603,1,5,16555
부산광역시 사상구,2653000000,202603,1,6,33758
부산광역시 사상구,2653000000,202603,2,1,9972
부산광역시 사상구,2653000000,202603,2,2,10130
부산광역시 사상구,2653000000,202603,2,3,10147
부산광역시 사상구,2653000000,202603,2,4,11238
부산광역시 사상구,2653000000,202603,2,5,16513
부산광역시 사상구,2653000000,202603,2,6,38747
부산광역시 사상구,2653000000,202604,1,1,10448
부산광역시 사상구,2653000000,202604,1,2,10707
부산광역시 사상구,2653000000,202604,1,3,12313
부산광역시 사상구,2653000000,202604,1,4,12505
부산광역시 사상구,2653000000,202604,1,5,16495
부산광역시 사상구,2653000000,202604,1,6,33829
부산광역시 사상구,2653000000,202604,2,1,9924
부산광역시 사상구,2653000000,202604,2,2,10111
부산광역시 사상구,2653000000,202604,2,3,10114
부산광역시 사상구,2653000000,202604,2,4,11194
부산광역시 사상구,2653000000,202604,2,5,16450
부산광역시 사상구,2653000000,202604,2,6,38811
부산광역시 사상구,2653000000,202605,1,1,10400
부산광역시 사상구,2653000000,202605,1,2,10659
부산광역시 사상구,2653000000,202605,1,3,12287
부산광역시 사상구,2653000000,202605,1,4,12506
부산광역시 사상구,2653000000,202605,1,5,16414
부산광역시 사상구,2653000000,202605,1,6,33888
부산광역시 사상구,2653000000,202605,2,1,9935
부산광역시 사상구,2653000000,202605,2,2,10058
부산광역시 사상구,2653000000,202605,2,3,10117
부산광역시 사상구,2653000000,202605,2,4,11157
부산광역시 사상구,2653000000,202605,2,5,16397
부산광역시 사상구,2653000000,202605,2,6,38900
부산광역시 사상구,2653000000,202606,1,1,10369
부산광역시 사상구,2653000000,202606,1,2,10582
부산광역시 사상구,2653000000,202606,1,3,12283
부산광역시 사상구,2653000000,202606,1,4,12478
부산광역시 사상구,2653000000,202606,1,5,16354
부산광역시 사상구,2653000000,202606,1,6,33938
부산광역시 사상구,2653000000,202606,2,1,9888
부산광역시 사상구,2653000000,202606,2,2,10042
부산광역시 사상구,2653000000,202606,2,3,10119
부산광역시 사상구,2653000000,202606,2,4,11125
부산광역시 사상구,2653000000,202606,2,5,16323
부산광역시 사상구,2653000000,202606,2,6,38974
부산광역시 사하구,2638000000,202601,1,1,17973
부산광역시 사하구,2638000000,202601,1,2,15756
부산광역시 사하구,2638000000,202601,1,3,16365
부산광역시 사하구,2638000000,202601,1,4,20169
부산광역시 사하구,2638000000,202601,1,5,24405
부산광역시 사하구,2638000000,202601,1,6,46788
부산광역시 사하구,2638000000,202601,2,1,17019
부산광역시 사하구,2638000000,202601,2,2,13462
부산광역시 사하구,2638000000,202601,2,3,13878
부산광역시 사하구,2638000000,202601,2,4,18707
부산광역시 사하구,2638000000,202601,2,5,24753
부산광역시 사하구,2638000000,202601,2,6,56259
부산광역시 사하구,2638000000,202602,1,1,17855
부산광역시 사하구,2638000000,202602,1,2,15634
부산광역시 사하구,2638000000,202602,1,3,16225
부산광역시 사하구,2638000000,202602,1,4,20127
부산광역시 사하구,2638000000,202602,1,5,24261
부산광역시 사하구,2638000000,202602,1,6,46920
부산광역시 사하구,2638000000,202602,2,1,16896
부산광역시 사하구,2638000000,202602,2,2,13368
부산광역시 사하구,2638000000,202602,2,3,13724
부산광역시 사하구,2638000000,202602,2,4,18577
부산광역시 사하구,2638000000,202602,2,5,24710
부산광역시 사하구,2638000000,202602,2,6,56356
부산광역시 사하구,2638000000,202603,1,1,17764
부산광역시 사하구,2638000000,202603,1,2,15499
부산광역시 사하구,2638000000,202603,1,3,16174
부산광역시 사하구,2638000000,202603,1,4,20052
부산광역시 사하구,2638000000,202603,1,5,24122
부산광역시 사하구,2638000000,202603,1,6,47082
부산광역시 사하구,2638000000,202603,2,1,16811
부산광역시 사하구,2638000000,202603,2,2,13271
부산광역시 사하구,2638000000,202603,2,3,13696
부산광역시 사하구,2638000000,202603,2,4,18412
부산광역시 사하구,2638000000,202603,2,5,24593
부산광역시 사하구,2638000000,202603,2,6,56469
부산광역시 사하구,2638000000,202604,1,1,17678
부산광역시 사하구,2638000000,202604,1,2,15340
부산광역시 사하구,2638000000,202604,1,3,16144
부산광역시 사하구,2638000000,202604,1,4,19977
부산광역시 사하구,2638000000,202604,1,5,24047
부산광역시 사하구,2638000000,202604,1,6,47145
부산광역시 사하구,2638000000,202604,2,1,16773
부산광역시 사하구,2638000000,202604,2,2,13141
부산광역시 사하구,2638000000,202604,2,3,13697
부산광역시 사하구,2638000000,202604,2,4,18327
부산광역시 사하구,2638000000,202604,2,5,24472
부산광역시 사하구,2638000000,202604,2,6,56517
부산광역시 사하구,2638000000,202605,1,1,17593
부산광역시 사하구,2638000000,202605,1,2,15265
부산광역시 사하구,2638000000,202605,1,3,16083
부산광역시 사하구,2638000000,202605,1,4,19938
부산광역시 사하구,2638000000,202605,1,5,23891
부산광역시 사하구,2638000000,202605,1,6,47234
부산광역시 사하구,2638000000,202605,2,1,16669
부산광역시 사하구,2638000000,202605,2,2,13057
부산광역시 사하구,2638000000,202605,2,3,13669
부산광역시 사하구,2638000000,202605,2,4,18268
부산광역시 사하구,2638000000,202605,2,5,24402
부산광역시 사하구,2638000000,202605,2,6,56564
부산광역시 사하구,2638000000,202606,1,1,17516
부산광역시 사하구,2638000000,202606,1,2,15193
부산광역시 사하구,2638000000,202606,1,3,16057
부산광역시 사하구,2638000000,202606,1,4,19879
부산광역시 사하구,2638000000,202606,1,5,23821
부산광역시 사하구,2638000000,202606,1,6,47258
부산광역시 사하구,2638000000,202606,2,1,16619
부산광역시 사하구,2638000000,202606,2,2,12997
부산광역시 사하구,2638000000,202606,2,3,13647
부산광역시 사하구,2638000000,202606,2,4,18221
부산광역시 사하구,2638000000,202606,2,5,24323
부산광역시 사하구,2638000000,202606,2,6,56628
부산광역시 서구,2614000000,202601,1,1,5737
부산광역시 서구,2614000000,202601,1,2,5034
부산광역시 서구,2614000000,202601,1,3,5193
부산광역시 서구,2614000000,202601,1,4,6446
부산광역시 서구,2614000000,202601,1,5,8424
부산광역시 서구,2614000000,202601,1,6,17868
부산광역시 서구,2614000000,202601,2,1,5350
부산광역시 서구,2614000000,202601,2,2,5536
부산광역시 서구,2614000000,202601,2,3,4921
부산광역시 서구,2614000000,202601,2,4,6217
부산광역시 서구,2614000000,202601,2,5,8068
부산광역시 서구,2614000000,202601,2,6,22839
부산광역시 서구,2614000000,202602,1,1,5733
부산광역시 서구,2614000000,202602,1,2,5033
부산광역시 서구,2614000000,202602,1,3,5149
부산광역시 서구,2614000000,202602,1,4,6441
부산광역시 서구,2614000000,202602,1,5,8397
부산광역시 서구,2614000000,202602,1,6,17906
부산광역시 서구,2614000000,202602,2,1,5377
부산광역시 서구,2614000000,202602,2,2,5492
부산광역시 서구,2614000000,202602,2,3,4902
부산광역시 서구,2614000000,202602,2,4,6205
부산광역시 서구,2614000000,202602,2,5,8064
부산광역시 서구,2614000000,202602,2,6,22873
부산광역시 서구,2614000000,202603,1,1,5732
부산광역시 서구,2614000000,202603,1,2,5038
부산광역시 서구,2614000000,202603,1,3,5122
부산광역시 서구,2614000000,202603,1,4,6387
부산광역시 서구,2614000000,202603,1,5,8360
부산광역시 서구,2614000000,202603,1,6,17928
부산광역시 서구,2614000000,202603,2,1,5370
부산광역시 서구,2614000000,202603,2,2,5495
부산광역시 서구,2614000000,202603,2,3,4909
부산광역시 서구,2614000000,202603,2,4,6168
부산광역시 서구,2614000000,202603,2,5,8024
부산광역시 서구,2614000000,202603,2,6,22919
부산광역시 서구,2614000000,202604,1,1,5707
부산광역시 서구,2614000000,202604,1,2,5003
부산광역시 서구,2614000000,202604,1,3,5133
부산광역시 서구,2614000000,202604,1,4,6367
부산광역시 서구,2614000000,202604,1,5,8327
부산광역시 서구,2614000000,202604,1,6,17969
부산광역시 서구,2614000000,202604,2,1,5353
부산광역시 서구,2614000000,202604,2,2,5468
부산광역시 서구,2614000000,202604,2,3,4914
부산광역시 서구,2614000000,202604,2,4,6135
부산광역시 서구,2614000000,202604,2,5,8001
부산광역시 서구,2614000000,202604,2,6,22935
부산광역시 서구,2614000000,202605,1,1,5699
부산광역시 서구,2614000000,202605,1,2,4994
부산광역시 서구,2614000000,202605,1,3,5142
부산광역시 서구,2614000000,202605,1,4,6357
부산광역시 서구,2614000000,202605,1,5,8317
부산광역시 서구,2614000000,202605,1,6,17975
부산광역시 서구,2614000000,202605,2,1,5358
부산광역시 서구,2614000000,202605,2,2,5464
부산광역시 서구,2614000000,202605,2,3,4938
부산광역시 서구,2614000000,202605,2,4,6117
부산광역시 서구,2614000000,202605,2,5,7990
부산광역시 서구,2614000000,202605,2,6,22969
부산광역시 서구,2614000000,202606,1,1,5674
부산광역시 서구,2614000000,202606,1,2,4981
부산광역시 서구,2614000000,202606,1,3,5129
부산광역시 서구,2614000000,202606,1,4,6351
부산광역시 서구,2614000000,202606,1,5,8305
부산광역시 서구,2614000000,202606,1,6,17967
부산광역시 서구,2614000000,202606,2,1,5336
부산광역시 서구,2614000000,202606,2,2,5458
부산광역시 서구,2614000000,202606,2,3,4944
부산광역시 서구,2614000000,202606,2,4,6108
부산광역시 서구,2614000000,202606,2,5,7981
부산광역시 서구,2614000000,202606,2,6,22982
부산광역시 수영구,2650000000,202601,1,1,9592
부산광역시 수영구,2650000000,202601,1,2,9202
부산광역시 수영구,2650000000,202601,1,3,11562
부산광역시 수영구,2650000000,202601,1,4,11316
부산광역시 수영구,2650000000,202601,1,5,12347
부산광역시 수영구,2650000000,202601,1,6,25078
부산광역시 수영구,2650000000,202601,2,1,9110
부산광역시 수영구,2650000000,202601,2,2,10364
부산광역시 수영구,2650000000,202601,2,3,11253
부산광역시 수영구,2650000000,202601,2,4,11575
부산광역시 수영구,2650000000,202601,2,5,13703
부산광역시 수영구,2650000000,202601,2,6,33810
부산광역시 수영구,2650000000,202602,1,1,9579
부산광역시 수영구,2650000000,202602,1,2,9142
부산광역시 수영구,2650000000,202602,1,3,11541
부산광역시 수영구,2650000000,202602,1,4,11269
부산광역시 수영구,2650000000,202602,1,5,12366
부산광역시 수영구,2650000000,202602,1,6,25115
부산광역시 수영구,2650000000,202602,2,1,9089
부산광역시 수영구,2650000000,202602,2,2,10335
부산광역시 수영구,2650000000,202602,2,3,11209
부산광역시 수영구,2650000000,202602,2,4,11528
부산광역시 수영구,2650000000,202602,2,5,13747
부산광역시 수영구,2650000000,202602,2,6,33825
부산광역시 수영구,2650000000,202603,1,1,9566
부산광역시 수영구,2650000000,202603,1,2,9086
부산광역시 수영구,2650000000,202603,1,3,11565
부산광역시 수영구,2650000000,202603,1,4,11238
부산광역시 수영구,2650000000,202603,1,5,12328
부산광역시 수영구,2650000000,202603,1,6,25172
부산광역시 수영구,2650000000,202603,2,1,9091
부산광역시 수영구,2650000000,202603,2,2,10210
부산광역시 수영구,2650000000,202603,2,3,11258
부산광역시 수영구,2650000000,202603,2,4,11507
부산광역시 수영구,2650000000,202603,2,5,13692
부산광역시 수영구,2650000000,202603,2,6,33872
부산광역시 수영구,2650000000,202604,1,1,9559
부산광역시 수영구,2650000000,202604,1,2,8970
부산광역시 수영구,2650000000,202604,1,3,11622
부산광역시 수영구,2650000000,202604,1,4,11251
부산광역시 수영구,2650000000,202604,1,5,12321
부산광역시 수영구,2650000000,202604,1,6,25201
부산광역시 수영구,2650000000,202604,2,1,9101
부산광역시 수영구,2650000000,202604,2,2,10177
부산광역시 수영구,2650000000,202604,2,3,11264
부산광역시 수영구,2650000000,202604,2,4,11500
부산광역시 수영구,2650000000,202604,2,5,13680
부산광역시 수영구,2650000000,202604,2,6,33931
부산광역시 수영구,2650000000,202605,1,1,9548
부산광역시 수영구,2650000000,202605,1,2,8919
부산광역시 수영구,2650000000,202605,1,3,11660
부산광역시 수영구,2650000000,202605,1,4,11253
부산광역시 수영구,2650000000,202605,1,5,12296
부산광역시 수영구,2650000000,202605,1,6,25230
부산광역시 수영구,2650000000,202605,2,1,9088
부산광역시 수영구,2650000000,202605,2,2,10140
부산광역시 수영구,2650000000,202605,2,3,11257
부산광역시 수영구,2650000000,202605,2,4,11488
부산광역시 수영구,2650000000,202605,2,5,13677
부산광역시 수영구,2650000000,202605,2,6,33957
부산광역시 수영구,2650000000,202606,1,1,9550
부산광역시 수영구,2650000000,202606,1,2,8877
부산광역시 수영구,2650000000,202606,1,3,11675
부산광역시 수영구,2650000000,202606,1,4,11245
부산광역시 수영구,2650000000,202606,1,5,12311
부산광역시 수영구,2650000000,202606,1,6,25216
부산광역시 수영구,2650000000,202606,2,1,9058
부산광역시 수영구,2650000000,202606,2,2,10081
부산광역시 수영구,2650000000,202606,2,3,11283
부산광역시 수영구,2650000000,202606,2,4,11529
부산광역시 수영구,2650000000,202606,2,5,13645
부산광역시 수영구,2650000000,202606,2,6,33970
부산광역시 연제구,2647000000,202601,1,1,14968
부산광역시 연제구,2647000000,202601,1,2,10554
부산광역시 연제구,2647000000,202601,1,3,14082
부산광역시 연제구,2647000000,202601,1,4,15308
부산광역시 연제구,2647000000,202601,1,5,16145
부산광역시 연제구,2647000000,202601,1,6,29776
부산광역시 연제구,2647000000,202601,2,1,14512
부산광역시 연제구,2647000000,202601,2,2,10841
부산광역시 연제구,2647000000,202601,2,3,14243
부산광역시 연제구,2647000000,202601,2,4,15646
부산광역시 연제구,2647000000,202601,2,5,17601
부산광역시 연제구,2647000000,202601,2,6,37988
부산광역시 연제구,2647000000,202602,1,1,14932
부산광역시 연제구,2647000000,202602,1,2,10486
부산광역시 연제구,2647000000,202602,1,3,14086
부산광역시 연제구,2647000000,202602,1,4,15262
부산광역시 연제구,2647000000,202602,1,5,16116
부산광역시 연제구,2647000000,202602,1,6,29823
부산광역시 연제구,2647000000,202602,2,1,14475
부산광역시 연제구,2647000000,202602,2,2,10850
부산광역시 연제구,2647000000,202602,2,3,14215
부산광역시 연제구,2647000000,202602,2,4,15632
부산광역시 연제구,2647000000,202602,2,5,17597
부산광역시 연제구,2647000000,202602,2,6,38032
부산광역시 연제구,2647000000,202603,1,1,14887
부산광역시 연제구,2647000000,202603,1,2,10415
부산광역시 연제구,2647000000,202603,1,3,14154
부산광역시 연제구,2647000000,202603,1,4,15205
부산광역시 연제구,2647000000,202603,1,5,16076
부산광역시 연제구,2647000000,202603,1,6,29909
부산광역시 연제구,2647000000,202603,2,1,14434
부산광역시 연제구,2647000000,202603,2,2,10815
부산광역시 연제구,2647000000,202603,2,3,14257
부산광역시 연제구,2647000000,202603,2,4,15570
부산광역시 연제구,2647000000,202603,2,5,17513
부산광역시 연제구,2647000000,202603,2,6,38191
부산광역시 연제구,2647000000,202604,1,1,14878
부산광역시 연제구,2647000000,202604,1,2,10377
부산광역시 연제구,2647000000,202604,1,3,14163
부산광역시 연제구,2647000000,202604,1,4,15204
부산광역시 연제구,2647000000,202604,1,5,16071
부산광역시 연제구,2647000000,202604,1,6,29960
부산광역시 연제구,2647000000,202604,2,1,14441
부산광역시 연제구,2647000000,202604,2,2,10796
부산광역시 연제구,2647000000,202604,2,3,14273
부산광역시 연제구,2647000000,202604,2,4,15578
부산광역시 연제구,2647000000,202604,2,5,17459
부산광역시 연제구,2647000000,202604,2,6,38291
부산광역시 연제구,2647000000,202605,1,1,14861
부산광역시 연제구,2647000000,202605,1,2,10354
부산광역시 연제구,2647000000,202605,1,3,14191
부산광역시 연제구,2647000000,202605,1,4,15198
부산광역시 연제구,2647000000,202605,1,5,16062
부산광역시 연제구,2647000000,202605,1,6,29978
부산광역시 연제구,2647000000,202605,2,1,14444
부산광역시 연제구,2647000000,202605,2,2,10776
부산광역시 연제구,2647000000,202605,2,3,14274
부산광역시 연제구,2647000000,202605,2,4,15565
부산광역시 연제구,2647000000,202605,2,5,17482
부산광역시 연제구,2647000000,202605,2,6,38324
부산광역시 연제구,2647000000,202606,1,1,14879
부산광역시 연제구,2647000000,202606,1,2,10251
부산광역시 연제구,2647000000,202606,1,3,14218
부산광역시 연제구,2647000000,202606,1,4,15204
부산광역시 연제구,2647000000,202606,1,5,16035
부산광역시 연제구,2647000000,202606,1,6,30019
부산광역시 연제구,2647000000,202606,2,1,14434
부산광역시 연제구,2647000000,202606,2,2,10778
부산광역시 연제구,2647000000,202606,2,3,14277
부산광역시 연제구,2647000000,202606,2,4,15599
부산광역시 연제구,2647000000,202606,2,5,17441
부산광역시 연제구,2647000000,202606,2,6,38329
부산광역시 영도구,2620000000,202601,1,1,5075
부산광역시 영도구,2620000000,202601,1,2,4719
부산광역시 영도구,2620000000,202601,1,3,4742
부산광역시 영도구,2620000000,202601,1,4,6282
부산광역시 영도구,2620000000,202601,1,5,8685
부산광역시 영도구,2620000000,202601,1,6,20104
부산광역시 영도구,2620000000,202601,2,1,4735
부산광역시 영도구,2620000000,202601,2,2,3896
부산광역시 영도구,2620000000,202601,2,3,4100
부산광역시 영도구,2620000000,202601,2,4,5682
부산광역시 영도구,2620000000,202601,2,5,8129
부산광역시 영도구,2620000000,202601,2,6,25103
부산광역시 영도구,2620000000,202602,1,1,5036
부산광역시 영도구,2620000000,202602,1,2,4682
부산광역시 영도구,2620000000,202602,1,3,4679
부산광역시 영도구,2620000000,202602,1,4,6249
부산광역시 영도구,2620000000,202602,1,5,8678
부산광역시 영도구,2620000000,202602,1,6,20118
부산광역시 영도구,2620000000,202602,2,1,4730
부산광역시 영도구,2620000000,202602,2,2,3836
부산광역시 영도구,2620000000,202602,2,3,4056
부산광역시 영도구,2620000000,202602,2,4,5645
부산광역시 영도구,2620000000,202602,2,5,8116
부산광역시 영도구,2620000000,202602,2,6,25119
부산광역시 영도구,2620000000,202603,1,1,5033
부산광역시 영도구,2620000000,202603,1,2,4607
부산광역시 영도구,2620000000,202603,1,3,4690
부산광역시 영도구,2620000000,202603,1,4,6234
부산광역시 영도구,2620000000,202603,1,5,8599
부산광역시 영도구,2620000000,202603,1,6,20178
부산광역시 영도구,2620000000,202603,2,1,4701
부산광역시 영도구,2620000000,202603,2,2,3796
부산광역시 영도구,2620000000,202603,2,3,4052
부산광역시 영도구,2620000000,202603,2,4,5621
부산광역시 영도구,2620000000,202603,2,5,8066
부산광역시 영도구,2620000000,202603,2,6,25156
부산광역시 영도구,2620000000,202604,1,1,5009
부산광역시 영도구,2620000000,202604,1,2,4633
부산광역시 영도구,2620000000,202604,1,3,4698
부산광역시 영도구,2620000000,202604,1,4,6217
부산광역시 영도구,2620000000,202604,1,5,8554
부산광역시 영도구,2620000000,202604,1,6,20189
부산광역시 영도구,2620000000,202604,2,1,4676
부산광역시 영도구,2620000000,202604,2,2,3796
부산광역시 영도구,2620000000,202604,2,3,4054
부산광역시 영도구,2620000000,202604,2,4,5583
부산광역시 영도구,2620000000,202604,2,5,8073
부산광역시 영도구,2620000000,202604,2,6,25151
부산광역시 영도구,2620000000,202605,1,1,5002
부산광역시 영도구,2620000000,202605,1,2,4730
부산광역시 영도구,2620000000,202605,1,3,4707
부산광역시 영도구,2620000000,202605,1,4,6209
부산광역시 영도구,2620000000,202605,1,5,8519
부산광역시 영도구,2620000000,202605,1,6,20241
부산광역시 영도구,2620000000,202605,2,1,4674
부산광역시 영도구,2620000000,202605,2,2,3799
부산광역시 영도구,2620000000,202605,2,3,4078
부산광역시 영도구,2620000000,202605,2,4,5579
부산광역시 영도구,2620000000,202605,2,5,8032
부산광역시 영도구,2620000000,202605,2,6,25178
부산광역시 영도구,2620000000,202606,1,1,4994
부산광역시 영도구,2620000000,202606,1,2,4744
부산광역시 영도구,2620000000,202606,1,3,4686
부산광역시 영도구,2620000000,202606,1,4,6192
부산광역시 영도구,2620000000,202606,1,5,8486
부산광역시 영도구,2620000000,202606,1,6,20238
부산광역시 영도구,2620000000,202606,2,1,4649
부산광역시 영도구,2620000000,202606,2,2,3771
부산광역시 영도구,2620000000,202606,2,3,4058
부산광역시 영도구,2620000000,202606,2,4,5567
부산광역시 영도구,2620000000,202606,2,5,7996
부산광역시 영도구,2620000000,202606,2,6,25189
부산광역시 중구,2611000000,202601,1,1,1056
부산광역시 중구,2611000000,202601,1,2,2125
부산광역시 중구,2611000000,202601,1,3,2219
부산광역시 중구,2611000000,202601,1,4,2099
부산광역시 중구,2611000000,202601,1,5,3121
부산광역시 중구,2611000000,202601,1,6,7021
부산광역시 중구,2611000000,202601,2,1,1052
부산광역시 중구,2611000000,202601,2,2,2492
부산광역시 중구,2611000000,202601,2,3,1805
부산광역시 중구,2611000000,202601,2,4,1790
부산광역시 중구,2611000000,202601,2,5,2803
부산광역시 중구,2611000000,202601,2,6,8866
부산광역시 중구,2611000000,202602,1,1,1055
부산광역시 중구,2611000000,202602,1,2,2144
부산광역시 중구,2611000000,202602,1,3,2219
부산광역시 중구,2611000000,202602,1,4,2075
부산광역시 중구,2611000000,202602,1,5,3110
부산광역시 중구,2611000000,202602,1,6,7038
부산광역시 중구,2611000000,202602,2,1,1058
부산광역시 중구,2611000000,202602,2,2,2487
부산광역시 중구,2611000000,202602,2,3,1787
부산광역시 중구,2611000000,202602,2,4,1762
부산광역시 중구,2611000000,202602,2,5,2784
부산광역시 중구,2611000000,202602,2,6,8880
부산광역시 중구,2611000000,202603,1,1,1052
부산광역시 중구,2611000000,202603,1,2,2142
부산광역시 중구,2611000000,202603,1,3,2219
부산광역시 중구,2611000000,202603,1,4,2073
부산광역시 중구,2611000000,202603,1,5,3095
부산광역시 중구,2611000000,202603,1,6,7041
부산광역시 중구,2611000000,202603,2,1,1063
부산광역시 중구,2611000000,202603,2,2,2492
부산광역시 중구,2611000000,202603,2,3,1795
부산광역시 중구,2611000000,202603,2,4,1756
부산광역시 중구,2611000000,202603,2,5,2759
부산광역시 중구,2611000000,202603,2,6,8904
부산광역시 중구,2611000000,202604,1,1,1056
부산광역시 중구,2611000000,202604,1,2,2153
부산광역시 중구,2611000000,202604,1,3,2224
부산광역시 중구,2611000000,202604,1,4,2052
부산광역시 중구,2611000000,202604,1,5,3094
부산광역시 중구,2611000000,202604,1,6,7038
부산광역시 중구,2611000000,202604,2,1,1061
부산광역시 중구,2611000000,202604,2,2,2490
부산광역시 중구,2611000000,202604,2,3,1789
부산광역시 중구,2611000000,202604,2,4,1758
부산광역시 중구,2611000000,202604,2,5,2767
부산광역시 중구,2611000000,202604,2,6,8915
부산광역시 중구,2611000000,202605,1,1,1058
부산광역시 중구,2611000000,202605,1,2,2148
부산광역시 중구,2611000000,202605,1,3,2217
부산광역시 중구,2611000000,202605,1,4,2053
부산광역시 중구,2611000000,202605,1,5,3081
부산광역시 중구,2611000000,202605,1,6,7038
부산광역시 중구,2611000000,202605,2,1,1063
부산광역시 중구,2611000000,202605,2,2,2484
부산광역시 중구,2611000000,202605,2,3,1797
부산광역시 중구,2611000000,202605,2,4,1758
부산광역시 중구,2611000000,202605,2,5,2753
부산광역시 중구,2611000000,202605,2,6,8925
부산광역시 중구,2611000000,202606,1,1,1055
부산광역시 중구,2611000000,202606,1,2,2144
부산광역시 중구,2611000000,202606,1,3,2216
부산광역시 중구,2611000000,202606,1,4,2046
부산광역시 중구,2611000000,202606,1,5,3075
부산광역시 중구,2611000000,202606,1,6,7044
부산광역시 중구,2611000000,202606,2,1,1059
부산광역시 중구,2611000000,202606,2,2,2466
부산광역시 중구,2611000000,202606,2,3,1775
부산광역시 중구,2611000000,202606,2,4,1750
부산광역시 중구,2611000000,202606,2,5,2751
부산광역시 중구,2611000000,202606,2,6,8925
부산광역시 해운대구,2635000000,202601,1,1,28337
부산광역시 해운대구,2635000000,202601,1,2,18432
부산광역시 해운대구,2635000000,202601,1,3,20637
부산광역시 해운대구,2635000000,202601,1,4,26671
부산광역시 해운대구,2635000000,202601,1,5,31142
부산광역시 해운대구,2635000000,202601,1,6,52995
부산광역시 해운대구,2635000000,202601,2,1,26793
부산광역시 해운대구,2635000000,202601,2,2,17115
부산광역시 해운대구,2635000000,202601,2,3,20496
부산광역시 해운대구,2635000000,202601,2,4,28706
부산광역시 해운대구,2635000000,202601,2,5,34598
부산광역시 해운대구,2635000000,202601,2,6,66478
부산광역시 해운대구,2635000000,202602,1,1,28300
부산광역시 해운대구,2635000000,202602,1,2,18300
부산광역시 해운대구,2635000000,202602,1,3,20639
부산광역시 해운대구,2635000000,202602,1,4,26700
부산광역시 해운대구,2635000000,202602,1,5,31055
부산광역시 해운대구,2635000000,202602,1,6,53152
부산광역시 해운대구,2635000000,202602,2,1,26721
부산광역시 해운대구,2635000000,202602,2,2,17036
부산광역시 해운대구,2635000000,202602,2,3,20464
부산광역시 해운대구,2635000000,202602,2,4,28647
부산광역시 해운대구,2635000000,202602,2,5,34571
부산광역시 해운대구,2635000000,202602,2,6,66590
부산광역시 해운대구,2635000000,202603,1,1,28190
부산광역시 해운대구,2635000000,202603,1,2,18127
부산광역시 해운대구,2635000000,202603,1,3,20676
부산광역시 해운대구,2635000000,202603,1,4,26600
부산광역시 해운대구,2635000000,202603,1,5,30897
부산광역시 해운대구,2635000000,202603,1,6,53318
부산광역시 해운대구,2635000000,202603,2,1,26584
부산광역시 해운대구,2635000000,202603,2,2,16857
부산광역시 해운대구,2635000000,202603,2,3,20474
부산광역시 해운대구,2635000000,202603,2,4,28523
부산광역시 해운대구,2635000000,202603,2,5,34442
부산광역시 해운대구,2635000000,202603,2,6,66782
부산광역시 해운대구,2635000000,202604,1,1,28116
부산광역시 해운대구,2635000000,202604,1,2,18018
부산광역시 해운대구,2635000000,202604,1,3,20691
부산광역시 해운대구,2635000000,202604,1,4,26578
부산광역시 해운대구,2635000000,202604,1,5,30857
부산광역시 해운대구,2635000000,202604,1,6,53369
부산광역시 해운대구,2635000000,202604,2,1,26524
부산광역시 해운대구,2635000000,202604,2,2,16758
부산광역시 해운대구,2635000000,202604,2,3,20469
부산광역시 해운대구,2635000000,202604,2,4,28461
부산광역시 해운대구,2635000000,202604,2,5,34409
부산광역시 해운대구,2635000000,202604,2,6,66893
부산광역시 해운대구,2635000000,202605,1,1,28048
부산광역시 해운대구,2635000000,202605,1,2,17904
부산광역시 해운대구,2635000000,202605,1,3,20714
부산광역시 해운대구,2635000000,202605,1,4,26527
부산광역시 해운대구,2635000000,202605,1,5,30807
부산광역시 해운대구,2635000000,202605,1,6,53441
부산광역시 해운대구,2635000000,202605,2,1,26458
부산광역시 해운대구,2635000000,202605,2,2,16659
부산광역시 해운대구,2635000000,202605,2,3,20495
부산광역시 해운대구,2635000000,202605,2,4,28403
부산광역시 해운대구,2635000000,202605,2,5,34439
부산광역시 해운대구,2635000000,202605,2,6,67025
부산광역시 해운대구,2635000000,202606,1,1,27972
부산광역시 해운대구,2635000000,202606,1,2,17849
부산광역시 해운대구,2635000000,202606,1,3,20740
부산광역시 해운대구,2635000000,202606,1,4,26490
부산광역시 해운대구,2635000000,202606,1,5,30755
부산광역시 해운대구,2635000000,202606,1,6,53475
부산광역시 해운대구,2635000000,202606,2,1,26423
부산광역시 해운대구,2635000000,202606,2,2,16661
부산광역시 해운대구,2635000000,202606,2,3,20512
부산광역시 해운대구,2635000000,202606,2,4,28383
부산광역시 해운대구,2635000000,202606,2,5,34412
부산광역시 해운대구,2635000000,202606,2,6,67067
서울특별시 강남구,1168000000,202601,1,1,49741
서울특별시 강남구,1168000000,202601,1,2,29467
서울특별시 강남구,1168000000,202601,1,3,37824
서울특별시 강남구,1168000000,202601,1,4,45530
서울특별시 강남구,1168000000,202601,1,5,44344
서울특별시 강남구,1168000000,202601,1,6,58589
서울특별시 강남구,1168000000,202601,2,1,46101
서울특별시 강남구,1168000000,202601,2,2,33376
서울특별시 강남구,1168000000,202601,2,3,42541
서울특별시 강남구,1168000000,202601,2,4,54463
서울특별시 강남구,1168000000,202601,2,5,44202
서울특별시 강남구,1168000000,202601,2,6,69609
서울특별시 강남구,1168000000,202602,1,1,49733
서울특별시 강남구,1168000000,202602,1,2,29284
서울특별시 강남구,1168000000,202602,1,3,37632
서울특별시 강남구,1168000000,202602,1,4,45623
서울특별시 강남구,1168000000,202602,1,5,44345
서울특별시 강남구,1168000000,202602,1,6,58732
서울특별시 강남구,1168000000,202602,2,1,46090
서울특별시 강남구,1168000000,202602,2,2,33110
서울특별시 강남구,1168000000,202602,2,3,42374
서울특별시 강남구,1168000000,202602,2,4,54505
서울특별시 강남구,1168000000,202602,2,5,44252
서울특별시 강남구,1168000000,202602,2,6,69822
서울특별시 강남구,1168000000,202603,1,1,49510
서울특별시 강남구,1168000000,202603,1,2,29035
서울특별시 강남구,1168000000,202603,1,3,37572
서울특별시 강남구,1168000000,202603,1,4,45373
서울특별시 강남구,1168000000,202603,1,5,44269
서울특별시 강남구,1168000000,202603,1,6,58857
서울특별시 강남구,1168000000,202603,2,1,45914
서울특별시 강남구,1168000000,202603,2,2,32935
서울특별시 강남구,1168000000,202603,2,3,42291
서울특별시 강남구,1168000000,202603,2,4,54245
서울특별시 강남구,1168000000,202603,2,5,44181
서울특별시 강남구,1168000000,202603,2,6,69983
서울특별시 강남구,1168000000,202604,1,1,49393
서울특별시 강남구,1168000000,202604,1,2,28867
서울특별시 강남구,1168000000,202604,1,3,37400
서울특별시 강남구,1168000000,202604,1,4,45237
서울특별시 강남구,1168000000,202604,1,5,44261
서울특별시 강남구,1168000000,202604,1,6,58923
서울특별시 강남구,1168000000,202604,2,1,45834
서울특별시 강남구,1168000000,202604,2,2,32801
서울특별시 강남구,1168000000,202604,2,3,42168
서울특별시 강남구,1168000000,202604,2,4,54040
서울특별시 강남구,1168000000,202604,2,5,44310
서울특별시 강남구,1168000000,202604,2,6,70026
서울특별시 강남구,1168000000,202605,1,1,49296
서울특별시 강남구,1168000000,202605,1,2,28763
서울특별시 강남구,1168000000,202605,1,3,37332
서울특별시 강남구,1168000000,202605,1,4,45174
서울특별시 강남구,1168000000,202605,1,5,44341
서울특별시 강남구,1168000000,202605,1,6,59023
서울특별시 강남구,1168000000,202605,2,1,45696
서울특별시 강남구,1168000000,202605,2,2,32773
서울특별시 강남구,1168000000,202605,2,3,42127
서울특별시 강남구,1168000000,202605,2,4,53919
서울특별시 강남구,1168000000,202605,2,5,44384
서울특별시 강남구,1168000000,202605,2,6,70134
서울특별시 강남구,1168000000,202606,1,1,49224
서울특별시 강남구,1168000000,202606,1,2,28715
서울특별시 강남구,1168000000,202606,1,3,37229
서울특별시 강남구,1168000000,202606,1,4,45062
서울특별시 강남구,1168000000,202606,1,5,44400
서울특별시 강남구,1168000000,202606,1,6,59188
서울특별시 강남구,1168000000,202606,2,1,45652
서울특별시 강남구,1168000000,202606,2,2,32744
서울특별시 강남구,1168000000,202606,2,3,42039
서울특별시 강남구,1168000000,202606,2,4,53891
서울특별시 강남구,1168000000,202606,2,5,44438
서울특별시 강남구,1168000000,202606,2,6,70248
서울특별시 강동구,1174000000,202601,1,1,39833
서울특별시 강동구,1174000000,202601,1,2,26174
서울특별시 강동구,1174000000,202601,1,3,38066
서울특별시 강동구,1174000000,202601,1,4,40302
서울특별시 강동구,1174000000,202601,1,5,37201
서울특별시 강동구,1174000000,202601,1,6,61737
서울특별시 강동구,1174000000,202601,2,1,35927
서울특별시 강동구,1174000000,202601,2,2,29278
서울특별시 강동구,1174000000,202601,2,3,39299
서울특별시 강동구,1174000000,202601,2,4,40876
서울특별시 강동구,1174000000,202601,2,5,38099
서울특별시 강동구,1174000000,202601,2,6,72515
서울특별시 강동구,1174000000,202602,1,1,39936
서울특별시 강동구,1174000000,202602,1,2,26090
서울특별시 강동구,1174000000,202602,1,3,38047
서울특별시 강동구,1174000000,202602,1,4,40452
서울특별시 강동구,1174000000,202602,1,5,37248
서울특별시 강동구,1174000000,202602,1,6,61885
서울특별시 강동구,1174000000,202602,2,1,35959
서울특별시 강동구,1174000000,202602,2,2,29243
서울특별시 강동구,1174000000,202602,2,3,39329
서울특별시 강동구,1174000000,202602,2,4,41063
서울특별시 강동구,1174000000,202602,2,5,38129
서울특별시 강동구,1174000000,202602,2,6,72682
서울특별시 강동구,1174000000,202603,1,1,39844
서울특별시 강동구,1174000000,202603,1,2,25904
서울특별시 강동구,1174000000,202603,1,3,38049
서울특별시 강동구,1174000000,202603,1,4,40388
서울특별시 강동구,1174000000,202603,1,5,37140
서울특별시 강동구,1174000000,202603,1,6,62096
서울특별시 강동구,1174000000,202603,2,1,35910
서울특별시 강동구,1174000000,202603,2,2,29053
서울특별시 강동구,1174000000,202603,2,3,39422
서울특별시 강동구,1174000000,202603,2,4,41010
서울특별시 강동구,1174000000,202603,2,5,38064
서울특별시 강동구,1174000000,202603,2,6,72915
서울특별시 강동구,1174000000,202604,1,1,39780
서울특별시 강동구,1174000000,202604,1,2,25783
서울특별시 강동구,1174000000,202604,1,3,38014
서울특별시 강동구,1174000000,202604,1,4,40277
서울특별시 강동구,1174000000,202604,1,5,37141
서울특별시 강동구,1174000000,202604,1,6,62218
서울특별시 강동구,1174000000,202604,2,1,35878
서울특별시 강동구,1174000000,202604,2,2,28929
서울특별시 강동구,1174000000,202604,2,3,39393
서울특별시 강동구,1174000000,202604,2,4,40952
서울특별시 강동구,1174000000,202604,2,5,38055
서울특별시 강동구,1174000000,202604,2,6,73040
서울특별시 강동구,1174000000,202605,1,1,39728
서울특별시 강동구,1174000000,202605,1,2,25655
서울특별시 강동구,1174000000,202605,1,3,37955
서울특별시 강동구,1174000000,202605,1,4,40218
서울특별시 강동구,1174000000,202605,1,5,37136
서울특별시 강동구,1174000000,202605,1,6,62355
서울특별시 강동구,1174000000,202605,2,1,35827
서울특별시 강동구,1174000000,202605,2,2,28705
서울특별시 강동구,1174000000,202605,2,3,39375
서울특별시 강동구,1174000000,202605,2,4,40928
서울특별시 강동구,1174000000,202605,2,5,38064
서울특별시 강동구,1174000000,202605,2,6,73112
서울특별시 강동구,1174000000,202606,1,1,39720
서울특별시 강동구,1174000000,202606,1,2,25565
서울특별시 강동구,1174000000,202606,1,3,37870
서울특별시 강동구,1174000000,202606,1,4,40251
서울특별시 강동구,1174000000,202606,1,5,37138
서울특별시 강동구,1174000000,202606,1,6,62414
서울특별시 강동구,1174000000,202606,2,1,35849
서울특별시 강동구,1174000000,202606,2,2,28616
서울특별시 강동구,1174000000,202606,2,3,39346
서울특별시 강동구,1174000000,202606,2,4,41004
서울특별시 강동구,1174000000,202606,2,5,38020
서울특별시 강동구,1174000000,202606,2,6,73218
서울특별시 강북구,1130500000,202601,1,1,13923
서울특별시 강북구,1130500000,202601,1,2,15752
서울특별시 강북구,1130500000,202601,1,3,17981
서울특별시 강북구,1130500000,202601,1,4,18823
서울특별시 강북구,1130500000,202601,1,5,24030
서울특별시 강북구,1130500000,202601,1,6,43545
서울특별시 강북구,1130500000,202601,2,1,13414
서울특별시 강북구,1130500000,202601,2,2,18278
서울특별시 강북구,1130500000,202601,2,3,16344
서울특별시 강북구,1130500000,202601,2,4,17308
서울특별시 강북구,1130500000,202601,2,5,24589
서울특별시 강북구,1130500000,202601,2,6,54763
서울특별시 강북구,1130500000,202602,1,1,13890
서울특별시 강북구,1130500000,202602,1,2,15704
서울특별시 강북구,1130500000,202602,1,3,17949
서울특별시 강북구,1130500000,202602,1,4,18825
서울특별시 강북구,1130500000,202602,1,5,24024
서울특별시 강북구,1130500000,202602,1,6,43653
서울특별시 강북구,1130500000,202602,2,1,13482
서울특별시 강북구,1130500000,202602,2,2,18207
서울특별시 강북구,1130500000,202602,2,3,16315
서울특별시 강북구,1130500000,202602,2,4,17250
서울특별시 강북구,1130500000,202602,2,5,24601
서울특별시 강북구,1130500000,202602,2,6,54886
서울특별시 강북구,1130500000,202603,1,1,13840
서울특별시 강북구,1130500000,202603,1,2,15603
서울특별시 강북구,1130500000,202603,1,3,17976
서울특별시 강북구,1130500000,202603,1,4,18778
서울특별시 강북구,1130500000,202603,1,5,23957
서울특별시 강북구,1130500000,202603,1,6,43789
서울특별시 강북구,1130500000,202603,2,1,13498
서울특별시 강북구,1130500000,202603,2,2,18232
서울특별시 강북구,1130500000,202603,2,3,16358
서울특별시 강북구,1130500000,202603,2,4,17175
서울특별시 강북구,1130500000,202603,2,5,24504
서울특별시 강북구,1130500000,202603,2,6,55076
서울특별시 강북구,1130500000,202604,1,1,13794
서울특별시 강북구,1130500000,202604,1,2,15566
서울특별시 강북구,1130500000,202604,1,3,17982
서울특별시 강북구,1130500000,202604,1,4,18714
서울특별시 강북구,1130500000,202604,1,5,23919
서울특별시 강북구,1130500000,202604,1,6,43852
서울특별시 강북구,1130500000,202604,2,1,13432
서울특별시 강북구,1130500000,202604,2,2,18166
서울특별시 강북구,1130500000,202604,2,3,16341
서울특별시 강북구,1130500000,202604,2,4,17105
서울특별시 강북구,1130500000,202604,2,5,24473
서울특별시 강북구,1130500000,202604,2,6,55176
서울특별시 강북구,1130500000,202605,1,1,13773
서울특별시 강북구,1130500000,202605,1,2,15523
서울특별시 강북구,1130500000,202605,1,3,18010
서울특별시 강북구,1130500000,202605,1,4,18713
서울특별시 강북구,1130500000,202605,1,5,23850
서울특별시 강북구,1130500000,202605,1,6,43860
서울특별시 강북구,1130500000,202605,2,1,13367
서울특별시 강북구,1130500000,202605,2,2,18118
서울특별시 강북구,1130500000,202605,2,3,16328
서울특별시 강북구,1130500000,202605,2,4,17141
서울특별시 강북구,1130500000,202605,2,5,24348
서울특별시 강북구,1130500000,202605,2,6,55263
서울특별시 강북구,1130500000,202606,1,1,13735
서울특별시 강북구,1130500000,202606,1,2,15441
서울특별시 강북구,1130500000,202606,1,3,18024
서울특별시 강북구,1130500000,202606,1,4,18681
서울특별시 강북구,1130500000,202606,1,5,23823
서울특별시 강북구,1130500000,202606,1,6,43886
서울특별시 강북구,1130500000,202606,2,1,13286
서울특별시 강북구,1130500000,202606,2,2,18122
서울특별시 강북구,1130500000,202606,2,3,16324
서울특별시 강북구,1130500000,202606,2,4,17123
서울특별시 강북구,1130500000,202606,2,5,24324
서울특별시 강북구,1130500000,202606,2,6,55272
서울특별시 강서구,1150000000,202601,1,1,34080
서울특별시 강서구,1150000000,202601,1,2,31712
서울특별시 강서구,1150000000,202601,1,3,47809
서울특별시 강서구,1150000000,202601,1,4,41061
서울특별시 강서구,1150000000,202601,1,5,39921
서울특별시 강서구,1150000000,202601,1,6,67913
서울특별시 강서구,1150000000,202601,2,1,32514
서울특별시 강서구,1150000000,202601,2,2,39498
서울특별시 강서구,1150000000,202601,2,3,48413
서울특별시 강서구,1150000000,202601,2,4,40557
서울특별시 강서구,1150000000,202601,2,5,41492
서울특별시 강서구,1150000000,202601,2,6,84566
서울특별시 강서구,1150000000,202602,1,1,33955
서울특별시 강서구,1150000000,202602,1,2,31475
서울특별시 강서구,1150000000,202602,1,3,47658
서울특별시 강서구,1150000000,202602,1,4,41102
서울특별시 강서구,1150000000,202602,1,5,39844
서울특별시 강서구,1150000000,202602,1,6,68108
서울특별시 강서구,1150000000,202602,2,1,32373
서울특별시 강서구,1150000000,202602,2,2,39429
서울특별시 강서구,1150000000,202602,2,3,48292
서울특별시 강서구,1150000000,202602,2,4,40541
서울특별시 강서구,1150000000,202602,2,5,41532
서울특별시 강서구,1150000000,202602,2,6,84741
서울특별시 강서구,1150000000,202603,1,1,33887
서울특별시 강서구,1150000000,202603,1,2,31333
서울특별시 강서구,1150000000,202603,1,3,47868
서울특별시 강서구,1150000000,202603,1,4,40933
서울특별시 강서구,1150000000,202603,1,5,39753
서울특별시 강서구,1150000000,202603,1,6,68284
서울특별시 강서구,1150000000,202603,2,1,32298
서울특별시 강서구,1150000000,202603,2,2,39215
서울특별시 강서구,1150000000,202603,2,3,48494
서울특별시 강서구,1150000000,202603,2,4,40434
서울특별시 강서구,1150000000,202603,2,5,41407
서울특별시 강서구,1150000000,202603,2,6,85079
서울특별시 강서구,1150000000,202604,1,1,33823
서울특별시 강서구,1150000000,202604,1,2,31176
서울특별시 강서구,1150000000,202604,1,3,47940
서울특별시 강서구,1150000000,202604,1,4,40844
서울특별시 강서구,1150000000,202604,1,5,39744
서울특별시 강서구,1150000000,202604,1,6,68372
서울특별시 강서구,1150000000,202604,2,1,32222
서울특별시 강서구,1150000000,202604,2,2,39103
서울특별시 강서구,1150000000,202604,2,3,48509
서울특별시 강서구,1150000000,202604,2,4,40416
서울특별시 강서구,1150000000,202604,2,5,41327
서울특별시 강서구,1150000000,202604,2,6,85240
서울특별시 강서구,1150000000,202605,1,1,33748
서울특별시 강서구,1150000000,202605,1,2,31059
서울특별시 강서구,1150000000,202605,1,3,47983
서울특별시 강서구,1150000000,202605,1,4,40883
서울특별시 강서구,1150000000,202605,1,5,39665
서울특별시 강서구,1150000000,202605,1,6,68518
서울특별시 강서구,1150000000,202605,2,1,32192
서울특별시 강서구,1150000000,202605,2,2,38865
서울특별시 강서구,1150000000,202605,2,3,48608
서울특별시 강서구,1150000000,202605,2,4,40393
서울특별시 강서구,1150000000,202605,2,5,41325
서울특별시 강서구,1150000000,202605,2,6,85383
서울특별시 강서구,1150000000,202606,1,1,33696
서울특별시 강서구,1150000000,202606,1,2,30962
서울특별시 강서구,1150000000,202606,1,3,47975
서울특별시 강서구,1150000000,202606,1,4,40860
서울특별시 강서구,1150000000,202606,1,5,39672
서울특별시 강서구,1150000000,202606,1,6,68564
서울특별시 강서구,1150000000,202606,2,1,32208
서울특별시 강서구,1150000000,202606,2,2,38700
서울특별시 강서구,1150000000,202606,2,3,48659
서울특별시 강서구,1150000000,202606,2,4,40423
서울특별시 강서구,1150000000,202606,2,5,41344
서울특별시 강서구,1150000000,202606,2,6,85452
서울특별시 관악구,1162000000,202601,1,1,18953
서울특별시 관악구,1162000000,202601,1,2,48513
서울특별시 관악구,1162000000,202601,1,3,52624
서울특별시 관악구,1162000000,202601,1,4,31169
서울특별시 관악구,1162000000,202601,1,5,33175
서울특별시 관악구,1162000000,202601,1,6,55754
서울특별시 관악구,1162000000,202601,2,1,18441
서울특별시 관악구,1162000000,202601,2,2,52782
서울특별시 관악구,1162000000,202601,2,3,41539
서울특별시 관악구,1162000000,202601,2,4,26466
서울특별시 관악구,1162000000,202601,2,5,31346
서울특별시 관악구,1162000000,202601,2,6,66895
서울특별시 관악구,1162000000,202602,1,1,19005
서울특별시 관악구,1162000000,202602,1,2,48636
서울특별시 관악구,1162000000,202602,1,3,52518
서울특별시 관악구,1162000000,202602,1,4,31180
서울특별시 관악구,1162000000,202602,1,5,33157
서울특별시 관악구,1162000000,202602,1,6,55885
서울특별시 관악구,1162000000,202602,2,1,18533
서울특별시 관악구,1162000000,202602,2,2,52971
서울특별시 관악구,1162000000,202602,2,3,41494
서울특별시 관악구,1162000000,202602,2,4,26423
서울특별시 관악구,1162000000,202602,2,5,31333
서울특별시 관악구,1162000000,202602,2,6,67060
서울특별시 관악구,1162000000,202603,1,1,18969
서울특별시 관악구,1162000000,202603,1,2,48609
서울특별시 관악구,1162000000,202603,1,3,52683
서울특별시 관악구,1162000000,202603,1,4,31083
서울특별시 관악구,1162000000,202603,1,5,33104
서울특별시 관악구,1162000000,202603,1,6,55995
서울특별시 관악구,1162000000,202603,2,1,18616
서울특별시 관악구,1162000000,202603,2,2,53030
서울특별시 관악구,1162000000,202603,2,3,41650
서울특별시 관악구,1162000000,202603,2,4,26345
서울특별시 관악구,1162000000,202603,2,5,31151
서울특별시 관악구,1162000000,202603,2,6,67233
서울특별시 관악구,1162000000,202604,1,1,18899
서울특별시 관악구,1162000000,202604,1,2,48406
서울특별시 관악구,1162000000,202604,1,3,52786
서울특별시 관악구,1162000000,202604,1,4,31021
서울특별시 관악구,1162000000,202604,1,5,33039
서울특별시 관악구,1162000000,202604,1,6,56060
서울특별시 관악구,1162000000,202604,2,1,18559
서울특별시 관악구,1162000000,202604,2,2,52948
서울특별시 관악구,1162000000,202604,2,3,41741
서울특별시 관악구,1162000000,202604,2,4,26285
서울특별시 관악구,1162000000,202604,2,5,31115
서울특별시 관악구,1162000000,202604,2,6,67285
서울특별시 관악구,1162000000,202605,1,1,18764
서울특별시 관악구,1162000000,202605,1,2,48328
서울특별시 관악구,1162000000,202605,1,3,52992
서울특별시 관악구,1162000000,202605,1,4,31011
서울특별시 관악구,1162000000,202605,1,5,32985
서울특별시 관악구,1162000000,202605,1,6,56156
서울특별시 관악구,1162000000,202605,2,1,18442
서울특별시 관악구,1162000000,202605,2,2,52894
서울특별시 관악구,1162000000,202605,2,3,41822
서울특별시 관악구,1162000000,202605,2,4,26256
서울특별시 관악구,1162000000,202605,2,5,31108
서울특별시 관악구,1162000000,202605,2,6,67396
서울특별시 관악구,1162000000,202606,1,1,18658
서울특별시 관악구,1162000000,202606,1,2,48183
서울특별시 관악구,1162000000,202606,1,3,53051
서울특별시 관악구,1162000000,202606,1,4,31028
서울특별시 관악구,1162000000,202606,1,5,32923
서울특별시 관악구,1162000000,202606,1,6,56189
서울특별시 관악구,1162000000,202606,2,1,18348
서울특별시 관악구,1162000000,202606,2,2,52791
서울특별시 관악구,1162000000,202606,2,3,41893
서울특별시 관악구,1162000000,202606,2,4,26224
서울특별시 관악구,1162000000,202606,2,5,31077
서울특별시 관악구,1162000000,202606,2,6,67432
서울특별시 광진구,1121500000,202601,1,1,18402
서울특별시 광진구,1121500000,202601,1,2,24954
서울특별시 광진구,1121500000,202601,1,3,28244
서울특별시 광진구,1121500000,202601,1,4,22440
서울특별시 광진구,1121500000,202601,1,5,24810
서울특별시 광진구,1121500000,202601,1,6,39562
서울특별시 광진구,1121500000,202601,2,1,17859
서울특별시 광진구,1121500000,202601,2,2,29668
서울특별시 광진구,1121500000,202601,2,3,28548
서울특별시 광진구,1121500000,202601,2,4,23520
서울특별시 광진구,1121500000,202601,2,5,26328
서울특별시 광진구,1121500000,202601,2,6,46598
서울특별시 광진구,1121500000,202602,1,1,18394
서울특별시 광진구,1121500000,202602,1,2,25005
서울특별시 광진구,1121500000,202602,1,3,28169
서울특별시 광진구,1121500000,202602,1,4,22457
서울특별시 광진구,1121500000,202602,1,5,24797
서울특별시 광진구,1121500000,202602,1,6,39687
서울특별시 광진구,1121500000,202602,2,1,17876
서울특별시 광진구,1121500000,202602,2,2,29619
서울특별시 광진구,1121500000,202602,2,3,28513
서울특별시 광진구,1121500000,202602,2,4,23525
서울특별시 광진구,1121500000,202602,2,5,26303
서울특별시 광진구,1121500000,202602,2,6,46750
서울특별시 광진구,1121500000,202603,1,1,18417
서울특별시 광진구,1121500000,202603,1,2,24932
서울특별시 광진구,1121500000,202603,1,3,28227
서울특별시 광진구,1121500000,202603,1,4,22368
서울특별시 광진구,1121500000,202603,1,5,24691
서울특별시 광진구,1121500000,202603,1,6,39814
서울특별시 광진구,1121500000,202603,2,1,17929
서울특별시 광진구,1121500000,202603,2,2,29606
서울특별시 광진구,1121500000,202603,2,3,28573
서울특별시 광진구,1121500000,202603,2,4,23489
서울특별시 광진구,1121500000,202603,2,5,26184
서울특별시 광진구,1121500000,202603,2,6,46893
서울특별시 광진구,1121500000,202604,1,1,18371
서울특별시 광진구,1121500000,202604,1,2,24795
서울특별시 광진구,1121500000,202604,1,3,28268
서울특별시 광진구,1121500000,202604,1,4,22391
서울특별시 광진구,1121500000,202604,1,5,24623
서울특별시 광진구,1121500000,202604,1,6,39916
서울특별시 광진구,1121500000,202604,2,1,17888
서울특별시 광진구,1121500000,202604,2,2,29554
서울특별시 광진구,1121500000,202604,2,3,28658
서울특별시 광진구,1121500000,202604,2,4,23480
서울특별시 광진구,1121500000,202604,2,5,26097
서울특별시 광진구,1121500000,202604,2,6,46988
서울특별시 광진구,1121500000,202605,1,1,18323
서울특별시 광진구,1121500000,202605,1,2,24727
서울특별시 광진구,1121500000,202605,1,3,28334
서울특별시 광진구,1121500000,202605,1,4,22396
서울특별시 광진구,1121500000,202605,1,5,24597
서울특별시 광진구,1121500000,202605,1,6,39964
서울특별시 광진구,1121500000,202605,2,1,17865
서울특별시 광진구,1121500000,202605,2,2,29612
서울특별시 광진구,1121500000,202605,2,3,28686
서울특별시 광진구,1121500000,202605,2,4,23416
서울특별시 광진구,1121500000,202605,2,5,26096
서울특별시 광진구,1121500000,202605,2,6,47120
서울특별시 광진구,1121500000,202606,1,1,18253
서울특별시 광진구,1121500000,202606,1,2,24597
서울특별시 광진구,1121500000,202606,1,3,28372
서울특별시 광진구,1121500000,202606,1,4,22396
서울특별시 광진구,1121500000,202606,1,5,24518
서울특별시 광진구,1121500000,202606,1,6,40015
서울특별시 광진구,1121500000,202606,2,1,17817
서울특별시 광진구,1121500000,202606,2,2,29606
서울특별시 광진구,1121500000,202606,2,3,28702
서울특별시 광진구,1121500000,202606,2,4,23390
서울특별시 광진구,1121500000,202606,2,5,26088
서울특별시 광진구,1121500000,202606,2,6,47151
서울특별시 구로구,1153000000,202601,1,1,23581
서울특별시 구로구,1153000000,202601,1,2,21783
서울특별시 구로구,1153000000,202601,1,3,31336
서울특별시 구로구,1153000000,202601,1,4,27929
서울특별시 구로구,1153000000,202601,1,5,29921
서울특별시 구로구,1153000000,202601,1,6,52670
서울특별시 구로구,1153000000,202601,2,1,22769
서울특별시 구로구,1153000000,202601,2,2,23923
서울특별시 구로구,1153000000,202601,2,3,30061
서울특별시 구로구,1153000000,202601,2,4,26669
서울특별시 구로구,1153000000,202601,2,5,30054
서울특별시 구로구,1153000000,202601,2,6,62530
서울특별시 구로구,1153000000,202602,1,1,23471
서울특별시 구로구,1153000000,202602,1,2,21733
서울특별시 구로구,1153000000,202602,1,3,31280
서울특별시 구로구,1153000000,202602,1,4,27870
서울특별시 구로구,1153000000,202602,1,5,29916
서울특별시 구로구,1153000000,202602,1,6,52767
서울특별시 구로구,1153000000,202602,2,1,22636
서울특별시 구로구,1153000000,202602,2,2,23863
서울특별시 구로구,1153000000,202602,2,3,30012
서울특별시 구로구,1153000000,202602,2,4,26555
서울특별시 구로구,1153000000,202602,2,5,30089
서울특별시 구로구,1153000000,202602,2,6,62608
서울특별시 구로구,1153000000,202603,1,1,23448
서울특별시 구로구,1153000000,202603,1,2,21689
서울특별시 구로구,1153000000,202603,1,3,31347
서울특별시 구로구,1153000000,202603,1,4,27793
서울특별시 구로구,1153000000,202603,1,5,29784
서울특별시 구로구,1153000000,202603,1,6,52937
서울특별시 구로구,1153000000,202603,2,1,22618
서울특별시 구로구,1153000000,202603,2,2,23806
서울특별시 구로구,1153000000,202603,2,3,30106
서울특별시 구로구,1153000000,202603,2,4,26488
서울특별시 구로구,1153000000,202603,2,5,29940
서울특별시 구로구,1153000000,202603,2,6,62880
서울특별시 구로구,1153000000,202604,1,1,23398
서울특별시 구로구,1153000000,202604,1,2,21587
서울특별시 구로구,1153000000,202604,1,3,31444
서울특별시 구로구,1153000000,202604,1,4,27736
서울특별시 구로구,1153000000,202604,1,5,29738
서울특별시 구로구,1153000000,202604,1,6,52983
서울특별시 구로구,1153000000,202604,2,1,22573
서울특별시 구로구,1153000000,202604,2,2,23701
서울특별시 구로구,1153000000,202604,2,3,30180
서울특별시 구로구,1153000000,202604,2,4,26454
서울특별시 구로구,1153000000,202604,2,5,29956
서울특별시 구로구,1153000000,202604,2,6,62968
서울특별시 구로구,1153000000,202605,1,1,23352
서울특별시 구로구,1153000000,202605,1,2,21461
서울특별시 구로구,1153000000,202605,1,3,31537
서울특별시 구로구,1153000000,202605,1,4,27675
서울특별시 구로구,1153000000,202605,1,5,29705
서울특별시 구로구,1153000000,202605,1,6,53060
서울특별시 구로구,1153000000,202605,2,1,22522
서울특별시 구로구,1153000000,202605,2,2,23596
서울특별시 구로구,1153000000,202605,2,3,30299
서울특별시 구로구,1153000000,202605,2,4,26466
서울특별시 구로구,1153000000,202605,2,5,29911
서울특별시 구로구,1153000000,202605,2,6,63068
서울특별시 구로구,1153000000,202606,1,1,23320
서울특별시 구로구,1153000000,202606,1,2,21425
서울특별시 구로구,1153000000,202606,1,3,31560
서울특별시 구로구,1153000000,202606,1,4,27653
서울특별시 구로구,1153000000,202606,1,5,29646
서울특별시 구로구,1153000000,202606,1,6,53134
서울특별시 구로구,1153000000,202606,2,1,22449
서울특별시 구로구,1153000000,202606,2,2,23624
서울특별시 구로구,1153000000,202606,2,3,30355
서울특별시 구로구,1153000000,202606,2,4,26453
서울특별시 구로구,1153000000,202606,2,5,29873
서울특별시 구로구,1153000000,202606,2,6,63141
서울특별시 금천구,1154500000,202601,1,1,10332
서울특별시 금천구,1154500000,202601,1,2,14965
서울특별시 금천구,1154500000,202601,1,3,21847
서울특별시 금천구,1154500000,202601,1,4,14817
서울특별시 금천구,1154500000,202601,1,5,17601
서울특별시 금천구,1154500000,202601,1,6,32446
서울특별시 금천구,1154500000,202601,2,1,9953
서울특별시 금천구,1154500000,202601,2,2,16454
서울특별시 금천구,1154500000,202601,2,3,17929
서울특별시 금천구,1154500000,202601,2,4,12684
서울특별시 금천구,1154500000,202601,2,5,17391
서울특별시 금천구,1154500000,202601,2,6,36593
서울특별시 금천구,1154500000,202602,1,1,10265
서울특별시 금천구,1154500000,202602,1,2,14914
서울특별시 금천구,1154500000,202602,1,3,21858
서울특별시 금천구,1154500000,202602,1,4,14807
서울특별시 금천구,1154500000,202602,1,5,17522
서울특별시 금천구,1154500000,202602,1,6,32537
서울특별시 금천구,1154500000,202602,2,1,9891
서울특별시 금천구,1154500000,202602,2,2,16396
서울특별시 금천구,1154500000,202602,2,3,17904
서울특별시 금천구,1154500000,202602,2,4,12649
서울특별시 금천구,1154500000,202602,2,5,17363
서울특별시 금천구,1154500000,202602,2,6,36703
서울특별시 금천구,1154500000,202603,1,1,10232
서울특별시 금천구,1154500000,202603,1,2,14831
서울특별시 금천구,1154500000,202603,1,3,21902
서울특별시 금천구,1154500000,202603,1,4,14793
서울특별시 금천구,1154500000,202603,1,5,17361
서울특별시 금천구,1154500000,202603,1,6,32691
서울특별시 금천구,1154500000,202603,2,1,9862
서울특별시 금천구,1154500000,202603,2,2,16387
서울특별시 금천구,1154500000,202603,2,3,17972
서울특별시 금천구,1154500000,202603,2,4,12598
서울특별시 금천구,1154500000,202603,2,5,17276
서울특별시 금천구,1154500000,202603,2,6,36807
서울특별시 금천구,1154500000,202604,1,1,10201
서울특별시 금천구,1154500000,202604,1,2,14742
서울특별시 금천구,1154500000,202604,1,3,21948
서울특별시 금천구,1154500000,202604,1,4,14795
서울특별시 금천구,1154500000,202604,1,5,17321
서울특별시 금천구,1154500000,202604,1,6,32770
서울특별시 금천구,1154500000,202604,2,1,9858
서울특별시 금천구,1154500000,202604,2,2,16365
서울특별시 금천구,1154500000,202604,2,3,18045
서울특별시 금천구,1154500000,202604,2,4,12577
서울특별시 금천구,1154500000,202604,2,5,17227
서울특별시 금천구,1154500000,202604,2,6,36877
서울특별시 금천구,1154500000,202605,1,1,10158
서울특별시 금천구,1154500000,202605,1,2,14700
서울특별시 금천구,1154500000,202605,1,3,21991
서울특별시 금천구,1154500000,202605,1,4,14798
서울특별시 금천구,1154500000,202605,1,5,17301
서울특별시 금천구,1154500000,202605,1,6,32810
서울특별시 금천구,1154500000,202605,2,1,9826
서울특별시 금천구,1154500000,202605,2,2,16320
서울특별시 금천구,1154500000,202605,2,3,18084
서울특별시 금천구,1154500000,202605,2,4,12553
서울특별시 금천구,1154500000,202605,2,5,17160
서울특별시 금천구,1154500000,202605,2,6,36954
서울특별시 금천구,1154500000,202606,1,1,10130
서울특별시 금천구,1154500000,202606,1,2,14617
서울특별시 금천구,1154500000,202606,1,3,22006
서울특별시 금천구,1154500000,202606,1,4,14804
서울특별시 금천구,1154500000,202606,1,5,17238
서울특별시 금천구,1154500000,202606,1,6,32854
서울특별시 금천구,1154500000,202606,2,1,9806
서울특별시 금천구,1154500000,202606,2,2,16240
서울특별시 금천구,1154500000,202606,2,3,18121
서울특별시 금천구,1154500000,202606,2,4,12549
서울특별시 금천구,1154500000,202606,2,5,17097
서울특별시 금천구,1154500000,202606,2,6,37041
서울특별시 노원구,1135000000,202601,1,1,34355
서울특별시 노원구,1135000000,202601,1,2,30442
서울특별시 노원구,1135000000,202601,1,3,30859
서울특별시 노원구,1135000000,202601,1,4,32915
서울특별시 노원구,1135000000,202601,1,5,40210
서울특별시 노원구,1135000000,202601,1,6,61912
서울특별시 노원구,1135000000,202601,2,1,32216
서울특별시 노원구,1135000000,202601,2,2,30139
서울특별시 노원구,1135000000,202601,2,3,30230
서울특별시 노원구,1135000000,202601,2,4,35826
서울특별시 노원구,1135000000,202601,2,5,43567
서울특별시 노원구,1135000000,202601,2,6,79790
서울특별시 노원구,1135000000,202602,1,1,34349
서울특별시 노원구,1135000000,202602,1,2,30349
서울특별시 노원구,1135000000,202602,1,3,30778
서울특별시 노원구,1135000000,202602,1,4,32962
서울특별시 노원구,1135000000,202602,1,5,40138
서울특별시 노원구,1135000000,202602,1,6,62057
서울특별시 노원구,1135000000,202602,2,1,32278
서울특별시 노원구,1135000000,202602,2,2,29947
서울특별시 노원구,1135000000,202602,2,3,30153
서울특별시 노원구,1135000000,202602,2,4,35810
서울특별시 노원구,1135000000,202602,2,5,43516
서울특별시 노원구,1135000000,202602,2,6,79956
서울특별시 노원구,1135000000,202603,1,1,34458
서울특별시 노원구,1135000000,202603,1,2,30409
서울특별시 노원구,1135000000,202603,1,3,30883
서울특별시 노원구,1135000000,202603,1,4,32834
서울특별시 노원구,1135000000,202603,1,5,39941
서울특별시 노원구,1135000000,202603,1,6,62214
서울특별시 노원구,1135000000,202603,2,1,32386
서울특별시 노원구,1135000000,202603,2,2,29978
서울특별시 노원구,1135000000,202603,2,3,30268
서울특별시 노원구,1135000000,202603,2,4,35650
서울특별시 노원구,1135000000,202603,2,5,43271
서울특별시 노원구,1135000000,202603,2,6,80195
서울특별시 노원구,1135000000,202604,1,1,34321
서울특별시 노원구,1135000000,202604,1,2,30270
서울특별시 노원구,1135000000,202604,1,3,31047
서울특별시 노원구,1135000000,202604,1,4,32735
서울특별시 노원구,1135000000,202604,1,5,39805
서울특별시 노원구,1135000000,202604,1,6,62287
서울특별시 노원구,1135000000,202604,2,1,32247
서울특별시 노원구,1135000000,202604,2,2,29987
서울특별시 노원구,1135000000,202604,2,3,30356
서울특별시 노원구,1135000000,202604,2,4,35550
서울특별시 노원구,1135000000,202604,2,5,43214
서울특별시 노원구,1135000000,202604,2,6,80278
서울특별시 노원구,1135000000,202605,1,1,34137
서울특별시 노원구,1135000000,202605,1,2,30200
서울특별시 노원구,1135000000,202605,1,3,31145
서울특별시 노원구,1135000000,202605,1,4,32642
서울특별시 노원구,1135000000,202605,1,5,39697
서울특별시 노원구,1135000000,202605,1,6,62352
서울특별시 노원구,1135000000,202605,2,1,32095
서울특별시 노원구,1135000000,202605,2,2,29970
서울특별시 노원구,1135000000,202605,2,3,30416
서울특별시 노원구,1135000000,202605,2,4,35424
서울특별시 노원구,1135000000,202605,2,5,43083
서울특별시 노원구,1135000000,202605,2,6,80428
서울특별시 노원구,1135000000,202606,1,1,33992
서울특별시 노원구,1135000000,202606,1,2,30048
서울특별시 노원구,1135000000,202606,1,3,31270
서울특별시 노원구,1135000000,202606,1,4,32589
서울특별시 노원구,1135000000,202606,1,5,39592
서울특별시 노원구,1135000000,202606,1,6,62375
서울특별시 노원구,1135000000,202606,2,1,31952
서울특별시 노원구,1135000000,202606,2,2,29886
서울특별시 노원구,1135000000,202606,2,3,30574
서울특별시 노원구,1135000000,202606,2,4,35379
서울특별시 노원구,1135000000,202606,2,5,42953
서울특별시 노원구,1135000000,202606,2,6,80443
서울특별시 도봉구,1132000000,202601,1,1,17083
서울특별시 도봉구,1132000000,202601,1,2,16169
서울특별시 도봉구,1132000000,202601,1,3,19109
서울특별시 도봉구,1132000000,202601,1,4,19901
서울특별시 도봉구,1132000000,202601,1,5,24953
서울특별시 도봉구,1132000000,202601,1,6,47278
서울특별시 도봉구,1132000000,202601,2,1,15805
서울특별시 도봉구,1132000000,202601,2,2,16953
서울특별시 도봉구,1132000000,202601,2,3,18093
서울특별시 도봉구,1132000000,202601,2,4,19649
서울특별시 도봉구,1132000000,202601,2,5,26969
서울특별시 도봉구,1132000000,202601,2,6,57583
서울특별시 도봉구,1132000000,202602,1,1,17013
서울특별시 도봉구,1132000000,202602,1,2,16121
서울특별시 도봉구,1132000000,202602,1,3,19027
서울특별시 도봉구,1132000000,202602,1,4,19864
서울특별시 도봉구,1132000000,202602,1,5,24931
서울특별시 도봉구,1132000000,202602,1,6,47418
서울특별시 도봉구,1132000000,202602,2,1,15741
서울특별시 도봉구,1132000000,202602,2,2,16862
서울특별시 도봉구,1132000000,202602,2,3,18055
서울특별시 도봉구,1132000000,202602,2,4,19582
서울특별시 도봉구,1132000000,202602,2,5,26926
서울특별시 도봉구,1132000000,202602,2,6,57755
서울특별시 도봉구,1132000000,202603,1,1,16975
서울특별시 도봉구,1132000000,202603,1,2,16031
서울특별시 도봉구,1132000000,202603,1,3,19020
서울특별시 도봉구,1132000000,202603,1,4,19761
서울특별시 도봉구,1132000000,202603,1,5,24882
서울특별시 도봉구,1132000000,202603,1,6,47509
서울특별시 도봉구,1132000000,202603,2,1,15710
서울특별시 도봉구,1132000000,202603,2,2,16821
서울특별시 도봉구,1132000000,202603,2,3,18064
서울특별시 도봉구,1132000000,202603,2,4,19501
서울특별시 도봉구,1132000000,202603,2,5,26813
서울특별시 도봉구,1132000000,202603,2,6,57978
서울특별시 도봉구,1132000000,202604,1,1,16919
서울특별시 도봉구,1132000000,202604,1,2,15971
서울특별시 도봉구,1132000000,202604,1,3,19043
서울특별시 도봉구,1132000000,202604,1,4,19721
서울특별시 도봉구,1132000000,202604,1,5,24837
서울특별시 도봉구,1132000000,202604,1,6,47634
서울특별시 도봉구,1132000000,202604,2,1,15667
서울특별시 도봉구,1132000000,202604,2,2,16705
서울특별시 도봉구,1132000000,202604,2,3,18047
서울특별시 도봉구,1132000000,202604,2,4,19454
서울특별시 도봉구,1132000000,202604,2,5,26747
서울특별시 도봉구,1132000000,202604,2,6,58094
서울특별시 도봉구,1132000000,202605,1,1,16855
서울특별시 도봉구,1132000000,202605,1,2,15887
서울특별시 도봉구,1132000000,202605,1,3,19079
서울특별시 도봉구,1132000000,202605,1,4,19684
서울특별시 도봉구,1132000000,202605,1,5,24745
서울특별시 도봉구,1132000000,202605,1,6,47763
서울특별시 도봉구,1132000000,202605,2,1,15591
서울특별시 도봉구,1132000000,202605,2,2,16614
서울특별시 도봉구,1132000000,202605,2,3,18047
서울특별시 도봉구,1132000000,202605,2,4,19449
서울특별시 도봉구,1132000000,202605,2,5,26693
서울특별시 도봉구,1132000000,202605,2,6,58164
서울특별시 도봉구,1132000000,202606,1,1,16811
서울특별시 도봉구,1132000000,202606,1,2,15827
서울특별시 도봉구,1132000000,202606,1,3,19079
서울특별시 도봉구,1132000000,202606,1,4,19655
서울특별시 도봉구,1132000000,202606,1,5,24698
서울특별시 도봉구,1132000000,202606,1,6,47775
서울특별시 도봉구,1132000000,202606,2,1,15579
서울특별시 도봉구,1132000000,202606,2,2,16523
서울특별시 도봉구,1132000000,202606,2,3,17999
서울특별시 도봉구,1132000000,202606,2,4,19436
서울특별시 도봉구,1132000000,202606,2,5,26642
서울특별시 도봉구,1132000000,202606,2,6,58201
서울특별시 동대문구,1123000000,202601,1,1,20572
서울특별시 동대문구,1123000000,202601,1,2,25741
서울특별시 동대문구,1123000000,202601,1,3,27830
서울특별시 동대문구,1123000000,202601,1,4,24593
서울특별시 동대문구,1123000000,202601,1,5,26462
서울특별시 동대문구,1123000000,202601,1,6,44730
서울특별시 동대문구,1123000000,202601,2,1,19951
서울특별시 동대문구,1123000000,202601,2,2,29353
서울특별시 동대문구,1123000000,202601,2,3,26961
서울특별시 동대문구,1123000000,202601,2,4,23488
서울특별시 동대문구,1123000000,202601,2,5,26201
서울특별시 동대문구,1123000000,202601,2,6,52738
서울특별시 동대문구,1123000000,202602,1,1,20810
서울특별시 동대문구,1123000000,202602,1,2,25957
서울특별시 동대문구,1123000000,202602,1,3,27918
서울특별시 동대문구,1123000000,202602,1,4,24626
서울특별시 동대문구,1123000000,202602,1,5,26563
서울특별시 동대문구,1123000000,202602,1,6,44867
서울특별시 동대문구,1123000000,202602,2,1,20233
서울특별시 동대문구,1123000000,202602,2,2,29477
서울특별시 동대문구,1123000000,202602,2,3,27110
서울특별시 동대문구,1123000000,202602,2,4,23581
서울특별시 동대문구,1123000000,202602,2,5,26296
서울특별시 동대문구,1123000000,202602,2,6,52955
서울특별시 동대문구,1123000000,202603,1,1,20925
서울특별시 동대문구,1123000000,202603,1,2,25989
서울특별시 동대문구,1123000000,202603,1,3,28121
서울특별시 동대문구,1123000000,202603,1,4,24652
서울특별시 동대문구,1123000000,202603,1,5,26519
서울특별시 동대문구,1123000000,202603,1,6,45033
서울특별시 동대문구,1123000000,202603,2,1,20359
서울특별시 동대문구,1123000000,202603,2,2,29667
서울특별시 동대문구,1123000000,202603,2,3,27313
서울특별시 동대문구,1123000000,202603,2,4,23564
서울특별시 동대문구,1123000000,202603,2,5,26237
서울특별시 동대문구,1123000000,202603,2,6,53163
서울특별시 동대문구,1123000000,202604,1,1,20905
서울특별시 동대문구,1123000000,202604,1,2,25939
서울특별시 동대문구,1123000000,202604,1,3,28205
서울특별시 동대문구,1123000000,202604,1,4,24668
서울특별시 동대문구,1123000000,202604,1,5,26458
서울특별시 동대문구,1123000000,202604,1,6,45106
서울특별시 동대문구,1123000000,202604,2,1,20323
서울특별시 동대문구,1123000000,202604,2,2,29588
서울특별시 동대문구,1123000000,202604,2,3,27422
서울특별시 동대문구,1123000000,202604,2,4,23582
서울특별시 동대문구,1123000000,202604,2,5,26214
서울특별시 동대문구,1123000000,202604,2,6,53246
서울특별시 동대문구,1123000000,202605,1,1,20918
서울특별시 동대문구,1123000000,202605,1,2,25931
서울특별시 동대문구,1123000000,202605,1,3,28364
서울특별시 동대문구,1123000000,202605,1,4,24688
서울특별시 동대문구,1123000000,202605,1,5,26464
서울특별시 동대문구,1123000000,202605,1,6,45220
서울특별시 동대문구,1123000000,202605,2,1,20305
서울특별시 동대문구,1123000000,202605,2,2,29642
서울특별시 동대문구,1123000000,202605,2,3,27600
서울특별시 동대문구,1123000000,202605,2,4,23633
서울특별시 동대문구,1123000000,202605,2,5,26219
서울특별시 동대문구,1123000000,202605,2,6,53315
서울특별시 동대문구,1123000000,202606,1,1,20928
서울특별시 동대문구,1123000000,202606,1,2,25880
서울특별시 동대문구,1123000000,202606,1,3,28463
서울특별시 동대문구,1123000000,202606,1,4,24729
서울특별시 동대문구,1123000000,202606,1,5,26472
서울특별시 동대문구,1123000000,202606,1,6,45283
서울특별시 동대문구,1123000000,202606,2,1,20325
서울특별시 동대문구,1123000000,202606,2,2,29663
서울특별시 동대문구,1123000000,202606,2,3,27776
서울특별시 동대문구,1123000000,202606,2,4,23711
서울특별시 동대문구,1123000000,202606,2,5,26245
서울특별시 동대문구,1123000000,202606,2,6,53373
서울특별시 동작구,1159000000,202601,1,1,21613
서울특별시 동작구,1159000000,202601,1,2,28336
서울특별시 동작구,1159000000,202601,1,3,31436
서울특별시 동작구,1159000000,202601,1,4,25646
서울특별시 동작구,1159000000,202601,1,5,27454
서울특별시 동작구,1159000000,202601,1,6,44883
서울특별시 동작구,1159000000,202601,2,1,20524
서울특별시 동작구,1159000000,202601,2,2,31298
서울특별시 동작구,1159000000,202601,2,3,30123
서울특별시 동작구,1159000000,202601,2,4,25349
서울특별시 동작구,1159000000,202601,2,5,28934
서울특별시 동작구,1159000000,202601,2,6,56152
서울특별시 동작구,1159000000,202602,1,1,21628
서울특별시 동작구,1159000000,202602,1,2,28326
서울특별시 동작구,1159000000,202602,1,3,31394
서울특별시 동작구,1159000000,202602,1,4,25548
서울특별시 동작구,1159000000,202602,1,5,27487
서울특별시 동작구,1159000000,202602,1,6,45026
서울특별시 동작구,1159000000,202602,2,1,20541
서울특별시 동작구,1159000000,202602,2,2,31178
서울특별시 동작구,1159000000,202602,2,3,30086
서울특별시 동작구,1159000000,202602,2,4,25274
서울특별시 동작구,1159000000,202602,2,5,28939
서울특별시 동작구,1159000000,202602,2,6,56319
서울특별시 동작구,1159000000,202603,1,1,21688
서울특별시 동작구,1159000000,202603,1,2,28323
서울특별시 동작구,1159000000,202603,1,3,31546
서울특별시 동작구,1159000000,202603,1,4,25452
서울특별시 동작구,1159000000,202603,1,5,27454
서울특별시 동작구,1159000000,202603,1,6,45132
서울특별시 동작구,1159000000,202603,2,1,20618
서울특별시 동작구,1159000000,202603,2,2,31170
서울특별시 동작구,1159000000,202603,2,3,30321
서울특별시 동작구,1159000000,202603,2,4,25154
서울특별시 동작구,1159000000,202603,2,5,28952
서울특별시 동작구,1159000000,202603,2,6,56426
서울특별시 동작구,1159000000,202604,1,1,21656
서울특별시 동작구,1159000000,202604,1,2,28205
서울특별시 동작구,1159000000,202604,1,3,31701
서울특별시 동작구,1159000000,202604,1,4,25442
서울특별시 동작구,1159000000,202604,1,5,27459
서울특별시 동작구,1159000000,202604,1,6,45143
서울특별시 동작구,1159000000,202604,2,1,20561
서울특별시 동작구,1159000000,202604,2,2,31132
서울특별시 동작구,1159000000,202604,2,3,30429
서울특별시 동작구,1159000000,202604,2,4,25143
서울특별시 동작구,1159000000,202604,2,5,28881
서울특별시 동작구,1159000000,202604,2,6,56498
서울특별시 동작구,1159000000,202605,1,1,21674
서울특별시 동작구,1159000000,202605,1,2,28112
서울특별시 동작구,1159000000,202605,1,3,31772
서울특별시 동작구,1159000000,202605,1,4,25456
서울특별시 동작구,1159000000,202605,1,5,27428
서울특별시 동작구,1159000000,202605,1,6,45205
서울특별시 동작구,1159000000,202605,2,1,20582
서울특별시 동작구,1159000000,202605,2,2,31030
서울특별시 동작구,1159000000,202605,2,3,30468
서울특별시 동작구,1159000000,202605,2,4,25105
서울특별시 동작구,1159000000,202605,2,5,28934
서울특별시 동작구,1159000000,202605,2,6,56561
서울특별시 동작구,1159000000,202606,1,1,21630
서울특별시 동작구,1159000000,202606,1,2,28015
서울특별시 동작구,1159000000,202606,1,3,31791
서울특별시 동작구,1159000000,202606,1,4,25416
서울특별시 동작구,1159000000,202606,1,5,27431
서울특별시 동작구,1159000000,202606,1,6,45201
서울특별시 동작구,1159000000,202606,2,1,20508
서울특별시 동작구,1159000000,202606,2,2,31025
서울특별시 동작구,1159000000,202606,2,3,30433
서울특별시 동작구,1159000000,202606,2,4,25097
서울특별시 동작구,1159000000,202606,2,5,28931
서울특별시 동작구,1159000000,202606,2,6,56521
서울특별시 마포구,1144000000,202601,1,1,22104
서울특별시 마포구,1144000000,202601,1,2,23408
서울특별시 마포구,1144000000,202601,1,3,30289
서울특별시 마포구,1144000000,202601,1,4,26147
서울특별시 마포구,1144000000,202601,1,5,27049
서울특별시 마포구,1144000000,202601,1,6,36789
서울특별시 마포구,1144000000,202601,2,1,21751
서울특별시 마포구,1144000000,202601,2,2,30931
서울특별시 마포구,1144000000,202601,2,3,34262
서울특별시 마포구,1144000000,202601,2,4,28326
서울특별시 마포구,1144000000,202601,2,5,28754
서울특별시 마포구,1144000000,202601,2,6,47422
서울특별시 마포구,1144000000,202602,1,1,22098
서울특별시 마포구,1144000000,202602,1,2,23328
서울특별시 마포구,1144000000,202602,1,3,30201
서울특별시 마포구,1144000000,202602,1,4,26168
서울특별시 마포구,1144000000,202602,1,5,27018
서울특별시 마포구,1144000000,202602,1,6,36876
서울특별시 마포구,1144000000,202602,2,1,21714
서울특별시 마포구,1144000000,202602,2,2,30961
서울특별시 마포구,1144000000,202602,2,3,34179
서울특별시 마포구,1144000000,202602,2,4,28307
서울특별시 마포구,1144000000,202602,2,5,28791
서울특별시 마포구,1144000000,202602,2,6,47495
서울특별시 마포구,1144000000,202603,1,1,22045
서울특별시 마포구,1144000000,202603,1,2,23277
서울특별시 마포구,1144000000,202603,1,3,30288
서울특별시 마포구,1144000000,202603,1,4,26083
서울특별시 마포구,1144000000,202603,1,5,26953
서울특별시 마포구,1144000000,202603,1,6,37000
서울특별시 마포구,1144000000,202603,2,1,21657
서울특별시 마포구,1144000000,202603,2,2,30883
서울특별시 마포구,1144000000,202603,2,3,34246
서울특별시 마포구,1144000000,202603,2,4,28159
서울특별시 마포구,1144000000,202603,2,5,28762
서울특별시 마포구,1144000000,202603,2,6,47613
서울특별시 마포구,1144000000,202604,1,1,22041
서울특별시 마포구,1144000000,202604,1,2,23199
서울특별시 마포구,1144000000,202604,1,3,30299
서울특별시 마포구,1144000000,202604,1,4,26059
서울특별시 마포구,1144000000,202604,1,5,26966
서울특별시 마포구,1144000000,202604,1,6,37047
서울특별시 마포구,1144000000,202604,2,1,21642
서울특별시 마포구,1144000000,202604,2,2,30762
서울특별시 마포구,1144000000,202604,2,3,34302
서울특별시 마포구,1144000000,202604,2,4,28134
서울특별시 마포구,1144000000,202604,2,5,28774
서울특별시 마포구,1144000000,202604,2,6,47669
서울특별시 마포구,1144000000,202605,1,1,22040
서울특별시 마포구,1144000000,202605,1,2,23153
서울특별시 마포구,1144000000,202605,1,3,30338
서울특별시 마포구,1144000000,202605,1,4,26042
서울특별시 마포구,1144000000,202605,1,5,26952
서울특별시 마포구,1144000000,202605,1,6,37128
서울특별시 마포구,1144000000,202605,2,1,21590
서울특별시 마포구,1144000000,202605,2,2,30666
서울특별시 마포구,1144000000,202605,2,3,34313
서울특별시 마포구,1144000000,202605,2,4,28079
서울특별시 마포구,1144000000,202605,2,5,28842
서울특별시 마포구,1144000000,202605,2,6,47713
서울특별시 마포구,1144000000,202606,1,1,21939
서울특별시 마포구,1144000000,202606,1,2,23067
서울특별시 마포구,1144000000,202606,1,3,30258
서울특별시 마포구,1144000000,202606,1,4,26051
서울특별시 마포구,1144000000,202606,1,5,26902
서울특별시 마포구,1144000000,202606,1,6,37186
서울특별시 마포구,1144000000,202606,2,1,21561
서울특별시 마포구,1144000000,202606,2,2,30551
서울특별시 마포구,1144000000,202606,2,3,34291
서울특별시 마포구,1144000000,202606,2,4,28070
서울특별시 마포구,1144000000,202606,2,5,28870
서울특별시 마포구,1144000000,202606,2,6,47741
서울특별시 서대문구,1141000000,202601,1,1,18505
서울특별시 서대문구,1141000000,202601,1,2,20355
서울특별시 서대문구,1141000000,202601,1,3,22167
서울특별시 서대문구,1141000000,202601,1,4,20671
서울특별시 서대문구,1141000000,202601,1,5,23160
서울특별시 서대문구,1141000000,202601,1,6,36863
서울특별시 서대문구,1141000000,202601,2,1,18291
서울특별시 서대문구,1141000000,202601,2,2,24359
서울특별시 서대문구,1141000000,202601,2,3,22869
서울특별시 서대문구,1141000000,202601,2,4,21319
서울특별시 서대문구,1141000000,202601,2,5,24524
서울특별시 서대문구,1141000000,202601,2,6,46859
서울특별시 서대문구,1141000000,202602,1,1,18489
서울특별시 서대문구,1141000000,202602,1,2,20378
서울특별시 서대문구,1141000000,202602,1,3,22101
서울특별시 서대문구,1141000000,202602,1,4,20660
서울특별시 서대문구,1141000000,202602,1,5,23128
서울특별시 서대문구,1141000000,202602,1,6,36974
서울특별시 서대문구,1141000000,202602,2,1,18401
서울특별시 서대문구,1141000000,202602,2,2,24406
서울특별시 서대문구,1141000000,202602,2,3,22825
서울특별시 서대문구,1141000000,202602,2,4,21321
서울특별시 서대문구,1141000000,202602,2,5,24531
서울특별시 서대문구,1141000000,202602,2,6,46961
서울특별시 서대문구,1141000000,202603,1,1,18500
서울특별시 서대문구,1141000000,202603,1,2,20352
서울특별시 서대문구,1141000000,202603,1,3,22187
서울특별시 서대문구,1141000000,202603,1,4,20587
서울특별시 서대문구,1141000000,202603,1,5,23032
서울특별시 서대문구,1141000000,202603,1,6,37086
서울특별시 서대문구,1141000000,202603,2,1,18430
서울특별시 서대문구,1141000000,202603,2,2,24556
서울특별시 서대문구,1141000000,202603,2,3,22972
서울특별시 서대문구,1141000000,202603,2,4,21264
서울특별시 서대문구,1141000000,202603,2,5,24535
서울특별시 서대문구,1141000000,202603,2,6,47093
서울특별시 서대문구,1141000000,202604,1,1,18439
서울특별시 서대문구,1141000000,202604,1,2,20240
서울특별시 서대문구,1141000000,202604,1,3,22295
서울특별시 서대문구,1141000000,202604,1,4,20547
서울특별시 서대문구,1141000000,202604,1,5,22952
서울특별시 서대문구,1141000000,202604,1,6,37120
서울특별시 서대문구,1141000000,202604,2,1,18364
서울특별시 서대문구,1141000000,202604,2,2,24491
서울특별시 서대문구,1141000000,202604,2,3,23058
서울특별시 서대문구,1141000000,202604,2,4,21247
서울특별시 서대문구,1141000000,202604,2,5,24527
서울특별시 서대문구,1141000000,202604,2,6,47115
서울특별시 서대문구,1141000000,202605,1,1,18401
서울특별시 서대문구,1141000000,202605,1,2,20125
서울특별시 서대문구,1141000000,202605,1,3,22293
서울특별시 서대문구,1141000000,202605,1,4,20498
서울특별시 서대문구,1141000000,202605,1,5,22905
서울특별시 서대문구,1141000000,202605,1,6,37216
서울특별시 서대문구,1141000000,202605,2,1,18296
서울특별시 서대문구,1141000000,202605,2,2,24517
서울특별시 서대문구,1141000000,202605,2,3,23139
서울특별시 서대문구,1141000000,202605,2,4,21180
서울특별시 서대문구,1141000000,202605,2,5,24512
서울특별시 서대문구,1141000000,202605,2,6,47154
서울특별시 서대문구,1141000000,202606,1,1,18340
서울특별시 서대문구,1141000000,202606,1,2,20017
서울특별시 서대문구,1141000000,202606,1,3,22300
서울특별시 서대문구,1141000000,202606,1,4,20456
서울특별시 서대문구,1141000000,202606,1,5,22891
서울특별시 서대문구,1141000000,202606,1,6,37185
서울특별시 서대문구,1141000000,202606,2,1,18241
서울특별시 서대문구,1141000000,202606,2,2,24433
서울특별시 서대문구,1141000000,202606,2,3,23194
서울특별시 서대문구,1141000000,202606,2,4,21153
서울특별시 서대문구,1141000000,202606,2,5,24415
서울특별시 서대문구,1141000000,202606,2,6,47185
서울특별시 서초구,1165000000,202601,1,1,36804
서울특별시 서초구,1165000000,202601,1,2,22707
서울특별시 서초구,1165000000,202601,1,3,26875
서울특별시 서초구,1165000000,202601,1,4,32916
서울특별시 서초구,1165000000,202601,1,5,33639
서울특별시 서초구,1165000000,202601,1,6,44512
서울특별시 서초구,1165000000,202601,2,1,35549
서울특별시 서초구,1165000000,202601,2,2,25311
서울특별시 서초구,1165000000,202601,2,3,30857
서울특별시 서초구,1165000000,202601,2,4,38484
서울특별시 서초구,1165000000,202601,2,5,34752
서울특별시 서초구,1165000000,202601,2,6,53001
서울특별시 서초구,1165000000,202602,1,1,36856
서울특별시 서초구,1165000000,202602,1,2,22566
서울특별시 서초구,1165000000,202602,1,3,26755
서울특별시 서초구,1165000000,202602,1,4,33047
서울특별시 서초구,1165000000,202602,1,5,33654
서울특별시 서초구,1165000000,202602,1,6,44633
서울특별시 서초구,1165000000,202602,2,1,35597
서울특별시 서초구,1165000000,202602,2,2,25207
서울특별시 서초구,1165000000,202602,2,3,30804
서울특별시 서초구,1165000000,202602,2,4,38561
서울특별시 서초구,1165000000,202602,2,5,34869
서울특별시 서초구,1165000000,202602,2,6,53142
서울특별시 서초구,1165000000,202603,1,1,36760
서울특별시 서초구,1165000000,202603,1,2,22485
서울특별시 서초구,1165000000,202603,1,3,26749
서울특별시 서초구,1165000000,202603,1,4,32872
서울특별시 서초구,1165000000,202603,1,5,33663
서울특별시 서초구,1165000000,202603,1,6,44833
서울특별시 서초구,1165000000,202603,2,1,35525
서울특별시 서초구,1165000000,202603,2,2,25140
서울특별시 서초구,1165000000,202603,2,3,30858
서울특별시 서초구,1165000000,202603,2,4,38365
서울특별시 서초구,1165000000,202603,2,5,34944
서울특별시 서초구,1165000000,202603,2,6,53346
서울특별시 서초구,1165000000,202604,1,1,36660
서울특별시 서초구,1165000000,202604,1,2,22371
서울특별시 서초구,1165000000,202604,1,3,26697
서울특별시 서초구,1165000000,202604,1,4,32756
서울특별시 서초구,1165000000,202604,1,5,33675
서울특별시 서초구,1165000000,202604,1,6,44893
서울특별시 서초구,1165000000,202604,2,1,35469
서울특별시 서초구,1165000000,202604,2,2,25032
서울특별시 서초구,1165000000,202604,2,3,30777
서울특별시 서초구,1165000000,202604,2,4,38314
서울특별시 서초구,1165000000,202604,2,5,34967
서울특별시 서초구,1165000000,202604,2,6,53388
서울특별시 서초구,1165000000,202605,1,1,36518
서울특별시 서초구,1165000000,202605,1,2,22315
서울특별시 서초구,1165000000,202605,1,3,26693
서울특별시 서초구,1165000000,202605,1,4,32615
서울특별시 서초구,1165000000,202605,1,5,33688
서울특별시 서초구,1165000000,202605,1,6,44945
서울특별시 서초구,1165000000,202605,2,1,35332
서울특별시 서초구,1165000000,202605,2,2,25022
서울특별시 서초구,1165000000,202605,2,3,30704
서울특별시 서초구,1165000000,202605,2,4,38229
서울특별시 서초구,1165000000,202605,2,5,35015
서울특별시 서초구,1165000000,202605,2,6,53410
서울특별시 서초구,1165000000,202606,1,1,36423
서울특별시 서초구,1165000000,202606,1,2,22285
서울특별시 서초구,1165000000,202606,1,3,26638
서울특별시 서초구,1165000000,202606,1,4,32597
서울특별시 서초구,1165000000,202606,1,5,33723
서울특별시 서초구,1165000000,202606,1,6,44996
서울특별시 서초구,1165000000,202606,2,1,35289
서울특별시 서초구,1165000000,202606,2,2,24981
서울특별시 서초구,1165000000,202606,2,3,30674
서울특별시 서초구,1165000000,202606,2,4,38172
서울특별시 서초구,1165000000,202606,2,5,35062
서울특별시 서초구,1165000000,202606,2,6,53543
서울특별시 성동구,1120000000,202601,1,1,16515
서울특별시 성동구,1120000000,202601,1,2,17885
서울특별시 성동구,1120000000,202601,1,3,23805
서울특별시 성동구,1120000000,202601,1,4,19865
서울특별시 성동구,1120000000,202601,1,5,20872
서울특별시 성동구,1120000000,202601,1,6,33643
서울특별시 성동구,1120000000,202601,2,1,16267
서울특별시 성동구,1120000000,202601,2,2,19759
서울특별시 성동구,1120000000,202601,2,3,24634
서울특별시 성동구,1120000000,202601,2,4,19710
서울특별시 성동구,1120000000,202601,2,5,21897
서울특별시 성동구,1120000000,202601,2,6,39843
서울특별시 성동구,1120000000,202602,1,1,16467
서울특별시 성동구,1120000000,202602,1,2,17900
서울특별시 성동구,1120000000,202602,1,3,23721
서울특별시 성동구,1120000000,202602,1,4,19872
서울특별시 성동구,1120000000,202602,1,5,20889
서울특별시 성동구,1120000000,202602,1,6,33728
서울특별시 성동구,1120000000,202602,2,1,16367
서울특별시 성동구,1120000000,202602,2,2,19753
서울특별시 성동구,1120000000,202602,2,3,24546
서울특별시 성동구,1120000000,202602,2,4,19736
서울특별시 성동구,1120000000,202602,2,5,21933
서울특별시 성동구,1120000000,202602,2,6,39942
서울특별시 성동구,1120000000,202603,1,1,16530
서울특별시 성동구,1120000000,202603,1,2,17930
서울특별시 성동구,1120000000,202603,1,3,23748
서울특별시 성동구,1120000000,202603,1,4,19829
서울특별시 성동구,1120000000,202603,1,5,20858
서울특별시 성동구,1120000000,202603,1,6,33767
서울특별시 성동구,1120000000,202603,2,1,16449
서울특별시 성동구,1120000000,202603,2,2,19715
서울특별시 성동구,1120000000,202603,2,3,24639
서울특별시 성동구,1120000000,202603,2,4,19689
서울특별시 성동구,1120000000,202603,2,5,21876
서울특별시 성동구,1120000000,202603,2,6,40063
서울특별시 성동구,1120000000,202604,1,1,16501
서울특별시 성동구,1120000000,202604,1,2,17897
서울특별시 성동구,1120000000,202604,1,3,23750
서울특별시 성동구,1120000000,202604,1,4,19818
서울특별시 성동구,1120000000,202604,1,5,20876
서울특별시 성동구,1120000000,202604,1,6,33748
서울특별시 성동구,1120000000,202604,2,1,16439
서울특별시 성동구,1120000000,202604,2,2,19649
서울특별시 성동구,1120000000,202604,2,3,24634
서울특별시 성동구,1120000000,202604,2,4,19659
서울특별시 성동구,1120000000,202604,2,5,21852
서울특별시 성동구,1120000000,202604,2,6,40094
서울특별시 성동구,1120000000,202605,1,1,16491
서울특별시 성동구,1120000000,202605,1,2,17745
서울특별시 성동구,1120000000,202605,1,3,23741
서울특별시 성동구,1120000000,202605,1,4,19797
서울특별시 성동구,1120000000,202605,1,5,20837
서울특별시 성동구,1120000000,202605,1,6,33797
서울특별시 성동구,1120000000,202605,2,1,16391
서울특별시 성동구,1120000000,202605,2,2,19617
서울특별시 성동구,1120000000,202605,2,3,24617
서울특별시 성동구,1120000000,202605,2,4,19680
서울특별시 성동구,1120000000,202605,2,5,21819
서울특별시 성동구,1120000000,202605,2,6,40162
서울특별시 성동구,1120000000,202606,1,1,16503
서울특별시 성동구,1120000000,202606,1,2,17683
서울특별시 성동구,1120000000,202606,1,3,23773
서울특별시 성동구,1120000000,202606,1,4,19832
서울특별시 성동구,1120000000,202606,1,5,20779
서울특별시 성동구,1120000000,202606,1,6,33810
서울특별시 성동구,1120000000,202606,2,1,16313
서울특별시 성동구,1120000000,202606,2,2,19549
서울특별시 성동구,1120000000,202606,2,3,24606
서울특별시 성동구,1120000000,202606,2,4,19691
서울특별시 성동구,1120000000,202606,2,5,21797
서울특별시 성동구,1120000000,202606,2,6,40181
서울특별시 성북구,1129000000,202601,1,1,28084
서울특별시 성북구,1129000000,202601,1,2,29022
서울특별시 성북구,1129000000,202601,1,3,28446
서울특별시 성북구,1129000000,202601,1,4,29421
서울특별시 성북구,1129000000,202601,1,5,34718
서울특별시 성북구,1129000000,202601,1,6,52019
서울특별시 성북구,1129000000,202601,2,1,27019
서울특별시 성북구,1129000000,202601,2,2,33332
서울특별시 성북구,1129000000,202601,2,3,28418
서울특별시 성북구,1129000000,202601,2,4,30206
서울특별시 성북구,1129000000,202601,2,5,36047
서울특별시 성북구,1129000000,202601,2,6,65414
서울특별시 성북구,1129000000,202602,1,1,28155
서울특별시 성북구,1129000000,202602,1,2,29097
서울특별시 성북구,1129000000,202602,1,3,28381
서울특별시 성북구,1129000000,202602,1,4,29363
서울특별시 성북구,1129000000,202602,1,5,34727
서울특별시 성북구,1129000000,202602,1,6,52158
서울특별시 성북구,1129000000,202602,2,1,27266
서울특별시 성북구,1129000000,202602,2,2,33260
서울특별시 성북구,1129000000,202602,2,3,28353
서울특별시 성북구,1129000000,202602,2,4,30133
서울특별시 성북구,1129000000,202602,2,5,36095
서울특별시 성북구,1129000000,202602,2,6,65554
서울특별시 성북구,1129000000,202603,1,1,28144
서울특별시 성북구,1129000000,202603,1,2,29048
서울특별시 성북구,1129000000,202603,1,3,28422
서울특별시 성북구,1129000000,202603,1,4,29258
서울특별시 성북구,1129000000,202603,1,5,34614
서울특별시 성북구,1129000000,202603,1,6,52311
서울특별시 성북구,1129000000,202603,2,1,27413
서울특별시 성북구,1129000000,202603,2,2,33305
서울특별시 성북구,1129000000,202603,2,3,28486
서울특별시 성북구,1129000000,202603,2,4,30015
서울특별시 성북구,1129000000,202603,2,5,36025
서울특별시 성북구,1129000000,202603,2,6,65737
서울특별시 성북구,1129000000,202604,1,1,28087
서울특별시 성북구,1129000000,202604,1,2,28914
서울특별시 성북구,1129000000,202604,1,3,28452
서울특별시 성북구,1129000000,202604,1,4,29211
서울특별시 성북구,1129000000,202604,1,5,34541
서울특별시 성북구,1129000000,202604,1,6,52371
서울특별시 성북구,1129000000,202604,2,1,27334
서울특별시 성북구,1129000000,202604,2,2,33310
서울특별시 성북구,1129000000,202604,2,3,28518
서울특별시 성북구,1129000000,202604,2,4,29962
서울특별시 성북구,1129000000,202604,2,5,35962
서울특별시 성북구,1129000000,202604,2,6,65790
서울특별시 성북구,1129000000,202605,1,1,27996
서울특별시 성북구,1129000000,202605,1,2,28836
서울특별시 성북구,1129000000,202605,1,3,28517
서울특별시 성북구,1129000000,202605,1,4,29163
서울특별시 성북구,1129000000,202605,1,5,34440
서울특별시 성북구,1129000000,202605,1,6,52449
서울특별시 성북구,1129000000,202605,2,1,27222
서울특별시 성북구,1129000000,202605,2,2,33295
서울특별시 성북구,1129000000,202605,2,3,28583
서울특별시 성북구,1129000000,202605,2,4,29938
서울특별시 성북구,1129000000,202605,2,5,35916
서울특별시 성북구,1129000000,202605,2,6,65835
서울특별시 성북구,1129000000,202606,1,1,27892
서울특별시 성북구,1129000000,202606,1,2,28758
서울특별시 성북구,1129000000,202606,1,3,28482
서울특별시 성북구,1129000000,202606,1,4,29194
서울특별시 성북구,1129000000,202606,1,5,34372
서울특별시 성북구,1129000000,202606,1,6,52446
서울특별시 성북구,1129000000,202606,2,1,27098
서울특별시 성북구,1129000000,202606,2,2,33221
서울특별시 성북구,1129000000,202606,2,3,28637
서울특별시 성북구,1129000000,202606,2,4,29897
서울특별시 성북구,1129000000,202606,2,5,35877
서울특별시 성북구,1129000000,202606,2,6,65888
서울특별시 송파구,1171000000,202601,1,1,49142
서울특별시 송파구,1171000000,202601,1,2,35465
서울특별시 송파구,1171000000,202601,1,3,50808
서울특별시 송파구,1171000000,202601,1,4,50216
서울특별시 송파구,1171000000,202601,1,5,47693
서울특별시 송파구,1171000000,202601,1,6,75787
서울특별시 송파구,1171000000,202601,2,1,47492
서울특별시 송파구,1171000000,202601,2,2,40514
서울특별시 송파구,1171000000,202601,2,3,55366
서울특별시 송파구,1171000000,202601,2,4,54173
서울특별시 송파구,1171000000,202601,2,5,50725
서울특별시 송파구,1171000000,202601,2,6,88440
서울특별시 송파구,1171000000,202602,1,1,49591
서울특별시 송파구,1171000000,202602,1,2,35350
서울특별시 송파구,1171000000,202602,1,3,51013
서울특별시 송파구,1171000000,202602,1,4,50612
서울특별시 송파구,1171000000,202602,1,5,47892
서울특별시 송파구,1171000000,202602,1,6,76259
서울특별시 송파구,1171000000,202602,2,1,47886
서울특별시 송파구,1171000000,202602,2,2,40433
서울특별시 송파구,1171000000,202602,2,3,55542
서울특별시 송파구,1171000000,202602,2,4,54580
서울특별시 송파구,1171000000,202602,2,5,50911
서울특별시 송파구,1171000000,202602,2,6,88973
서울특별시 송파구,1171000000,202603,1,1,49571
서울특별시 송파구,1171000000,202603,1,2,35259
서울특별시 송파구,1171000000,202603,1,3,51157
서울특별시 송파구,1171000000,202603,1,4,50592
서울특별시 송파구,1171000000,202603,1,5,47861
서울특별시 송파구,1171000000,202603,1,6,76739
서울특별시 송파구,1171000000,202603,2,1,47890
서울특별시 송파구,1171000000,202603,2,2,40338
서울특별시 송파구,1171000000,202603,2,3,55681
서울특별시 송파구,1171000000,202603,2,4,54494
서울특별시 송파구,1171000000,202603,2,5,50992
서울특별시 송파구,1171000000,202603,2,6,89497
서울특별시 송파구,1171000000,202604,1,1,49523
서울특별시 송파구,1171000000,202604,1,2,35100
서울특별시 송파구,1171000000,202604,1,3,51234
서울특별시 송파구,1171000000,202604,1,4,50561
서울특별시 송파구,1171000000,202604,1,5,47838
서울특별시 송파구,1171000000,202604,1,6,77016
서울특별시 송파구,1171000000,202604,2,1,47913
서울특별시 송파구,1171000000,202604,2,2,40189
서울특별시 송파구,1171000000,202604,2,3,55785
서울특별시 송파구,1171000000,202604,2,4,54529
서울특별시 송파구,1171000000,202604,2,5,50988
서울특별시 송파구,1171000000,202604,2,6,89771
서울특별시 송파구,1171000000,202605,1,1,49523
서울특별시 송파구,1171000000,202605,1,2,34885
서울특별시 송파구,1171000000,202605,1,3,51309
서울특별시 송파구,1171000000,202605,1,4,50521
서울특별시 송파구,1171000000,202605,1,5,47813
서울특별시 송파구,1171000000,202605,1,6,77185
서울특별시 송파구,1171000000,202605,2,1,47871
서울특별시 송파구,1171000000,202605,2,2,40176
서울특별시 송파구,1171000000,202605,2,3,55749
서울특별시 송파구,1171000000,202605,2,4,54553
서울특별시 송파구,1171000000,202605,2,5,50962
서울특별시 송파구,1171000000,202605,2,6,89958
서울특별시 송파구,1171000000,202606,1,1,49495
서울특별시 송파구,1171000000,202606,1,2,34845
서울특별시 송파구,1171000000,202606,1,3,51166
서울특별시 송파구,1171000000,202606,1,4,50528
서울특별시 송파구,1171000000,202606,1,5,47847
서울특별시 송파구,1171000000,202606,1,6,77200
서울특별시 송파구,1171000000,202606,2,1,47853
서울특별시 송파구,1171000000,202606,2,2,40075
서울특별시 송파구,1171000000,202606,2,3,55662
서울특별시 송파구,1171000000,202606,2,4,54653
서울특별시 송파구,1171000000,202606,2,5,50910
서울특별시 송파구,1171000000,202606,2,6,90024
서울특별시 양천구,1147000000,202601,1,1,35470
서울특별시 양천구,1147000000,202601,1,2,23193
서울특별시 양천구,1147000000,202601,1,3,25705
서울특별시 양천구,1147000000,202601,1,4,33276
서울특별시 양천구,1147000000,202601,1,5,35527
서울특별시 양천구,1147000000,202601,1,6,53463
서울특별시 양천구,1147000000,202601,2,1,33322
서울특별시 양천구,1147000000,202601,2,2,23221
서울특별시 양천구,1147000000,202601,2,3,25990
서울특별시 양천구,1147000000,202601,2,4,36044
서울특별시 양천구,1147000000,202601,2,5,36407
서울특별시 양천구,1147000000,202601,2,6,62988
서울특별시 양천구,1147000000,202602,1,1,35449
서울특별시 양천구,1147000000,202602,1,2,23040
서울특별시 양천구,1147000000,202602,1,3,25655
서울특별시 양천구,1147000000,202602,1,4,33359
서울특별시 양천구,1147000000,202602,1,5,35475
서울특별시 양천구,1147000000,202602,1,6,53616
서울특별시 양천구,1147000000,202602,2,1,33300
서울특별시 양천구,1147000000,202602,2,2,23089
서울특별시 양천구,1147000000,202602,2,3,25945
서울특별시 양천구,1147000000,202602,2,4,36093
서울특별시 양천구,1147000000,202602,2,5,36287
서울특별시 양천구,1147000000,202602,2,6,63191
서울특별시 양천구,1147000000,202603,1,1,35260
서울특별시 양천구,1147000000,202603,1,2,22867
서울특별시 양천구,1147000000,202603,1,3,25654
서울특별시 양천구,1147000000,202603,1,4,33209
서울특별시 양천구,1147000000,202603,1,5,35340
서울특별시 양천구,1147000000,202603,1,6,53776
서울특별시 양천구,1147000000,202603,2,1,33203
서울특별시 양천구,1147000000,202603,2,2,22908
서울특별시 양천구,1147000000,202603,2,3,26014
서울특별시 양천구,1147000000,202603,2,4,35892
서울특별시 양천구,1147000000,202603,2,5,36152
서울특별시 양천구,1147000000,202603,2,6,63391
서울특별시 양천구,1147000000,202604,1,1,35141
서울특별시 양천구,1147000000,202604,1,2,22702
서울특별시 양천구,1147000000,202604,1,3,25667
서울특별시 양천구,1147000000,202604,1,4,33100
서울특별시 양천구,1147000000,202604,1,5,35289
서울특별시 양천구,1147000000,202604,1,6,53857
서울특별시 양천구,1147000000,202604,2,1,33058
서울특별시 양천구,1147000000,202604,2,2,22773
서울특별시 양천구,1147000000,202604,2,3,25989
서울특별시 양천구,1147000000,202604,2,4,35762
서울특별시 양천구,1147000000,202604,2,5,36072
서울특별시 양천구,1147000000,202604,2,6,63490
서울특별시 양천구,1147000000,202605,1,1,35045
서울특별시 양천구,1147000000,202605,1,2,22513
서울특별시 양천구,1147000000,202605,1,3,25633
서울특별시 양천구,1147000000,202605,1,4,32991
서울특별시 양천구,1147000000,202605,1,5,35204
서울특별시 양천구,1147000000,202605,1,6,53942
서울특별시 양천구,1147000000,202605,2,1,32925
서울특별시 양천구,1147000000,202605,2,2,22638
서울특별시 양천구,1147000000,202605,2,3,25945
서울특별시 양천구,1147000000,202605,2,4,35671
서울특별시 양천구,1147000000,202605,2,5,35980
서울특별시 양천구,1147000000,202605,2,6,63583
서울특별시 양천구,1147000000,202606,1,1,34923
서울특별시 양천구,1147000000,202606,1,2,22331
서울특별시 양천구,1147000000,202606,1,3,25648
서울특별시 양천구,1147000000,202606,1,4,32920
서울특별시 양천구,1147000000,202606,1,5,35120
서울특별시 양천구,1147000000,202606,1,6,53943
서울특별시 양천구,1147000000,202606,2,1,32847
서울특별시 양천구,1147000000,202606,2,2,22585
서울특별시 양천구,1147000000,202606,2,3,25854
서울특별시 양천구,1147000000,202606,2,4,35613
서울특별시 양천구,1147000000,202606,2,5,35895
서울특별시 양천구,1147000000,202606,2,6,63568
서울특별시 영등포구,1156000000,202601,1,1,21532
서울특별시 영등포구,1156000000,202601,1,2,23250
서울특별시 영등포구,1156000000,202601,1,3,37305
서울특별시 영등포구,1156000000,202601,1,4,26701
서울특별시 영등포구,1156000000,202601,1,5,27101
서울특별시 영등포구,1156000000,202601,1,6,45174
서울특별시 영등포구,1156000000,202601,2,1,20468
서울특별시 영등포구,1156000000,202601,2,2,29232
서울특별시 영등포구,1156000000,202601,2,3,36900
서울특별시 영등포구,1156000000,202601,2,4,25372
서울특별시 영등포구,1156000000,202601,2,5,26758
서울특별시 영등포구,1156000000,202601,2,6,51435
서울특별시 영등포구,1156000000,202602,1,1,21440
서울특별시 영등포구,1156000000,202602,1,2,23199
서울특별시 영등포구,1156000000,202602,1,3,37184
서울특별시 영등포구,1156000000,202602,1,4,26697
서울특별시 영등포구,1156000000,202602,1,5,27117
서울특별시 영등포구,1156000000,202602,1,6,45281
서울특별시 영등포구,1156000000,202602,2,1,20397
서울특별시 영등포구,1156000000,202602,2,2,29185
서울특별시 영등포구,1156000000,202602,2,3,36866
서울특별시 영등포구,1156000000,202602,2,4,25383
서울특별시 영등포구,1156000000,202602,2,5,26792
서울특별시 영등포구,1156000000,202602,2,6,51514
서울특별시 영등포구,1156000000,202603,1,1,21382
서울특별시 영등포구,1156000000,202603,1,2,23170
서울특별시 영등포구,1156000000,202603,1,3,37338
서울특별시 영등포구,1156000000,202603,1,4,26576
서울특별시 영등포구,1156000000,202603,1,5,27047
서울특별시 영등포구,1156000000,202603,1,6,45412
서울특별시 영등포구,1156000000,202603,2,1,20408
서울특별시 영등포구,1156000000,202603,2,2,29157
서울특별시 영등포구,1156000000,202603,2,3,37074
서울특별시 영등포구,1156000000,202603,2,4,25309
서울특별시 영등포구,1156000000,202603,2,5,26648
서울특별시 영등포구,1156000000,202603,2,6,51656
서울특별시 영등포구,1156000000,202604,1,1,21412
서울특별시 영등포구,1156000000,202604,1,2,23077
서울특별시 영등포구,1156000000,202604,1,3,37492
서울특별시 영등포구,1156000000,202604,1,4,26583
서울특별시 영등포구,1156000000,202604,1,5,27038
서울특별시 영등포구,1156000000,202604,1,6,45471
서울특별시 영등포구,1156000000,202604,2,1,20422
서울특별시 영등포구,1156000000,202604,2,2,29008
서울특별시 영등포구,1156000000,202604,2,3,37296
서울특별시 영등포구,1156000000,202604,2,4,25279
서울특별시 영등포구,1156000000,202604,2,5,26675
서울특별시 영등포구,1156000000,202604,2,6,51718
서울특별시 영등포구,1156000000,202605,1,1,21433
서울특별시 영등포구,1156000000,202605,1,2,22980
서울특별시 영등포구,1156000000,202605,1,3,37582
서울특별시 영등포구,1156000000,202605,1,4,26582
서울특별시 영등포구,1156000000,202605,1,5,27033
서울특별시 영등포구,1156000000,202605,1,6,45582
서울특별시 영등포구,1156000000,202605,2,1,20412
서울특별시 영등포구,1156000000,202605,2,2,28878
서울특별시 영등포구,1156000000,202605,2,3,37445
서울특별시 영등포구,1156000000,202605,2,4,25337
서울특별시 영등포구,1156000000,202605,2,5,26708
서울특별시 영등포구,1156000000,202605,2,6,51800
서울특별시 영등포구,1156000000,202606,1,1,21452
서울특별시 영등포구,1156000000,202606,1,2,22926
서울특별시 영등포구,1156000000,202606,1,3,37660
서울특별시 영등포구,1156000000,202606,1,4,26591
서울특별시 영등포구,1156000000,202606,1,5,27021
서울특별시 영등포구,1156000000,202606,1,6,45592
서울특별시 영등포구,1156000000,202606,2,1,20438
서울특별시 영등포구,1156000000,202606,2,2,28780
서울특별시 영등포구,1156000000,202606,2,3,37508
서울특별시 영등포구,1156000000,202606,2,4,25401
서울특별시 영등포구,1156000000,202606,2,5,26656
서울특별시 영등포구,1156000000,202606,2,6,51842
서울특별시 용산구,1117000000,202601,1,1,11444
서울특별시 용산구,1117000000,202601,1,2,11706
서울특별시 용산구,1117000000,202601,1,3,18097
서울특별시 용산구,1117000000,202601,1,4,14364
서울특별시 용산구,1117000000,202601,1,5,15441
서울특별시 용산구,1117000000,202601,1,6,24932
서울특별시 용산구,1117000000,202601,2,1,11058
서울특별시 용산구,1117000000,202601,2,2,14633
서울특별시 용산구,1117000000,202601,2,3,19133
서울특별시 용산구,1117000000,202601,2,4,14709
서울특별시 용산구,1117000000,202601,2,5,16406
서울특별시 용산구,1117000000,202601,2,6,29823
서울특별시 용산구,1117000000,202602,1,1,11434
서울특별시 용산구,1117000000,202602,1,2,11619
서울특별시 용산구,1117000000,202602,1,3,18057
서울특별시 용산구,1117000000,202602,1,4,14370
서울특별시 용산구,1117000000,202602,1,5,15409
서울특별시 용산구,1117000000,202602,1,6,24957
서울특별시 용산구,1117000000,202602,2,1,11054
서울특별시 용산구,1117000000,202602,2,2,14582
서울특별시 용산구,1117000000,202602,2,3,19038
서울특별시 용산구,1117000000,202602,2,4,14702
서울특별시 용산구,1117000000,202602,2,5,16422
서울특별시 용산구,1117000000,202602,2,6,29850
서울특별시 용산구,1117000000,202603,1,1,11401
서울특별시 용산구,1117000000,202603,1,2,11495
서울특별시 용산구,1117000000,202603,1,3,18031
서울특별시 용산구,1117000000,202603,1,4,14287
서울특별시 용산구,1117000000,202603,1,5,15362
서울특별시 용산구,1117000000,202603,1,6,24964
서울특별시 용산구,1117000000,202603,2,1,11061
서울특별시 용산구,1117000000,202603,2,2,14506
서울특별시 용산구,1117000000,202603,2,3,19042
서울특별시 용산구,1117000000,202603,2,4,14652
서울특별시 용산구,1117000000,202603,2,5,16309
서울특별시 용산구,1117000000,202603,2,6,29852
서울특별시 용산구,1117000000,202604,1,1,11376
서울특별시 용산구,1117000000,202604,1,2,11390
서울특별시 용산구,1117000000,202604,1,3,17973
서울특별시 용산구,1117000000,202604,1,4,14229
서울특별시 용산구,1117000000,202604,1,5,15289
서울특별시 용산구,1117000000,202604,1,6,24847
서울특별시 용산구,1117000000,202604,2,1,11036
서울특별시 용산구,1117000000,202604,2,2,14419
서울특별시 용산구,1117000000,202604,2,3,19032
서울특별시 용산구,1117000000,202604,2,4,14628
서울특별시 용산구,1117000000,202604,2,5,16247
서울특별시 용산구,1117000000,202604,2,6,29721
서울특별시 용산구,1117000000,202605,1,1,11313
서울특별시 용산구,1117000000,202605,1,2,11329
서울특별시 용산구,1117000000,202605,1,3,17955
서울특별시 용산구,1117000000,202605,1,4,14214
서울특별시 용산구,1117000000,202605,1,5,15231
서울특별시 용산구,1117000000,202605,1,6,24839
서울특별시 용산구,1117000000,202605,2,1,11011
서울특별시 용산구,1117000000,202605,2,2,14342
서울특별시 용산구,1117000000,202605,2,3,19020
서울특별시 용산구,1117000000,202605,2,4,14626
서울특별시 용산구,1117000000,202605,2,5,16244
서울특별시 용산구,1117000000,202605,2,6,29686
서울특별시 용산구,1117000000,202606,1,1,11294
서울특별시 용산구,1117000000,202606,1,2,11274
서울특별시 용산구,1117000000,202606,1,3,17955
서울특별시 용산구,1117000000,202606,1,4,14255
서울특별시 용산구,1117000000,202606,1,5,15186
서울특별시 용산구,1117000000,202606,1,6,24843
서울특별시 용산구,1117000000,202606,2,1,11012
서울특별시 용산구,1117000000,202606,2,2,14313
서울특별시 용산구,1117000000,202606,2,3,19009
서울특별시 용산구,1117000000,202606,2,4,14641
서울특별시 용산구,1117000000,202606,2,5,16221
서울특별시 용산구,1117000000,202606,2,6,29645
서울특별시 은평구,1138000000,202601,1,1,27512
서울특별시 은평구,1138000000,202601,1,2,25779
서울특별시 은평구,1138000000,202601,1,3,32573
서울특별시 은평구,1138000000,202601,1,4,31738
서울특별시 은평구,1138000000,202601,1,5,36890
서울특별시 은평구,1138000000,202601,1,6,60584
서울특별시 은평구,1138000000,202601,2,1,26298
서울특별시 은평구,1138000000,202601,2,2,29788
서울특별시 은평구,1138000000,202601,2,3,34216
서울특별시 은평구,1138000000,202601,2,4,32665
서울특별시 은평구,1138000000,202601,2,5,39811
서울특별시 은평구,1138000000,202601,2,6,77006
서울특별시 은평구,1138000000,202602,1,1,27359
서울특별시 은평구,1138000000,202602,1,2,25679
서울특별시 은평구,1138000000,202602,1,3,32459
서울특별시 은평구,1138000000,202602,1,4,31666
서울특별시 은평구,1138000000,202602,1,5,36839
서울특별시 은평구,1138000000,202602,1,6,60763
서울특별시 은평구,1138000000,202602,2,1,26143
서울특별시 은평구,1138000000,202602,2,2,29682
서울특별시 은평구,1138000000,202602,2,3,34173
서울특별시 은평구,1138000000,202602,2,4,32575
서울특별시 은평구,1138000000,202602,2,5,39813
서울특별시 은평구,1138000000,202602,2,6,77190
서울특별시 은평구,1138000000,202603,1,1,27276
서울특별시 은평구,1138000000,202603,1,2,25542
서울특별시 은평구,1138000000,202603,1,3,32532
서울특별시 은평구,1138000000,202603,1,4,31537
서울특별시 은평구,1138000000,202603,1,5,36793
서울특별시 은평구,1138000000,202603,1,6,60941
서울특별시 은평구,1138000000,202603,2,1,26114
서울특별시 은평구,1138000000,202603,2,2,29538
서울특별시 은평구,1138000000,202603,2,3,34269
서울특별시 은평구,1138000000,202603,2,4,32452
서울특별시 은평구,1138000000,202603,2,5,39682
서울특별시 은평구,1138000000,202603,2,6,77433
서울특별시 은평구,1138000000,202604,1,1,27160
서울특별시 은평구,1138000000,202604,1,2,25433
서울특별시 은평구,1138000000,202604,1,3,32535
서울특별시 은평구,1138000000,202604,1,4,31461
서울특별시 은평구,1138000000,202604,1,5,36716
서울특별시 은평구,1138000000,202604,1,6,61041
서울특별시 은평구,1138000000,202604,2,1,26018
서울특별시 은평구,1138000000,202604,2,2,29387
서울특별시 은평구,1138000000,202604,2,3,34289
서울특별시 은평구,1138000000,202604,2,4,32365
서울특별시 은평구,1138000000,202604,2,5,39592
서울특별시 은평구,1138000000,202604,2,6,77553
서울특별시 은평구,1138000000,202605,1,1,27061
서울특별시 은평구,1138000000,202605,1,2,25381
서울특별시 은평구,1138000000,202605,1,3,32599
서울특별시 은평구,1138000000,202605,1,4,31409
서울특별시 은평구,1138000000,202605,1,5,36634
서울특별시 은평구,1138000000,202605,1,6,61195
서울특별시 은평구,1138000000,202605,2,1,25921
서울특별시 은평구,1138000000,202605,2,2,29305
서울특별시 은평구,1138000000,202605,2,3,34361
서울특별시 은평구,1138000000,202605,2,4,32273
서울특별시 은평구,1138000000,202605,2,5,39570
서울특별시 은평구,1138000000,202605,2,6,77689
서울특별시 은평구,1138000000,202606,1,1,27019
서울특별시 은평구,1138000000,202606,1,2,25263
서울특별시 은평구,1138000000,202606,1,3,32658
서울특별시 은평구,1138000000,202606,1,4,31388
서울특별시 은평구,1138000000,202606,1,5,36565
서울특별시 은평구,1138000000,202606,1,6,61246
서울특별시 은평구,1138000000,202606,2,1,25844
서울특별시 은평구,1138000000,202606,2,2,29201
서울특별시 은평구,1138000000,202606,2,3,34399
서울특별시 은평구,1138000000,202606,2,4,32311
서울특별시 은평구,1138000000,202606,2,5,39548
서울특별시 은평구,1138000000,202606,2,6,77770
서울특별시 종로구,1111000000,202601,1,1,7060
서울특별시 종로구,1111000000,202601,1,2,9295
서울특별시 종로구,1111000000,202601,1,3,9889
서울특별시 종로구,1111000000,202601,1,4,8699
서울특별시 종로구,1111000000,202601,1,5,11176
서울특별시 종로구,1111000000,202601,1,6,19420
서울특별시 종로구,1111000000,202601,2,1,7139
서울특별시 종로구,1111000000,202601,2,2,10776
서울특별시 종로구,1111000000,202601,2,3,9947
서울특별시 종로구,1111000000,202601,2,4,9448
서울특별시 종로구,1111000000,202601,2,5,11607
서울특별시 종로구,1111000000,202601,2,6,22342
서울특별시 종로구,1111000000,202602,1,1,7057
서울특별시 종로구,1111000000,202602,1,2,9313
서울특별시 종로구,1111000000,202602,1,3,9859
서울특별시 종로구,1111000000,202602,1,4,8671
서울특별시 종로구,1111000000,202602,1,5,11170
서울특별시 종로구,1111000000,202602,1,6,19425
서울특별시 종로구,1111000000,202602,2,1,7166
서울특별시 종로구,1111000000,202602,2,2,10782
서울특별시 종로구,1111000000,202602,2,3,9927
서울특별시 종로구,1111000000,202602,2,4,9420
서울특별시 종로구,1111000000,202602,2,5,11604
서울특별시 종로구,1111000000,202602,2,6,22370
서울특별시 종로구,1111000000,202603,1,1,7059
서울특별시 종로구,1111000000,202603,1,2,9290
서울특별시 종로구,1111000000,202603,1,3,9933
서울특별시 종로구,1111000000,202603,1,4,8639
서울특별시 종로구,1111000000,202603,1,5,11123
서울특별시 종로구,1111000000,202603,1,6,19456
서울특별시 종로구,1111000000,202603,2,1,7174
서울특별시 종로구,1111000000,202603,2,2,10772
서울특별시 종로구,1111000000,202603,2,3,9989
서울특별시 종로구,1111000000,202603,2,4,9402
서울특별시 종로구,1111000000,202603,2,5,11555
서울특별시 종로구,1111000000,202603,2,6,22425
서울특별시 종로구,1111000000,202604,1,1,7040
서울특별시 종로구,1111000000,202604,1,2,9267
서울특별시 종로구,1111000000,202604,1,3,9927
서울특별시 종로구,1111000000,202604,1,4,8635
서울특별시 종로구,1111000000,202604,1,5,11066
서울특별시 종로구,1111000000,202604,1,6,19485
서울특별시 종로구,1111000000,202604,2,1,7159
서울특별시 종로구,1111000000,202604,2,2,10744
서울특별시 종로구,1111000000,202604,2,3,9994
서울특별시 종로구,1111000000,202604,2,4,9398
서울특별시 종로구,1111000000,202604,2,5,11528
서울특별시 종로구,1111000000,202604,2,6,22473
서울특별시 종로구,1111000000,202605,1,1,7025
서울특별시 종로구,1111000000,202605,1,2,9211
서울특별시 종로구,1111000000,202605,1,3,9953
서울특별시 종로구,1111000000,202605,1,4,8636
서울특별시 종로구,1111000000,202605,1,5,11024
서울특별시 종로구,1111000000,202605,1,6,19513
서울특별시 종로구,1111000000,202605,2,1,7098
서울특별시 종로구,1111000000,202605,2,2,10731
서울특별시 종로구,1111000000,202605,2,3,9979
서울특별시 종로구,1111000000,202605,2,4,9352
서울특별시 종로구,1111000000,202605,2,5,11508
서울특별시 종로구,1111000000,202605,2,6,22488
서울특별시 종로구,1111000000,202606,1,1,6989
서울특별시 종로구,1111000000,202606,1,2,9183
서울특별시 종로구,1111000000,202606,1,3,9959
서울특별시 종로구,1111000000,202606,1,4,8642
서울특별시 종로구,1111000000,202606,1,5,10984
서울특별시 종로구,1111000000,202606,1,6,19498
서울특별시 종로구,1111000000,202606,2,1,7046
서울특별시 종로구,1111000000,202606,2,2,10687
서울특별시 종로구,1111000000,202606,2,3,10024
서울특별시 종로구,1111000000,202606,2,4,9354
서울특별시 종로구,1111000000,202606,2,5,11484
서울특별시 종로구,1111000000,202606,2,6,22468
서울특별시 중구,1114000000,202601,1,1,5375
서울특별시 중구,1114000000,202601,1,2,6968
서울특별시 중구,1114000000,202601,1,3,10581
서울특별시 중구,1114000000,202601,1,4,8056
서울특별시 중구,1114000000,202601,1,5,8929
서울특별시 중구,1114000000,202601,1,6,16575
서울특별시 중구,1114000000,202601,2,1,5327
서울특별시 중구,1114000000,202601,2,2,8683
서울특별시 중구,1114000000,202601,2,3,10676
서울특별시 중구,1114000000,202601,2,4,8008
서울특별시 중구,1114000000,202601,2,5,8868
서울특별시 중구,1114000000,202601,2,6,19672
서울특별시 중구,1114000000,202602,1,1,5398
서울특별시 중구,1114000000,202602,1,2,6932
서울특별시 중구,1114000000,202602,1,3,10542
서울특별시 중구,1114000000,202602,1,4,8067
서울특별시 중구,1114000000,202602,1,5,8920
서울특별시 중구,1114000000,202602,1,6,16605
서울특별시 중구,1114000000,202602,2,1,5317
서울특별시 중구,1114000000,202602,2,2,8643
서울특별시 중구,1114000000,202602,2,3,10623
서울특별시 중구,1114000000,202602,2,4,8017
서울특별시 중구,1114000000,202602,2,5,8859
서울특별시 중구,1114000000,202602,2,6,19702
서울특별시 중구,1114000000,202603,1,1,5407
서울특별시 중구,1114000000,202603,1,2,6958
서울특별시 중구,1114000000,202603,1,3,10562
서울특별시 중구,1114000000,202603,1,4,8074
서울특별시 중구,1114000000,202603,1,5,8920
서울특별시 중구,1114000000,202603,1,6,16646
서울특별시 중구,1114000000,202603,2,1,5326
서울특별시 중구,1114000000,202603,2,2,8631
서울특별시 중구,1114000000,202603,2,3,10657
서울특별시 중구,1114000000,202603,2,4,8030
서울특별시 중구,1114000000,202603,2,5,8826
서울특별시 중구,1114000000,202603,2,6,19725
서울특별시 중구,1114000000,202604,1,1,5389
서울특별시 중구,1114000000,202604,1,2,6917
서울특별시 중구,1114000000,202604,1,3,10593
서울특별시 중구,1114000000,202604,1,4,8066
서울특별시 중구,1114000000,202604,1,5,8933
서울특별시 중구,1114000000,202604,1,6,16663
서울특별시 중구,1114000000,202604,2,1,5301
서울특별시 중구,1114000000,202604,2,2,8617
서울특별시 중구,1114000000,202604,2,3,10665
서울특별시 중구,1114000000,202604,2,4,8050
서울특별시 중구,1114000000,202604,2,5,8823
서울특별시 중구,1114000000,202604,2,6,19743
서울특별시 중구,1114000000,202605,1,1,5380
서울특별시 중구,1114000000,202605,1,2,6908
서울특별시 중구,1114000000,202605,1,3,10594
서울특별시 중구,1114000000,202605,1,4,8078
서울특별시 중구,1114000000,202605,1,5,8889
서울특별시 중구,1114000000,202605,1,6,16687
서울특별시 중구,1114000000,202605,2,1,5300
서울특별시 중구,1114000000,202605,2,2,8583
서울특별시 중구,1114000000,202605,2,3,10680
서울특별시 중구,1114000000,202605,2,4,8049
서울특별시 중구,1114000000,202605,2,5,8858
서울특별시 중구,1114000000,202605,2,6,19759
서울특별시 중구,1114000000,202606,1,1,5366
서울특별시 중구,1114000000,202606,1,2,6858
서울특별시 중구,1114000000,202606,1,3,10564
서울특별시 중구,1114000000,202606,1,4,8081
서울특별시 중구,1114000000,202606,1,5,8857
서울특별시 중구,1114000000,202606,1,6,16690
서울특별시 중구,1114000000,202606,2,1,5303
서울특별시 중구,1114000000,202606,2,2,8513
서울특별시 중구,1114000000,202606,2,3,10678
서울특별시 중구,1114000000,202606,2,4,8065
서울특별시 중구,1114000000,202606,2,5,8842
서울특별시 중구,1114000000,202606,2,6,19741
서울특별시 중랑구,1126000000,202601,1,1,20308
서울특별시 중랑구,1126000000,202601,1,2,21134
서울특별시 중랑구,1126000000,202601,1,3,29914
서울특별시 중랑구,1126000000,202601,1,4,26394
서울특별시 중랑구,1126000000,202601,1,5,30425
서울특별시 중랑구,1126000000,202601,1,6,55860
서울특별시 중랑구,1126000000,202601,2,1,19342
서울특별시 중랑구,1126000000,202601,2,2,23731
서울특별시 중랑구,1126000000,202601,2,3,28873
서울특별시 중랑구,1126000000,202601,2,4,24295
서울특별시 중랑구,1126000000,202601,2,5,31304
서울특별시 중랑구,1126000000,202601,2,6,65340
서울특별시 중랑구,1126000000,202602,1,1,20226
서울특별시 중랑구,1126000000,202602,1,2,21075
서울특별시 중랑구,1126000000,202602,1,3,29876
서울특별시 중랑구,1126000000,202602,1,4,26338
서울특별시 중랑구,1126000000,202602,1,5,30394
서울특별시 중랑구,1126000000,202602,1,6,56023
서울특별시 중랑구,1126000000,202602,2,1,19286
서울특별시 중랑구,1126000000,202602,2,2,23757
서울특별시 중랑구,1126000000,202602,2,3,28861
서울특별시 중랑구,1126000000,202602,2,4,24249
서울특별시 중랑구,1126000000,202602,2,5,31242
서울특별시 중랑구,1126000000,202602,2,6,65557
서울특별시 중랑구,1126000000,202603,1,1,20126
서울특별시 중랑구,1126000000,202603,1,2,20943
서울특별시 중랑구,1126000000,202603,1,3,29985
서울특별시 중랑구,1126000000,202603,1,4,26228
서울특별시 중랑구,1126000000,202603,1,5,30227
서울특별시 중랑구,1126000000,202603,1,6,56291
서울특별시 중랑구,1126000000,202603,2,1,19242
서울특별시 중랑구,1126000000,202603,2,2,23632
서울특별시 중랑구,1126000000,202603,2,3,28950
서울특별시 중랑구,1126000000,202603,2,4,24196
서울특별시 중랑구,1126000000,202603,2,5,31048
서울특별시 중랑구,1126000000,202603,2,6,65797
서울특별시 중랑구,1126000000,202604,1,1,20077
서울특별시 중랑구,1126000000,202604,1,2,20829
서울특별시 중랑구,1126000000,202604,1,3,30088
서울특별시 중랑구,1126000000,202604,1,4,26204
서울특별시 중랑구,1126000000,202604,1,5,30170
서울특별시 중랑구,1126000000,202604,1,6,56405
서울특별시 중랑구,1126000000,202604,2,1,19172
서울특별시 중랑구,1126000000,202604,2,2,23519
서울특별시 중랑구,1126000000,202604,2,3,29010
서울특별시 중랑구,1126000000,202604,2,4,24158
서울특별시 중랑구,1126000000,202604,2,5,30969
서울특별시 중랑구,1126000000,202604,2,6,65969
서울특별시 중랑구,1126000000,202605,1,1,20017
서울특별시 중랑구,1126000000,202605,1,2,20737
서울특별시 중랑구,1126000000,202605,1,3,30122
서울특별시 중랑구,1126000000,202605,1,4,26182
서울특별시 중랑구,1126000000,202605,1,5,30100
서울특별시 중랑구,1126000000,202605,1,6,56513
서울특별시 중랑구,1126000000,202605,2,1,19152
서울특별시 중랑구,1126000000,202605,2,2,23441
서울특별시 중랑구,1126000000,202605,2,3,29113
서울특별시 중랑구,1126000000,202605,2,4,24139
서울특별시 중랑구,1126000000,202605,2,5,30832
서울특별시 중랑구,1126000000,202605,2,6,66115
서울특별시 중랑구,1126000000,202606,1,1,19984
서울특별시 중랑구,1126000000,202606,1,2,20670
서울특별시 중랑구,1126000000,202606,1,3,30150
서울특별시 중랑구,1126000000,202606,1,4,26186
서울특별시 중랑구,1126000000,202606,1,5,30001
서울특별시 중랑구,1126000000,202606,1,6,56592
서울특별시 중랑구,1126000000,202606,2,1,19100
서울특별시 중랑구,1126000000,202606,2,2,23423
서울특별시 중랑구,1126000000,202606,2,3,29113
서울특별시 중랑구,1126000000,202606,2,4,24160
서울특별시 중랑구,1126000000,202606,2,5,30797
서울특별시 중랑구,1126000000,202606,2,6,66210
세종특별자치시,3611000000,202601,1,1,46884
세종특별자치시,3611000000,202601,1,2,18657
세종특별자치시,3611000000,202601,1,3,28520
세종특별자치시,3611000000,202601,1,4,37294
세종특별자치시,3611000000,202601,1,5,30851
세종특별자치시,3611000000,202601,1,6,32691
세종특별자치시,3611000000,202601,2,1,45602
세종특별자치시,3611000000,202601,2,2,17733
세종특별자치시,3611000000,202601,2,3,29080
세종특별자치시,3611000000,202601,2,4,38833
세종특별자치시,3611000000,202601,2,5,28531
세종특별자치시,3611000000,202601,2,6,36801
세종특별자치시,3611000000,202602,1,1,46722
세종특별자치시,3611000000,202602,1,2,18647
세종특별자치시,3611000000,202602,1,3,28307
세종특별자치시,3611000000,202602,1,4,37330
세종특별자치시,3611000000,202602,1,5,30961
세종특별자치시,3611000000,202602,1,6,32817
세종특별자치시,3611000000,202602,2,1,45474
세종특별자치시,3611000000,202602,2,2,17663
세종특별자치시,3611000000,202602,2,3,28883
세종특별자치시,3611000000,202602,2,4,38814
세종특별자치시,3611000000,202602,2,5,28707
세종특별자치시,3611000000,202602,2,6,36915
세종특별자치시,3611000000,202603,1,1,46584
세종특별자치시,3611000000,202603,1,2,18708
세종특별자치시,3611000000,202603,1,3,28305
세종특별자치시,3611000000,202603,1,4,37122
세종특별자치시,3611000000,202603,1,5,31039
세종특별자치시,3611000000,202603,1,6,32986
세종특별자치시,3611000000,202603,2,1,45268
세종특별자치시,3611000000,202603,2,2,17608
세종특별자치시,3611000000,202603,2,3,28863
세종특별자치시,3611000000,202603,2,4,38690
세종특별자치시,3611000000,202603,2,5,28818
세종특별자치시,3611000000,202603,2,6,37081
세종특별자치시,3611000000,202604,1,1,46510
세종특별자치시,3611000000,202604,1,2,18703
세종특별자치시,3611000000,202604,1,3,28321
세종특별자치시,3611000000,202604,1,4,37013
세종특별자치시,3611000000,202604,1,5,31108
세종특별자치시,3611000000,202604,1,6,33086
세종특별자치시,3611000000,202604,2,1,45172
세종특별자치시,3611000000,202604,2,2,17581
세종특별자치시,3611000000,202604,2,3,28838
세종특별자치시,3611000000,202604,2,4,38678
세종특별자치시,3611000000,202604,2,5,28853
세종특별자치시,3611000000,202604,2,6,37161
세종특별자치시,3611000000,202605,1,1,46520
세종특별자치시,3611000000,202605,1,2,18717
세종특별자치시,3611000000,202605,1,3,28281
세종특별자치시,3611000000,202605,1,4,36976
세종특별자치시,3611000000,202605,1,5,31129
세종특별자치시,3611000000,202605,1,6,33197
세종특별자치시,3611000000,202605,2,1,45112
세종특별자치시,3611000000,202605,2,2,17505
세종특별자치시,3611000000,202605,2,3,28779
세종특별자치시,3611000000,202605,2,4,38690
세종특별자치시,3611000000,202605,2,5,28904
세종특별자치시,3611000000,202605,2,6,37254
세종특별자치시,3611000000,202606,1,1,46467
세종특별자치시,3611000000,202606,1,2,18692
세종특별자치시,3611000000,202606,1,3,28184
세종특별자치시,3611000000,202606,1,4,36975
세종특별자치시,3611000000,202606,1,5,31168
세종특별자치시,3611000000,202606,1,6,33245
세종특별자치시,3611000000,202606,2,1,45073
세종특별자치시,3611000000,202606,2,2,17480
세종특별자치시,3611000000,202606,2,3,28694
세종특별자치시,3611000000,202606,2,4,38689
세종특별자치시,3611000000,202606,2,5,28981
세종특별자치시,3611000000,202606,2,6,37275
울산광역시 남구,3114000000,202601,1,1,23649
울산광역시 남구,3114000000,202601,1,2,19672
울산광역시 남구,3114000000,202601,1,3,23410
울산광역시 남구,3114000000,202601,1,4,22774
울산광역시 남구,3114000000,202601,1,5,27429
울산광역시 남구,3114000000,202601,1,6,39025
울산광역시 남구,3114000000,202601,2,1,22023
울산광역시 남구,3114000000,202601,2,2,14705
울산광역시 남구,3114000000,202601,2,3,18687
울산광역시 남구,3114000000,202601,2,4,21785
울산광역시 남구,3114000000,202601,2,5,28656
울산광역시 남구,3114000000,202601,2,6,42727
울산광역시 남구,3114000000,202602,1,1,23674
울산광역시 남구,3114000000,202602,1,2,19508
울산광역시 남구,3114000000,202602,1,3,23490
울산광역시 남구,3114000000,202602,1,4,22817
울산광역시 남구,3114000000,202602,1,5,27334
울산광역시 남구,3114000000,202602,1,6,39210
울산광역시 남구,3114000000,202602,2,1,21981
울산광역시 남구,3114000000,202602,2,2,14631
울산광역시 남구,3114000000,202602,2,3,18728
울산광역시 남구,3114000000,202602,2,4,21762
울산광역시 남구,3114000000,202602,2,5,28595
울산광역시 남구,3114000000,202602,2,6,42918
울산광역시 남구,3114000000,202603,1,1,23630
울산광역시 남구,3114000000,202603,1,2,19371
울산광역시 남구,3114000000,202603,1,3,23619
울산광역시 남구,3114000000,202603,1,4,22768
울산광역시 남구,3114000000,202603,1,5,27150
울산광역시 남구,3114000000,202603,1,6,39488
울산광역시 남구,3114000000,202603,2,1,21926
울산광역시 남구,3114000000,202603,2,2,14508
울산광역시 남구,3114000000,202603,2,3,18789
울산광역시 남구,3114000000,202603,2,4,21713
울산광역시 남구,3114000000,202603,2,5,28449
울산광역시 남구,3114000000,202603,2,6,43159
울산광역시 남구,3114000000,202604,1,1,23647
울산광역시 남구,3114000000,202604,1,2,19255
울산광역시 남구,3114000000,202604,1,3,23653
울산광역시 남구,3114000000,202604,1,4,22795
울산광역시 남구,3114000000,202604,1,5,27013
울산광역시 남구,3114000000,202604,1,6,39610
울산광역시 남구,3114000000,202604,2,1,21893
울산광역시 남구,3114000000,202604,2,2,14410
울산광역시 남구,3114000000,202604,2,3,18813
울산광역시 남구,3114000000,202604,2,4,21662
울산광역시 남구,3114000000,202604,2,5,28410
울산광역시 남구,3114000000,202604,2,6,43296
울산광역시 남구,3114000000,202605,1,1,23624
울산광역시 남구,3114000000,202605,1,2,19116
울산광역시 남구,3114000000,202605,1,3,23716
울산광역시 남구,3114000000,202605,1,4,22769
울산광역시 남구,3114000000,202605,1,5,26912
울산광역시 남구,3114000000,202605,1,6,39746
울산광역시 남구,3114000000,202605,2,1,21854
울산광역시 남구,3114000000,202605,2,2,14377
울산광역시 남구,3114000000,202605,2,3,18863
울산광역시 남구,3114000000,202605,2,4,21642
울산광역시 남구,3114000000,202605,2,5,28331
울산광역시 남구,3114000000,202605,2,6,43435
울산광역시 남구,3114000000,202606,1,1,23625
울산광역시 남구,3114000000,202606,1,2,19039
울산광역시 남구,3114000000,202606,1,3,23803
울산광역시 남구,3114000000,202606,1,4,22825
울산광역시 남구,3114000000,202606,1,5,26805
울산광역시 남구,3114000000,202606,1,6,39785
울산광역시 남구,3114000000,202606,2,1,21867
울산광역시 남구,3114000000,202606,2,2,14303
울산광역시 남구,3114000000,202606,2,3,18920
울산광역시 남구,3114000000,202606,2,4,21637
울산광역시 남구,3114000000,202606,2,5,28224
울산광역시 남구,3114000000,202606,2,6,43504
울산광역시 동구,3117000000,202601,1,1,13099
울산광역시 동구,3117000000,202601,1,2,8147
울산광역시 동구,3117000000,202601,1,3,9745
울산광역시 동구,3117000000,202601,1,4,14076
울산광역시 동구,3117000000,202601,1,5,12747
울산광역시 동구,3117000000,202601,1,6,20173
울산광역시 동구,3117000000,202601,2,1,12308
울산광역시 동구,3117000000,202601,2,2,6082
울산광역시 동구,3117000000,202601,2,3,7289
울산광역시 동구,3117000000,202601,2,4,11928
울산광역시 동구,3117000000,202601,2,5,11491
울산광역시 동구,3117000000,202601,2,6,21901
울산광역시 동구,3117000000,202602,1,1,12974
울산광역시 동구,3117000000,202602,1,2,8089
울산광역시 동구,3117000000,202602,1,3,9684
울산광역시 동구,3117000000,202602,1,4,14050
울산광역시 동구,3117000000,202602,1,5,12717
울산광역시 동구,3117000000,202602,1,6,20243
울산광역시 동구,3117000000,202602,2,1,12150
울산광역시 동구,3117000000,202602,2,2,6044
울산광역시 동구,3117000000,202602,2,3,7205
울산광역시 동구,3117000000,202602,2,4,11884
울산광역시 동구,3117000000,202602,2,5,11441
울산광역시 동구,3117000000,202602,2,6,21988
울산광역시 동구,3117000000,202603,1,1,12890
울산광역시 동구,3117000000,202603,1,2,8040
울산광역시 동구,3117000000,202603,1,3,9685
울산광역시 동구,3117000000,202603,1,4,14018
울산광역시 동구,3117000000,202603,1,5,12677
울산광역시 동구,3117000000,202603,1,6,20336
울산광역시 동구,3117000000,202603,2,1,12036
울산광역시 동구,3117000000,202603,2,2,6014
울산광역시 동구,3117000000,202603,2,3,7148
울산광역시 동구,3117000000,202603,2,4,11859
울산광역시 동구,3117000000,202603,2,5,11386
울산광역시 동구,3117000000,202603,2,6,22105
울산광역시 동구,3117000000,202604,1,1,12831
울산광역시 동구,3117000000,202604,1,2,7971
울산광역시 동구,3117000000,202604,1,3,9682
울산광역시 동구,3117000000,202604,1,4,13981
울산광역시 동구,3117000000,202604,1,5,12643
울산광역시 동구,3117000000,202604,1,6,20375
울산광역시 동구,3117000000,202604,2,1,11980
울산광역시 동구,3117000000,202604,2,2,5982
울산광역시 동구,3117000000,202604,2,3,7130
울산광역시 동구,3117000000,202604,2,4,11806
울산광역시 동구,3117000000,202604,2,5,11385
울산광역시 동구,3117000000,202604,2,6,22159
울산광역시 동구,3117000000,202605,1,1,12784
울산광역시 동구,3117000000,202605,1,2,7952
울산광역시 동구,3117000000,202605,1,3,9688
울산광역시 동구,3117000000,202605,1,4,13963
울산광역시 동구,3117000000,202605,1,5,12621
울산광역시 동구,3117000000,202605,1,6,20431
울산광역시 동구,3117000000,202605,2,1,11956
울산광역시 동구,3117000000,202605,2,2,5950
울산광역시 동구,3117000000,202605,2,3,7104
울산광역시 동구,3117000000,202605,2,4,11814
울산광역시 동구,3117000000,202605,2,5,11361
울산광역시 동구,3117000000,202605,2,6,22210
울산광역시 동구,3117000000,202606,1,1,12727
울산광역시 동구,3117000000,202606,1,2,7940
울산광역시 동구,3117000000,202606,1,3,9673
울산광역시 동구,3117000000,202606,1,4,13960
울산광역시 동구,3117000000,202606,1,5,12626
울산광역시 동구,3117000000,202606,1,6,20461
울산광역시 동구,3117000000,202606,2,1,11935
울산광역시 동구,3117000000,202606,2,2,5926
울산광역시 동구,3117000000,202606,2,3,7089
울산광역시 동구,3117000000,202606,2,4,11820
울산광역시 동구,3117000000,202606,2,5,11349
울산광역시 동구,3117000000,202606,2,6,22250
울산광역시 북구,3120000000,202601,1,1,21898
울산광역시 북구,3120000000,202601,1,2,12807
울산광역시 북구,3120000000,202601,1,3,16187
울산광역시 북구,3120000000,202601,1,4,19296
울산광역시 북구,3120000000,202601,1,5,18755
울산광역시 북구,3120000000,202601,1,6,22893
울산광역시 북구,3120000000,202601,2,1,20631
울산광역시 북구,3120000000,202601,2,2,8453
울산광역시 북구,3120000000,202601,2,3,13170
울산광역시 북구,3120000000,202601,2,4,18386
울산광역시 북구,3120000000,202601,2,5,19383
울산광역시 북구,3120000000,202601,2,6,22960
울산광역시 북구,3120000000,202602,1,1,21812
울산광역시 북구,3120000000,202602,1,2,12671
울산광역시 북구,3120000000,202602,1,3,16162
울산광역시 북구,3120000000,202602,1,4,19257
울산광역시 북구,3120000000,202602,1,5,18765
울산광역시 북구,3120000000,202602,1,6,23014
울산광역시 북구,3120000000,202602,2,1,20457
울산광역시 북구,3120000000,202602,2,2,8376
울산광역시 북구,3120000000,202602,2,3,13078
울산광역시 북구,3120000000,202602,2,4,18327
울산광역시 북구,3120000000,202602,2,5,19351
울산광역시 북구,3120000000,202602,2,6,23125
울산광역시 북구,3120000000,202603,1,1,21714
울산광역시 북구,3120000000,202603,1,2,12556
울산광역시 북구,3120000000,202603,1,3,16205
울산광역시 북구,3120000000,202603,1,4,19181
울산광역시 북구,3120000000,202603,1,5,18657
울산광역시 북구,3120000000,202603,1,6,23257
울산광역시 북구,3120000000,202603,2,1,20370
울산광역시 북구,3120000000,202603,2,2,8319
울산광역시 북구,3120000000,202603,2,3,13098
울산광역시 북구,3120000000,202603,2,4,18249
울산광역시 북구,3120000000,202603,2,5,19246
울산광역시 북구,3120000000,202603,2,6,23318
울산광역시 북구,3120000000,202604,1,1,21675
울산광역시 북구,3120000000,202604,1,2,12453
울산광역시 북구,3120000000,202604,1,3,16210
울산광역시 북구,3120000000,202604,1,4,19132
울산광역시 북구,3120000000,202604,1,5,18667
울산광역시 북구,3120000000,202604,1,6,23365
울산광역시 북구,3120000000,202604,2,1,20311
울산광역시 북구,3120000000,202604,2,2,8251
울산광역시 북구,3120000000,202604,2,3,13061
울산광역시 북구,3120000000,202604,2,4,18237
울산광역시 북구,3120000000,202604,2,5,19232
울산광역시 북구,3120000000,202604,2,6,23432
울산광역시 북구,3120000000,202605,1,1,21626
울산광역시 북구,3120000000,202605,1,2,12307
울산광역시 북구,3120000000,202605,1,3,16216
울산광역시 북구,3120000000,202605,1,4,19073
울산광역시 북구,3120000000,202605,1,5,18651
울산광역시 북구,3120000000,202605,1,6,23492
울산광역시 북구,3120000000,202605,2,1,20267
울산광역시 북구,3120000000,202605,2,2,8175
울산광역시 북구,3120000000,202605,2,3,13053
울산광역시 북구,3120000000,202605,2,4,18202
울산광역시 북구,3120000000,202605,2,5,19153
울산광역시 북구,3120000000,202605,2,6,23557
울산광역시 북구,3120000000,202606,1,1,21584
울산광역시 북구,3120000000,202606,1,2,12261
울산광역시 북구,3120000000,202606,1,3,16228
울산광역시 북구,3120000000,202606,1,4,19072
울산광역시 북구,3120000000,202606,1,5,18617
울산광역시 북구,3120000000,202606,1,6,23554
울산광역시 북구,3120000000,202606,2,1,20244
울산광역시 북구,3120000000,202606,2,2,8166
울산광역시 북구,3120000000,202606,2,3,13027
울산광역시 북구,3120000000,202606,2,4,18194
울산광역시 북구,3120000000,202606,2,5,19096
울산광역시 북구,3120000000,202606,2,6,23642
울산광역시 울주군,3171000000,202601,1,1,16684
울산광역시 울주군,3171000000,202601,1,2,12337
울산광역시 울주군,3171000000,202601,1,3,13108
울산광역시 울주군,3171000000,202601,1,4,16096
울산광역시 울주군,3171000000,202601,1,5,22281
울산광역시 울주군,3171000000,202601,1,6,33145
울산광역시 울주군,3171000000,202601,2,1,15844
울산광역시 울주군,3171000000,202601,2,2,9058
울산광역시 울주군,3171000000,202601,2,3,10632
울산광역시 울주군,3171000000,202601,2,4,14590
울산광역시 울주군,3171000000,202601,2,5,20948
울산광역시 울주군,3171000000,202601,2,6,34243
울산광역시 울주군,3171000000,202602,1,1,16581
울산광역시 울주군,3171000000,202602,1,2,12262
울산광역시 울주군,3171000000,202602,1,3,13036
울산광역시 울주군,3171000000,202602,1,4,16077
울산광역시 울주군,3171000000,202602,1,5,22215
울산광역시 울주군,3171000000,202602,1,6,33339
울산광역시 울주군,3171000000,202602,2,1,15746
울산광역시 울주군,3171000000,202602,2,2,8991
울산광역시 울주군,3171000000,202602,2,3,10594
울산광역시 울주군,3171000000,202602,2,4,14498
울산광역시 울주군,3171000000,202602,2,5,20922
울산광역시 울주군,3171000000,202602,2,6,34380
울산광역시 울주군,3171000000,202603,1,1,16501
울산광역시 울주군,3171000000,202603,1,2,12144
울산광역시 울주군,3171000000,202603,1,3,13107
울산광역시 울주군,3171000000,202603,1,4,15997
울산광역시 울주군,3171000000,202603,1,5,22107
울산광역시 울주군,3171000000,202603,1,6,33518
울산광역시 울주군,3171000000,202603,2,1,15687
울산광역시 울주군,3171000000,202603,2,2,8876
울산광역시 울주군,3171000000,202603,2,3,10609
울산광역시 울주군,3171000000,202603,2,4,14408
울산광역시 울주군,3171000000,202603,2,5,20842
울산광역시 울주군,3171000000,202603,2,6,34556
울산광역시 울주군,3171000000,202604,1,1,16458
울산광역시 울주군,3171000000,202604,1,2,12112
울산광역시 울주군,3171000000,202604,1,3,13117
울산광역시 울주군,3171000000,202604,1,4,15969
울산광역시 울주군,3171000000,202604,1,5,22081
울산광역시 울주군,3171000000,202604,1,6,33639
울산광역시 울주군,3171000000,202604,2,1,15627
울산광역시 울주군,3171000000,202604,2,2,8845
울산광역시 울주군,3171000000,202604,2,3,10592
울산광역시 울주군,3171000000,202604,2,4,14343
울산광역시 울주군,3171000000,202604,2,5,20846
울산광역시 울주군,3171000000,202604,2,6,34665
울산광역시 울주군,3171000000,202605,1,1,16439
울산광역시 울주군,3171000000,202605,1,2,12050
울산광역시 울주군,3171000000,202605,1,3,13117
울산광역시 울주군,3171000000,202605,1,4,15928
울산광역시 울주군,3171000000,202605,1,5,22061
울산광역시 울주군,3171000000,202605,1,6,33764
울산광역시 울주군,3171000000,202605,2,1,15585
울산광역시 울주군,3171000000,202605,2,2,8818
울산광역시 울주군,3171000000,202605,2,3,10587
울산광역시 울주군,3171000000,202605,2,4,14304
울산광역시 울주군,3171000000,202605,2,5,20823
울산광역시 울주군,3171000000,202605,2,6,34783
울산광역시 울주군,3171000000,202606,1,1,16398
울산광역시 울주군,3171000000,202606,1,2,12035
울산광역시 울주군,3171000000,202606,1,3,13115
울산광역시 울주군,3171000000,202606,1,4,15936
울산광역시 울주군,3171000000,202606,1,5,22029
울산광역시 울주군,3171000000,202606,1,6,33869
울산광역시 울주군,3171000000,202606,2,1,15589
울산광역시 울주군,3171000000,202606,2,2,8796
울산광역시 울주군,3171000000,202606,2,3,10576
울산광역시 울주군,3171000000,202606,2,4,14278
울산광역시 울주군,3171000000,202606,2,5,20799
울산광역시 울주군,3171000000,202606,2,6,34865
울산광역시 중구,3111000000,202601,1,1,15835
울산광역시 중구,3111000000,202601,1,2,10829
울산광역시 중구,3111000000,202601,1,3,13294
울산광역시 중구,3111000000,202601,1,4,15366
울산광역시 중구,3111000000,202601,1,5,17978
울산광역시 중구,3111000000,202601,1,6,29844
울산광역시 중구,3111000000,202601,2,1,14633
울산광역시 중구,3111000000,202601,2,2,8125
울산광역시 중구,3111000000,202601,2,3,11232
울산광역시 중구,3111000000,202601,2,4,14296
울산광역시 중구,3111000000,202601,2,5,18490
울산광역시 중구,3111000000,202601,2,6,34046
울산광역시 중구,3111000000,202602,1,1,15777
울산광역시 중구,3111000000,202602,1,2,10707
울산광역시 중구,3111000000,202602,1,3,13274
울산광역시 중구,3111000000,202602,1,4,15350
울산광역시 중구,3111000000,202602,1,5,17919
울산광역시 중구,3111000000,202602,1,6,29957
울산광역시 중구,3111000000,202602,2,1,14528
울산광역시 중구,3111000000,202602,2,2,8070
울산광역시 중구,3111000000,202602,2,3,11233
울산광역시 중구,3111000000,202602,2,4,14242
울산광역시 중구,3111000000,202602,2,5,18439
울산광역시 중구,3111000000,202602,2,6,34186
울산광역시 중구,3111000000,202603,1,1,15729
울산광역시 중구,3111000000,202603,1,2,10588
울산광역시 중구,3111000000,202603,1,3,13326
울산광역시 중구,3111000000,202603,1,4,15290
울산광역시 중구,3111000000,202603,1,5,17817
울산광역시 중구,3111000000,202603,1,6,30092
울산광역시 중구,3111000000,202603,2,1,14461
울산광역시 중구,3111000000,202603,2,2,7975
울산광역시 중구,3111000000,202603,2,3,11205
울산광역시 중구,3111000000,202603,2,4,14206
울산광역시 중구,3111000000,202603,2,5,18365
울산광역시 중구,3111000000,202603,2,6,34332
울산광역시 중구,3111000000,202604,1,1,15704
울산광역시 중구,3111000000,202604,1,2,10498
울산광역시 중구,3111000000,202604,1,3,13333
울산광역시 중구,3111000000,202604,1,4,15253
울산광역시 중구,3111000000,202604,1,5,17791
울산광역시 중구,3111000000,202604,1,6,30202
울산광역시 중구,3111000000,202604,2,1,14445
울산광역시 중구,3111000000,202604,2,2,7965
울산광역시 중구,3111000000,202604,2,3,11212
울산광역시 중구,3111000000,202604,2,4,14164
울산광역시 중구,3111000000,202604,2,5,18333
울산광역시 중구,3111000000,202604,2,6,34439
울산광역시 중구,3111000000,202605,1,1,15677
울산광역시 중구,3111000000,202605,1,2,10406
울산광역시 중구,3111000000,202605,1,3,13359
울산광역시 중구,3111000000,202605,1,4,15232
울산광역시 중구,3111000000,202605,1,5,17737
울산광역시 중구,3111000000,202605,1,6,30293
울산광역시 중구,3111000000,202605,2,1,14415
울산광역시 중구,3111000000,202605,2,2,7923
울산광역시 중구,3111000000,202605,2,3,11205
울산광역시 중구,3111000000,202605,2,4,14144
울산광역시 중구,3111000000,202605,2,5,18285
울산광역시 중구,3111000000,202605,2,6,34540
울산광역시 중구,3111000000,202606,1,1,15621
울산광역시 중구,3111000000,202606,1,2,10356
울산광역시 중구,3111000000,202606,1,3,13331
울산광역시 중구,3111000000,202606,1,4,15250
울산광역시 중구,3111000000,202606,1,5,17671
울산광역시 중구,3111000000,202606,1,6,30353
울산광역시 중구,3111000000,202606,2,1,14391
울산광역시 중구,3111000000,202606,2,2,7908
울산광역시 중구,3111000000,202606,2,3,11170
울산광역시 중구,3111000000,202606,2,4,14155
울산광역시 중구,3111000000,202606,2,5,18233
울산광역시 중구,3111000000,202606,2,6,34587
인천광역시 강화군,2871000000,202601,1,1,3489
인천광역시 강화군,2871000000,202601,1,2,2304
인천광역시 강화군,2871000000,202601,1,3,2627
인천광역시 강화군,2871000000,202601,1,4,3628
인천광역시 강화군,2871000000,202601,1,5,5665
인천광역시 강화군,2871000000,202601,1,6,17152
인천광역시 강화군,2871000000,202601,2,1,3282
인천광역시 강화군,2871000000,202601,2,2,1832
인천광역시 강화군,2871000000,202601,2,3,2214
인천광역시 강화군,2871000000,202601,2,4,3308
인천광역시 강화군,2871000000,202601,2,5,5044
인천광역시 강화군,2871000000,202601,2,6,19153
인천광역시 강화군,2871000000,202602,1,1,3490
인천광역시 강화군,2871000000,202602,1,2,2294
인천광역시 강화군,2871000000,202602,1,3,2623
인천광역시 강화군,2871000000,202602,1,4,3629
인천광역시 강화군,2871000000,202602,1,5,5627
인천광역시 강화군,2871000000,202602,1,6,17217
인천광역시 강화군,2871000000,202602,2,1,3286
인천광역시 강화군,2871000000,202602,2,2,1794
인천광역시 강화군,2871000000,202602,2,3,2217
인천광역시 강화군,2871000000,202602,2,4,3305
인천광역시 강화군,2871000000,202602,2,5,5008
인천광역시 강화군,2871000000,202602,2,6,19187
인천광역시 강화군,2871000000,202603,1,1,3462
인천광역시 강화군,2871000000,202603,1,2,2284
인천광역시 강화군,2871000000,202603,1,3,2617
인천광역시 강화군,2871000000,202603,1,4,3606
인천광역시 강화군,2871000000,202603,1,5,5608
인천광역시 강화군,2871000000,202603,1,6,17258
인천광역시 강화군,2871000000,202603,2,1,3263
인천광역시 강화군,2871000000,202603,2,2,1795
인천광역시 강화군,2871000000,202603,2,3,2218
인천광역시 강화군,2871000000,202603,2,4,3283
인천광역시 강화군,2871000000,202603,2,5,4982
인천광역시 강화군,2871000000,202603,2,6,19239
인천광역시 강화군,2871000000,202604,1,1,3455
인천광역시 강화군,2871000000,202604,1,2,2293
인천광역시 강화군,2871000000,202604,1,3,2622
인천광역시 강화군,2871000000,202604,1,4,3589
인천광역시 강화군,2871000000,202604,1,5,5620
인천광역시 강화군,2871000000,202604,1,6,17314
인천광역시 강화군,2871000000,202604,2,1,3260
인천광역시 강화군,2871000000,202604,2,2,1780
인천광역시 강화군,2871000000,202604,2,3,2218
인천광역시 강화군,2871000000,202604,2,4,3267
인천광역시 강화군,2871000000,202604,2,5,4973
인천광역시 강화군,2871000000,202604,2,6,19274
인천광역시 강화군,2871000000,202605,1,1,3447
인천광역시 강화군,2871000000,202605,1,2,2306
인천광역시 강화군,2871000000,202605,1,3,2609
인천광역시 강화군,2871000000,202605,1,4,3576
인천광역시 강화군,2871000000,202605,1,5,5611
인천광역시 강화군,2871000000,202605,1,6,17364
인천광역시 강화군,2871000000,202605,2,1,3256
인천광역시 강화군,2871000000,202605,2,2,1779
인천광역시 강화군,2871000000,202605,2,3,2223
인천광역시 강화군,2871000000,202605,2,4,3256
인천광역시 강화군,2871000000,202605,2,5,4959
인천광역시 강화군,2871000000,202605,2,6,19303
인천광역시 강화군,2871000000,202606,1,1,3443
인천광역시 강화군,2871000000,202606,1,2,2301
인천광역시 강화군,2871000000,202606,1,3,2602
인천광역시 강화군,2871000000,202606,1,4,3572
인천광역시 강화군,2871000000,202606,1,5,5602
인천광역시 강화군,2871000000,202606,1,6,17391
인천광역시 강화군,2871000000,202606,2,1,3246
인천광역시 강화군,2871000000,202606,2,2,1789
인천광역시 강화군,2871000000,202606,2,3,2203
인천광역시 강화군,2871000000,202606,2,4,3246
인천광역시 강화군,2871000000,202606,2,5,4971
인천광역시 강화군,2871000000,202606,2,6,19315
인천광역시 계양구,2824500000,202601,1,1,16805
인천광역시 계양구,2824500000,202601,1,2,16480
인천광역시 계양구,2824500000,202601,1,3,19832
인천광역시 계양구,2824500000,202601,1,4,19209
인천광역시 계양구,2824500000,202601,1,5,25362
인천광역시 계양구,2824500000,202601,1,6,40417
인천광역시 계양구,2824500000,202601,2,1,16341
인천광역시 계양구,2824500000,202601,2,2,14961
인천광역시 계양구,2824500000,202601,2,3,17387
인천광역시 계양구,2824500000,202601,2,4,18066
인천광역시 계양구,2824500000,202601,2,5,27173
인천광역시 계양구,2824500000,202601,2,6,45603
인천광역시 계양구,2824500000,202602,1,1,16719
인천광역시 계양구,2824500000,202602,1,2,16348
인천광역시 계양구,2824500000,202602,1,3,19796
인천광역시 계양구,2824500000,202602,1,4,19151
인천광역시 계양구,2824500000,202602,1,5,25344
인천광역시 계양구,2824500000,202602,1,6,40587
인천광역시 계양구,2824500000,202602,2,1,16284
인천광역시 계양구,2824500000,202602,2,2,14847
인천광역시 계양구,2824500000,202602,2,3,17349
인천광역시 계양구,2824500000,202602,2,4,18051
인천광역시 계양구,2824500000,202602,2,5,27071
인천광역시 계양구,2824500000,202602,2,6,45825
인천광역시 계양구,2824500000,202603,1,1,16653
인천광역시 계양구,2824500000,202603,1,2,16165
인천광역시 계양구,2824500000,202603,1,3,19854
인천광역시 계양구,2824500000,202603,1,4,19100
인천광역시 계양구,2824500000,202603,1,5,25208
인천광역시 계양구,2824500000,202603,1,6,40845
인천광역시 계양구,2824500000,202603,2,1,16221
인천광역시 계양구,2824500000,202603,2,2,14717
인천광역시 계양구,2824500000,202603,2,3,17379
인천광역시 계양구,2824500000,202603,2,4,17987
인천광역시 계양구,2824500000,202603,2,5,26901
인천광역시 계양구,2824500000,202603,2,6,46127
인천광역시 계양구,2824500000,202604,1,1,16595
인천광역시 계양구,2824500000,202604,1,2,16040
인천광역시 계양구,2824500000,202604,1,3,19862
인천광역시 계양구,2824500000,202604,1,4,19024
인천광역시 계양구,2824500000,202604,1,5,25129
인천광역시 계양구,2824500000,202604,1,6,41010
인천광역시 계양구,2824500000,202604,2,1,16144
인천광역시 계양구,2824500000,202604,2,2,14627
인천광역시 계양구,2824500000,202604,2,3,17368
인천광역시 계양구,2824500000,202604,2,4,17896
인천광역시 계양구,2824500000,202604,2,5,26878
인천광역시 계양구,2824500000,202604,2,6,46278
인천광역시 계양구,2824500000,202605,1,1,16527
인천광역시 계양구,2824500000,202605,1,2,15939
인천광역시 계양구,2824500000,202605,1,3,19799
인천광역시 계양구,2824500000,202605,1,4,19008
인천광역시 계양구,2824500000,202605,1,5,25060
인천광역시 계양구,2824500000,202605,1,6,41153
인천광역시 계양구,2824500000,202605,2,1,16082
인천광역시 계양구,2824500000,202605,2,2,14556
인천광역시 계양구,2824500000,202605,2,3,17366
인천광역시 계양구,2824500000,202605,2,4,17825
인천광역시 계양구,2824500000,202605,2,5,26797
인천광역시 계양구,2824500000,202605,2,6,46451
인천광역시 계양구,2824500000,202606,1,1,16453
인천광역시 계양구,2824500000,202606,1,2,15846
인천광역시 계양구,2824500000,202606,1,3,19763
인천광역시 계양구,2824500000,202606,1,4,19031
인천광역시 계양구,2824500000,202606,1,5,25033
인천광역시 계양구,2824500000,202606,1,6,41211
인천광역시 계양구,2824500000,202606,2,1,16047
인천광역시 계양구,2824500000,202606,2,2,14492
인천광역시 계양구,2824500000,202606,2,3,17328
인천광역시 계양구,2824500000,202606,2,4,17809
인천광역시 계양구,2824500000,202606,2,5,26694
인천광역시 계양구,2824500000,202606,2,6,46602
인천광역시 남동구,2820000000,202601,1,1,34885
인천광역시 남동구,2820000000,202601,1,2,27689
인천광역시 남동구,2820000000,202601,1,3,32369
인천광역시 남동구,2820000000,202601,1,4,37066
인천광역시 남동구,2820000000,202601,1,5,41978
인천광역시 남동구,2820000000,202601,1,6,64054
인천광역시 남동구,2820000000,202601,2,1,32934
인천광역시 남동구,2820000000,202601,2,2,26161
인천광역시 남동구,2820000000,202601,2,3,28395
인천광역시 남동구,2820000000,202601,2,4,35648
인천광역시 남동구,2820000000,202601,2,5,42642
인천광역시 남동구,2820000000,202601,2,6,76327
인천광역시 남동구,2820000000,202602,1,1,34759
인천광역시 남동구,2820000000,202602,1,2,27550
인천광역시 남동구,2820000000,202602,1,3,32332
인천광역시 남동구,2820000000,202602,1,4,36974
인천광역시 남동구,2820000000,202602,1,5,42003
인천광역시 남동구,2820000000,202602,1,6,64302
인천광역시 남동구,2820000000,202602,2,1,32766
인천광역시 남동구,2820000000,202602,2,2,26097
인천광역시 남동구,2820000000,202602,2,3,28305
인천광역시 남동구,2820000000,202602,2,4,35538
인천광역시 남동구,2820000000,202602,2,5,42600
인천광역시 남동구,2820000000,202602,2,6,76648
인천광역시 남동구,2820000000,202603,1,1,34614
인천광역시 남동구,2820000000,202603,1,2,27417
인천광역시 남동구,2820000000,202603,1,3,32421
인천광역시 남동구,2820000000,202603,1,4,36827
인천광역시 남동구,2820000000,202603,1,5,41939
인천광역시 남동구,2820000000,202603,1,6,64563
인천광역시 남동구,2820000000,202603,2,1,32638
인천광역시 남동구,2820000000,202603,2,2,26011
인천광역시 남동구,2820000000,202603,2,3,28395
인천광역시 남동구,2820000000,202603,2,4,35400
인천광역시 남동구,2820000000,202603,2,5,42444
인천광역시 남동구,2820000000,202603,2,6,77031
인천광역시 남동구,2820000000,202604,1,1,34488
인천광역시 남동구,2820000000,202604,1,2,27355
인천광역시 남동구,2820000000,202604,1,3,32498
인천광역시 남동구,2820000000,202604,1,4,36695
인천광역시 남동구,2820000000,202604,1,5,41904
인천광역시 남동구,2820000000,202604,1,6,64753
인천광역시 남동구,2820000000,202604,2,1,32577
인천광역시 남동구,2820000000,202604,2,2,25937
인천광역시 남동구,2820000000,202604,2,3,28396
인천광역시 남동구,2820000000,202604,2,4,35320
인천광역시 남동구,2820000000,202604,2,5,42333
인천광역시 남동구,2820000000,202604,2,6,77310
인천광역시 남동구,2820000000,202605,1,1,34353
인천광역시 남동구,2820000000,202605,1,2,27290
인천광역시 남동구,2820000000,202605,1,3,32505
인천광역시 남동구,2820000000,202605,1,4,36590
인천광역시 남동구,2820000000,202605,1,5,41850
인천광역시 남동구,2820000000,202605,1,6,64985
인천광역시 남동구,2820000000,202605,2,1,32454
인천광역시 남동구,2820000000,202605,2,2,25874
인천광역시 남동구,2820000000,202605,2,3,28333
인천광역시 남동구,2820000000,202605,2,4,35274
인천광역시 남동구,2820000000,202605,2,5,42301
인천광역시 남동구,2820000000,202605,2,6,77534
인천광역시 남동구,2820000000,202606,1,1,34253
인천광역시 남동구,2820000000,202606,1,2,27203
인천광역시 남동구,2820000000,202606,1,3,32485
인천광역시 남동구,2820000000,202606,1,4,36607
인천광역시 남동구,2820000000,202606,1,5,41785
인천광역시 남동구,2820000000,202606,1,6,65165
인천광역시 남동구,2820000000,202606,2,1,32314
인천광역시 남동구,2820000000,202606,2,2,25813
인천광역시 남동구,2820000000,202606,2,3,28295
인천광역시 남동구,2820000000,202606,2,4,35259
인천광역시 남동구,2820000000,202606,2,5,42238
인천광역시 남동구,2820000000,202606,2,6,77732
인천광역시 동구,2814000000,202601,1,1,3405
인천광역시 동구,2814000000,202601,1,2,2742
인천광역시 동구,2814000000,202601,1,3,3334
인천광역시 동구,2814000000,202601,1,4,4225
인천광역시 동구,2814000000,202601,1,5,5067
인천광역시 동구,2814000000,202601,1,6,9447
인천광역시 동구,2814000000,202601,2,1,3064
인천광역시 동구,2814000000,202601,2,2,2478
인천광역시 동구,2814000000,202601,2,3,2843
인천광역시 동구,2814000000,202601,2,4,3655
인천광역시 동구,2814000000,202601,2,5,4556
인천광역시 동구,2814000000,202601,2,6,11653
인천광역시 동구,2814000000,202602,1,1,3446
인천광역시 동구,2814000000,202602,1,2,2760
인천광역시 동구,2814000000,202602,1,3,3435
인천광역시 동구,2814000000,202602,1,4,4278
인천광역시 동구,2814000000,202602,1,5,5093
인천광역시 동구,2814000000,202602,1,6,9497
인천광역시 동구,2814000000,202602,2,1,3121
인천광역시 동구,2814000000,202602,2,2,2475
인천광역시 동구,2814000000,202602,2,3,2916
인천광역시 동구,2814000000,202602,2,4,3708
인천광역시 동구,2814000000,202602,2,5,4599
인천광역시 동구,2814000000,202602,2,6,11705
인천광역시 동구,2814000000,202603,1,1,3468
인천광역시 동구,2814000000,202603,1,2,2783
인천광역시 동구,2814000000,202603,1,3,3542
인천광역시 동구,2814000000,202603,1,4,4313
인천광역시 동구,2814000000,202603,1,5,5131
인천광역시 동구,2814000000,202603,1,6,9578
인천광역시 동구,2814000000,202603,2,1,3152
인천광역시 동구,2814000000,202603,2,2,2506
인천광역시 동구,2814000000,202603,2,3,2991
인천광역시 동구,2814000000,202603,2,4,3710
인천광역시 동구,2814000000,202603,2,5,4643
인천광역시 동구,2814000000,202603,2,6,11786
인천광역시 동구,2814000000,202604,1,1,3455
인천광역시 동구,2814000000,202604,1,2,2781
인천광역시 동구,2814000000,202604,1,3,3548
인천광역시 동구,2814000000,202604,1,4,4326
인천광역시 동구,2814000000,202604,1,5,5154
인천광역시 동구,2814000000,202604,1,6,9613
인천광역시 동구,2814000000,202604,2,1,3161
인천광역시 동구,2814000000,202604,2,2,2508
인천광역시 동구,2814000000,202604,2,3,3017
인천광역시 동구,2814000000,202604,2,4,3719
인천광역시 동구,2814000000,202604,2,5,4643
인천광역시 동구,2814000000,202604,2,6,11828
인천광역시 동구,2814000000,202605,1,1,3449
인천광역시 동구,2814000000,202605,1,2,2772
인천광역시 동구,2814000000,202605,1,3,3562
인천광역시 동구,2814000000,202605,1,4,4337
인천광역시 동구,2814000000,202605,1,5,5149
인천광역시 동구,2814000000,202605,1,6,9645
인천광역시 동구,2814000000,202605,2,1,3164
인천광역시 동구,2814000000,202605,2,2,2507
인천광역시 동구,2814000000,202605,2,3,3020
인천광역시 동구,2814000000,202605,2,4,3712
인천광역시 동구,2814000000,202605,2,5,4646
인천광역시 동구,2814000000,202605,2,6,11873
인천광역시 동구,2814000000,202606,1,1,3457
인천광역시 동구,2814000000,202606,1,2,2758
인천광역시 동구,2814000000,202606,1,3,3561
인천광역시 동구,2814000000,202606,1,4,4350
인천광역시 동구,2814000000,202606,1,5,5160
인천광역시 동구,2814000000,202606,1,6,9678
인천광역시 동구,2814000000,202606,2,1,3172
인천광역시 동구,2814000000,202606,2,2,2515
인천광역시 동구,2814000000,202606,2,3,3021
인천광역시 동구,2814000000,202606,2,4,3715
인천광역시 동구,2814000000,202606,2,5,4651
인천광역시 동구,2814000000,202606,2,6,11888
인천광역시 미추홀구,2817700000,202601,1,1,28398
인천광역시 미추홀구,2817700000,202601,1,2,25603
인천광역시 미추홀구,2817700000,202601,1,3,31366
인천광역시 미추홀구,2817700000,202601,1,4,33349
인천광역시 미추홀구,2817700000,202601,1,5,35259
인천광역시 미추홀구,2817700000,202601,1,6,55764
인천광역시 미추홀구,2817700000,202601,2,1,26911
인천광역시 미추홀구,2817700000,202601,2,2,23116
인천광역시 미추홀구,2817700000,202601,2,3,27164
인천광역시 미추홀구,2817700000,202601,2,4,29160
인천광역시 미추홀구,2817700000,202601,2,5,33567
인천광역시 미추홀구,2817700000,202601,2,6,67541
인천광역시 미추홀구,2817700000,202602,1,1,28274
인천광역시 미추홀구,2817700000,202602,1,2,25545
인천광역시 미추홀구,2817700000,202602,1,3,31235
인천광역시 미추홀구,2817700000,202602,1,4,33307
인천광역시 미추홀구,2817700000,202602,1,5,35271
인천광역시 미추홀구,2817700000,202602,1,6,55927
인천광역시 미추홀구,2817700000,202602,2,1,26879
인천광역시 미추홀구,2817700000,202602,2,2,23029
인천광역시 미추홀구,2817700000,202602,2,3,27085
인천광역시 미추홀구,2817700000,202602,2,4,29076
인천광역시 미추홀구,2817700000,202602,2,5,33572
인천광역시 미추홀구,2817700000,202602,2,6,67741
인천광역시 미추홀구,2817700000,202603,1,1,28447
인천광역시 미추홀구,2817700000,202603,1,2,25629
인천광역시 미추홀구,2817700000,202603,1,3,31264
인천광역시 미추홀구,2817700000,202603,1,4,33233
인천광역시 미추홀구,2817700000,202603,1,5,35216
인천광역시 미추홀구,2817700000,202603,1,6,56136
인천광역시 미추홀구,2817700000,202603,2,1,26955
인천광역시 미추홀구,2817700000,202603,2,2,22949
인천광역시 미추홀구,2817700000,202603,2,3,27148
인천광역시 미추홀구,2817700000,202603,2,4,28989
인천광역시 미추홀구,2817700000,202603,2,5,33493
인천광역시 미추홀구,2817700000,202603,2,6,68027
인천광역시 미추홀구,2817700000,202604,1,1,28455
인천광역시 미추홀구,2817700000,202604,1,2,25560
인천광역시 미추홀구,2817700000,202604,1,3,31288
인천광역시 미추홀구,2817700000,202604,1,4,33211
인천광역시 미추홀구,2817700000,202604,1,5,35234
인천광역시 미추홀구,2817700000,202604,1,6,56253
인천광역시 미추홀구,2817700000,202604,2,1,26910
인천광역시 미추홀구,2817700000,202604,2,2,22921
인천광역시 미추홀구,2817700000,202604,2,3,27151
인천광역시 미추홀구,2817700000,202604,2,4,28935
인천광역시 미추홀구,2817700000,202604,2,5,33496
인천광역시 미추홀구,2817700000,202604,2,6,68133
인천광역시 미추홀구,2817700000,202605,1,1,28403
인천광역시 미추홀구,2817700000,202605,1,2,25614
인천광역시 미추홀구,2817700000,202605,1,3,31294
인천광역시 미추홀구,2817700000,202605,1,4,33219
인천광역시 미추홀구,2817700000,202605,1,5,35211
인천광역시 미추홀구,2817700000,202605,1,6,56387
인천광역시 미추홀구,2817700000,202605,2,1,26859
인천광역시 미추홀구,2817700000,202605,2,2,22903
인천광역시 미추홀구,2817700000,202605,2,3,27144
인천광역시 미추홀구,2817700000,202605,2,4,28922
인천광역시 미추홀구,2817700000,202605,2,5,33484
인천광역시 미추홀구,2817700000,202605,2,6,68285
인천광역시 미추홀구,2817700000,202606,1,1,28441
인천광역시 미추홀구,2817700000,202606,1,2,25505
인천광역시 미추홀구,2817700000,202606,1,3,31422
인천광역시 미추홀구,2817700000,202606,1,4,33310
인천광역시 미추홀구,2817700000,202606,1,5,35166
인천광역시 미추홀구,2817700000,202606,1,6,56526
인천광역시 미추홀구,2817700000,202606,2,1,26880
인천광역시 미추홀구,2817700000,202606,2,2,22845
인천광역시 미추홀구,2817700000,202606,2,3,27294
인천광역시 미추홀구,2817700000,202606,2,4,28966
인천광역시 미추홀구,2817700000,202606,2,5,33461
인천광역시 미추홀구,2817700000,202606,2,6,68395
인천광역시 부평구,2823700000,202601,1,1,33136
인천광역시 부평구,2823700000,202601,1,2,27455
인천광역시 부평구,2823700000,202601,1,3,38535
인천광역시 부평구,2823700000,202601,1,4,36109
인천광역시 부평구,2823700000,202601,1,5,40305
인천광역시 부평구,2823700000,202601,1,6,65222
인천광역시 부평구,2823700000,202601,2,1,31152
인천광역시 부평구,2823700000,202601,2,2,27047
인천광역시 부평구,2823700000,202601,2,3,35366
인천광역시 부평구,2823700000,202601,2,4,34381
인천광역시 부평구,2823700000,202601,2,5,43261
인천광역시 부평구,2823700000,202601,2,6,78258
인천광역시 부평구,2823700000,202602,1,1,33058
인천광역시 부평구,2823700000,202602,1,2,27271
인천광역시 부평구,2823700000,202602,1,3,38457
인천광역시 부평구,2823700000,202602,1,4,36094
인천광역시 부평구,2823700000,202602,1,5,40260
인천광역시 부평구,2823700000,202602,1,6,65468
인천광역시 부평구,2823700000,202602,2,1,31045
인천광역시 부평구,2823700000,202602,2,2,26894
인천광역시 부평구,2823700000,202602,2,3,35306
인천광역시 부평구,2823700000,202602,2,4,34327
인천광역시 부평구,2823700000,202602,2,5,43188
인천광역시 부평구,2823700000,202602,2,6,78533
인천광역시 부평구,2823700000,202603,1,1,32952
인천광역시 부평구,2823700000,202603,1,2,27036
인천광역시 부평구,2823700000,202603,1,3,38469
인천광역시 부평구,2823700000,202603,1,4,35994
인천광역시 부평구,2823700000,202603,1,5,40086
인천광역시 부평구,2823700000,202603,1,6,65774
인천광역시 부평구,2823700000,202603,2,1,30955
인천광역시 부평구,2823700000,202603,2,2,26616
인천광역시 부평구,2823700000,202603,2,3,35376
인천광역시 부평구,2823700000,202603,2,4,34195
인천광역시 부평구,2823700000,202603,2,5,42947
인천광역시 부평구,2823700000,202603,2,6,78990
인천광역시 부평구,2823700000,202604,1,1,32873
인천광역시 부평구,2823700000,202604,1,2,26824
인천광역시 부평구,2823700000,202604,1,3,38529
인천광역시 부평구,2823700000,202604,1,4,35892
인천광역시 부평구,2823700000,202604,1,5,39980
인천광역시 부평구,2823700000,202604,1,6,65988
인천광역시 부평구,2823700000,202604,2,1,30921
인천광역시 부평구,2823700000,202604,2,2,26492
인천광역시 부평구,2823700000,202604,2,3,35336
인천광역시 부평구,2823700000,202604,2,4,34204
인천광역시 부평구,2823700000,202604,2,5,42871
인천광역시 부평구,2823700000,202604,2,6,79217
인천광역시 부평구,2823700000,202605,1,1,32801
인천광역시 부평구,2823700000,202605,1,2,26629
인천광역시 부평구,2823700000,202605,1,3,38553
인천광역시 부평구,2823700000,202605,1,4,35904
인천광역시 부평구,2823700000,202605,1,5,39833
인천광역시 부평구,2823700000,202605,1,6,66149
인천광역시 부평구,2823700000,202605,2,1,30862
인천광역시 부평구,2823700000,202605,2,2,26384
인천광역시 부평구,2823700000,202605,2,3,35378
인천광역시 부평구,2823700000,202605,2,4,34169
인천광역시 부평구,2823700000,202605,2,5,42753
인천광역시 부평구,2823700000,202605,2,6,79414
인천광역시 부평구,2823700000,202606,1,1,32738
인천광역시 부평구,2823700000,202606,1,2,26503
인천광역시 부평구,2823700000,202606,1,3,38483
인천광역시 부평구,2823700000,202606,1,4,35839
인천광역시 부평구,2823700000,202606,1,5,39708
인천광역시 부평구,2823700000,202606,1,6,66306
인천광역시 부평구,2823700000,202606,2,1,30789
인천광역시 부평구,2823700000,202606,2,2,26234
인천광역시 부평구,2823700000,202606,2,3,35267
인천광역시 부평구,2823700000,202606,2,4,34157
인천광역시 부평구,2823700000,202606,2,5,42654
인천광역시 부평구,2823700000,202606,2,6,79513
인천광역시 서구,2826000000,202601,1,1,61651
인천광역시 서구,2826000000,202601,1,2,35436
인천광역시 서구,2826000000,202601,1,3,51827
인천광역시 서구,2826000000,202601,1,4,58740
인천광역시 서구,2826000000,202601,1,5,54057
인천광역시 서구,2826000000,202601,1,6,67784
인천광역시 서구,2826000000,202601,2,1,58841
인천광역시 서구,2826000000,202601,2,2,34197
인천광역시 서구,2826000000,202601,2,3,50124
인천광역시 서구,2826000000,202601,2,4,54753
인천광역시 서구,2826000000,202601,2,5,53585
인천광역시 서구,2826000000,202601,2,6,74474
인천광역시 서구,2826000000,202602,1,1,61668
인천광역시 서구,2826000000,202602,1,2,35319
인천광역시 서구,2826000000,202602,1,3,51777
인천광역시 서구,2826000000,202602,1,4,58927
인천광역시 서구,2826000000,202602,1,5,54144
인천광역시 서구,2826000000,202602,1,6,68182
인천광역시 서구,2826000000,202602,2,1,58881
인천광역시 서구,2826000000,202602,2,2,34170
인천광역시 서구,2826000000,202602,2,3,50053
인천광역시 서구,2826000000,202602,2,4,54839
인천광역시 서구,2826000000,202602,2,5,53679
인천광역시 서구,2826000000,202602,2,6,74910
인천광역시 서구,2826000000,202603,1,1,61701
인천광역시 서구,2826000000,202603,1,2,35108
인천광역시 서구,2826000000,202603,1,3,52048
인천광역시 서구,2826000000,202603,1,4,58915
인천광역시 서구,2826000000,202603,1,5,54141
인천광역시 서구,2826000000,202603,1,6,68604
인천광역시 서구,2826000000,202603,2,1,58917
인천광역시 서구,2826000000,202603,2,2,34005
인천광역시 서구,2826000000,202603,2,3,50288
인천광역시 서구,2826000000,202603,2,4,54871
인천광역시 서구,2826000000,202603,2,5,53649
인천광역시 서구,2826000000,202603,2,6,75462
인천광역시 서구,2826000000,202604,1,1,61718
인천광역시 서구,2826000000,202604,1,2,35056
인천광역시 서구,2826000000,202604,1,3,52198
인천광역시 서구,2826000000,202604,1,4,58991
인천광역시 서구,2826000000,202604,1,5,54260
인천광역시 서구,2826000000,202604,1,6,68903
인천광역시 서구,2826000000,202604,2,1,58975
인천광역시 서구,2826000000,202604,2,2,33949
인천광역시 서구,2826000000,202604,2,3,50407
인천광역시 서구,2826000000,202604,2,4,54933
인천광역시 서구,2826000000,202604,2,5,53747
인천광역시 서구,2826000000,202604,2,6,75847
인천광역시 서구,2826000000,202605,1,1,61790
인천광역시 서구,2826000000,202605,1,2,34949
인천광역시 서구,2826000000,202605,1,3,52342
인천광역시 서구,2826000000,202605,1,4,59067
인천광역시 서구,2826000000,202605,1,5,54338
인천광역시 서구,2826000000,202605,1,6,69286
인천광역시 서구,2826000000,202605,2,1,59068
인천광역시 서구,2826000000,202605,2,2,33900
인천광역시 서구,2826000000,202605,2,3,50604
인천광역시 서구,2826000000,202605,2,4,55026
인천광역시 서구,2826000000,202605,2,5,53895
인천광역시 서구,2826000000,202605,2,6,76199
인천광역시 서구,2826000000,202606,1,1,61968
인천광역시 서구,2826000000,202606,1,2,34976
인천광역시 서구,2826000000,202606,1,3,52739
인천광역시 서구,2826000000,202606,1,4,59270
인천광역시 서구,2826000000,202606,1,5,54425
인천광역시 서구,2826000000,202606,1,6,69617
인천광역시 서구,2826000000,202606,2,1,59222
인천광역시 서구,2826000000,202606,2,2,33943
인천광역시 서구,2826000000,202606,2,3,50923
인천광역시 서구,2826000000,202606,2,4,55260
인천광역시 서구,2826000000,202606,2,5,53987
인천광역시 서구,2826000000,202606,2,6,76545
인천광역시 연수구,2818500000,202601,1,1,40974
인천광역시 연수구,2818500000,202601,1,2,23246
인천광역시 연수구,2818500000,202601,1,3,28365
인천광역시 연수구,2818500000,202601,1,4,35001
인천광역시 연수구,2818500000,202601,1,5,33449
인천광역시 연수구,2818500000,202601,1,6,41684
인천광역시 연수구,2818500000,202601,2,1,39265
인천광역시 연수구,2818500000,202601,2,2,21867
인천광역시 연수구,2818500000,202601,2,3,28715
인천광역시 연수구,2818500000,202601,2,4,36096
인천광역시 연수구,2818500000,202601,2,5,34849
인천광역시 연수구,2818500000,202601,2,6,46303
인천광역시 연수구,2818500000,202602,1,1,40976
인천광역시 연수구,2818500000,202602,1,2,23051
인천광역시 연수구,2818500000,202602,1,3,28350
인천광역시 연수구,2818500000,202602,1,4,35074
인천광역시 연수구,2818500000,202602,1,5,33453
인천광역시 연수구,2818500000,202602,1,6,41912
인천광역시 연수구,2818500000,202602,2,1,39227
인천광역시 연수구,2818500000,202602,2,2,21754
인천광역시 연수구,2818500000,202602,2,3,28711
인천광역시 연수구,2818500000,202602,2,4,36137
인천광역시 연수구,2818500000,202602,2,5,34868
인천광역시 연수구,2818500000,202602,2,6,46527
인천광역시 연수구,2818500000,202603,1,1,40879
인천광역시 연수구,2818500000,202603,1,2,22974
인천광역시 연수구,2818500000,202603,1,3,28390
인천광역시 연수구,2818500000,202603,1,4,35004
인천광역시 연수구,2818500000,202603,1,5,33428
인천광역시 연수구,2818500000,202603,1,6,42160
인천광역시 연수구,2818500000,202603,2,1,39138
인천광역시 연수구,2818500000,202603,2,2,21610
인천광역시 연수구,2818500000,202603,2,3,28770
인천광역시 연수구,2818500000,202603,2,4,36100
인천광역시 연수구,2818500000,202603,2,5,34759
인천광역시 연수구,2818500000,202603,2,6,46838
인천광역시 연수구,2818500000,202604,1,1,40852
인천광역시 연수구,2818500000,202604,1,2,22954
인천광역시 연수구,2818500000,202604,1,3,28397
인천광역시 연수구,2818500000,202604,1,4,34945
인천광역시 연수구,2818500000,202604,1,5,33460
인천광역시 연수구,2818500000,202604,1,6,42303
인천광역시 연수구,2818500000,202604,2,1,39127
인천광역시 연수구,2818500000,202604,2,2,21546
인천광역시 연수구,2818500000,202604,2,3,28797
인천광역시 연수구,2818500000,202604,2,4,36042
인천광역시 연수구,2818500000,202604,2,5,34764
인천광역시 연수구,2818500000,202604,2,6,47004
인천광역시 연수구,2818500000,202605,1,1,40832
인천광역시 연수구,2818500000,202605,1,2,22877
인천광역시 연수구,2818500000,202605,1,3,28493
인천광역시 연수구,2818500000,202605,1,4,34918
인천광역시 연수구,2818500000,202605,1,5,33430
인천광역시 연수구,2818500000,202605,1,6,42474
인천광역시 연수구,2818500000,202605,2,1,39084
인천광역시 연수구,2818500000,202605,2,2,21439
인천광역시 연수구,2818500000,202605,2,3,28756
인천광역시 연수구,2818500000,202605,2,4,36047
인천광역시 연수구,2818500000,202605,2,5,34763
인천광역시 연수구,2818500000,202605,2,6,47195
인천광역시 연수구,2818500000,202606,1,1,40755
인천광역시 연수구,2818500000,202606,1,2,22816
인천광역시 연수구,2818500000,202606,1,3,28492
인천광역시 연수구,2818500000,202606,1,4,34939
인천광역시 연수구,2818500000,202606,1,5,33450
인천광역시 연수구,2818500000,202606,1,6,42562
인천광역시 연수구,2818500000,202606,2,1,39054
인천광역시 연수구,2818500000,202606,2,2,21396
인천광역시 연수구,2818500000,202606,2,3,28696
인천광역시 연수구,2818500000,202606,2,4,36071
인천광역시 연수구,2818500000,202606,2,5,34741
인천광역시 연수구,2818500000,202606,2,6,47318
인천광역시 옹진군,2872000000,202601,1,1,717
인천광역시 옹진군,2872000000,202601,1,2,1540
인천광역시 옹진군,2872000000,202601,1,3,1113
인천광역시 옹진군,2872000000,202601,1,4,1198
인천광역시 옹진군,2872000000,202601,1,5,1830
인천광역시 옹진군,2872000000,202601,1,6,4766
인천광역시 옹진군,2872000000,202601,2,1,687
인천광역시 옹진군,2872000000,202601,2,2,621
인천광역시 옹진군,2872000000,202601,2,3,510
인천광역시 옹진군,2872000000,202601,2,4,684
인천광역시 옹진군,2872000000,202601,2,5,1246
인천광역시 옹진군,2872000000,202601,2,6,4647
인천광역시 옹진군,2872000000,202602,1,1,693
인천광역시 옹진군,2872000000,202602,1,2,1519
인천광역시 옹진군,2872000000,202602,1,3,1099
인천광역시 옹진군,2872000000,202602,1,4,1185
인천광역시 옹진군,2872000000,202602,1,5,1817
인천광역시 옹진군,2872000000,202602,1,6,4776
인천광역시 옹진군,2872000000,202602,2,1,677
인천광역시 옹진군,2872000000,202602,2,2,610
인천광역시 옹진군,2872000000,202602,2,3,502
인천광역시 옹진군,2872000000,202602,2,4,677
인천광역시 옹진군,2872000000,202602,2,5,1245
인천광역시 옹진군,2872000000,202602,2,6,4655
인천광역시 옹진군,2872000000,202603,1,1,700
인천광역시 옹진군,2872000000,202603,1,2,1498
인천광역시 옹진군,2872000000,202603,1,3,1093
인천광역시 옹진군,2872000000,202603,1,4,1173
인천광역시 옹진군,2872000000,202603,1,5,1810
인천광역시 옹진군,2872000000,202603,1,6,4789
인천광역시 옹진군,2872000000,202603,2,1,678
인천광역시 옹진군,2872000000,202603,2,2,608
인천광역시 옹진군,2872000000,202603,2,3,502
인천광역시 옹진군,2872000000,202603,2,4,677
인천광역시 옹진군,2872000000,202603,2,5,1237
인천광역시 옹진군,2872000000,202603,2,6,4660
인천광역시 옹진군,2872000000,202604,1,1,700
인천광역시 옹진군,2872000000,202604,1,2,1486
인천광역시 옹진군,2872000000,202604,1,3,1094
인천광역시 옹진군,2872000000,202604,1,4,1174
인천광역시 옹진군,2872000000,202604,1,5,1791
인천광역시 옹진군,2872000000,202604,1,6,4807
인천광역시 옹진군,2872000000,202604,2,1,669
인천광역시 옹진군,2872000000,202604,2,2,602
인천광역시 옹진군,2872000000,202604,2,3,501
인천광역시 옹진군,2872000000,202604,2,4,676
인천광역시 옹진군,2872000000,202604,2,5,1232
인천광역시 옹진군,2872000000,202604,2,6,4665
인천광역시 옹진군,2872000000,202605,1,1,699
인천광역시 옹진군,2872000000,202605,1,2,1460
인천광역시 옹진군,2872000000,202605,1,3,1096
인천광역시 옹진군,2872000000,202605,1,4,1164
인천광역시 옹진군,2872000000,202605,1,5,1801
인천광역시 옹진군,2872000000,202605,1,6,4820
인천광역시 옹진군,2872000000,202605,2,1,666
인천광역시 옹진군,2872000000,202605,2,2,593
인천광역시 옹진군,2872000000,202605,2,3,495
인천광역시 옹진군,2872000000,202605,2,4,675
인천광역시 옹진군,2872000000,202605,2,5,1227
인천광역시 옹진군,2872000000,202605,2,6,4680
인천광역시 옹진군,2872000000,202606,1,1,702
인천광역시 옹진군,2872000000,202606,1,2,1453
인천광역시 옹진군,2872000000,202606,1,3,1076
인천광역시 옹진군,2872000000,202606,1,4,1162
인천광역시 옹진군,2872000000,202606,1,5,1811
인천광역시 옹진군,2872000000,202606,1,6,4821
인천광역시 옹진군,2872000000,202606,2,1,650
인천광역시 옹진군,2872000000,202606,2,2,599
인천광역시 옹진군,2872000000,202606,2,3,490
인천광역시 옹진군,2872000000,202606,2,4,675
인천광역시 옹진군,2872000000,202606,2,5,1222
인천광역시 옹진군,2872000000,202606,2,6,4679
인천광역시 중구,2811000000,202601,1,1,14809
인천광역시 중구,2811000000,202601,1,2,11024
인천광역시 중구,2811000000,202601,1,3,15917
인천광역시 중구,2811000000,202601,1,4,15848
인천광역시 중구,2811000000,202601,1,5,14877
인천광역시 중구,2811000000,202601,1,6,19189
인천광역시 중구,2811000000,202601,2,1,14049
인천광역시 중구,2811000000,202601,2,2,10821
인천광역시 중구,2811000000,202601,2,3,13407
인천광역시 중구,2811000000,202601,2,4,13725
인천광역시 중구,2811000000,202601,2,5,12295
인천광역시 중구,2811000000,202601,2,6,21129
인천광역시 중구,2811000000,202602,1,1,14834
인천광역시 중구,2811000000,202602,1,2,11035
인천광역시 중구,2811000000,202602,1,3,15907
인천광역시 중구,2811000000,202602,1,4,15870
인천광역시 중구,2811000000,202602,1,5,14979
인천광역시 중구,2811000000,202602,1,6,19298
인천광역시 중구,2811000000,202602,2,1,14069
인천광역시 중구,2811000000,202602,2,2,10839
인천광역시 중구,2811000000,202602,2,3,13390
인천광역시 중구,2811000000,202602,2,4,13732
인천광역시 중구,2811000000,202602,2,5,12312
인천광역시 중구,2811000000,202602,2,6,21260
인천광역시 중구,2811000000,202603,1,1,14816
인천광역시 중구,2811000000,202603,1,2,11045
인천광역시 중구,2811000000,202603,1,3,15936
인천광역시 중구,2811000000,202603,1,4,15890
인천광역시 중구,2811000000,202603,1,5,14942
인천광역시 중구,2811000000,202603,1,6,19458
인천광역시 중구,2811000000,202603,2,1,14105
인천광역시 중구,2811000000,202603,2,2,10885
인천광역시 중구,2811000000,202603,2,3,13349
인천광역시 중구,2811000000,202603,2,4,13730
인천광역시 중구,2811000000,202603,2,5,12333
인천광역시 중구,2811000000,202603,2,6,21359
인천광역시 중구,2811000000,202604,1,1,14823
인천광역시 중구,2811000000,202604,1,2,11066
인천광역시 중구,2811000000,202604,1,3,15938
인천광역시 중구,2811000000,202604,1,4,15867
인천광역시 중구,2811000000,202604,1,5,14992
인천광역시 중구,2811000000,202604,1,6,19539
인천광역시 중구,2811000000,202604,2,1,14117
인천광역시 중구,2811000000,202604,2,2,10887
인천광역시 중구,2811000000,202604,2,3,13372
인천광역시 중구,2811000000,202604,2,4,13732
인천광역시 중구,2811000000,202604,2,5,12351
인천광역시 중구,2811000000,202604,2,6,21461
인천광역시 중구,2811000000,202605,1,1,14849
인천광역시 중구,2811000000,202605,1,2,11049
인천광역시 중구,2811000000,202605,1,3,15949
인천광역시 중구,2811000000,202605,1,4,15864
인천광역시 중구,2811000000,202605,1,5,15067
인천광역시 중구,2811000000,202605,1,6,19600
인천광역시 중구,2811000000,202605,2,1,14139
인천광역시 중구,2811000000,202605,2,2,10853
인천광역시 중구,2811000000,202605,2,3,13429
인천광역시 중구,2811000000,202605,2,4,13746
인천광역시 중구,2811000000,202605,2,5,12390
인천광역시 중구,2811000000,202605,2,6,21555
인천광역시 중구,2811000000,202606,1,1,14842
인천광역시 중구,2811000000,202606,1,2,11099
인천광역시 중구,2811000000,202606,1,3,15969
인천광역시 중구,2811000000,202606,1,4,15920
인천광역시 중구,2811000000,202606,1,5,15126
인천광역시 중구,2811000000,202606,1,6,19676
인천광역시 중구,2811000000,202606,2,1,14147
인천광역시 중구,2811000000,202606,2,2,10906
인천광역시 중구,2811000000,202606,2,3,13446
인천광역시 중구,2811000000,202606,2,4,13823
인천광역시 중구,2811000000,202606,2,5,12426
인천광역시 중구,2811000000,202606,2,6,21650
전라남도 강진군,4681000000,202601,1,1,1753
전라남도 강진군,4681000000,202601,1,2,1213
전라남도 강진군,4681000000,202601,1,3,1143
전라남도 강진군,4681000000,202601,1,4,1589
전라남도 강진군,4681000000,202601,1,5,2724
전라남도 강진군,4681000000,202601,1,6,7190
전라남도 강진군,4681000000,202601,2,1,1711
전라남도 강진군,4681000000,202601,2,2,922
전라남도 강진군,4681000000,202601,2,3,993
전라남도 강진군,4681000000,202601,2,4,1367
전라남도 강진군,4681000000,202601,2,5,2209
전라남도 강진군,4681000000,202601,2,6,8990
전라남도 강진군,4681000000,202602,1,1,1757
전라남도 강진군,4681000000,202602,1,2,1201
전라남도 강진군,4681000000,202602,1,3,1123
전라남도 강진군,4681000000,202602,1,4,1606
전라남도 강진군,4681000000,202602,1,5,2718
전라남도 강진군,4681000000,202602,1,6,7190
전라남도 강진군,4681000000,202602,2,1,1705
전라남도 강진군,4681000000,202602,2,2,917
전라남도 강진군,4681000000,202602,2,3,982
전라남도 강진군,4681000000,202602,2,4,1373
전라남도 강진군,4681000000,202602,2,5,2211
전라남도 강진군,4681000000,202602,2,6,8976
전라남도 강진군,4681000000,202603,1,1,1751
전라남도 강진군,4681000000,202603,1,2,1194
전라남도 강진군,4681000000,202603,1,3,1132
전라남도 강진군,4681000000,202603,1,4,1601
전라남도 강진군,4681000000,202603,1,5,2701
전라남도 강진군,4681000000,202603,1,6,7223
전라남도 강진군,4681000000,202603,2,1,1706
전라남도 강진군,4681000000,202603,2,2,917
전라남도 강진군,4681000000,202603,2,3,991
전라남도 강진군,4681000000,202603,2,4,1369
전라남도 강진군,4681000000,202603,2,5,2184
전라남도 강진군,4681000000,202603,2,6,9007
전라남도 강진군,4681000000,202604,1,1,1751
전라남도 강진군,4681000000,202604,1,2,1193
전라남도 강진군,4681000000,202604,1,3,1151
전라남도 강진군,4681000000,202604,1,4,1592
전라남도 강진군,4681000000,202604,1,5,2686
전라남도 강진군,4681000000,202604,1,6,7245
전라남도 강진군,4681000000,202604,2,1,1701
전라남도 강진군,4681000000,202604,2,2,903
전라남도 강진군,4681000000,202604,2,3,1005
전라남도 강진군,4681000000,202604,2,4,1364
전라남도 강진군,4681000000,202604,2,5,2181
전라남도 강진군,4681000000,202604,2,6,9015
전라남도 강진군,4681000000,202605,1,1,1745
전라남도 강진군,4681000000,202605,1,2,1176
전라남도 강진군,4681000000,202605,1,3,1156
전라남도 강진군,4681000000,202605,1,4,1582
전라남도 강진군,4681000000,202605,1,5,2678
전라남도 강진군,4681000000,202605,1,6,7276
전라남도 강진군,4681000000,202605,2,1,1693
전라남도 강진군,4681000000,202605,2,2,891
전라남도 강진군,4681000000,202605,2,3,1008
전라남도 강진군,4681000000,202605,2,4,1362
전라남도 강진군,4681000000,202605,2,5,2174
전라남도 강진군,4681000000,202605,2,6,9005
전라남도 강진군,4681000000,202606,1,1,1729
전라남도 강진군,4681000000,202606,1,2,1176
전라남도 강진군,4681000000,202606,1,3,1147
전라남도 강진군,4681000000,202606,1,4,1576
전라남도 강진군,4681000000,202606,1,5,2680
전라남도 강진군,4681000000,202606,1,6,7285
전라남도 강진군,4681000000,202606,2,1,1685
전라남도 강진군,4681000000,202606,2,2,893
전라남도 강진군,4681000000,202606,2,3,989
전라남도 강진군,4681000000,202606,2,4,1365
전라남도 강진군,4681000000,202606,2,5,2160
전라남도 강진군,4681000000,202606,2,6,8981
전라남도 고흥군,4677000000,202601,1,1,2534
전라남도 고흥군,4677000000,202601,1,2,1803
전라남도 고흥군,4677000000,202601,1,3,1668
전라남도 고흥군,4677000000,202601,1,4,2776
전라남도 고흥군,4677000000,202601,1,5,5261
전라남도 고흥군,4677000000,202601,1,6,15385
전라남도 고흥군,4677000000,202601,2,1,2366
전라남도 고흥군,4677000000,202601,2,2,1263
전라남도 고흥군,4677000000,202601,2,3,1391
전라남도 고흥군,4677000000,202601,2,4,2159
전라남도 고흥군,4677000000,202601,2,5,3762
전라남도 고흥군,4677000000,202601,2,6,19026
전라남도 고흥군,4677000000,202602,1,1,2522
전라남도 고흥군,4677000000,202602,1,2,1788
전라남도 고흥군,4677000000,202602,1,3,1664
전라남도 고흥군,4677000000,202602,1,4,2773
전라남도 고흥군,4677000000,202602,1,5,5245
전라남도 고흥군,4677000000,202602,1,6,15406
전라남도 고흥군,4677000000,202602,2,1,2355
전라남도 고흥군,4677000000,202602,2,2,1257
전라남도 고흥군,4677000000,202602,2,3,1373
전라남도 고흥군,4677000000,202602,2,4,2158
전라남도 고흥군,4677000000,202602,2,5,3742
전라남도 고흥군,4677000000,202602,2,6,19034
전라남도 고흥군,4677000000,202603,1,1,2508
전라남도 고흥군,4677000000,202603,1,2,1756
전라남도 고흥군,4677000000,202603,1,3,1666
전라남도 고흥군,4677000000,202603,1,4,2764
전라남도 고흥군,4677000000,202603,1,5,5216
전라남도 고흥군,4677000000,202603,1,6,15455
전라남도 고흥군,4677000000,202603,2,1,2344
전라남도 고흥군,4677000000,202603,2,2,1219
전라남도 고흥군,4677000000,202603,2,3,1387
전라남도 고흥군,4677000000,202603,2,4,2150
전라남도 고흥군,4677000000,202603,2,5,3698
전라남도 고흥군,4677000000,202603,2,6,19031
전라남도 고흥군,4677000000,202604,1,1,2496
전라남도 고흥군,4677000000,202604,1,2,1743
전라남도 고흥군,4677000000,202604,1,3,1675
전라남도 고흥군,4677000000,202604,1,4,2765
전라남도 고흥군,4677000000,202604,1,5,5201
전라남도 고흥군,4677000000,202604,1,6,15483
전라남도 고흥군,4677000000,202604,2,1,2329
전라남도 고흥군,4677000000,202604,2,2,1209
전라남도 고흥군,4677000000,202604,2,3,1382
전라남도 고흥군,4677000000,202604,2,4,2138
전라남도 고흥군,4677000000,202604,2,5,3687
전라남도 고흥군,4677000000,202604,2,6,19020
전라남도 고흥군,4677000000,202605,1,1,2493
전라남도 고흥군,4677000000,202605,1,2,1718
전라남도 고흥군,4677000000,202605,1,3,1671
전라남도 고흥군,4677000000,202605,1,4,2760
전라남도 고흥군,4677000000,202605,1,5,5200
전라남도 고흥군,4677000000,202605,1,6,15482
전라남도 고흥군,4677000000,202605,2,1,2311
전라남도 고흥군,4677000000,202605,2,2,1199
전라남도 고흥군,4677000000,202605,2,3,1380
전라남도 고흥군,4677000000,202605,2,4,2130
전라남도 고흥군,4677000000,202605,2,5,3676
전라남도 고흥군,4677000000,202605,2,6,19027
전라남도 고흥군,4677000000,202606,1,1,2484
전라남도 고흥군,4677000000,202606,1,2,1712
전라남도 고흥군,4677000000,202606,1,3,1677
전라남도 고흥군,4677000000,202606,1,4,2747
전라남도 고흥군,4677000000,202606,1,5,5173
전라남도 고흥군,4677000000,202606,1,6,15496
전라남도 고흥군,4677000000,202606,2,1,2297
전라남도 고흥군,4677000000,202606,2,2,1193
전라남도 고흥군,4677000000,202606,2,3,1393
전라남도 고흥군,4677000000,202606,2,4,2119
전라남도 고흥군,4677000000,202606,2,5,3669
전라남도 고흥군,4677000000,202606,2,6,19016
전라남도 곡성군,4672000000,202601,1,1,1217
전라남도 곡성군,4672000000,202601,1,2,1023
전라남도 곡성군,4672000000,202601,1,3,905
전라남도 곡성군,4672000000,202601,1,4,1321
전라남도 곡성군,4672000000,202601,1,5,2558
전라남도 곡성군,4672000000,202601,1,6,6617
전라남도 곡성군,4672000000,202601,2,1,1120
전라남도 곡성군,4672000000,202601,2,2,825
전라남도 곡성군,4672000000,202601,2,3,848
전라남도 곡성군,4672000000,202601,2,4,1098
전라남도 곡성군,4672000000,202601,2,5,2103
전라남도 곡성군,4672000000,202601,2,6,7791
전라남도 곡성군,4672000000,202602,1,1,1219
전라남도 곡성군,4672000000,202602,1,2,1028
전라남도 곡성군,4672000000,202602,1,3,913
전라남도 곡성군,4672000000,202602,1,4,1321
전라남도 곡성군,4672000000,202602,1,5,2564
전라남도 곡성군,4672000000,202602,1,6,6652
전라남도 곡성군,4672000000,202602,2,1,1127
전라남도 곡성군,4672000000,202602,2,2,798
전라남도 곡성군,4672000000,202602,2,3,862
전라남도 곡성군,4672000000,202602,2,4,1101
전라남도 곡성군,4672000000,202602,2,5,2119
전라남도 곡성군,4672000000,202602,2,6,7795
전라남도 곡성군,4672000000,202603,1,1,1235
전라남도 곡성군,4672000000,202603,1,2,1022
전라남도 곡성군,4672000000,202603,1,3,929
전라남도 곡성군,4672000000,202603,1,4,1309
전라남도 곡성군,4672000000,202603,1,5,2560
전라남도 곡성군,4672000000,202603,1,6,6696
전라남도 곡성군,4672000000,202603,2,1,1122
전라남도 곡성군,4672000000,202603,2,2,797
전라남도 곡성군,4672000000,202603,2,3,865
전라남도 곡성군,4672000000,202603,2,4,1105
전라남도 곡성군,4672000000,202603,2,5,2097
전라남도 곡성군,4672000000,202603,2,6,7845
전라남도 곡성군,4672000000,202604,1,1,1237
전라남도 곡성군,4672000000,202604,1,2,1030
전라남도 곡성군,4672000000,202604,1,3,930
전라남도 곡성군,4672000000,202604,1,4,1296
전라남도 곡성군,4672000000,202604,1,5,2562
전라남도 곡성군,4672000000,202604,1,6,6728
전라남도 곡성군,4672000000,202604,2,1,1133
전라남도 곡성군,4672000000,202604,2,2,790
전라남도 곡성군,4672000000,202604,2,3,875
전라남도 곡성군,4672000000,202604,2,4,1104
전라남도 곡성군,4672000000,202604,2,5,2095
전라남도 곡성군,4672000000,202604,2,6,7864
전라남도 곡성군,4672000000,202605,1,1,1234
전라남도 곡성군,4672000000,202605,1,2,1024
전라남도 곡성군,4672000000,202605,1,3,937
전라남도 곡성군,4672000000,202605,1,4,1280
전라남도 곡성군,4672000000,202605,1,5,2569
전라남도 곡성군,4672000000,202605,1,6,6746
전라남도 곡성군,4672000000,202605,2,1,1128
전라남도 곡성군,4672000000,202605,2,2,786
전라남도 곡성군,4672000000,202605,2,3,877
전라남도 곡성군,4672000000,202605,2,4,1096
전라남도 곡성군,4672000000,202605,2,5,2089
전라남도 곡성군,4672000000,202605,2,6,7877
전라남도 곡성군,4672000000,202606,1,1,1232
전라남도 곡성군,4672000000,202606,1,2,1023
전라남도 곡성군,4672000000,202606,1,3,938
전라남도 곡성군,4672000000,202606,1,4,1277
전라남도 곡성군,4672000000,202606,1,5,2573
전라남도 곡성군,4672000000,202606,1,6,6771
전라남도 곡성군,4672000000,202606,2,1,1121
전라남도 곡성군,4672000000,202606,2,2,775
전라남도 곡성군,4672000000,202606,2,3,873
전라남도 곡성군,4672000000,202606,2,4,1098
전라남도 곡성군,4672000000,202606,2,5,2081
전라남도 곡성군,4672000000,202606,2,6,7895
전라남도 광양시,4623000000,202601,1,1,13607
전라남도 광양시,4623000000,202601,1,2,9242
전라남도 광양시,4623000000,202601,1,3,11146
전라남도 광양시,4623000000,202601,1,4,11972
전라남도 광양시,4623000000,202601,1,5,15592
전라남도 광양시,4623000000,202601,1,6,20029
전라남도 광양시,4623000000,202601,2,1,13051
전라남도 광양시,4623000000,202601,2,2,6724
전라남도 광양시,4623000000,202601,2,3,8889
전라남도 광양시,4623000000,202601,2,4,10518
전라남도 광양시,4623000000,202601,2,5,14198
전라남도 광양시,4623000000,202601,2,6,20529
전라남도 광양시,4623000000,202602,1,1,13626
전라남도 광양시,4623000000,202602,1,2,9201
전라남도 광양시,4623000000,202602,1,3,11159
전라남도 광양시,4623000000,202602,1,4,11969
전라남도 광양시,4623000000,202602,1,5,15588
전라남도 광양시,4623000000,202602,1,6,20155
전라남도 광양시,4623000000,202602,2,1,13033
전라남도 광양시,4623000000,202602,2,2,6694
전라남도 광양시,4623000000,202602,2,3,8917
전라남도 광양시,4623000000,202602,2,4,10522
전라남도 광양시,4623000000,202602,2,5,14200
전라남도 광양시,4623000000,202602,2,6,20608
전라남도 광양시,4623000000,202603,1,1,13620
전라남도 광양시,4623000000,202603,1,2,9162
전라남도 광양시,4623000000,202603,1,3,11184
전라남도 광양시,4623000000,202603,1,4,11932
전라남도 광양시,4623000000,202603,1,5,15487
전라남도 광양시,4623000000,202603,1,6,20345
전라남도 광양시,4623000000,202603,2,1,13008
전라남도 광양시,4623000000,202603,2,2,6648
전라남도 광양시,4623000000,202603,2,3,8969
전라남도 광양시,4623000000,202603,2,4,10476
전라남도 광양시,4623000000,202603,2,5,14139
전라남도 광양시,4623000000,202603,2,6,20729
전라남도 광양시,4623000000,202604,1,1,13613
전라남도 광양시,4623000000,202604,1,2,9115
전라남도 광양시,4623000000,202604,1,3,11221
전라남도 광양시,4623000000,202604,1,4,11935
전라남도 광양시,4623000000,202604,1,5,15439
전라남도 광양시,4623000000,202604,1,6,20474
전라남도 광양시,4623000000,202604,2,1,13014
전라남도 광양시,4623000000,202604,2,2,6617
전라남도 광양시,4623000000,202604,2,3,8991
전라남도 광양시,4623000000,202604,2,4,10461
전라남도 광양시,4623000000,202604,2,5,14118
전라남도 광양시,4623000000,202604,2,6,20817
전라남도 광양시,4623000000,202605,1,1,13606
전라남도 광양시,4623000000,202605,1,2,9040
전라남도 광양시,4623000000,202605,1,3,11272
전라남도 광양시,4623000000,202605,1,4,11921
전라남도 광양시,4623000000,202605,1,5,15380
전라남도 광양시,4623000000,202605,1,6,20602
전라남도 광양시,4623000000,202605,2,1,13006
전라남도 광양시,4623000000,202605,2,2,6579
전라남도 광양시,4623000000,202605,2,3,9007
전라남도 광양시,4623000000,202605,2,4,10455
전라남도 광양시,4623000000,202605,2,5,14107
전라남도 광양시,4623000000,202605,2,6,20934
전라남도 광양시,4623000000,202606,1,1,13593
전라남도 광양시,4623000000,202606,1,2,8980
전라남도 광양시,4623000000,202606,1,3,11317
전라남도 광양시,4623000000,202606,1,4,11933
전라남도 광양시,4623000000,202606,1,5,15344
전라남도 광양시,4623000000,202606,1,6,20705
전라남도 광양시,4623000000,202606,2,1,12993
전라남도 광양시,4623000000,202606,2,2,6562
전라남도 광양시,4623000000,202606,2,3,9000
전라남도 광양시,4623000000,202606,2,4,10467
전라남도 광양시,4623000000,202606,2,5,14091
전라남도 광양시,4623000000,202606,2,6,20990
전라남도 구례군,4673000000,202601,1,1,1142
전라남도 구례군,4673000000,202601,1,2,825
전라남도 구례군,4673000000,202601,1,3,648
전라남도 구례군,4673000000,202601,1,4,1120
전라남도 구례군,4673000000,202601,1,5,2249
전라남도 구례군,4673000000,202601,1,6,5682
전라남도 구례군,4673000000,202601,2,1,1092
전라남도 구례군,4673000000,202601,2,2,679
전라남도 구례군,4673000000,202601,2,3,619
전라남도 구례군,4673000000,202601,2,4,1049
전라남도 구례군,4673000000,202601,2,5,1858
전라남도 구례군,4673000000,202601,2,6,6903
전라남도 구례군,4673000000,202602,1,1,1140
전라남도 구례군,4673000000,202602,1,2,823
전라남도 구례군,4673000000,202602,1,3,643
전라남도 구례군,4673000000,202602,1,4,1121
전라남도 구례군,4673000000,202602,1,5,2263
전라남도 구례군,4673000000,202602,1,6,5691
전라남도 구례군,4673000000,202602,2,1,1102
전라남도 구례군,4673000000,202602,2,2,671
전라남도 구례군,4673000000,202602,2,3,611
전라남도 구례군,4673000000,202602,2,4,1064
전라남도 구례군,4673000000,202602,2,5,1858
전라남도 구례군,4673000000,202602,2,6,6917
전라남도 구례군,4673000000,202603,1,1,1139
전라남도 구례군,4673000000,202603,1,2,826
전라남도 구례군,4673000000,202603,1,3,647
전라남도 구례군,4673000000,202603,1,4,1113
전라남도 구례군,4673000000,202603,1,5,2259
전라남도 구례군,4673000000,202603,1,6,5719
전라남도 구례군,4673000000,202603,2,1,1100
전라남도 구례군,4673000000,202603,2,2,675
전라남도 구례군,4673000000,202603,2,3,612
전라남도 구례군,4673000000,202603,2,4,1049
전라남도 구례군,4673000000,202603,2,5,1863
전라남도 구례군,4673000000,202603,2,6,6939
전라남도 구례군,4673000000,202604,1,1,1135
전라남도 구례군,4673000000,202604,1,2,811
전라남도 구례군,4673000000,202604,1,3,652
전라남도 구례군,4673000000,202604,1,4,1105
전라남도 구례군,4673000000,202604,1,5,2251
전라남도 구례군,4673000000,202604,1,6,5755
전라남도 구례군,4673000000,202604,2,1,1090
전라남도 구례군,4673000000,202604,2,2,679
전라남도 구례군,4673000000,202604,2,3,607
전라남도 구례군,4673000000,202604,2,4,1055
전라남도 구례군,4673000000,202604,2,5,1863
전라남도 구례군,4673000000,202604,2,6,6952
전라남도 구례군,4673000000,202605,1,1,1131
전라남도 구례군,4673000000,202605,1,2,814
전라남도 구례군,4673000000,202605,1,3,655
전라남도 구례군,4673000000,202605,1,4,1113
전라남도 구례군,4673000000,202605,1,5,2241
전라남도 구례군,4673000000,202605,1,6,5782
전라남도 구례군,4673000000,202605,2,1,1086
전라남도 구례군,4673000000,202605,2,2,681
전라남도 구례군,4673000000,202605,2,3,606
전라남도 구례군,4673000000,202605,2,4,1060
전라남도 구례군,4673000000,202605,2,5,1866
전라남도 구례군,4673000000,202605,2,6,6960
전라남도 구례군,4673000000,202606,1,1,1127
전라남도 구례군,4673000000,202606,1,2,848
전라남도 구례군,4673000000,202606,1,3,669
전라남도 구례군,4673000000,202606,1,4,1131
전라남도 구례군,4673000000,202606,1,5,2283
전라남도 구례군,4673000000,202606,1,6,5847
전라남도 구례군,4673000000,202606,2,1,1092
전라남도 구례군,4673000000,202606,2,2,697
전라남도 구례군,4673000000,202606,2,3,623
전라남도 구례군,4673000000,202606,2,4,1081
전라남도 구례군,4673000000,202606,2,5,1908
전라남도 구례군,4673000000,202606,2,6,7031
전라남도 나주시,4617000000,202601,1,1,9756
전라남도 나주시,4617000000,202601,1,2,5315
전라남도 나주시,4617000000,202601,1,3,7380
전라남도 나주시,4617000000,202601,1,4,8790
전라남도 나주시,4617000000,202601,1,5,9619
전라남도 나주시,4617000000,202601,1,6,18372
전라남도 나주시,4617000000,202601,2,1,9177
전라남도 나주시,4617000000,202601,2,2,4717
전라남도 나주시,4617000000,202601,2,3,7160
전라남도 나주시,4617000000,202601,2,4,7766
전라남도 나주시,4617000000,202601,2,5,7788
전라남도 나주시,4617000000,202601,2,6,21188
전라남도 나주시,4617000000,202602,1,1,9731
전라남도 나주시,4617000000,202602,1,2,5283
전라남도 나주시,4617000000,202602,1,3,7386
전라남도 나주시,4617000000,202602,1,4,8764
전라남도 나주시,4617000000,202602,1,5,9613
전라남도 나주시,4617000000,202602,1,6,18433
전라남도 나주시,4617000000,202602,2,1,9163
전라남도 나주시,4617000000,202602,2,2,4698
전라남도 나주시,4617000000,202602,2,3,7129
전라남도 나주시,4617000000,202602,2,4,7768
전라남도 나주시,4617000000,202602,2,5,7782
전라남도 나주시,4617000000,202602,2,6,21190
전라남도 나주시,4617000000,202603,1,1,9724
전라남도 나주시,4617000000,202603,1,2,5246
전라남도 나주시,4617000000,202603,1,3,7398
전라남도 나주시,4617000000,202603,1,4,8724
전라남도 나주시,4617000000,202603,1,5,9556
전라남도 나주시,4617000000,202603,1,6,18522
전라남도 나주시,4617000000,202603,2,1,9143
전라남도 나주시,4617000000,202603,2,2,4642
전라남도 나주시,4617000000,202603,2,3,7153
전라남도 나주시,4617000000,202603,2,4,7734
전라남도 나주시,4617000000,202603,2,5,7770
전라남도 나주시,4617000000,202603,2,6,21218
전라남도 나주시,4617000000,202604,1,1,9729
전라남도 나주시,4617000000,202604,1,2,5205
전라남도 나주시,4617000000,202604,1,3,7396
전라남도 나주시,4617000000,202604,1,4,8698
전라남도 나주시,4617000000,202604,1,5,9557
전라남도 나주시,4617000000,202604,1,6,18585
전라남도 나주시,4617000000,202604,2,1,9150
전라남도 나주시,4617000000,202604,2,2,4602
전라남도 나주시,4617000000,202604,2,3,7161
전라남도 나주시,4617000000,202604,2,4,7711
전라남도 나주시,4617000000,202604,2,5,7758
전라남도 나주시,4617000000,202604,2,6,21265
전라남도 나주시,4617000000,202605,1,1,9709
전라남도 나주시,4617000000,202605,1,2,5197
전라남도 나주시,4617000000,202605,1,3,7405
전라남도 나주시,4617000000,202605,1,4,8646
전라남도 나주시,4617000000,202605,1,5,9559
전라남도 나주시,4617000000,202605,1,6,18619
전라남도 나주시,4617000000,202605,2,1,9129
전라남도 나주시,4617000000,202605,2,2,4593
전라남도 나주시,4617000000,202605,2,3,7182
전라남도 나주시,4617000000,202605,2,4,7700
전라남도 나주시,4617000000,202605,2,5,7734
전라남도 나주시,4617000000,202605,2,6,21318
전라남도 나주시,4617000000,202606,1,1,9710
전라남도 나주시,4617000000,202606,1,2,5178
전라남도 나주시,4617000000,202606,1,3,7417
전라남도 나주시,4617000000,202606,1,4,8623
전라남도 나주시,4617000000,202606,1,5,9523
전라남도 나주시,4617000000,202606,1,6,18625
전라남도 나주시,4617000000,202606,2,1,9124
전라남도 나주시,4617000000,202606,2,2,4558
전라남도 나주시,4617000000,202606,2,3,7190
전라남도 나주시,4617000000,202606,2,4,7704
전라남도 나주시,4617000000,202606,2,5,7703
전라남도 나주시,4617000000,202606,2,6,21336
전라남도 담양군,4671000000,202601,1,1,2335
전라남도 담양군,4671000000,202601,1,2,1824
전라남도 담양군,4671000000,202601,1,3,1637
전라남도 담양군,4671000000,202601,1,4,2331
전라남도 담양군,4671000000,202601,1,5,4107
전라남도 담양군,4671000000,202601,1,6,10056
전라남도 담양군,4671000000,202601,2,1,2142
전라남도 담양군,4671000000,202601,2,2,1360
전라남도 담양군,4671000000,202601,2,3,1532
전라남도 담양군,4671000000,202601,2,4,2000
전라남도 담양군,4671000000,202601,2,5,3420
전라남도 담양군,4671000000,202601,2,6,11396
전라남도 담양군,4671000000,202602,1,1,2325
전라남도 담양군,4671000000,202602,1,2,1821
전라남도 담양군,4671000000,202602,1,3,1634
전라남도 담양군,4671000000,202602,1,4,2322
전라남도 담양군,4671000000,202602,1,5,4097
전라남도 담양군,4671000000,202602,1,6,10096
전라남도 담양군,4671000000,202602,2,1,2128
전라남도 담양군,4671000000,202602,2,2,1337
전라남도 담양군,4671000000,202602,2,3,1516
전라남도 담양군,4671000000,202602,2,4,2018
전라남도 담양군,4671000000,202602,2,5,3407
전라남도 담양군,4671000000,202602,2,6,11407
전라남도 담양군,4671000000,202603,1,1,2323
전라남도 담양군,4671000000,202603,1,2,1792
전라남도 담양군,4671000000,202603,1,3,1650
전라남도 담양군,4671000000,202603,1,4,2317
전라남도 담양군,4671000000,202603,1,5,4084
전라남도 담양군,4671000000,202603,1,6,10153
전라남도 담양군,4671000000,202603,2,1,2116
전라남도 담양군,4671000000,202603,2,2,1306
전라남도 담양군,4671000000,202603,2,3,1535
전라남도 담양군,4671000000,202603,2,4,1986
전라남도 담양군,4671000000,202603,2,5,3400
전라남도 담양군,4671000000,202603,2,6,11439
전라남도 담양군,4671000000,202604,1,1,2311
전라남도 담양군,4671000000,202604,1,2,1779
전라남도 담양군,4671000000,202604,1,3,1653
전라남도 담양군,4671000000,202604,1,4,2309
전라남도 담양군,4671000000,202604,1,5,4073
전라남도 담양군,4671000000,202604,1,6,10188
전라남도 담양군,4671000000,202604,2,1,2120
전라남도 담양군,4671000000,202604,2,2,1311
전라남도 담양군,4671000000,202604,2,3,1534
전라남도 담양군,4671000000,202604,2,4,1993
전라남도 담양군,4671000000,202604,2,5,3404
전라남도 담양군,4671000000,202604,2,6,11484
전라남도 담양군,4671000000,202605,1,1,2308
전라남도 담양군,4671000000,202605,1,2,1773
전라남도 담양군,4671000000,202605,1,3,1650
전라남도 담양군,4671000000,202605,1,4,2302
전라남도 담양군,4671000000,202605,1,5,4064
전라남도 담양군,4671000000,202605,1,6,10209
전라남도 담양군,4671000000,202605,2,1,2107
전라남도 담양군,4671000000,202605,2,2,1292
전라남도 담양군,4671000000,202605,2,3,1525
전라남도 담양군,4671000000,202605,2,4,2001
전라남도 담양군,4671000000,202605,2,5,3380
전라남도 담양군,4671000000,202605,2,6,11501
전라남도 담양군,4671000000,202606,1,1,2301
전라남도 담양군,4671000000,202606,1,2,1766
전라남도 담양군,4671000000,202606,1,3,1646
전라남도 담양군,4671000000,202606,1,4,2290
전라남도 담양군,4671000000,202606,1,5,4044
전라남도 담양군,4671000000,202606,1,6,10221
전라남도 담양군,4671000000,202606,2,1,2103
전라남도 담양군,4671000000,202606,2,2,1285
전라남도 담양군,4671000000,202606,2,3,1515
전라남도 담양군,4671000000,202606,2,4,1997
전라남도 담양군,4671000000,202606,2,5,3367
전라남도 담양군,4671000000,202606,2,6,11496
전라남도 목포시,4611000000,202601,1,1,16158
전라남도 목포시,4611000000,202601,1,2,11381
전라남도 목포시,4611000000,202601,1,3,10228
전라남도 목포시,4611000000,202601,1,4,15722
전라남도 목포시,4611000000,202601,1,5,18740
전라남도 목포시,4611000000,202601,1,6,27997
전라남도 목포시,4611000000,202601,2,1,15357
전라남도 목포시,4611000000,202601,2,2,9539
전라남도 목포시,4611000000,202601,2,3,9187
전라남도 목포시,4611000000,202601,2,4,14934
전라남도 목포시,4611000000,202601,2,5,17445
전라남도 목포시,4611000000,202601,2,6,34856
전라남도 목포시,4611000000,202602,1,1,16053
전라남도 목포시,4611000000,202602,1,2,11283
전라남도 목포시,4611000000,202602,1,3,10138
전라남도 목포시,4611000000,202602,1,4,15670
전라남도 목포시,4611000000,202602,1,5,18747
전라남도 목포시,4611000000,202602,1,6,28077
전라남도 목포시,4611000000,202602,2,1,15247
전라남도 목포시,4611000000,202602,2,2,9429
전라남도 목포시,4611000000,202602,2,3,9119
전라남도 목포시,4611000000,202602,2,4,14902
전라남도 목포시,4611000000,202602,2,5,17441
전라남도 목포시,4611000000,202602,2,6,34919
전라남도 목포시,4611000000,202603,1,1,15930
전라남도 목포시,4611000000,202603,1,2,11194
전라남도 목포시,4611000000,202603,1,3,10137
전라남도 목포시,4611000000,202603,1,4,15575
전라남도 목포시,4611000000,202603,1,5,18704
전라남도 목포시,4611000000,202603,1,6,28150
전라남도 목포시,4611000000,202603,2,1,15083
전라남도 목포시,4611000000,202603,2,2,9374
전라남도 목포시,4611000000,202603,2,3,9091
전라남도 목포시,4611000000,202603,2,4,14821
전라남도 목포시,4611000000,202603,2,5,17371
전라남도 목포시,4611000000,202603,2,6,35012
전라남도 목포시,4611000000,202604,1,1,15860
전라남도 목포시,4611000000,202604,1,2,11110
전라남도 목포시,4611000000,202604,1,3,10157
전라남도 목포시,4611000000,202604,1,4,15483
전라남도 목포시,4611000000,202604,1,5,18682
전라남도 목포시,4611000000,202604,1,6,28200
전라남도 목포시,4611000000,202604,2,1,15013
전라남도 목포시,4611000000,202604,2,2,9309
전라남도 목포시,4611000000,202604,2,3,9097
전라남도 목포시,4611000000,202604,2,4,14762
전라남도 목포시,4611000000,202604,2,5,17327
전라남도 목포시,4611000000,202604,2,6,35116
전라남도 목포시,4611000000,202605,1,1,15786
전라남도 목포시,4611000000,202605,1,2,11099
전라남도 목포시,4611000000,202605,1,3,10127
전라남도 목포시,4611000000,202605,1,4,15451
전라남도 목포시,4611000000,202605,1,5,18643
전라남도 목포시,4611000000,202605,1,6,28250
전라남도 목포시,4611000000,202605,2,1,14932
전라남도 목포시,4611000000,202605,2,2,9268
전라남도 목포시,4611000000,202605,2,3,9087
전라남도 목포시,4611000000,202605,2,4,14697
전라남도 목포시,4611000000,202605,2,5,17319
전라남도 목포시,4611000000,202605,2,6,35154
전라남도 목포시,4611000000,202606,1,1,15736
전라남도 목포시,4611000000,202606,1,2,11051
전라남도 목포시,4611000000,202606,1,3,10136
전라남도 목포시,4611000000,202606,1,4,15413
전라남도 목포시,4611000000,202606,1,5,18601
전라남도 목포시,4611000000,202606,1,6,28284
전라남도 목포시,4611000000,202606,2,1,14871
전라남도 목포시,4611000000,202606,2,2,9255
전라남도 목포시,4611000000,202606,2,3,9077
전라남도 목포시,4611000000,202606,2,4,14659
전라남도 목포시,4611000000,202606,2,5,17280
전라남도 목포시,4611000000,202606,2,6,35161
전라남도 무안군,4684000000,202601,1,1,9295
전라남도 무안군,4684000000,202601,1,2,5050
전라남도 무안군,4684000000,202601,1,3,5656
전라남도 무안군,4684000000,202601,1,4,7787
전라남도 무안군,4684000000,202601,1,5,7739
전라남도 무안군,4684000000,202601,1,6,12635
전라남도 무안군,4684000000,202601,2,1,8975
전라남도 무안군,4684000000,202601,2,2,4242
전라남도 무안군,4684000000,202601,2,3,5689
전라남도 무안군,4684000000,202601,2,4,7395
전라남도 무안군,4684000000,202601,2,5,6613
전라남도 무안군,4684000000,202601,2,6,14634
전라남도 무안군,4684000000,202602,1,1,9302
전라남도 무안군,4684000000,202602,1,2,5003
전라남도 무안군,4684000000,202602,1,3,5628
전라남도 무안군,4684000000,202602,1,4,7788
전라남도 무안군,4684000000,202602,1,5,7731
전라남도 무안군,4684000000,202602,1,6,12689
전라남도 무안군,4684000000,202602,2,1,8959
전라남도 무안군,4684000000,202602,2,2,4225
전라남도 무안군,4684000000,202602,2,3,5682
전라남도 무안군,4684000000,202602,2,4,7395
전라남도 무안군,4684000000,202602,2,5,6612
전라남도 무안군,4684000000,202602,2,6,14682
전라남도 무안군,4684000000,202603,1,1,9295
전라남도 무안군,4684000000,202603,1,2,4999
전라남도 무안군,4684000000,202603,1,3,5651
전라남도 무안군,4684000000,202603,1,4,7772
전라남도 무안군,4684000000,202603,1,5,7702
전라남도 무안군,4684000000,202603,1,6,12764
전라남도 무안군,4684000000,202603,2,1,8955
전라남도 무안군,4684000000,202603,2,2,4209
전라남도 무안군,4684000000,202603,2,3,5687
전라남도 무안군,4684000000,202603,2,4,7387
전라남도 무안군,4684000000,202603,2,5,6610
전라남도 무안군,4684000000,202603,2,6,14701
전라남도 무안군,4684000000,202604,1,1,9280
전라남도 무안군,4684000000,202604,1,2,5024
전라남도 무안군,4684000000,202604,1,3,5669
전라남도 무안군,4684000000,202604,1,4,7768
전라남도 무안군,4684000000,202604,1,5,7715
전라남도 무안군,4684000000,202604,1,6,12776
전라남도 무안군,4684000000,202604,2,1,8967
전라남도 무안군,4684000000,202604,2,2,4215
전라남도 무안군,4684000000,202604,2,3,5693
전라남도 무안군,4684000000,202604,2,4,7382
전라남도 무안군,4684000000,202604,2,5,6604
전라남도 무안군,4684000000,202604,2,6,14716
전라남도 무안군,4684000000,202605,1,1,9273
전라남도 무안군,4684000000,202605,1,2,4985
전라남도 무안군,4684000000,202605,1,3,5693
전라남도 무안군,4684000000,202605,1,4,7750
전라남도 무안군,4684000000,202605,1,5,7715
전라남도 무안군,4684000000,202605,1,6,12788
전라남도 무안군,4684000000,202605,2,1,8983
전라남도 무안군,4684000000,202605,2,2,4208
전라남도 무안군,4684000000,202605,2,3,5687
전라남도 무안군,4684000000,202605,2,4,7397
전라남도 무안군,4684000000,202605,2,5,6598
전라남도 무안군,4684000000,202605,2,6,14730
전라남도 무안군,4684000000,202606,1,1,9251
전라남도 무안군,4684000000,202606,1,2,4955
전라남도 무안군,4684000000,202606,1,3,5672
전라남도 무안군,4684000000,202606,1,4,7719
전라남도 무안군,4684000000,202606,1,5,7712
전라남도 무안군,4684000000,202606,1,6,12802
전라남도 무안군,4684000000,202606,2,1,8988
전라남도 무안군,4684000000,202606,2,2,4176
전라남도 무안군,4684000000,202606,2,3,5684
전라남도 무안군,4684000000,202606,2,4,7383
전라남도 무안군,4684000000,202606,2,5,6592
전라남도 무안군,4684000000,202606,2,6,14725
전라남도 보성군,4678000000,202601,1,1,1685
전라남도 보성군,4678000000,202601,1,2,1223
전라남도 보성군,4678000000,202601,1,3,1094
전라남도 보성군,4678000000,202601,1,4,1729
전라남도 보성군,4678000000,202601,1,5,3313
전라남도 보성군,4678000000,202601,1,6,9129
전라남도 보성군,4678000000,202601,2,1,1627
전라남도 보성군,4678000000,202601,2,2,960
전라남도 보성군,4678000000,202601,2,3,896
전라남도 보성군,4678000000,202601,2,4,1449
전라남도 보성군,4678000000,202601,2,5,2476
전라남도 보성군,4678000000,202601,2,6,11375
전라남도 보성군,4678000000,202602,1,1,1659
전라남도 보성군,4678000000,202602,1,2,1212
전라남도 보성군,4678000000,202602,1,3,1086
전라남도 보성군,4678000000,202602,1,4,1718
전라남도 보성군,4678000000,202602,1,5,3291
전라남도 보성군,4678000000,202602,1,6,9153
전라남도 보성군,4678000000,202602,2,1,1586
전라남도 보성군,4678000000,202602,2,2,962
전라남도 보성군,4678000000,202602,2,3,872
전라남도 보성군,4678000000,202602,2,4,1445
전라남도 보성군,4678000000,202602,2,5,2467
전라남도 보성군,4678000000,202602,2,6,11368
전라남도 보성군,4678000000,202603,1,1,1646
전라남도 보성군,4678000000,202603,1,2,1190
전라남도 보성군,4678000000,202603,1,3,1076
전라남도 보성군,4678000000,202603,1,4,1701
전라남도 보성군,4678000000,202603,1,5,3277
전라남도 보성군,4678000000,202603,1,6,9180
전라남도 보성군,4678000000,202603,2,1,1572
전라남도 보성군,4678000000,202603,2,2,944
전라남도 보성군,4678000000,202603,2,3,878
전라남도 보성군,4678000000,202603,2,4,1427
전라남도 보성군,4678000000,202603,2,5,2458
전라남도 보성군,4678000000,202603,2,6,11380
전라남도 보성군,4678000000,202604,1,1,1641
전라남도 보성군,4678000000,202604,1,2,1177
전라남도 보성군,4678000000,202604,1,3,1071
전라남도 보성군,4678000000,202604,1,4,1710
전라남도 보성군,4678000000,202604,1,5,3244
전라남도 보성군,4678000000,202604,1,6,9202
전라남도 보성군,4678000000,202604,2,1,1563
전라남도 보성군,4678000000,202604,2,2,951
전라남도 보성군,4678000000,202604,2,3,875
전라남도 보성군,4678000000,202604,2,4,1421
전라남도 보성군,4678000000,202604,2,5,2453
전라남도 보성군,4678000000,202604,2,6,11375
전라남도 보성군,4678000000,202605,1,1,1639
전라남도 보성군,4678000000,202605,1,2,1165
전라남도 보성군,4678000000,202605,1,3,1080
전라남도 보성군,4678000000,202605,1,4,1701
전라남도 보성군,4678000000,202605,1,5,3234
전라남도 보성군,4678000000,202605,1,6,9238
전라남도 보성군,4678000000,202605,2,1,1559
전라남도 보성군,4678000000,202605,2,2,955
전라남도 보성군,4678000000,202605,2,3,865
전라남도 보성군,4678000000,202605,2,4,1416
전라남도 보성군,4678000000,202605,2,5,2445
전라남도 보성군,4678000000,202605,2,6,11394
전라남도 보성군,4678000000,202606,1,1,1694
전라남도 보성군,4678000000,202606,1,2,1215
전라남도 보성군,4678000000,202606,1,3,1121
전라남도 보성군,4678000000,202606,1,4,1745
전라남도 보성군,4678000000,202606,1,5,3317
전라남도 보성군,4678000000,202606,1,6,9381
전라남도 보성군,4678000000,202606,2,1,1613
전라남도 보성군,4678000000,202606,2,2,1017
전라남도 보성군,4678000000,202606,2,3,914
전라남도 보성군,4678000000,202606,2,4,1473
전라남도 보성군,4678000000,202606,2,5,2556
전라남도 보성군,4678000000,202606,2,6,11513
전라남도 순천시,4615000000,202601,1,1,23640
전라남도 순천시,4615000000,202601,1,2,16293
전라남도 순천시,4615000000,202601,1,3,17036
전라남도 순천시,4615000000,202601,1,4,19175
전라남도 순천시,4615000000,202601,1,5,23947
전라남도 순천시,4615000000,202601,1,6,37216
전라남도 순천시,4615000000,202601,2,1,22332
전라남도 순천시,4615000000,202601,2,2,13473
전라남도 순천시,4615000000,202601,2,3,15559
전라남도 순천시,4615000000,202601,2,4,19265
전라남도 순천시,4615000000,202601,2,5,24024
전라남도 순천시,4615000000,202601,2,6,43054
전라남도 순천시,4615000000,202602,1,1,23573
전라남도 순천시,4615000000,202602,1,2,16153
전라남도 순천시,4615000000,202602,1,3,17030
전라남도 순천시,4615000000,202602,1,4,19187
전라남도 순천시,4615000000,202602,1,5,23866
전라남도 순천시,4615000000,202602,1,6,37362
전라남도 순천시,4615000000,202602,2,1,22197
전라남도 순천시,4615000000,202602,2,2,13424
전라남도 순천시,4615000000,202602,2,3,15517
전라남도 순천시,4615000000,202602,2,4,19252
전라남도 순천시,4615000000,202602,2,5,24033
전라남도 순천시,4615000000,202602,2,6,43169
전라남도 순천시,4615000000,202603,1,1,23505
전라남도 순천시,4615000000,202603,1,2,16066
전라남도 순천시,4615000000,202603,1,3,17060
전라남도 순천시,4615000000,202603,1,4,19140
전라남도 순천시,4615000000,202603,1,5,23732
전라남도 순천시,4615000000,202603,1,6,37585
전라남도 순천시,4615000000,202603,2,1,22117
전라남도 순천시,4615000000,202603,2,2,13319
전라남도 순천시,4615000000,202603,2,3,15521
전라남도 순천시,4615000000,202603,2,4,19150
전라남도 순천시,4615000000,202603,2,5,23987
전라남도 순천시,4615000000,202603,2,6,43347
전라남도 순천시,4615000000,202604,1,1,23485
전라남도 순천시,4615000000,202604,1,2,16052
전라남도 순천시,4615000000,202604,1,3,17122
전라남도 순천시,4615000000,202604,1,4,19127
전라남도 순천시,4615000000,202604,1,5,23725
전라남도 순천시,4615000000,202604,1,6,37724
전라남도 순천시,4615000000,202604,2,1,22114
전라남도 순천시,4615000000,202604,2,2,13359
전라남도 순천시,4615000000,202604,2,3,15547
전라남도 순천시,4615000000,202604,2,4,19148
전라남도 순천시,4615000000,202604,2,5,23995
전라남도 순천시,4615000000,202604,2,6,43516
전라남도 순천시,4615000000,202605,1,1,23408
전라남도 순천시,4615000000,202605,1,2,15974
전라남도 순천시,4615000000,202605,1,3,17121
전라남도 순천시,4615000000,202605,1,4,19103
전라남도 순천시,4615000000,202605,1,5,23642
전라남도 순천시,4615000000,202605,1,6,37868
전라남도 순천시,4615000000,202605,2,1,22054
전라남도 순천시,4615000000,202605,2,2,13293
전라남도 순천시,4615000000,202605,2,3,15564
전라남도 순천시,4615000000,202605,2,4,19097
전라남도 순천시,4615000000,202605,2,5,23960
전라남도 순천시,4615000000,202605,2,6,43601
전라남도 순천시,4615000000,202606,1,1,23361
전라남도 순천시,4615000000,202606,1,2,15832
전라남도 순천시,4615000000,202606,1,3,17106
전라남도 순천시,4615000000,202606,1,4,19091
전라남도 순천시,4615000000,202606,1,5,23538
전라남도 순천시,4615000000,202606,1,6,37873
전라남도 순천시,4615000000,202606,2,1,22009
전라남도 순천시,4615000000,202606,2,2,13224
전라남도 순천시,4615000000,202606,2,3,15544
전라남도 순천시,4615000000,202606,2,4,19037
전라남도 순천시,4615000000,202606,2,5,23875
전라남도 순천시,4615000000,202606,2,6,43641
전라남도 신안군,4691000000,202601,1,1,2074
전라남도 신안군,4691000000,202601,1,2,1634
전라남도 신안군,4691000000,202601,1,3,1465
전라남도 신안군,4691000000,202601,1,4,2668
전라남도 신안군,4691000000,202601,1,5,4480
전라남도 신안군,4691000000,202601,1,6,10110
전라남도 신안군,4691000000,202601,2,1,1963
전라남도 신안군,4691000000,202601,2,2,1176
전라남도 신안군,4691000000,202601,2,3,994
전라남도 신안군,4691000000,202601,2,4,1662
전라남도 신안군,4691000000,202601,2,5,2869
전라남도 신안군,4691000000,202601,2,6,10755
전라남도 신안군,4691000000,202602,1,1,2067
전라남도 신안군,4691000000,202602,1,2,1635
전라남도 신안군,4691000000,202602,1,3,1463
전라남도 신안군,4691000000,202602,1,4,2680
전라남도 신안군,4691000000,202602,1,5,4495
전라남도 신안군,4691000000,202602,1,6,10133
전라남도 신안군,4691000000,202602,2,1,1951
전라남도 신안군,4691000000,202602,2,2,1194
전라남도 신안군,4691000000,202602,2,3,997
전라남도 신안군,4691000000,202602,2,4,1668
전라남도 신안군,4691000000,202602,2,5,2858
전라남도 신안군,4691000000,202602,2,6,10748
전라남도 신안군,4691000000,202603,1,1,2102
전라남도 신안군,4691000000,202603,1,2,1636
전라남도 신안군,4691000000,202603,1,3,1469
전라남도 신안군,4691000000,202603,1,4,2668
전라남도 신안군,4691000000,202603,1,5,4472
전라남도 신안군,4691000000,202603,1,6,10206
전라남도 신안군,4691000000,202603,2,1,1969
전라남도 신안군,4691000000,202603,2,2,1204
전라남도 신안군,4691000000,202603,2,3,1021
전라남도 신안군,4691000000,202603,2,4,1668
전라남도 신안군,4691000000,202603,2,5,2845
전라남도 신안군,4691000000,202603,2,6,10785
전라남도 신안군,4691000000,202604,1,1,2105
전라남도 신안군,4691000000,202604,1,2,1651
전라남도 신안군,4691000000,202604,1,3,1477
전라남도 신안군,4691000000,202604,1,4,2669
전라남도 신안군,4691000000,202604,1,5,4476
전라남도 신안군,4691000000,202604,1,6,10255
전라남도 신안군,4691000000,202604,2,1,1964
전라남도 신안군,4691000000,202604,2,2,1203
전라남도 신안군,4691000000,202604,2,3,1020
전라남도 신안군,4691000000,202604,2,4,1659
전라남도 신안군,4691000000,202604,2,5,2846
전라남도 신안군,4691000000,202604,2,6,10799
전라남도 신안군,4691000000,202605,1,1,2122
전라남도 신안군,4691000000,202605,1,2,1638
전라남도 신안군,4691000000,202605,1,3,1482
전라남도 신안군,4691000000,202605,1,4,2669
전라남도 신안군,4691000000,202605,1,5,4468
전라남도 신안군,4691000000,202605,1,6,10308
전라남도 신안군,4691000000,202605,2,1,1965
전라남도 신안군,4691000000,202605,2,2,1197
전라남도 신안군,4691000000,202605,2,3,1027
전라남도 신안군,4691000000,202605,2,4,1675
전라남도 신안군,4691000000,202605,2,5,2844
전라남도 신안군,4691000000,202605,2,6,10812
전라남도 신안군,4691000000,202606,1,1,2126
전라남도 신안군,4691000000,202606,1,2,1629
전라남도 신안군,4691000000,202606,1,3,1495
전라남도 신안군,4691000000,202606,1,4,2677
전라남도 신안군,4691000000,202606,1,5,4459
전라남도 신안군,4691000000,202606,1,6,10361
전라남도 신안군,4691000000,202606,2,1,1977
전라남도 신안군,4691000000,202606,2,2,1197
전라남도 신안군,4691000000,202606,2,3,1039
전라남도 신안군,4691000000,202606,2,4,1679
전라남도 신안군,4691000000,202606,2,5,2835
전라남도 신안군,4691000000,202606,2,6,10845
전라남도 여수시,4613000000,202601,1,1,19517
전라남도 여수시,4613000000,202601,1,2,14393
전라남도 여수시,4613000000,202601,1,3,14928
전라남도 여수시,4613000000,202601,1,4,18746
전라남도 여수시,4613000000,202601,1,5,24034
전라남도 여수시,4613000000,202601,1,6,41982
전라남도 여수시,4613000000,202601,2,1,18721
전라남도 여수시,4613000000,202601,2,2,11161
전라남도 여수시,4613000000,202601,2,3,12213
전라남도 여수시,4613000000,202601,2,4,16984
전라남도 여수시,4613000000,202601,2,5,21744
전라남도 여수시,4613000000,202601,2,6,48409
전라남도 여수시,4613000000,202602,1,1,19403
전라남도 여수시,4613000000,202602,1,2,14196
전라남도 여수시,4613000000,202602,1,3,14859
전라남도 여수시,4613000000,202602,1,4,18732
전라남도 여수시,4613000000,202602,1,5,23983
전라남도 여수시,4613000000,202602,1,6,42077
전라남도 여수시,4613000000,202602,2,1,18591
전라남도 여수시,4613000000,202602,2,2,11045
전라남도 여수시,4613000000,202602,2,3,12161
전라남도 여수시,4613000000,202602,2,4,16936
전라남도 여수시,4613000000,202602,2,5,21728
전라남도 여수시,4613000000,202602,2,6,48507
전라남도 여수시,4613000000,202603,1,1,19320
전라남도 여수시,4613000000,202603,1,2,14004
전라남도 여수시,4613000000,202603,1,3,14863
전라남도 여수시,4613000000,202603,1,4,18648
전라남도 여수시,4613000000,202603,1,5,23895
전라남도 여수시,4613000000,202603,1,6,42226
전라남도 여수시,4613000000,202603,2,1,18487
전라남도 여수시,4613000000,202603,2,2,10911
전라남도 여수시,4613000000,202603,2,3,12177
전라남도 여수시,4613000000,202603,2,4,16862
전라남도 여수시,4613000000,202603,2,5,21600
전라남도 여수시,4613000000,202603,2,6,48656
전라남도 여수시,4613000000,202604,1,1,19258
전라남도 여수시,4613000000,202604,1,2,13902
전라남도 여수시,4613000000,202604,1,3,14829
전라남도 여수시,4613000000,202604,1,4,18595
전라남도 여수시,4613000000,202604,1,5,23837
전라남도 여수시,4613000000,202604,1,6,42294
전라남도 여수시,4613000000,202604,2,1,18414
전라남도 여수시,4613000000,202604,2,2,10827
전라남도 여수시,4613000000,202604,2,3,12172
전라남도 여수시,4613000000,202604,2,4,16808
전라남도 여수시,4613000000,202604,2,5,21558
전라남도 여수시,4613000000,202604,2,6,48714
전라남도 여수시,4613000000,202605,1,1,19213
전라남도 여수시,4613000000,202605,1,2,13781
전라남도 여수시,4613000000,202605,1,3,14855
전라남도 여수시,4613000000,202605,1,4,18541
전라남도 여수시,4613000000,202605,1,5,23751
전라남도 여수시,4613000000,202605,1,6,42426
전라남도 여수시,4613000000,202605,2,1,18382
전라남도 여수시,4613000000,202605,2,2,10714
전라남도 여수시,4613000000,202605,2,3,12202
전라남도 여수시,4613000000,202605,2,4,16764
전라남도 여수시,4613000000,202605,2,5,21499
전라남도 여수시,4613000000,202605,2,6,48785
전라남도 여수시,4613000000,202606,1,1,19164
전라남도 여수시,4613000000,202606,1,2,13629
전라남도 여수시,4613000000,202606,1,3,14869
전라남도 여수시,4613000000,202606,1,4,18486
전라남도 여수시,4613000000,202606,1,5,23729
전라남도 여수시,4613000000,202606,1,6,42471
전라남도 여수시,4613000000,202606,2,1,18332
전라남도 여수시,4613000000,202606,2,2,10609
전라남도 여수시,4613000000,202606,2,3,12220
전라남도 여수시,4613000000,202606,2,4,16725
전라남도 여수시,4613000000,202606,2,5,21425
전라남도 여수시,4613000000,202606,2,6,48843
전라남도 영광군,4687000000,202601,1,1,3635
전라남도 영광군,4687000000,202601,1,2,2515
전라남도 영광군,4687000000,202601,1,3,2566
전라남도 영광군,4687000000,202601,1,4,3309
전라남도 영광군,4687000000,202601,1,5,4884
전라남도 영광군,4687000000,202601,1,6,10004
전라남도 영광군,4687000000,202601,2,1,3571
전라남도 영광군,4687000000,202601,2,2,2004
전라남도 영광군,4687000000,202601,2,3,2487
전라남도 영광군,4687000000,202601,2,4,2714
전라남도 영광군,4687000000,202601,2,5,3785
전라남도 영광군,4687000000,202601,2,6,12239
전라남도 영광군,4687000000,202602,1,1,3647
전라남도 영광군,4687000000,202602,1,2,2510
전라남도 영광군,4687000000,202602,1,3,2564
전라남도 영광군,4687000000,202602,1,4,3321
전라남도 영광군,4687000000,202602,1,5,4903
전라남도 영광군,4687000000,202602,1,6,10027
전라남도 영광군,4687000000,202602,2,1,3570
전라남도 영광군,4687000000,202602,2,2,2012
전라남도 영광군,4687000000,202602,2,3,2479
전라남도 영광군,4687000000,202602,2,4,2723
전라남도 영광군,4687000000,202602,2,5,3791
전라남도 영광군,4687000000,202602,2,6,12260
전라남도 영광군,4687000000,202603,1,1,3687
전라남도 영광군,4687000000,202603,1,2,2497
전라남도 영광군,4687000000,202603,1,3,2569
전라남도 영광군,4687000000,202603,1,4,3333
전라남도 영광군,4687000000,202603,1,5,4886
전라남도 영광군,4687000000,202603,1,6,10088
전라남도 영광군,4687000000,202603,2,1,3590
전라남도 영광군,4687000000,202603,2,2,2007
전라남도 영광군,4687000000,202603,2,3,2516
전라남도 영광군,4687000000,202603,2,4,2715
전라남도 영광군,4687000000,202603,2,5,3790
전라남도 영광군,4687000000,202603,2,6,12279
전라남도 영광군,4687000000,202604,1,1,3688
전라남도 영광군,4687000000,202604,1,2,2490
전라남도 영광군,4687000000,202604,1,3,2566
전라남도 영광군,4687000000,202604,1,4,3318
전라남도 영광군,4687000000,202604,1,5,4875
전라남도 영광군,4687000000,202604,1,6,10115
전라남도 영광군,4687000000,202604,2,1,3595
전라남도 영광군,4687000000,202604,2,2,2011
전라남도 영광군,4687000000,202604,2,3,2522
전라남도 영광군,4687000000,202604,2,4,2711
전라남도 영광군,4687000000,202604,2,5,3772
전라남도 영광군,4687000000,202604,2,6,12306
전라남도 영광군,4687000000,202605,1,1,3671
전라남도 영광군,4687000000,202605,1,2,2457
전라남도 영광군,4687000000,202605,1,3,2586
전라남도 영광군,4687000000,202605,1,4,3290
전라남도 영광군,4687000000,202605,1,5,4869
전라남도 영광군,4687000000,202605,1,6,10149
전라남도 영광군,4687000000,202605,2,1,3591
전라남도 영광군,4687000000,202605,2,2,1997
전라남도 영광군,4687000000,202605,2,3,2530
전라남도 영광군,4687000000,202605,2,4,2708
전라남도 영광군,4687000000,202605,2,5,3768
전라남도 영광군,4687000000,202605,2,6,12317
전라남도 영광군,4687000000,202606,1,1,3663
전라남도 영광군,4687000000,202606,1,2,2428
전라남도 영광군,4687000000,202606,1,3,2599
전라남도 영광군,4687000000,202606,1,4,3292
전라남도 영광군,4687000000,202606,1,5,4863
전라남도 영광군,4687000000,202606,1,6,10166
전라남도 영광군,4687000000,202606,2,1,3581
전라남도 영광군,4687000000,202606,2,2,1999
전라남도 영광군,4687000000,202606,2,3,2531
전라남도 영광군,4687000000,202606,2,4,2708
전라남도 영광군,4687000000,202606,2,5,3756
전라남도 영광군,4687000000,202606,2,6,12316
전라남도 영암군,4683000000,202601,1,1,2990
전라남도 영암군,4683000000,202601,1,2,2382
전라남도 영암군,4683000000,202601,1,3,2028
전라남도 영암군,4683000000,202601,1,4,3651
전라남도 영암군,4683000000,202601,1,5,5339
전라남도 영암군,4683000000,202601,1,6,9943
전라남도 영암군,4683000000,202601,2,1,2830
전라남도 영암군,4683000000,202601,2,2,1590
전라남도 영암군,4683000000,202601,2,3,1647
전라남도 영암군,4683000000,202601,2,4,2552
전라남도 영암군,4683000000,202601,2,5,3785
전라남도 영암군,4683000000,202601,2,6,11314
전라남도 영암군,4683000000,202602,1,1,2969
전라남도 영암군,4683000000,202602,1,2,2371
전라남도 영암군,4683000000,202602,1,3,2036
전라남도 영암군,4683000000,202602,1,4,3656
전라남도 영암군,4683000000,202602,1,5,5343
전라남도 영암군,4683000000,202602,1,6,9995
전라남도 영암군,4683000000,202602,2,1,2817
전라남도 영암군,4683000000,202602,2,2,1564
전라남도 영암군,4683000000,202602,2,3,1651
전라남도 영암군,4683000000,202602,2,4,2535
전라남도 영암군,4683000000,202602,2,5,3796
전라남도 영암군,4683000000,202602,2,6,11325
전라남도 영암군,4683000000,202603,1,1,2945
전라남도 영암군,4683000000,202603,1,2,2393
전라남도 영암군,4683000000,202603,1,3,2050
전라남도 영암군,4683000000,202603,1,4,3633
전라남도 영암군,4683000000,202603,1,5,5312
전라남도 영암군,4683000000,202603,1,6,10055
전라남도 영암군,4683000000,202603,2,1,2809
전라남도 영암군,4683000000,202603,2,2,1559
전라남도 영암군,4683000000,202603,2,3,1643
전라남도 영암군,4683000000,202603,2,4,2518
전라남도 영암군,4683000000,202603,2,5,3778
전라남도 영암군,4683000000,202603,2,6,11344
전라남도 영암군,4683000000,202604,1,1,2927
전라남도 영암군,4683000000,202604,1,2,2391
전라남도 영암군,4683000000,202604,1,3,2059
전라남도 영암군,4683000000,202604,1,4,3633
전라남도 영암군,4683000000,202604,1,5,5288
전라남도 영암군,4683000000,202604,1,6,10099
전라남도 영암군,4683000000,202604,2,1,2813
전라남도 영암군,4683000000,202604,2,2,1541
전라남도 영암군,4683000000,202604,2,3,1654
전라남도 영암군,4683000000,202604,2,4,2518
전라남도 영암군,4683000000,202604,2,5,3787
전라남도 영암군,4683000000,202604,2,6,11356
전라남도 영암군,4683000000,202605,1,1,2926
전라남도 영암군,4683000000,202605,1,2,2375
전라남도 영암군,4683000000,202605,1,3,2072
전라남도 영암군,4683000000,202605,1,4,3621
전라남도 영암군,4683000000,202605,1,5,5305
전라남도 영암군,4683000000,202605,1,6,10135
전라남도 영암군,4683000000,202605,2,1,2792
전라남도 영암군,4683000000,202605,2,2,1526
전라남도 영암군,4683000000,202605,2,3,1645
전라남도 영암군,4683000000,202605,2,4,2518
전라남도 영암군,4683000000,202605,2,5,3791
전라남도 영암군,4683000000,202605,2,6,11363
전라남도 영암군,4683000000,202606,1,1,2914
전라남도 영암군,4683000000,202606,1,2,2398
전라남도 영암군,4683000000,202606,1,3,2059
전라남도 영암군,4683000000,202606,1,4,3624
전라남도 영암군,4683000000,202606,1,5,5301
전라남도 영암군,4683000000,202606,1,6,10149
전라남도 영암군,4683000000,202606,2,1,2791
전라남도 영암군,4683000000,202606,2,2,1531
전라남도 영암군,4683000000,202606,2,3,1633
전라남도 영암군,4683000000,202606,2,4,2521
전라남도 영암군,4683000000,202606,2,5,3787
전라남도 영암군,4683000000,202606,2,6,11368
전라남도 완도군,4689000000,202601,1,1,2702
전라남도 완도군,4689000000,202601,1,2,1584
전라남도 완도군,4689000000,202601,1,3,1517
전라남도 완도군,4689000000,202601,1,4,2908
전라남도 완도군,4689000000,202601,1,5,4149
전라남도 완도군,4689000000,202601,1,6,9739
전라남도 완도군,4689000000,202601,2,1,2437
전라남도 완도군,4689000000,202601,2,2,1155
전라남도 완도군,4689000000,202601,2,3,1236
전라남도 완도군,4689000000,202601,2,4,2158
전라남도 완도군,4689000000,202601,2,5,2989
전라남도 완도군,4689000000,202601,2,6,11961
전라남도 완도군,4689000000,202602,1,1,2686
전라남도 완도군,4689000000,202602,1,2,1571
전라남도 완도군,4689000000,202602,1,3,1500
전라남도 완도군,4689000000,202602,1,4,2916
전라남도 완도군,4689000000,202602,1,5,4133
전라남도 완도군,4689000000,202602,1,6,9752
전라남도 완도군,4689000000,202602,2,1,2406
전라남도 완도군,4689000000,202602,2,2,1136
전라남도 완도군,4689000000,202602,2,3,1215
전라남도 완도군,4689000000,202602,2,4,2167
전라남도 완도군,4689000000,202602,2,5,2993
전라남도 완도군,4689000000,202602,2,6,11941
전라남도 완도군,4689000000,202603,1,1,2680
전라남도 완도군,4689000000,202603,1,2,1544
전라남도 완도군,4689000000,202603,1,3,1508
전라남도 완도군,4689000000,202603,1,4,2914
전라남도 완도군,4689000000,202603,1,5,4091
전라남도 완도군,4689000000,202603,1,6,9801
전라남도 완도군,4689000000,202603,2,1,2396
전라남도 완도군,4689000000,202603,2,2,1127
전라남도 완도군,4689000000,202603,2,3,1212
전라남도 완도군,4689000000,202603,2,4,2147
전라남도 완도군,4689000000,202603,2,5,2971
전라남도 완도군,4689000000,202603,2,6,11948
전라남도 완도군,4689000000,202604,1,1,2664
전라남도 완도군,4689000000,202604,1,2,1542
전라남도 완도군,4689000000,202604,1,3,1510
전라남도 완도군,4689000000,202604,1,4,2906
전라남도 완도군,4689000000,202604,1,5,4077
전라남도 완도군,4689000000,202604,1,6,9818
전라남도 완도군,4689000000,202604,2,1,2389
전라남도 완도군,4689000000,202604,2,2,1112
전라남도 완도군,4689000000,202604,2,3,1213
전라남도 완도군,4689000000,202604,2,4,2148
전라남도 완도군,4689000000,202604,2,5,2953
전라남도 완도군,4689000000,202604,2,6,11945
전라남도 완도군,4689000000,202605,1,1,2654
전라남도 완도군,4689000000,202605,1,2,1536
전라남도 완도군,4689000000,202605,1,3,1502
전라남도 완도군,4689000000,202605,1,4,2898
전라남도 완도군,4689000000,202605,1,5,4069
전라남도 완도군,4689000000,202605,1,6,9843
전라남도 완도군,4689000000,202605,2,1,2388
전라남도 완도군,4689000000,202605,2,2,1099
전라남도 완도군,4689000000,202605,2,3,1213
전라남도 완도군,4689000000,202605,2,4,2153
전라남도 완도군,4689000000,202605,2,5,2942
전라남도 완도군,4689000000,202605,2,6,11941
전라남도 완도군,4689000000,202606,1,1,2638
전라남도 완도군,4689000000,202606,1,2,1526
전라남도 완도군,4689000000,202606,1,3,1512
전라남도 완도군,4689000000,202606,1,4,2889
전라남도 완도군,4689000000,202606,1,5,4059
전라남도 완도군,4689000000,202606,1,6,9858
전라남도 완도군,4689000000,202606,2,1,2379
전라남도 완도군,4689000000,202606,2,2,1105
전라남도 완도군,4689000000,202606,2,3,1197
전라남도 완도군,4689000000,202606,2,4,2152
전라남도 완도군,4689000000,202606,2,5,2939
전라남도 완도군,4689000000,202606,2,6,11921
전라남도 장성군,4688000000,202601,1,1,2497
전라남도 장성군,4688000000,202601,1,2,2003
전라남도 장성군,4688000000,202601,1,3,1766
전라남도 장성군,4688000000,202601,1,4,2479
전라남도 장성군,4688000000,202601,1,5,4154
전라남도 장성군,4688000000,202601,1,6,9144
전라남도 장성군,4688000000,202601,2,1,2406
전라남도 장성군,4688000000,202601,2,2,1402
전라남도 장성군,4688000000,202601,2,3,1628
전라남도 장성군,4688000000,202601,2,4,2087
전라남도 장성군,4688000000,202601,2,5,3172
전라남도 장성군,4688000000,202601,2,6,10237
전라남도 장성군,4688000000,202602,1,1,2517
전라남도 장성군,4688000000,202602,1,2,1995
전라남도 장성군,4688000000,202602,1,3,1766
전라남도 장성군,4688000000,202602,1,4,2484
전라남도 장성군,4688000000,202602,1,5,4141
전라남도 장성군,4688000000,202602,1,6,9179
전라남도 장성군,4688000000,202602,2,1,2406
전라남도 장성군,4688000000,202602,2,2,1399
전라남도 장성군,4688000000,202602,2,3,1630
전라남도 장성군,4688000000,202602,2,4,2078
전라남도 장성군,4688000000,202602,2,5,3157
전라남도 장성군,4688000000,202602,2,6,10249
전라남도 장성군,4688000000,202603,1,1,2509
전라남도 장성군,4688000000,202603,1,2,1960
전라남도 장성군,4688000000,202603,1,3,1785
전라남도 장성군,4688000000,202603,1,4,2467
전라남도 장성군,4688000000,202603,1,5,4129
전라남도 장성군,4688000000,202603,1,6,9235
전라남도 장성군,4688000000,202603,2,1,2404
전라남도 장성군,4688000000,202603,2,2,1363
전라남도 장성군,4688000000,202603,2,3,1640
전라남도 장성군,4688000000,202603,2,4,2066
전라남도 장성군,4688000000,202603,2,5,3157
전라남도 장성군,4688000000,202603,2,6,10269
전라남도 장성군,4688000000,202604,1,1,2501
전라남도 장성군,4688000000,202604,1,2,1959
전라남도 장성군,4688000000,202604,1,3,1789
전라남도 장성군,4688000000,202604,1,4,2449
전라남도 장성군,4688000000,202604,1,5,4109
전라남도 장성군,4688000000,202604,1,6,9289
전라남도 장성군,4688000000,202604,2,1,2391
전라남도 장성군,4688000000,202604,2,2,1355
전라남도 장성군,4688000000,202604,2,3,1642
전라남도 장성군,4688000000,202604,2,4,2068
전라남도 장성군,4688000000,202604,2,5,3154
전라남도 장성군,4688000000,202604,2,6,10284
전라남도 장성군,4688000000,202605,1,1,2496
전라남도 장성군,4688000000,202605,1,2,1938
전라남도 장성군,4688000000,202605,1,3,1796
전라남도 장성군,4688000000,202605,1,4,2455
전라남도 장성군,4688000000,202605,1,5,4089
전라남도 장성군,4688000000,202605,1,6,9320
전라남도 장성군,4688000000,202605,2,1,2394
전라남도 장성군,4688000000,202605,2,2,1349
전라남도 장성군,4688000000,202605,2,3,1650
전라남도 장성군,4688000000,202605,2,4,2069
전라남도 장성군,4688000000,202605,2,5,3145
전라남도 장성군,4688000000,202605,2,6,10308
전라남도 장성군,4688000000,202606,1,1,2492
전라남도 장성군,4688000000,202606,1,2,1967
전라남도 장성군,4688000000,202606,1,3,1810
전라남도 장성군,4688000000,202606,1,4,2444
전라남도 장성군,4688000000,202606,1,5,4097
전라남도 장성군,4688000000,202606,1,6,9350
전라남도 장성군,4688000000,202606,2,1,2395
전라남도 장성군,4688000000,202606,2,2,1354
전라남도 장성군,4688000000,202606,2,3,1649
전라남도 장성군,4688000000,202606,2,4,2070
전라남도 장성군,4688000000,202606,2,5,3157
전라남도 장성군,4688000000,202606,2,6,10310
전라남도 장흥군,4680000000,202601,1,1,1828
전라남도 장흥군,4680000000,202601,1,2,1297
전라남도 장흥군,4680000000,202601,1,3,1206
전라남도 장흥군,4680000000,202601,1,4,1792
전라남도 장흥군,4680000000,202601,1,5,3090
전라남도 장흥군,4680000000,202601,1,6,7620
전라남도 장흥군,4680000000,202601,2,1,1713
전라남도 장흥군,4680000000,202601,2,2,983
전라남도 장흥군,4680000000,202601,2,3,1007
전라남도 장흥군,4680000000,202601,2,4,1477
전라남도 장흥군,4680000000,202601,2,5,2457
전라남도 장흥군,4680000000,202601,2,6,9671
전라남도 장흥군,4680000000,202602,1,1,1808
전라남도 장흥군,4680000000,202602,1,2,1280
전라남도 장흥군,4680000000,202602,1,3,1220
전라남도 장흥군,4680000000,202602,1,4,1793
전라남도 장흥군,4680000000,202602,1,5,3088
전라남도 장흥군,4680000000,202602,1,6,7637
전라남도 장흥군,4680000000,202602,2,1,1701
전라남도 장흥군,4680000000,202602,2,2,974
전라남도 장흥군,4680000000,202602,2,3,992
전라남도 장흥군,4680000000,202602,2,4,1485
전라남도 장흥군,4680000000,202602,2,5,2451
전라남도 장흥군,4680000000,202602,2,6,9673
전라남도 장흥군,4680000000,202603,1,1,1804
전라남도 장흥군,4680000000,202603,1,2,1263
전라남도 장흥군,4680000000,202603,1,3,1224
전라남도 장흥군,4680000000,202603,1,4,1783
전라남도 장흥군,4680000000,202603,1,5,3069
전라남도 장흥군,4680000000,202603,1,6,7682
전라남도 장흥군,4680000000,202603,2,1,1697
전라남도 장흥군,4680000000,202603,2,2,969
전라남도 장흥군,4680000000,202603,2,3,983
전라남도 장흥군,4680000000,202603,2,4,1494
전라남도 장흥군,4680000000,202603,2,5,2426
전라남도 장흥군,4680000000,202603,2,6,9682
전라남도 장흥군,4680000000,202604,1,1,1797
전라남도 장흥군,4680000000,202604,1,2,1253
전라남도 장흥군,4680000000,202604,1,3,1235
전라남도 장흥군,4680000000,202604,1,4,1784
전라남도 장흥군,4680000000,202604,1,5,3041
전라남도 장흥군,4680000000,202604,1,6,7701
전라남도 장흥군,4680000000,202604,2,1,1698
전라남도 장흥군,4680000000,202604,2,2,966
전라남도 장흥군,4680000000,202604,2,3,985
전라남도 장흥군,4680000000,202604,2,4,1484
전라남도 장흥군,4680000000,202604,2,5,2431
전라남도 장흥군,4680000000,202604,2,6,9675
전라남도 장흥군,4680000000,202605,1,1,1792
전라남도 장흥군,4680000000,202605,1,2,1244
전라남도 장흥군,4680000000,202605,1,3,1238
전라남도 장흥군,4680000000,202605,1,4,1784
전라남도 장흥군,4680000000,202605,1,5,3027
전라남도 장흥군,4680000000,202605,1,6,7716
전라남도 장흥군,4680000000,202605,2,1,1694
전라남도 장흥군,4680000000,202605,2,2,961
전라남도 장흥군,4680000000,202605,2,3,979
전라남도 장흥군,4680000000,202605,2,4,1483
전라남도 장흥군,4680000000,202605,2,5,2413
전라남도 장흥군,4680000000,202605,2,6,9675
전라남도 장흥군,4680000000,202606,1,1,1783
전라남도 장흥군,4680000000,202606,1,2,1236
전라남도 장흥군,4680000000,202606,1,3,1234
전라남도 장흥군,4680000000,202606,1,4,1787
전라남도 장흥군,4680000000,202606,1,5,3025
전라남도 장흥군,4680000000,202606,1,6,7729
전라남도 장흥군,4680000000,202606,2,1,1694
전라남도 장흥군,4680000000,202606,2,2,945
전라남도 장흥군,4680000000,202606,2,3,972
전라남도 장흥군,4680000000,202606,2,4,1474
전라남도 장흥군,4680000000,202606,2,5,2394
전라남도 장흥군,4680000000,202606,2,6,9679
전라남도 진도군,4690000000,202601,1,1,1508
전라남도 진도군,4690000000,202601,1,2,1102
전라남도 진도군,4690000000,202601,1,3,946
전라남도 진도군,4690000000,202601,1,4,1598
전라남도 진도군,4690000000,202601,1,5,2621
전라남도 진도군,4690000000,202601,1,6,6238
전라남도 진도군,4690000000,202601,2,1,1508
전라남도 진도군,4690000000,202601,2,2,811
전라남도 진도군,4690000000,202601,2,3,838
전라남도 진도군,4690000000,202601,2,4,1167
전라남도 진도군,4690000000,202601,2,5,1919
전라남도 진도군,4690000000,202601,2,6,7669
전라남도 진도군,4690000000,202602,1,1,1511
전라남도 진도군,4690000000,202602,1,2,1109
전라남도 진도군,4690000000,202602,1,3,932
전라남도 진도군,4690000000,202602,1,4,1618
전라남도 진도군,4690000000,202602,1,5,2610
전라남도 진도군,4690000000,202602,1,6,6253
전라남도 진도군,4690000000,202602,2,1,1495
전라남도 진도군,4690000000,202602,2,2,798
전라남도 진도군,4690000000,202602,2,3,842
전라남도 진도군,4690000000,202602,2,4,1163
전라남도 진도군,4690000000,202602,2,5,1921
전라남도 진도군,4690000000,202602,2,6,7670
전라남도 진도군,4690000000,202603,1,1,1512
전라남도 진도군,4690000000,202603,1,2,1102
전라남도 진도군,4690000000,202603,1,3,921
전라남도 진도군,4690000000,202603,1,4,1611
전라남도 진도군,4690000000,202603,1,5,2607
전라남도 진도군,4690000000,202603,1,6,6290
전라남도 진도군,4690000000,202603,2,1,1501
전라남도 진도군,4690000000,202603,2,2,784
전라남도 진도군,4690000000,202603,2,3,845
전라남도 진도군,4690000000,202603,2,4,1170
전라남도 진도군,4690000000,202603,2,5,1898
전라남도 진도군,4690000000,202603,2,6,7681
전라남도 진도군,4690000000,202604,1,1,1516
전라남도 진도군,4690000000,202604,1,2,1082
전라남도 진도군,4690000000,202604,1,3,929
전라남도 진도군,4690000000,202604,1,4,1607
전라남도 진도군,4690000000,202604,1,5,2601
전라남도 진도군,4690000000,202604,1,6,6331
전라남도 진도군,4690000000,202604,2,1,1497
전라남도 진도군,4690000000,202604,2,2,773
전라남도 진도군,4690000000,202604,2,3,842
전라남도 진도군,4690000000,202604,2,4,1175
전라남도 진도군,4690000000,202604,2,5,1891
전라남도 진도군,4690000000,202604,2,6,7678
전라남도 진도군,4690000000,202605,1,1,1501
전라남도 진도군,4690000000,202605,1,2,1079
전라남도 진도군,4690000000,202605,1,3,941
전라남도 진도군,4690000000,202605,1,4,1586
전라남도 진도군,4690000000,202605,1,5,2593
전라남도 진도군,4690000000,202605,1,6,6347
전라남도 진도군,4690000000,202605,2,1,1491
전라남도 진도군,4690000000,202605,2,2,761
전라남도 진도군,4690000000,202605,2,3,835
전라남도 진도군,4690000000,202605,2,4,1185
전라남도 진도군,4690000000,202605,2,5,1873
전라남도 진도군,4690000000,202605,2,6,7692
전라남도 진도군,4690000000,202606,1,1,1495
전라남도 진도군,4690000000,202606,1,2,1073
전라남도 진도군,4690000000,202606,1,3,945
전라남도 진도군,4690000000,202606,1,4,1588
전라남도 진도군,4690000000,202606,1,5,2595
전라남도 진도군,4690000000,202606,1,6,6372
전라남도 진도군,4690000000,202606,2,1,1487
전라남도 진도군,4690000000,202606,2,2,759
전라남도 진도군,4690000000,202606,2,3,832
전라남도 진도군,4690000000,202606,2,4,1181
전라남도 진도군,4690000000,202606,2,5,1872
전라남도 진도군,4690000000,202606,2,6,7683
전라남도 함평군,4686000000,202601,1,1,1353
전라남도 함평군,4686000000,202601,1,2,1057
전라남도 함평군,4686000000,202601,1,3,977
전라남도 함평군,4686000000,202601,1,4,1492
전라남도 함평군,4686000000,202601,1,5,2923
전라남도 함평군,4686000000,202601,1,6,7222
전라남도 함평군,4686000000,202601,2,1,1247
전라남도 함평군,4686000000,202601,2,2,753
전라남도 함평군,4686000000,202601,2,3,784
전라남도 함평군,4686000000,202601,2,4,1110
전라남도 함평군,4686000000,202601,2,5,1972
전라남도 함평군,4686000000,202601,2,6,8504
전라남도 함평군,4686000000,202602,1,1,1352
전라남도 함평군,4686000000,202602,1,2,1032
전라남도 함평군,4686000000,202602,1,3,974
전라남도 함평군,4686000000,202602,1,4,1500
전라남도 함평군,4686000000,202602,1,5,2907
전라남도 함평군,4686000000,202602,1,6,7232
전라남도 함평군,4686000000,202602,2,1,1237
전라남도 함평군,4686000000,202602,2,2,752
전라남도 함평군,4686000000,202602,2,3,782
전라남도 함평군,4686000000,202602,2,4,1106
전라남도 함평군,4686000000,202602,2,5,1963
전라남도 함평군,4686000000,202602,2,6,8488
전라남도 함평군,4686000000,202603,1,1,1350
전라남도 함평군,4686000000,202603,1,2,1018
전라남도 함평군,4686000000,202603,1,3,982
전라남도 함평군,4686000000,202603,1,4,1498
전라남도 함평군,4686000000,202603,1,5,2885
전라남도 함평군,4686000000,202603,1,6,7266
전라남도 함평군,4686000000,202603,2,1,1238
전라남도 함평군,4686000000,202603,2,2,752
전라남도 함평군,4686000000,202603,2,3,795
전라남도 함평군,4686000000,202603,2,4,1094
전라남도 함평군,4686000000,202603,2,5,1944
전라남도 함평군,4686000000,202603,2,6,8498
전라남도 함평군,4686000000,202604,1,1,1352
전라남도 함평군,4686000000,202604,1,2,1020
전라남도 함평군,4686000000,202604,1,3,988
전라남도 함평군,4686000000,202604,1,4,1498
전라남도 함평군,4686000000,202604,1,5,2883
전라남도 함평군,4686000000,202604,1,6,7295
전라남도 함평군,4686000000,202604,2,1,1242
전라남도 함평군,4686000000,202604,2,2,757
전라남도 함평군,4686000000,202604,2,3,792
전라남도 함평군,4686000000,202604,2,4,1101
전라남도 함평군,4686000000,202604,2,5,1938
전라남도 함평군,4686000000,202604,2,6,8521
전라남도 함평군,4686000000,202605,1,1,1352
전라남도 함평군,4686000000,202605,1,2,1023
전라남도 함평군,4686000000,202605,1,3,999
전라남도 함평군,4686000000,202605,1,4,1504
전라남도 함평군,4686000000,202605,1,5,2879
전라남도 함평군,4686000000,202605,1,6,7322
전라남도 함평군,4686000000,202605,2,1,1241
전라남도 함평군,4686000000,202605,2,2,751
전라남도 함평군,4686000000,202605,2,3,819
전라남도 함평군,4686000000,202605,2,4,1100
전라남도 함평군,4686000000,202605,2,5,1966
전라남도 함평군,4686000000,202605,2,6,8534
전라남도 함평군,4686000000,202606,1,1,1356
전라남도 함평군,4686000000,202606,1,2,1032
전라남도 함평군,4686000000,202606,1,3,1018
전라남도 함평군,4686000000,202606,1,4,1503
전라남도 함평군,4686000000,202606,1,5,2872
전라남도 함평군,4686000000,202606,1,6,7351
전라남도 함평군,4686000000,202606,2,1,1246
전라남도 함평군,4686000000,202606,2,2,767
전라남도 함평군,4686000000,202606,2,3,828
전라남도 함평군,4686000000,202606,2,4,1117
전라남도 함평군,4686000000,202606,2,5,1975
전라남도 함평군,4686000000,202606,2,6,8536
전라남도 해남군,4682000000,202601,1,1,3469
전라남도 해남군,4682000000,202601,1,2,2400
전라남도 해남군,4682000000,202601,1,3,2185
전라남도 해남군,4682000000,202601,1,4,3414
전라남도 해남군,4682000000,202601,1,5,5814
전라남도 해남군,4682000000,202601,1,6,13985
전라남도 해남군,4682000000,202601,2,1,3322
전라남도 해남군,4682000000,202601,2,2,1774
전라남도 해남군,4682000000,202601,2,3,1758
전라남도 해남군,4682000000,202601,2,4,2863
전라남도 해남군,4682000000,202601,2,5,4480
전라남도 해남군,4682000000,202601,2,6,16707
전라남도 해남군,4682000000,202602,1,1,3464
전라남도 해남군,4682000000,202602,1,2,2383
전라남도 해남군,4682000000,202602,1,3,2172
전라남도 해남군,4682000000,202602,1,4,3415
전라남도 해남군,4682000000,202602,1,5,5798
전라남도 해남군,4682000000,202602,1,6,14028
전라남도 해남군,4682000000,202602,2,1,3287
전라남도 해남군,4682000000,202602,2,2,1781
전라남도 해남군,4682000000,202602,2,3,1755
전라남도 해남군,4682000000,202602,2,4,2867
전라남도 해남군,4682000000,202602,2,5,4469
전라남도 해남군,4682000000,202602,2,6,16728
전라남도 해남군,4682000000,202603,1,1,3458
전라남도 해남군,4682000000,202603,1,2,2358
전라남도 해남군,4682000000,202603,1,3,2201
전라남도 해남군,4682000000,202603,1,4,3409
전라남도 해남군,4682000000,202603,1,5,5757
전라남도 해남군,4682000000,202603,1,6,14073
전라남도 해남군,4682000000,202603,2,1,3259
전라남도 해남군,4682000000,202603,2,2,1785
전라남도 해남군,4682000000,202603,2,3,1765
전라남도 해남군,4682000000,202603,2,4,2857
전라남도 해남군,4682000000,202603,2,5,4462
전라남도 해남군,4682000000,202603,2,6,16730
전라남도 해남군,4682000000,202604,1,1,3450
전라남도 해남군,4682000000,202604,1,2,2351
전라남도 해남군,4682000000,202604,1,3,2207
전라남도 해남군,4682000000,202604,1,4,3403
전라남도 해남군,4682000000,202604,1,5,5761
전라남도 해남군,4682000000,202604,1,6,14114
전라남도 해남군,4682000000,202604,2,1,3249
전라남도 해남군,4682000000,202604,2,2,1780
전라남도 해남군,4682000000,202604,2,3,1775
전라남도 해남군,4682000000,202604,2,4,2845
전라남도 해남군,4682000000,202604,2,5,4466
전라남도 해남군,4682000000,202604,2,6,16735
전라남도 해남군,4682000000,202605,1,1,3429
전라남도 해남군,4682000000,202605,1,2,2340
전라남도 해남군,4682000000,202605,1,3,2195
전라남도 해남군,4682000000,202605,1,4,3393
전라남도 해남군,4682000000,202605,1,5,5758
전라남도 해남군,4682000000,202605,1,6,14152
전라남도 해남군,4682000000,202605,2,1,3235
전라남도 해남군,4682000000,202605,2,2,1778
전라남도 해남군,4682000000,202605,2,3,1767
전라남도 해남군,4682000000,202605,2,4,2838
전라남도 해남군,4682000000,202605,2,5,4443
전라남도 해남군,4682000000,202605,2,6,16758
전라남도 해남군,4682000000,202606,1,1,3423
전라남도 해남군,4682000000,202606,1,2,2341
전라남도 해남군,4682000000,202606,1,3,2192
전라남도 해남군,4682000000,202606,1,4,3395
전라남도 해남군,4682000000,202606,1,5,5751
전라남도 해남군,4682000000,202606,1,6,14160
전라남도 해남군,4682000000,202606,2,1,3238
전라남도 해남군,4682000000,202606,2,2,1750
전라남도 해남군,4682000000,202606,2,3,1776
전라남도 해남군,4682000000,202606,2,4,2838
전라남도 해남군,4682000000,202606,2,5,4426
전라남도 해남군,4682000000,202606,2,6,16737
전라남도 화순군,4679000000,202601,1,1,3729
전라남도 화순군,4679000000,202601,1,2,2915
전라남도 화순군,4679000000,202601,1,3,2469
전라남도 화순군,4679000000,202601,1,4,3191
전라남도 화순군,4679000000,202601,1,5,5782
전라남도 화순군,4679000000,202601,1,6,11771
전라남도 화순군,4679000000,202601,2,1,3417
전라남도 화순군,4679000000,202601,2,2,2646
전라남도 화순군,4679000000,202601,2,3,2307
전라남도 화순군,4679000000,202601,2,4,3112
전라남도 화순군,4679000000,202601,2,5,5085
전라남도 화순군,4679000000,202601,2,6,13781
전라남도 화순군,4679000000,202602,1,1,3701
전라남도 화순군,4679000000,202602,1,2,2885
전라남도 화순군,4679000000,202602,1,3,2465
전라남도 화순군,4679000000,202602,1,4,3183
전라남도 화순군,4679000000,202602,1,5,5767
전라남도 화순군,4679000000,202602,1,6,11827
전라남도 화순군,4679000000,202602,2,1,3421
전라남도 화순군,4679000000,202602,2,2,2627
전라남도 화순군,4679000000,202602,2,3,2294
전라남도 화순군,4679000000,202602,2,4,3119
전라남도 화순군,4679000000,202602,2,5,5073
전라남도 화순군,4679000000,202602,2,6,13798
전라남도 화순군,4679000000,202603,1,1,3695
전라남도 화순군,4679000000,202603,1,2,2849
전라남도 화순군,4679000000,202603,1,3,2487
전라남도 화순군,4679000000,202603,1,4,3172
전라남도 화순군,4679000000,202603,1,5,5721
전라남도 화순군,4679000000,202603,1,6,11893
전라남도 화순군,4679000000,202603,2,1,3399
전라남도 화순군,4679000000,202603,2,2,2602
전라남도 화순군,4679000000,202603,2,3,2314
전라남도 화순군,4679000000,202603,2,4,3096
전라남도 화순군,4679000000,202603,2,5,5057
전라남도 화순군,4679000000,202603,2,6,13841
전라남도 화순군,4679000000,202604,1,1,3676
전라남도 화순군,4679000000,202604,1,2,2824
전라남도 화순군,4679000000,202604,1,3,2489
전라남도 화순군,4679000000,202604,1,4,3162
전라남도 화순군,4679000000,202604,1,5,5689
전라남도 화순군,4679000000,202604,1,6,11933
전라남도 화순군,4679000000,202604,2,1,3379
전라남도 화순군,4679000000,202604,2,2,2597
전라남도 화순군,4679000000,202604,2,3,2327
전라남도 화순군,4679000000,202604,2,4,3083
전라남도 화순군,4679000000,202604,2,5,5058
전라남도 화순군,4679000000,202604,2,6,13858
전라남도 화순군,4679000000,202605,1,1,3644
전라남도 화순군,4679000000,202605,1,2,2813
전라남도 화순군,4679000000,202605,1,3,2486
전라남도 화순군,4679000000,202605,1,4,3154
전라남도 화순군,4679000000,202605,1,5,5661
전라남도 화순군,4679000000,202605,1,6,11962
전라남도 화순군,4679000000,202605,2,1,3382
전라남도 화순군,4679000000,202605,2,2,2566
전라남도 화순군,4679000000,202605,2,3,2343
전라남도 화순군,4679000000,202605,2,4,3063
전라남도 화순군,4679000000,202605,2,5,5046
전라남도 화순군,4679000000,202605,2,6,13888
전라남도 화순군,4679000000,202606,1,1,3620
전라남도 화순군,4679000000,202606,1,2,2803
전라남도 화순군,4679000000,202606,1,3,2490
전라남도 화순군,4679000000,202606,1,4,3151
전라남도 화순군,4679000000,202606,1,5,5622
전라남도 화순군,4679000000,202606,1,6,11994
전라남도 화순군,4679000000,202606,2,1,3364
전라남도 화순군,4679000000,202606,2,2,2543
전라남도 화순군,4679000000,202606,2,3,2350
전라남도 화순군,4679000000,202606,2,4,3042
전라남도 화순군,4679000000,202606,2,5,5033
전라남도 화순군,4679000000,202606,2,6,13897
전북특별자치도 고창군,5279000000,202601,1,1,3016
전북특별자치도 고창군,5279000000,202601,1,2,1784
전북특별자치도 고창군,5279000000,202601,1,3,1663
전북특별자치도 고창군,5279000000,202601,1,4,2637
전북특별자치도 고창군,5279000000,202601,1,5,4566
전북특별자치도 고창군,5279000000,202601,1,6,11508
전북특별자치도 고창군,5279000000,202601,2,1,2513
전북특별자치도 고창군,5279000000,202601,2,2,1270
전북특별자치도 고창군,5279000000,202601,2,3,1477
전북특별자치도 고창군,5279000000,202601,2,4,2181
전북특별자치도 고창군,5279000000,202601,2,5,3514
전북특별자치도 고창군,5279000000,202601,2,6,14113
전북특별자치도 고창군,5279000000,202602,1,1,3007
전북특별자치도 고창군,5279000000,202602,1,2,1773
전북특별자치도 고창군,5279000000,202602,1,3,1651
전북특별자치도 고창군,5279000000,202602,1,4,2631
전북특별자치도 고창군,5279000000,202602,1,5,4574
전북특별자치도 고창군,5279000000,202602,1,6,11524
전북특별자치도 고창군,5279000000,202602,2,1,2509
전북특별자치도 고창군,5279000000,202602,2,2,1259
전북특별자치도 고창군,5279000000,202602,2,3,1476
전북특별자치도 고창군,5279000000,202602,2,4,2174
전북특별자치도 고창군,5279000000,202602,2,5,3511
전북특별자치도 고창군,5279000000,202602,2,6,14107
전북특별자치도 고창군,5279000000,202603,1,1,3087
전북특별자치도 고창군,5279000000,202603,1,2,1747
전북특별자치도 고창군,5279000000,202603,1,3,1650
전북특별자치도 고창군,5279000000,202603,1,4,2606
전북특별자치도 고창군,5279000000,202603,1,5,4576
전북특별자치도 고창군,5279000000,202603,1,6,11546
전북특별자치도 고창군,5279000000,202603,2,1,2523
전북특별자치도 고창군,5279000000,202603,2,2,1246
전북특별자치도 고창군,5279000000,202603,2,3,1483
전북특별자치도 고창군,5279000000,202603,2,4,2153
전북특별자치도 고창군,5279000000,202603,2,5,3490
전북특별자치도 고창군,5279000000,202603,2,6,14121
전북특별자치도 고창군,5279000000,202604,1,1,3080
전북특별자치도 고창군,5279000000,202604,1,2,1730
전북특별자치도 고창군,5279000000,202604,1,3,1658
전북특별자치도 고창군,5279000000,202604,1,4,2588
전북특별자치도 고창군,5279000000,202604,1,5,4562
전북특별자치도 고창군,5279000000,202604,1,6,11573
전북특별자치도 고창군,5279000000,202604,2,1,2512
전북특별자치도 고창군,5279000000,202604,2,2,1251
전북특별자치도 고창군,5279000000,202604,2,3,1487
전북특별자치도 고창군,5279000000,202604,2,4,2132
전북특별자치도 고창군,5279000000,202604,2,5,3494
전북특별자치도 고창군,5279000000,202604,2,6,14103
전북특별자치도 고창군,5279000000,202605,1,1,3063
전북특별자치도 고창군,5279000000,202605,1,2,1715
전북특별자치도 고창군,5279000000,202605,1,3,1665
전북특별자치도 고창군,5279000000,202605,1,4,2571
전북특별자치도 고창군,5279000000,202605,1,5,4568
전북특별자치도 고창군,5279000000,202605,1,6,11611
전북특별자치도 고창군,5279000000,202605,2,1,2498
전북특별자치도 고창군,5279000000,202605,2,2,1242
전북특별자치도 고창군,5279000000,202605,2,3,1478
전북특별자치도 고창군,5279000000,202605,2,4,2124
전북특별자치도 고창군,5279000000,202605,2,5,3483
전북특별자치도 고창군,5279000000,202605,2,6,14130
전북특별자치도 고창군,5279000000,202606,1,1,3053
전북특별자치도 고창군,5279000000,202606,1,2,1711
전북특별자치도 고창군,5279000000,202606,1,3,1666
전북특별자치도 고창군,5279000000,202606,1,4,2579
전북특별자치도 고창군,5279000000,202606,1,5,4544
전북특별자치도 고창군,5279000000,202606,1,6,11616
전북특별자치도 고창군,5279000000,202606,2,1,2479
전북특별자치도 고창군,5279000000,202606,2,2,1235
전북특별자치도 고창군,5279000000,202606,2,3,1484
전북특별자치도 고창군,5279000000,202606,2,4,2130
전북특별자치도 고창군,5279000000,202606,2,5,3478
전북특별자치도 고창군,5279000000,202606,2,6,14096
전북특별자치도 군산시,5213000000,202601,1,1,19977
전북특별자치도 군산시,5213000000,202601,1,2,13403
전북특별자치도 군산시,5213000000,202601,1,3,13834
전북특별자치도 군산시,5213000000,202601,1,4,19724
전북특별자치도 군산시,5213000000,202601,1,5,24086
전북특별자치도 군산시,5213000000,202601,1,6,38930
전북특별자치도 군산시,5213000000,202601,2,1,19089
전북특별자치도 군산시,5213000000,202601,2,2,10552
전북특별자치도 군산시,5213000000,202601,2,3,11999
전북특별자치도 군산시,5213000000,202601,2,4,18091
전북특별자치도 군산시,5213000000,202601,2,5,21583
전북특별자치도 군산시,5213000000,202601,2,6,44859
전북특별자치도 군산시,5213000000,202602,1,1,19903
전북특별자치도 군산시,5213000000,202602,1,2,13337
전북특별자치도 군산시,5213000000,202602,1,3,13762
전북특별자치도 군산시,5213000000,202602,1,4,19733
전북특별자치도 군산시,5213000000,202602,1,5,24077
전북특별자치도 군산시,5213000000,202602,1,6,39058
전북특별자치도 군산시,5213000000,202602,2,1,18979
전북특별자치도 군산시,5213000000,202602,2,2,10474
전북특별자치도 군산시,5213000000,202602,2,3,11943
전북특별자치도 군산시,5213000000,202602,2,4,18038
전북특별자치도 군산시,5213000000,202602,2,5,21612
전북특별자치도 군산시,5213000000,202602,2,6,44970
전북특별자치도 군산시,5213000000,202603,1,1,19819
전북특별자치도 군산시,5213000000,202603,1,2,13204
전북특별자치도 군산시,5213000000,202603,1,3,13828
전북특별자치도 군산시,5213000000,202603,1,4,19633
전북특별자치도 군산시,5213000000,202603,1,5,23997
전북특별자치도 군산시,5213000000,202603,1,6,39220
전북특별자치도 군산시,5213000000,202603,2,1,18880
전북특별자치도 군산시,5213000000,202603,2,2,10399
전북특별자치도 군산시,5213000000,202603,2,3,11937
전북특별자치도 군산시,5213000000,202603,2,4,17990
전북특별자치도 군산시,5213000000,202603,2,5,21558
전북특별자치도 군산시,5213000000,202603,2,6,45100
전북특별자치도 군산시,5213000000,202604,1,1,19752
전북특별자치도 군산시,5213000000,202604,1,2,13211
전북특별자치도 군산시,5213000000,202604,1,3,13850
전북특별자치도 군산시,5213000000,202604,1,4,19563
전북특별자치도 군산시,5213000000,202604,1,5,24036
전북특별자치도 군산시,5213000000,202604,1,6,39321
전북특별자치도 군산시,5213000000,202604,2,1,18846
전북특별자치도 군산시,5213000000,202604,2,2,10352
전북특별자치도 군산시,5213000000,202604,2,3,11972
전북특별자치도 군산시,5213000000,202604,2,4,17947
전북특별자치도 군산시,5213000000,202604,2,5,21553
전북특별자치도 군산시,5213000000,202604,2,6,45195
전북특별자치도 군산시,5213000000,202605,1,1,19690
전북특별자치도 군산시,5213000000,202605,1,2,13228
전북특별자치도 군산시,5213000000,202605,1,3,13913
전북특별자치도 군산시,5213000000,202605,1,4,19527
전북특별자치도 군산시,5213000000,202605,1,5,23993
전북특별자치도 군산시,5213000000,202605,1,6,39456
전북특별자치도 군산시,5213000000,202605,2,1,18804
전북특별자치도 군산시,5213000000,202605,2,2,10330
전북특별자치도 군산시,5213000000,202605,2,3,11949
전북특별자치도 군산시,5213000000,202605,2,4,17903
전북특별자치도 군산시,5213000000,202605,2,5,21574
전북특별자치도 군산시,5213000000,202605,2,6,45282
전북특별자치도 군산시,5213000000,202606,1,1,19649
전북특별자치도 군산시,5213000000,202606,1,2,13208
전북특별자치도 군산시,5213000000,202606,1,3,13890
전북특별자치도 군산시,5213000000,202606,1,4,19501
전북특별자치도 군산시,5213000000,202606,1,5,23967
전북특별자치도 군산시,5213000000,202606,1,6,39534
전북특별자치도 군산시,5213000000,202606,2,1,18772
전북특별자치도 군산시,5213000000,202606,2,2,10315
전북특별자치도 군산시,5213000000,202606,2,3,11950
전북특별자치도 군산시,5213000000,202606,2,4,17890
전북특별자치도 군산시,5213000000,202606,2,5,21571
전북특별자치도 군산시,5213000000,202606,2,6,45344
전북특별자치도 김제시,5221000000,202601,1,1,4707
전북특별자치도 김제시,5221000000,202601,1,2,3534
전북특별자치도 김제시,5221000000,202601,1,3,3614
전북특별자치도 김제시,5221000000,202601,1,4,4769
전북특별자치도 김제시,5221000000,202601,1,5,7434
전북특별자치도 김제시,5221000000,202601,1,6,16973
전북특별자치도 김제시,5221000000,202601,2,1,4417
전북특별자치도 김제시,5221000000,202601,2,2,2783
전북특별자치도 김제시,5221000000,202601,2,3,3226
전북특별자치도 김제시,5221000000,202601,2,4,3933
전북특별자치도 김제시,5221000000,202601,2,5,5831
전북특별자치도 김제시,5221000000,202601,2,6,20602
전북특별자치도 김제시,5221000000,202602,1,1,4676
전북특별자치도 김제시,5221000000,202602,1,2,3516
전북특별자치도 김제시,5221000000,202602,1,3,3604
전북특별자치도 김제시,5221000000,202602,1,4,4754
전북특별자치도 김제시,5221000000,202602,1,5,7431
전북특별자치도 김제시,5221000000,202602,1,6,17012
전북특별자치도 김제시,5221000000,202602,2,1,4409
전북특별자치도 김제시,5221000000,202602,2,2,2759
전북특별자치도 김제시,5221000000,202602,2,3,3214
전북특별자치도 김제시,5221000000,202602,2,4,3924
전북특별자치도 김제시,5221000000,202602,2,5,5834
전북특별자치도 김제시,5221000000,202602,2,6,20610
전북특별자치도 김제시,5221000000,202603,1,1,4666
전북특별자치도 김제시,5221000000,202603,1,2,3477
전북특별자치도 김제시,5221000000,202603,1,3,3635
전북특별자치도 김제시,5221000000,202603,1,4,4715
전북특별자치도 김제시,5221000000,202603,1,5,7404
전북특별자치도 김제시,5221000000,202603,1,6,17065
전북특별자치도 김제시,5221000000,202603,2,1,4403
전북특별자치도 김제시,5221000000,202603,2,2,2729
전북특별자치도 김제시,5221000000,202603,2,3,3262
전북특별자치도 김제시,5221000000,202603,2,4,3899
전북특별자치도 김제시,5221000000,202603,2,5,5832
전북특별자치도 김제시,5221000000,202603,2,6,20626
전북특별자치도 김제시,5221000000,202604,1,1,4673
전북특별자치도 김제시,5221000000,202604,1,2,3476
전북특별자치도 김제시,5221000000,202604,1,3,3659
전북특별자치도 김제시,5221000000,202604,1,4,4713
전북특별자치도 김제시,5221000000,202604,1,5,7391
전북특별자치도 김제시,5221000000,202604,1,6,17109
전북특별자치도 김제시,5221000000,202604,2,1,4398
전북특별자치도 김제시,5221000000,202604,2,2,2724
전북특별자치도 김제시,5221000000,202604,2,3,3280
전북특별자치도 김제시,5221000000,202604,2,4,3883
전북특별자치도 김제시,5221000000,202604,2,5,5828
전북특별자치도 김제시,5221000000,202604,2,6,20624
전북특별자치도 김제시,5221000000,202605,1,1,4666
전북특별자치도 김제시,5221000000,202605,1,2,3448
전북특별자치도 김제시,5221000000,202605,1,3,3654
전북특별자치도 김제시,5221000000,202605,1,4,4700
전북특별자치도 김제시,5221000000,202605,1,5,7354
전북특별자치도 김제시,5221000000,202605,1,6,17151
전북특별자치도 김제시,5221000000,202605,2,1,4400
전북특별자치도 김제시,5221000000,202605,2,2,2709
전북특별자치도 김제시,5221000000,202605,2,3,3284
전북특별자치도 김제시,5221000000,202605,2,4,3860
전북특별자치도 김제시,5221000000,202605,2,5,5812
전북특별자치도 김제시,5221000000,202605,2,6,20627
전북특별자치도 김제시,5221000000,202606,1,1,4663
전북특별자치도 김제시,5221000000,202606,1,2,3429
전북특별자치도 김제시,5221000000,202606,1,3,3660
전북특별자치도 김제시,5221000000,202606,1,4,4698
전북특별자치도 김제시,5221000000,202606,1,5,7340
전북특별자치도 김제시,5221000000,202606,1,6,17162
전북특별자치도 김제시,5221000000,202606,2,1,4407
전북특별자치도 김제시,5221000000,202606,2,2,2706
전북특별자치도 김제시,5221000000,202606,2,3,3295
전북특별자치도 김제시,5221000000,202606,2,4,3856
전북특별자치도 김제시,5221000000,202606,2,5,5802
전북특별자치도 김제시,5221000000,202606,2,6,20613
전북특별자치도 남원시,5219000000,202601,1,1,4835
전북특별자치도 남원시,5219000000,202601,1,2,3085
전북특별자치도 남원시,5219000000,202601,1,3,2840
전북특별자치도 남원시,5219000000,202601,1,4,4092
전북특별자치도 남원시,5219000000,202601,1,5,6964
전북특별자치도 남원시,5219000000,202601,1,6,14711
전북특별자치도 남원시,5219000000,202601,2,1,4406
전북특별자치도 남원시,5219000000,202601,2,2,2489
전북특별자치도 남원시,5219000000,202601,2,3,2590
전북특별자치도 남원시,5219000000,202601,2,4,4035
전북특별자치도 남원시,5219000000,202601,2,5,6325
전북특별자치도 남원시,5219000000,202601,2,6,17992
전북특별자치도 남원시,5219000000,202602,1,1,4804
전북특별자치도 남원시,5219000000,202602,1,2,3059
전북특별자치도 남원시,5219000000,202602,1,3,2829
전북특별자치도 남원시,5219000000,202602,1,4,4066
전북특별자치도 남원시,5219000000,202602,1,5,6979
전북특별자치도 남원시,5219000000,202602,1,6,14745
전북특별자치도 남원시,5219000000,202602,2,1,4362
전북특별자치도 남원시,5219000000,202602,2,2,2476
전북특별자치도 남원시,5219000000,202602,2,3,2572
전북특별자치도 남원시,5219000000,202602,2,4,4024
전북특별자치도 남원시,5219000000,202602,2,5,6303
전북특별자치도 남원시,5219000000,202602,2,6,18024
전북특별자치도 남원시,5219000000,202603,1,1,4778
전북특별자치도 남원시,5219000000,202603,1,2,3007
전북특별자치도 남원시,5219000000,202603,1,3,2841
전북특별자치도 남원시,5219000000,202603,1,4,4049
전북특별자치도 남원시,5219000000,202603,1,5,6940
전북특별자치도 남원시,5219000000,202603,1,6,14807
전북특별자치도 남원시,5219000000,202603,2,1,4322
전북특별자치도 남원시,5219000000,202603,2,2,2423
전북특별자치도 남원시,5219000000,202603,2,3,2585
전북특별자치도 남원시,5219000000,202603,2,4,3994
전북특별자치도 남원시,5219000000,202603,2,5,6268
전북특별자치도 남원시,5219000000,202603,2,6,18051
전북특별자치도 남원시,5219000000,202604,1,1,4769
전북특별자치도 남원시,5219000000,202604,1,2,2998
전북특별자치도 남원시,5219000000,202604,1,3,2853
전북특별자치도 남원시,5219000000,202604,1,4,4020
전북특별자치도 남원시,5219000000,202604,1,5,6951
전북특별자치도 남원시,5219000000,202604,1,6,14844
전북특별자치도 남원시,5219000000,202604,2,1,4302
전북특별자치도 남원시,5219000000,202604,2,2,2412
전북특별자치도 남원시,5219000000,202604,2,3,2576
전북특별자치도 남원시,5219000000,202604,2,4,3977
전북특별자치도 남원시,5219000000,202604,2,5,6268
전북특별자치도 남원시,5219000000,202604,2,6,18085
전북특별자치도 남원시,5219000000,202605,1,1,4746
전북특별자치도 남원시,5219000000,202605,1,2,2964
전북특별자치도 남원시,5219000000,202605,1,3,2850
전북특별자치도 남원시,5219000000,202605,1,4,3999
전북특별자치도 남원시,5219000000,202605,1,5,6931
전북특별자치도 남원시,5219000000,202605,1,6,14878
전북특별자치도 남원시,5219000000,202605,2,1,4273
전북특별자치도 남원시,5219000000,202605,2,2,2385
전북특별자치도 남원시,5219000000,202605,2,3,2579
전북특별자치도 남원시,5219000000,202605,2,4,3948
전북특별자치도 남원시,5219000000,202605,2,5,6264
전북특별자치도 남원시,5219000000,202605,2,6,18120
전북특별자치도 남원시,5219000000,202606,1,1,4739
전북특별자치도 남원시,5219000000,202606,1,2,2942
전북특별자치도 남원시,5219000000,202606,1,3,2849
전북특별자치도 남원시,5219000000,202606,1,4,3997
전북특별자치도 남원시,5219000000,202606,1,5,6899
전북특별자치도 남원시,5219000000,202606,1,6,14884
전북특별자치도 남원시,5219000000,202606,2,1,4276
전북특별자치도 남원시,5219000000,202606,2,2,2351
전북특별자치도 남원시,5219000000,202606,2,3,2575
전북특별자치도 남원시,5219000000,202606,2,4,3939
전북특별자치도 남원시,5219000000,202606,2,5,6237
전북특별자치도 남원시,5219000000,202606,2,6,18124
전북특별자치도 무주군,5273000000,202601,1,1,1207
전북특별자치도 무주군,5273000000,202601,1,2,798
전북특별자치도 무주군,5273000000,202601,1,3,788
전북특별자치도 무주군,5273000000,202601,1,4,1192
전북특별자치도 무주군,5273000000,202601,1,5,2160
전북특별자치도 무주군,5273000000,202601,1,6,5309
전북특별자치도 무주군,5273000000,202601,2,1,1141
전북특별자치도 무주군,5273000000,202601,2,2,645
전북특별자치도 무주군,5273000000,202601,2,3,635
전북특별자치도 무주군,5273000000,202601,2,4,1024
전북특별자치도 무주군,5273000000,202601,2,5,1700
전북특별자치도 무주군,5273000000,202601,2,6,6178
전북특별자치도 무주군,5273000000,202602,1,1,1205
전북특별자치도 무주군,5273000000,202602,1,2,795
전북특별자치도 무주군,5273000000,202602,1,3,789
전북특별자치도 무주군,5273000000,202602,1,4,1187
전북특별자치도 무주군,5273000000,202602,1,5,2175
전북특별자치도 무주군,5273000000,202602,1,6,5343
전북특별자치도 무주군,5273000000,202602,2,1,1148
전북특별자치도 무주군,5273000000,202602,2,2,649
전북특별자치도 무주군,5273000000,202602,2,3,645
전북특별자치도 무주군,5273000000,202602,2,4,1022
전북특별자치도 무주군,5273000000,202602,2,5,1707
전북특별자치도 무주군,5273000000,202602,2,6,6206
전북특별자치도 무주군,5273000000,202603,1,1,1203
전북특별자치도 무주군,5273000000,202603,1,2,804
전북특별자치도 무주군,5273000000,202603,1,3,809
전북특별자치도 무주군,5273000000,202603,1,4,1192
전북특별자치도 무주군,5273000000,202603,1,5,2197
전북특별자치도 무주군,5273000000,202603,1,6,5408
전북특별자치도 무주군,5273000000,202603,2,1,1147
전북특별자치도 무주군,5273000000,202603,2,2,659
전북특별자치도 무주군,5273000000,202603,2,3,666
전북특별자치도 무주군,5273000000,202603,2,4,1026
전북특별자치도 무주군,5273000000,202603,2,5,1703
전북특별자치도 무주군,5273000000,202603,2,6,6249
전북특별자치도 무주군,5273000000,202604,1,1,1204
전북특별자치도 무주군,5273000000,202604,1,2,812
전북특별자치도 무주군,5273000000,202604,1,3,812
전북특별자치도 무주군,5273000000,202604,1,4,1197
전북특별자치도 무주군,5273000000,202604,1,5,2194
전북특별자치도 무주군,5273000000,202604,1,6,5438
전북특별자치도 무주군,5273000000,202604,2,1,1142
전북특별자치도 무주군,5273000000,202604,2,2,659
전북특별자치도 무주군,5273000000,202604,2,3,686
전북특별자치도 무주군,5273000000,202604,2,4,1025
전북특별자치도 무주군,5273000000,202604,2,5,1707
전북특별자치도 무주군,5273000000,202604,2,6,6276
전북특별자치도 무주군,5273000000,202605,1,1,1203
전북특별자치도 무주군,5273000000,202605,1,2,820
전북특별자치도 무주군,5273000000,202605,1,3,816
전북특별자치도 무주군,5273000000,202605,1,4,1199
전북특별자치도 무주군,5273000000,202605,1,5,2198
전북특별자치도 무주군,5273000000,202605,1,6,5456
전북특별자치도 무주군,5273000000,202605,2,1,1138
전북특별자치도 무주군,5273000000,202605,2,2,662
전북특별자치도 무주군,5273000000,202605,2,3,691
전북특별자치도 무주군,5273000000,202605,2,4,1027
전북특별자치도 무주군,5273000000,202605,2,5,1703
전북특별자치도 무주군,5273000000,202605,2,6,6289
전북특별자치도 무주군,5273000000,202606,1,1,1201
전북특별자치도 무주군,5273000000,202606,1,2,820
전북특별자치도 무주군,5273000000,202606,1,3,834
전북특별자치도 무주군,5273000000,202606,1,4,1207
전북특별자치도 무주군,5273000000,202606,1,5,2226
전북특별자치도 무주군,5273000000,202606,1,6,5484
전북특별자치도 무주군,5273000000,202606,2,1,1132
전북특별자치도 무주군,5273000000,202606,2,2,669
전북특별자치도 무주군,5273000000,202606,2,3,699
전북특별자치도 무주군,5273000000,202606,2,4,1027
전북특별자치도 무주군,5273000000,202606,2,5,1720
전북특별자치도 무주군,5273000000,202606,2,6,6307
전북특별자치도 부안군,5280000000,202601,1,1,2484
전북특별자치도 부안군,5280000000,202601,1,2,1760
전북특별자치도 부안군,5280000000,202601,1,3,1631
전북특별자치도 부안군,5280000000,202601,1,4,2589
전북특별자치도 부안군,5280000000,202601,1,5,4374
전북특별자치도 부안군,5280000000,202601,1,6,10819
전북특별자치도 부안군,5280000000,202601,2,1,2253
전북특별자치도 부안군,5280000000,202601,2,2,1259
전북특별자치도 부안군,5280000000,202601,2,3,1345
전북특별자치도 부안군,5280000000,202601,2,4,2207
전북특별자치도 부안군,5280000000,202601,2,5,3429
전북특별자치도 부안군,5280000000,202601,2,6,13043
전북특별자치도 부안군,5280000000,202602,1,1,2476
전북특별자치도 부안군,5280000000,202602,1,2,1719
전북특별자치도 부안군,5280000000,202602,1,3,1626
전북특별자치도 부안군,5280000000,202602,1,4,2569
전북특별자치도 부안군,5280000000,202602,1,5,4386
전북특별자치도 부안군,5280000000,202602,1,6,10836
전북특별자치도 부안군,5280000000,202602,2,1,2226
전북특별자치도 부안군,5280000000,202602,2,2,1256
전북특별자치도 부안군,5280000000,202602,2,3,1340
전북특별자치도 부안군,5280000000,202602,2,4,2197
전북특별자치도 부안군,5280000000,202602,2,5,3431
전북특별자치도 부안군,5280000000,202602,2,6,13038
전북특별자치도 부안군,5280000000,202603,1,1,2455
전북특별자치도 부안군,5280000000,202603,1,2,1715
전북특별자치도 부안군,5280000000,202603,1,3,1618
전북특별자치도 부안군,5280000000,202603,1,4,2563
전북특별자치도 부안군,5280000000,202603,1,5,4366
전북특별자치도 부안군,5280000000,202603,1,6,10872
전북특별자치도 부안군,5280000000,202603,2,1,2198
전북특별자치도 부안군,5280000000,202603,2,2,1236
전북특별자치도 부안군,5280000000,202603,2,3,1344
전북특별자치도 부안군,5280000000,202603,2,4,2179
전북특별자치도 부안군,5280000000,202603,2,5,3425
전북특별자치도 부안군,5280000000,202603,2,6,13067
전북특별자치도 부안군,5280000000,202604,1,1,2443
전북특별자치도 부안군,5280000000,202604,1,2,1715
전북특별자치도 부안군,5280000000,202604,1,3,1620
전북특별자치도 부안군,5280000000,202604,1,4,2545
전북특별자치도 부안군,5280000000,202604,1,5,4354
전북특별자치도 부안군,5280000000,202604,1,6,10906
전북특별자치도 부안군,5280000000,202604,2,1,2197
전북특별자치도 부안군,5280000000,202604,2,2,1224
전북특별자치도 부안군,5280000000,202604,2,3,1337
전북특별자치도 부안군,5280000000,202604,2,4,2173
전북특별자치도 부안군,5280000000,202604,2,5,3436
전북특별자치도 부안군,5280000000,202604,2,6,13081
전북특별자치도 부안군,5280000000,202605,1,1,2442
전북특별자치도 부안군,5280000000,202605,1,2,1698
전북특별자치도 부안군,5280000000,202605,1,3,1635
전북특별자치도 부안군,5280000000,202605,1,4,2522
전북특별자치도 부안군,5280000000,202605,1,5,4347
전북특별자치도 부안군,5280000000,202605,1,6,10929
전북특별자치도 부안군,5280000000,202605,2,1,2194
전북특별자치도 부안군,5280000000,202605,2,2,1208
전북특별자치도 부안군,5280000000,202605,2,3,1330
전북특별자치도 부안군,5280000000,202605,2,4,2170
전북특별자치도 부안군,5280000000,202605,2,5,3431
전북특별자치도 부안군,5280000000,202605,2,6,13103
전북특별자치도 부안군,5280000000,202606,1,1,2439
전북특별자치도 부안군,5280000000,202606,1,2,1694
전북특별자치도 부안군,5280000000,202606,1,3,1627
전북특별자치도 부안군,5280000000,202606,1,4,2532
전북특별자치도 부안군,5280000000,202606,1,5,4336
전북특별자치도 부안군,5280000000,202606,1,6,10915
전북특별자치도 부안군,5280000000,202606,2,1,2190
전북특별자치도 부안군,5280000000,202606,2,2,1195
전북특별자치도 부안군,5280000000,202606,2,3,1338
전북특별자치도 부안군,5280000000,202606,2,4,2160
전북특별자치도 부안군,5280000000,202606,2,5,3420
전북특별자치도 부안군,5280000000,202606,2,6,13100
전북특별자치도 순창군,5277000000,202601,1,1,1563
전북특별자치도 순창군,5277000000,202601,1,2,1125
전북특별자치도 순창군,5277000000,202601,1,3,848
전북특별자치도 순창군,5277000000,202601,1,4,1460
전북특별자치도 순창군,5277000000,202601,1,5,2632
전북특별자치도 순창군,5277000000,202601,1,6,6046
전북특별자치도 순창군,5277000000,202601,2,1,1488
전북특별자치도 순창군,5277000000,202601,2,2,912
전북특별자치도 순창군,5277000000,202601,2,3,867
전북특별자치도 순창군,5277000000,202601,2,4,1332
전북특별자치도 순창군,5277000000,202601,2,5,2048
전북특별자치도 순창군,5277000000,202601,2,6,7344
전북특별자치도 순창군,5277000000,202602,1,1,1578
전북특별자치도 순창군,5277000000,202602,1,2,1115
전북특별자치도 순창군,5277000000,202602,1,3,843
전북특별자치도 순창군,5277000000,202602,1,4,1463
전북특별자치도 순창군,5277000000,202602,1,5,2642
전북특별자치도 순창군,5277000000,202602,1,6,6063
전북특별자치도 순창군,5277000000,202602,2,1,1494
전북특별자치도 순창군,5277000000,202602,2,2,897
전북특별자치도 순창군,5277000000,202602,2,3,870
전북특별자치도 순창군,5277000000,202602,2,4,1332
전북특별자치도 순창군,5277000000,202602,2,5,2044
전북특별자치도 순창군,5277000000,202602,2,6,7346
전북특별자치도 순창군,5277000000,202603,1,1,1576
전북특별자치도 순창군,5277000000,202603,1,2,1106
전북특별자치도 순창군,5277000000,202603,1,3,839
전북특별자치도 순창군,5277000000,202603,1,4,1449
전북특별자치도 순창군,5277000000,202603,1,5,2628
전북특별자치도 순창군,5277000000,202603,1,6,6091
전북특별자치도 순창군,5277000000,202603,2,1,1472
전북특별자치도 순창군,5277000000,202603,2,2,892
전북특별자치도 순창군,5277000000,202603,2,3,870
전북특별자치도 순창군,5277000000,202603,2,4,1319
전북특별자치도 순창군,5277000000,202603,2,5,2040
전북특별자치도 순창군,5277000000,202603,2,6,7345
전북특별자치도 순창군,5277000000,202604,1,1,1572
전북특별자치도 순창군,5277000000,202604,1,2,1097
전북특별자치도 순창군,5277000000,202604,1,3,838
전북특별자치도 순창군,5277000000,202604,1,4,1434
전북특별자치도 순창군,5277000000,202604,1,5,2643
전북특별자치도 순창군,5277000000,202604,1,6,6113
전북특별자치도 순창군,5277000000,202604,2,1,1465
전북특별자치도 순창군,5277000000,202604,2,2,892
전북특별자치도 순창군,5277000000,202604,2,3,858
전북특별자치도 순창군,5277000000,202604,2,4,1311
전북특별자치도 순창군,5277000000,202604,2,5,2025
전북특별자치도 순창군,5277000000,202604,2,6,7359
전북특별자치도 순창군,5277000000,202605,1,1,1567
전북특별자치도 순창군,5277000000,202605,1,2,1095
전북특별자치도 순창군,5277000000,202605,1,3,848
전북특별자치도 순창군,5277000000,202605,1,4,1420
전북특별자치도 순창군,5277000000,202605,1,5,2640
전북특별자치도 순창군,5277000000,202605,1,6,6139
전북특별자치도 순창군,5277000000,202605,2,1,1461
전북특별자치도 순창군,5277000000,202605,2,2,886
전북특별자치도 순창군,5277000000,202605,2,3,856
전북특별자치도 순창군,5277000000,202605,2,4,1315
전북특별자치도 순창군,5277000000,202605,2,5,2016
전북특별자치도 순창군,5277000000,202605,2,6,7368
전북특별자치도 순창군,5277000000,202606,1,1,1568
전북특별자치도 순창군,5277000000,202606,1,2,1090
전북특별자치도 순창군,5277000000,202606,1,3,847
전북특별자치도 순창군,5277000000,202606,1,4,1417
전북특별자치도 순창군,5277000000,202606,1,5,2630
전북특별자치도 순창군,5277000000,202606,1,6,6146
전북특별자치도 순창군,5277000000,202606,2,1,1453
전북특별자치도 순창군,5277000000,202606,2,2,881
전북특별자치도 순창군,5277000000,202606,2,3,849
전북특별자치도 순창군,5277000000,202606,2,4,1320
전북특별자치도 순창군,5277000000,202606,2,5,2006
전북특별자치도 순창군,5277000000,202606,2,6,7377
전북특별자치도 완주군,5271000000,202601,1,1,7462
전북특별자치도 완주군,5271000000,202601,1,2,4811
전북특별자치도 완주군,5271000000,202601,1,3,5906
전북특별자치도 완주군,5271000000,202601,1,4,6903
전북특별자치도 완주군,5271000000,202601,1,5,9277
전북특별자치도 완주군,5271000000,202601,1,6,17233
전북특별자치도 완주군,5271000000,202601,2,1,6963
전북특별자치도 완주군,5271000000,202601,2,2,3889
전북특별자치도 완주군,5271000000,202601,2,3,5403
전북특별자치도 완주군,5271000000,202601,2,4,6262
전북특별자치도 완주군,5271000000,202601,2,5,7647
전북특별자치도 완주군,5271000000,202601,2,6,18616
전북특별자치도 완주군,5271000000,202602,1,1,7435
전북특별자치도 완주군,5271000000,202602,1,2,4776
전북특별자치도 완주군,5271000000,202602,1,3,5901
전북특별자치도 완주군,5271000000,202602,1,4,6895
전북특별자치도 완주군,5271000000,202602,1,5,9294
전북특별자치도 완주군,5271000000,202602,1,6,17310
전북특별자치도 완주군,5271000000,202602,2,1,6932
전북특별자치도 완주군,5271000000,202602,2,2,3850
전북특별자치도 완주군,5271000000,202602,2,3,5392
전북특별자치도 완주군,5271000000,202602,2,4,6234
전북특별자치도 완주군,5271000000,202602,2,5,7670
전북특별자치도 완주군,5271000000,202602,2,6,18666
전북특별자치도 완주군,5271000000,202603,1,1,7380
전북특별자치도 완주군,5271000000,202603,1,2,4726
전북특별자치도 완주군,5271000000,202603,1,3,5885
전북특별자치도 완주군,5271000000,202603,1,4,6843
전북특별자치도 완주군,5271000000,202603,1,5,9221
전북특별자치도 완주군,5271000000,202603,1,6,17403
전북특별자치도 완주군,5271000000,202603,2,1,6914
전북특별자치도 완주군,5271000000,202603,2,2,3782
전북특별자치도 완주군,5271000000,202603,2,3,5390
전북특별자치도 완주군,5271000000,202603,2,4,6210
전북특별자치도 완주군,5271000000,202603,2,5,7664
전북특별자치도 완주군,5271000000,202603,2,6,18701
전북특별자치도 완주군,5271000000,202604,1,1,7356
전북특별자치도 완주군,5271000000,202604,1,2,4730
전북특별자치도 완주군,5271000000,202604,1,3,5892
전북특별자치도 완주군,5271000000,202604,1,4,6818
전북특별자치도 완주군,5271000000,202604,1,5,9205
전북특별자치도 완주군,5271000000,202604,1,6,17461
전북특별자치도 완주군,5271000000,202604,2,1,6898
전북특별자치도 완주군,5271000000,202604,2,2,3763
전북특별자치도 완주군,5271000000,202604,2,3,5383
전북특별자치도 완주군,5271000000,202604,2,4,6214
전북특별자치도 완주군,5271000000,202604,2,5,7662
전북특별자치도 완주군,5271000000,202604,2,6,18710
전북특별자치도 완주군,5271000000,202605,1,1,7345
전북특별자치도 완주군,5271000000,202605,1,2,4701
전북특별자치도 완주군,5271000000,202605,1,3,5894
전북특별자치도 완주군,5271000000,202605,1,4,6814
전북특별자치도 완주군,5271000000,202605,1,5,9152
전북특별자치도 완주군,5271000000,202605,1,6,17517
전북특별자치도 완주군,5271000000,202605,2,1,6881
전북특별자치도 완주군,5271000000,202605,2,2,3744
전북특별자치도 완주군,5271000000,202605,2,3,5396
전북특별자치도 완주군,5271000000,202605,2,4,6188
전북특별자치도 완주군,5271000000,202605,2,5,7682
전북특별자치도 완주군,5271000000,202605,2,6,18719
전북특별자치도 완주군,5271000000,202606,1,1,7321
전북특별자치도 완주군,5271000000,202606,1,2,4733
전북특별자치도 완주군,5271000000,202606,1,3,5909
전북특별자치도 완주군,5271000000,202606,1,4,6798
전북특별자치도 완주군,5271000000,202606,1,5,9132
전북특별자치도 완주군,5271000000,202606,1,6,17542
전북특별자치도 완주군,5271000000,202606,2,1,6861
전북특별자치도 완주군,5271000000,202606,2,2,3746
전북특별자치도 완주군,5271000000,202606,2,3,5411
전북특별자치도 완주군,5271000000,202606,2,4,6186
전북특별자치도 완주군,5271000000,202606,2,5,7689
전북특별자치도 완주군,5271000000,202606,2,6,18774
전북특별자치도 익산시,5214000000,202601,1,1,19043
전북특별자치도 익산시,5214000000,202601,1,2,15553
전북특별자치도 익산시,5214000000,202601,1,3,14474
전북특별자치도 익산시,5214000000,202601,1,4,17529
전북특별자치도 익산시,5214000000,202601,1,5,24046
전북특별자치도 익산시,5214000000,202601,1,6,42092
전북특별자치도 익산시,5214000000,202601,2,1,18343
전북특별자치도 익산시,5214000000,202601,2,2,12899
전북특별자치도 익산시,5214000000,202601,2,3,12723
전북특별자치도 익산시,5214000000,202601,2,4,16799
전북특별자치도 익산시,5214000000,202601,2,5,23461
전북특별자치도 익산시,5214000000,202601,2,6,50005
전북특별자치도 익산시,5214000000,202602,1,1,18963
전북특별자치도 익산시,5214000000,202602,1,2,15473
전북특별자치도 익산시,5214000000,202602,1,3,14459
전북특별자치도 익산시,5214000000,202602,1,4,17496
전북특별자치도 익산시,5214000000,202602,1,5,24015
전북특별자치도 익산시,5214000000,202602,1,6,42250
전북특별자치도 익산시,5214000000,202602,2,1,18295
전북특별자치도 익산시,5214000000,202602,2,2,12845
전북특별자치도 익산시,5214000000,202602,2,3,12690
전북특별자치도 익산시,5214000000,202602,2,4,16750
전북특별자치도 익산시,5214000000,202602,2,5,23440
전북특별자치도 익산시,5214000000,202602,2,6,50121
전북특별자치도 익산시,5214000000,202603,1,1,18991
전북특별자치도 익산시,5214000000,202603,1,2,15468
전북특별자치도 익산시,5214000000,202603,1,3,14534
전북특별자치도 익산시,5214000000,202603,1,4,17420
전북특별자치도 익산시,5214000000,202603,1,5,23938
전북특별자치도 익산시,5214000000,202603,1,6,42430
전북특별자치도 익산시,5214000000,202603,2,1,18302
전북특별자치도 익산시,5214000000,202603,2,2,12859
전북특별자치도 익산시,5214000000,202603,2,3,12725
전북특별자치도 익산시,5214000000,202603,2,4,16692
전북특별자치도 익산시,5214000000,202603,2,5,23369
전북특별자치도 익산시,5214000000,202603,2,6,50245
전북특별자치도 익산시,5214000000,202604,1,1,18948
전북특별자치도 익산시,5214000000,202604,1,2,15401
전북특별자치도 익산시,5214000000,202604,1,3,14602
전북특별자치도 익산시,5214000000,202604,1,4,17346
전북특별자치도 익산시,5214000000,202604,1,5,23943
전북특별자치도 익산시,5214000000,202604,1,6,42534
전북특별자치도 익산시,5214000000,202604,2,1,18259
전북특별자치도 익산시,5214000000,202604,2,2,12861
전북특별자치도 익산시,5214000000,202604,2,3,12743
전북특별자치도 익산시,5214000000,202604,2,4,16619
전북특별자치도 익산시,5214000000,202604,2,5,23367
전북특별자치도 익산시,5214000000,202604,2,6,50329
전북특별자치도 익산시,5214000000,202605,1,1,18887
전북특별자치도 익산시,5214000000,202605,1,2,15338
전북특별자치도 익산시,5214000000,202605,1,3,14645
전북특별자치도 익산시,5214000000,202605,1,4,17299
전북특별자치도 익산시,5214000000,202605,1,5,23893
전북특별자치도 익산시,5214000000,202605,1,6,42633
전북특별자치도 익산시,5214000000,202605,2,1,18211
전북특별자치도 익산시,5214000000,202605,2,2,12871
전북특별자치도 익산시,5214000000,202605,2,3,12710
전북특별자치도 익산시,5214000000,202605,2,4,16548
전북특별자치도 익산시,5214000000,202605,2,5,23355
전북특별자치도 익산시,5214000000,202605,2,6,50428
전북특별자치도 익산시,5214000000,202606,1,1,18828
전북특별자치도 익산시,5214000000,202606,1,2,15305
전북특별자치도 익산시,5214000000,202606,1,3,14688
전북특별자치도 익산시,5214000000,202606,1,4,17283
전북특별자치도 익산시,5214000000,202606,1,5,23845
전북특별자치도 익산시,5214000000,202606,1,6,42691
전북특별자치도 익산시,5214000000,202606,2,1,18177
전북특별자치도 익산시,5214000000,202606,2,2,12859
전북특별자치도 익산시,5214000000,202606,2,3,12726
전북특별자치도 익산시,5214000000,202606,2,4,16566
전북특별자치도 익산시,5214000000,202606,2,5,23292
전북특별자치도 익산시,5214000000,202606,2,6,50498
전북특별자치도 임실군,5275000000,202601,1,1,1218
전북특별자치도 임실군,5275000000,202601,1,2,857
전북특별자치도 임실군,5275000000,202601,1,3,882
전북특별자치도 임실군,5275000000,202601,1,4,1264
전북특별자치도 임실군,5275000000,202601,1,5,2293
전북특별자치도 임실군,5275000000,202601,1,6,6595
전북특별자치도 임실군,5275000000,202601,2,1,1113
전북특별자치도 임실군,5275000000,202601,2,2,593
전북특별자치도 임실군,5275000000,202601,2,3,735
전북특별자치도 임실군,5275000000,202601,2,4,907
전북특별자치도 임실군,5275000000,202601,2,5,1684
전북특별자치도 임실군,5275000000,202601,2,6,7157
전북특별자치도 임실군,5275000000,202602,1,1,1226
전북특별자치도 임실군,5275000000,202602,1,2,842
전북특별자치도 임실군,5275000000,202602,1,3,881
전북특별자치도 임실군,5275000000,202602,1,4,1267
전북특별자치도 임실군,5275000000,202602,1,5,2281
전북특별자치도 임실군,5275000000,202602,1,6,6623
전북특별자치도 임실군,5275000000,202602,2,1,1104
전북특별자치도 임실군,5275000000,202602,2,2,590
전북특별자치도 임실군,5275000000,202602,2,3,739
전북특별자치도 임실군,5275000000,202602,2,4,901
전북특별자치도 임실군,5275000000,202602,2,5,1683
전북특별자치도 임실군,5275000000,202602,2,6,7172
전북특별자치도 임실군,5275000000,202603,1,1,1218
전북특별자치도 임실군,5275000000,202603,1,2,838
전북특별자치도 임실군,5275000000,202603,1,3,877
전북특별자치도 임실군,5275000000,202603,1,4,1267
전북특별자치도 임실군,5275000000,202603,1,5,2260
전북특별자치도 임실군,5275000000,202603,1,6,6652
전북특별자치도 임실군,5275000000,202603,2,1,1091
전북특별자치도 임실군,5275000000,202603,2,2,583
전북특별자치도 임실군,5275000000,202603,2,3,743
전북특별자치도 임실군,5275000000,202603,2,4,901
전북특별자치도 임실군,5275000000,202603,2,5,1671
전북특별자치도 임실군,5275000000,202603,2,6,7199
전북특별자치도 임실군,5275000000,202604,1,1,1221
전북특별자치도 임실군,5275000000,202604,1,2,836
전북특별자치도 임실군,5275000000,202604,1,3,884
전북특별자치도 임실군,5275000000,202604,1,4,1269
전북특별자치도 임실군,5275000000,202604,1,5,2258
전북특별자치도 임실군,5275000000,202604,1,6,6663
전북특별자치도 임실군,5275000000,202604,2,1,1080
전북특별자치도 임실군,5275000000,202604,2,2,591
전북특별자치도 임실군,5275000000,202604,2,3,749
전북특별자치도 임실군,5275000000,202604,2,4,900
전북특별자치도 임실군,5275000000,202604,2,5,1671
전북특별자치도 임실군,5275000000,202604,2,6,7210
전북특별자치도 임실군,5275000000,202605,1,1,1223
전북특별자치도 임실군,5275000000,202605,1,2,833
전북특별자치도 임실군,5275000000,202605,1,3,884
전북특별자치도 임실군,5275000000,202605,1,4,1273
전북특별자치도 임실군,5275000000,202605,1,5,2244
전북특별자치도 임실군,5275000000,202605,1,6,6676
전북특별자치도 임실군,5275000000,202605,2,1,1081
전북특별자치도 임실군,5275000000,202605,2,2,596
전북특별자치도 임실군,5275000000,202605,2,3,748
전북특별자치도 임실군,5275000000,202605,2,4,899
전북특별자치도 임실군,5275000000,202605,2,5,1667
전북특별자치도 임실군,5275000000,202605,2,6,7223
전북특별자치도 임실군,5275000000,202606,1,1,1224
전북특별자치도 임실군,5275000000,202606,1,2,836
전북특별자치도 임실군,5275000000,202606,1,3,885
전북특별자치도 임실군,5275000000,202606,1,4,1273
전북특별자치도 임실군,5275000000,202606,1,5,2248
전북특별자치도 임실군,5275000000,202606,1,6,6691
전북특별자치도 임실군,5275000000,202606,2,1,1074
전북특별자치도 임실군,5275000000,202606,2,2,598
전북특별자치도 임실군,5275000000,202606,2,3,742
전북특별자치도 임실군,5275000000,202606,2,4,904
전북특별자치도 임실군,5275000000,202606,2,5,1654
전북특별자치도 임실군,5275000000,202606,2,6,7213
전북특별자치도 장수군,5274000000,202601,1,1,1099
전북특별자치도 장수군,5274000000,202601,1,2,744
전북특별자치도 장수군,5274000000,202601,1,3,649
전북특별자치도 장수군,5274000000,202601,1,4,1125
전북특별자치도 장수군,5274000000,202601,1,5,1933
전북특별자치도 장수군,5274000000,202601,1,6,5035
전북특별자치도 장수군,5274000000,202601,2,1,1037
전북특별자치도 장수군,5274000000,202601,2,2,591
전북특별자치도 장수군,5274000000,202601,2,3,590
전북특별자치도 장수군,5274000000,202601,2,4,868
전북특별자치도 장수군,5274000000,202601,2,5,1563
전북특별자치도 장수군,5274000000,202601,2,6,5781
전북특별자치도 장수군,5274000000,202602,1,1,1100
전북특별자치도 장수군,5274000000,202602,1,2,745
전북특별자치도 장수군,5274000000,202602,1,3,649
전북특별자치도 장수군,5274000000,202602,1,4,1131
전북특별자치도 장수군,5274000000,202602,1,5,1932
전북특별자치도 장수군,5274000000,202602,1,6,5051
전북특별자치도 장수군,5274000000,202602,2,1,1038
전북특별자치도 장수군,5274000000,202602,2,2,594
전북특별자치도 장수군,5274000000,202602,2,3,593
전북특별자치도 장수군,5274000000,202602,2,4,860
전북특별자치도 장수군,5274000000,202602,2,5,1568
전북특별자치도 장수군,5274000000,202602,2,6,5791
전북특별자치도 장수군,5274000000,202603,1,1,1098
전북특별자치도 장수군,5274000000,202603,1,2,747
전북특별자치도 장수군,5274000000,202603,1,3,656
전북특별자치도 장수군,5274000000,202603,1,4,1134
전북특별자치도 장수군,5274000000,202603,1,5,1921
전북특별자치도 장수군,5274000000,202603,1,6,5087
전북특별자치도 장수군,5274000000,202603,2,1,1029
전북특별자치도 장수군,5274000000,202603,2,2,594
전북특별자치도 장수군,5274000000,202603,2,3,602
전북특별자치도 장수군,5274000000,202603,2,4,866
전북특별자치도 장수군,5274000000,202603,2,5,1550
전북특별자치도 장수군,5274000000,202603,2,6,5806
전북특별자치도 장수군,5274000000,202604,1,1,1093
전북특별자치도 장수군,5274000000,202604,1,2,743
전북특별자치도 장수군,5274000000,202604,1,3,662
전북특별자치도 장수군,5274000000,202604,1,4,1128
전북특별자치도 장수군,5274000000,202604,1,5,1918
전북특별자치도 장수군,5274000000,202604,1,6,5116
전북특별자치도 장수군,5274000000,202604,2,1,1022
전북특별자치도 장수군,5274000000,202604,2,2,599
전북특별자치도 장수군,5274000000,202604,2,3,609
전북특별자치도 장수군,5274000000,202604,2,4,858
전북특별자치도 장수군,5274000000,202604,2,5,1552
전북특별자치도 장수군,5274000000,202604,2,6,5817
전북특별자치도 장수군,5274000000,202605,1,1,1093
전북특별자치도 장수군,5274000000,202605,1,2,744
전북특별자치도 장수군,5274000000,202605,1,3,662
전북특별자치도 장수군,5274000000,202605,1,4,1130
전북특별자치도 장수군,5274000000,202605,1,5,1911
전북특별자치도 장수군,5274000000,202605,1,6,5134
전북특별자치도 장수군,5274000000,202605,2,1,1021
전북특별자치도 장수군,5274000000,202605,2,2,602
전북특별자치도 장수군,5274000000,202605,2,3,612
전북특별자치도 장수군,5274000000,202605,2,4,856
전북특별자치도 장수군,5274000000,202605,2,5,1541
전북특별자치도 장수군,5274000000,202605,2,6,5838
전북특별자치도 장수군,5274000000,202606,1,1,1093
전북특별자치도 장수군,5274000000,202606,1,2,752
전북특별자치도 장수군,5274000000,202606,1,3,667
전북특별자치도 장수군,5274000000,202606,1,4,1129
전북특별자치도 장수군,5274000000,202606,1,5,1909
전북특별자치도 장수군,5274000000,202606,1,6,5149
전북특별자치도 장수군,5274000000,202606,2,1,1014
전북특별자치도 장수군,5274000000,202606,2,2,600
전북특별자치도 장수군,5274000000,202606,2,3,620
전북특별자치도 장수군,5274000000,202606,2,4,858
전북특별자치도 장수군,5274000000,202606,2,5,1535
전북특별자치도 장수군,5274000000,202606,2,6,5843
전북특별자치도 전주시 덕진구,5211300000,202601,1,1,28311
전북특별자치도 전주시 덕진구,5211300000,202601,1,2,19877
전북특별자치도 전주시 덕진구,5211300000,202601,1,3,19842
전북특별자치도 전주시 덕진구,5211300000,202601,1,4,23925
전북특별자치도 전주시 덕진구,5211300000,202601,1,5,26041
전북특별자치도 전주시 덕진구,5211300000,202601,1,6,35218
전북특별자치도 전주시 덕진구,5211300000,202601,2,1,27223
전북특별자치도 전주시 덕진구,5211300000,202601,2,2,17460
전북특별자치도 전주시 덕진구,5211300000,202601,2,3,18336
전북특별자치도 전주시 덕진구,5211300000,202601,2,4,24316
전북특별자치도 전주시 덕진구,5211300000,202601,2,5,25538
전북특별자치도 전주시 덕진구,5211300000,202601,2,6,42354
전북특별자치도 전주시 덕진구,5211300000,202602,1,1,28255
전북특별자치도 전주시 덕진구,5211300000,202602,1,2,19855
전북특별자치도 전주시 덕진구,5211300000,202602,1,3,19737
전북특별자치도 전주시 덕진구,5211300000,202602,1,4,23908
전북특별자치도 전주시 덕진구,5211300000,202602,1,5,26072
전북특별자치도 전주시 덕진구,5211300000,202602,1,6,35301
전북특별자치도 전주시 덕진구,5211300000,202602,2,1,27178
전북특별자치도 전주시 덕진구,5211300000,202602,2,2,17418
전북특별자치도 전주시 덕진구,5211300000,202602,2,3,18199
전북특별자치도 전주시 덕진구,5211300000,202602,2,4,24279
전북특별자치도 전주시 덕진구,5211300000,202602,2,5,25540
전북특별자치도 전주시 덕진구,5211300000,202602,2,6,42474
전북특별자치도 전주시 덕진구,5211300000,202603,1,1,28227
전북특별자치도 전주시 덕진구,5211300000,202603,1,2,19867
전북특별자치도 전주시 덕진구,5211300000,202603,1,3,19751
전북특별자치도 전주시 덕진구,5211300000,202603,1,4,23806
전북특별자치도 전주시 덕진구,5211300000,202603,1,5,26047
전북특별자치도 전주시 덕진구,5211300000,202603,1,6,35428
전북특별자치도 전주시 덕진구,5211300000,202603,2,1,27122
전북특별자치도 전주시 덕진구,5211300000,202603,2,2,17416
전북특별자치도 전주시 덕진구,5211300000,202603,2,3,18201
전북특별자치도 전주시 덕진구,5211300000,202603,2,4,24150
전북특별자치도 전주시 덕진구,5211300000,202603,2,5,25495
전북특별자치도 전주시 덕진구,5211300000,202603,2,6,42669
전북특별자치도 전주시 덕진구,5211300000,202604,1,1,28152
전북특별자치도 전주시 덕진구,5211300000,202604,1,2,19780
전북특별자치도 전주시 덕진구,5211300000,202604,1,3,19736
전북특별자치도 전주시 덕진구,5211300000,202604,1,4,23721
전북특별자치도 전주시 덕진구,5211300000,202604,1,5,26058
전북특별자치도 전주시 덕진구,5211300000,202604,1,6,35497
전북특별자치도 전주시 덕진구,5211300000,202604,2,1,27035
전북특별자치도 전주시 덕진구,5211300000,202604,2,2,17372
전북특별자치도 전주시 덕진구,5211300000,202604,2,3,18183
전북특별자치도 전주시 덕진구,5211300000,202604,2,4,24067
전북특별자치도 전주시 덕진구,5211300000,202604,2,5,25480
전북특별자치도 전주시 덕진구,5211300000,202604,2,6,42761
전북특별자치도 전주시 덕진구,5211300000,202605,1,1,28056
전북특별자치도 전주시 덕진구,5211300000,202605,1,2,19776
전북특별자치도 전주시 덕진구,5211300000,202605,1,3,19739
전북특별자치도 전주시 덕진구,5211300000,202605,1,4,23660
전북특별자치도 전주시 덕진구,5211300000,202605,1,5,26040
전북특별자치도 전주시 덕진구,5211300000,202605,1,6,35592
전북특별자치도 전주시 덕진구,5211300000,202605,2,1,26958
전북특별자치도 전주시 덕진구,5211300000,202605,2,2,17361
전북특별자치도 전주시 덕진구,5211300000,202605,2,3,18214
전북특별자치도 전주시 덕진구,5211300000,202605,2,4,23961
전북특별자치도 전주시 덕진구,5211300000,202605,2,5,25514
전북특별자치도 전주시 덕진구,5211300000,202605,2,6,42855
전북특별자치도 전주시 덕진구,5211300000,202606,1,1,27995
전북특별자치도 전주시 덕진구,5211300000,202606,1,2,19678
전북특별자치도 전주시 덕진구,5211300000,202606,1,3,19687
전북특별자치도 전주시 덕진구,5211300000,202606,1,4,23664
전북특별자치도 전주시 덕진구,5211300000,202606,1,5,26002
전북특별자치도 전주시 덕진구,5211300000,202606,1,6,35589
전북특별자치도 전주시 덕진구,5211300000,202606,2,1,26912
전북특별자치도 전주시 덕진구,5211300000,202606,2,2,17310
전북특별자치도 전주시 덕진구,5211300000,202606,2,3,18229
전북특별자치도 전주시 덕진구,5211300000,202606,2,4,23943
전북특별자치도 전주시 덕진구,5211300000,202606,2,5,25482
전북특별자치도 전주시 덕진구,5211300000,202606,2,6,42854
전북특별자치도 전주시 완산구,5211100000,202601,1,1,24267
전북특별자치도 전주시 완산구,5211100000,202601,1,2,20231
전북특별자치도 전주시 완산구,5211100000,202601,1,3,18868
전북특별자치도 전주시 완산구,5211100000,202601,1,4,21235
전북특별자치도 전주시 완산구,5211100000,202601,1,5,27034
전북특별자치도 전주시 완산구,5211100000,202601,1,6,41313
전북특별자치도 전주시 완산구,5211100000,202601,2,1,22956
전북특별자치도 전주시 완산구,5211100000,202601,2,2,18679
전북특별자치도 전주시 완산구,5211100000,202601,2,3,17574
전북특별자치도 전주시 완산구,5211100000,202601,2,4,22404
전북특별자치도 전주시 완산구,5211100000,202601,2,5,29323
전북특별자치도 전주시 완산구,5211100000,202601,2,6,51916
전북특별자치도 전주시 완산구,5211100000,202602,1,1,24136
전북특별자치도 전주시 완산구,5211100000,202602,1,2,20103
전북특별자치도 전주시 완산구,5211100000,202602,1,3,18869
전북특별자치도 전주시 완산구,5211100000,202602,1,4,21208
전북특별자치도 전주시 완산구,5211100000,202602,1,5,26943
전북특별자치도 전주시 완산구,5211100000,202602,1,6,41439
전북특별자치도 전주시 완산구,5211100000,202602,2,1,22815
전북특별자치도 전주시 완산구,5211100000,202602,2,2,18535
전북특별자치도 전주시 완산구,5211100000,202602,2,3,17491
전북특별자치도 전주시 완산구,5211100000,202602,2,4,22336
전북특별자치도 전주시 완산구,5211100000,202602,2,5,29288
전북특별자치도 전주시 완산구,5211100000,202602,2,6,52054
전북특별자치도 전주시 완산구,5211100000,202603,1,1,24001
전북특별자치도 전주시 완산구,5211100000,202603,1,2,20008
전북특별자치도 전주시 완산구,5211100000,202603,1,3,18955
전북특별자치도 전주시 완산구,5211100000,202603,1,4,21094
전북특별자치도 전주시 완산구,5211100000,202603,1,5,26820
전북특별자치도 전주시 완산구,5211100000,202603,1,6,41610
전북특별자치도 전주시 완산구,5211100000,202603,2,1,22729
전북특별자치도 전주시 완산구,5211100000,202603,2,2,18419
전북특별자치도 전주시 완산구,5211100000,202603,2,3,17475
전북특별자치도 전주시 완산구,5211100000,202603,2,4,22190
전북특별자치도 전주시 완산구,5211100000,202603,2,5,29191
전북특별자치도 전주시 완산구,5211100000,202603,2,6,52244
전북특별자치도 전주시 완산구,5211100000,202604,1,1,23906
전북특별자치도 전주시 완산구,5211100000,202604,1,2,19917
전북특별자치도 전주시 완산구,5211100000,202604,1,3,19016
전북특별자치도 전주시 완산구,5211100000,202604,1,4,21016
전북특별자치도 전주시 완산구,5211100000,202604,1,5,26776
전북특별자치도 전주시 완산구,5211100000,202604,1,6,41689
전북특별자치도 전주시 완산구,5211100000,202604,2,1,22679
전북특별자치도 전주시 완산구,5211100000,202604,2,2,18337
전북특별자치도 전주시 완산구,5211100000,202604,2,3,17496
전북특별자치도 전주시 완산구,5211100000,202604,2,4,22099
전북특별자치도 전주시 완산구,5211100000,202604,2,5,29105
전북특별자치도 전주시 완산구,5211100000,202604,2,6,52364
전북특별자치도 전주시 완산구,5211100000,202605,1,1,23820
전북특별자치도 전주시 완산구,5211100000,202605,1,2,19817
전북특별자치도 전주시 완산구,5211100000,202605,1,3,19007
전북특별자치도 전주시 완산구,5211100000,202605,1,4,20955
전북특별자치도 전주시 완산구,5211100000,202605,1,5,26732
전북특별자치도 전주시 완산구,5211100000,202605,1,6,41797
전북특별자치도 전주시 완산구,5211100000,202605,2,1,22621
전북특별자치도 전주시 완산구,5211100000,202605,2,2,18228
전북특별자치도 전주시 완산구,5211100000,202605,2,3,17484
전북특별자치도 전주시 완산구,5211100000,202605,2,4,22033
전북특별자치도 전주시 완산구,5211100000,202605,2,5,29048
전북특별자치도 전주시 완산구,5211100000,202605,2,6,52492
전북특별자치도 전주시 완산구,5211100000,202606,1,1,23740
전북특별자치도 전주시 완산구,5211100000,202606,1,2,19722
전북특별자치도 전주시 완산구,5211100000,202606,1,3,18968
전북특별자치도 전주시 완산구,5211100000,202606,1,4,20926
전북특별자치도 전주시 완산구,5211100000,202606,1,5,26670
전북특별자치도 전주시 완산구,5211100000,202606,1,6,41856
전북특별자치도 전주시 완산구,5211100000,202606,2,1,22533
전북특별자치도 전주시 완산구,5211100000,202606,2,2,18158
전북특별자치도 전주시 완산구,5211100000,202606,2,3,17425
전북특별자치도 전주시 완산구,5211100000,202606,2,4,22016
전북특별자치도 전주시 완산구,5211100000,202606,2,5,28962
전북특별자치도 전주시 완산구,5211100000,202606,2,6,52553
전북특별자치도 정읍시,5218000000,202601,1,1,6436
전북특별자치도 정읍시,5218000000,202601,1,2,4634
전북특별자치도 정읍시,5218000000,202601,1,3,4280
전북특별자치도 정읍시,5218000000,202601,1,4,5982
전북특별자치도 정읍시,5218000000,202601,1,5,9550
전북특별자치도 정읍시,5218000000,202601,1,6,19674
전북특별자치도 정읍시,5218000000,202601,2,1,5874
전북특별자치도 정읍시,5218000000,202601,2,2,3597
전북특별자치도 정읍시,5218000000,202601,2,3,3645
전북특별자치도 정읍시,5218000000,202601,2,4,5507
전북특별자치도 정읍시,5218000000,202601,2,5,8277
전북특별자치도 정읍시,5218000000,202601,2,6,23673
전북특별자치도 정읍시,5218000000,202602,1,1,6420
전북특별자치도 정읍시,5218000000,202602,1,2,4583
전북특별자치도 정읍시,5218000000,202602,1,3,4283
전북특별자치도 정읍시,5218000000,202602,1,4,5954
전북특별자치도 정읍시,5218000000,202602,1,5,9560
전북특별자치도 정읍시,5218000000,202602,1,6,19721
전북특별자치도 정읍시,5218000000,202602,2,1,5844
전북특별자치도 정읍시,5218000000,202602,2,2,3541
전북특별자치도 정읍시,5218000000,202602,2,3,3637
전북특별자치도 정읍시,5218000000,202602,2,4,5486
전북특별자치도 정읍시,5218000000,202602,2,5,8266
전북특별자치도 정읍시,5218000000,202602,2,6,23685
전북특별자치도 정읍시,5218000000,202603,1,1,6372
전북특별자치도 정읍시,5218000000,202603,1,2,4520
전북특별자치도 정읍시,5218000000,202603,1,3,4300
전북특별자치도 정읍시,5218000000,202603,1,4,5906
전북특별자치도 정읍시,5218000000,202603,1,5,9546
전북특별자치도 정읍시,5218000000,202603,1,6,19796
전북특별자치도 정읍시,5218000000,202603,2,1,5807
전북특별자치도 정읍시,5218000000,202603,2,2,3486
전북특별자치도 정읍시,5218000000,202603,2,3,3651
전북특별자치도 정읍시,5218000000,202603,2,4,5457
전북특별자치도 정읍시,5218000000,202603,2,5,8238
전북특별자치도 정읍시,5218000000,202603,2,6,23716
전북특별자치도 정읍시,5218000000,202604,1,1,6356
전북특별자치도 정읍시,5218000000,202604,1,2,4491
전북특별자치도 정읍시,5218000000,202604,1,3,4306
전북특별자치도 정읍시,5218000000,202604,1,4,5869
전북특별자치도 정읍시,5218000000,202604,1,5,9522
전북특별자치도 정읍시,5218000000,202604,1,6,19848
전북특별자치도 정읍시,5218000000,202604,2,1,5800
전북특별자치도 정읍시,5218000000,202604,2,2,3490
전북특별자치도 정읍시,5218000000,202604,2,3,3647
전북특별자치도 정읍시,5218000000,202604,2,4,5444
전북특별자치도 정읍시,5218000000,202604,2,5,8218
전북특별자치도 정읍시,5218000000,202604,2,6,23733
전북특별자치도 정읍시,5218000000,202605,1,1,6325
전북특별자치도 정읍시,5218000000,202605,1,2,4472
전북특별자치도 정읍시,5218000000,202605,1,3,4305
전북특별자치도 정읍시,5218000000,202605,1,4,5843
전북특별자치도 정읍시,5218000000,202605,1,5,9507
전북특별자치도 정읍시,5218000000,202605,1,6,19903
전북특별자치도 정읍시,5218000000,202605,2,1,5784
전북특별자치도 정읍시,5218000000,202605,2,2,3486
전북특별자치도 정읍시,5218000000,202605,2,3,3655
전북특별자치도 정읍시,5218000000,202605,2,4,5437
전북특별자치도 정읍시,5218000000,202605,2,5,8219
전북특별자치도 정읍시,5218000000,202605,2,6,23747
전북특별자치도 정읍시,5218000000,202606,1,1,6311
전북특별자치도 정읍시,5218000000,202606,1,2,4470
전북특별자치도 정읍시,5218000000,202606,1,3,4303
전북특별자치도 정읍시,5218000000,202606,1,4,5849
전북특별자치도 정읍시,5218000000,202606,1,5,9513
전북특별자치도 정읍시,5218000000,202606,1,6,19932
전북특별자치도 정읍시,5218000000,202606,2,1,5776
전북특별자치도 정읍시,5218000000,202606,2,2,3481
전북특별자치도 정읍시,5218000000,202606,2,3,3677
전북특별자치도 정읍시,5218000000,202606,2,4,5456
전북특별자치도 정읍시,5218000000,202606,2,5,8206
전북특별자치도 정읍시,5218000000,202606,2,6,23764
전북특별자치도 진안군,5272000000,202601,1,1,1161
전북특별자치도 진안군,5272000000,202601,1,2,874
전북특별자치도 진안군,5272000000,202601,1,3,680
전북특별자치도 진안군,5272000000,202601,1,4,1128
전북특별자치도 진안군,5272000000,202601,1,5,2298
전북특별자치도 진안군,5272000000,202601,1,6,6290
전북특별자치도 진안군,5272000000,202601,2,1,1138
전북특별자치도 진안군,5272000000,202601,2,2,663
전북특별자치도 진안군,5272000000,202601,2,3,690
전북특별자치도 진안군,5272000000,202601,2,4,930
전북특별자치도 진안군,5272000000,202601,2,5,1756
전북특별자치도 진안군,5272000000,202601,2,6,6676
전북특별자치도 진안군,5272000000,202602,1,1,1163
전북특별자치도 진안군,5272000000,202602,1,2,870
전북특별자치도 진안군,5272000000,202602,1,3,673
전북특별자치도 진안군,5272000000,202602,1,4,1126
전북특별자치도 진안군,5272000000,202602,1,5,2284
전북특별자치도 진안군,5272000000,202602,1,6,6321
전북특별자치도 진안군,5272000000,202602,2,1,1139
전북특별자치도 진안군,5272000000,202602,2,2,653
전북특별자치도 진안군,5272000000,202602,2,3,687
전북특별자치도 진안군,5272000000,202602,2,4,935
전북특별자치도 진안군,5272000000,202602,2,5,1745
전북특별자치도 진안군,5272000000,202602,2,6,6693
전북특별자치도 진안군,5272000000,202603,1,1,1155
전북특별자치도 진안군,5272000000,202603,1,2,863
전북특별자치도 진안군,5272000000,202603,1,3,667
전북특별자치도 진안군,5272000000,202603,1,4,1122
전북특별자치도 진안군,5272000000,202603,1,5,2275
전북특별자치도 진안군,5272000000,202603,1,6,6353
전북특별자치도 진안군,5272000000,202603,2,1,1133
전북특별자치도 진안군,5272000000,202603,2,2,656
전북특별자치도 진안군,5272000000,202603,2,3,691
전북특별자치도 진안군,5272000000,202603,2,4,944
전북특별자치도 진안군,5272000000,202603,2,5,1738
전북특별자치도 진안군,5272000000,202603,2,6,6724
전북특별자치도 진안군,5272000000,202604,1,1,1160
전북특별자치도 진안군,5272000000,202604,1,2,860
전북특별자치도 진안군,5272000000,202604,1,3,670
전북특별자치도 진안군,5272000000,202604,1,4,1118
전북특별자치도 진안군,5272000000,202604,1,5,2275
전북특별자치도 진안군,5272000000,202604,1,6,6383
전북특별자치도 진안군,5272000000,202604,2,1,1134
전북특별자치도 진안군,5272000000,202604,2,2,648
전북특별자치도 진안군,5272000000,202604,2,3,687
전북특별자치도 진안군,5272000000,202604,2,4,949
전북특별자치도 진안군,5272000000,202604,2,5,1740
전북특별자치도 진안군,5272000000,202604,2,6,6749
전북특별자치도 진안군,5272000000,202605,1,1,1165
전북특별자치도 진안군,5272000000,202605,1,2,858
전북특별자치도 진안군,5272000000,202605,1,3,675
전북특별자치도 진안군,5272000000,202605,1,4,1107
전북특별자치도 진안군,5272000000,202605,1,5,2274
전북특별자치도 진안군,5272000000,202605,1,6,6409
전북특별자치도 진안군,5272000000,202605,2,1,1122
전북특별자치도 진안군,5272000000,202605,2,2,658
전북특별자치도 진안군,5272000000,202605,2,3,693
전북특별자치도 진안군,5272000000,202605,2,4,950
전북특별자치도 진안군,5272000000,202605,2,5,1740
전북특별자치도 진안군,5272000000,202605,2,6,6763
전북특별자치도 진안군,5272000000,202606,1,1,1174
전북특별자치도 진안군,5272000000,202606,1,2,875
전북특별자치도 진안군,5272000000,202606,1,3,704
전북특별자치도 진안군,5272000000,202606,1,4,1114
전북특별자치도 진안군,5272000000,202606,1,5,2286
전북특별자치도 진안군,5272000000,202606,1,6,6453
전북특별자치도 진안군,5272000000,202606,2,1,1127
전북특별자치도 진안군,5272000000,202606,2,2,679
전북특별자치도 진안군,5272000000,202606,2,3,707
전북특별자치도 진안군,5272000000,202606,2,4,953
전북특별자치도 진안군,5272000000,202606,2,5,1777
전북특별자치도 진안군,5272000000,202606,2,6,6840
제주특별자치도 서귀포시,5013000000,202601,1,1,14719
제주특별자치도 서귀포시,5013000000,202601,1,2,8066
제주특별자치도 서귀포시,5013000000,202601,1,3,8644
제주특별자치도 서귀포시,5013000000,202601,1,4,13489
제주특별자치도 서귀포시,5013000000,202601,1,5,17539
제주특별자치도 서귀포시,5013000000,202601,1,6,27726
제주특별자치도 서귀포시,5013000000,202601,2,1,13835
제주특별자치도 서귀포시,5013000000,202601,2,2,6517
제주특별자치도 서귀포시,5013000000,202601,2,3,8399
제주특별자치도 서귀포시,5013000000,202601,2,4,13276
제주특별자치도 서귀포시,5013000000,202601,2,5,15136
제주특별자치도 서귀포시,5013000000,202601,2,6,31886
제주특별자치도 서귀포시,5013000000,202602,1,1,14675
제주특별자치도 서귀포시,5013000000,202602,1,2,7986
제주특별자치도 서귀포시,5013000000,202602,1,3,8614
제주특별자치도 서귀포시,5013000000,202602,1,4,13445
제주특별자치도 서귀포시,5013000000,202602,1,5,17538
제주특별자치도 서귀포시,5013000000,202602,1,6,27800
제주특별자치도 서귀포시,5013000000,202602,2,1,13784
제주특별자치도 서귀포시,5013000000,202602,2,2,6434
제주특별자치도 서귀포시,5013000000,202602,2,3,8363
제주특별자치도 서귀포시,5013000000,202602,2,4,13279
제주특별자치도 서귀포시,5013000000,202602,2,5,15139
제주특별자치도 서귀포시,5013000000,202602,2,6,31943
제주특별자치도 서귀포시,5013000000,202603,1,1,14646
제주특별자치도 서귀포시,5013000000,202603,1,2,7899
제주특별자치도 서귀포시,5013000000,202603,1,3,8608
제주특별자치도 서귀포시,5013000000,202603,1,4,13417
제주특별자치도 서귀포시,5013000000,202603,1,5,17470
제주특별자치도 서귀포시,5013000000,202603,1,6,27950
제주특별자치도 서귀포시,5013000000,202603,2,1,13732
제주특별자치도 서귀포시,5013000000,202603,2,2,6352
제주특별자치도 서귀포시,5013000000,202603,2,3,8336
제주특별자치도 서귀포시,5013000000,202603,2,4,13251
제주특별자치도 서귀포시,5013000000,202603,2,5,15034
제주특별자치도 서귀포시,5013000000,202603,2,6,32099
제주특별자치도 서귀포시,5013000000,202604,1,1,14642
제주특별자치도 서귀포시,5013000000,202604,1,2,7872
제주특별자치도 서귀포시,5013000000,202604,1,3,8634
제주특별자치도 서귀포시,5013000000,202604,1,4,13387
제주특별자치도 서귀포시,5013000000,202604,1,5,17479
제주특별자치도 서귀포시,5013000000,202604,1,6,28037
제주특별자치도 서귀포시,5013000000,202604,2,1,13743
제주특별자치도 서귀포시,5013000000,202604,2,2,6338
제주특별자치도 서귀포시,5013000000,202604,2,3,8317
제주특별자치도 서귀포시,5013000000,202604,2,4,13241
제주특별자치도 서귀포시,5013000000,202604,2,5,15069
제주특별자치도 서귀포시,5013000000,202604,2,6,32139
제주특별자치도 서귀포시,5013000000,202605,1,1,14600
제주특별자치도 서귀포시,5013000000,202605,1,2,7857
제주특별자치도 서귀포시,5013000000,202605,1,3,8615
제주특별자치도 서귀포시,5013000000,202605,1,4,13364
제주특별자치도 서귀포시,5013000000,202605,1,5,17428
제주특별자치도 서귀포시,5013000000,202605,1,6,28131
제주특별자치도 서귀포시,5013000000,202605,2,1,13718
제주특별자치도 서귀포시,5013000000,202605,2,2,6286
제주특별자치도 서귀포시,5013000000,202605,2,3,8332
제주특별자치도 서귀포시,5013000000,202605,2,4,13220
제주특별자치도 서귀포시,5013000000,202605,2,5,15058
제주특별자치도 서귀포시,5013000000,202605,2,6,32189
제주특별자치도 서귀포시,5013000000,202606,1,1,14513
제주특별자치도 서귀포시,5013000000,202606,1,2,7863
제주특별자치도 서귀포시,5013000000,202606,1,3,8628
제주특별자치도 서귀포시,5013000000,202606,1,4,13302
제주특별자치도 서귀포시,5013000000,202606,1,5,17447
제주특별자치도 서귀포시,5013000000,202606,1,6,28185
제주특별자치도 서귀포시,5013000000,202606,2,1,13690
제주특별자치도 서귀포시,5013000000,202606,2,2,6296
제주특별자치도 서귀포시,5013000000,202606,2,3,8297
제주특별자치도 서귀포시,5013000000,202606,2,4,13199
제주특별자치도 서귀포시,5013000000,202606,2,5,15032
제주특별자치도 서귀포시,5013000000,202606,2,6,32217
제주특별자치도 제주시,5011000000,202601,1,1,43815
제주특별자치도 제주시,5011000000,202601,1,2,26834
제주특별자치도 제주시,5011000000,202601,1,3,30456
제주특별자치도 제주시,5011000000,202601,1,4,37965
제주특별자치도 제주시,5011000000,202601,1,5,43936
제주특별자치도 제주시,5011000000,202601,1,6,58602
제주특별자치도 제주시,5011000000,202601,2,1,41698
제주특별자치도 제주시,5011000000,202601,2,2,23891
제주특별자치도 제주시,5011000000,202601,2,3,29311
제주특별자치도 제주시,5011000000,202601,2,4,37318
제주특별자치도 제주시,5011000000,202601,2,5,42353
제주특별자치도 제주시,5011000000,202601,2,6,68584
제주특별자치도 제주시,5011000000,202602,1,1,43698
제주특별자치도 제주시,5011000000,202602,1,2,26669
제주특별자치도 제주시,5011000000,202602,1,3,30434
제주특별자치도 제주시,5011000000,202602,1,4,37912
제주특별자치도 제주시,5011000000,202602,1,5,43930
제주특별자치도 제주시,5011000000,202602,1,6,58825
제주특별자치도 제주시,5011000000,202602,2,1,41571
제주특별자치도 제주시,5011000000,202602,2,2,23710
제주특별자치도 제주시,5011000000,202602,2,3,29320
제주특별자치도 제주시,5011000000,202602,2,4,37290
제주특별자치도 제주시,5011000000,202602,2,5,42330
제주특별자치도 제주시,5011000000,202602,2,6,68825
제주특별자치도 제주시,5011000000,202603,1,1,43520
제주특별자치도 제주시,5011000000,202603,1,2,26531
제주특별자치도 제주시,5011000000,202603,1,3,30477
제주특별자치도 제주시,5011000000,202603,1,4,37832
제주특별자치도 제주시,5011000000,202603,1,5,43798
제주특별자치도 제주시,5011000000,202603,1,6,59178
제주특별자치도 제주시,5011000000,202603,2,1,41455
제주특별자치도 제주시,5011000000,202603,2,2,23612
제주특별자치도 제주시,5011000000,202603,2,3,29379
제주특별자치도 제주시,5011000000,202603,2,4,37272
제주특별자치도 제주시,5011000000,202603,2,5,42206
제주특별자치도 제주시,5011000000,202603,2,6,69123
제주특별자치도 제주시,5011000000,202604,1,1,43416
제주특별자치도 제주시,5011000000,202604,1,2,26481
제주특별자치도 제주시,5011000000,202604,1,3,30508
제주특별자치도 제주시,5011000000,202604,1,4,37761
제주특별자치도 제주시,5011000000,202604,1,5,43793
제주특별자치도 제주시,5011000000,202604,1,6,59351
제주특별자치도 제주시,5011000000,202604,2,1,41361
제주특별자치도 제주시,5011000000,202604,2,2,23564
제주특별자치도 제주시,5011000000,202604,2,3,29385
제주특별자치도 제주시,5011000000,202604,2,4,37255
제주특별자치도 제주시,5011000000,202604,2,5,42166
제주특별자치도 제주시,5011000000,202604,2,6,69290
제주특별자치도 제주시,5011000000,202605,1,1,43339
제주특별자치도 제주시,5011000000,202605,1,2,26374
제주특별자치도 제주시,5011000000,202605,1,3,30502
제주특별자치도 제주시,5011000000,202605,1,4,37732
제주특별자치도 제주시,5011000000,202605,1,5,43737
제주특별자치도 제주시,5011000000,202605,1,6,59549
제주특별자치도 제주시,5011000000,202605,2,1,41300
제주특별자치도 제주시,5011000000,202605,2,2,23414
제주특별자치도 제주시,5011000000,202605,2,3,29395
제주특별자치도 제주시,5011000000,202605,2,4,37249
제주특별자치도 제주시,5011000000,202605,2,5,42123
제주특별자치도 제주시,5011000000,202605,2,6,69457
제주특별자치도 제주시,5011000000,202606,1,1,43290
제주특별자치도 제주시,5011000000,202606,1,2,26260
제주특별자치도 제주시,5011000000,202606,1,3,30518
제주특별자치도 제주시,5011000000,202606,1,4,37688
제주특별자치도 제주시,5011000000,202606,1,5,43742
제주특별자치도 제주시,5011000000,202606,1,6,59688
제주특별자치도 제주시,5011000000,202606,2,1,41266
제주특별자치도 제주시,5011000000,202606,2,2,23348
제주특별자치도 제주시,5011000000,202606,2,3,29440
제주특별자치도 제주시,5011000000,202606,2,4,37182
제주특별자치도 제주시,5011000000,202606,2,5,42105
제주특별자치도 제주시,5011000000,202606,2,6,69596
충청남도 계룡시,4425000000,202601,1,1,4774
충청남도 계룡시,4425000000,202601,1,2,2487
충청남도 계룡시,4425000000,202601,1,3,2720
충청남도 계룡시,4425000000,202601,1,4,3780
충청남도 계룡시,4425000000,202601,1,5,4112
충청남도 계룡시,4425000000,202601,1,6,4955
충청남도 계룡시,4425000000,202601,2,1,4508
충청남도 계룡시,4425000000,202601,2,2,1928
충청남도 계룡시,4425000000,202601,2,3,2502
충청남도 계룡시,4425000000,202601,2,4,4051
충청남도 계룡시,4425000000,202601,2,5,4218
충청남도 계룡시,4425000000,202601,2,6,5850
충청남도 계룡시,4425000000,202602,1,1,4814
충청남도 계룡시,4425000000,202602,1,2,2464
충청남도 계룡시,4425000000,202602,1,3,2734
충청남도 계룡시,4425000000,202602,1,4,3779
충청남도 계룡시,4425000000,202602,1,5,4103
충청남도 계룡시,4425000000,202602,1,6,4983
충청남도 계룡시,4425000000,202602,2,1,4528
충청남도 계룡시,4425000000,202602,2,2,1917
충청남도 계룡시,4425000000,202602,2,3,2513
충청남도 계룡시,4425000000,202602,2,4,4034
충청남도 계룡시,4425000000,202602,2,5,4245
충청남도 계룡시,4425000000,202602,2,6,5876
충청남도 계룡시,4425000000,202603,1,1,4767
충청남도 계룡시,4425000000,202603,1,2,2464
충청남도 계룡시,4425000000,202603,1,3,2752
충청남도 계룡시,4425000000,202603,1,4,3756
충청남도 계룡시,4425000000,202603,1,5,4103
충청남도 계룡시,4425000000,202603,1,6,5001
충청남도 계룡시,4425000000,202603,2,1,4520
충청남도 계룡시,4425000000,202603,2,2,1905
충청남도 계룡시,4425000000,202603,2,3,2534
충청남도 계룡시,4425000000,202603,2,4,4011
충청남도 계룡시,4425000000,202603,2,5,4245
충청남도 계룡시,4425000000,202603,2,6,5901
충청남도 계룡시,4425000000,202604,1,1,4766
충청남도 계룡시,4425000000,202604,1,2,2434
충청남도 계룡시,4425000000,202604,1,3,2757
충청남도 계룡시,4425000000,202604,1,4,3759
충청남도 계룡시,4425000000,202604,1,5,4102
충청남도 계룡시,4425000000,202604,1,6,5022
충청남도 계룡시,4425000000,202604,2,1,4503
충청남도 계룡시,4425000000,202604,2,2,1903
충청남도 계룡시,4425000000,202604,2,3,2541
충청남도 계룡시,4425000000,202604,2,4,3993
충청남도 계룡시,4425000000,202604,2,5,4263
충청남도 계룡시,4425000000,202604,2,6,5917
충청남도 계룡시,4425000000,202605,1,1,4764
충청남도 계룡시,4425000000,202605,1,2,2449
충청남도 계룡시,4425000000,202605,1,3,2745
충청남도 계룡시,4425000000,202605,1,4,3757
충청남도 계룡시,4425000000,202605,1,5,4100
충청남도 계룡시,4425000000,202605,1,6,5036
충청남도 계룡시,4425000000,202605,2,1,4496
충청남도 계룡시,4425000000,202605,2,2,1908
충청남도 계룡시,4425000000,202605,2,3,2542
충청남도 계룡시,4425000000,202605,2,4,3982
충청남도 계룡시,4425000000,202605,2,5,4256
충청남도 계룡시,4425000000,202605,2,6,5937
충청남도 계룡시,4425000000,202606,1,1,4755
충청남도 계룡시,4425000000,202606,1,2,2442
충청남도 계룡시,4425000000,202606,1,3,2736
충청남도 계룡시,4425000000,202606,1,4,3762
충청남도 계룡시,4425000000,202606,1,5,4095
충청남도 계룡시,4425000000,202606,1,6,5049
충청남도 계룡시,4425000000,202606,2,1,4491
충청남도 계룡시,4425000000,202606,2,2,1897
충청남도 계룡시,4425000000,202606,2,3,2532
충청남도 계룡시,4425000000,202606,2,4,3985
충청남도 계룡시,4425000000,202606,2,5,4245
충청남도 계룡시,4425000000,202606,2,6,5970
충청남도 공주시,4415000000,202601,1,1,5823
충청남도 공주시,4415000000,202601,1,2,5113
충청남도 공주시,4415000000,202601,1,3,4445
충청남도 공주시,4415000000,202601,1,4,5731
충청남도 공주시,4415000000,202601,1,5,8456
충청남도 공주시,4415000000,202601,1,6,20188
충청남도 공주시,4415000000,202601,2,1,5366
충청남도 공주시,4415000000,202601,2,2,4996
충청남도 공주시,4415000000,202601,2,3,3572
충청남도 공주시,4415000000,202601,2,4,5193
충청남도 공주시,4415000000,202601,2,5,7776
충청남도 공주시,4415000000,202601,2,6,23071
충청남도 공주시,4415000000,202602,1,1,5811
충청남도 공주시,4415000000,202602,1,2,5068
충청남도 공주시,4415000000,202602,1,3,4421
충청남도 공주시,4415000000,202602,1,4,5720
충청남도 공주시,4415000000,202602,1,5,8442
충청남도 공주시,4415000000,202602,1,6,20247
충청남도 공주시,4415000000,202602,2,1,5321
충청남도 공주시,4415000000,202602,2,2,4928
충청남도 공주시,4415000000,202602,2,3,3545
충청남도 공주시,4415000000,202602,2,4,5179
충청남도 공주시,4415000000,202602,2,5,7768
충청남도 공주시,4415000000,202602,2,6,23101
충청남도 공주시,4415000000,202603,1,1,5862
충청남도 공주시,4415000000,202603,1,2,5089
충청남도 공주시,4415000000,202603,1,3,4414
충청남도 공주시,4415000000,202603,1,4,5685
충청남도 공주시,4415000000,202603,1,5,8426
충청남도 공주시,4415000000,202603,1,6,20324
충청남도 공주시,4415000000,202603,2,1,5510
충청남도 공주시,4415000000,202603,2,2,4978
충청남도 공주시,4415000000,202603,2,3,3521
충청남도 공주시,4415000000,202603,2,4,5148
충청남도 공주시,4415000000,202603,2,5,7763
충청남도 공주시,4415000000,202603,2,6,23123
충청남도 공주시,4415000000,202604,1,1,5865
충청남도 공주시,4415000000,202604,1,2,5081
충청남도 공주시,4415000000,202604,1,3,4406
충청남도 공주시,4415000000,202604,1,4,5676
충청남도 공주시,4415000000,202604,1,5,8429
충청남도 공주시,4415000000,202604,1,6,20370
충청남도 공주시,4415000000,202604,2,1,5500
충청남도 공주시,4415000000,202604,2,2,4997
충청남도 공주시,4415000000,202604,2,3,3524
충청남도 공주시,4415000000,202604,2,4,5124
충청남도 공주시,4415000000,202604,2,5,7754
충청남도 공주시,4415000000,202604,2,6,23159
충청남도 공주시,4415000000,202605,1,1,5878
충청남도 공주시,4415000000,202605,1,2,5046
충청남도 공주시,4415000000,202605,1,3,4409
충청남도 공주시,4415000000,202605,1,4,5652
충청남도 공주시,4415000000,202605,1,5,8437
충청남도 공주시,4415000000,202605,1,6,20406
충청남도 공주시,4415000000,202605,2,1,5481
충청남도 공주시,4415000000,202605,2,2,4990
충청남도 공주시,4415000000,202605,2,3,3525
충청남도 공주시,4415000000,202605,2,4,5101
충청남도 공주시,4415000000,202605,2,5,7742
충청남도 공주시,4415000000,202605,2,6,23174
충청남도 공주시,4415000000,202606,1,1,5859
충청남도 공주시,4415000000,202606,1,2,5033
충청남도 공주시,4415000000,202606,1,3,4397
충청남도 공주시,4415000000,202606,1,4,5647
충청남도 공주시,4415000000,202606,1,5,8416
충청남도 공주시,4415000000,202606,1,6,20406
충청남도 공주시,4415000000,202606,2,1,5448
충청남도 공주시,4415000000,202606,2,2,5000
충청남도 공주시,4415000000,202606,2,3,3521
충청남도 공주시,4415000000,202606,2,4,5108
충청남도 공주시,4415000000,202606,2,5,7753
충청남도 공주시,4415000000,202606,2,6,23169
충청남도 금산군,4471000000,202601,1,1,2832
충청남도 금산군,4471000000,202601,1,2,1797
충청남도 금산군,4471000000,202601,1,3,1587
충청남도 금산군,4471000000,202601,1,4,2554
충청남도 금산군,4471000000,202601,1,5,4647
충청남도 금산군,4471000000,202601,1,6,11426
충청남도 금산군,4471000000,202601,2,1,2600
충청남도 금산군,4471000000,202601,2,2,1311
충청남도 금산군,4471000000,202601,2,3,1350
충청남도 금산군,4471000000,202601,2,4,2309
충청남도 금산군,4471000000,202601,2,5,3740
충청남도 금산군,4471000000,202601,2,6,12651
충청남도 금산군,4471000000,202602,1,1,2825
충청남도 금산군,4471000000,202602,1,2,1790
충청남도 금산군,4471000000,202602,1,3,1586
충청남도 금산군,4471000000,202602,1,4,2545
충청남도 금산군,4471000000,202602,1,5,4638
충청남도 금산군,4471000000,202602,1,6,11460
충청남도 금산군,4471000000,202602,2,1,2559
충청남도 금산군,4471000000,202602,2,2,1297
충청남도 금산군,4471000000,202602,2,3,1339
충청남도 금산군,4471000000,202602,2,4,2303
충청남도 금산군,4471000000,202602,2,5,3722
충청남도 금산군,4471000000,202602,2,6,12677
충청남도 금산군,4471000000,202603,1,1,2856
충청남도 금산군,4471000000,202603,1,2,1780
충청남도 금산군,4471000000,202603,1,3,1585
충청남도 금산군,4471000000,202603,1,4,2537
충청남도 금산군,4471000000,202603,1,5,4634
충청남도 금산군,4471000000,202603,1,6,11507
충청남도 금산군,4471000000,202603,2,1,2574
충청남도 금산군,4471000000,202603,2,2,1295
충청남도 금산군,4471000000,202603,2,3,1339
충청남도 금산군,4471000000,202603,2,4,2295
충청남도 금산군,4471000000,202603,2,5,3716
충청남도 금산군,4471000000,202603,2,6,12735
충청남도 금산군,4471000000,202604,1,1,2846
충청남도 금산군,4471000000,202604,1,2,1801
충청남도 금산군,4471000000,202604,1,3,1586
충청남도 금산군,4471000000,202604,1,4,2536
충청남도 금산군,4471000000,202604,1,5,4638
충청남도 금산군,4471000000,202604,1,6,11549
충청남도 금산군,4471000000,202604,2,1,2570
충청남도 금산군,4471000000,202604,2,2,1296
충청남도 금산군,4471000000,202604,2,3,1355
충청남도 금산군,4471000000,202604,2,4,2288
충청남도 금산군,4471000000,202604,2,5,3727
충청남도 금산군,4471000000,202604,2,6,12767
충청남도 금산군,4471000000,202605,1,1,2828
충청남도 금산군,4471000000,202605,1,2,1806
충청남도 금산군,4471000000,202605,1,3,1577
충청남도 금산군,4471000000,202605,1,4,2522
충청남도 금산군,4471000000,202605,1,5,4653
충청남도 금산군,4471000000,202605,1,6,11572
충청남도 금산군,4471000000,202605,2,1,2572
충청남도 금산군,4471000000,202605,2,2,1286
충청남도 금산군,4471000000,202605,2,3,1364
충청남도 금산군,4471000000,202605,2,4,2285
충청남도 금산군,4471000000,202605,2,5,3730
충청남도 금산군,4471000000,202605,2,6,12780
충청남도 금산군,4471000000,202606,1,1,2827
충청남도 금산군,4471000000,202606,1,2,1799
충청남도 금산군,4471000000,202606,1,3,1572
충청남도 금산군,4471000000,202606,1,4,2510
충청남도 금산군,4471000000,202606,1,5,4620
충청남도 금산군,4471000000,202606,1,6,11601
충청남도 금산군,4471000000,202606,2,1,2559
충청남도 금산군,4471000000,202606,2,2,1291
충청남도 금산군,4471000000,202606,2,3,1360
충청남도 금산군,4471000000,202606,2,4,2278
충청남도 금산군,4471000000,202606,2,5,3743
충청남도 금산군,4471000000,202606,2,6,12779
충청남도 논산시,4423000000,202601,1,1,6696
충청남도 논산시,4423000000,202601,1,2,4685
충청남도 논산시,4423000000,202601,1,3,4989
충청남도 논산시,4423000000,202601,1,4,6315
충청남도 논산시,4423000000,202601,1,5,9619
충청남도 논산시,4423000000,202601,1,6,21175
충청남도 논산시,4423000000,202601,2,1,6236
충청남도 논산시,4423000000,202601,2,2,3685
충청남도 논산시,4423000000,202601,2,3,4072
충청남도 논산시,4423000000,202601,2,4,5740
충청남도 논산시,4423000000,202601,2,5,8375
충청남도 논산시,4423000000,202601,2,6,25028
충청남도 논산시,4423000000,202602,1,1,6689
충청남도 논산시,4423000000,202602,1,2,4682
충청남도 논산시,4423000000,202602,1,3,4956
충청남도 논산시,4423000000,202602,1,4,6280
충청남도 논산시,4423000000,202602,1,5,9634
충청남도 논산시,4423000000,202602,1,6,21230
충청남도 논산시,4423000000,202602,2,1,6212
충청남도 논산시,4423000000,202602,2,2,3633
충청남도 논산시,4423000000,202602,2,3,4033
충청남도 논산시,4423000000,202602,2,4,5724
충청남도 논산시,4423000000,202602,2,5,8374
충청남도 논산시,4423000000,202602,2,6,25075
충청남도 논산시,4423000000,202603,1,1,6646
충청남도 논산시,4423000000,202603,1,2,4651
충청남도 논산시,4423000000,202603,1,3,4945
충청남도 논산시,4423000000,202603,1,4,6250
충청남도 논산시,4423000000,202603,1,5,9581
충청남도 논산시,4423000000,202603,1,6,21296
충청남도 논산시,4423000000,202603,2,1,6157
충청남도 논산시,4423000000,202603,2,2,3623
충청남도 논산시,4423000000,202603,2,3,4029
충청남도 논산시,4423000000,202603,2,4,5697
충청남도 논산시,4423000000,202603,2,5,8320
충청남도 논산시,4423000000,202603,2,6,25100
충청남도 논산시,4423000000,202604,1,1,6644
충청남도 논산시,4423000000,202604,1,2,4625
충청남도 논산시,4423000000,202604,1,3,4934
충청남도 논산시,4423000000,202604,1,4,6253
충청남도 논산시,4423000000,202604,1,5,9561
충청남도 논산시,4423000000,202604,1,6,21344
충청남도 논산시,4423000000,202604,2,1,6107
충청남도 논산시,4423000000,202604,2,2,3636
충청남도 논산시,4423000000,202604,2,3,4021
충청남도 논산시,4423000000,202604,2,4,5688
충청남도 논산시,4423000000,202604,2,5,8292
충청남도 논산시,4423000000,202604,2,6,25093
충청남도 논산시,4423000000,202605,1,1,6602
충청남도 논산시,4423000000,202605,1,2,4617
충청남도 논산시,4423000000,202605,1,3,4944
충청남도 논산시,4423000000,202605,1,4,6213
충청남도 논산시,4423000000,202605,1,5,9537
충청남도 논산시,4423000000,202605,1,6,21386
충청남도 논산시,4423000000,202605,2,1,6099
충청남도 논산시,4423000000,202605,2,2,3607
충청남도 논산시,4423000000,202605,2,3,4025
충청남도 논산시,4423000000,202605,2,4,5664
충청남도 논산시,4423000000,202605,2,5,8287
충청남도 논산시,4423000000,202605,2,6,25113
충청남도 논산시,4423000000,202606,1,1,6578
충청남도 논산시,4423000000,202606,1,2,4621
충청남도 논산시,4423000000,202606,1,3,4949
충청남도 논산시,4423000000,202606,1,4,6204
충청남도 논산시,4423000000,202606,1,5,9526
충청남도 논산시,4423000000,202606,1,6,21398
충청남도 논산시,4423000000,202606,2,1,6097
충청남도 논산시,4423000000,202606,2,2,3586
충청남도 논산시,4423000000,202606,2,3,4017
충청남도 논산시,4423000000,202606,2,4,5661
충청남도 논산시,4423000000,202606,2,5,8269
충청남도 논산시,4423000000,202606,2,6,25071
충청남도 당진시,4427000000,202601,1,1,14669
충청남도 당진시,4427000000,202601,1,2,8257
충청남도 당진시,4427000000,202601,1,3,11897
충청남도 당진시,4427000000,202601,1,4,15484
충청남도 당진시,4427000000,202601,1,5,16473
충청남도 당진시,4427000000,202601,1,6,25884
충청남도 당진시,4427000000,202601,2,1,13749
충청남도 당진시,4427000000,202601,2,2,5673
충청남도 당진시,4427000000,202601,2,3,8583
충청남도 당진시,4427000000,202601,2,4,12108
충청남도 당진시,4427000000,202601,2,5,12454
충청남도 당진시,4427000000,202601,2,6,27183
충청남도 당진시,4427000000,202602,1,1,14629
충청남도 당진시,4427000000,202602,1,2,8219
충청남도 당진시,4427000000,202602,1,3,11843
충청남도 당진시,4427000000,202602,1,4,15474
충청남도 당진시,4427000000,202602,1,5,16475
충청남도 당진시,4427000000,202602,1,6,25967
충청남도 당진시,4427000000,202602,2,1,13661
충청남도 당진시,4427000000,202602,2,2,5659
충청남도 당진시,4427000000,202602,2,3,8529
충청남도 당진시,4427000000,202602,2,4,12081
충청남도 당진시,4427000000,202602,2,5,12477
충청남도 당진시,4427000000,202602,2,6,27237
충청남도 당진시,4427000000,202603,1,1,14540
충청남도 당진시,4427000000,202603,1,2,8198
충청남도 당진시,4427000000,202603,1,3,11869
충청남도 당진시,4427000000,202603,1,4,15455
충청남도 당진시,4427000000,202603,1,5,16438
충청남도 당진시,4427000000,202603,1,6,26119
충청남도 당진시,4427000000,202603,2,1,13613
충청남도 당진시,4427000000,202603,2,2,5623
충청남도 당진시,4427000000,202603,2,3,8568
충청남도 당진시,4427000000,202603,2,4,11994
충청남도 당진시,4427000000,202603,2,5,12485
충청남도 당진시,4427000000,202603,2,6,27347
충청남도 당진시,4427000000,202604,1,1,14487
충청남도 당진시,4427000000,202604,1,2,8196
충청남도 당진시,4427000000,202604,1,3,11880
충청남도 당진시,4427000000,202604,1,4,15423
충청남도 당진시,4427000000,202604,1,5,16469
충청남도 당진시,4427000000,202604,1,6,26201
충청남도 당진시,4427000000,202604,2,1,13591
충청남도 당진시,4427000000,202604,2,2,5622
충청남도 당진시,4427000000,202604,2,3,8530
충청남도 당진시,4427000000,202604,2,4,11956
충청남도 당진시,4427000000,202604,2,5,12524
충청남도 당진시,4427000000,202604,2,6,27411
충청남도 당진시,4427000000,202605,1,1,14466
충청남도 당진시,4427000000,202605,1,2,8153
충청남도 당진시,4427000000,202605,1,3,11902
충청남도 당진시,4427000000,202605,1,4,15421
충청남도 당진시,4427000000,202605,1,5,16468
충청남도 당진시,4427000000,202605,1,6,26268
충청남도 당진시,4427000000,202605,2,1,13555
충청남도 당진시,4427000000,202605,2,2,5581
충청남도 당진시,4427000000,202605,2,3,8522
충청남도 당진시,4427000000,202605,2,4,11940
충청남도 당진시,4427000000,202605,2,5,12545
충청남도 당진시,4427000000,202605,2,6,27464
충청남도 당진시,4427000000,202606,1,1,14450
충청남도 당진시,4427000000,202606,1,2,8139
충청남도 당진시,4427000000,202606,1,3,11894
충청남도 당진시,4427000000,202606,1,4,15458
충청남도 당진시,4427000000,202606,1,5,16491
충청남도 당진시,4427000000,202606,1,6,26315
충청남도 당진시,4427000000,202606,2,1,13555
충청남도 당진시,4427000000,202606,2,2,5583
충청남도 당진시,4427000000,202606,2,3,8517
충청남도 당진시,4427000000,202606,2,4,11947
충청남도 당진시,4427000000,202606,2,5,12550
충청남도 당진시,4427000000,202606,2,6,27501
충청남도 보령시,4418000000,202601,1,1,5583
충청남도 보령시,4418000000,202601,1,2,3948
충청남도 보령시,4418000000,202601,1,3,4202
충청남도 보령시,4418000000,202601,1,4,6006
충청남도 보령시,4418000000,202601,1,5,8563
충청남도 보령시,4418000000,202601,1,6,18252
충청남도 보령시,4418000000,202601,2,1,5356
충청남도 보령시,4418000000,202601,2,2,2948
충청남도 보령시,4418000000,202601,2,3,3238
충청남도 보령시,4418000000,202601,2,4,5018
충청남도 보령시,4418000000,202601,2,5,7289
충청남도 보령시,4418000000,202601,2,6,21479
충청남도 보령시,4418000000,202602,1,1,5546
충청남도 보령시,4418000000,202602,1,2,3893
충청남도 보령시,4418000000,202602,1,3,4180
충청남도 보령시,4418000000,202602,1,4,5986
충청남도 보령시,4418000000,202602,1,5,8540
충청남도 보령시,4418000000,202602,1,6,18284
충청남도 보령시,4418000000,202602,2,1,5298
충청남도 보령시,4418000000,202602,2,2,2923
충청남도 보령시,4418000000,202602,2,3,3198
충청남도 보령시,4418000000,202602,2,4,4996
충청남도 보령시,4418000000,202602,2,5,7262
충청남도 보령시,4418000000,202602,2,6,21515
충청남도 보령시,4418000000,202603,1,1,5520
충청남도 보령시,4418000000,202603,1,2,3846
충청남도 보령시,4418000000,202603,1,3,4167
충청남도 보령시,4418000000,202603,1,4,5949
충청남도 보령시,4418000000,202603,1,5,8498
충청남도 보령시,4418000000,202603,1,6,18347
충청남도 보령시,4418000000,202603,2,1,5230
충청남도 보령시,4418000000,202603,2,2,2924
충청남도 보령시,4418000000,202603,2,3,3197
충청남도 보령시,4418000000,202603,2,4,4972
충청남도 보령시,4418000000,202603,2,5,7251
충청남도 보령시,4418000000,202603,2,6,21533
충청남도 보령시,4418000000,202604,1,1,5494
충청남도 보령시,4418000000,202604,1,2,3845
충청남도 보령시,4418000000,202604,1,3,4161
충청남도 보령시,4418000000,202604,1,4,5923
충청남도 보령시,4418000000,202604,1,5,8483
충청남도 보령시,4418000000,202604,1,6,18392
충청남도 보령시,4418000000,202604,2,1,5202
충청남도 보령시,4418000000,202604,2,2,2916
충청남도 보령시,4418000000,202604,2,3,3194
충청남도 보령시,4418000000,202604,2,4,4957
충청남도 보령시,4418000000,202604,2,5,7247
충청남도 보령시,4418000000,202604,2,6,21553
충청남도 보령시,4418000000,202605,1,1,5481
충청남도 보령시,4418000000,202605,1,2,3838
충청남도 보령시,4418000000,202605,1,3,4174
충청남도 보령시,4418000000,202605,1,4,5907
충청남도 보령시,4418000000,202605,1,5,8479
충청남도 보령시,4418000000,202605,1,6,18427
충청남도 보령시,4418000000,202605,2,1,5194
충청남도 보령시,4418000000,202605,2,2,2899
충청남도 보령시,4418000000,202605,2,3,3199
충청남도 보령시,4418000000,202605,2,4,4938
충청남도 보령시,4418000000,202605,2,5,7250
충청남도 보령시,4418000000,202605,2,6,21567
충청남도 보령시,4418000000,202606,1,1,5468
충청남도 보령시,4418000000,202606,1,2,3812
충청남도 보령시,4418000000,202606,1,3,4170
충청남도 보령시,4418000000,202606,1,4,5909
충청남도 보령시,4418000000,202606,1,5,8465
충청남도 보령시,4418000000,202606,1,6,18447
충청남도 보령시,4418000000,202606,2,1,5179
충청남도 보령시,4418000000,202606,2,2,2879
충청남도 보령시,4418000000,202606,2,3,3210
충청남도 보령시,4418000000,202606,2,4,4941
충청남도 보령시,4418000000,202606,2,5,7233
충청남도 보령시,4418000000,202606,2,6,21547
충청남도 부여군,4476000000,202601,1,1,2887
충청남도 부여군,4476000000,202601,1,2,1996
충청남도 부여군,4476000000,202601,1,3,1892
충청남도 부여군,4476000000,202601,1,4,2930
충청남도 부여군,4476000000,202601,1,5,4959
충청남도 부여군,4476000000,202601,1,6,14367
충청남도 부여군,4476000000,202601,2,1,2529
충청남도 부여군,4476000000,202601,2,2,1582
충청남도 부여군,4476000000,202601,2,3,1549
충청남도 부여군,4476000000,202601,2,4,2438
충청남도 부여군,4476000000,202601,2,5,4115
충청남도 부여군,4476000000,202601,2,6,16979
충청남도 부여군,4476000000,202602,1,1,2856
충청남도 부여군,4476000000,202602,1,2,1973
충청남도 부여군,4476000000,202602,1,3,1855
충청남도 부여군,4476000000,202602,1,4,2924
충청남도 부여군,4476000000,202602,1,5,4964
충청남도 부여군,4476000000,202602,1,6,14365
충청남도 부여군,4476000000,202602,2,1,2490
충청남도 부여군,4476000000,202602,2,2,1551
충청남도 부여군,4476000000,202602,2,3,1518
충청남도 부여군,4476000000,202602,2,4,2434
충청남도 부여군,4476000000,202602,2,5,4120
충청남도 부여군,4476000000,202602,2,6,16986
충청남도 부여군,4476000000,202603,1,1,2846
충청남도 부여군,4476000000,202603,1,2,1959
충청남도 부여군,4476000000,202603,1,3,1855
충청남도 부여군,4476000000,202603,1,4,2907
충청남도 부여군,4476000000,202603,1,5,4963
충청남도 부여군,4476000000,202603,1,6,14385
충청남도 부여군,4476000000,202603,2,1,2483
충청남도 부여군,4476000000,202603,2,2,1541
충청남도 부여군,4476000000,202603,2,3,1521
충청남도 부여군,4476000000,202603,2,4,2427
충청남도 부여군,4476000000,202603,2,5,4114
충청남도 부여군,4476000000,202603,2,6,16983
충청남도 부여군,4476000000,202604,1,1,2826
충청남도 부여군,4476000000,202604,1,2,1954
충청남도 부여군,4476000000,202604,1,3,1845
충청남도 부여군,4476000000,202604,1,4,2905
충청남도 부여군,4476000000,202604,1,5,4939
충청남도 부여군,4476000000,202604,1,6,14408
충청남도 부여군,4476000000,202604,2,1,2472
충청남도 부여군,4476000000,202604,2,2,1525
충청남도 부여군,4476000000,202604,2,3,1533
충청남도 부여군,4476000000,202604,2,4,2410
충청남도 부여군,4476000000,202604,2,5,4119
충청남도 부여군,4476000000,202604,2,6,16971
충청남도 부여군,4476000000,202605,1,1,2806
충청남도 부여군,4476000000,202605,1,2,1966
충청남도 부여군,4476000000,202605,1,3,1827
충청남도 부여군,4476000000,202605,1,4,2896
충청남도 부여군,4476000000,202605,1,5,4924
충청남도 부여군,4476000000,202605,1,6,14417
충청남도 부여군,4476000000,202605,2,1,2456
충청남도 부여군,4476000000,202605,2,2,1514
충청남도 부여군,4476000000,202605,2,3,1530
충청남도 부여군,4476000000,202605,2,4,2411
충청남도 부여군,4476000000,202605,2,5,4097
충청남도 부여군,4476000000,202605,2,6,16978
충청남도 부여군,4476000000,202606,1,1,2798
충청남도 부여군,4476000000,202606,1,2,1952
충청남도 부여군,4476000000,202606,1,3,1825
충청남도 부여군,4476000000,202606,1,4,2895
충청남도 부여군,4476000000,202606,1,5,4912
충청남도 부여군,4476000000,202606,1,6,14422
충청남도 부여군,4476000000,202606,2,1,2443
충청남도 부여군,4476000000,202606,2,2,1506
충청남도 부여군,4476000000,202606,2,3,1533
충청남도 부여군,4476000000,202606,2,4,2404
충청남도 부여군,4476000000,202606,2,5,4105
충청남도 부여군,4476000000,202606,2,6,16967
충청남도 서산시,4421000000,202601,1,1,14108
충청남도 서산시,4421000000,202601,1,2,9425
충청남도 서산시,4421000000,202601,1,3,11303
충청남도 서산시,4421000000,202601,1,4,13443
충청남도 서산시,4421000000,202601,1,5,15931
충청남도 서산시,4421000000,202601,1,6,26074
충청남도 서산시,4421000000,202601,2,1,13130
충청남도 서산시,4421000000,202601,2,2,6087
충청남도 서산시,4421000000,202601,2,3,8162
충청남도 서산시,4421000000,202601,2,4,11638
충청남도 서산시,4421000000,202601,2,5,13901
충청남도 서산시,4421000000,202601,2,6,29095
충청남도 서산시,4421000000,202602,1,1,14041
충청남도 서산시,4421000000,202602,1,2,9333
충청남도 서산시,4421000000,202602,1,3,11250
충청남도 서산시,4421000000,202602,1,4,13360
충청남도 서산시,4421000000,202602,1,5,15959
충청남도 서산시,4421000000,202602,1,6,26167
충청남도 서산시,4421000000,202602,2,1,12989
충청남도 서산시,4421000000,202602,2,2,6034
충청남도 서산시,4421000000,202602,2,3,8103
충청남도 서산시,4421000000,202602,2,4,11592
충청남도 서산시,4421000000,202602,2,5,13900
충청남도 서산시,4421000000,202602,2,6,29165
충청남도 서산시,4421000000,202603,1,1,13909
충청남도 서산시,4421000000,202603,1,2,9227
충청남도 서산시,4421000000,202603,1,3,11273
충청남도 서산시,4421000000,202603,1,4,13294
충청남도 서산시,4421000000,202603,1,5,15927
충청남도 서산시,4421000000,202603,1,6,26258
충청남도 서산시,4421000000,202603,2,1,12915
충청남도 서산시,4421000000,202603,2,2,5995
충청남도 서산시,4421000000,202603,2,3,8093
충청남도 서산시,4421000000,202603,2,4,11549
충청남도 서산시,4421000000,202603,2,5,13829
충청남도 서산시,4421000000,202603,2,6,29287
충청남도 서산시,4421000000,202604,1,1,13890
충청남도 서산시,4421000000,202604,1,2,9132
충청남도 서산시,4421000000,202604,1,3,11259
충청남도 서산시,4421000000,202604,1,4,13224
충청남도 서산시,4421000000,202604,1,5,15956
충청남도 서산시,4421000000,202604,1,6,26313
충청남도 서산시,4421000000,202604,2,1,12893
충청남도 서산시,4421000000,202604,2,2,5971
충청남도 서산시,4421000000,202604,2,3,8086
충청남도 서산시,4421000000,202604,2,4,11517
충청남도 서산시,4421000000,202604,2,5,13825
충청남도 서산시,4421000000,202604,2,6,29327
충청남도 서산시,4421000000,202605,1,1,13841
충청남도 서산시,4421000000,202605,1,2,9081
충청남도 서산시,4421000000,202605,1,3,11213
충청남도 서산시,4421000000,202605,1,4,13211
충청남도 서산시,4421000000,202605,1,5,15943
충청남도 서산시,4421000000,202605,1,6,26405
충청남도 서산시,4421000000,202605,2,1,12853
충청남도 서산시,4421000000,202605,2,2,5978
충청남도 서산시,4421000000,202605,2,3,8087
충청남도 서산시,4421000000,202605,2,4,11468
충청남도 서산시,4421000000,202605,2,5,13849
충청남도 서산시,4421000000,202605,2,6,29377
충청남도 서산시,4421000000,202606,1,1,13781
충청남도 서산시,4421000000,202606,1,2,9077
충청남도 서산시,4421000000,202606,1,3,11214
충청남도 서산시,4421000000,202606,1,4,13181
충청남도 서산시,4421000000,202606,1,5,15925
충청남도 서산시,4421000000,202606,1,6,26447
충청남도 서산시,4421000000,202606,2,1,12822
충청남도 서산시,4421000000,202606,2,2,5952
충청남도 서산시,4421000000,202606,2,3,8058
충청남도 서산시,4421000000,202606,2,4,11489
충청남도 서산시,4421000000,202606,2,5,13818
충청남도 서산시,4421000000,202606,2,6,29372
충청남도 서천군,4477000000,202601,1,1,2157
충청남도 서천군,4477000000,202601,1,2,1600
충청남도 서천군,4477000000,202601,1,3,1565
충청남도 서천군,4477000000,202601,1,4,2388
충청남도 서천군,4477000000,202601,1,5,4081
충청남도 서천군,4477000000,202601,1,6,11686
충청남도 서천군,4477000000,202601,2,1,2044
충청남도 서천군,4477000000,202601,2,2,1205
충청남도 서천군,4477000000,202601,2,3,1205
충청남도 서천군,4477000000,202601,2,4,1935
충청남도 서천군,4477000000,202601,2,5,3347
충청남도 서천군,4477000000,202601,2,6,13959
충청남도 서천군,4477000000,202602,1,1,2144
충청남도 서천군,4477000000,202602,1,2,1598
충청남도 서천군,4477000000,202602,1,3,1548
충청남도 서천군,4477000000,202602,1,4,2357
충청남도 서천군,4477000000,202602,1,5,4097
충청남도 서천군,4477000000,202602,1,6,11708
충청남도 서천군,4477000000,202602,2,1,2027
충청남도 서천군,4477000000,202602,2,2,1189
충청남도 서천군,4477000000,202602,2,3,1186
충청남도 서천군,4477000000,202602,2,4,1918
충청남도 서천군,4477000000,202602,2,5,3349
충청남도 서천군,4477000000,202602,2,6,13953
충청남도 서천군,4477000000,202603,1,1,2127
충청남도 서천군,4477000000,202603,1,2,1579
충청남도 서천군,4477000000,202603,1,3,1539
충청남도 서천군,4477000000,202603,1,4,2341
충청남도 서천군,4477000000,202603,1,5,4079
충청남도 서천군,4477000000,202603,1,6,11736
충청남도 서천군,4477000000,202603,2,1,2022
충청남도 서천군,4477000000,202603,2,2,1177
충청남도 서천군,4477000000,202603,2,3,1196
충청남도 서천군,4477000000,202603,2,4,1897
충청남도 서천군,4477000000,202603,2,5,3331
충청남도 서천군,4477000000,202603,2,6,13958
충청남도 서천군,4477000000,202604,1,1,2111
충청남도 서천군,4477000000,202604,1,2,1566
충청남도 서천군,4477000000,202604,1,3,1535
충청남도 서천군,4477000000,202604,1,4,2321
충청남도 서천군,4477000000,202604,1,5,4067
충청남도 서천군,4477000000,202604,1,6,11757
충청남도 서천군,4477000000,202604,2,1,2013
충청남도 서천군,4477000000,202604,2,2,1166
충청남도 서천군,4477000000,202604,2,3,1189
충청남도 서천군,4477000000,202604,2,4,1883
충청남도 서천군,4477000000,202604,2,5,3340
충청남도 서천군,4477000000,202604,2,6,13942
충청남도 서천군,4477000000,202605,1,1,2105
충청남도 서천군,4477000000,202605,1,2,1553
충청남도 서천군,4477000000,202605,1,3,1536
충청남도 서천군,4477000000,202605,1,4,2310
충청남도 서천군,4477000000,202605,1,5,4055
충청남도 서천군,4477000000,202605,1,6,11768
충청남도 서천군,4477000000,202605,2,1,2006
충청남도 서천군,4477000000,202605,2,2,1152
충청남도 서천군,4477000000,202605,2,3,1191
충청남도 서천군,4477000000,202605,2,4,1885
충청남도 서천군,4477000000,202605,2,5,3338
충청남도 서천군,4477000000,202605,2,6,13945
충청남도 서천군,4477000000,202606,1,1,2095
충청남도 서천군,4477000000,202606,1,2,1539
충청남도 서천군,4477000000,202606,1,3,1529
충청남도 서천군,4477000000,202606,1,4,2314
충청남도 서천군,4477000000,202606,1,5,4054
충청남도 서천군,4477000000,202606,1,6,11761
충청남도 서천군,4477000000,202606,2,1,1991
충청남도 서천군,4477000000,202606,2,2,1149
충청남도 서천군,4477000000,202606,2,3,1182
충청남도 서천군,4477000000,202606,2,4,1881
충청남도 서천군,4477000000,202606,2,5,3346
충청남도 서천군,4477000000,202606,2,6,13920
충청남도 아산시,4420000000,202601,1,1,35615
충청남도 아산시,4420000000,202601,1,2,20931
충청남도 아산시,4420000000,202601,1,3,28092
충청남도 아산시,4420000000,202601,1,4,34711
충청남도 아산시,4420000000,202601,1,5,30320
충청남도 아산시,4420000000,202601,1,6,38039
충청남도 아산시,4420000000,202601,2,1,33712
충청남도 아산시,4420000000,202601,2,2,16686
충청남도 아산시,4420000000,202601,2,3,24282
충청남도 아산시,4420000000,202601,2,4,29603
충청남도 아산시,4420000000,202601,2,5,25877
충청남도 아산시,4420000000,202601,2,6,42151
충청남도 아산시,4420000000,202602,1,1,35699
충청남도 아산시,4420000000,202602,1,2,20939
충청남도 아산시,4420000000,202602,1,3,28028
충청남도 아산시,4420000000,202602,1,4,34853
충청남도 아산시,4420000000,202602,1,5,30386
충청남도 아산시,4420000000,202602,1,6,38279
충청남도 아산시,4420000000,202602,2,1,33801
충청남도 아산시,4420000000,202602,2,2,16609
충청남도 아산시,4420000000,202602,2,3,24264
충청남도 아산시,4420000000,202602,2,4,29678
충청남도 아산시,4420000000,202602,2,5,25994
충청남도 아산시,4420000000,202602,2,6,42334
충청남도 아산시,4420000000,202603,1,1,35702
충청남도 아산시,4420000000,202603,1,2,20881
충청남도 아산시,4420000000,202603,1,3,28158
충청남도 아산시,4420000000,202603,1,4,34836
충청남도 아산시,4420000000,202603,1,5,30444
충청남도 아산시,4420000000,202603,1,6,38508
충청남도 아산시,4420000000,202603,2,1,33790
충청남도 아산시,4420000000,202603,2,2,16580
충청남도 아산시,4420000000,202603,2,3,24364
충청남도 아산시,4420000000,202603,2,4,29683
충청남도 아산시,4420000000,202603,2,5,26081
충청남도 아산시,4420000000,202603,2,6,42563
충청남도 아산시,4420000000,202604,1,1,35756
충청남도 아산시,4420000000,202604,1,2,20907
충청남도 아산시,4420000000,202604,1,3,28266
충청남도 아산시,4420000000,202604,1,4,34837
충청남도 아산시,4420000000,202604,1,5,30481
충청남도 아산시,4420000000,202604,1,6,38730
충청남도 아산시,4420000000,202604,2,1,33802
충청남도 아산시,4420000000,202604,2,2,16604
충청남도 아산시,4420000000,202604,2,3,24406
충청남도 아산시,4420000000,202604,2,4,29704
충청남도 아산시,4420000000,202604,2,5,26219
충청남도 아산시,4420000000,202604,2,6,42719
충청남도 아산시,4420000000,202605,1,1,35744
충청남도 아산시,4420000000,202605,1,2,20951
충청남도 아산시,4420000000,202605,1,3,28349
충청남도 아산시,4420000000,202605,1,4,34898
충청남도 아산시,4420000000,202605,1,5,30588
충청남도 아산시,4420000000,202605,1,6,38905
충청남도 아산시,4420000000,202605,2,1,33808
충청남도 아산시,4420000000,202605,2,2,16593
충청남도 아산시,4420000000,202605,2,3,24410
충청남도 아산시,4420000000,202605,2,4,29790
충청남도 아산시,4420000000,202605,2,5,26324
충청남도 아산시,4420000000,202605,2,6,42863
충청남도 아산시,4420000000,202606,1,1,35767
충청남도 아산시,4420000000,202606,1,2,20930
충청남도 아산시,4420000000,202606,1,3,28385
충청남도 아산시,4420000000,202606,1,4,34929
충청남도 아산시,4420000000,202606,1,5,30670
충청남도 아산시,4420000000,202606,1,6,39019
충청남도 아산시,4420000000,202606,2,1,33806
충청남도 아산시,4420000000,202606,2,2,16570
충청남도 아산시,4420000000,202606,2,3,24402
충청남도 아산시,4420000000,202606,2,4,29855
충청남도 아산시,4420000000,202606,2,5,26363
충청남도 아산시,4420000000,202606,2,6,42982
충청남도 예산군,4481000000,202601,1,1,4517
충청남도 예산군,4481000000,202601,1,2,3055
충청남도 예산군,4481000000,202601,1,3,3542
충청남도 예산군,4481000000,202601,1,4,4523
충청남도 예산군,4481000000,202601,1,5,7011
충청남도 예산군,4481000000,202601,1,6,16946
충청남도 예산군,4481000000,202601,2,1,4199
충청남도 예산군,4481000000,202601,2,2,2384
충청남도 예산군,4481000000,202601,2,3,3014
충청남도 예산군,4481000000,202601,2,4,3919
충청남도 예산군,4481000000,202601,2,5,5860
충청남도 예산군,4481000000,202601,2,6,19752
충청남도 예산군,4481000000,202602,1,1,4503
충청남도 예산군,4481000000,202602,1,2,3047
충청남도 예산군,4481000000,202602,1,3,3525
충청남도 예산군,4481000000,202602,1,4,4514
충청남도 예산군,4481000000,202602,1,5,6989
충청남도 예산군,4481000000,202602,1,6,16986
충청남도 예산군,4481000000,202602,2,1,4183
충청남도 예산군,4481000000,202602,2,2,2372
충청남도 예산군,4481000000,202602,2,3,2995
충청남도 예산군,4481000000,202602,2,4,3877
충청남도 예산군,4481000000,202602,2,5,5848
충청남도 예산군,4481000000,202602,2,6,19808
충청남도 예산군,4481000000,202603,1,1,4503
충청남도 예산군,4481000000,202603,1,2,3038
충청남도 예산군,4481000000,202603,1,3,3516
충청남도 예산군,4481000000,202603,1,4,4488
충청남도 예산군,4481000000,202603,1,5,6968
충청남도 예산군,4481000000,202603,1,6,17034
충청남도 예산군,4481000000,202603,2,1,4159
충청남도 예산군,4481000000,202603,2,2,2355
충청남도 예산군,4481000000,202603,2,3,2996
충청남도 예산군,4481000000,202603,2,4,3879
충청남도 예산군,4481000000,202603,2,5,5830
충청남도 예산군,4481000000,202603,2,6,19838
충청남도 예산군,4481000000,202604,1,1,4474
충청남도 예산군,4481000000,202604,1,2,3029
충청남도 예산군,4481000000,202604,1,3,3500
충청남도 예산군,4481000000,202604,1,4,4464
충청남도 예산군,4481000000,202604,1,5,6960
충청남도 예산군,4481000000,202604,1,6,17030
충청남도 예산군,4481000000,202604,2,1,4150
충청남도 예산군,4481000000,202604,2,2,2331
충청남도 예산군,4481000000,202604,2,3,3004
충청남도 예산군,4481000000,202604,2,4,3853
충청남도 예산군,4481000000,202604,2,5,5812
충청남도 예산군,4481000000,202604,2,6,19853
충청남도 예산군,4481000000,202605,1,1,4456
충청남도 예산군,4481000000,202605,1,2,2998
충청남도 예산군,4481000000,202605,1,3,3489
충청남도 예산군,4481000000,202605,1,4,4456
충청남도 예산군,4481000000,202605,1,5,6943
충청남도 예산군,4481000000,202605,1,6,17050
충청남도 예산군,4481000000,202605,2,1,4135
충청남도 예산군,4481000000,202605,2,2,2310
충청남도 예산군,4481000000,202605,2,3,3008
충청남도 예산군,4481000000,202605,2,4,3844
충청남도 예산군,4481000000,202605,2,5,5797
충청남도 예산군,4481000000,202605,2,6,19851
충청남도 예산군,4481000000,202606,1,1,4453
충청남도 예산군,4481000000,202606,1,2,2989
충청남도 예산군,4481000000,202606,1,3,3490
충청남도 예산군,4481000000,202606,1,4,4453
충청남도 예산군,4481000000,202606,1,5,6956
충청남도 예산군,4481000000,202606,1,6,17048
충청남도 예산군,4481000000,202606,2,1,4109
충청남도 예산군,4481000000,202606,2,2,2317
충청남도 예산군,4481000000,202606,2,3,3001
충청남도 예산군,4481000000,202606,2,4,3849
충청남도 예산군,4481000000,202606,2,5,5787
충청남도 예산군,4481000000,202606,2,6,19866
충청남도 천안시 동남구,4413100000,202601,1,1,20213
충청남도 천안시 동남구,4413100000,202601,1,2,16940
충청남도 천안시 동남구,4413100000,202601,1,3,18002
충청남도 천안시 동남구,4413100000,202601,1,4,20262
충청남도 천안시 동남구,4413100000,202601,1,5,23454
충청남도 천안시 동남구,4413100000,202601,1,6,34099
충청남도 천안시 동남구,4413100000,202601,2,1,19293
충청남도 천안시 동남구,4413100000,202601,2,2,15220
충청남도 천안시 동남구,4413100000,202601,2,3,15112
충청남도 천안시 동남구,4413100000,202601,2,4,18829
충청남도 천안시 동남구,4413100000,202601,2,5,22628
충청남도 천안시 동남구,4413100000,202601,2,6,38301
충청남도 천안시 동남구,4413100000,202602,1,1,20271
충청남도 천안시 동남구,4413100000,202602,1,2,17058
충청남도 천안시 동남구,4413100000,202602,1,3,17904
충청남도 천안시 동남구,4413100000,202602,1,4,20242
충청남도 천안시 동남구,4413100000,202602,1,5,23477
충청남도 천안시 동남구,4413100000,202602,1,6,34287
충청남도 천안시 동남구,4413100000,202602,2,1,19310
충청남도 천안시 동남구,4413100000,202602,2,2,15146
충청남도 천안시 동남구,4413100000,202602,2,3,15096
충청남도 천안시 동남구,4413100000,202602,2,4,18747
충청남도 천안시 동남구,4413100000,202602,2,5,22680
충청남도 천안시 동남구,4413100000,202602,2,6,38500
충청남도 천안시 동남구,4413100000,202603,1,1,20229
충청남도 천안시 동남구,4413100000,202603,1,2,17084
충청남도 천안시 동남구,4413100000,202603,1,3,17969
충청남도 천안시 동남구,4413100000,202603,1,4,20156
충청남도 천안시 동남구,4413100000,202603,1,5,23456
충청남도 천안시 동남구,4413100000,202603,1,6,34535
충청남도 천안시 동남구,4413100000,202603,2,1,19327
충청남도 천안시 동남구,4413100000,202603,2,2,15216
충청남도 천안시 동남구,4413100000,202603,2,3,15137
충청남도 천안시 동남구,4413100000,202603,2,4,18653
충청남도 천안시 동남구,4413100000,202603,2,5,22703
충청남도 천안시 동남구,4413100000,202603,2,6,38741
충청남도 천안시 동남구,4413100000,202604,1,1,20178
충청남도 천안시 동남구,4413100000,202604,1,2,17103
충청남도 천안시 동남구,4413100000,202604,1,3,17997
충청남도 천안시 동남구,4413100000,202604,1,4,20105
충청남도 천안시 동남구,4413100000,202604,1,5,23481
충청남도 천안시 동남구,4413100000,202604,1,6,34661
충청남도 천안시 동남구,4413100000,202604,2,1,19268
충청남도 천안시 동남구,4413100000,202604,2,2,15222
충청남도 천안시 동남구,4413100000,202604,2,3,15150
충청남도 천안시 동남구,4413100000,202604,2,4,18595
충청남도 천안시 동남구,4413100000,202604,2,5,22764
충청남도 천안시 동남구,4413100000,202604,2,6,38849
충청남도 천안시 동남구,4413100000,202605,1,1,20117
충청남도 천안시 동남구,4413100000,202605,1,2,17119
충청남도 천안시 동남구,4413100000,202605,1,3,18011
충청남도 천안시 동남구,4413100000,202605,1,4,20090
충청남도 천안시 동남구,4413100000,202605,1,5,23452
충청남도 천안시 동남구,4413100000,202605,1,6,34790
충청남도 천안시 동남구,4413100000,202605,2,1,19265
충청남도 천안시 동남구,4413100000,202605,2,2,15248
충청남도 천안시 동남구,4413100000,202605,2,3,15167
충청남도 천안시 동남구,4413100000,202605,2,4,18583
충청남도 천안시 동남구,4413100000,202605,2,5,22722
충청남도 천안시 동남구,4413100000,202605,2,6,38988
충청남도 천안시 동남구,4413100000,202606,1,1,20055
충청남도 천안시 동남구,4413100000,202606,1,2,17125
충청남도 천안시 동남구,4413100000,202606,1,3,18035
충청남도 천안시 동남구,4413100000,202606,1,4,20076
충청남도 천안시 동남구,4413100000,202606,1,5,23468
충청남도 천안시 동남구,4413100000,202606,1,6,34844
충청남도 천안시 동남구,4413100000,202606,2,1,19220
충청남도 천안시 동남구,4413100000,202606,2,2,15255
충청남도 천안시 동남구,4413100000,202606,2,3,15173
충청남도 천안시 동남구,4413100000,202606,2,4,18591
충청남도 천안시 동남구,4413100000,202606,2,5,22751
충청남도 천안시 동남구,4413100000,202606,2,6,39060
충청남도 천안시 서북구,4413300000,202601,1,1,36967
충청남도 천안시 서북구,4413300000,202601,1,2,28285
충청남도 천안시 서북구,4413300000,202601,1,3,35432
충청남도 천안시 서북구,4413300000,202601,1,4,37240
충청남도 천안시 서북구,4413300000,202601,1,5,33319
충청남도 천안시 서북구,4413300000,202601,1,6,36514
충청남도 천안시 서북구,4413300000,202601,2,1,35076
충청남도 천안시 서북구,4413300000,202601,2,2,24494
충청남도 천안시 서북구,4413300000,202601,2,3,29735
충청남도 천안시 서북구,4413300000,202601,2,4,32792
충청남도 천안시 서북구,4413300000,202601,2,5,32109
충청남도 천안시 서북구,4413300000,202601,2,6,39953
충청남도 천안시 서북구,4413300000,202602,1,1,36852
충청남도 천안시 서북구,4413300000,202602,1,2,28227
충청남도 천안시 서북구,4413300000,202602,1,3,35306
충청남도 천안시 서북구,4413300000,202602,1,4,37337
충청남도 천안시 서북구,4413300000,202602,1,5,33380
충청남도 천안시 서북구,4413300000,202602,1,6,36690
충청남도 천안시 서북구,4413300000,202602,2,1,35018
충청남도 천안시 서북구,4413300000,202602,2,2,24457
충청남도 천안시 서북구,4413300000,202602,2,3,29698
충청남도 천안시 서북구,4413300000,202602,2,4,32763
충청남도 천안시 서북구,4413300000,202602,2,5,32166
충청남도 천안시 서북구,4413300000,202602,2,6,40134
충청남도 천안시 서북구,4413300000,202603,1,1,36767
충청남도 천안시 서북구,4413300000,202603,1,2,28147
충청남도 천안시 서북구,4413300000,202603,1,3,35301
충청남도 천안시 서북구,4413300000,202603,1,4,37250
충청남도 천안시 서북구,4413300000,202603,1,5,33358
충청남도 천안시 서북구,4413300000,202603,1,6,36909
충청남도 천안시 서북구,4413300000,202603,2,1,34917
충청남도 천안시 서북구,4413300000,202603,2,2,24347
충청남도 천안시 서북구,4413300000,202603,2,3,29701
충청남도 천안시 서북구,4413300000,202603,2,4,32677
충청남도 천안시 서북구,4413300000,202603,2,5,32184
충청남도 천안시 서북구,4413300000,202603,2,6,40316
충청남도 천안시 서북구,4413300000,202604,1,1,36710
충청남도 천안시 서북구,4413300000,202604,1,2,28077
충청남도 천안시 서북구,4413300000,202604,1,3,35412
충청남도 천안시 서북구,4413300000,202604,1,4,37227
충청남도 천안시 서북구,4413300000,202604,1,5,33395
충청남도 천안시 서북구,4413300000,202604,1,6,37084
충청남도 천안시 서북구,4413300000,202604,2,1,34874
충청남도 천안시 서북구,4413300000,202604,2,2,24232
충청남도 천안시 서북구,4413300000,202604,2,3,29680
충청남도 천안시 서북구,4413300000,202604,2,4,32579
충청남도 천안시 서북구,4413300000,202604,2,5,32250
충청남도 천안시 서북구,4413300000,202604,2,6,40498
충청남도 천안시 서북구,4413300000,202605,1,1,36661
충청남도 천안시 서북구,4413300000,202605,1,2,27974
충청남도 천안시 서북구,4413300000,202605,1,3,35453
충청남도 천안시 서북구,4413300000,202605,1,4,37236
충청남도 천안시 서북구,4413300000,202605,1,5,33440
충청남도 천안시 서북구,4413300000,202605,1,6,37235
충청남도 천안시 서북구,4413300000,202605,2,1,34829
충청남도 천안시 서북구,4413300000,202605,2,2,24202
충청남도 천안시 서북구,4413300000,202605,2,3,29750
충청남도 천안시 서북구,4413300000,202605,2,4,32583
충청남도 천안시 서북구,4413300000,202605,2,5,32251
충청남도 천안시 서북구,4413300000,202605,2,6,40692
충청남도 천안시 서북구,4413300000,202606,1,1,36647
충청남도 천안시 서북구,4413300000,202606,1,2,27874
충청남도 천안시 서북구,4413300000,202606,1,3,35475
충청남도 천안시 서북구,4413300000,202606,1,4,37338
충청남도 천안시 서북구,4413300000,202606,1,5,33404
충청남도 천안시 서북구,4413300000,202606,1,6,37321
충청남도 천안시 서북구,4413300000,202606,2,1,34781
충청남도 천안시 서북구,4413300000,202606,2,2,24155
충청남도 천안시 서북구,4413300000,202606,2,3,29767
충청남도 천안시 서북구,4413300000,202606,2,4,32682
충청남도 천안시 서북구,4413300000,202606,2,5,32234
충청남도 천안시 서북구,4413300000,202606,2,6,40851
충청남도 청양군,4479000000,202601,1,1,1365
충청남도 청양군,4479000000,202601,1,2,1343
충청남도 청양군,4479000000,202601,1,3,982
충청남도 청양군,4479000000,202601,1,4,1467
충청남도 청양군,4479000000,202601,1,5,2669
충청남도 청양군,4479000000,202601,1,6,7544
충청남도 청양군,4479000000,202601,2,1,1277
충청남도 청양군,4479000000,202601,2,2,906
충청남도 청양군,4479000000,202601,2,3,762
충청남도 청양군,4479000000,202601,2,4,1086
충청남도 청양군,4479000000,202601,2,5,2025
충청남도 청양군,4479000000,202601,2,6,8532
충청남도 청양군,4479000000,202602,1,1,1377
충청남도 청양군,4479000000,202602,1,2,1304
충청남도 청양군,4479000000,202602,1,3,979
충청남도 청양군,4479000000,202602,1,4,1449
충청남도 청양군,4479000000,202602,1,5,2683
충청남도 청양군,4479000000,202602,1,6,7570
충청남도 청양군,4479000000,202602,2,1,1260
충청남도 청양군,4479000000,202602,2,2,895
충청남도 청양군,4479000000,202602,2,3,752
충청남도 청양군,4479000000,202602,2,4,1084
충청남도 청양군,4479000000,202602,2,5,2020
충청남도 청양군,4479000000,202602,2,6,8546
충청남도 청양군,4479000000,202603,1,1,1439
충청남도 청양군,4479000000,202603,1,2,1325
충청남도 청양군,4479000000,202603,1,3,978
충청남도 청양군,4479000000,202603,1,4,1438
충청남도 청양군,4479000000,202603,1,5,2688
충청남도 청양군,4479000000,202603,1,6,7590
충청남도 청양군,4479000000,202603,2,1,1305
충청남도 청양군,4479000000,202603,2,2,898
충청남도 청양군,4479000000,202603,2,3,758
충청남도 청양군,4479000000,202603,2,4,1091
충청남도 청양군,4479000000,202603,2,5,2014
충청남도 청양군,4479000000,202603,2,6,8553
충청남도 청양군,4479000000,202604,1,1,1433
충청남도 청양군,4479000000,202604,1,2,1321
충청남도 청양군,4479000000,202604,1,3,985
충청남도 청양군,4479000000,202604,1,4,1436
충청남도 청양군,4479000000,202604,1,5,2674
충청남도 청양군,4479000000,202604,1,6,7616
충청남도 청양군,4479000000,202604,2,1,1305
충청남도 청양군,4479000000,202604,2,2,891
충청남도 청양군,4479000000,202604,2,3,762
충청남도 청양군,4479000000,202604,2,4,1084
충청남도 청양군,4479000000,202604,2,5,2034
충청남도 청양군,4479000000,202604,2,6,8547
충청남도 청양군,4479000000,202605,1,1,1427
충청남도 청양군,4479000000,202605,1,2,1318
충청남도 청양군,4479000000,202605,1,3,981
충청남도 청양군,4479000000,202605,1,4,1441
충청남도 청양군,4479000000,202605,1,5,2660
충청남도 청양군,4479000000,202605,1,6,7650
충청남도 청양군,4479000000,202605,2,1,1298
충청남도 청양군,4479000000,202605,2,2,881
충청남도 청양군,4479000000,202605,2,3,757
충청남도 청양군,4479000000,202605,2,4,1092
충청남도 청양군,4479000000,202605,2,5,2019
충청남도 청양군,4479000000,202605,2,6,8557
충청남도 청양군,4479000000,202606,1,1,1410
충청남도 청양군,4479000000,202606,1,2,1313
충청남도 청양군,4479000000,202606,1,3,988
충청남도 청양군,4479000000,202606,1,4,1447
충청남도 청양군,4479000000,202606,1,5,2641
충청남도 청양군,4479000000,202606,1,6,7668
충청남도 청양군,4479000000,202606,2,1,1288
충청남도 청양군,4479000000,202606,2,2,888
충청남도 청양군,4479000000,202606,2,3,759
충청남도 청양군,4479000000,202606,2,4,1088
충청남도 청양군,4479000000,202606,2,5,2011
충청남도 청양군,4479000000,202606,2,6,8550
충청남도 태안군,4482500000,202601,1,1,2887
충청남도 태안군,4482500000,202601,1,2,2232
충청남도 태안군,4482500000,202601,1,3,2259
충청남도 태안군,4482500000,202601,1,4,3439
충청남도 태안군,4482500000,202601,1,5,5351
충청남도 태안군,4482500000,202601,1,6,13912
충청남도 태안군,4482500000,202601,2,1,2748
충청남도 태안군,4482500000,202601,2,2,1588
충청남도 태안군,4482500000,202601,2,3,1674
충청남도 태안군,4482500000,202601,2,4,2818
충청남도 태안군,4482500000,202601,2,5,4484
충청남도 태안군,4482500000,202601,2,6,15987
충청남도 태안군,4482500000,202602,1,1,2861
충청남도 태안군,4482500000,202602,1,2,2201
충청남도 태안군,4482500000,202602,1,3,2226
충청남도 태안군,4482500000,202602,1,4,3407
충청남도 태안군,4482500000,202602,1,5,5350
충청남도 태안군,4482500000,202602,1,6,13945
충청남도 태안군,4482500000,202602,2,1,2710
충청남도 태안군,4482500000,202602,2,2,1575
충청남도 태안군,4482500000,202602,2,3,1641
충청남도 태안군,4482500000,202602,2,4,2777
충청남도 태안군,4482500000,202602,2,5,4482
충청남도 태안군,4482500000,202602,2,6,15994
충청남도 태안군,4482500000,202603,1,1,2838
충청남도 태안군,4482500000,202603,1,2,2211
충청남도 태안군,4482500000,202603,1,3,2243
충청남도 태안군,4482500000,202603,1,4,3373
충청남도 태안군,4482500000,202603,1,5,5351
충청남도 태안군,4482500000,202603,1,6,13992
충청남도 태안군,4482500000,202603,2,1,2696
충청남도 태안군,4482500000,202603,2,2,1575
충청남도 태안군,4482500000,202603,2,3,1638
충청남도 태안군,4482500000,202603,2,4,2763
충청남도 태안군,4482500000,202603,2,5,4453
충청남도 태안군,4482500000,202603,2,6,16044
충청남도 태안군,4482500000,202604,1,1,2815
충청남도 태안군,4482500000,202604,1,2,2211
충청남도 태안군,4482500000,202604,1,3,2233
충청남도 태안군,4482500000,202604,1,4,3359
충청남도 태안군,4482500000,202604,1,5,5345
충청남도 태안군,4482500000,202604,1,6,14026
충청남도 태안군,4482500000,202604,2,1,2686
충청남도 태안군,4482500000,202604,2,2,1566
충청남도 태안군,4482500000,202604,2,3,1640
충청남도 태안군,4482500000,202604,2,4,2748
충청남도 태안군,4482500000,202604,2,5,4431
충청남도 태안군,4482500000,202604,2,6,16072
충청남도 태안군,4482500000,202605,1,1,2799
충청남도 태안군,4482500000,202605,1,2,2194
충청남도 태안군,4482500000,202605,1,3,2241
충청남도 태안군,4482500000,202605,1,4,3344
충청남도 태안군,4482500000,202605,1,5,5333
충청남도 태안군,4482500000,202605,1,6,14064
충청남도 태안군,4482500000,202605,2,1,2679
충청남도 태안군,4482500000,202605,2,2,1551
충청남도 태안군,4482500000,202605,2,3,1633
충청남도 태안군,4482500000,202605,2,4,2729
충청남도 태안군,4482500000,202605,2,5,4426
충청남도 태안군,4482500000,202605,2,6,16090
충청남도 태안군,4482500000,202606,1,1,2801
충청남도 태안군,4482500000,202606,1,2,2187
충청남도 태안군,4482500000,202606,1,3,2244
충청남도 태안군,4482500000,202606,1,4,3338
충청남도 태안군,4482500000,202606,1,5,5325
충청남도 태안군,4482500000,202606,1,6,14064
충청남도 태안군,4482500000,202606,2,1,2674
충청남도 태안군,4482500000,202606,2,2,1550
충청남도 태안군,4482500000,202606,2,3,1612
충청남도 태안군,4482500000,202606,2,4,2727
충청남도 태안군,4482500000,202606,2,5,4415
충청남도 태안군,4482500000,202606,2,6,16102
충청남도 홍성군,4480000000,202601,1,1,7947
충청남도 홍성군,4480000000,202601,1,2,4582
충청남도 홍성군,4480000000,202601,1,3,5685
충청남도 홍성군,4480000000,202601,1,4,6741
충청남도 홍성군,4480000000,202601,1,5,8647
충청남도 홍성군,4480000000,202601,1,6,16953
충청남도 홍성군,4480000000,202601,2,1,7509
충청남도 홍성군,4480000000,202601,2,2,3714
충청남도 홍성군,4480000000,202601,2,3,4840
충청남도 홍성군,4480000000,202601,2,4,6483
충청남도 홍성군,4480000000,202601,2,5,7577
충청남도 홍성군,4480000000,202601,2,6,20157
충청남도 홍성군,4480000000,202602,1,1,7955
충청남도 홍성군,4480000000,202602,1,2,4587
충청남도 홍성군,4480000000,202602,1,3,5696
충청남도 홍성군,4480000000,202602,1,4,6749
충청남도 홍성군,4480000000,202602,1,5,8665
충청남도 홍성군,4480000000,202602,1,6,16991
충청남도 홍성군,4480000000,202602,2,1,7528
충청남도 홍성군,4480000000,202602,2,2,3704
충청남도 홍성군,4480000000,202602,2,3,4849
충청남도 홍성군,4480000000,202602,2,4,6517
충청남도 홍성군,4480000000,202602,2,5,7593
충청남도 홍성군,4480000000,202602,2,6,20206
충청남도 홍성군,4480000000,202603,1,1,7950
충청남도 홍성군,4480000000,202603,1,2,4536
충청남도 홍성군,4480000000,202603,1,3,5727
충청남도 홍성군,4480000000,202603,1,4,6751
충청남도 홍성군,4480000000,202603,1,5,8655
충청남도 홍성군,4480000000,202603,1,6,17070
충청남도 홍성군,4480000000,202603,2,1,7528
충청남도 홍성군,4480000000,202603,2,2,3675
충청남도 홍성군,4480000000,202603,2,3,4880
충청남도 홍성군,4480000000,202603,2,4,6498
충청남도 홍성군,4480000000,202603,2,5,7606
충청남도 홍성군,4480000000,202603,2,6,20267
충청남도 홍성군,4480000000,202604,1,1,7970
충청남도 홍성군,4480000000,202604,1,2,4538
충청남도 홍성군,4480000000,202604,1,3,5743
충청남도 홍성군,4480000000,202604,1,4,6742
충청남도 홍성군,4480000000,202604,1,5,8675
충청남도 홍성군,4480000000,202604,1,6,17128
충청남도 홍성군,4480000000,202604,2,1,7512
충청남도 홍성군,4480000000,202604,2,2,3703
충청남도 홍성군,4480000000,202604,2,3,4901
충청남도 홍성군,4480000000,202604,2,4,6506
충청남도 홍성군,4480000000,202604,2,5,7619
충청남도 홍성군,4480000000,202604,2,6,20301
충청남도 홍성군,4480000000,202605,1,1,7956
충청남도 홍성군,4480000000,202605,1,2,4540
충청남도 홍성군,4480000000,202605,1,3,5757
충청남도 홍성군,4480000000,202605,1,4,6761
충청남도 홍성군,4480000000,202605,1,5,8683
충청남도 홍성군,4480000000,202605,1,6,17154
충청남도 홍성군,4480000000,202605,2,1,7520
충청남도 홍성군,4480000000,202605,2,2,3702
충청남도 홍성군,4480000000,202605,2,3,4903
충청남도 홍성군,4480000000,202605,2,4,6513
충청남도 홍성군,4480000000,202605,2,5,7638
충청남도 홍성군,4480000000,202605,2,6,20316
충청남도 홍성군,4480000000,202606,1,1,7946
충청남도 홍성군,4480000000,202606,1,2,4533
충청남도 홍성군,4480000000,202606,1,3,5768
충청남도 홍성군,4480000000,202606,1,4,6769
충청남도 홍성군,4480000000,202606,1,5,8696
충청남도 홍성군,4480000000,202606,1,6,17205
충청남도 홍성군,4480000000,202606,2,1,7525
충청남도 홍성군,4480000000,202606,2,2,3710
충청남도 홍성군,4480000000,202606,2,3,4917
충청남도 홍성군,4480000000,202606,2,4,6529
충청남도 홍성군,4480000000,202606,2,5,7629
충청남도 홍성군,4480000000,202606,2,6,20339
충청북도 괴산군,4376000000,202601,1,1,1531
충청북도 괴산군,4376000000,202601,1,2,1352
충청북도 괴산군,4376000000,202601,1,3,1224
충청북도 괴산군,4376000000,202601,1,4,1772
충청북도 괴산군,4376000000,202601,1,5,3541
충청북도 괴산군,4376000000,202601,1,6,10283
충청북도 괴산군,4376000000,202601,2,1,1436
충청북도 괴산군,4376000000,202601,2,2,966
충청북도 괴산군,4376000000,202601,2,3,957
충청북도 괴산군,4376000000,202601,2,4,1463
충청북도 괴산군,4376000000,202601,2,5,2902
충청북도 괴산군,4376000000,202601,2,6,10739
충청북도 괴산군,4376000000,202602,1,1,1472
충청북도 괴산군,4376000000,202602,1,2,1317
충청북도 괴산군,4376000000,202602,1,3,1188
충청북도 괴산군,4376000000,202602,1,4,1749
충청북도 괴산군,4376000000,202602,1,5,3497
충청북도 괴산군,4376000000,202602,1,6,10292
충청북도 괴산군,4376000000,202602,2,1,1382
충청북도 괴산군,4376000000,202602,2,2,932
충청북도 괴산군,4376000000,202602,2,3,932
충청북도 괴산군,4376000000,202602,2,4,1436
충청북도 괴산군,4376000000,202602,2,5,2842
충청북도 괴산군,4376000000,202602,2,6,10735
충청북도 괴산군,4376000000,202603,1,1,1451
충청북도 괴산군,4376000000,202603,1,2,1262
충청북도 괴산군,4376000000,202603,1,3,1191
충청북도 괴산군,4376000000,202603,1,4,1717
충청북도 괴산군,4376000000,202603,1,5,3470
충청북도 괴산군,4376000000,202603,1,6,10337
충청북도 괴산군,4376000000,202603,2,1,1348
충청북도 괴산군,4376000000,202603,2,2,895
충청북도 괴산군,4376000000,202603,2,3,925
충청북도 괴산군,4376000000,202603,2,4,1403
충청북도 괴산군,4376000000,202603,2,5,2795
충청북도 괴산군,4376000000,202603,2,6,10738
충청북도 괴산군,4376000000,202604,1,1,1441
충청북도 괴산군,4376000000,202604,1,2,1239
충청북도 괴산군,4376000000,202604,1,3,1194
충청북도 괴산군,4376000000,202604,1,4,1715
충청북도 괴산군,4376000000,202604,1,5,3445
충청북도 괴산군,4376000000,202604,1,6,10375
충청북도 괴산군,4376000000,202604,2,1,1350
충청북도 괴산군,4376000000,202604,2,2,874
충청북도 괴산군,4376000000,202604,2,3,928
충청북도 괴산군,4376000000,202604,2,4,1377
충청북도 괴산군,4376000000,202604,2,5,2778
충청북도 괴산군,4376000000,202604,2,6,10757
충청북도 괴산군,4376000000,202605,1,1,1430
충청북도 괴산군,4376000000,202605,1,2,1235
충청북도 괴산군,4376000000,202605,1,3,1181
충청북도 괴산군,4376000000,202605,1,4,1710
충청북도 괴산군,4376000000,202605,1,5,3439
충청북도 괴산군,4376000000,202605,1,6,10398
충청북도 괴산군,4376000000,202605,2,1,1339
충청북도 괴산군,4376000000,202605,2,2,872
충청북도 괴산군,4376000000,202605,2,3,928
충청북도 괴산군,4376000000,202605,2,4,1378
충청북도 괴산군,4376000000,202605,2,5,2756
충청북도 괴산군,4376000000,202605,2,6,10762
충청북도 괴산군,4376000000,202606,1,1,1426
충청북도 괴산군,4376000000,202606,1,2,1233
충청북도 괴산군,4376000000,202606,1,3,1178
충청북도 괴산군,4376000000,202606,1,4,1714
충청북도 괴산군,4376000000,202606,1,5,3421
충청북도 괴산군,4376000000,202606,1,6,10423
충청북도 괴산군,4376000000,202606,2,1,1339
충청북도 괴산군,4376000000,202606,2,2,858
충청북도 괴산군,4376000000,202606,2,3,928
충청북도 괴산군,4376000000,202606,2,4,1380
충청북도 괴산군,4376000000,202606,2,5,2756
충청북도 괴산군,4376000000,202606,2,6,10759
충청북도 단양군,4380000000,202601,1,1,1203
충청북도 단양군,4380000000,202601,1,2,916
충청북도 단양군,4380000000,202601,1,3,895
충청북도 단양군,4380000000,202601,1,4,1282
충청북도 단양군,4380000000,202601,1,5,2520
충청북도 단양군,4380000000,202601,1,6,6881
충청북도 단양군,4380000000,202601,2,1,1081
충청북도 단양군,4380000000,202601,2,2,647
충청북도 단양군,4380000000,202601,2,3,692
충청북도 단양군,4380000000,202601,2,4,1102
충청북도 단양군,4380000000,202601,2,5,2097
충청북도 단양군,4380000000,202601,2,6,7472
충청북도 단양군,4380000000,202602,1,1,1186
충청북도 단양군,4380000000,202602,1,2,918
충청북도 단양군,4380000000,202602,1,3,891
충청북도 단양군,4380000000,202602,1,4,1269
충청북도 단양군,4380000000,202602,1,5,2493
충청북도 단양군,4380000000,202602,1,6,6906
충청북도 단양군,4380000000,202602,2,1,1076
충청북도 단양군,4380000000,202602,2,2,629
충청북도 단양군,4380000000,202602,2,3,689
충청북도 단양군,4380000000,202602,2,4,1087
충청북도 단양군,4380000000,202602,2,5,2081
충청북도 단양군,4380000000,202602,2,6,7486
충청북도 단양군,4380000000,202603,1,1,1179
충청북도 단양군,4380000000,202603,1,2,906
충청북도 단양군,4380000000,202603,1,3,892
충청북도 단양군,4380000000,202603,1,4,1264
충청북도 단양군,4380000000,202603,1,5,2474
충청북도 단양군,4380000000,202603,1,6,6937
충청북도 단양군,4380000000,202603,2,1,1066
충청북도 단양군,4380000000,202603,2,2,618
충청북도 단양군,4380000000,202603,2,3,677
충청북도 단양군,4380000000,202603,2,4,1077
충청북도 단양군,4380000000,202603,2,5,2067
충청북도 단양군,4380000000,202603,2,6,7487
충청북도 단양군,4380000000,202604,1,1,1169
충청북도 단양군,4380000000,202604,1,2,904
충청북도 단양군,4380000000,202604,1,3,897
충청북도 단양군,4380000000,202604,1,4,1258
충청북도 단양군,4380000000,202604,1,5,2463
충청북도 단양군,4380000000,202604,1,6,6962
충청북도 단양군,4380000000,202604,2,1,1058
충청북도 단양군,4380000000,202604,2,2,628
충청북도 단양군,4380000000,202604,2,3,679
충청북도 단양군,4380000000,202604,2,4,1072
충청북도 단양군,4380000000,202604,2,5,2058
충청북도 단양군,4380000000,202604,2,6,7508
충청북도 단양군,4380000000,202605,1,1,1161
충청북도 단양군,4380000000,202605,1,2,895
충청북도 단양군,4380000000,202605,1,3,901
충청북도 단양군,4380000000,202605,1,4,1257
충청북도 단양군,4380000000,202605,1,5,2456
충청북도 단양군,4380000000,202605,1,6,6980
충청북도 단양군,4380000000,202605,2,1,1049
충청북도 단양군,4380000000,202605,2,2,623
충청북도 단양군,4380000000,202605,2,3,674
충청북도 단양군,4380000000,202605,2,4,1070
충청북도 단양군,4380000000,202605,2,5,2051
충청북도 단양군,4380000000,202605,2,6,7506
충청북도 단양군,4380000000,202606,1,1,1158
충청북도 단양군,4380000000,202606,1,2,885
충청북도 단양군,4380000000,202606,1,3,896
충청북도 단양군,4380000000,202606,1,4,1256
충청북도 단양군,4380000000,202606,1,5,2457
충청북도 단양군,4380000000,202606,1,6,6984
충청북도 단양군,4380000000,202606,2,1,1052
충청북도 단양군,4380000000,202606,2,2,619
충청북도 단양군,4380000000,202606,2,3,681
충청북도 단양군,4380000000,202606,2,4,1072
충청북도 단양군,4380000000,202606,2,5,2051
충청북도 단양군,4380000000,202606,2,6,7517
충청북도 보은군,4372000000,202601,1,1,1442
충청북도 보은군,4372000000,202601,1,2,1060
충청북도 보은군,4372000000,202601,1,3,1006
충청북도 보은군,4372000000,202601,1,4,1458
충청북도 보은군,4372000000,202601,1,5,2681
충청북도 보은군,4372000000,202601,1,6,7935
충청북도 보은군,4372000000,202601,2,1,1292
충청북도 보은군,4372000000,202601,2,2,741
충청북도 보은군,4372000000,202601,2,3,795
충청북도 보은군,4372000000,202601,2,4,1201
충청북도 보은군,4372000000,202601,2,5,2178
충청북도 보은군,4372000000,202601,2,6,8814
충청북도 보은군,4372000000,202602,1,1,1421
충청북도 보은군,4372000000,202602,1,2,1065
충청북도 보은군,4372000000,202602,1,3,1002
충청북도 보은군,4372000000,202602,1,4,1459
충청북도 보은군,4372000000,202602,1,5,2666
충청북도 보은군,4372000000,202602,1,6,7969
충청북도 보은군,4372000000,202602,2,1,1289
충청북도 보은군,4372000000,202602,2,2,735
충청북도 보은군,4372000000,202602,2,3,799
충청북도 보은군,4372000000,202602,2,4,1201
충청북도 보은군,4372000000,202602,2,5,2157
충청북도 보은군,4372000000,202602,2,6,8838
충청북도 보은군,4372000000,202603,1,1,1418
충청북도 보은군,4372000000,202603,1,2,1068
충청북도 보은군,4372000000,202603,1,3,1011
충청북도 보은군,4372000000,202603,1,4,1456
충청북도 보은군,4372000000,202603,1,5,2645
충청북도 보은군,4372000000,202603,1,6,8009
충청북도 보은군,4372000000,202603,2,1,1290
충청북도 보은군,4372000000,202603,2,2,730
충청북도 보은군,4372000000,202603,2,3,805
충청북도 보은군,4372000000,202603,2,4,1206
충청북도 보은군,4372000000,202603,2,5,2155
충청북도 보은군,4372000000,202603,2,6,8869
충청북도 보은군,4372000000,202604,1,1,1422
충청북도 보은군,4372000000,202604,1,2,1057
충청북도 보은군,4372000000,202604,1,3,1016
충청북도 보은군,4372000000,202604,1,4,1443
충청북도 보은군,4372000000,202604,1,5,2644
충청북도 보은군,4372000000,202604,1,6,8045
충청북도 보은군,4372000000,202604,2,1,1290
충청북도 보은군,4372000000,202604,2,2,739
충청북도 보은군,4372000000,202604,2,3,805
충청북도 보은군,4372000000,202604,2,4,1217
충청북도 보은군,4372000000,202604,2,5,2153
충청북도 보은군,4372000000,202604,2,6,8874
충청북도 보은군,4372000000,202605,1,1,1418
충청북도 보은군,4372000000,202605,1,2,1049
충청북도 보은군,4372000000,202605,1,3,1015
충청북도 보은군,4372000000,202605,1,4,1444
충청북도 보은군,4372000000,202605,1,5,2626
충청북도 보은군,4372000000,202605,1,6,8084
충청북도 보은군,4372000000,202605,2,1,1292
충청북도 보은군,4372000000,202605,2,2,738
충청북도 보은군,4372000000,202605,2,3,802
충청북도 보은군,4372000000,202605,2,4,1210
충청북도 보은군,4372000000,202605,2,5,2147
충청북도 보은군,4372000000,202605,2,6,8891
충청북도 보은군,4372000000,202606,1,1,1423
충청북도 보은군,4372000000,202606,1,2,1073
충청북도 보은군,4372000000,202606,1,3,1054
충청북도 보은군,4372000000,202606,1,4,1459
충청북도 보은군,4372000000,202606,1,5,2682
충청북도 보은군,4372000000,202606,1,6,8183
충청북도 보은군,4372000000,202606,2,1,1300
충청북도 보은군,4372000000,202606,2,2,761
충청북도 보은군,4372000000,202606,2,3,827
충청북도 보은군,4372000000,202606,2,4,1245
충청북도 보은군,4372000000,202606,2,5,2179
충청북도 보은군,4372000000,202606,2,6,8995
충청북도 영동군,4374000000,202601,1,1,2105
충청북도 영동군,4374000000,202601,1,2,1632
충청북도 영동군,4374000000,202601,1,3,1458
충청북도 영동군,4374000000,202601,1,4,2046
충청북도 영동군,4374000000,202601,1,5,4050
충청북도 영동군,4374000000,202601,1,6,10480
충청북도 영동군,4374000000,202601,2,1,1944
충청북도 영동군,4374000000,202601,2,2,1315
충청북도 영동군,4374000000,202601,2,3,1170
충청북도 영동군,4374000000,202601,2,4,1789
충청북도 영동군,4374000000,202601,2,5,3327
충청북도 영동군,4374000000,202601,2,6,11820
충청북도 영동군,4374000000,202602,1,1,2086
충청북도 영동군,4374000000,202602,1,2,1600
충청북도 영동군,4374000000,202602,1,3,1455
충청북도 영동군,4374000000,202602,1,4,2037
충청북도 영동군,4374000000,202602,1,5,4040
충청북도 영동군,4374000000,202602,1,6,10509
충청북도 영동군,4374000000,202602,2,1,1933
충청북도 영동군,4374000000,202602,2,2,1284
충청북도 영동군,4374000000,202602,2,3,1169
충청북도 영동군,4374000000,202602,2,4,1772
충청북도 영동군,4374000000,202602,2,5,3310
충청북도 영동군,4374000000,202602,2,6,11848
충청북도 영동군,4374000000,202603,1,1,2086
충청북도 영동군,4374000000,202603,1,2,1578
충청북도 영동군,4374000000,202603,1,3,1451
충청북도 영동군,4374000000,202603,1,4,2019
충청북도 영동군,4374000000,202603,1,5,4037
충청북도 영동군,4374000000,202603,1,6,10539
충청북도 영동군,4374000000,202603,2,1,1919
충청북도 영동군,4374000000,202603,2,2,1266
충청북도 영동군,4374000000,202603,2,3,1156
충청북도 영동군,4374000000,202603,2,4,1751
충청북도 영동군,4374000000,202603,2,5,3289
충청북도 영동군,4374000000,202603,2,6,11883
충청북도 영동군,4374000000,202604,1,1,2075
충청북도 영동군,4374000000,202604,1,2,1577
충청북도 영동군,4374000000,202604,1,3,1458
충청북도 영동군,4374000000,202604,1,4,2016
충청북도 영동군,4374000000,202604,1,5,4040
충청북도 영동군,4374000000,202604,1,6,10581
충청북도 영동군,4374000000,202604,2,1,1923
충청북도 영동군,4374000000,202604,2,2,1248
충청북도 영동군,4374000000,202604,2,3,1166
충청북도 영동군,4374000000,202604,2,4,1756
충청북도 영동군,4374000000,202604,2,5,3275
충청북도 영동군,4374000000,202604,2,6,11918
충청북도 영동군,4374000000,202605,1,1,2056
충청북도 영동군,4374000000,202605,1,2,1573
충청북도 영동군,4374000000,202605,1,3,1469
충청북도 영동군,4374000000,202605,1,4,2003
충청북도 영동군,4374000000,202605,1,5,4045
충청북도 영동군,4374000000,202605,1,6,10592
충청북도 영동군,4374000000,202605,2,1,1905
충청북도 영동군,4374000000,202605,2,2,1262
충청북도 영동군,4374000000,202605,2,3,1167
충청북도 영동군,4374000000,202605,2,4,1750
충청북도 영동군,4374000000,202605,2,5,3271
충청북도 영동군,4374000000,202605,2,6,11938
충청북도 영동군,4374000000,202606,1,1,2052
충청북도 영동군,4374000000,202606,1,2,1565
충청북도 영동군,4374000000,202606,1,3,1466
충청북도 영동군,4374000000,202606,1,4,2007
충청북도 영동군,4374000000,202606,1,5,4039
충청북도 영동군,4374000000,202606,1,6,10602
충청북도 영동군,4374000000,202606,2,1,1898
충청북도 영동군,4374000000,202606,2,2,1261
충청북도 영동군,4374000000,202606,2,3,1164
충청북도 영동군,4374000000,202606,2,4,1747
충청북도 영동군,4374000000,202606,2,5,3260
충청북도 영동군,4374000000,202606,2,6,11950
충청북도 옥천군,4373000000,202601,1,1,2733
충청북도 옥천군,4373000000,202601,1,2,2106
충청북도 옥천군,4373000000,202601,1,3,1823
충청북도 옥천군,4373000000,202601,1,4,2721
충청북도 옥천군,4373000000,202601,1,5,4586
충청북도 옥천군,4373000000,202601,1,6,11382
충청북도 옥천군,4373000000,202601,2,1,2468
충청북도 옥천군,4373000000,202601,2,2,1611
충청북도 옥천군,4373000000,202601,2,3,1522
충청북도 옥천군,4373000000,202601,2,4,2545
충청북도 옥천군,4373000000,202601,2,5,4085
충청북도 옥천군,4373000000,202601,2,6,12418
충청북도 옥천군,4373000000,202602,1,1,2728
충청북도 옥천군,4373000000,202602,1,2,2112
충청북도 옥천군,4373000000,202602,1,3,1840
충청북도 옥천군,4373000000,202602,1,4,2708
충청북도 옥천군,4373000000,202602,1,5,4584
충청북도 옥천군,4373000000,202602,1,6,11448
충청북도 옥천군,4373000000,202602,2,1,2458
충청북도 옥천군,4373000000,202602,2,2,1632
충청북도 옥천군,4373000000,202602,2,3,1525
충청북도 옥천군,4373000000,202602,2,4,2531
충청북도 옥천군,4373000000,202602,2,5,4099
충청북도 옥천군,4373000000,202602,2,6,12452
충청북도 옥천군,4373000000,202603,1,1,2718
충청북도 옥천군,4373000000,202603,1,2,2138
충청북도 옥천군,4373000000,202603,1,3,1857
충청북도 옥천군,4373000000,202603,1,4,2709
충청북도 옥천군,4373000000,202603,1,5,4579
충청북도 옥천군,4373000000,202603,1,6,11529
충청북도 옥천군,4373000000,202603,2,1,2466
충청북도 옥천군,4373000000,202603,2,2,1633
충청북도 옥천군,4373000000,202603,2,3,1535
충청북도 옥천군,4373000000,202603,2,4,2508
충청북도 옥천군,4373000000,202603,2,5,4088
충청북도 옥천군,4373000000,202603,2,6,12499
충청북도 옥천군,4373000000,202604,1,1,2720
충청북도 옥천군,4373000000,202604,1,2,2145
충청북도 옥천군,4373000000,202604,1,3,1866
충청북도 옥천군,4373000000,202604,1,4,2725
충청북도 옥천군,4373000000,202604,1,5,4581
충청북도 옥천군,4373000000,202604,1,6,11572
충청북도 옥천군,4373000000,202604,2,1,2460
충청북도 옥천군,4373000000,202604,2,2,1637
충청북도 옥천군,4373000000,202604,2,3,1552
충청북도 옥천군,4373000000,202604,2,4,2508
충청북도 옥천군,4373000000,202604,2,5,4103
충청북도 옥천군,4373000000,202604,2,6,12518
충청북도 옥천군,4373000000,202605,1,1,2700
충청북도 옥천군,4373000000,202605,1,2,2146
충청북도 옥천군,4373000000,202605,1,3,1872
충청북도 옥천군,4373000000,202605,1,4,2716
충청북도 옥천군,4373000000,202605,1,5,4588
충청북도 옥천군,4373000000,202605,1,6,11613
충청북도 옥천군,4373000000,202605,2,1,2450
충청북도 옥천군,4373000000,202605,2,2,1631
충청북도 옥천군,4373000000,202605,2,3,1550
충청북도 옥천군,4373000000,202605,2,4,2513
충청북도 옥천군,4373000000,202605,2,5,4104
충청북도 옥천군,4373000000,202605,2,6,12540
충청북도 옥천군,4373000000,202606,1,1,2695
충청북도 옥천군,4373000000,202606,1,2,2164
충청북도 옥천군,4373000000,202606,1,3,1883
충청북도 옥천군,4373000000,202606,1,4,2725
충청북도 옥천군,4373000000,202606,1,5,4598
충청북도 옥천군,4373000000,202606,1,6,11631
충청북도 옥천군,4373000000,202606,2,1,2454
충청북도 옥천군,4373000000,202606,2,2,1639
충청북도 옥천군,4373000000,202606,2,3,1575
충청북도 옥천군,4373000000,202606,2,4,2517
충청북도 옥천군,4373000000,202606,2,5,4107
충청북도 옥천군,4373000000,202606,2,6,12559
충청북도 음성군,4377000000,202601,1,1,6040
충청북도 음성군,4377000000,202601,1,2,4687
충청북도 음성군,4377000000,202601,1,3,5709
충청북도 음성군,4377000000,202601,1,4,6814
충청북도 음성군,4377000000,202601,1,5,9841
충청북도 음성군,4377000000,202601,1,6,17517
충청북도 음성군,4377000000,202601,2,1,5494
충청북도 음성군,4377000000,202601,2,2,3454
충청북도 음성군,4377000000,202601,2,3,4035
충청북도 음성군,4377000000,202601,2,4,5474
충청북도 음성군,4377000000,202601,2,5,7864
충청북도 음성군,4377000000,202601,2,6,17800
충청북도 음성군,4377000000,202602,1,1,6063
충청북도 음성군,4377000000,202602,1,2,4667
충청북도 음성군,4377000000,202602,1,3,5747
충청북도 음성군,4377000000,202602,1,4,6816
충청북도 음성군,4377000000,202602,1,5,9853
충청북도 음성군,4377000000,202602,1,6,17622
충청북도 음성군,4377000000,202602,2,1,5490
충청북도 음성군,4377000000,202602,2,2,3447
충청북도 음성군,4377000000,202602,2,3,4053
충청북도 음성군,4377000000,202602,2,4,5498
충청북도 음성군,4377000000,202602,2,5,7889
충청북도 음성군,4377000000,202602,2,6,17876
충청북도 음성군,4377000000,202603,1,1,6123
충청북도 음성군,4377000000,202603,1,2,4694
충청북도 음성군,4377000000,202603,1,3,5813
충청북도 음성군,4377000000,202603,1,4,6830
충청북도 음성군,4377000000,202603,1,5,9847
충청북도 음성군,4377000000,202603,1,6,17717
충청북도 음성군,4377000000,202603,2,1,5484
충청북도 음성군,4377000000,202603,2,2,3439
충청북도 음성군,4377000000,202603,2,3,4100
충청북도 음성군,4377000000,202603,2,4,5504
충청북도 음성군,4377000000,202603,2,5,7915
충청북도 음성군,4377000000,202603,2,6,17963
충청북도 음성군,4377000000,202604,1,1,6139
충청북도 음성군,4377000000,202604,1,2,4717
충청북도 음성군,4377000000,202604,1,3,5833
충청북도 음성군,4377000000,202604,1,4,6806
충청북도 음성군,4377000000,202604,1,5,9876
충청북도 음성군,4377000000,202604,1,6,17769
충청북도 음성군,4377000000,202604,2,1,5504
충청북도 음성군,4377000000,202604,2,2,3460
충청북도 음성군,4377000000,202604,2,3,4144
충청북도 음성군,4377000000,202604,2,4,5499
충청북도 음성군,4377000000,202604,2,5,7929
충청북도 음성군,4377000000,202604,2,6,18004
충청북도 음성군,4377000000,202605,1,1,6119
충청북도 음성군,4377000000,202605,1,2,4696
충청북도 음성군,4377000000,202605,1,3,5856
충청북도 음성군,4377000000,202605,1,4,6807
충청북도 음성군,4377000000,202605,1,5,9869
충청북도 음성군,4377000000,202605,1,6,17842
충청북도 음성군,4377000000,202605,2,1,5504
충청북도 음성군,4377000000,202605,2,2,3456
충청북도 음성군,4377000000,202605,2,3,4168
충청북도 음성군,4377000000,202605,2,4,5483
충청북도 음성군,4377000000,202605,2,5,7957
충청북도 음성군,4377000000,202605,2,6,18030
충청북도 음성군,4377000000,202606,1,1,6111
충청북도 음성군,4377000000,202606,1,2,4695
충청북도 음성군,4377000000,202606,1,3,5904
충청북도 음성군,4377000000,202606,1,4,6840
충청북도 음성군,4377000000,202606,1,5,9854
충청북도 음성군,4377000000,202606,1,6,17892
충청북도 음성군,4377000000,202606,2,1,5514
충청북도 음성군,4377000000,202606,2,2,3466
충청북도 음성군,4377000000,202606,2,3,4192
충청북도 음성군,4377000000,202606,2,4,5484
충청북도 음성군,4377000000,202606,2,5,7944
충청북도 음성군,4377000000,202606,2,6,18058
충청북도 제천시,4315000000,202601,1,1,8645
충청북도 제천시,4315000000,202601,1,2,7018
충청북도 제천시,4315000000,202601,1,3,6293
충청북도 제천시,4315000000,202601,1,4,7857
충청북도 제천시,4315000000,202601,1,5,11497
충청북도 제천시,4315000000,202601,1,6,23160
충청북도 제천시,4315000000,202601,2,1,8076
충청북도 제천시,4315000000,202601,2,2,5614
충청북도 제천시,4315000000,202601,2,3,5022
충청북도 제천시,4315000000,202601,2,4,7282
충청북도 제천시,4315000000,202601,2,5,10922
충청북도 제천시,4315000000,202601,2,6,26417
충청북도 제천시,4315000000,202602,1,1,8620
충청북도 제천시,4315000000,202602,1,2,6966
충청북도 제천시,4315000000,202602,1,3,6290
충청북도 제천시,4315000000,202602,1,4,7848
충청북도 제천시,4315000000,202602,1,5,11435
충청북도 제천시,4315000000,202602,1,6,23267
충청북도 제천시,4315000000,202602,2,1,8009
충청북도 제천시,4315000000,202602,2,2,5559
충청북도 제천시,4315000000,202602,2,3,5033
충청북도 제천시,4315000000,202602,2,4,7227
충청북도 제천시,4315000000,202602,2,5,10896
충청북도 제천시,4315000000,202602,2,6,26490
충청북도 제천시,4315000000,202603,1,1,8790
충청북도 제천시,4315000000,202603,1,2,7064
충청북도 제천시,4315000000,202603,1,3,6303
충청북도 제천시,4315000000,202603,1,4,7791
충청북도 제천시,4315000000,202603,1,5,11380
충청북도 제천시,4315000000,202603,1,6,23423
충청북도 제천시,4315000000,202603,2,1,8200
충청북도 제천시,4315000000,202603,2,2,5628
충청북도 제천시,4315000000,202603,2,3,5041
충청북도 제천시,4315000000,202603,2,4,7198
충청북도 제천시,4315000000,202603,2,5,10831
충청북도 제천시,4315000000,202603,2,6,26620
충청북도 제천시,4315000000,202604,1,1,8779
충청북도 제천시,4315000000,202604,1,2,7060
충청북도 제천시,4315000000,202604,1,3,6297
충청북도 제천시,4315000000,202604,1,4,7784
충청북도 제천시,4315000000,202604,1,5,11382
충청북도 제천시,4315000000,202604,1,6,23505
충청북도 제천시,4315000000,202604,2,1,8210
충청북도 제천시,4315000000,202604,2,2,5629
충청북도 제천시,4315000000,202604,2,3,5060
충청북도 제천시,4315000000,202604,2,4,7159
충청북도 제천시,4315000000,202604,2,5,10813
충청북도 제천시,4315000000,202604,2,6,26704
충청북도 제천시,4315000000,202605,1,1,8737
충청북도 제천시,4315000000,202605,1,2,7052
충청북도 제천시,4315000000,202605,1,3,6303
충청북도 제천시,4315000000,202605,1,4,7758
충청북도 제천시,4315000000,202605,1,5,11352
충청북도 제천시,4315000000,202605,1,6,23568
충청북도 제천시,4315000000,202605,2,1,8175
충청북도 제천시,4315000000,202605,2,2,5635
충청북도 제천시,4315000000,202605,2,3,5057
충청북도 제천시,4315000000,202605,2,4,7143
충청북도 제천시,4315000000,202605,2,5,10794
충청북도 제천시,4315000000,202605,2,6,26732
충청북도 제천시,4315000000,202606,1,1,8672
충청북도 제천시,4315000000,202606,1,2,7038
충청북도 제천시,4315000000,202606,1,3,6315
충청북도 제천시,4315000000,202606,1,4,7759
충청북도 제천시,4315000000,202606,1,5,11339
충청북도 제천시,4315000000,202606,1,6,23596
충청북도 제천시,4315000000,202606,2,1,8130
충청북도 제천시,4315000000,202606,2,2,5604
충청북도 제천시,4315000000,202606,2,3,5051
충청북도 제천시,4315000000,202606,2,4,7154
충청북도 제천시,4315000000,202606,2,5,10775
충청북도 제천시,4315000000,202606,2,6,26759
충청북도 증평군,4374500000,202601,1,1,2884
충청북도 증평군,4374500000,202601,1,2,2112
충청북도 증평군,4374500000,202601,1,3,2537
충청북도 증평군,4374500000,202601,1,4,2824
충청북도 증평군,4374500000,202601,1,5,3294
충청북도 증평군,4374500000,202601,1,6,5452
충청북도 증평군,4374500000,202601,2,1,2689
충청북도 증평군,4374500000,202601,2,2,1488
충청북도 증평군,4374500000,202601,2,3,1967
충청북도 증평군,4374500000,202601,2,4,2372
충청북도 증평군,4374500000,202601,2,5,2907
충청북도 증평군,4374500000,202601,2,6,6130
충청북도 증평군,4374500000,202602,1,1,2877
충청북도 증평군,4374500000,202602,1,2,2084
충청북도 증평군,4374500000,202602,1,3,2512
충청북도 증평군,4374500000,202602,1,4,2836
충청북도 증평군,4374500000,202602,1,5,3315
충청북도 증평군,4374500000,202602,1,6,5459
충청북도 증평군,4374500000,202602,2,1,2685
충청북도 증평군,4374500000,202602,2,2,1471
충청북도 증평군,4374500000,202602,2,3,1953
충청북도 증평군,4374500000,202602,2,4,2359
충청북도 증평군,4374500000,202602,2,5,2910
충청북도 증평군,4374500000,202602,2,6,6162
충청북도 증평군,4374500000,202603,1,1,2862
충청북도 증평군,4374500000,202603,1,2,2073
충청북도 증평군,4374500000,202603,1,3,2496
충청북도 증평군,4374500000,202603,1,4,2834
충청북도 증평군,4374500000,202603,1,5,3300
충청북도 증평군,4374500000,202603,1,6,5488
충청북도 증평군,4374500000,202603,2,1,2687
충청북도 증평군,4374500000,202603,2,2,1466
충청북도 증평군,4374500000,202603,2,3,1943
충청북도 증평군,4374500000,202603,2,4,2359
충청북도 증평군,4374500000,202603,2,5,2902
충청북도 증평군,4374500000,202603,2,6,6175
충청북도 증평군,4374500000,202604,1,1,2866
충청북도 증평군,4374500000,202604,1,2,2087
충청북도 증평군,4374500000,202604,1,3,2529
충청북도 증평군,4374500000,202604,1,4,2831
충청북도 증평군,4374500000,202604,1,5,3311
충청북도 증평군,4374500000,202604,1,6,5516
충청북도 증평군,4374500000,202604,2,1,2697
충청북도 증평군,4374500000,202604,2,2,1450
충청북도 증평군,4374500000,202604,2,3,1953
충청북도 증평군,4374500000,202604,2,4,2362
충청북도 증평군,4374500000,202604,2,5,2893
충청북도 증평군,4374500000,202604,2,6,6199
충청북도 증평군,4374500000,202605,1,1,2854
충청북도 증평군,4374500000,202605,1,2,2078
충청북도 증평군,4374500000,202605,1,3,2532
충청북도 증평군,4374500000,202605,1,4,2840
충청북도 증평군,4374500000,202605,1,5,3307
충청북도 증평군,4374500000,202605,1,6,5542
충청북도 증평군,4374500000,202605,2,1,2685
충청북도 증평군,4374500000,202605,2,2,1431
충청북도 증평군,4374500000,202605,2,3,1968
충청북도 증평군,4374500000,202605,2,4,2368
충청북도 증평군,4374500000,202605,2,5,2883
충청북도 증평군,4374500000,202605,2,6,6236
충청북도 증평군,4374500000,202606,1,1,2852
충청북도 증평군,4374500000,202606,1,2,2077
충청북도 증평군,4374500000,202606,1,3,2521
충청북도 증평군,4374500000,202606,1,4,2844
충청북도 증평군,4374500000,202606,1,5,3299
충청북도 증평군,4374500000,202606,1,6,5565
충청북도 증평군,4374500000,202606,2,1,2688
충청북도 증평군,4374500000,202606,2,2,1438
충청북도 증평군,4374500000,202606,2,3,1967
충청북도 증평군,4374500000,202606,2,4,2366
충청북도 증평군,4374500000,202606,2,5,2881
충청북도 증평군,4374500000,202606,2,6,6243
충청북도 진천군,4375000000,202601,1,1,7389
충청북도 진천군,4375000000,202601,1,2,4377
충청북도 진천군,4375000000,202601,1,3,6056
충청북도 진천군,4375000000,202601,1,4,7476
충청북도 진천군,4375000000,202601,1,5,8043
충청북도 진천군,4375000000,202601,1,6,12106
충청북도 진천군,4375000000,202601,2,1,6875
충청북도 진천군,4375000000,202601,2,2,3147
충청북도 진천군,4375000000,202601,2,3,4622
충청북도 진천군,4375000000,202601,2,4,6336
충청북도 진천군,4375000000,202601,2,5,6640
충청북도 진천군,4375000000,202601,2,6,12902
충청북도 진천군,4375000000,202602,1,1,7343
충청북도 진천군,4375000000,202602,1,2,4302
충청북도 진천군,4375000000,202602,1,3,6023
충청북도 진천군,4375000000,202602,1,4,7454
충청북도 진천군,4375000000,202602,1,5,8043
충청북도 진천군,4375000000,202602,1,6,12138
충청북도 진천군,4375000000,202602,2,1,6803
충청북도 진천군,4375000000,202602,2,2,3116
충청북도 진천군,4375000000,202602,2,3,4574
충청북도 진천군,4375000000,202602,2,4,6320
충청북도 진천군,4375000000,202602,2,5,6625
충청북도 진천군,4375000000,202602,2,6,12948
충청북도 진천군,4375000000,202603,1,1,7306
충청북도 진천군,4375000000,202603,1,2,4242
충청북도 진천군,4375000000,202603,1,3,6058
충청북도 진천군,4375000000,202603,1,4,7415
충청북도 진천군,4375000000,202603,1,5,8034
충청북도 진천군,4375000000,202603,1,6,12216
충청북도 진천군,4375000000,202603,2,1,6770
충청북도 진천군,4375000000,202603,2,2,3096
충청북도 진천군,4375000000,202603,2,3,4547
충청북도 진천군,4375000000,202603,2,4,6281
충청북도 진천군,4375000000,202603,2,5,6615
충청북도 진천군,4375000000,202603,2,6,13010
충청북도 진천군,4375000000,202604,1,1,7282
충청북도 진천군,4375000000,202604,1,2,4245
충청북도 진천군,4375000000,202604,1,3,6086
충청북도 진천군,4375000000,202604,1,4,7394
충청북도 진천군,4375000000,202604,1,5,8056
충청북도 진천군,4375000000,202604,1,6,12276
충청북도 진천군,4375000000,202604,2,1,6750
충청북도 진천군,4375000000,202604,2,2,3082
충청북도 진천군,4375000000,202604,2,3,4548
충청북도 진천군,4375000000,202604,2,4,6246
충청북도 진천군,4375000000,202604,2,5,6612
충청북도 진천군,4375000000,202604,2,6,13046
충청북도 진천군,4375000000,202605,1,1,7238
충청북도 진천군,4375000000,202605,1,2,4244
충청북도 진천군,4375000000,202605,1,3,6084
충청북도 진천군,4375000000,202605,1,4,7392
충청북도 진천군,4375000000,202605,1,5,8062
충청북도 진천군,4375000000,202605,1,6,12287
충청북도 진천군,4375000000,202605,2,1,6720
충청북도 진천군,4375000000,202605,2,2,3060
충청북도 진천군,4375000000,202605,2,3,4557
충청북도 진천군,4375000000,202605,2,4,6234
충청북도 진천군,4375000000,202605,2,5,6597
충청북도 진천군,4375000000,202605,2,6,13083
충청북도 진천군,4375000000,202606,1,1,7237
충청북도 진천군,4375000000,202606,1,2,4218
충청북도 진천군,4375000000,202606,1,3,6094
충청북도 진천군,4375000000,202606,1,4,7383
충청북도 진천군,4375000000,202606,1,5,8058
충청북도 진천군,4375000000,202606,1,6,12304
충청북도 진천군,4375000000,202606,2,1,6727
충청북도 진천군,4375000000,202606,2,2,3042
충청북도 진천군,4375000000,202606,2,3,4562
충청북도 진천군,4375000000,202606,2,4,6239
충청북도 진천군,4375000000,202606,2,5,6602
충청북도 진천군,4375000000,202606,2,6,13103
충청북도 청주시 상당구,4311100000,202601,1,1,16583
충청북도 청주시 상당구,4311100000,202601,1,2,10765
충청북도 청주시 상당구,4311100000,202601,1,3,12471
충청북도 청주시 상당구,4311100000,202601,1,4,14512
충청북도 청주시 상당구,4311100000,202601,1,5,16603
충청북도 청주시 상당구,4311100000,202601,1,6,25614
충청북도 청주시 상당구,4311100000,202601,2,1,15938
충청북도 청주시 상당구,4311100000,202601,2,2,9260
충청북도 청주시 상당구,4311100000,202601,2,3,11383
충청북도 청주시 상당구,4311100000,202601,2,4,14253
충청북도 청주시 상당구,4311100000,202601,2,5,17132
충청북도 청주시 상당구,4311100000,202601,2,6,29949
충청북도 청주시 상당구,4311100000,202602,1,1,16543
충청북도 청주시 상당구,4311100000,202602,1,2,10691
충청북도 청주시 상당구,4311100000,202602,1,3,12439
충청북도 청주시 상당구,4311100000,202602,1,4,14463
충청북도 청주시 상당구,4311100000,202602,1,5,16562
충청북도 청주시 상당구,4311100000,202602,1,6,25720
충청북도 청주시 상당구,4311100000,202602,2,1,15798
충청북도 청주시 상당구,4311100000,202602,2,2,9268
충청북도 청주시 상당구,4311100000,202602,2,3,11362
충청북도 청주시 상당구,4311100000,202602,2,4,14204
충청북도 청주시 상당구,4311100000,202602,2,5,17087
충청북도 청주시 상당구,4311100000,202602,2,6,30095
충청북도 청주시 상당구,4311100000,202603,1,1,16433
충청북도 청주시 상당구,4311100000,202603,1,2,10575
충청북도 청주시 상당구,4311100000,202603,1,3,12461
충청북도 청주시 상당구,4311100000,202603,1,4,14400
충청북도 청주시 상당구,4311100000,202603,1,5,16522
충청북도 청주시 상당구,4311100000,202603,1,6,25837
충청북도 청주시 상당구,4311100000,202603,2,1,15706
충청북도 청주시 상당구,4311100000,202603,2,2,9184
충청북도 청주시 상당구,4311100000,202603,2,3,11371
충청북도 청주시 상당구,4311100000,202603,2,4,14099
충청북도 청주시 상당구,4311100000,202603,2,5,17017
충청북도 청주시 상당구,4311100000,202603,2,6,30231
충청북도 청주시 상당구,4311100000,202604,1,1,16398
충청북도 청주시 상당구,4311100000,202604,1,2,10506
충청북도 청주시 상당구,4311100000,202604,1,3,12443
충청북도 청주시 상당구,4311100000,202604,1,4,14339
충청북도 청주시 상당구,4311100000,202604,1,5,16526
충청북도 청주시 상당구,4311100000,202604,1,6,25932
충청북도 청주시 상당구,4311100000,202604,2,1,15697
충청북도 청주시 상당구,4311100000,202604,2,2,9102
충청북도 청주시 상당구,4311100000,202604,2,3,11384
충청북도 청주시 상당구,4311100000,202604,2,4,14067
충청북도 청주시 상당구,4311100000,202604,2,5,16985
충청북도 청주시 상당구,4311100000,202604,2,6,30348
충청북도 청주시 상당구,4311100000,202605,1,1,16347
충청북도 청주시 상당구,4311100000,202605,1,2,10462
충청북도 청주시 상당구,4311100000,202605,1,3,12416
충청북도 청주시 상당구,4311100000,202605,1,4,14324
충청북도 청주시 상당구,4311100000,202605,1,5,16484
충청북도 청주시 상당구,4311100000,202605,1,6,25983
충청북도 청주시 상당구,4311100000,202605,2,1,15650
충청북도 청주시 상당구,4311100000,202605,2,2,9031
충청북도 청주시 상당구,4311100000,202605,2,3,11380
충청북도 청주시 상당구,4311100000,202605,2,4,14026
충청북도 청주시 상당구,4311100000,202605,2,5,16938
충청북도 청주시 상당구,4311100000,202605,2,6,30384
충청북도 청주시 상당구,4311100000,202606,1,1,16326
충청북도 청주시 상당구,4311100000,202606,1,2,10384
충청북도 청주시 상당구,4311100000,202606,1,3,12394
충청북도 청주시 상당구,4311100000,202606,1,4,14310
충청북도 청주시 상당구,4311100000,202606,1,5,16424
충청북도 청주시 상당구,4311100000,202606,1,6,26039
충청북도 청주시 상당구,4311100000,202606,2,1,15584
충청북도 청주시 상당구,4311100000,202606,2,2,8955
충청북도 청주시 상당구,4311100000,202606,2,3,11330
충청북도 청주시 상당구,4311100000,202606,2,4,14024
충청북도 청주시 상당구,4311100000,202606,2,5,16917
충청북도 청주시 상당구,4311100000,202606,2,6,30392
충청북도 청주시 서원구,4311200000,202601,1,1,13534
충청북도 청주시 서원구,4311200000,202601,1,2,12910
충청북도 청주시 서원구,4311200000,202601,1,3,12043
충청북도 청주시 서원구,4311200000,202601,1,4,12345
충청북도 청주시 서원구,4311200000,202601,1,5,16041
충청북도 청주시 서원구,4311200000,202601,1,6,24451
충청북도 청주시 서원구,4311200000,202601,2,1,12723
충청북도 청주시 서원구,4311200000,202601,2,2,11044
충청북도 청주시 서원구,4311200000,202601,2,3,9944
충청북도 청주시 서원구,4311200000,202601,2,4,12175
충청북도 청주시 서원구,4311200000,202601,2,5,16818
충청북도 청주시 서원구,4311200000,202601,2,6,28979
충청북도 청주시 서원구,4311200000,202602,1,1,13748
충청북도 청주시 서원구,4311200000,202602,1,2,13003
충청북도 청주시 서원구,4311200000,202602,1,3,12265
충청북도 청주시 서원구,4311200000,202602,1,4,12474
충청북도 청주시 서원구,4311200000,202602,1,5,16160
충청북도 청주시 서원구,4311200000,202602,1,6,24612
충청북도 청주시 서원구,4311200000,202602,2,1,12995
충청북도 청주시 서원구,4311200000,202602,2,2,11089
충청북도 청주시 서원구,4311200000,202602,2,3,10127
충청북도 청주시 서원구,4311200000,202602,2,4,12291
충청북도 청주시 서원구,4311200000,202602,2,5,16944
충청북도 청주시 서원구,4311200000,202602,2,6,29143
충청북도 청주시 서원구,4311200000,202603,1,1,13790
충청북도 청주시 서원구,4311200000,202603,1,2,13090
충청북도 청주시 서원구,4311200000,202603,1,3,12453
충청북도 청주시 서원구,4311200000,202603,1,4,12467
충청북도 청주시 서원구,4311200000,202603,1,5,16199
충청북도 청주시 서원구,4311200000,202603,1,6,24769
충청북도 청주시 서원구,4311200000,202603,2,1,13066
충청북도 청주시 서원구,4311200000,202603,2,2,11185
충청북도 청주시 서원구,4311200000,202603,2,3,10232
충청북도 청주시 서원구,4311200000,202603,2,4,12296
충청북도 청주시 서원구,4311200000,202603,2,5,17018
충청북도 청주시 서원구,4311200000,202603,2,6,29359
충청북도 청주시 서원구,4311200000,202604,1,1,13790
충청북도 청주시 서원구,4311200000,202604,1,2,13101
충청북도 청주시 서원구,4311200000,202604,1,3,12528
충청북도 청주시 서원구,4311200000,202604,1,4,12461
충청북도 청주시 서원구,4311200000,202604,1,5,16198
충청북도 청주시 서원구,4311200000,202604,1,6,24867
충청북도 청주시 서원구,4311200000,202604,2,1,13082
충청북도 청주시 서원구,4311200000,202604,2,2,11221
충청북도 청주시 서원구,4311200000,202604,2,3,10296
충청북도 청주시 서원구,4311200000,202604,2,4,12294
충청북도 청주시 서원구,4311200000,202604,2,5,17077
충청북도 청주시 서원구,4311200000,202604,2,6,29435
충청북도 청주시 서원구,4311200000,202605,1,1,13893
충청북도 청주시 서원구,4311200000,202605,1,2,13176
충청북도 청주시 서원구,4311200000,202605,1,3,12603
충청북도 청주시 서원구,4311200000,202605,1,4,12558
충청북도 청주시 서원구,4311200000,202605,1,5,16257
충청북도 청주시 서원구,4311200000,202605,1,6,24962
충청북도 청주시 서원구,4311200000,202605,2,1,13162
충청북도 청주시 서원구,4311200000,202605,2,2,11309
충청북도 청주시 서원구,4311200000,202605,2,3,10397
충청북도 청주시 서원구,4311200000,202605,2,4,12346
충청북도 청주시 서원구,4311200000,202605,2,5,17176
충청북도 청주시 서원구,4311200000,202605,2,6,29577
충청북도 청주시 서원구,4311200000,202606,1,1,13894
충청북도 청주시 서원구,4311200000,202606,1,2,13179
충청북도 청주시 서원구,4311200000,202606,1,3,12661
충청북도 청주시 서원구,4311200000,202606,1,4,12573
충청북도 청주시 서원구,4311200000,202606,1,5,16288
충청북도 청주시 서원구,4311200000,202606,1,6,24993
충청북도 청주시 서원구,4311200000,202606,2,1,13197
충청북도 청주시 서원구,4311200000,202606,2,2,11332
충청북도 청주시 서원구,4311200000,202606,2,3,10440
충청북도 청주시 서원구,4311200000,202606,2,4,12362
충청북도 청주시 서원구,4311200000,202606,2,5,17215
충청북도 청주시 서원구,4311200000,202606,2,6,29645
충청북도 청주시 청원구,4311400000,202601,1,1,16754
충청북도 청주시 청원구,4311400000,202601,1,2,12156
충청북도 청주시 청원구,4311400000,202601,1,3,15234
충청북도 청주시 청원구,4311400000,202601,1,4,16325
충청북도 청주시 청원구,4311400000,202601,1,5,15127
충청북도 청주시 청원구,4311400000,202601,1,6,20813
충청북도 청주시 청원구,4311400000,202601,2,1,15927
충청북도 청주시 청원구,4311400000,202601,2,2,9791
충청북도 청주시 청원구,4311400000,202601,2,3,11569
충청북도 청주시 청원구,4311400000,202601,2,4,14605
충청북도 청주시 청원구,4311400000,202601,2,5,14109
충청북도 청주시 청원구,4311400000,202601,2,6,24439
충청북도 청주시 청원구,4311400000,202602,1,1,16650
충청북도 청주시 청원구,4311400000,202602,1,2,12123
충청북도 청주시 청원구,4311400000,202602,1,3,15172
충청북도 청주시 청원구,4311400000,202602,1,4,16254
충청북도 청주시 청원구,4311400000,202602,1,5,15142
충청북도 청주시 청원구,4311400000,202602,1,6,20868
충청북도 청주시 청원구,4311400000,202602,2,1,15892
충청북도 청주시 청원구,4311400000,202602,2,2,9736
충청북도 청주시 청원구,4311400000,202602,2,3,11486
충청북도 청주시 청원구,4311400000,202602,2,4,14541
충청북도 청주시 청원구,4311400000,202602,2,5,14078
충청북도 청주시 청원구,4311400000,202602,2,6,24508
충청북도 청주시 청원구,4311400000,202603,1,1,16612
충청북도 청주시 청원구,4311400000,202603,1,2,12076
충청북도 청주시 청원구,4311400000,202603,1,3,15182
충청북도 청주시 청원구,4311400000,202603,1,4,16226
충청북도 청주시 청원구,4311400000,202603,1,5,15125
충청북도 청주시 청원구,4311400000,202603,1,6,20951
충청북도 청주시 청원구,4311400000,202603,2,1,15845
충청북도 청주시 청원구,4311400000,202603,2,2,9716
충청북도 청주시 청원구,4311400000,202603,2,3,11495
충청북도 청주시 청원구,4311400000,202603,2,4,14475
충청북도 청주시 청원구,4311400000,202603,2,5,14044
충청북도 청주시 청원구,4311400000,202603,2,6,24589
충청북도 청주시 청원구,4311400000,202604,1,1,16603
충청북도 청주시 청원구,4311400000,202604,1,2,12077
충청북도 청주시 청원구,4311400000,202604,1,3,15207
충청북도 청주시 청원구,4311400000,202604,1,4,16181
충청북도 청주시 청원구,4311400000,202604,1,5,15119
충청북도 청주시 청원구,4311400000,202604,1,6,20985
충청북도 청주시 청원구,4311400000,202604,2,1,15829
충청북도 청주시 청원구,4311400000,202604,2,2,9718
충청북도 청주시 청원구,4311400000,202604,2,3,11510
충청북도 청주시 청원구,4311400000,202604,2,4,14440
충청북도 청주시 청원구,4311400000,202604,2,5,14055
충청북도 청주시 청원구,4311400000,202604,2,6,24647
충청북도 청주시 청원구,4311400000,202605,1,1,16568
충청북도 청주시 청원구,4311400000,202605,1,2,12055
충청북도 청주시 청원구,4311400000,202605,1,3,15203
충청북도 청주시 청원구,4311400000,202605,1,4,16142
충청북도 청주시 청원구,4311400000,202605,1,5,15103
충청북도 청주시 청원구,4311400000,202605,1,6,21052
충청북도 청주시 청원구,4311400000,202605,2,1,15782
충청북도 청주시 청원구,4311400000,202605,2,2,9767
충청북도 청주시 청원구,4311400000,202605,2,3,11495
충청북도 청주시 청원구,4311400000,202605,2,4,14399
충청북도 청주시 청원구,4311400000,202605,2,5,14043
충청북도 청주시 청원구,4311400000,202605,2,6,24703
충청북도 청주시 청원구,4311400000,202606,1,1,16544
충청북도 청주시 청원구,4311400000,202606,1,2,12042
충청북도 청주시 청원구,4311400000,202606,1,3,15155
충청북도 청주시 청원구,4311400000,202606,1,4,16127
충청북도 청주시 청원구,4311400000,202606,1,5,15086
충청북도 청주시 청원구,4311400000,202606,1,6,21085
충청북도 청주시 청원구,4311400000,202606,2,1,15730
충청북도 청주시 청원구,4311400000,202606,2,2,9696
충청북도 청주시 청원구,4311400000,202606,2,3,11486
충청북도 청주시 청원구,4311400000,202606,2,4,14406
충청북도 청주시 청원구,4311400000,202606,2,5,14013
충청북도 청주시 청원구,4311400000,202606,2,6,24718
충청북도 청주시 흥덕구,4311300000,202601,1,1,26139
충청북도 청주시 흥덕구,4311300000,202601,1,2,19550
충청북도 청주시 흥덕구,4311300000,202601,1,3,27486
충청북도 청주시 흥덕구,4311300000,202601,1,4,23974
충청북도 청주시 흥덕구,4311300000,202601,1,5,23265
충청북도 청주시 흥덕구,4311300000,202601,1,6,28818
충청북도 청주시 흥덕구,4311300000,202601,2,1,24890
충청북도 청주시 흥덕구,4311300000,202601,2,2,16709
충청북도 청주시 흥덕구,4311300000,202601,2,3,22776
충청북도 청주시 흥덕구,4311300000,202601,2,4,22114
충청북도 청주시 흥덕구,4311300000,202601,2,5,23373
충청북도 청주시 흥덕구,4311300000,202601,2,6,33216
충청북도 청주시 흥덕구,4311300000,202602,1,1,26083
충청북도 청주시 흥덕구,4311300000,202602,1,2,19466
충청북도 청주시 흥덕구,4311300000,202602,1,3,27326
충청북도 청주시 흥덕구,4311300000,202602,1,4,23995
충청북도 청주시 흥덕구,4311300000,202602,1,5,23202
충청북도 청주시 흥덕구,4311300000,202602,1,6,28941
충청북도 청주시 흥덕구,4311300000,202602,2,1,24842
충청북도 청주시 흥덕구,4311300000,202602,2,2,16603
충청북도 청주시 흥덕구,4311300000,202602,2,3,22658
충청북도 청주시 흥덕구,4311300000,202602,2,4,22038
충청북도 청주시 흥덕구,4311300000,202602,2,5,23371
충청북도 청주시 흥덕구,4311300000,202602,2,6,33362
충청북도 청주시 흥덕구,4311300000,202603,1,1,26010
충청북도 청주시 흥덕구,4311300000,202603,1,2,19457
충청북도 청주시 흥덕구,4311300000,202603,1,3,27344
충청북도 청주시 흥덕구,4311300000,202603,1,4,23930
충청북도 청주시 흥덕구,4311300000,202603,1,5,23114
충청북도 청주시 흥덕구,4311300000,202603,1,6,29104
충청북도 청주시 흥덕구,4311300000,202603,2,1,24811
충청북도 청주시 흥덕구,4311300000,202603,2,2,16593
충청북도 청주시 흥덕구,4311300000,202603,2,3,22736
충청북도 청주시 흥덕구,4311300000,202603,2,4,21934
충청북도 청주시 흥덕구,4311300000,202603,2,5,23267
충청북도 청주시 흥덕구,4311300000,202603,2,6,33540
충청북도 청주시 흥덕구,4311300000,202604,1,1,25986
충청북도 청주시 흥덕구,4311300000,202604,1,2,19497
충청북도 청주시 흥덕구,4311300000,202604,1,3,27450
충청북도 청주시 흥덕구,4311300000,202604,1,4,23898
충청북도 청주시 흥덕구,4311300000,202604,1,5,23119
충청북도 청주시 흥덕구,4311300000,202604,1,6,29206
충청북도 청주시 흥덕구,4311300000,202604,2,1,24833
충청북도 청주시 흥덕구,4311300000,202604,2,2,16574
충청북도 청주시 흥덕구,4311300000,202604,2,3,22758
충청북도 청주시 흥덕구,4311300000,202604,2,4,21926
충청북도 청주시 흥덕구,4311300000,202604,2,5,23321
충청북도 청주시 흥덕구,4311300000,202604,2,6,33637
충청북도 청주시 흥덕구,4311300000,202605,1,1,25963
충청북도 청주시 흥덕구,4311300000,202605,1,2,19492
충청북도 청주시 흥덕구,4311300000,202605,1,3,27556
충청북도 청주시 흥덕구,4311300000,202605,1,4,23896
충청북도 청주시 흥덕구,4311300000,202605,1,5,23112
충청북도 청주시 흥덕구,4311300000,202605,1,6,29268
충청북도 청주시 흥덕구,4311300000,202605,2,1,24787
충청북도 청주시 흥덕구,4311300000,202605,2,2,16516
충청북도 청주시 흥덕구,4311300000,202605,2,3,22805
충청북도 청주시 흥덕구,4311300000,202605,2,4,21905
충청북도 청주시 흥덕구,4311300000,202605,2,5,23261
충청북도 청주시 흥덕구,4311300000,202605,2,6,33727
충청북도 청주시 흥덕구,4311300000,202606,1,1,25918
충청북도 청주시 흥덕구,4311300000,202606,1,2,19508
충청북도 청주시 흥덕구,4311300000,202606,1,3,27675
충청북도 청주시 흥덕구,4311300000,202606,1,4,23940
충청북도 청주시 흥덕구,4311300000,202606,1,5,23101
충청북도 청주시 흥덕구,4311300000,202606,1,6,29342
충청북도 청주시 흥덕구,4311300000,202606,2,1,24818
충청북도 청주시 흥덕구,4311300000,202606,2,2,16495
충청북도 청주시 흥덕구,4311300000,202606,2,3,22855
충청북도 청주시 흥덕구,4311300000,202606,2,4,21949
충청북도 청주시 흥덕구,4311300000,202606,2,5,23217
충청북도 청주시 흥덕구,4311300000,202606,2,6,33807
충청북도 충주시,4313000000,202601,1,1,14497
충청북도 충주시,4313000000,202601,1,2,11294
충청북도 충주시,4313000000,202601,1,3,12775
충청북도 충주시,4313000000,202601,1,4,14103
충청북도 충주시,4313000000,202601,1,5,18277
충청북도 충주시,4313000000,202601,1,6,33678
충청북도 충주시,4313000000,202601,2,1,13614
충청북도 충주시,4313000000,202601,2,2,8584
충청북도 충주시,4313000000,202601,2,3,9768
충청북도 충주시,4313000000,202601,2,4,13147
충청북도 충주시,4313000000,202601,2,5,17701
충청북도 충주시,4313000000,202601,2,6,38832
충청북도 충주시,4313000000,202602,1,1,14453
충청북도 충주시,4313000000,202602,1,2,11157
충청북도 충주시,4313000000,202602,1,3,12764
충청북도 충주시,4313000000,202602,1,4,14088
충청북도 충주시,4313000000,202602,1,5,18260
충청북도 충주시,4313000000,202602,1,6,33807
충청북도 충주시,4313000000,202602,2,1,13589
충청북도 충주시,4313000000,202602,2,2,8572
충청북도 충주시,4313000000,202602,2,3,9760
충청북도 충주시,4313000000,202602,2,4,13099
충청북도 충주시,4313000000,202602,2,5,17703
충청북도 충주시,4313000000,202602,2,6,38925
충청북도 충주시,4313000000,202603,1,1,14404
충청북도 충주시,4313000000,202603,1,2,11173
충청북도 충주시,4313000000,202603,1,3,12786
충청북도 충주시,4313000000,202603,1,4,14021
충청북도 충주시,4313000000,202603,1,5,18190
충청북도 충주시,4313000000,202603,1,6,33955
충청북도 충주시,4313000000,202603,2,1,13489
충청북도 충주시,4313000000,202603,2,2,8585
충청북도 충주시,4313000000,202603,2,3,9739
충청북도 충주시,4313000000,202603,2,4,13016
충청북도 충주시,4313000000,202603,2,5,17652
충청북도 충주시,4313000000,202603,2,6,39086
충청북도 충주시,4313000000,202604,1,1,14382
충청북도 충주시,4313000000,202604,1,2,11195
충청북도 충주시,4313000000,202604,1,3,12803
충청북도 충주시,4313000000,202604,1,4,13968
충청북도 충주시,4313000000,202604,1,5,18176
충청북도 충주시,4313000000,202604,1,6,34067
충청북도 충주시,4313000000,202604,2,1,13442
충청북도 충주시,4313000000,202604,2,2,8572
충청북도 충주시,4313000000,202604,2,3,9740
충청북도 충주시,4313000000,202604,2,4,12945
충청북도 충주시,4313000000,202604,2,5,17624
충청북도 충주시,4313000000,202604,2,6,39175
충청북도 충주시,4313000000,202605,1,1,14373
충청북도 충주시,4313000000,202605,1,2,11228
충청북도 충주시,4313000000,202605,1,3,12755
충청북도 충주시,4313000000,202605,1,4,13955
충청북도 충주시,4313000000,202605,1,5,18153
충청북도 충주시,4313000000,202605,1,6,34171
충청북도 충주시,4313000000,202605,2,1,13414
충청북도 충주시,4313000000,202605,2,2,8581
충청북도 충주시,4313000000,202605,2,3,9761
충청북도 충주시,4313000000,202605,2,4,12937
충청북도 충주시,4313000000,202605,2,5,17602
충청북도 충주시,4313000000,202605,2,6,39249
충청북도 충주시,4313000000,202606,1,1,14332
충청북도 충주시,4313000000,202606,1,2,11193
충청북도 충주시,4313000000,202606,1,3,12759
충청북도 충주시,4313000000,202606,1,4,13965
충청북도 충주시,4313000000,202606,1,5,18090
충청북도 충주시,4313000000,202606,1,6,34213
충청북도 충주시,4313000000,202606,2,1,13396
충청북도 충주시,4313000000,202606,2,2,8540
충청북도 충주시,4313000000,202606,2,3,9728
충청북도 충주시,4313000000,202606,2,4,12934
충청북도 충주시,4313000000,202606,2,5,17553
충청북도 충주시,4313000000,202606,2,6,39275
