행정구역명,행정구역코드,구분수준,STRD_YYMM,총인구수,20대이하_인구,20대_인구,30대_인구,40대_인구,50대_인구,60대이상_인구
서울특별시,1100000000,시도,202601,9299701.0,1177120.0,1249445.0,1463641.0,1363204.0,1469734.0,2576557.0
서울특별시 종로구,1111000000,시군구,202601,136798.0,14199.0,20071.0,19836.0,18147.0,22783.0,41762.0
서울특별시 중구,1114000000,시군구,202601,117718.0,10702.0,15651.0,21257.0,16064.0,17797.0,36247.0
서울특별시 용산구,1117000000,시군구,202601,201746.0,22502.0,26339.0,37230.0,29073.0,31847.0,54755.0
서울특별시 성동구,1120000000,시군구,202601,274695.0,32782.0,37644.0,48439.0,39575.0,42769.0,73486.0
서울특별시 광진구,1121500000,시군구,202601,330933.0,36261.0,54622.0,56792.0,45960.0,51138.0,86160.0
서울특별시 동대문구,1123000000,시군구,202601,348620.0,40523.0,55094.0,54791.0,48081.0,52663.0,97468.0
서울특별시 중랑구,1126000000,시군구,202601,376920.0,39650.0,44865.0,58787.0,50689.0,61729.0,121200.0
서울특별시 성북구,1129000000,시군구,202601,422146.0,55103.0,62354.0,56864.0,59627.0,70765.0,117433.0
서울특별시 강북구,1130500000,시군구,202601,278750.0,27337.0,34030.0,34325.0,36131.0,48619.0,98308.0
서울특별시 도봉구,1132000000,시군구,202601,299545.0,32888.0,33122.0,37202.0,39550.0,51922.0,104861.0
서울특별시 노원구,1135000000,시군구,202601,482461.0,66571.0,60581.0,61089.0,68741.0,83777.0,141702.0
서울특별시 은평구,1138000000,시군구,202601,454860.0,53810.0,55567.0,66789.0,64403.0,76701.0,137590.0
서울특별시 서대문구,1141000000,시군구,202601,299942.0,36796.0,44714.0,45036.0,41990.0,47684.0,83722.0
서울특별시 마포구,1144000000,시군구,202601,357232.0,43855.0,54339.0,64551.0,54473.0,55803.0,84211.0
서울특별시 양천구,1147000000,시군구,202601,424606.0,68792.0,46414.0,51695.0,69320.0,71934.0,116451.0
서울특별시 강서구,1150000000,시군구,202601,549536.0,66594.0,71210.0,96222.0,81618.0,81413.0,152479.0
서울특별시 구로구,1153000000,시군구,202601,383226.0,46350.0,45706.0,61397.0,54598.0,59975.0,115200.0
서울특별시 금천구,1154500000,시군구,202601,223012.0,20285.0,31419.0,39776.0,27501.0,34992.0,69039.0
서울특별시 영등포구,1156000000,시군구,202601,371228.0,42000.0,52482.0,74205.0,52073.0,53859.0,96609.0
서울특별시 동작구,1159000000,시군구,202601,371748.0,42137.0,59634.0,61559.0,50995.0,56388.0,101035.0
서울특별시 관악구,1162000000,시군구,202601,477657.0,37394.0,101295.0,94163.0,57635.0,64521.0,122649.0
서울특별시 서초구,1165000000,시군구,202601,415407.0,72353.0,48018.0,57732.0,71400.0,68391.0,97513.0
서울특별시 강남구,1168000000,시군구,202601,555787.0,95842.0,62843.0,80365.0,99993.0,88546.0,128198.0
서울특별시 송파구,1171000000,시군구,202601,645821.0,96634.0,75979.0,106174.0,104389.0,98418.0,164227.0
서울특별시 강동구,1174000000,시군구,202601,499307.0,75760.0,55452.0,77365.0,81178.0,75300.0,134252.0
부산광역시,2600000000,시도,202601,3239711.0,434049.0,336648.0,388026.0,459235.0,528984.0,1092769.0
부산광역시 중구,2611000000,시군구,202601,36449.0,2108.0,4617.0,4024.0,3889.0,5924.0,15887.0
부산광역시 서구,2614000000,시군구,202601,101633.0,11087.0,10570.0,10114.0,12663.0,16492.0,40707.0
부산광역시 동구,2617000000,시군구,202601,83765.0,7941.0,7980.0,10614.0,10494.0,13503.0,33233.0
부산광역시 영도구,2620000000,시군구,202601,101252.0,9810.0,8615.0,8842.0,11964.0,16814.0,45207.0
부산광역시 부산진구,2623000000,시군구,202601,365384.0,42855.0,46509.0,54200.0,49188.0,56112.0,116520.0
부산광역시 동래구,2626000000,시군구,202601,273171.0,43540.0,25639.0,32148.0,42382.0,44471.0,84991.0
부산광역시 남구,2629000000,시군구,202601,251114.0,34263.0,30111.0,26959.0,34935.0,41460.0,83386.0
부산광역시 북구,2632000000,시군구,202601,262506.0,33455.0,24924.0,31325.0,33680.0,45450.0,93672.0
부산광역시 해운대구,2635000000,시군구,202601,372400.0,55130.0,35547.0,41133.0,55377.0,65740.0,119473.0
부산광역시 사하구,2638000000,시군구,202601,285534.0,34992.0,29218.0,30243.0,38876.0,49158.0,103047.0
부산광역시 금정구,2641000000,시군구,202601,206039.0,23160.0,25449.0,20624.0,25257.0,33660.0,77889.0
부산광역시 강서구,2644000000,시군구,202601,150848.0,34568.0,10592.0,23855.0,31334.0,18777.0,31722.0
부산광역시 연제구,2647000000,시군구,202601,211664.0,29480.0,21395.0,28325.0,30954.0,33746.0,67764.0
부산광역시 수영구,2650000000,시군구,202601,168912.0,18702.0,19566.0,22815.0,22891.0,26050.0,58888.0
부산광역시 사상구,2653000000,시군구,202601,193750.0,20509.0,21153.0,22605.0,23985.0,33429.0,72069.0
부산광역시 기장군,2671000000,시군구,202601,175290.0,32449.0,14763.0,20200.0,31366.0,28198.0,48314.0
대구광역시,2700000000,시도,202601,2352249.0,346541.0,252223.0,285023.0,334864.0,412334.0,721264.0
대구광역시 중구,2711000000,시군구,202601,101099.0,15682.0,13515.0,18232.0,14961.0,14223.0,24486.0
대구광역시 동구,2714000000,시군구,202601,339167.0,45022.0,33780.0,44225.0,46564.0,56074.0,113502.0
대구광역시 서구,2717000000,시군구,202601,164018.0,16674.0,14556.0,19677.0,19512.0,28700.0,64899.0
대구광역시 남구,2720000000,시군구,202601,136497.0,13288.0,15913.0,16937.0,16679.0,22721.0,50959.0
대구광역시 북구,2723000000,시군구,202601,408890.0,59263.0,50288.0,48214.0,56672.0,76541.0,117912.0
대구광역시 수성구,2726000000,시군구,202601,409332.0,71833.0,42721.0,42521.0,63065.0,74231.0,114961.0
대구광역시 달서구,2729000000,시군구,202601,516497.0,75983.0,58408.0,61078.0,72141.0,94799.0,154088.0
대구광역시 달성군,2771000000,시군구,202601,254213.0,47540.0,22128.0,33000.0,43633.0,41505.0,66407.0
대구광역시 군위군,2772000000,시군구,202601,22536.0,1256.0,914.0,1139.0,1637.0,3540.0,14050.0
인천광역시,2800000000,시도,202601,3053308.0,464795.0,336620.0,431410.0,473849.0,516067.0,830567.0
인천광역시 중구,2811000000,시군구,202601,177090.0,28858.0,21845.0,29324.0,29573.0,27172.0,40318.0
인천광역시 동구,2814000000,시군구,202601,56469.0,6469.0,5220.0,6177.0,7880.0,9623.0,21100.0
인천광역시 미추홀구,2817700000,시군구,202601,417198.0,55309.0,48719.0,58530.0,62509.0,68826.0,123305.0
인천광역시 연수구,2818500000,시군구,202601,409814.0,80239.0,45113.0,57080.0,71097.0,68298.0,87987.0
인천광역시 남동구,2820000000,시군구,202601,480148.0,67819.0,53850.0,60764.0,72714.0,84620.0,140381.0
인천광역시 부평구,2823700000,시군구,202601,490227.0,64288.0,54502.0,73901.0,70490.0,83566.0,143480.0
인천광역시 계양구,2824500000,시군구,202601,277636.0,33146.0,31441.0,37219.0,37275.0,52535.0,86020.0
인천광역시 서구,2826000000,시군구,202601,655469.0,120492.0,69633.0,101951.0,113493.0,107642.0,142258.0
인천광역시 강화군,2871000000,시군구,202601,69698.0,6771.0,4136.0,4841.0,6936.0,10709.0,36305.0
인천광역시 옹진군,2872000000,시군구,202601,19559.0,1404.0,2161.0,1623.0,1882.0,3076.0,9413.0
광주광역시,2900000000,시도,202601,1390658.0,229370.0,169719.0,173471.0,212116.0,240961.0,365021.0
광주광역시 동구,2911000000,시군구,202601,104794.0,14182.0,13331.0,14194.0,14051.0,15460.0,33576.0
광주광역시 서구,2914000000,시군구,202601,275318.0,41177.0,35596.0,33863.0,40393.0,49521.0,74768.0
광주광역시 남구,2915500000,시군구,202601,207236.0,35696.0,21480.0,22981.0,32230.0,32774.0,62075.0
광주광역시 북구,2917000000,시군구,202601,416262.0,64868.0,49107.0,52839.0,61097.0,70953.0,117398.0
광주광역시 광산구,2920000000,시군구,202601,387048.0,73447.0,50205.0,49594.0,64345.0,72253.0,77204.0
대전광역시,3000000000,시도,202601,1440550.0,222061.0,186923.0,195029.0,208676.0,242636.0,385225.0
대전광역시 동구,3011000000,시군구,202601,218109.0,29276.0,27678.0,25285.0,29163.0,36310.0,70397.0
대전광역시 중구,3014000000,시군구,202601,225423.0,31283.0,25063.0,26326.0,30957.0,38622.0,73172.0
대전광역시 서구,3017000000,시군구,202601,463443.0,73703.0,63282.0,65437.0,69242.0,77109.0,114670.0
대전광역시 유성구,3020000000,시군구,202601,368354.0,66979.0,52132.0,58479.0,58108.0,58875.0,73781.0
대전광역시 대덕구,3023000000,시군구,202601,165221.0,20820.0,18768.0,19502.0,21206.0,31720.0,53205.0
울산광역시,3100000000,시도,202601,1091281.0,176604.0,110215.0,136754.0,168593.0,198158.0,300957.0
울산광역시 중구,3111000000,시군구,202601,203968.0,30468.0,18954.0,24526.0,29662.0,36468.0,63890.0
울산광역시 남구,3114000000,시군구,202601,304542.0,45672.0,34377.0,42097.0,44559.0,56085.0,81752.0
울산광역시 동구,3117000000,시군구,202601,148986.0,25407.0,14229.0,17034.0,26004.0,24238.0,42074.0
울산광역시 북구,3120000000,시군구,202601,214819.0,42529.0,21260.0,29357.0,37682.0,38138.0,45853.0
울산광역시 울주군,3171000000,시군구,202601,218966.0,32528.0,21395.0,23740.0,30686.0,43229.0,67388.0
세종특별자치시,3600000000,시도,202601,391477.0,92486.0,36390.0,57600.0,76127.0,59382.0,69492.0
세종특별자치시,3611000000,시도,202601,391477.0,92486.0,36390.0,57600.0,76127.0,59382.0,69492.0
경기도,4100000000,시도,202601,13736642.0,2213140.0,1551620.0,1925571.0,2180076.0,2361312.0,3504923.0
경기도 수원시,4111000000,시군구,202601,1186010.0,182881.0,161222.0,187823.0,184195.0,200634.0,269255.0
경기도 수원시 장안구,4111100000,시군구,202601,270954.0,38753.0,37676.0,35531.0,38276.0,49539.0,71179.0
경기도 수원시 권선구,4111300000,시군구,202601,360806.0,52822.0,44806.0,57518.0,56219.0,61285.0,88156.0
경기도 수원시 팔달구,4111500000,시군구,202601,191972.0,23412.0,27758.0,32232.0,26497.0,31867.0,50206.0
경기도 수원시 영통구,4111700000,시군구,202601,362278.0,67894.0,50982.0,62542.0,63203.0,57943.0,59714.0
경기도 성남시,4113000000,시군구,202601,906160.0,135381.0,105035.0,134443.0,140999.0,150778.0,239524.0
경기도 성남시 수정구,4113100000,시군구,202601,233273.0,28857.0,27869.0,35876.0,33953.0,38268.0,68450.0
경기도 성남시 중원구,4113300000,시군구,202601,203016.0,24059.0,23614.0,31046.0,28931.0,33667.0,61699.0
경기도 성남시 분당구,4113500000,시군구,202601,469871.0,82465.0,53552.0,67521.0,78115.0,78843.0,109375.0
경기도 의정부시,4115000000,시군구,202601,461541.0,66438.0,53420.0,60719.0,67626.0,81847.0,131491.0
경기도 안양시,4117000000,시군구,202601,563348.0,84339.0,63727.0,86854.0,83113.0,94296.0,151019.0
경기도 안양시 만안구,4117100000,시군구,202601,233633.0,28698.0,26744.0,35111.0,31370.0,39302.0,72408.0
경기도 안양시 동안구,4117300000,시군구,202601,329715.0,55641.0,36983.0,51743.0,51743.0,54994.0,78611.0
경기도 부천시,4119000000,시군구,202601,758212.0,100397.0,84964.0,104076.0,111019.0,132681.0,225075.0
경기도 부천시 원미구,4119200000,시군구,202601,384011.0,51408.0,45329.0,55129.0,56716.0,66567.0,108862.0
경기도 부천시 소사구,4119400000,시군구,202601,225290.0,32815.0,22556.0,30164.0,35242.0,37035.0,67478.0
경기도 부천시 오정구,4119600000,시군구,202601,148911.0,16174.0,17079.0,18783.0,19061.0,29079.0,48735.0
경기도 광명시,4121000000,시군구,202601,297468.0,46520.0,32901.0,43209.0,46240.0,51053.0,77545.0
경기도 평택시,4122000000,시군구,202601,612095.0,105403.0,72262.0,99674.0,101074.0,101813.0,131869.0
경기도 동두천시,4125000000,시군구,202601,86331.0,10939.0,8456.0,8335.0,11133.0,15776.0,31692.0
경기도 안산시,4127000000,시군구,202601,611860.0,81692.0,81787.0,82942.0,84771.0,120560.0,160108.0
경기도 안산시 상록구,4127100000,시군구,202601,322329.0,42049.0,44160.0,40890.0,44013.0,64887.0,86330.0
경기도 안산시 단원구,4127300000,시군구,202601,289531.0,39643.0,37627.0,42052.0,40758.0,55673.0,73778.0
경기도 고양시,4128000000,시군구,202601,1059998.0,157105.0,119370.0,144307.0,157661.0,194437.0,287118.0
경기도 고양시 덕양구,4128100000,시군구,202601,485174.0,71587.0,51272.0,70836.0,74338.0,84079.0,133062.0
경기도 고양시 일산동구,4128500000,시군구,202601,297178.0,43058.0,35534.0,40711.0,43654.0,55696.0,78525.0
경기도 고양시 일산서구,4128700000,시군구,202601,277646.0,42460.0,32564.0,32760.0,39669.0,54662.0,75531.0
경기도 과천시,4129000000,시군구,202601,79951.0,16334.0,8097.0,12151.0,12889.0,11895.0,18585.0
경기도 구리시,4131000000,시군구,202601,186118.0,26276.0,21261.0,25299.0,27941.0,33419.0,51922.0
경기도 남양주시,4136000000,시군구,202601,729552.0,124864.0,76474.0,84293.0,119554.0,130628.0,193739.0
경기도 오산시,4137000000,시군구,202601,250128.0,45058.0,28664.0,40390.0,46587.0,41162.0,48267.0
경기도 시흥시,4139000000,시군구,202601,514778.0,90029.0,57317.0,74074.0,89030.0,92607.0,111721.0
경기도 군포시,4141000000,시군구,202601,251038.0,34483.0,29774.0,34192.0,35313.0,45180.0,72096.0
경기도 의왕시,4143000000,시군구,202601,160842.0,24394.0,17588.0,24365.0,22345.0,26896.0,45254.0
경기도 하남시,4145000000,시군구,202601,328048.0,59999.0,33088.0,48995.0,59807.0,49752.0,76407.0
경기도 용인시,4146000000,시군구,202601,1090978.0,192982.0,126887.0,137786.0,180594.0,192752.0,259977.0
경기도 용인시 처인구,4146100000,시군구,202601,282534.0,43818.0,32018.0,37369.0,44306.0,49415.0,75608.0
경기도 용인시 기흥구,4146300000,시군구,202601,434484.0,75666.0,53020.0,52248.0,70504.0,80061.0,102985.0
경기도 용인시 수지구,4146500000,시군구,202601,373960.0,73498.0,41849.0,48169.0,65784.0,63276.0,81384.0
경기도 파주시,4148000000,시군구,202601,527182.0,93875.0,54636.0,73318.0,87709.0,89084.0,128560.0
경기도 이천시,4150000000,시군구,202601,222879.0,34905.0,26508.0,31212.0,33495.0,36913.0,59846.0
경기도 안성시,4155000000,시군구,202601,196679.0,27915.0,21705.0,23601.0,29007.0,34087.0,60364.0
경기도 김포시,4157000000,시군구,202601,484694.0,93749.0,46178.0,62371.0,91282.0,76743.0,114371.0
경기도 화성시,4159000000,시군구,202601,991092.0,206615.0,108950.0,164190.0,186562.0,151739.0,173036.0
경기도 화성시 만세구,4159100000,시군구,202601,0.0,0.0,0.0,0.0,0.0,0.0,0.0
경기도 화성시 효행구,4159300000,시군구,202601,0.0,0.0,0.0,0.0,0.0,0.0,0.0
경기도 화성시 병점구,4159500000,시군구,202601,0.0,0.0,0.0,0.0,0.0,0.0,0.0
경기도 화성시 동탄구,4159700000,시군구,202601,0.0,0.0,0.0,0.0,0.0,0.0,0.0
경기도 광주시,4161000000,시군구,202601,397364.0,62764.0,38214.0,51543.0,67167.0,70116.0,107560.0
경기도 양주시,4163000000,시군구,202601,296463.0,51559.0,30868.0,40249.0,46652.0,50164.0,76971.0
경기도 포천시,4165000000,시군구,202601,140461.0,15437.0,13977.0,13834.0,15552.0,26076.0,55585.0
경기도 여주시,4167000000,시군구,202601,113885.0,14166.0,9848.0,11323.0,14545.0,19980.0,44023.0
경기도 연천군,4180000000,시군구,202601,42475.0,4620.0,4273.0,4162.0,4203.0,6482.0,18735.0
경기도 가평군,4182000000,시군구,202601,62026.0,6512.0,5251.0,5359.0,6750.0,10480.0,27674.0
경기도 양평군,4183000000,시군구,202601,126986.0,15509.0,8918.0,10482.0,15261.0,21282.0,55534.0
충청북도,4300000000,시도,202601,1596749.0,235926.0,166306.0,193232.0,221367.0,271421.0,508497.0
충청북도 청주시,4311000000,시군구,202601,856629.0,142488.0,102185.0,122906.0,130303.0,142468.0,216279.0
충청북도 청주시 상당구,4311100000,시군구,202601,194463.0,32521.0,20025.0,23854.0,28765.0,33735.0,55563.0
충청북도 청주시 서원구,4311200000,시군구,202601,183007.0,26257.0,23954.0,21987.0,24520.0,32859.0,53430.0
충청북도 청주시 흥덕구,4311300000,시군구,202601,292310.0,51029.0,36259.0,50262.0,46088.0,46638.0,62034.0
충청북도 청주시 청원구,4311400000,시군구,202601,186849.0,32681.0,21947.0,26803.0,30930.0,29236.0,45252.0
충청북도 충주시,4313000000,시군구,202601,206270.0,28111.0,19878.0,22543.0,27250.0,35978.0,72510.0
충청북도 제천시,4315000000,시군구,202601,127803.0,16721.0,12632.0,11315.0,15139.0,22419.0,49577.0
충청북도 보은군,4372000000,시군구,202601,30603.0,2734.0,1801.0,1801.0,2659.0,4859.0,16749.0
충청북도 옥천군,4373000000,시군구,202601,50000.0,5201.0,3717.0,3345.0,5266.0,8671.0,23800.0
충청북도 영동군,4374000000,시군구,202601,43136.0,4049.0,2947.0,2628.0,3835.0,7377.0,22300.0
충청북도 증평군,4374500000,시군구,202601,36656.0,5573.0,3600.0,4504.0,5196.0,6201.0,11582.0
충청북도 진천군,4375000000,시군구,202601,85969.0,14264.0,7524.0,10678.0,13812.0,14683.0,25008.0
충청북도 괴산군,4376000000,시군구,202601,38166.0,2967.0,2318.0,2181.0,3235.0,6443.0,21022.0
충청북도 음성군,4377000000,시군구,202601,94729.0,11534.0,8141.0,9744.0,12288.0,17705.0,35317.0
충청북도 단양군,4380000000,시군구,202601,26788.0,2284.0,1563.0,1587.0,2384.0,4617.0,14353.0
충청남도,4400000000,시도,202601,2136204.0,328372.0,211083.0,252246.0,312974.0,353387.0,678142.0
충청남도 천안시,4413000000,시군구,202601,664269.0,111549.0,84939.0,98281.0,109123.0,111510.0,148867.0
충청남도 천안시 동남구,4413100000,시군구,202601,262353.0,39506.0,32160.0,33114.0,39091.0,46082.0,72400.0
충청남도 천안시 서북구,4413300000,시군구,202601,401916.0,72043.0,52779.0,65167.0,70032.0,65428.0,76467.0
충청남도 공주시,4415000000,시군구,202601,99730.0,11189.0,10109.0,8017.0,10924.0,16232.0,43259.0
충청남도 보령시,4418000000,시군구,202601,91882.0,10939.0,6896.0,7440.0,11024.0,15852.0,39731.0
충청남도 아산시,4420000000,시군구,202601,360019.0,69327.0,37617.0,52374.0,64314.0,56197.0,80190.0
충청남도 서산시,4421000000,시군구,202601,172297.0,27238.0,15512.0,19465.0,25081.0,29832.0,55169.0
충청남도 논산시,4423000000,시군구,202601,106615.0,12932.0,8370.0,9061.0,12055.0,17994.0,46203.0
충청남도 계룡시,4425000000,시군구,202601,45885.0,9282.0,4415.0,5222.0,7831.0,8330.0,10805.0
충청남도 당진시,4427000000,시군구,202601,172414.0,28418.0,13930.0,20480.0,27592.0,28927.0,53067.0
충청남도 금산군,4471000000,시군구,202601,48804.0,5432.0,3108.0,2937.0,4863.0,8387.0,24077.0
충청남도 부여군,4476000000,시군구,202601,58223.0,5416.0,3578.0,3441.0,5368.0,9074.0,31346.0
충청남도 서천군,4477000000,시군구,202601,47172.0,4201.0,2805.0,2770.0,4323.0,7428.0,25645.0
충청남도 청양군,4479000000,시군구,202601,29958.0,2642.0,2249.0,1744.0,2553.0,4694.0,16076.0
충청남도 홍성군,4480000000,시군구,202601,100835.0,15456.0,8296.0,10525.0,13224.0,16224.0,37110.0
충청남도 예산군,4481000000,시군구,202601,78722.0,8716.0,5439.0,6556.0,8442.0,12871.0,36698.0
충청남도 태안군,4482500000,시군구,202601,59379.0,5635.0,3820.0,3933.0,6257.0,9835.0,29899.0
전라남도,4600000000,시도,202601,1778171.0,250509.0,158633.0,170256.0,226446.0,303272.0,669055.0
전라남도 목포시,4611000000,시군구,202601,201544.0,31515.0,20920.0,19415.0,30656.0,36185.0,62853.0
전라남도 여수시,4613000000,시군구,202601,262832.0,38238.0,25554.0,27141.0,35730.0,45778.0,90391.0
전라남도 순천시,4615000000,시군구,202601,275014.0,45972.0,29766.0,32595.0,38440.0,47971.0,80270.0
전라남도 나주시,4617000000,시군구,202601,117028.0,18933.0,10032.0,14540.0,16556.0,17407.0,39560.0
전라남도 광양시,4623000000,시군구,202601,155497.0,26658.0,15966.0,20035.0,22490.0,29790.0,40558.0
전라남도 담양군,4671000000,시군구,202601,44140.0,4477.0,3184.0,3169.0,4331.0,7527.0,21452.0
전라남도 곡성군,4672000000,시군구,202601,27426.0,2337.0,1848.0,1753.0,2419.0,4661.0,14408.0
전라남도 구례군,4673000000,시군구,202601,23866.0,2234.0,1504.0,1267.0,2169.0,4107.0,12585.0
전라남도 고흥군,4677000000,시군구,202601,59394.0,4900.0,3066.0,3059.0,4935.0,9023.0,34411.0
전라남도 보성군,4678000000,시군구,202601,36956.0,3312.0,2183.0,1990.0,3178.0,5789.0,20504.0
전라남도 화순군,4679000000,시군구,202601,60205.0,7146.0,5561.0,4776.0,6303.0,10867.0,25552.0
전라남도 장흥군,4680000000,시군구,202601,34141.0,3541.0,2280.0,2213.0,3269.0,5547.0,17291.0
전라남도 강진군,4681000000,시군구,202601,31804.0,3464.0,2135.0,2136.0,2956.0,4933.0,16180.0
전라남도 해남군,4682000000,시군구,202601,62171.0,6791.0,4174.0,3943.0,6277.0,10294.0,30692.0
전라남도 영암군,4683000000,시군구,202601,50051.0,5820.0,3972.0,3675.0,6203.0,9124.0,21257.0
전라남도 무안군,4684000000,시군구,202601,95710.0,18270.0,9292.0,11345.0,15182.0,14352.0,27269.0
전라남도 함평군,4686000000,시군구,202601,29394.0,2600.0,1810.0,1761.0,2602.0,4895.0,15726.0
전라남도 영광군,4687000000,시군구,202601,53713.0,7206.0,4519.0,5053.0,6023.0,8669.0,22243.0
전라남도 장성군,4688000000,시군구,202601,42975.0,4903.0,3405.0,3394.0,4566.0,7326.0,19381.0
전라남도 완도군,4689000000,시군구,202601,44535.0,5139.0,2739.0,2753.0,5066.0,7138.0,21700.0
전라남도 진도군,4690000000,시군구,202601,27925.0,3016.0,1913.0,1784.0,2765.0,4540.0,13907.0
전라남도 신안군,4691000000,시군구,202601,41850.0,4037.0,2810.0,2459.0,4330.0,7349.0,20865.0
경상북도,4700000000,시도,202601,2503544.0,342765.0,218799.0,252081.0,331832.0,433698.0,924369.0
경상북도 포항시,4711000000,시군구,202601,488683.0,74303.0,44070.0,54212.0,70223.0,84648.0,161227.0
경상북도 포항시 남구,4711100000,시군구,202601,214869.0,31294.0,19969.0,22199.0,31272.0,37474.0,72661.0
경상북도 포항시 북구,4711300000,시군구,202601,273814.0,43009.0,24101.0,32013.0,38951.0,47174.0,88566.0
경상북도 경주시,4713000000,시군구,202601,243781.0,30328.0,20164.0,23028.0,30198.0,44992.0,95071.0
경상북도 김천시,4715000000,시군구,202601,133444.0,19119.0,10525.0,12988.0,17151.0,22301.0,51360.0
경상북도 안동시,4717000000,시군구,202601,152149.0,20054.0,15036.0,14077.0,18412.0,25431.0,59139.0
경상북도 구미시,4719000000,시군구,202601,403649.0,71984.0,43761.0,57512.0,69795.0,71854.0,88743.0
경상북도 영주시,4721000000,시군구,202601,97021.0,12640.0,7777.0,7415.0,10955.0,16549.0,41685.0
경상북도 영천시,4723000000,시군구,202601,94943.0,10054.0,6347.0,7721.0,10074.0,16523.0,44224.0
경상북도 상주시,4725000000,시군구,202601,89795.0,10234.0,5891.0,5927.0,9109.0,14555.0,44079.0
경상북도 문경시,4728000000,시군구,202601,65189.0,7270.0,4459.0,4321.0,6837.0,10734.0,31568.0
경상북도 경산시,4729000000,시군구,202601,263381.0,37274.0,32657.0,30478.0,36475.0,46121.0,80376.0
경상북도 의성군,4773000000,시군구,202601,47875.0,3292.0,1927.0,2623.0,3708.0,7031.0,29294.0
경상북도 청송군,4775000000,시군구,202601,23325.0,1680.0,1162.0,1441.0,1859.0,3723.0,13460.0
경상북도 영양군,4776000000,시군구,202601,15997.0,1320.0,919.0,946.0,1363.0,2647.0,8802.0
경상북도 영덕군,4777000000,시군구,202601,32627.0,2674.0,1565.0,1820.0,2943.0,5284.0,18341.0
경상북도 청도군,4782000000,시군구,202601,40115.0,2987.0,1726.0,2133.0,3528.0,6274.0,23467.0
경상북도 고령군,4783000000,시군구,202601,29648.0,2525.0,1722.0,1847.0,2900.0,5244.0,15410.0
경상북도 성주군,4784000000,시군구,202601,40636.0,3216.0,1962.0,2740.0,3814.0,6853.0,22051.0
경상북도 칠곡군,4785000000,시군구,202601,104596.0,15317.0,8513.0,9793.0,17354.0,21134.0,32485.0
경상북도 예천군,4790000000,시군구,202601,53879.0,8257.0,3189.0,4951.0,6757.0,7477.0,23248.0
경상북도 봉화군,4792000000,시군구,202601,28252.0,2394.0,1275.0,1345.0,2286.0,4574.0,16378.0
경상북도 울진군,4793000000,시군구,202601,45853.0,5185.0,3504.0,3991.0,5033.0,8001.0,20139.0
경상북도 울릉군,4794000000,시군구,202601,8706.0,658.0,648.0,772.0,1058.0,1748.0,3822.0
경상남도,4800000000,시도,202601,3205787.0,492205.0,287448.0,341831.0,474160.0,579262.0,1030881.0
경상남도 창원시,4812000000,시군구,202601,990407.0,152585.0,97673.0,118757.0,150717.0,176969.0,293706.0
경상남도 창원시 의창구,4812100000,시군구,202601,207050.0,30950.0,21176.0,25286.0,30502.0,37809.0,61327.0
경상남도 창원시 성산구,4812300000,시군구,202601,247164.0,40017.0,28219.0,36256.0,36986.0,46684.0,59002.0
경상남도 창원시 마산합포구,4812500000,시군구,202601,175634.0,24671.0,15003.0,18453.0,25729.0,28324.0,63454.0
경상남도 창원시 마산회원구,4812700000,시군구,202601,176002.0,24711.0,15880.0,18169.0,25224.0,32004.0,60014.0
경상남도 창원시 진해구,4812900000,시군구,202601,184557.0,32236.0,17395.0,20593.0,32276.0,32148.0,49909.0
경상남도 진주시,4817000000,시군구,202601,335342.0,53747.0,37161.0,39054.0,46966.0,57292.0,101122.0
경상남도 통영시,4822000000,시군구,202601,116419.0,17022.0,8527.0,8797.0,17391.0,21749.0,42933.0
경상남도 사천시,4824000000,시군구,202601,107954.0,15439.0,8874.0,10352.0,15219.0,19508.0,38562.0
경상남도 김해시,4825000000,시군구,202601,533275.0,93189.0,53775.0,64513.0,86128.0,104738.0,130932.0
경상남도 밀양시,4827000000,시군구,202601,99087.0,10503.0,6542.0,7511.0,10939.0,16530.0,47062.0
경상남도 거제시,4831000000,시군구,202601,230871.0,43306.0,18450.0,22501.0,44397.0,45295.0,56922.0
경상남도 양산시,4833000000,시군구,202601,361349.0,62439.0,31968.0,44735.0,60240.0,63762.0,98205.0
경상남도 의령군,4872000000,시군구,202601,24591.0,1965.0,1290.0,1376.0,2154.0,4042.0,13764.0
경상남도 함안군,4873000000,시군구,202601,57548.0,7326.0,3640.0,3815.0,7087.0,10384.0,25296.0
경상남도 창녕군,4874000000,시군구,202601,54924.0,5555.0,2769.0,3585.0,5574.0,9148.0,28293.0
경상남도 고성군,4882000000,시군구,202601,47018.0,4985.0,2606.0,2529.0,4948.0,8215.0,23735.0
경상남도 남해군,4884000000,시군구,202601,40874.0,3780.0,2355.0,2156.0,3597.0,6713.0,22273.0
경상남도 하동군,4885000000,시군구,202601,39942.0,3236.0,2024.0,2110.0,3302.0,7121.0,22149.0
경상남도 산청군,4886000000,시군구,202601,32739.0,2470.0,1632.0,1635.0,2573.0,5664.0,18765.0
경상남도 함양군,4887000000,시군구,202601,35414.0,3601.0,1992.0,1983.0,3232.0,6107.0,18499.0
경상남도 거창군,4888000000,시군구,202601,58898.0,8179.0,4317.0,4517.0,6517.0,9868.0,25500.0
경상남도 합천군,4889000000,시군구,202601,39135.0,2878.0,1853.0,1905.0,3179.0,6157.0,23163.0
제주특별자치도,5000000000,시도,202601,663995.0,114067.0,65308.0,76810.0,102048.0,118964.0,186798.0
제주특별자치도 제주시,5011000000,시군구,202601,484763.0,85513.0,50725.0,59767.0,75283.0,86289.0,127186.0
제주특별자치도 서귀포시,5013000000,시군구,202601,179232.0,28554.0,14583.0,17043.0,26765.0,32675.0,59612.0
강원특별자치도,5100000000,시도,202601,1507634.0,205472.0,147150.0,158661.0,194350.0,257486.0,544515.0
강원특별자치도 춘천시,5111000000,시군구,202601,284895.0,42755.0,34590.0,34899.0,38637.0,46283.0,87731.0
강원특별자치도 원주시,5113000000,시군구,202601,363496.0,58039.0,38457.0,47067.0,53615.0,62398.0,103920.0
강원특별자치도 강릉시,5115000000,시군구,202601,205966.0,26634.0,19989.0,20546.0,27003.0,36494.0,75300.0
강원특별자치도 동해시,5117000000,시군구,202601,86225.0,12471.0,7576.0,8040.0,11853.0,15949.0,30336.0
강원특별자치도 태백시,5119000000,시군구,202601,36972.0,4640.0,2614.0,2670.0,4789.0,6704.0,15555.0
강원특별자치도 속초시,5121000000,시군구,202601,79586.0,10823.0,6846.0,8641.0,10718.0,14434.0,28124.0
강원특별자치도 삼척시,5123000000,시군구,202601,60307.0,7164.0,5757.0,4655.0,6829.0,10524.0,25378.0
강원특별자치도 홍천군,5172000000,시군구,202601,66008.0,7084.0,4852.0,5404.0,6703.0,10696.0,31269.0
강원특별자치도 횡성군,5173000000,시군구,202601,45591.0,4740.0,2812.0,2807.0,4226.0,7454.0,23552.0
강원특별자치도 영월군,5175000000,시군구,202601,35997.0,3582.0,2373.0,2257.0,3579.0,6280.0,17926.0
강원특별자치도 평창군,5176000000,시군구,202601,39933.0,3727.0,2655.0,2521.0,4045.0,7250.0,19735.0
강원특별자치도 정선군,5177000000,시군구,202601,34982.0,3184.0,2362.0,2297.0,3966.0,6617.0,16556.0
강원특별자치도 철원군,5178000000,시군구,202601,39953.0,5305.0,4018.0,4125.0,4438.0,6325.0,15742.0
강원특별자치도 화천군,5179000000,시군구,202601,22338.0,2783.0,2734.0,2406.0,2215.0,3328.0,8872.0
강원특별자치도 양구군,5180000000,시군구,202601,20373.0,3023.0,2120.0,2184.0,2251.0,3023.0,7772.0
강원특별자치도 인제군,5181000000,시군구,202601,30814.0,4006.0,3360.0,3730.0,3646.0,4598.0,11474.0
강원특별자치도 고성군,5182000000,시군구,202601,26849.0,2758.0,2188.0,2376.0,2715.0,4483.0,12329.0
강원특별자치도 양양군,5183000000,시군구,202601,27349.0,2754.0,1847.0,2036.0,3122.0,4646.0,12944.0
전북특별자치도,5200000000,시도,202601,1723497.0,246740.0,171351.0,172634.0,226350.0,298367.0,608055.0
전북특별자치도 전주시,5211000000,시군구,202601,624241.0,102757.0,76247.0,74620.0,91880.0,107936.0,170801.0
전북특별자치도 전주시 완산구,5211100000,시군구,202601,315800.0,47223.0,38910.0,36442.0,43639.0,56357.0,93229.0
전북특별자치도 전주시 덕진구,5211300000,시군구,202601,308441.0,55534.0,37337.0,38178.0,48241.0,51579.0,77572.0
전북특별자치도 군산시,5213000000,시군구,202601,256127.0,39066.0,23955.0,25833.0,37815.0,45669.0,83789.0
전북특별자치도 익산시,5214000000,시군구,202601,266967.0,37386.0,28452.0,27197.0,34328.0,47507.0,92097.0
전북특별자치도 정읍시,5218000000,시군구,202601,101129.0,12310.0,8231.0,7925.0,11489.0,17827.0,43347.0
전북특별자치도 남원시,5219000000,시군구,202601,74364.0,9241.0,5574.0,5430.0,8127.0,13289.0,32703.0
전북특별자치도 김제시,5221000000,시군구,202601,81823.0,9124.0,6317.0,6840.0,8702.0,13265.0,37575.0
전북특별자치도 완주군,5271000000,시군구,202601,100372.0,14425.0,8700.0,11309.0,13165.0,16924.0,35849.0
전북특별자치도 진안군,5272000000,시군구,202601,24284.0,2299.0,1537.0,1370.0,2058.0,4054.0,12966.0
전북특별자치도 무주군,5273000000,시군구,202601,22777.0,2348.0,1443.0,1423.0,2216.0,3860.0,11487.0
전북특별자치도 장수군,5274000000,시군구,202601,21015.0,2136.0,1335.0,1239.0,1993.0,3496.0,10816.0
전북특별자치도 임실군,5275000000,시군구,202601,25298.0,2331.0,1450.0,1617.0,2171.0,3977.0,13752.0
전북특별자치도 순창군,5277000000,시군구,202601,27665.0,3051.0,2037.0,1715.0,2792.0,4680.0,13390.0
전북특별자치도 고창군,5279000000,시군구,202601,50242.0,5529.0,3054.0,3140.0,4818.0,8080.0,25621.0
전북특별자치도 부안군,5280000000,시군구,202601,47193.0,4737.0,3019.0,2976.0,4796.0,7803.0,23862.0
서울특별시,1100000000,시도,202602,9304129.0,1177995.0,1247112.0,1461351.0,1364041.0,1470032.0,2583598.0
서울특별시 종로구,1111000000,시군구,202602,136764.0,14223.0,20095.0,19786.0,18091.0,22774.0,41795.0
서울특별시 중구,1114000000,시군구,202602,117625.0,10715.0,15575.0,21165.0,16084.0,17779.0,36307.0
서울특별시 용산구,1117000000,시군구,202602,201494.0,22488.0,26201.0,37095.0,29072.0,31831.0,54807.0
서울특별시 성동구,1120000000,시군구,202602,274854.0,32834.0,37653.0,48267.0,39608.0,42822.0,73670.0
서울특별시 광진구,1121500000,시군구,202602,331095.0,36270.0,54624.0,56682.0,45982.0,51100.0,86437.0
서울특별시 동대문구,1123000000,시군구,202602,350393.0,41043.0,55434.0,55028.0,48207.0,52859.0,97822.0
서울특별시 중랑구,1126000000,시군구,202602,376884.0,39512.0,44832.0,58737.0,50587.0,61636.0,121580.0
서울특별시 성북구,1129000000,시군구,202602,422542.0,55421.0,62357.0,56734.0,59496.0,70822.0,117712.0
서울특별시 강북구,1130500000,시군구,202602,278786.0,27372.0,33911.0,34264.0,36075.0,48625.0,98539.0
서울특별시 도봉구,1132000000,시군구,202602,299295.0,32754.0,32983.0,37082.0,39446.0,51857.0,105173.0
서울특별시 노원구,1135000000,시군구,202602,482293.0,66627.0,60296.0,60931.0,68772.0,83654.0,142013.0
서울특별시 은평구,1138000000,시군구,202602,454341.0,53502.0,55361.0,66632.0,64241.0,76652.0,137953.0
서울특별시 서대문구,1141000000,시군구,202602,300175.0,36890.0,44784.0,44926.0,41981.0,47659.0,83935.0
서울특별시 마포구,1144000000,시군구,202602,357136.0,43812.0,54289.0,64380.0,54475.0,55809.0,84371.0
서울특별시 양천구,1147000000,시군구,202602,424499.0,68749.0,46129.0,51600.0,69452.0,71762.0,116807.0
서울특별시 강서구,1150000000,시군구,202602,549050.0,66328.0,70904.0,95950.0,81643.0,81376.0,152849.0
서울특별시 구로구,1153000000,시군구,202602,382800.0,46107.0,45596.0,61292.0,54425.0,60005.0,115375.0
서울특별시 금천구,1154500000,시군구,202602,222809.0,20156.0,31310.0,39762.0,27456.0,34885.0,69240.0
서울특별시 영등포구,1156000000,시군구,202602,371055.0,41837.0,52384.0,74050.0,52080.0,53909.0,96795.0
서울특별시 동작구,1159000000,시군구,202602,371746.0,42169.0,59504.0,61480.0,50822.0,56426.0,101345.0
서울특별시 관악구,1162000000,시군구,202602,478195.0,37538.0,101607.0,94012.0,57603.0,64490.0,122945.0
서울특별시 서초구,1165000000,시군구,202602,415691.0,72453.0,47773.0,57559.0,71608.0,68523.0,97775.0
서울특별시 강남구,1168000000,시군구,202602,555502.0,95823.0,62394.0,80006.0,100128.0,88597.0,128554.0
서울특별시 송파구,1171000000,시군구,202602,649042.0,97477.0,75783.0,106555.0,105192.0,98803.0,165232.0
서울특별시 강동구,1174000000,시군구,202602,500063.0,75895.0,55333.0,77376.0,81515.0,75377.0,134567.0
부산광역시,2600000000,시도,202602,3239016.0,433952.0,335436.0,387259.0,458637.0,528397.0,1095335.0
부산광역시 중구,2611000000,시군구,202602,36399.0,2113.0,4631.0,4006.0,3837.0,5894.0,15918.0
부산광역시 서구,2614000000,시군구,202602,101572.0,11110.0,10525.0,10051.0,12646.0,16461.0,40779.0
부산광역시 동구,2617000000,시군구,202602,83553.0,7874.0,7929.0,10549.0,10457.0,13493.0,33251.0
부산광역시 영도구,2620000000,시군구,202602,100944.0,9766.0,8518.0,8735.0,11894.0,16794.0,45237.0
부산광역시 부산진구,2623000000,시군구,202602,365395.0,42896.0,46495.0,54053.0,49103.0,56054.0,116794.0
부산광역시 동래구,2626000000,시군구,202602,272758.0,43418.0,25494.0,31993.0,42313.0,44364.0,85176.0
부산광역시 남구,2629000000,시군구,202602,252749.0,34706.0,30294.0,27327.0,35080.0,41607.0,83735.0
부산광역시 북구,2632000000,시군구,202602,262000.0,33264.0,24689.0,31206.0,33586.0,45317.0,93938.0
부산광역시 해운대구,2635000000,시군구,202602,372175.0,55021.0,35336.0,41103.0,55347.0,65626.0,119742.0
부산광역시 사하구,2638000000,시군구,202602,284653.0,34751.0,29002.0,29949.0,38704.0,48971.0,103276.0
부산광역시 금정구,2641000000,시군구,202602,205932.0,23240.0,25386.0,20558.0,25137.0,33568.0,78043.0
부산광역시 강서구,2644000000,시군구,202602,151888.0,34911.0,10589.0,24014.0,31655.0,18888.0,31831.0
부산광역시 연제구,2647000000,시군구,202602,211506.0,29407.0,21336.0,28301.0,30894.0,33713.0,67855.0
부산광역시 수영구,2650000000,시군구,202602,168745.0,18668.0,19477.0,22750.0,22797.0,26113.0,58940.0
부산광역시 사상구,2653000000,시군구,202602,193474.0,20482.0,21039.0,22509.0,23875.0,33293.0,72276.0
부산광역시 기장군,2671000000,시군구,202602,175273.0,32325.0,14696.0,20155.0,31312.0,28241.0,48544.0
대구광역시,2700000000,시도,202602,2351461.0,346146.0,251102.0,284536.0,334323.0,411757.0,723597.0
대구광역시 중구,2711000000,시군구,202602,101081.0,15706.0,13483.0,18213.0,14975.0,14210.0,24494.0
대구광역시 동구,2714000000,시군구,202602,338753.0,44793.0,33646.0,44100.0,46370.0,56024.0,113820.0
대구광역시 서구,2717000000,시군구,202602,163987.0,16641.0,14539.0,19626.0,19525.0,28616.0,65040.0
대구광역시 남구,2720000000,시군구,202602,137746.0,13632.0,16048.0,17177.0,16882.0,22827.0,51180.0
대구광역시 북구,2723000000,시군구,202602,408481.0,59220.0,50087.0,47975.0,56430.0,76409.0,118360.0
대구광역시 수성구,2726000000,시군구,202602,409297.0,71827.0,42358.0,42597.0,63083.0,74147.0,115285.0
대구광역시 달서구,2729000000,시군구,202602,516019.0,75867.0,58042.0,60979.0,71859.0,94561.0,154711.0
대구광역시 달성군,2771000000,시군구,202602,253530.0,47209.0,21975.0,32731.0,43564.0,41444.0,66607.0
대구광역시 군위군,2772000000,시군구,202602,22567.0,1251.0,924.0,1138.0,1635.0,3519.0,14100.0
인천광역시,2800000000,시도,202602,3054367.0,464152.0,335201.0,430845.0,473879.0,516133.0,834157.0
인천광역시 중구,2811000000,시군구,202602,177525.0,28903.0,21874.0,29297.0,29602.0,27291.0,40558.0
인천광역시 동구,2814000000,시군구,202602,57033.0,6567.0,5235.0,6351.0,7986.0,9692.0,21202.0
인천광역시 미추홀구,2817700000,시군구,202602,416941.0,55153.0,48574.0,58320.0,62383.0,68843.0,123668.0
인천광역시 연수구,2818500000,시군구,202602,410040.0,80203.0,44805.0,57061.0,71211.0,68321.0,88439.0
인천광역시 남동구,2820000000,시군구,202602,479874.0,67525.0,53647.0,60637.0,72512.0,84603.0,140950.0
인천광역시 부평구,2823700000,시군구,202602,489901.0,64103.0,54165.0,73763.0,70421.0,83448.0,144001.0
인천광역시 계양구,2824500000,시군구,202602,277372.0,33003.0,31195.0,37145.0,37202.0,52415.0,86412.0
인천광역시 서구,2826000000,시군구,202602,656549.0,120549.0,69489.0,101830.0,113766.0,107823.0,143092.0
인천광역시 강화군,2871000000,시군구,202602,69677.0,6776.0,4088.0,4840.0,6934.0,10635.0,36404.0
인천광역시 옹진군,2872000000,시군구,202602,19455.0,1370.0,2129.0,1601.0,1862.0,3062.0,9431.0
광주광역시,2900000000,시도,202602,1389235.0,228651.0,168694.0,172911.0,211906.0,241028.0,366045.0
광주광역시 동구,2911000000,시군구,202602,104794.0,14209.0,13332.0,14131.0,14064.0,15437.0,33621.0
광주광역시 서구,2914000000,시군구,202602,275730.0,41246.0,35474.0,33912.0,40472.0,49617.0,75009.0
광주광역시 남구,2915500000,시군구,202602,207015.0,35631.0,21307.0,22916.0,32255.0,32755.0,62151.0
광주광역시 북구,2917000000,시군구,202602,415473.0,64584.0,48747.0,52566.0,60965.0,70911.0,117700.0
광주광역시 광산구,2920000000,시군구,202602,386223.0,72981.0,49834.0,49386.0,64150.0,72308.0,77564.0
대전광역시,3000000000,시도,202602,1441405.0,222242.0,186571.0,194721.0,208398.0,242831.0,386642.0
대전광역시 동구,3011000000,시군구,202602,218169.0,29471.0,27579.0,25185.0,29030.0,36319.0,70585.0
대전광역시 중구,3014000000,시군구,202602,225250.0,31103.0,25057.0,26241.0,30800.0,38666.0,73383.0
대전광역시 서구,3017000000,시군구,202602,463863.0,73690.0,63222.0,65370.0,69272.0,77181.0,115128.0
대전광역시 유성구,3020000000,시군구,202602,369113.0,67221.0,52077.0,58497.0,58207.0,58955.0,74156.0
대전광역시 대덕구,3023000000,시군구,202602,165010.0,20757.0,18636.0,19428.0,21089.0,31710.0,53390.0
울산광역시,3100000000,시도,202602,1089835.0,175680.0,109349.0,136484.0,168264.0,197698.0,302360.0
울산광역시 중구,3111000000,시군구,202602,203682.0,30305.0,18777.0,24507.0,29592.0,36358.0,64143.0
울산광역시 남구,3114000000,시군구,202602,304648.0,45655.0,34139.0,42218.0,44579.0,55929.0,82128.0
울산광역시 동구,3117000000,시군구,202602,148469.0,25124.0,14133.0,16889.0,25934.0,24158.0,42231.0
울산광역시 북구,3120000000,시군구,202602,214395.0,42269.0,21047.0,29240.0,37584.0,38116.0,46139.0
울산광역시 울주군,3171000000,시군구,202602,218641.0,32327.0,21253.0,23630.0,30575.0,43137.0,67719.0
세종특별자치시,3600000000,시도,202602,391240.0,92196.0,36310.0,57190.0,76144.0,59668.0,69732.0
세종특별자치시,3611000000,시도,202602,391240.0,92196.0,36310.0,57190.0,76144.0,59668.0,69732.0
경기도,4100000000,시도,202602,13742072.0,2209198.0,1546469.0,1923270.0,2178560.0,2363342.0,3521233.0
경기도 수원시,4111000000,시군구,202602,1186084.0,182516.0,160907.0,187484.0,183975.0,200566.0,270636.0
경기도 수원시 장안구,4111100000,시군구,202602,270944.0,38765.0,37590.0,35403.0,38181.0,49434.0,71571.0
경기도 수원시 권선구,4111300000,시군구,202602,360535.0,52591.0,44603.0,57417.0,56082.0,61261.0,88581.0
경기도 수원시 팔달구,4111500000,시군구,202602,192473.0,23369.0,27851.0,32288.0,26527.0,31921.0,50517.0
경기도 수원시 영통구,4111700000,시군구,202602,362132.0,67791.0,50863.0,62376.0,63185.0,57950.0,59967.0
경기도 성남시,4113000000,시군구,202602,906201.0,135311.0,104487.0,134431.0,140914.0,150841.0,240217.0
경기도 성남시 수정구,4113100000,시군구,202602,234087.0,29116.0,27754.0,36109.0,34089.0,38313.0,68706.0
경기도 성남시 중원구,4113300000,시군구,202602,202679.0,23905.0,23535.0,30939.0,28764.0,33656.0,61880.0
경기도 성남시 분당구,4113500000,시군구,202602,469435.0,82290.0,53198.0,67383.0,78061.0,78872.0,109631.0
경기도 의정부시,4115000000,시군구,202602,461581.0,66295.0,53210.0,60578.0,67587.0,81873.0,132038.0
경기도 안양시,4117000000,시군구,202602,563393.0,84335.0,63326.0,86795.0,83159.0,94105.0,151673.0
경기도 안양시 만안구,4117100000,시군구,202602,233578.0,28695.0,26593.0,35022.0,31304.0,39223.0,72741.0
경기도 안양시 동안구,4117300000,시군구,202602,329815.0,55640.0,36733.0,51773.0,51855.0,54882.0,78932.0
경기도 부천시,4119000000,시군구,202602,757444.0,99971.0,84492.0,103843.0,110661.0,132537.0,225940.0
경기도 부천시 원미구,4119200000,시군구,202602,383544.0,51192.0,45050.0,54972.0,56576.0,66464.0,109290.0
경기도 부천시 소사구,4119400000,시군구,202602,225010.0,32646.0,22472.0,30065.0,35064.0,37065.0,67698.0
경기도 부천시 오정구,4119600000,시군구,202602,148890.0,16133.0,16970.0,18806.0,19021.0,29008.0,48952.0
경기도 광명시,4121000000,시군구,202602,300826.0,47104.0,33118.0,44077.0,46889.0,51450.0,78188.0
경기도 평택시,4122000000,시군구,202602,613456.0,105444.0,72081.0,99855.0,101318.0,102118.0,132640.0
경기도 동두천시,4125000000,시군구,202602,86299.0,10894.0,8413.0,8333.0,11099.0,15749.0,31811.0
경기도 안산시,4127000000,시군구,202602,611467.0,81347.0,81457.0,82817.0,84436.0,120375.0,161035.0
경기도 안산시 상록구,4127100000,시군구,202602,322171.0,41895.0,43980.0,40856.0,43834.0,64753.0,86853.0
경기도 안산시 단원구,4127300000,시군구,202602,289296.0,39452.0,37477.0,41961.0,40602.0,55622.0,74182.0
경기도 고양시,4128000000,시군구,202602,1059430.0,156659.0,118787.0,143871.0,157327.0,194415.0,288371.0
경기도 고양시 덕양구,4128100000,시군구,202602,484682.0,71280.0,51055.0,70568.0,74082.0,84155.0,133542.0
경기도 고양시 일산동구,4128500000,시군구,202602,297383.0,43061.0,35366.0,40666.0,43652.0,55683.0,78955.0
경기도 고양시 일산서구,4128700000,시군구,202602,277365.0,42318.0,32366.0,32637.0,39593.0,54577.0,75874.0
경기도 과천시,4129000000,시군구,202602,80098.0,16354.0,8090.0,12115.0,12944.0,11927.0,18668.0
경기도 구리시,4131000000,시군구,202602,185946.0,26159.0,21152.0,25271.0,27870.0,33357.0,52137.0
경기도 남양주시,4136000000,시군구,202602,729142.0,124383.0,76196.0,84032.0,119235.0,130803.0,194493.0
경기도 오산시,4137000000,시군구,202602,250518.0,44988.0,28636.0,40314.0,46622.0,41362.0,48596.0
경기도 시흥시,4139000000,시군구,202602,514384.0,89671.0,57030.0,73834.0,88809.0,92616.0,112424.0
경기도 군포시,4141000000,시군구,202602,250701.0,34315.0,29552.0,34059.0,35244.0,45127.0,72404.0
경기도 의왕시,4143000000,시군구,202602,161183.0,24454.0,17467.0,24429.0,22368.0,26847.0,45618.0
경기도 하남시,4145000000,시군구,202602,327740.0,59773.0,32969.0,48767.0,59712.0,49869.0,76650.0
경기도 용인시,4146000000,시군구,202602,1090776.0,192449.0,126499.0,137527.0,180126.0,193158.0,261017.0
경기도 용인시 처인구,4146100000,시군구,202602,283119.0,43763.0,31953.0,37395.0,44247.0,49637.0,76124.0
경기도 용인시 기흥구,4146300000,시군구,202602,434349.0,75350.0,52954.0,52119.0,70279.0,80219.0,103428.0
경기도 용인시 수지구,4146500000,시군구,202602,373308.0,73336.0,41592.0,48013.0,65600.0,63302.0,81465.0
경기도 파주시,4148000000,시군구,202602,528614.0,93963.0,54608.0,73360.0,88029.0,89359.0,129295.0
경기도 이천시,4150000000,시군구,202602,222906.0,34729.0,26444.0,31125.0,33536.0,36928.0,60144.0
경기도 안성시,4155000000,시군구,202602,196871.0,27840.0,21737.0,23552.0,28964.0,34116.0,60662.0
경기도 김포시,4157000000,시군구,202602,484614.0,93481.0,46088.0,62063.0,91185.0,76914.0,114883.0
경기도 화성시,4159000000,시군구,202602,992956.0,206703.0,108842.0,164299.0,186756.0,152320.0,174036.0
경기도 화성시 만세구,4159100000,시군구,202602,234881.0,39188.0,23581.0,32012.0,39772.0,39811.0,60517.0
경기도 화성시 효행구,4159300000,시군구,202602,159440.0,28903.0,16646.0,26044.0,26173.0,25656.0,36018.0
경기도 화성시 병점구,4159500000,시군구,202602,173168.0,32709.0,21889.0,29077.0,30835.0,27588.0,31070.0
경기도 화성시 동탄구,4159700000,시군구,202602,425467.0,105903.0,46726.0,77166.0,89976.0,59265.0,46431.0
경기도 광주시,4161000000,시군구,202602,397174.0,62505.0,38063.0,51246.0,67045.0,70199.0,108116.0
경기도 양주시,4163000000,시군구,202602,296740.0,51553.0,30811.0,40159.0,46613.0,50261.0,77343.0
경기도 포천시,4165000000,시군구,202602,140355.0,15380.0,13895.0,13824.0,15465.0,26021.0,55770.0
경기도 여주시,4167000000,시군구,202602,113735.0,14072.0,9766.0,11281.0,14512.0,19940.0,44164.0
경기도 연천군,4180000000,시군구,202602,42578.0,4635.0,4271.0,4175.0,4210.0,6469.0,18818.0
경기도 가평군,4182000000,시군구,202602,62030.0,6486.0,5230.0,5299.0,6749.0,10480.0,27786.0
경기도 양평군,4183000000,시군구,202602,126830.0,15429.0,8845.0,10455.0,15201.0,21240.0,55660.0
충청북도,4300000000,시도,202602,1596816.0,235514.0,165544.0,193034.0,221054.0,271244.0,510426.0
충청북도 청주시,4311000000,시군구,202602,857420.0,142551.0,101979.0,122835.0,130260.0,142546.0,217249.0
충청북도 청주시 상당구,4311100000,시군구,202602,194232.0,32341.0,19959.0,23801.0,28667.0,33649.0,55815.0
충청북도 청주시 서원구,4311200000,시군구,202602,184851.0,26743.0,24092.0,22392.0,24765.0,33104.0,53755.0
충청북도 청주시 흥덕구,4311300000,시군구,202602,291887.0,50925.0,36069.0,49984.0,46033.0,46573.0,62303.0
충청북도 청주시 청원구,4311400000,시군구,202602,186450.0,32542.0,21859.0,26658.0,30795.0,29220.0,45376.0
충청북도 충주시,4313000000,시군구,202602,206177.0,28042.0,19729.0,22524.0,27187.0,35963.0,72732.0
충청북도 제천시,4315000000,시군구,202602,127640.0,16629.0,12525.0,11323.0,15075.0,22331.0,49757.0
충청북도 보은군,4372000000,시군구,202602,30601.0,2710.0,1800.0,1801.0,2660.0,4823.0,16807.0
충청북도 옥천군,4373000000,시군구,202602,50117.0,5186.0,3744.0,3365.0,5239.0,8683.0,23900.0
충청북도 영동군,4374000000,시군구,202602,43043.0,4019.0,2884.0,2624.0,3809.0,7350.0,22357.0
충청북도 증평군,4374500000,시군구,202602,36623.0,5562.0,3555.0,4465.0,5195.0,6225.0,11621.0
충청북도 진천군,4375000000,시군구,202602,85689.0,14146.0,7418.0,10597.0,13774.0,14668.0,25086.0
충청북도 괴산군,4376000000,시군구,202602,37774.0,2854.0,2249.0,2120.0,3185.0,6339.0,21027.0
충청북도 음성군,4377000000,시군구,202602,95021.0,11553.0,8114.0,9800.0,12314.0,17742.0,35498.0
충청북도 단양군,4380000000,시군구,202602,26711.0,2262.0,1547.0,1580.0,2356.0,4574.0,14392.0
충청남도,4400000000,시도,202602,2136064.0,327768.0,210272.0,251296.0,312680.0,353782.0,680266.0
충청남도 천안시,4413000000,시군구,202602,664746.0,111451.0,84888.0,98004.0,109089.0,111703.0,149611.0
충청남도 천안시 동남구,4413100000,시군구,202602,262718.0,39581.0,32204.0,33000.0,38989.0,46157.0,72787.0
충청남도 천안시 서북구,4413300000,시군구,202602,402028.0,71870.0,52684.0,65004.0,70100.0,65546.0,76824.0
충청남도 공주시,4415000000,시군구,202602,99551.0,11132.0,9996.0,7966.0,10899.0,16210.0,43348.0
충청남도 보령시,4418000000,시군구,202602,91621.0,10844.0,6816.0,7378.0,10982.0,15802.0,39799.0
충청남도 아산시,4420000000,시군구,202602,360864.0,69500.0,37548.0,52292.0,64531.0,56380.0,80613.0
충청남도 서산시,4421000000,시군구,202602,171893.0,27030.0,15367.0,19353.0,24952.0,29859.0,55332.0
충청남도 논산시,4423000000,시군구,202602,106522.0,12901.0,8315.0,8989.0,12004.0,18008.0,46305.0
충청남도 계룡시,4425000000,시군구,202602,45990.0,9342.0,4381.0,5247.0,7813.0,8348.0,10859.0
충청남도 당진시,4427000000,시군구,202602,172251.0,28290.0,13878.0,20372.0,27555.0,28952.0,53204.0
충청남도 금산군,4471000000,시군구,202602,48741.0,5384.0,3087.0,2925.0,4848.0,8360.0,24137.0
충청남도 부여군,4476000000,시군구,202602,58036.0,5346.0,3524.0,3373.0,5358.0,9084.0,31351.0
충청남도 서천군,4477000000,시군구,202602,47074.0,4171.0,2787.0,2734.0,4275.0,7446.0,25661.0
충청남도 청양군,4479000000,시군구,202602,29919.0,2637.0,2199.0,1731.0,2533.0,4703.0,16116.0
충청남도 홍성군,4480000000,시군구,202602,101040.0,15483.0,8291.0,10545.0,13266.0,16258.0,37197.0
충청남도 예산군,4481000000,시군구,202602,78647.0,8686.0,5419.0,6520.0,8391.0,12837.0,36794.0
충청남도 태안군,4482500000,시군구,202602,59169.0,5571.0,3776.0,3867.0,6184.0,9832.0,29939.0
전라남도,4600000000,시도,202602,1776547.0,249516.0,157457.0,169733.0,226382.0,302963.0,670496.0
전라남도 목포시,4611000000,시군구,202602,201025.0,31300.0,20712.0,19257.0,30572.0,36188.0,62996.0
전라남도 여수시,4613000000,시군구,202602,262218.0,37994.0,25241.0,27020.0,35668.0,45711.0,90584.0
전라남도 순천시,4615000000,시군구,202602,274763.0,45770.0,29577.0,32547.0,38439.0,47899.0,80531.0
전라남도 나주시,4617000000,시군구,202602,116940.0,18894.0,9981.0,14515.0,16532.0,17395.0,39623.0
전라남도 광양시,4623000000,시군구,202602,155672.0,26659.0,15895.0,20076.0,22491.0,29788.0,40763.0
전라남도 담양군,4671000000,시군구,202602,44108.0,4453.0,3158.0,3150.0,4340.0,7504.0,21503.0
전라남도 곡성군,4672000000,시군구,202602,27499.0,2346.0,1826.0,1775.0,2422.0,4683.0,14447.0
전라남도 구례군,4673000000,시군구,202602,23904.0,2242.0,1494.0,1254.0,2185.0,4121.0,12608.0
전라남도 고흥군,4677000000,시군구,202602,59317.0,4877.0,3045.0,3037.0,4931.0,8987.0,34440.0
전라남도 보성군,4678000000,시군구,202602,36819.0,3245.0,2174.0,1958.0,3163.0,5758.0,20521.0
전라남도 화순군,4679000000,시군구,202602,60160.0,7122.0,5512.0,4759.0,6302.0,10840.0,25625.0
전라남도 장흥군,4680000000,시군구,202602,34102.0,3509.0,2254.0,2212.0,3278.0,5539.0,17310.0
전라남도 강진군,4681000000,시군구,202602,31759.0,3462.0,2118.0,2105.0,2979.0,4929.0,16166.0
전라남도 해남군,4682000000,시군구,202602,62147.0,6751.0,4164.0,3927.0,6282.0,10267.0,30756.0
전라남도 영암군,4683000000,시군구,202602,50058.0,5786.0,3935.0,3687.0,6191.0,9139.0,21320.0
전라남도 무안군,4684000000,시군구,202602,95696.0,18261.0,9228.0,11310.0,15183.0,14343.0,27371.0
전라남도 함평군,4686000000,시군구,202602,29325.0,2589.0,1784.0,1756.0,2606.0,4870.0,15720.0
전라남도 영광군,4687000000,시군구,202602,53807.0,7217.0,4522.0,5043.0,6044.0,8694.0,22287.0
전라남도 장성군,4688000000,시군구,202602,43001.0,4923.0,3394.0,3396.0,4562.0,7298.0,19428.0
전라남도 완도군,4689000000,시군구,202602,44416.0,5092.0,2707.0,2715.0,5083.0,7126.0,21693.0
전라남도 진도군,4690000000,시군구,202602,27922.0,3006.0,1907.0,1774.0,2781.0,4531.0,13923.0
전라남도 신안군,4691000000,시군구,202602,41889.0,4018.0,2829.0,2460.0,4348.0,7353.0,20881.0
경상북도,4700000000,시도,202602,2500499.0,341119.0,216974.0,251240.0,331070.0,433169.0,926927.0
경상북도 포항시,4711000000,시군구,202602,488435.0,74133.0,43691.0,54199.0,70188.0,84478.0,161746.0
경상북도 포항시 남구,4711100000,시군구,202602,214484.0,31156.0,19779.0,22111.0,31193.0,37363.0,72882.0
경상북도 포항시 북구,4711300000,시군구,202602,273951.0,42977.0,23912.0,32088.0,38995.0,47115.0,88864.0
경상북도 경주시,4713000000,시군구,202602,243462.0,30079.0,20039.0,22937.0,30099.0,44940.0,95368.0
경상북도 김천시,4715000000,시군구,202602,133080.0,18937.0,10397.0,12921.0,17095.0,22260.0,51470.0
경상북도 안동시,4717000000,시군구,202602,151745.0,19915.0,14791.0,14014.0,18353.0,25399.0,59273.0
경상북도 구미시,4719000000,시군구,202602,403254.0,71630.0,43464.0,57260.0,69737.0,71905.0,89258.0
경상북도 영주시,4721000000,시군구,202602,96790.0,12533.0,7672.0,7392.0,10922.0,16492.0,41779.0
경상북도 영천시,4723000000,시군구,202602,94756.0,10085.0,6201.0,7682.0,10022.0,16452.0,44314.0
경상북도 상주시,4725000000,시군구,202602,89602.0,10157.0,5804.0,5919.0,9093.0,14522.0,44107.0
경상북도 문경시,4728000000,시군구,202602,64989.0,7173.0,4389.0,4323.0,6792.0,10692.0,31620.0
경상북도 경산시,4729000000,시군구,202602,263316.0,37271.0,32624.0,30376.0,36334.0,46099.0,80612.0
경상북도 의성군,4773000000,시군구,202602,47868.0,3281.0,1891.0,2621.0,3709.0,7022.0,29344.0
경상북도 청송군,4775000000,시군구,202602,23313.0,1680.0,1139.0,1437.0,1872.0,3704.0,13481.0
경상북도 영양군,4776000000,시군구,202602,15986.0,1312.0,913.0,942.0,1349.0,2640.0,8830.0
경상북도 영덕군,4777000000,시군구,202602,32589.0,2648.0,1564.0,1809.0,2926.0,5260.0,18382.0
경상북도 청도군,4782000000,시군구,202602,40119.0,3001.0,1705.0,2118.0,3526.0,6271.0,23498.0
경상북도 고령군,4783000000,시군구,202602,29625.0,2492.0,1708.0,1857.0,2889.0,5209.0,15470.0
경상북도 성주군,4784000000,시군구,202602,40571.0,3209.0,1934.0,2734.0,3800.0,6818.0,22076.0
경상북도 칠곡군,4785000000,시군구,202602,104347.0,15181.0,8414.0,9676.0,17286.0,21177.0,32613.0
경상북도 예천군,4790000000,시군구,202602,53808.0,8219.0,3193.0,4919.0,6747.0,7484.0,23246.0
경상북도 봉화군,4792000000,시군구,202602,28158.0,2351.0,1261.0,1337.0,2266.0,4537.0,16406.0
경상북도 울진군,4793000000,시군구,202602,45962.0,5170.0,3532.0,3996.0,5009.0,8060.0,20195.0
경상북도 울릉군,4794000000,시군구,202602,8724.0,662.0,648.0,771.0,1056.0,1748.0,3839.0
경상남도,4800000000,시도,202602,3201389.0,489499.0,285295.0,340657.0,472722.0,578563.0,1034653.0
경상남도 창원시,4812000000,시군구,202602,988918.0,151732.0,96899.0,118452.0,150265.0,176707.0,294863.0
경상남도 창원시 의창구,4812100000,시군구,202602,206993.0,30800.0,21059.0,25338.0,30409.0,37766.0,61621.0
경상남도 창원시 성산구,4812300000,시군구,202602,247105.0,39936.0,28021.0,36248.0,36993.0,46541.0,59366.0
경상남도 창원시 마산합포구,4812500000,시군구,202602,175375.0,24590.0,14872.0,18348.0,25652.0,28309.0,63604.0
경상남도 창원시 마산회원구,4812700000,시군구,202602,175539.0,24540.0,15659.0,18101.0,25141.0,31886.0,60212.0
경상남도 창원시 진해구,4812900000,시군구,202602,183906.0,31866.0,17288.0,20417.0,32070.0,32205.0,50060.0
경상남도 진주시,4817000000,시군구,202602,335108.0,53720.0,37050.0,38925.0,46767.0,57190.0,101456.0
경상남도 통영시,4822000000,시군구,202602,116208.0,16921.0,8469.0,8730.0,17290.0,21712.0,43086.0
경상남도 사천시,4824000000,시군구,202602,107889.0,15345.0,8808.0,10345.0,15185.0,19526.0,38680.0
경상남도 김해시,4825000000,시군구,202602,532715.0,92615.0,53416.0,64433.0,85887.0,104759.0,131605.0
경상남도 밀양시,4827000000,시군구,202602,98901.0,10428.0,6486.0,7462.0,10957.0,16416.0,47152.0
경상남도 거제시,4831000000,시군구,202602,230117.0,42867.0,18256.0,22181.0,44230.0,45360.0,57223.0
경상남도 양산시,4833000000,시군구,202602,361336.0,62266.0,31768.0,44653.0,60187.0,63824.0,98638.0
경상남도 의령군,4872000000,시군구,202602,24531.0,1943.0,1284.0,1365.0,2157.0,4034.0,13748.0
경상남도 함안군,4873000000,시군구,202602,57345.0,7220.0,3611.0,3791.0,7025.0,10339.0,25359.0
경상남도 창녕군,4874000000,시군구,202602,54883.0,5554.0,2726.0,3555.0,5604.0,9106.0,28338.0
경상남도 고성군,4882000000,시군구,202602,46901.0,4953.0,2564.0,2502.0,4919.0,8177.0,23786.0
경상남도 남해군,4884000000,시군구,202602,40887.0,3785.0,2313.0,2176.0,3566.0,6681.0,22366.0
경상남도 하동군,4885000000,시군구,202602,39835.0,3188.0,1999.0,2098.0,3277.0,7079.0,22194.0
경상남도 산청군,4886000000,시군구,202602,32679.0,2440.0,1607.0,1626.0,2559.0,5631.0,18816.0
경상남도 함양군,4887000000,시군구,202602,35388.0,3574.0,1968.0,1976.0,3216.0,6094.0,18560.0
경상남도 거창군,4888000000,시군구,202602,58737.0,8122.0,4252.0,4468.0,6481.0,9825.0,25589.0
경상남도 합천군,4889000000,시군구,202602,39011.0,2826.0,1819.0,1919.0,3150.0,6103.0,23194.0
제주특별자치도,5000000000,시도,202602,663514.0,113728.0,64799.0,76731.0,101926.0,118937.0,187393.0
제주특별자치도 제주시,5011000000,시군구,202602,484514.0,85269.0,50379.0,59754.0,75202.0,86260.0,127650.0
제주특별자치도 서귀포시,5013000000,시군구,202602,179000.0,28459.0,14420.0,16977.0,26724.0,32677.0,59743.0
강원특별자치도,5100000000,시도,202602,1506699.0,204907.0,146407.0,158397.0,193867.0,257000.0,546121.0
강원특별자치도 춘천시,5111000000,시군구,202602,284855.0,42714.0,34492.0,34824.0,38584.0,46228.0,88013.0
강원특별자치도 원주시,5113000000,시군구,202602,363669.0,57967.0,38312.0,47057.0,53631.0,62320.0,104382.0
강원특별자치도 강릉시,5115000000,시군구,202602,205895.0,26558.0,19985.0,20522.0,26896.0,36431.0,75503.0
강원특별자치도 동해시,5117000000,시군구,202602,86062.0,12410.0,7525.0,8027.0,11815.0,15913.0,30372.0
강원특별자치도 태백시,5119000000,시군구,202602,36886.0,4605.0,2603.0,2654.0,4760.0,6685.0,15579.0
강원특별자치도 속초시,5121000000,시군구,202602,79252.0,10698.0,6764.0,8612.0,10632.0,14382.0,28164.0
강원특별자치도 삼척시,5123000000,시군구,202602,60135.0,7112.0,5662.0,4615.0,6799.0,10509.0,25438.0
강원특별자치도 홍천군,5172000000,시군구,202602,65937.0,7074.0,4811.0,5390.0,6669.0,10662.0,31331.0
강원특별자치도 횡성군,5173000000,시군구,202602,45583.0,4724.0,2779.0,2820.0,4212.0,7413.0,23635.0
강원특별자치도 영월군,5175000000,시군구,202602,35917.0,3572.0,2327.0,2230.0,3566.0,6251.0,17971.0
강원특별자치도 평창군,5176000000,시군구,202602,39949.0,3723.0,2651.0,2525.0,4020.0,7237.0,19793.0
강원특별자치도 정선군,5177000000,시군구,202602,35001.0,3154.0,2360.0,2298.0,3946.0,6647.0,16596.0
강원특별자치도 철원군,5178000000,시군구,202602,39818.0,5252.0,4000.0,4096.0,4400.0,6285.0,15785.0
강원특별자치도 화천군,5179000000,시군구,202602,22284.0,2767.0,2692.0,2415.0,2203.0,3305.0,8902.0
강원특별자치도 양구군,5180000000,시군구,202602,20382.0,3063.0,2108.0,2166.0,2232.0,3020.0,7793.0
강원특별자치도 인제군,5181000000,시군구,202602,30742.0,3975.0,3327.0,3712.0,3643.0,4587.0,11498.0
강원특별자치도 고성군,5182000000,시군구,202602,26942.0,2766.0,2181.0,2395.0,2727.0,4489.0,12384.0
강원특별자치도 양양군,5183000000,시군구,202602,27390.0,2773.0,1828.0,2039.0,3132.0,4636.0,12982.0
전북특별자치도,5200000000,시도,202602,1721941.0,245819.0,170357.0,172044.0,225880.0,298287.0,609554.0
전북특별자치도 전주시,5211000000,시군구,202602,623433.0,102384.0,75911.0,74296.0,91731.0,107843.0,171268.0
전북특별자치도 전주시 완산구,5211100000,시군구,202602,315217.0,46951.0,38638.0,36360.0,43544.0,56231.0,93493.0
전북특별자치도 전주시 덕진구,5211300000,시군구,202602,308216.0,55433.0,37273.0,37936.0,48187.0,51612.0,77775.0
전북특별자치도 군산시,5213000000,시군구,202602,255886.0,38882.0,23811.0,25705.0,37771.0,45689.0,84028.0
전북특별자치도 익산시,5214000000,시군구,202602,266797.0,37258.0,28318.0,27149.0,34246.0,47455.0,92371.0
전북특별자치도 정읍시,5218000000,시군구,202602,100980.0,12264.0,8124.0,7920.0,11440.0,17826.0,43406.0
전북특별자치도 남원시,5219000000,시군구,202602,74243.0,9166.0,5535.0,5401.0,8090.0,13282.0,32769.0
전북특별자치도 김제시,5221000000,시군구,202602,81743.0,9085.0,6275.0,6818.0,8678.0,13265.0,37622.0
전북특별자치도 완주군,5271000000,시군구,202602,100355.0,14367.0,8626.0,11293.0,13129.0,16964.0,35976.0
전북특별자치도 진안군,5272000000,시군구,202602,24289.0,2302.0,1523.0,1360.0,2061.0,4029.0,13014.0
전북특별자치도 무주군,5273000000,시군구,202602,22871.0,2353.0,1444.0,1434.0,2209.0,3882.0,11549.0
전북특별자치도 장수군,5274000000,시군구,202602,21052.0,2138.0,1339.0,1242.0,1991.0,3500.0,10842.0
전북특별자치도 임실군,5275000000,시군구,202602,25309.0,2330.0,1432.0,1620.0,2168.0,3964.0,13795.0
전북특별자치도 순창군,5277000000,시군구,202602,27687.0,3072.0,2012.0,1713.0,2795.0,4686.0,13409.0
전북특별자치도 고창군,5279000000,시군구,202602,50196.0,5516.0,3032.0,3127.0,4805.0,8085.0,25631.0
전북특별자치도 부안군,5280000000,시군구,202602,47100.0,4702.0,2975.0,2966.0,4766.0,7817.0,23874.0
서울특별시,1100000000,시도,202603,9304400.0,1177264.0,1244285.0,1465489.0,1359551.0,1465982.0,2591829.0
서울특별시 종로구,1111000000,시군구,202603,136817.0,14233.0,20062.0,19922.0,18041.0,22678.0,41881.0
서울특별시 중구,1114000000,시군구,202603,117762.0,10733.0,15589.0,21219.0,16104.0,17746.0,36371.0
서울특별시 용산구,1117000000,시군구,202603,200962.0,22462.0,26001.0,37073.0,28939.0,31671.0,54816.0
서울특별시 성동구,1120000000,시군구,202603,275093.0,32979.0,37645.0,48387.0,39518.0,42734.0,73830.0
서울특별시 광진구,1121500000,시군구,202603,331123.0,36346.0,54538.0,56800.0,45857.0,50875.0,86707.0
서울특별시 동대문구,1123000000,시군구,202603,351542.0,41284.0,55656.0,55434.0,48216.0,52756.0,98196.0
서울특별시 중랑구,1126000000,시군구,202603,376665.0,39368.0,44575.0,58935.0,50424.0,61275.0,122088.0
서울특별시 성북구,1129000000,시군구,202603,422778.0,55557.0,62353.0,56908.0,59273.0,70639.0,118048.0
서울특별시 강북구,1130500000,시군구,202603,278786.0,27338.0,33835.0,34334.0,35953.0,48461.0,98865.0
서울특별시 도봉구,1132000000,시군구,202603,299065.0,32685.0,32852.0,37084.0,39262.0,51695.0,105487.0
서울특별시 노원구,1135000000,시군구,202603,482487.0,66844.0,60387.0,61151.0,68484.0,83212.0,142409.0
서울특별시 은평구,1138000000,시군구,202603,454109.0,53390.0,55080.0,66801.0,63989.0,76475.0,138374.0
서울특별시 서대문구,1141000000,시군구,202603,300594.0,36930.0,44908.0,45159.0,41851.0,47567.0,84179.0
서울특별시 마포구,1144000000,시군구,202603,356966.0,43702.0,54160.0,64534.0,54242.0,55715.0,84613.0
서울특별시 양천구,1147000000,시군구,202603,423666.0,68463.0,45775.0,51668.0,69101.0,71492.0,117167.0
서울특별시 강서구,1150000000,시군구,202603,548985.0,66185.0,70548.0,96362.0,81367.0,81160.0,153363.0
서울특별시 구로구,1153000000,시군구,202603,382836.0,46066.0,45495.0,61453.0,54281.0,59724.0,115817.0
서울특별시 금천구,1154500000,시군구,202603,222712.0,20094.0,31218.0,39874.0,27391.0,34637.0,69498.0
서울특별시 영등포구,1156000000,시군구,202603,371177.0,41790.0,52327.0,74412.0,51885.0,53695.0,97068.0
서울특별시 동작구,1159000000,시군구,202603,372236.0,42306.0,59493.0,61867.0,50606.0,56406.0,101558.0
서울특별시 관악구,1162000000,시군구,202603,478468.0,37585.0,101639.0,94333.0,57428.0,64255.0,123228.0
서울특별시 서초구,1165000000,시군구,202603,415540.0,72285.0,47625.0,57607.0,71237.0,68607.0,98179.0
서울특별시 강남구,1168000000,시군구,202603,554165.0,95424.0,61970.0,79863.0,99618.0,88450.0,128840.0
서울특별시 송파구,1171000000,시군구,202603,650071.0,97461.0,75597.0,106838.0,105086.0,98853.0,166236.0
서울특별시 강동구,1174000000,시군구,202603,499795.0,75754.0,54957.0,77471.0,81398.0,75204.0,135011.0
부산광역시,2600000000,시도,202603,3237227.0,433495.0,333602.0,387891.0,457211.0,526337.0,1098691.0
부산광역시 중구,2611000000,시군구,202603,36391.0,2115.0,4634.0,4014.0,3829.0,5854.0,15945.0
부산광역시 서구,2614000000,시군구,202603,101452.0,11102.0,10533.0,10031.0,12555.0,16384.0,40847.0
부산광역시 동구,2617000000,시군구,202603,83530.0,7868.0,7873.0,10559.0,10422.0,13467.0,33341.0
부산광역시 영도구,2620000000,시군구,202603,100733.0,9734.0,8403.0,8742.0,11855.0,16665.0,45334.0
부산광역시 부산진구,2623000000,시군구,202603,365294.0,42914.0,46301.0,54118.0,49017.0,55818.0,117126.0
부산광역시 동래구,2626000000,시군구,202603,272155.0,43220.0,25308.0,31948.0,42154.0,44151.0,85374.0
부산광역시 남구,2629000000,시군구,202603,253768.0,34976.0,30400.0,27673.0,35043.0,41634.0,84042.0
부산광역시 북구,2632000000,시군구,202603,261557.0,33133.0,24369.0,31196.0,33496.0,45037.0,94326.0
부산광역시 해운대구,2635000000,시군구,202603,371470.0,54774.0,34984.0,41150.0,55123.0,65339.0,120100.0
부산광역시 사하구,2638000000,시군구,202603,283945.0,34575.0,28770.0,29870.0,38464.0,48715.0,103551.0
부산광역시 금정구,2641000000,시군구,202603,206033.0,23341.0,25495.0,20525.0,25036.0,33373.0,78263.0
부산광역시 강서구,2644000000,시군구,202603,152414.0,35028.0,10559.0,24158.0,31737.0,18951.0,31981.0
부산광역시 연제구,2647000000,시군구,202603,211426.0,29321.0,21230.0,28411.0,30775.0,33589.0,68100.0
부산광역시 수영구,2650000000,시군구,202603,168585.0,18657.0,19296.0,22823.0,22745.0,26020.0,59044.0
부산광역시 사상구,2653000000,시군구,202603,193189.0,20489.0,20875.0,22483.0,23769.0,33068.0,72505.0
부산광역시 기장군,2671000000,시군구,202603,175285.0,32248.0,14572.0,20190.0,31191.0,28272.0,48812.0
대구광역시,2700000000,시도,202603,2350042.0,345281.0,249677.0,285160.0,333270.0,409926.0,726728.0
대구광역시 중구,2711000000,시군구,202603,101349.0,15720.0,13566.0,18309.0,15001.0,14233.0,24520.0
대구광역시 동구,2714000000,시군구,202603,338406.0,44661.0,33415.0,44109.0,46245.0,55741.0,114235.0
대구광역시 서구,2717000000,시군구,202603,163853.0,16602.0,14374.0,19637.0,19503.0,28391.0,65346.0
대구광역시 남구,2720000000,시군구,202603,138546.0,13756.0,16123.0,17442.0,16920.0,22888.0,51417.0
대구광역시 북구,2723000000,시군구,202603,408215.0,59094.0,50025.0,47961.0,56139.0,76056.0,118940.0
대구광역시 수성구,2726000000,시군구,202603,408930.0,71669.0,41917.0,42811.0,62958.0,73855.0,115720.0
대구광역시 달서구,2729000000,시군구,202603,515142.0,75529.0,57588.0,61086.0,71471.0,94013.0,155455.0
대구광역시 달성군,2771000000,시군구,202603,253014.0,46999.0,21755.0,32664.0,43401.0,41251.0,66944.0
대구광역시 군위군,2772000000,시군구,202603,22587.0,1251.0,914.0,1141.0,1632.0,3498.0,14151.0
인천광역시,2800000000,시도,202603,3055983.0,463714.0,333641.0,432050.0,472997.0,514897.0,838684.0
인천광역시 중구,2811000000,시군구,202603,177848.0,28921.0,21930.0,29285.0,29620.0,27275.0,40817.0
인천광역시 동구,2814000000,시군구,202603,57603.0,6620.0,5289.0,6533.0,8023.0,9774.0,21364.0
인천광역시 미추홀구,2817700000,시군구,202603,417486.0,55402.0,48578.0,58412.0,62222.0,68709.0,124163.0
인천광역시 연수구,2818500000,시군구,202603,410050.0,80017.0,44584.0,57160.0,71104.0,68187.0,88998.0
인천광역시 남동구,2820000000,시군구,202603,479700.0,67252.0,53428.0,60816.0,72227.0,84383.0,141594.0
인천광역시 부평구,2823700000,시군구,202603,489390.0,63907.0,53652.0,73845.0,70189.0,83033.0,144764.0
인천광역시 계양구,2824500000,시군구,202603,277157.0,32874.0,30882.0,37233.0,37087.0,52109.0,86972.0
인천광역시 서구,2826000000,시군구,202603,657709.0,120618.0,69113.0,102336.0,113786.0,107790.0,144066.0
인천광역시 강화군,2871000000,시군구,202603,69615.0,6725.0,4079.0,4835.0,6889.0,10590.0,36497.0
인천광역시 옹진군,2872000000,시군구,202603,19425.0,1378.0,2106.0,1595.0,1850.0,3047.0,9449.0
광주광역시,2900000000,시도,202603,1387619.0,227819.0,167515.0,173274.0,210999.0,240296.0,367716.0
광주광역시 동구,2911000000,시군구,202603,104740.0,14205.0,13258.0,14199.0,14028.0,15318.0,33732.0
광주광역시 서구,2914000000,시군구,202603,275807.0,41157.0,35275.0,34156.0,40371.0,49465.0,75383.0
광주광역시 남구,2915500000,시군구,202603,206703.0,35508.0,21114.0,22942.0,32113.0,32721.0,62305.0
광주광역시 북구,2917000000,시군구,202603,414795.0,64263.0,48420.0,52576.0,60661.0,70681.0,118194.0
광주광역시 광산구,2920000000,시군구,202603,385574.0,72686.0,49448.0,49401.0,63826.0,72111.0,78102.0
대전광역시,3000000000,시도,202603,1441779.0,222034.0,186212.0,195502.0,207474.0,242248.0,388309.0
대전광역시 동구,3011000000,시군구,202603,218319.0,29631.0,27544.0,25299.0,28837.0,36209.0,70799.0
대전광역시 중구,3014000000,시군구,202603,224992.0,30954.0,24909.0,26262.0,30672.0,38516.0,73679.0
대전광역시 서구,3017000000,시군구,202603,463616.0,73493.0,63088.0,65651.0,68856.0,76939.0,115589.0
대전광역시 유성구,3020000000,시군구,202603,370062.0,67288.0,52127.0,58873.0,58143.0,59023.0,74608.0
대전광역시 대덕구,3023000000,시군구,202603,164790.0,20668.0,18544.0,19417.0,20966.0,31561.0,53634.0
울산광역시,3100000000,시도,202603,1088672.0,174944.0,108391.0,136791.0,167689.0,196696.0,304161.0
울산광역시 중구,3111000000,시군구,202603,203386.0,30190.0,18563.0,24531.0,29496.0,36182.0,64424.0
울산광역시 남구,3114000000,시군구,202603,304570.0,45556.0,33879.0,42408.0,44481.0,55599.0,82647.0
울산광역시 동구,3117000000,시군구,202603,148194.0,24926.0,14054.0,16833.0,25877.0,24063.0,42441.0
울산광역시 북구,3120000000,시군구,202603,214170.0,42084.0,20875.0,29303.0,37430.0,37903.0,46575.0
울산광역시 울주군,3171000000,시군구,202603,218352.0,32188.0,21020.0,23716.0,30405.0,42949.0,68074.0
세종특별자치시,3600000000,시도,202603,391072.0,91852.0,36316.0,57168.0,75812.0,59857.0,70067.0
세종특별자치시,3611000000,시도,202603,391072.0,91852.0,36316.0,57168.0,75812.0,59857.0,70067.0
경기도,4100000000,시도,202603,13745673.0,2204863.0,1539928.0,1928947.0,2172283.0,2359557.0,3540095.0
경기도 수원시,4111000000,시군구,202603,1186167.0,182019.0,160446.0,188056.0,183424.0,200053.0,272169.0
경기도 수원시 장안구,4111100000,시군구,202603,270705.0,38575.0,37492.0,35447.0,37991.0,49254.0,71946.0
경기도 수원시 권선구,4111300000,시군구,202603,360383.0,52346.0,44368.0,57518.0,55922.0,61169.0,89060.0
경기도 수원시 팔달구,4111500000,시군구,202603,192974.0,23408.0,27907.0,32500.0,26478.0,31840.0,50841.0
경기도 수원시 영통구,4111700000,시군구,202603,362105.0,67690.0,50679.0,62591.0,63033.0,57790.0,60322.0
경기도 성남시,4113000000,시군구,202603,905493.0,135173.0,103753.0,134825.0,140365.0,150312.0,241065.0
경기도 성남시 수정구,4113100000,시군구,202603,234336.0,29230.0,27659.0,36236.0,34008.0,38138.0,69065.0
경기도 성남시 중원구,4113300000,시군구,202603,202142.0,23805.0,23292.0,30986.0,28573.0,33419.0,62067.0
경기도 성남시 분당구,4113500000,시군구,202603,469015.0,82138.0,52802.0,67603.0,77784.0,78755.0,109933.0
경기도 의정부시,4115000000,시군구,202603,461460.0,66062.0,52922.0,60671.0,67452.0,81725.0,132628.0
경기도 안양시,4117000000,시군구,202603,562666.0,84109.0,62852.0,86943.0,82819.0,93697.0,152246.0
경기도 안양시 만안구,4117100000,시군구,202603,233364.0,28608.0,26426.0,35040.0,31153.0,39061.0,73076.0
경기도 안양시 동안구,4117300000,시군구,202603,329302.0,55501.0,36426.0,51903.0,51666.0,54636.0,79170.0
경기도 부천시,4119000000,시군구,202603,756701.0,99599.0,84015.0,103926.0,110175.0,132112.0,226874.0
경기도 부천시 원미구,4119200000,시군구,202603,383164.0,51012.0,44730.0,55051.0,56346.0,66265.0,109760.0
경기도 부천시 소사구,4119400000,시군구,202603,224842.0,32519.0,22408.0,30045.0,34931.0,36975.0,67964.0
경기도 부천시 오정구,4119600000,시군구,202603,148695.0,16068.0,16877.0,18830.0,18898.0,28872.0,49150.0
경기도 광명시,4121000000,시군구,202603,302390.0,47152.0,33224.0,44704.0,47020.0,51563.0,78727.0
경기도 평택시,4122000000,시군구,202603,615107.0,105420.0,72049.0,100493.0,101310.0,102256.0,133579.0
경기도 동두천시,4125000000,시군구,202603,86326.0,10859.0,8399.0,8331.0,11046.0,15709.0,31982.0
경기도 안산시,4127000000,시군구,202603,610783.0,80993.0,80869.0,83005.0,84008.0,119810.0,162098.0
경기도 안산시 상록구,4127100000,시군구,202603,321616.0,41654.0,43621.0,40955.0,43596.0,64422.0,87368.0
경기도 안산시 단원구,4127300000,시군구,202603,289167.0,39339.0,37248.0,42050.0,40412.0,55388.0,74730.0
경기도 고양시,4128000000,시군구,202603,1058050.0,155921.0,117893.0,143942.0,156596.0,193913.0,289785.0
경기도 고양시 덕양구,4128100000,시군구,202603,484128.0,70976.0,50728.0,70584.0,73757.0,83885.0,134198.0
경기도 고양시 일산동구,4128500000,시군구,202603,297093.0,42915.0,35073.0,40705.0,43456.0,55571.0,79373.0
경기도 고양시 일산서구,4128700000,시군구,202603,276829.0,42030.0,32092.0,32653.0,39383.0,54457.0,76214.0
경기도 과천시,4129000000,시군구,202603,80197.0,16365.0,8053.0,12202.0,12933.0,11928.0,18716.0
경기도 구리시,4131000000,시군구,202603,185982.0,26103.0,21062.0,25411.0,27813.0,33216.0,52377.0
경기도 남양주시,4136000000,시군구,202603,728597.0,123920.0,75766.0,84147.0,118777.0,130485.0,195502.0
경기도 오산시,4137000000,시군구,202603,250783.0,44900.0,28573.0,40359.0,46593.0,41415.0,48943.0
경기도 시흥시,4139000000,시군구,202603,514501.0,89479.0,56949.0,73809.0,88488.0,92441.0,113335.0
경기도 군포시,4141000000,시군구,202603,250300.0,34130.0,29377.0,34028.0,35095.0,44924.0,72746.0
경기도 의왕시,4143000000,시군구,202603,162209.0,24725.0,17433.0,24778.0,22447.0,26871.0,45955.0
경기도 하남시,4145000000,시군구,202603,327824.0,59748.0,32823.0,48870.0,59540.0,49865.0,76978.0
경기도 용인시,4146000000,시군구,202603,1090420.0,191861.0,126068.0,138025.0,179349.0,192995.0,262122.0
경기도 용인시 처인구,4146100000,시군구,202603,284132.0,43735.0,32041.0,37661.0,44203.0,49747.0,76745.0
경기도 용인시 기흥구,4146300000,시군구,202603,434263.0,75103.0,52747.0,52364.0,69965.0,80167.0,103917.0
경기도 용인시 수지구,4146500000,시군구,202603,372025.0,73023.0,41280.0,48000.0,65181.0,63081.0,81460.0
경기도 파주시,4148000000,시군구,202603,530201.0,94054.0,54521.0,73767.0,88086.0,89485.0,130288.0
경기도 이천시,4150000000,시군구,202603,223229.0,34691.0,26354.0,31280.0,33427.0,36945.0,60532.0
경기도 안성시,4155000000,시군구,202603,197266.0,27914.0,21769.0,23626.0,28915.0,34070.0,60972.0
경기도 김포시,4157000000,시군구,202603,484334.0,93189.0,45826.0,62028.0,90906.0,76923.0,115462.0
경기도 화성시,4159000000,시군구,202603,995253.0,206894.0,108733.0,165063.0,186424.0,152756.0,175383.0
경기도 화성시 만세구,4159100000,시군구,202603,234733.0,39066.0,23488.0,31943.0,39609.0,39738.0,60889.0
경기도 화성시 효행구,4159300000,시군구,202603,159451.0,28921.0,16590.0,25973.0,26112.0,25662.0,36193.0
경기도 화성시 병점구,4159500000,시군구,202603,174109.0,32865.0,21972.0,29402.0,30841.0,27678.0,31351.0
경기도 화성시 동탄구,4159700000,시군구,202603,426960.0,106042.0,46683.0,77745.0,89862.0,59678.0,46950.0
경기도 광주시,4161000000,시군구,202603,397166.0,62303.0,37834.0,51295.0,66864.0,70100.0,108770.0
경기도 양주시,4163000000,시군구,202603,296830.0,51537.0,30600.0,40219.0,46518.0,50213.0,77743.0
경기도 포천시,4165000000,시군구,202603,140428.0,15291.0,13855.0,13909.0,15373.0,25887.0,56113.0
경기도 여주시,4167000000,시군구,202603,113621.0,13997.0,9674.0,11277.0,14449.0,19858.0,44366.0
경기도 연천군,4180000000,시군구,202603,42684.0,4624.0,4296.0,4172.0,4226.0,6459.0,18907.0
경기도 가평군,4182000000,시군구,202603,61963.0,6452.0,5185.0,5318.0,6723.0,10413.0,27872.0
경기도 양평군,4183000000,시군구,202603,126742.0,15379.0,8755.0,10468.0,15122.0,21158.0,55860.0
충청북도,4300000000,시도,202603,1597976.0,235329.0,165430.0,193600.0,220186.0,270571.0,512860.0
충청북도 청주시,4311000000,시군구,202603,857936.0,142273.0,101876.0,123274.0,129827.0,142306.0,218380.0
충청북도 청주시 상당구,4311100000,시군구,202603,193836.0,32139.0,19759.0,23832.0,28499.0,33539.0,56068.0
충청북도 청주시 서원구,4311200000,시군구,202603,185924.0,26856.0,24275.0,22685.0,24763.0,33217.0,54128.0
충청북도 청주시 흥덕구,4311300000,시군구,202603,291840.0,50821.0,36050.0,50080.0,45864.0,46381.0,62644.0
충청북도 청주시 청원구,4311400000,시군구,202603,186336.0,32457.0,21792.0,26677.0,30701.0,29169.0,45540.0
충청북도 충주시,4313000000,시군구,202603,206096.0,27893.0,19758.0,22525.0,27037.0,35842.0,73041.0
충청북도 제천시,4315000000,시군구,202603,128269.0,16990.0,12692.0,11344.0,14989.0,22211.0,50043.0
충청북도 보은군,4372000000,시군구,202603,30662.0,2708.0,1798.0,1816.0,2662.0,4800.0,16878.0
충청북도 옥천군,4373000000,시군구,202603,50259.0,5184.0,3771.0,3392.0,5217.0,8667.0,24028.0
충청북도 영동군,4374000000,시군구,202603,42974.0,4005.0,2844.0,2607.0,3770.0,7326.0,22422.0
충청북도 증평군,4374500000,시군구,202603,36585.0,5549.0,3539.0,4439.0,5193.0,6202.0,11663.0
충청북도 진천군,4375000000,시군구,202603,85590.0,14076.0,7338.0,10605.0,13696.0,14649.0,25226.0
충청북도 괴산군,4376000000,시군구,202603,37532.0,2799.0,2157.0,2116.0,3120.0,6265.0,21075.0
충청북도 음성군,4377000000,시군구,202603,95429.0,11607.0,8133.0,9913.0,12334.0,17762.0,35680.0
충청북도 단양군,4380000000,시군구,202603,26644.0,2245.0,1524.0,1569.0,2341.0,4541.0,14424.0
충청남도,4400000000,시도,202603,2136826.0,327247.0,209722.0,251763.0,311700.0,353494.0,682900.0
충청남도 천안시,4413000000,시군구,202603,665080.0,111240.0,84794.0,98108.0,108736.0,111701.0,150501.0
충청남도 천안시 동남구,4413100000,시군구,202603,263206.0,39556.0,32300.0,33106.0,38809.0,46159.0,73276.0
충청남도 천안시 서북구,4413300000,시군구,202603,401874.0,71684.0,52494.0,65002.0,69927.0,65542.0,77225.0
충청남도 공주시,4415000000,시군구,202603,99843.0,11372.0,10067.0,7935.0,10833.0,16189.0,43447.0
충청남도 보령시,4418000000,시군구,202603,91434.0,10750.0,6770.0,7364.0,10921.0,15749.0,39880.0
충청남도 아산시,4420000000,시군구,202603,361590.0,69492.0,37461.0,52522.0,64519.0,56525.0,81071.0
충청남도 서산시,4421000000,시군구,202603,171556.0,26824.0,15222.0,19366.0,24843.0,29756.0,55545.0
충청남도 논산시,4423000000,시군구,202603,106295.0,12803.0,8274.0,8974.0,11947.0,17901.0,46396.0
충청남도 계룡시,4425000000,시군구,202603,45959.0,9287.0,4369.0,5286.0,7767.0,8348.0,10902.0
충청남도 당진시,4427000000,시군구,202603,172249.0,28153.0,13821.0,20437.0,27449.0,28923.0,53466.0
충청남도 금산군,4471000000,시군구,202603,48853.0,5430.0,3075.0,2924.0,4832.0,8350.0,24242.0
충청남도 부여군,4476000000,시군구,202603,57984.0,5329.0,3500.0,3376.0,5334.0,9077.0,31368.0
충청남도 서천군,4477000000,시군구,202603,46982.0,4149.0,2756.0,2735.0,4238.0,7410.0,25694.0
충청남도 청양군,4479000000,시군구,202603,30077.0,2744.0,2223.0,1736.0,2529.0,4702.0,16143.0
충청남도 홍성군,4480000000,시군구,202603,101143.0,15478.0,8211.0,10607.0,13249.0,16261.0,37337.0
충청남도 예산군,4481000000,시군구,202603,78604.0,8662.0,5393.0,6512.0,8367.0,12798.0,36872.0
충청남도 태안군,4482500000,시군구,202603,59177.0,5534.0,3786.0,3881.0,6136.0,9804.0,30036.0
전라남도,4600000000,시도,202603,1775126.0,248753.0,156184.0,170189.0,225425.0,301607.0,672968.0
전라남도 목포시,4611000000,시군구,202603,200442.0,31013.0,20568.0,19228.0,30396.0,36075.0,63162.0
전라남도 여수시,4613000000,시군구,202603,261649.0,37807.0,24915.0,27040.0,35510.0,45495.0,90882.0
전라남도 순천시,4615000000,시군구,202603,274529.0,45622.0,29385.0,32581.0,38290.0,47719.0,80932.0
전라남도 나주시,4617000000,시군구,202603,116830.0,18867.0,9888.0,14551.0,16458.0,17326.0,39740.0
전라남도 광양시,4623000000,시군구,202603,155699.0,26628.0,15810.0,20153.0,22408.0,29626.0,41074.0
전라남도 담양군,4671000000,시군구,202603,44101.0,4439.0,3098.0,3185.0,4303.0,7484.0,21592.0
전라남도 곡성군,4672000000,시군구,202603,27582.0,2357.0,1819.0,1794.0,2414.0,4657.0,14541.0
전라남도 구례군,4673000000,시군구,202603,23941.0,2239.0,1501.0,1259.0,2162.0,4122.0,12658.0
전라남도 고흥군,4677000000,시군구,202603,59194.0,4852.0,2975.0,3053.0,4914.0,8914.0,34486.0
전라남도 보성군,4678000000,시군구,202603,36729.0,3218.0,2134.0,1954.0,3128.0,5735.0,20560.0
전라남도 화순군,4679000000,시군구,202603,60126.0,7094.0,5451.0,4801.0,6268.0,10778.0,25734.0
전라남도 장흥군,4680000000,시군구,202603,34076.0,3501.0,2232.0,2207.0,3277.0,5495.0,17364.0
전라남도 강진군,4681000000,시군구,202603,31776.0,3457.0,2111.0,2123.0,2970.0,4885.0,16230.0
전라남도 해남군,4682000000,시군구,202603,62114.0,6717.0,4143.0,3966.0,6266.0,10219.0,30803.0
전라남도 영암군,4683000000,시군구,202603,50039.0,5754.0,3952.0,3693.0,6151.0,9090.0,21399.0
전라남도 무안군,4684000000,시군구,202603,95732.0,18250.0,9208.0,11338.0,15159.0,14312.0,27465.0
전라남도 함평군,4686000000,시군구,202603,29320.0,2588.0,1770.0,1777.0,2592.0,4829.0,15764.0
전라남도 영광군,4687000000,시군구,202603,53957.0,7277.0,4504.0,5085.0,6048.0,8676.0,22367.0
전라남도 장성군,4688000000,시군구,202603,42984.0,4913.0,3323.0,3425.0,4533.0,7286.0,19504.0
전라남도 완도군,4689000000,시군구,202603,44339.0,5076.0,2671.0,2720.0,5061.0,7062.0,21749.0
전라남도 진도군,4690000000,시군구,202603,27922.0,3013.0,1886.0,1766.0,2781.0,4505.0,13971.0
전라남도 신안군,4691000000,시군구,202603,42045.0,4071.0,2840.0,2490.0,4336.0,7317.0,20991.0
경상북도,4700000000,시도,202603,2499357.0,340734.0,215702.0,251235.0,329684.0,431318.0,930684.0
경상북도 포항시,4711000000,시군구,202603,487769.0,73778.0,43196.0,54309.0,69950.0,84060.0,162476.0
경상북도 포항시 남구,4711100000,시군구,202603,213948.0,30945.0,19539.0,22110.0,31035.0,37135.0,73184.0
경상북도 포항시 북구,4711300000,시군구,202603,273821.0,42833.0,23657.0,32199.0,38915.0,46925.0,89292.0
경상북도 경주시,4713000000,시군구,202603,243282.0,29948.0,19887.0,22985.0,29959.0,44701.0,95802.0
경상북도 김천시,4715000000,시군구,202603,133145.0,19136.0,10292.0,12896.0,17033.0,22188.0,51600.0
경상북도 안동시,4717000000,시군구,202603,152097.0,20172.0,14889.0,14014.0,18244.0,25329.0,59449.0
경상북도 구미시,4719000000,시군구,202603,403237.0,71613.0,43159.0,57322.0,69529.0,71754.0,89860.0
경상북도 영주시,4721000000,시군구,202603,96673.0,12500.0,7628.0,7383.0,10838.0,16413.0,41911.0
경상북도 영천시,4723000000,시군구,202603,94633.0,10066.0,6151.0,7663.0,9963.0,16324.0,44466.0
경상북도 상주시,4725000000,시군구,202603,89579.0,10196.0,5796.0,5882.0,9061.0,14412.0,44232.0
경상북도 문경시,4728000000,시군구,202603,64904.0,7188.0,4324.0,4306.0,6745.0,10624.0,31717.0
경상북도 경산시,4729000000,시군구,202603,263483.0,37305.0,32731.0,30315.0,36172.0,45959.0,81001.0
경상북도 의성군,4773000000,시군구,202603,47820.0,3278.0,1874.0,2610.0,3708.0,6960.0,29390.0
경상북도 청송군,4775000000,시군구,202603,23283.0,1664.0,1127.0,1437.0,1859.0,3677.0,13519.0
경상북도 영양군,4776000000,시군구,202603,16005.0,1309.0,911.0,951.0,1343.0,2632.0,8859.0
경상북도 영덕군,4777000000,시군구,202603,32544.0,2620.0,1542.0,1793.0,2913.0,5224.0,18452.0
경상북도 청도군,4782000000,시군구,202603,40124.0,2991.0,1664.0,2121.0,3525.0,6229.0,23594.0
경상북도 고령군,4783000000,시군구,202603,29608.0,2478.0,1699.0,1856.0,2861.0,5211.0,15503.0
경상북도 성주군,4784000000,시군구,202603,40554.0,3190.0,1908.0,2729.0,3785.0,6771.0,22171.0
경상북도 칠곡군,4785000000,시군구,202603,103999.0,14984.0,8307.0,9595.0,17195.0,21112.0,32806.0
경상북도 예천군,4790000000,시군구,202603,53670.0,8189.0,3157.0,4918.0,6705.0,7430.0,23271.0
경상북도 봉화군,4792000000,시군구,202603,28174.0,2360.0,1261.0,1339.0,2271.0,4494.0,16449.0
경상북도 울진군,4793000000,시군구,202603,46030.0,5114.0,3558.0,4032.0,4977.0,8059.0,20290.0
경상북도 울릉군,4794000000,시군구,202603,8744.0,655.0,641.0,779.0,1048.0,1755.0,3866.0
경상남도,4800000000,시도,202603,3198787.0,487634.0,283418.0,341003.0,470737.0,576693.0,1039302.0
경상남도 창원시,4812000000,시군구,202603,987728.0,151059.0,96145.0,118569.0,149677.0,176025.0,296253.0
경상남도 창원시 의창구,4812100000,시군구,202603,207900.0,30949.0,21019.0,25594.0,30484.0,37739.0,62115.0
경상남도 창원시 성산구,4812300000,시군구,202603,246261.0,39607.0,27792.0,36190.0,36818.0,46209.0,59645.0
경상남도 창원시 마산합포구,4812500000,시군구,202603,175126.0,24514.0,14718.0,18335.0,25578.0,28216.0,63765.0
경상남도 창원시 마산회원구,4812700000,시군구,202603,174912.0,24346.0,15475.0,18068.0,24935.0,31685.0,60403.0
경상남도 창원시 진해구,4812900000,시군구,202603,183529.0,31643.0,17141.0,20382.0,31862.0,32176.0,50325.0
경상남도 진주시,4817000000,시군구,202603,335302.0,53723.0,37193.0,38960.0,46607.0,56988.0,101831.0
경상남도 통영시,4822000000,시군구,202603,115968.0,16823.0,8386.0,8714.0,17172.0,21656.0,43217.0
경상남도 사천시,4824000000,시군구,202603,107784.0,15213.0,8785.0,10378.0,15101.0,19446.0,38861.0
경상남도 김해시,4825000000,시군구,202603,532407.0,92144.0,53076.0,64624.0,85525.0,104541.0,132497.0
경상남도 밀양시,4827000000,시군구,202603,98775.0,10389.0,6393.0,7463.0,10916.0,16295.0,47319.0
경상남도 거제시,4831000000,시군구,202603,229585.0,42508.0,17994.0,22109.0,44049.0,45326.0,57599.0
경상남도 양산시,4833000000,시군구,202603,361230.0,62194.0,31512.0,44720.0,60022.0,63675.0,99107.0
경상남도 의령군,4872000000,시군구,202603,24503.0,1938.0,1254.0,1355.0,2144.0,4008.0,13804.0
경상남도 함안군,4873000000,시군구,202603,57208.0,7125.0,3576.0,3786.0,6968.0,10283.0,25470.0
경상남도 창녕군,4874000000,시군구,202603,54743.0,5503.0,2684.0,3539.0,5564.0,9049.0,28404.0
경상남도 고성군,4882000000,시군구,202603,46842.0,4942.0,2528.0,2497.0,4899.0,8115.0,23861.0
경상남도 남해군,4884000000,시군구,202603,41054.0,3882.0,2317.0,2208.0,3541.0,6677.0,22429.0
경상남도 하동군,4885000000,시군구,202603,39769.0,3144.0,1969.0,2097.0,3236.0,7079.0,22244.0
경상남도 산청군,4886000000,시군구,202603,32662.0,2430.0,1580.0,1621.0,2549.0,5595.0,18887.0
경상남도 함양군,4887000000,시군구,202603,35322.0,3536.0,1953.0,1979.0,3185.0,6054.0,18615.0
경상남도 거창군,4888000000,시군구,202603,58909.0,8265.0,4278.0,4467.0,6426.0,9810.0,25663.0
경상남도 합천군,4889000000,시군구,202603,38996.0,2816.0,1795.0,1917.0,3156.0,6071.0,23241.0
제주특별자치도,5000000000,시도,202603,663177.0,113353.0,64394.0,76800.0,101772.0,118508.0,188350.0
제주특별자치도 제주시,5011000000,시군구,202603,484383.0,84975.0,50143.0,59856.0,75104.0,86004.0,128301.0
제주특별자치도 서귀포시,5013000000,시군구,202603,178794.0,28378.0,14251.0,16944.0,26668.0,32504.0,60049.0
강원특별자치도,5100000000,시도,202603,1506843.0,204731.0,145923.0,158821.0,193113.0,255828.0,548427.0
강원특별자치도 춘천시,5111000000,시군구,202603,284910.0,42670.0,34513.0,34876.0,38482.0,46079.0,88290.0
강원특별자치도 원주시,5113000000,시군구,202603,363900.0,57860.0,38206.0,47285.0,53411.0,62157.0,104981.0
강원특별자치도 강릉시,5115000000,시군구,202603,205891.0,26475.0,19986.0,20602.0,26755.0,36256.0,75817.0
강원특별자치도 동해시,5117000000,시군구,202603,85875.0,12331.0,7417.0,8035.0,11756.0,15847.0,30489.0
강원특별자치도 태백시,5119000000,시군구,202603,36859.0,4607.0,2594.0,2659.0,4746.0,6635.0,15618.0
강원특별자치도 속초시,5121000000,시군구,202603,78982.0,10612.0,6662.0,8589.0,10579.0,14279.0,28261.0
강원특별자치도 삼척시,5123000000,시군구,202603,60450.0,7362.0,5737.0,4609.0,6757.0,10453.0,25532.0
강원특별자치도 홍천군,5172000000,시군구,202603,65962.0,7060.0,4765.0,5411.0,6663.0,10573.0,31490.0
강원특별자치도 횡성군,5173000000,시군구,202603,45573.0,4752.0,2759.0,2811.0,4186.0,7353.0,23712.0
강원특별자치도 영월군,5175000000,시군구,202603,35868.0,3596.0,2299.0,2215.0,3537.0,6189.0,18032.0
강원특별자치도 평창군,5176000000,시군구,202603,39860.0,3697.0,2633.0,2506.0,3988.0,7142.0,19894.0
강원특별자치도 정선군,5177000000,시군구,202603,35053.0,3143.0,2364.0,2300.0,3922.0,6641.0,16683.0
강원특별자치도 철원군,5178000000,시군구,202603,39802.0,5236.0,3964.0,4111.0,4402.0,6228.0,15861.0
강원특별자치도 화천군,5179000000,시군구,202603,22290.0,2763.0,2681.0,2433.0,2183.0,3286.0,8944.0
강원특별자치도 양구군,5180000000,시군구,202603,20368.0,3054.0,2082.0,2174.0,2238.0,3013.0,7807.0
강원특별자치도 인제군,5181000000,시군구,202603,30760.0,3966.0,3292.0,3742.0,3612.0,4596.0,11552.0
강원특별자치도 고성군,5182000000,시군구,202603,27076.0,2778.0,2166.0,2437.0,2751.0,4498.0,12446.0
강원특별자치도 양양군,5183000000,시군구,202603,27364.0,2769.0,1803.0,2026.0,3145.0,4603.0,13018.0
전북특별자치도,5200000000,시도,202603,1720812.0,245098.0,169476.0,172470.0,224769.0,297368.0,611631.0
전북특별자치도 전주시,5211000000,시군구,202603,622915.0,102079.0,75710.0,74382.0,91240.0,107553.0,171951.0
전북특별자치도 전주시 완산구,5211100000,시군구,202603,314736.0,46730.0,38427.0,36430.0,43284.0,56011.0,93854.0
전북특별자치도 전주시 덕진구,5211300000,시군구,202603,308179.0,55349.0,37283.0,37952.0,47956.0,51542.0,78097.0
전북특별자치도 군산시,5213000000,시군구,202603,255565.0,38699.0,23603.0,25765.0,37623.0,45555.0,84320.0
전북특별자치도 익산시,5214000000,시군구,202603,266973.0,37293.0,28327.0,27259.0,34112.0,47307.0,92675.0
전북특별자치도 정읍시,5218000000,시군구,202603,100795.0,12179.0,8006.0,7951.0,11363.0,17784.0,43512.0
전북특별자치도 남원시,5219000000,시군구,202603,74065.0,9100.0,5430.0,5426.0,8043.0,13208.0,32858.0
전북특별자치도 김제시,5221000000,시군구,202603,81713.0,9069.0,6206.0,6897.0,8614.0,13236.0,37691.0
전북특별자치도 완주군,5271000000,시군구,202603,100119.0,14294.0,8508.0,11275.0,13053.0,16885.0,36104.0
전북특별자치도 진안군,5272000000,시군구,202603,24321.0,2288.0,1519.0,1358.0,2066.0,4013.0,13077.0
전북특별자치도 무주군,5273000000,시군구,202603,23063.0,2350.0,1463.0,1475.0,2218.0,3900.0,11657.0
전북특별자치도 장수군,5274000000,시군구,202603,21090.0,2127.0,1341.0,1258.0,2000.0,3471.0,10893.0
전북특별자치도 임실군,5275000000,시군구,202603,25300.0,2309.0,1421.0,1620.0,2168.0,3931.0,13851.0
전북특별자치도 순창군,5277000000,시군구,202603,27627.0,3048.0,1998.0,1709.0,2768.0,4668.0,13436.0
전북특별자치도 고창군,5279000000,시군구,202603,50228.0,5610.0,2993.0,3133.0,4759.0,8066.0,25667.0
전북특별자치도 부안군,5280000000,시군구,202603,47038.0,4653.0,2951.0,2962.0,4742.0,7791.0,23939.0
서울특별시,1100000000,시도,202604,9298673.0,1174675.0,1239522.0,1467418.0,1357334.0,1464286.0,2595438.0
서울특별시 종로구,1111000000,시군구,202604,136716.0,14199.0,20011.0,19921.0,18033.0,22594.0,41958.0
서울특별시 중구,1114000000,시군구,202604,117760.0,10690.0,15534.0,21258.0,16116.0,17756.0,36406.0
서울특별시 용산구,1117000000,시군구,202604,200187.0,22412.0,25809.0,37005.0,28857.0,31536.0,54568.0
서울특별시 성동구,1120000000,시군구,202604,274917.0,32940.0,37546.0,48384.0,39477.0,42728.0,73842.0
서울특별시 광진구,1121500000,시군구,202604,331029.0,36259.0,54349.0,56926.0,45871.0,50720.0,86904.0
서울특별시 동대문구,1123000000,시군구,202604,351656.0,41228.0,55527.0,55627.0,48250.0,52672.0,98352.0
서울특별시 중랑구,1126000000,시군구,202604,376570.0,39249.0,44348.0,59098.0,50362.0,61139.0,122374.0
서울특별시 성북구,1129000000,시군구,202604,422452.0,55421.0,62224.0,56970.0,59173.0,70503.0,118161.0
서울특별시 강북구,1130500000,시군구,202604,278520.0,27226.0,33732.0,34323.0,35819.0,48392.0,99028.0
서울특별시 도봉구,1132000000,시군구,202604,298839.0,32586.0,32676.0,37090.0,39175.0,51584.0,105728.0
서울특별시 노원구,1135000000,시군구,202604,482097.0,66568.0,60257.0,61403.0,68285.0,83019.0,142565.0
서울특별시 은평구,1138000000,시군구,202604,453550.0,53178.0,54820.0,66824.0,63826.0,76308.0,138594.0
서울특별시 서대문구,1141000000,시군구,202604,300395.0,36803.0,44731.0,45353.0,41794.0,47479.0,84235.0
서울특별시 마포구,1144000000,시군구,202604,356894.0,43683.0,53961.0,64601.0,54193.0,55740.0,84716.0
서울특별시 양천구,1147000000,시군구,202604,422900.0,68199.0,45475.0,51656.0,68862.0,71361.0,117347.0
서울특별시 강서구,1150000000,시군구,202604,548716.0,66045.0,70279.0,96449.0,81260.0,81071.0,153612.0
서울특별시 구로구,1153000000,시군구,202604,382718.0,45971.0,45288.0,61624.0,54190.0,59694.0,115951.0
서울특별시 금천구,1154500000,시군구,202604,222726.0,20059.0,31107.0,39993.0,27372.0,34548.0,69647.0
서울특별시 영등포구,1156000000,시군구,202604,371471.0,41834.0,52085.0,74788.0,51862.0,53713.0,97189.0
서울특별시 동작구,1159000000,시군구,202604,372250.0,42217.0,59337.0,62130.0,50585.0,56340.0,101641.0
서울특별시 관악구,1162000000,시군구,202604,478144.0,37458.0,101354.0,94527.0,57306.0,64154.0,123345.0
서울특별시 서초구,1165000000,시군구,202604,414999.0,72129.0,47403.0,57474.0,71070.0,68642.0,98281.0
서울특별시 강남구,1168000000,시군구,202604,553260.0,95227.0,61668.0,79568.0,99277.0,88571.0,128949.0
서울특별시 송파구,1171000000,시군구,202604,650447.0,97436.0,75289.0,107019.0,105090.0,98826.0,166787.0
서울특별시 강동구,1174000000,시군구,202604,499460.0,75658.0,54712.0,77407.0,81229.0,75196.0,135258.0
부산광역시,2600000000,시도,202604,3235361.0,432756.0,332238.0,388058.0,456410.0,525494.0,1100405.0
부산광역시 중구,2611000000,시군구,202604,36397.0,2117.0,4643.0,4013.0,3810.0,5861.0,15953.0
부산광역시 서구,2614000000,시군구,202604,101312.0,11060.0,10471.0,10047.0,12502.0,16328.0,40904.0
부산광역시 동구,2617000000,시군구,202604,83475.0,7857.0,7859.0,10518.0,10424.0,13443.0,33374.0
부산광역시 영도구,2620000000,시군구,202604,100633.0,9685.0,8429.0,8752.0,11800.0,16627.0,45340.0
부산광역시 부산진구,2623000000,시군구,202604,365157.0,42850.0,46153.0,54157.0,48986.0,55676.0,117335.0
부산광역시 동래구,2626000000,시군구,202604,271815.0,43181.0,25096.0,31947.0,42056.0,44053.0,85482.0
부산광역시 남구,2629000000,시군구,202604,253913.0,34928.0,30398.0,27789.0,34987.0,41641.0,84170.0
부산광역시 북구,2632000000,시군구,202604,261316.0,33049.0,24178.0,31190.0,33400.0,44908.0,94591.0
부산광역시 해운대구,2635000000,시군구,202604,371143.0,54640.0,34776.0,41160.0,55039.0,65266.0,120262.0
부산광역시 사하구,2638000000,시군구,202604,283258.0,34451.0,28481.0,29841.0,38304.0,48519.0,103662.0
부산광역시 금정구,2641000000,시군구,202604,205880.0,23272.0,25501.0,20491.0,24960.0,33301.0,78355.0
부산광역시 강서구,2644000000,시군구,202604,152826.0,35118.0,10575.0,24206.0,31851.0,19025.0,32051.0
부산광역시 연제구,2647000000,시군구,202604,211491.0,29319.0,21173.0,28436.0,30782.0,33530.0,68251.0
부산광역시 수영구,2650000000,시군구,202604,168577.0,18660.0,19147.0,22886.0,22751.0,26001.0,59132.0
부산광역시 사상구,2653000000,시군구,202604,192901.0,20372.0,20818.0,22427.0,23699.0,32945.0,72640.0
부산광역시 기장군,2671000000,시군구,202604,175267.0,32197.0,14540.0,20198.0,31059.0,28370.0,48903.0
대구광역시,2700000000,시도,202604,2349360.0,344633.0,248823.0,285394.0,332593.0,409460.0,728457.0
대구광역시 중구,2711000000,시군구,202604,101576.0,15763.0,13595.0,18393.0,15007.0,14269.0,24549.0
대구광역시 동구,2714000000,시군구,202604,338262.0,44627.0,33238.0,44126.0,46155.0,55629.0,114487.0
대구광역시 서구,2717000000,시군구,202604,163811.0,16584.0,14305.0,19651.0,19523.0,28263.0,65485.0
대구광역시 남구,2720000000,시군구,202604,139121.0,13782.0,16140.0,17651.0,16974.0,23006.0,51568.0
대구광역시 북구,2723000000,시군구,202604,407876.0,58868.0,49945.0,47914.0,55914.0,75937.0,119298.0
대구광역시 수성구,2726000000,시군구,202604,408743.0,71477.0,41798.0,42917.0,62771.0,73884.0,115896.0
대구광역시 달서구,2729000000,시군구,202604,514677.0,75402.0,57248.0,61080.0,71296.0,93813.0,155838.0
대구광역시 달성군,2771000000,시군구,202604,252627.0,46876.0,21630.0,32522.0,43310.0,41152.0,67137.0
대구광역시 군위군,2772000000,시군구,202604,22667.0,1254.0,924.0,1140.0,1643.0,3507.0,14199.0
인천광역시,2800000000,시도,202604,3057226.0,463275.0,332664.0,432537.0,472438.0,514812.0,841500.0
인천광역시 중구,2811000000,시군구,202604,178145.0,28940.0,21953.0,29310.0,29599.0,27343.0,41000.0
인천광역시 동구,2814000000,시군구,202604,57753.0,6616.0,5289.0,6565.0,8045.0,9797.0,21441.0
인천광역시 미추홀구,2817700000,시군구,202604,417547.0,55365.0,48481.0,58439.0,62146.0,68730.0,124386.0
인천광역시 연수구,2818500000,시군구,202604,410191.0,79979.0,44500.0,57194.0,70987.0,68224.0,89307.0
인천광역시 남동구,2820000000,시군구,202604,479566.0,67065.0,53292.0,60894.0,72015.0,84237.0,142063.0
인천광역시 부평구,2823700000,시군구,202604,489127.0,63794.0,53316.0,73865.0,70096.0,82851.0,145205.0
인천광역시 계양구,2824500000,시군구,202604,276851.0,32739.0,30667.0,37230.0,36920.0,52007.0,87288.0
인천광역시 서구,2826000000,시군구,202604,658984.0,120693.0,69005.0,102605.0,113924.0,108007.0,144750.0
인천광역시 강화군,2871000000,시군구,202604,69665.0,6715.0,4073.0,4840.0,6856.0,10593.0,36588.0
인천광역시 옹진군,2872000000,시군구,202604,19397.0,1369.0,2088.0,1595.0,1850.0,3023.0,9472.0
광주광역시,2900000000,시도,202604,1386567.0,227341.0,166820.0,173547.0,210330.0,240115.0,368414.0
광주광역시 동구,2911000000,시군구,202604,104730.0,14215.0,13267.0,14187.0,14015.0,15284.0,33762.0
광주광역시 서구,2914000000,시군구,202604,275234.0,40947.0,35102.0,34131.0,40169.0,49399.0,75486.0
광주광역시 남구,2915500000,시군구,202604,206375.0,35440.0,21006.0,22864.0,31986.0,32714.0,62365.0
광주광역시 북구,2917000000,시군구,202604,415580.0,64390.0,48302.0,53009.0,60688.0,70682.0,118509.0
광주광역시 광산구,2920000000,시군구,202604,384648.0,72349.0,49143.0,49356.0,63472.0,72036.0,78292.0
대전광역시,3000000000,시도,202604,1441687.0,221639.0,185839.0,196022.0,207001.0,242204.0,388982.0
대전광역시 동구,3011000000,시군구,202604,218362.0,29578.0,27570.0,25376.0,28742.0,36189.0,70907.0
대전광역시 중구,3014000000,시군구,202604,224665.0,30822.0,24791.0,26293.0,30533.0,38513.0,73713.0
대전광역시 서구,3017000000,시군구,202604,463574.0,73322.0,62980.0,65909.0,68711.0,76904.0,115748.0
대전광역시 유성구,3020000000,시군구,202604,370610.0,67332.0,52106.0,59059.0,58152.0,59105.0,74856.0
대전광역시 대덕구,3023000000,시군구,202604,164476.0,20585.0,18392.0,19385.0,20863.0,31493.0,53758.0
울산광역시,3100000000,시도,202604,1088041.0,174571.0,107742.0,136803.0,167342.0,196401.0,305182.0
울산광역시 중구,3111000000,시군구,202604,203339.0,30149.0,18463.0,24545.0,29417.0,36124.0,64641.0
울산광역시 남구,3114000000,시군구,202604,304457.0,45540.0,33665.0,42466.0,44457.0,55423.0,82906.0
울산광역시 동구,3117000000,시군구,202604,147925.0,24811.0,13953.0,16812.0,25787.0,24028.0,42534.0
울산광역시 북구,3120000000,시군구,202604,214026.0,41986.0,20704.0,29271.0,37369.0,37899.0,46797.0
울산광역시 울주군,3171000000,시군구,202604,218294.0,32085.0,20957.0,23709.0,30312.0,42927.0,68304.0
세종특별자치시,3600000000,시도,202604,391024.0,91682.0,36284.0,57159.0,75691.0,59961.0,70247.0
세종특별자치시,3611000000,시도,202604,391024.0,91682.0,36284.0,57159.0,75691.0,59961.0,70247.0
경기도,4100000000,시도,202604,13751098.0,2202813.0,1534525.0,1932298.0,2169232.0,2360316.0,3551914.0
경기도 수원시,4111000000,시군구,202604,1186150.0,181607.0,159969.0,188458.0,182998.0,200059.0,273059.0
경기도 수원시 장안구,4111100000,시군구,202604,270439.0,38439.0,37341.0,35506.0,37824.0,49152.0,72177.0
경기도 수원시 권선구,4111300000,시군구,202604,360365.0,52236.0,44158.0,57588.0,55826.0,61150.0,89407.0
경기도 수원시 팔달구,4111500000,시군구,202604,193197.0,23362.0,27890.0,32633.0,26498.0,31862.0,50952.0
경기도 수원시 영통구,4111700000,시군구,202604,362149.0,67570.0,50580.0,62731.0,62850.0,57895.0,60523.0
경기도 성남시,4113000000,시군구,202604,904576.0,134965.0,103124.0,134802.0,140031.0,150147.0,241507.0
경기도 성남시 수정구,4113100000,시군구,202604,234182.0,29168.0,27472.0,36244.0,33910.0,38134.0,69254.0
경기도 성남시 중원구,4113300000,시군구,202604,201767.0,23751.0,23144.0,30999.0,28425.0,33336.0,62112.0
경기도 성남시 분당구,4113500000,시군구,202604,468627.0,82046.0,52508.0,67559.0,77696.0,78677.0,110141.0
경기도 의정부시,4115000000,시군구,202604,461741.0,65978.0,52710.0,60798.0,67395.0,81757.0,133103.0
경기도 안양시,4117000000,시군구,202604,562409.0,84003.0,62547.0,87061.0,82707.0,93562.0,152529.0
경기도 안양시 만안구,4117100000,시군구,202604,233299.0,28586.0,26299.0,35090.0,31043.0,39031.0,73250.0
경기도 안양시 동안구,4117300000,시군구,202604,329110.0,55417.0,36248.0,51971.0,51664.0,54531.0,79279.0
경기도 부천시,4119000000,시군구,202604,756356.0,99430.0,83545.0,104041.0,110046.0,131832.0,227462.0
경기도 부천시 원미구,4119200000,시군구,202604,382903.0,50964.0,44399.0,55051.0,56316.0,66117.0,110056.0
경기도 부천시 소사구,4119400000,시군구,202604,224628.0,32471.0,22248.0,29934.0,34905.0,36955.0,68115.0
경기도 부천시 오정구,4119600000,시군구,202604,148825.0,15995.0,16898.0,19056.0,18825.0,28760.0,49291.0
경기도 광명시,4121000000,시군구,202604,303091.0,47185.0,33224.0,45044.0,47035.0,51588.0,79015.0
경기도 평택시,4122000000,시군구,202604,616517.0,105441.0,72059.0,100847.0,101389.0,102596.0,134185.0
경기도 동두천시,4125000000,시군구,202604,86293.0,10833.0,8337.0,8305.0,11034.0,15731.0,32053.0
경기도 안산시,4127000000,시군구,202604,610081.0,80729.0,80348.0,82957.0,83734.0,119526.0,162787.0
경기도 안산시 상록구,4127100000,시군구,202604,321167.0,41466.0,43393.0,40934.0,43432.0,64246.0,87696.0
경기도 안산시 단원구,4127300000,시군구,202604,288914.0,39263.0,36955.0,42023.0,40302.0,55280.0,75091.0
경기도 고양시,4128000000,시군구,202604,1057762.0,155543.0,117273.0,144059.0,156335.0,193768.0,290784.0
경기도 고양시 덕양구,4128100000,시군구,202604,483700.0,70787.0,50414.0,70386.0,73675.0,83814.0,134624.0
경기도 고양시 일산동구,4128500000,시군구,202604,297542.0,42906.0,34953.0,41021.0,43436.0,55597.0,79629.0
경기도 고양시 일산서구,4128700000,시군구,202604,276520.0,41850.0,31906.0,32652.0,39224.0,54357.0,76531.0
경기도 과천시,4129000000,시군구,202604,80250.0,16379.0,8013.0,12221.0,12956.0,11925.0,18756.0
경기도 구리시,4131000000,시군구,202604,186855.0,26178.0,21082.0,25811.0,27870.0,33237.0,52677.0
경기도 남양주시,4136000000,시군구,202604,728126.0,123660.0,75383.0,84158.0,118375.0,130502.0,196048.0
경기도 오산시,4137000000,시군구,202604,251395.0,44967.0,28590.0,40462.0,46598.0,41631.0,49147.0
경기도 시흥시,4139000000,시군구,202604,514822.0,89403.0,56876.0,73874.0,88435.0,92427.0,113807.0
경기도 군포시,4141000000,시군구,202604,250007.0,33983.0,29223.0,34066.0,34961.0,44838.0,72936.0
경기도 의왕시,4143000000,시군구,202604,162972.0,24889.0,17396.0,24992.0,22494.0,26948.0,46253.0
경기도 하남시,4145000000,시군구,202604,327681.0,59642.0,32680.0,48752.0,59462.0,49950.0,77195.0
경기도 용인시,4146000000,시군구,202604,1090269.0,191854.0,125680.0,138288.0,178846.0,192990.0,262611.0
경기도 용인시 처인구,4146100000,시군구,202604,285039.0,44130.0,32053.0,37745.0,44200.0,49795.0,77116.0
경기도 용인시 기흥구,4146300000,시군구,202604,434289.0,74883.0,52594.0,52512.0,69771.0,80271.0,104258.0
경기도 용인시 수지구,4146500000,시군구,202604,370941.0,72841.0,41033.0,48031.0,64875.0,62924.0,81237.0
경기도 파주시,4148000000,시군구,202604,531373.0,94103.0,54498.0,73972.0,88159.0,89732.0,130909.0
경기도 이천시,4150000000,시군구,202604,223506.0,34800.0,26247.0,31364.0,33360.0,36992.0,60743.0
경기도 안성시,4155000000,시군구,202604,198089.0,28040.0,21784.0,23799.0,28905.0,34319.0,61242.0
경기도 김포시,4157000000,시군구,202604,484222.0,93000.0,45585.0,62008.0,90673.0,77068.0,115888.0
경기도 화성시,4159000000,시군구,202604,996582.0,206835.0,108592.0,165489.0,186371.0,153107.0,176188.0
경기도 화성시 만세구,4159100000,시군구,202604,234710.0,38994.0,23414.0,31918.0,39528.0,39734.0,61122.0
경기도 화성시 효행구,4159300000,시군구,202604,159444.0,28874.0,16538.0,25900.0,26125.0,25685.0,36322.0
경기도 화성시 병점구,4159500000,시군구,202604,174580.0,32876.0,22013.0,29521.0,30855.0,27760.0,31555.0
경기도 화성시 동탄구,4159700000,시군구,202604,427848.0,106091.0,46627.0,78150.0,89863.0,59928.0,47189.0
경기도 광주시,4161000000,시군구,202604,397402.0,62247.0,37656.0,51340.0,66830.0,70145.0,109184.0
경기도 양주시,4163000000,시군구,202604,296910.0,51484.0,30504.0,40151.0,46483.0,50233.0,78055.0
경기도 포천시,4165000000,시군구,202604,140435.0,15257.0,13764.0,13970.0,15315.0,25806.0,56323.0
경기도 여주시,4167000000,시군구,202604,113605.0,13972.0,9624.0,11263.0,14400.0,19854.0,44492.0
경기도 연천군,4180000000,시군구,202604,42814.0,4633.0,4295.0,4195.0,4231.0,6474.0,18986.0
경기도 가평군,4182000000,시군구,202604,62010.0,6447.0,5159.0,5313.0,6709.0,10423.0,27959.0
경기도 양평군,4183000000,시군구,202604,126797.0,15326.0,8758.0,10438.0,15095.0,21149.0,56031.0
충청북도,4300000000,시도,202604,1599375.0,235177.0,165341.0,194130.0,219687.0,270612.0,514428.0
충청북도 청주시,4311000000,시군구,202604,858653.0,142218.0,101796.0,123576.0,129606.0,142400.0,219057.0
충청북도 청주시 상당구,4311100000,시군구,202604,193727.0,32095.0,19608.0,23827.0,28406.0,33511.0,56280.0
충청북도 청주시 서원구,4311200000,시군구,202604,186350.0,26872.0,24322.0,22824.0,24755.0,33275.0,54302.0
충청북도 청주시 흥덕구,4311300000,시군구,202604,292205.0,50819.0,36071.0,50208.0,45824.0,46440.0,62843.0
충청북도 청주시 청원구,4311400000,시군구,202604,186371.0,32432.0,21795.0,26717.0,30621.0,29174.0,45632.0
충청북도 충주시,4313000000,시군구,202604,206089.0,27824.0,19767.0,22543.0,26913.0,35800.0,73242.0
충청북도 제천시,4315000000,시군구,202604,128382.0,16989.0,12689.0,11357.0,14943.0,22195.0,50209.0
충청북도 보은군,4372000000,시군구,202604,30705.0,2712.0,1796.0,1821.0,2660.0,4797.0,16919.0
충청북도 옥천군,4373000000,시군구,202604,50387.0,5180.0,3782.0,3418.0,5233.0,8684.0,24090.0
충청북도 영동군,4374000000,시군구,202604,43033.0,3998.0,2825.0,2624.0,3772.0,7315.0,22499.0
충청북도 증평군,4374500000,시군구,202604,36694.0,5563.0,3537.0,4482.0,5193.0,6204.0,11715.0
충청북도 진천군,4375000000,시군구,202604,85623.0,14032.0,7327.0,10634.0,13640.0,14668.0,25322.0
충청북도 괴산군,4376000000,시군구,202604,37473.0,2791.0,2113.0,2122.0,3092.0,6223.0,21132.0
충청북도 음성군,4377000000,시군구,202604,95680.0,11643.0,8177.0,9977.0,12305.0,17805.0,35773.0
충청북도 단양군,4380000000,시군구,202604,26656.0,2227.0,1532.0,1576.0,2330.0,4521.0,14470.0
충청남도,4400000000,시도,202604,2137689.0,326713.0,209401.0,252015.0,311075.0,353875.0,684610.0
충청남도 천안시,4413000000,시군구,202604,665391.0,111030.0,84634.0,98239.0,108506.0,111890.0,151092.0
충청남도 천안시 동남구,4413100000,시군구,202604,263373.0,39446.0,32325.0,33147.0,38700.0,46245.0,73510.0
충청남도 천안시 서북구,4413300000,시군구,202604,402018.0,71584.0,52309.0,65092.0,69806.0,65645.0,77582.0
충청남도 공주시,4415000000,시군구,202604,99885.0,11365.0,10078.0,7930.0,10800.0,16183.0,43529.0
충청남도 보령시,4418000000,시군구,202604,91367.0,10696.0,6761.0,7355.0,10880.0,15730.0,39945.0
충청남도 아산시,4420000000,시군구,202604,362431.0,69558.0,37511.0,52672.0,64541.0,56700.0,81449.0
충청남도 서산시,4421000000,시군구,202604,171393.0,26783.0,15103.0,19345.0,24741.0,29781.0,55640.0
충청남도 논산시,4423000000,시군구,202604,106198.0,12751.0,8261.0,8955.0,11941.0,17853.0,46437.0
충청남도 계룡시,4425000000,시군구,202604,45960.0,9269.0,4337.0,5298.0,7752.0,8365.0,10939.0
충청남도 당진시,4427000000,시군구,202604,172290.0,28078.0,13818.0,20410.0,27379.0,28993.0,53612.0
충청남도 금산군,4471000000,시군구,202604,48959.0,5416.0,3097.0,2941.0,4824.0,8365.0,24316.0
충청남도 부여군,4476000000,시군구,202604,57907.0,5298.0,3479.0,3378.0,5315.0,9058.0,31379.0
충청남도 서천군,4477000000,시군구,202604,46890.0,4124.0,2732.0,2724.0,4204.0,7407.0,25699.0
충청남도 청양군,4479000000,시군구,202604,30088.0,2738.0,2212.0,1747.0,2520.0,4708.0,16163.0
충청남도 홍성군,4480000000,시군구,202604,101338.0,15482.0,8241.0,10644.0,13248.0,16294.0,37429.0
충청남도 예산군,4481000000,시군구,202604,78460.0,8624.0,5360.0,6504.0,8317.0,12772.0,36883.0
충청남도 태안군,4482500000,시군구,202604,59132.0,5501.0,3777.0,3873.0,6107.0,9776.0,30098.0
전라남도,4600000000,시도,202604,1775031.0,248297.0,155571.0,170486.0,224951.0,301111.0,674615.0
전라남도 목포시,4611000000,시군구,202604,200116.0,30873.0,20419.0,19254.0,30245.0,36009.0,63316.0
전라남도 여수시,4613000000,시군구,202604,261208.0,37672.0,24729.0,27001.0,35403.0,45395.0,91008.0
전라남도 순천시,4615000000,시군구,202604,274914.0,45599.0,29411.0,32669.0,38275.0,47720.0,81240.0
전라남도 나주시,4617000000,시군구,202604,116817.0,18879.0,9807.0,14557.0,16409.0,17315.0,39850.0
전라남도 광양시,4623000000,시군구,202604,155815.0,26627.0,15732.0,20212.0,22396.0,29557.0,41291.0
전라남도 담양군,4671000000,시군구,202604,44159.0,4431.0,3090.0,3187.0,4302.0,7477.0,21672.0
전라남도 곡성군,4672000000,시군구,202604,27644.0,2370.0,1820.0,1805.0,2400.0,4657.0,14592.0
전라남도 구례군,4673000000,시군구,202604,23955.0,2225.0,1490.0,1259.0,2160.0,4114.0,12707.0
전라남도 고흥군,4677000000,시군구,202604,59128.0,4825.0,2952.0,3057.0,4903.0,8888.0,34503.0
전라남도 보성군,4678000000,시군구,202604,36683.0,3204.0,2128.0,1946.0,3131.0,5697.0,20577.0
전라남도 화순군,4679000000,시군구,202604,60075.0,7055.0,5421.0,4816.0,6245.0,10747.0,25791.0
전라남도 장흥군,4680000000,시군구,202604,34050.0,3495.0,2219.0,2220.0,3268.0,5472.0,17376.0
전라남도 강진군,4681000000,시군구,202604,31787.0,3452.0,2096.0,2156.0,2956.0,4867.0,16260.0
전라남도 해남군,4682000000,시군구,202604,62136.0,6699.0,4131.0,3982.0,6248.0,10227.0,30849.0
전라남도 영암군,4683000000,시군구,202604,50066.0,5740.0,3932.0,3713.0,6151.0,9075.0,21455.0
전라남도 무안군,4684000000,시군구,202604,95809.0,18247.0,9239.0,11362.0,15150.0,14319.0,27492.0
전라남도 함평군,4686000000,시군구,202604,29387.0,2594.0,1777.0,1780.0,2599.0,4821.0,15816.0
전라남도 영광군,4687000000,시군구,202604,53969.0,7283.0,4501.0,5088.0,6029.0,8647.0,22421.0
전라남도 장성군,4688000000,시군구,202604,42990.0,4892.0,3314.0,3431.0,4517.0,7263.0,19573.0
전라남도 완도군,4689000000,시군구,202604,44277.0,5053.0,2654.0,2723.0,5054.0,7030.0,21763.0
전라남도 진도군,4690000000,시군구,202604,27922.0,3013.0,1855.0,1771.0,2782.0,4492.0,14009.0
전라남도 신안군,4691000000,시군구,202604,42124.0,4069.0,2854.0,2497.0,4328.0,7322.0,21054.0
경상북도,4700000000,시도,202604,2498364.0,340096.0,214926.0,251287.0,328730.0,430699.0,932626.0
경상북도 포항시,4711000000,시군구,202604,487380.0,73635.0,42782.0,54369.0,69784.0,83905.0,162905.0
경상북도 포항시 남구,4711100000,시군구,202604,213561.0,30853.0,19341.0,22076.0,30942.0,37053.0,73296.0
경상북도 포항시 북구,4711300000,시군구,202604,273819.0,42782.0,23441.0,32293.0,38842.0,46852.0,89609.0
경상북도 경주시,4713000000,시군구,202604,243183.0,29858.0,19840.0,23043.0,29867.0,44604.0,95971.0
경상북도 김천시,4715000000,시군구,202604,133049.0,19099.0,10237.0,12895.0,16975.0,22124.0,51719.0
경상북도 안동시,4717000000,시군구,202604,152469.0,20371.0,15000.0,14034.0,18206.0,25317.0,59541.0
경상북도 구미시,4719000000,시군구,202604,403113.0,71417.0,42964.0,57311.0,69440.0,71768.0,90213.0
경상북도 영주시,4721000000,시군구,202604,96555.0,12434.0,7622.0,7370.0,10792.0,16402.0,41935.0
경상북도 영천시,4723000000,시군구,202604,94486.0,10042.0,6083.0,7631.0,9897.0,16275.0,44558.0
경상북도 상주시,4725000000,시군구,202604,89467.0,10141.0,5773.0,5885.0,9027.0,14372.0,44269.0
경상북도 문경시,4728000000,시군구,202604,64872.0,7169.0,4328.0,4315.0,6709.0,10593.0,31758.0
경상북도 경산시,4729000000,시군구,202604,263525.0,37265.0,32867.0,30280.0,36037.0,45897.0,81179.0
경상북도 의성군,4773000000,시군구,202604,47829.0,3288.0,1875.0,2583.0,3703.0,6950.0,29430.0
경상북도 청송군,4775000000,시군구,202604,23255.0,1660.0,1117.0,1433.0,1850.0,3675.0,13520.0
경상북도 영양군,4776000000,시군구,202604,15991.0,1294.0,910.0,944.0,1351.0,2605.0,8887.0
경상북도 영덕군,4777000000,시군구,202604,32539.0,2613.0,1530.0,1797.0,2923.0,5215.0,18461.0
경상북도 청도군,4782000000,시군구,202604,40134.0,2982.0,1650.0,2108.0,3515.0,6240.0,23639.0
경상북도 고령군,4783000000,시군구,202604,29649.0,2482.0,1675.0,1884.0,2854.0,5215.0,15539.0
경상북도 성주군,4784000000,시군구,202604,40543.0,3189.0,1889.0,2746.0,3780.0,6750.0,22189.0
경상북도 칠곡군,4785000000,시군구,202604,103807.0,14893.0,8245.0,9579.0,17072.0,21105.0,32913.0
경상북도 예천군,4790000000,시군구,202604,53529.0,8156.0,3113.0,4904.0,6666.0,7401.0,23289.0
경상북도 봉화군,4792000000,시군구,202604,28161.0,2364.0,1242.0,1335.0,2270.0,4468.0,16482.0
경상북도 울진군,4793000000,시군구,202604,46081.0,5101.0,3546.0,4054.0,4965.0,8072.0,20343.0
경상북도 울릉군,4794000000,시군구,202604,8747.0,643.0,638.0,787.0,1047.0,1746.0,3886.0
경상남도,4800000000,시도,202604,3197859.0,486512.0,282426.0,341228.0,469541.0,576289.0,1041863.0
경상남도 창원시,4812000000,시군구,202604,987251.0,150712.0,95712.0,118675.0,149334.0,175806.0,297012.0
경상남도 창원시 의창구,4812100000,시군구,202604,208174.0,30944.0,20958.0,25695.0,30462.0,37722.0,62393.0
경상남도 창원시 성산구,4812300000,시군구,202604,246074.0,39550.0,27618.0,36271.0,36714.0,46076.0,59845.0
경상남도 창원시 마산합포구,4812500000,시군구,202604,174969.0,24474.0,14644.0,18314.0,25533.0,28169.0,63835.0
경상남도 창원시 마산회원구,4812700000,시군구,202604,174705.0,24246.0,15423.0,18040.0,24880.0,31620.0,60496.0
경상남도 창원시 진해구,4812900000,시군구,202604,183329.0,31498.0,17069.0,20355.0,31745.0,32219.0,50443.0
경상남도 진주시,4817000000,시군구,202604,335005.0,53607.0,37145.0,38895.0,46465.0,56897.0,101996.0
경상남도 통영시,4822000000,시군구,202604,115826.0,16753.0,8359.0,8686.0,17087.0,21652.0,43289.0
경상남도 사천시,4824000000,시군구,202604,107804.0,15175.0,8767.0,10383.0,15066.0,19465.0,38948.0
경상남도 김해시,4825000000,시군구,202604,532687.0,91977.0,52897.0,64809.0,85326.0,104632.0,133046.0
경상남도 밀양시,4827000000,시군구,202604,98728.0,10355.0,6382.0,7454.0,10890.0,16266.0,47381.0
경상남도 거제시,4831000000,시군구,202604,229490.0,42389.0,17949.0,22084.0,43880.0,45390.0,57798.0
경상남도 양산시,4833000000,시군구,202604,361371.0,62092.0,31417.0,44790.0,59925.0,63675.0,99472.0
경상남도 의령군,4872000000,시군구,202604,24502.0,1937.0,1247.0,1365.0,2145.0,3982.0,13826.0
경상남도 함안군,4873000000,시군구,202604,57121.0,7097.0,3561.0,3758.0,6948.0,10249.0,25508.0
경상남도 창녕군,4874000000,시군구,202604,54640.0,5479.0,2650.0,3546.0,5539.0,9009.0,28417.0
경상남도 고성군,4882000000,시군구,202604,46840.0,4937.0,2532.0,2496.0,4886.0,8097.0,23892.0
경상남도 남해군,4884000000,시군구,202604,41066.0,3891.0,2309.0,2206.0,3543.0,6632.0,22485.0
경상남도 하동군,4885000000,시군구,202604,39752.0,3139.0,1964.0,2090.0,3230.0,7061.0,22268.0
경상남도 산청군,4886000000,시군구,202604,32720.0,2423.0,1581.0,1627.0,2540.0,5599.0,18950.0
경상남도 함양군,4887000000,시군구,202604,35252.0,3510.0,1938.0,1984.0,3175.0,6034.0,18611.0
경상남도 거창군,4888000000,시군구,202604,58889.0,8228.0,4253.0,4464.0,6411.0,9784.0,25749.0
경상남도 합천군,4889000000,시군구,202604,38915.0,2811.0,1763.0,1916.0,3151.0,6059.0,23215.0
제주특별자치도,5000000000,시도,202604,663229.0,113162.0,64255.0,76844.0,101644.0,118507.0,188817.0
제주특별자치도 제주시,5011000000,시군구,202604,484331.0,84777.0,50045.0,59893.0,75016.0,85959.0,128641.0
제주특별자치도 서귀포시,5013000000,시군구,202604,178898.0,28385.0,14210.0,16951.0,26628.0,32548.0,60176.0
강원특별자치도,5100000000,시도,202604,1507199.0,204397.0,145742.0,158987.0,192531.0,255636.0,549906.0
강원특별자치도 춘천시,5111000000,시군구,202604,284966.0,42627.0,34524.0,34911.0,38372.0,46034.0,88498.0
강원특별자치도 원주시,5113000000,시군구,202604,364286.0,57828.0,38212.0,47358.0,53259.0,62200.0,105429.0
강원특별자치도 강릉시,5115000000,시군구,202604,205849.0,26409.0,19949.0,20616.0,26654.0,36229.0,75992.0
강원특별자치도 동해시,5117000000,시군구,202604,85758.0,12305.0,7368.0,8054.0,11691.0,15793.0,30547.0
강원특별자치도 태백시,5119000000,시군구,202604,36850.0,4581.0,2597.0,2672.0,4726.0,6619.0,15655.0
강원특별자치도 속초시,5121000000,시군구,202604,78842.0,10580.0,6605.0,8580.0,10528.0,14238.0,28311.0
강원특별자치도 삼척시,5123000000,시군구,202604,60461.0,7324.0,5759.0,4615.0,6736.0,10465.0,25562.0
강원특별자치도 홍천군,5172000000,시군구,202604,65935.0,7028.0,4724.0,5400.0,6649.0,10569.0,31565.0
강원특별자치도 횡성군,5173000000,시군구,202604,45625.0,4766.0,2742.0,2795.0,4176.0,7345.0,23801.0
강원특별자치도 영월군,5175000000,시군구,202604,35836.0,3573.0,2297.0,2225.0,3523.0,6163.0,18055.0
강원특별자치도 평창군,5176000000,시군구,202604,39904.0,3673.0,2652.0,2510.0,3979.0,7146.0,19944.0
강원특별자치도 정선군,5177000000,시군구,202604,35073.0,3120.0,2363.0,2305.0,3908.0,6622.0,16755.0
강원특별자치도 철원군,5178000000,시군구,202604,39779.0,5222.0,3964.0,4098.0,4403.0,6192.0,15900.0
강원특별자치도 화천군,5179000000,시군구,202604,22335.0,2773.0,2660.0,2450.0,2190.0,3292.0,8970.0
강원특별자치도 양구군,5180000000,시군구,202604,20349.0,3034.0,2087.0,2162.0,2234.0,3011.0,7821.0
강원특별자치도 인제군,5181000000,시군구,202604,30773.0,3982.0,3286.0,3743.0,3604.0,4595.0,11563.0
강원특별자치도 고성군,5182000000,시군구,202604,27172.0,2798.0,2158.0,2462.0,2763.0,4507.0,12484.0
강원특별자치도 양양군,5183000000,시군구,202604,27406.0,2774.0,1795.0,2031.0,3136.0,4616.0,13054.0
전북특별자치도,5200000000,시도,202604,1720203.0,244454.0,168972.0,172751.0,223943.0,297192.0,612891.0
전북특별자치도 전주시,5211000000,시군구,202604,622242.0,101772.0,75406.0,74431.0,90903.0,107419.0,172311.0
전북특별자치도 전주시 완산구,5211100000,시군구,202604,314400.0,46585.0,38254.0,36512.0,43115.0,55881.0,94053.0
전북특별자치도 전주시 덕진구,5211300000,시군구,202604,307842.0,55187.0,37152.0,37919.0,47788.0,51538.0,78258.0
전북특별자치도 군산시,5213000000,시군구,202604,255598.0,38598.0,23563.0,25822.0,37510.0,45589.0,84516.0
전북특별자치도 익산시,5214000000,시군구,202604,266952.0,37207.0,28262.0,27345.0,33965.0,47310.0,92863.0
전북특별자치도 정읍시,5218000000,시군구,202604,100724.0,12156.0,7981.0,7953.0,11313.0,17740.0,43581.0
전북특별자치도 남원시,5219000000,시군구,202604,74055.0,9071.0,5410.0,5429.0,7997.0,13219.0,32929.0
전북특별자치도 김제시,5221000000,시군구,202604,81758.0,9071.0,6200.0,6939.0,8596.0,13219.0,37733.0
전북특별자치도 완주군,5271000000,시군구,202604,100092.0,14254.0,8493.0,11275.0,13032.0,16867.0,36171.0
전북특별자치도 진안군,5272000000,시군구,202604,24373.0,2294.0,1508.0,1357.0,2067.0,4015.0,13132.0
전북특별자치도 무주군,5273000000,시군구,202604,23152.0,2346.0,1471.0,1498.0,2222.0,3901.0,11714.0
전북특별자치도 장수군,5274000000,시군구,202604,21117.0,2115.0,1342.0,1271.0,1986.0,3470.0,10933.0
전북특별자치도 임실군,5275000000,시군구,202604,25332.0,2301.0,1427.0,1633.0,2169.0,3929.0,13873.0
전북특별자치도 순창군,5277000000,시군구,202604,27607.0,3037.0,1989.0,1696.0,2745.0,4668.0,13472.0
전북특별자치도 고창군,5279000000,시군구,202604,50170.0,5592.0,2981.0,3145.0,4720.0,8056.0,25676.0
전북특별자치도 부안군,5280000000,시군구,202604,47031.0,4640.0,2939.0,2957.0,4718.0,7790.0,23987.0
서울특별시,1100000000,시도,202605,9295082.0,1171800.0,1235814.0,1469331.0,1355855.0,1462755.0,2599527.0
서울특별시 종로구,1111000000,시군구,202605,136518.0,14123.0,19942.0,19932.0,17988.0,22532.0,42001.0
서울특별시 중구,1114000000,시군구,202605,117765.0,10680.0,15491.0,21274.0,16127.0,17747.0,36446.0
서울특별시 용산구,1117000000,시군구,202605,199810.0,22324.0,25671.0,36975.0,28840.0,31475.0,54525.0
서울특별시 성동구,1120000000,시군구,202605,274694.0,32882.0,37362.0,48358.0,39477.0,42656.0,73959.0
서울특별시 광진구,1121500000,시군구,202605,331136.0,36188.0,54339.0,57020.0,45812.0,50693.0,87084.0
서울특별시 동대문구,1123000000,시군구,202605,352299.0,41223.0,55573.0,55964.0,48321.0,52683.0,98535.0
서울특별시 중랑구,1126000000,시군구,202605,376463.0,39169.0,44178.0,59235.0,50321.0,60932.0,122628.0
서울특별시 성북구,1129000000,시군구,202605,422190.0,55218.0,62131.0,57100.0,59101.0,70356.0,118284.0
서울특별시 강북구,1130500000,시군구,202605,278294.0,27140.0,33641.0,34338.0,35854.0,48198.0,99123.0
서울특별시 도봉구,1132000000,시군구,202605,298571.0,32446.0,32501.0,37126.0,39133.0,51438.0,105927.0
서울특별시 노원구,1135000000,시군구,202605,481589.0,66232.0,60170.0,61561.0,68066.0,82780.0,142780.0
서울특별시 은평구,1138000000,시군구,202605,453398.0,52982.0,54686.0,66960.0,63682.0,76204.0,138884.0
서울특별시 서대문구,1141000000,시군구,202605,300236.0,36697.0,44642.0,45432.0,41678.0,47417.0,84370.0
서울특별시 마포구,1144000000,시군구,202605,356856.0,43630.0,53819.0,64651.0,54121.0,55794.0,84841.0
서울특별시 양천구,1147000000,시군구,202605,422070.0,67970.0,45151.0,51578.0,68662.0,71184.0,117525.0
서울특별시 강서구,1150000000,시군구,202605,548622.0,65940.0,69924.0,96591.0,81276.0,80990.0,153901.0
서울특별시 구로구,1153000000,시군구,202605,382652.0,45874.0,45057.0,61836.0,54141.0,59616.0,116128.0
서울특별시 금천구,1154500000,시군구,202605,222655.0,19984.0,31020.0,40075.0,27351.0,34461.0,69764.0
서울특별시 영등포구,1156000000,시군구,202605,371772.0,41845.0,51858.0,75027.0,51919.0,53741.0,97382.0
서울특별시 동작구,1159000000,시군구,202605,372327.0,42256.0,59142.0,62240.0,50561.0,56362.0,101766.0
서울특별시 관악구,1162000000,시군구,202605,478154.0,37206.0,101222.0,94814.0,57267.0,64093.0,123552.0
서울특별시 서초구,1165000000,시군구,202605,414486.0,71850.0,47337.0,57397.0,70844.0,68703.0,98355.0
서울특별시 강남구,1168000000,시군구,202605,552962.0,94992.0,61536.0,79459.0,99093.0,88725.0,129157.0
서울특별시 송파구,1171000000,시군구,202605,650505.0,97394.0,75061.0,107058.0,105074.0,98775.0,167143.0
서울특별시 강동구,1174000000,시군구,202605,499058.0,75555.0,54360.0,77330.0,81146.0,75200.0,135467.0
부산광역시,2600000000,시도,202605,3234293.0,432067.0,331269.0,388320.0,455888.0,524545.0,1102204.0
부산광역시 중구,2611000000,시군구,202605,36375.0,2121.0,4632.0,4014.0,3811.0,5834.0,15963.0
부산광역시 서구,2614000000,시군구,202605,101320.0,11057.0,10458.0,10080.0,12474.0,16307.0,40944.0
부산광역시 동구,2617000000,시군구,202605,83432.0,7846.0,7835.0,10542.0,10394.0,13422.0,33393.0
부산광역시 영도구,2620000000,시군구,202605,100748.0,9676.0,8529.0,8785.0,11788.0,16551.0,45419.0
부산광역시 부산진구,2623000000,시군구,202605,365104.0,42770.0,45986.0,54288.0,48868.0,55620.0,117572.0
부산광역시 동래구,2626000000,시군구,202605,271437.0,43106.0,24999.0,31830.0,42008.0,43958.0,85536.0
부산광역시 남구,2629000000,시군구,202605,254174.0,34902.0,30390.0,27907.0,35038.0,41620.0,84317.0
부산광역시 북구,2632000000,시군구,202605,260994.0,32950.0,24022.0,31153.0,33325.0,44716.0,94828.0
부산광역시 해운대구,2635000000,시군구,202605,370920.0,54506.0,34563.0,41209.0,54930.0,65246.0,120466.0
부산광역시 사하구,2638000000,시군구,202605,282633.0,34262.0,28322.0,29752.0,38206.0,48293.0,103798.0
부산광역시 금정구,2641000000,시군구,202605,205968.0,23235.0,25556.0,20529.0,24933.0,33186.0,78529.0
부산광역시 강서구,2644000000,시군구,202605,153175.0,35210.0,10589.0,24210.0,31961.0,19084.0,32121.0
부산광역시 연제구,2647000000,시군구,202605,211509.0,29305.0,21130.0,28465.0,30763.0,33544.0,68302.0
부산광역시 수영구,2650000000,시군구,202605,168513.0,18636.0,19059.0,22917.0,22741.0,25973.0,59187.0
부산광역시 사상구,2653000000,시군구,202605,192718.0,20335.0,20717.0,22404.0,23663.0,32811.0,72788.0
부산광역시 기장군,2671000000,시군구,202605,175273.0,32150.0,14482.0,20235.0,30985.0,28380.0,49041.0
대구광역시,2700000000,시도,202605,2349305.0,344186.0,248128.0,285727.0,332053.0,408947.0,730264.0
대구광역시 중구,2711000000,시군구,202605,101643.0,15760.0,13615.0,18439.0,15008.0,14257.0,24564.0
대구광역시 동구,2714000000,시군구,202605,338260.0,44593.0,33056.0,44223.0,46124.0,55574.0,114690.0
대구광역시 서구,2717000000,시군구,202605,163748.0,16552.0,14307.0,19643.0,19499.0,28169.0,65578.0
대구광역시 남구,2720000000,시군구,202605,140620.0,13958.0,16340.0,18120.0,17171.0,23228.0,51803.0
대구광역시 북구,2723000000,시군구,202605,407548.0,58691.0,49843.0,47849.0,55690.0,75807.0,119668.0
대구광역시 수성구,2726000000,시군구,202605,408527.0,71395.0,41606.0,42937.0,62624.0,73802.0,116163.0
대구광역시 달서구,2729000000,시군구,202605,514075.0,75170.0,57018.0,61064.0,71063.0,93508.0,156252.0
대구광역시 달성군,2771000000,시군구,202605,252210.0,46816.0,21425.0,32302.0,43245.0,41086.0,67336.0
대구광역시 군위군,2772000000,시군구,202605,22674.0,1251.0,918.0,1150.0,1629.0,3516.0,14210.0
인천광역시,2800000000,시도,202605,3058623.0,462784.0,331673.0,432950.0,472299.0,514565.0,844352.0
인천광역시 중구,2811000000,시군구,202605,178490.0,28988.0,21902.0,29378.0,29610.0,27457.0,41155.0
인천광역시 동구,2814000000,시군구,202605,57836.0,6613.0,5279.0,6582.0,8049.0,9795.0,21518.0
인천광역시 미추홀구,2817700000,시군구,202605,417725.0,55262.0,48517.0,58438.0,62141.0,68695.0,124672.0
인천광역시 연수구,2818500000,시군구,202605,410308.0,79916.0,44316.0,57249.0,70965.0,68193.0,89669.0
인천광역시 남동구,2820000000,시군구,202605,479343.0,66807.0,53164.0,60838.0,71864.0,84151.0,142519.0
인천광역시 부평구,2823700000,시군구,202605,488829.0,63663.0,53013.0,73931.0,70073.0,82586.0,145563.0
인천광역시 계양구,2824500000,시군구,202605,276563.0,32609.0,30495.0,37165.0,36833.0,51857.0,87604.0
인천광역시 서구,2826000000,시군구,202605,660464.0,120858.0,68849.0,102946.0,114093.0,108233.0,145485.0
인천광역시 강화군,2871000000,시군구,202605,69689.0,6703.0,4085.0,4832.0,6832.0,10570.0,36667.0
인천광역시 옹진군,2872000000,시군구,202605,19376.0,1365.0,2053.0,1591.0,1839.0,3028.0,9500.0
광주광역시,2900000000,시도,202605,1386379.0,226767.0,166577.0,173759.0,210019.0,239719.0,369538.0
광주광역시 동구,2911000000,시군구,202605,105005.0,14220.0,13417.0,14217.0,14067.0,15271.0,33813.0
광주광역시 서구,2914000000,시군구,202605,274925.0,40792.0,34929.0,34151.0,40067.0,49252.0,75734.0
광주광역시 남구,2915500000,시군구,202605,206083.0,35314.0,20918.0,22801.0,31923.0,32672.0,62455.0
광주광역시 북구,2917000000,시군구,202605,416326.0,64408.0,48313.0,53297.0,60732.0,70598.0,118978.0
광주광역시 광산구,2920000000,시군구,202605,384040.0,72033.0,49000.0,49293.0,63230.0,71926.0,78558.0
대전광역시,3000000000,시도,202605,1442213.0,221336.0,185846.0,196314.0,206830.0,242039.0,389848.0
대전광역시 동구,3011000000,시군구,202605,218505.0,29577.0,27698.0,25342.0,28719.0,36166.0,71003.0
대전광역시 중구,3014000000,시군구,202605,224581.0,30769.0,24722.0,26288.0,30487.0,38495.0,73820.0
대전광역시 서구,3017000000,시군구,202605,463601.0,73191.0,62836.0,66110.0,68635.0,76837.0,115992.0
대전광역시 유성구,3020000000,시군구,202605,371147.0,67302.0,52238.0,59221.0,58155.0,59124.0,75107.0
대전광역시 대덕구,3023000000,시군구,202605,164379.0,20497.0,18352.0,19353.0,20834.0,31417.0,53926.0
울산광역시,3100000000,시도,202605,1087466.0,174227.0,107074.0,136908.0,167071.0,195935.0,306251.0
울산광역시 중구,3111000000,시군구,202605,203216.0,30092.0,18329.0,24564.0,29376.0,36022.0,64833.0
울산광역시 남구,3114000000,시군구,202605,304385.0,45478.0,33493.0,42579.0,44411.0,55243.0,83181.0
울산광역시 동구,3117000000,시군구,202605,147834.0,24740.0,13902.0,16792.0,25777.0,23982.0,42641.0
울산광역시 북구,3120000000,시군구,202605,213772.0,41893.0,20482.0,29269.0,37275.0,37804.0,47049.0
울산광역시 울주군,3171000000,시군구,202605,218259.0,32024.0,20868.0,23704.0,30232.0,42884.0,68547.0
세종특별자치시,3600000000,시도,202605,391064.0,91632.0,36222.0,57060.0,75666.0,60033.0,70451.0
세종특별자치시,3611000000,시도,202605,391064.0,91632.0,36222.0,57060.0,75666.0,60033.0,70451.0
경기도,4100000000,시도,202605,13755126.0,2199997.0,1529450.0,1934724.0,2167351.0,2359932.0,3563672.0
경기도 수원시,4111000000,시군구,202605,1186120.0,181282.0,159507.0,188804.0,182623.0,199876.0,274028.0
경기도 수원시 장안구,4111100000,시군구,202605,270245.0,38276.0,37257.0,35563.0,37678.0,49054.0,72417.0
경기도 수원시 권선구,4111300000,시군구,202605,360343.0,52155.0,44013.0,57691.0,55721.0,61060.0,89703.0
경기도 수원시 팔달구,4111500000,시군구,202605,193364.0,23332.0,27840.0,32708.0,26487.0,31846.0,51151.0
경기도 수원시 영통구,4111700000,시군구,202605,362168.0,67519.0,50397.0,62842.0,62737.0,57916.0,60757.0
경기도 성남시,4113000000,시군구,202605,903747.0,134713.0,102572.0,134645.0,139833.0,149912.0,242072.0
경기도 성남시 수정구,4113100000,시군구,202605,234328.0,29163.0,27343.0,36312.0,33893.0,38143.0,69474.0
경기도 성남시 중원구,4113300000,시군구,202605,201051.0,23638.0,22918.0,30946.0,28311.0,33114.0,62124.0
경기도 성남시 분당구,4113500000,시군구,202605,468368.0,81912.0,52311.0,67387.0,77629.0,78655.0,110474.0
경기도 의정부시,4115000000,시군구,202605,461816.0,65835.0,52467.0,60905.0,67362.0,81682.0,133565.0
경기도 안양시,4117000000,시군구,202605,562341.0,83927.0,62272.0,87228.0,82688.0,93359.0,152867.0
경기도 안양시 만안구,4117100000,시군구,202605,233415.0,28578.0,26192.0,35205.0,31098.0,38908.0,73434.0
경기도 안양시 동안구,4117300000,시군구,202605,328926.0,55349.0,36080.0,52023.0,51590.0,54451.0,79433.0
경기도 부천시,4119000000,시군구,202605,756037.0,99165.0,83121.0,104190.0,109865.0,131568.0,228128.0
경기도 부천시 원미구,4119200000,시군구,202605,382692.0,50880.0,44205.0,55025.0,56241.0,66001.0,110340.0
경기도 부천시 소사구,4119400000,시군구,202605,224399.0,32378.0,22044.0,29876.0,34874.0,36905.0,68322.0
경기도 부천시 오정구,4119600000,시군구,202605,148946.0,15907.0,16872.0,19289.0,18750.0,28662.0,49466.0
경기도 광명시,4121000000,시군구,202605,303479.0,47130.0,33166.0,45273.0,47022.0,51614.0,79274.0
경기도 평택시,4122000000,시군구,202605,618234.0,105525.0,72100.0,101357.0,101637.0,102884.0,134731.0
경기도 동두천시,4125000000,시군구,202605,86243.0,10810.0,8306.0,8285.0,11009.0,15675.0,32158.0
경기도 안산시,4127000000,시군구,202605,609712.0,80468.0,79926.0,83037.0,83561.0,119288.0,163432.0
경기도 안산시 상록구,4127100000,시군구,202605,321039.0,41300.0,43195.0,41014.0,43353.0,64075.0,88102.0
경기도 안산시 단원구,4127300000,시군구,202605,288673.0,39168.0,36731.0,42023.0,40208.0,55213.0,75330.0
경기도 고양시,4128000000,시군구,202605,1057471.0,155186.0,116808.0,144044.0,156164.0,193523.0,291746.0
경기도 고양시 덕양구,4128100000,시군구,202605,483267.0,70602.0,50177.0,70281.0,73534.0,83688.0,134985.0
경기도 고양시 일산동구,4128500000,시군구,202605,297895.0,42921.0,34814.0,41204.0,43484.0,55507.0,79965.0
경기도 고양시 일산서구,4128700000,시군구,202605,276309.0,41663.0,31817.0,32559.0,39146.0,54328.0,76796.0
경기도 과천시,4129000000,시군구,202605,80384.0,16393.0,8030.0,12280.0,13009.0,11897.0,18775.0
경기도 구리시,4131000000,시군구,202605,187463.0,26214.0,21044.0,26130.0,27892.0,33262.0,52921.0
경기도 남양주시,4136000000,시군구,202605,727717.0,123394.0,75017.0,84121.0,118087.0,130429.0,196669.0
경기도 오산시,4137000000,시군구,202605,252414.0,45137.0,28583.0,40816.0,46692.0,41795.0,49391.0
경기도 시흥시,4139000000,시군구,202605,514804.0,89182.0,56707.0,73918.0,88344.0,92322.0,114331.0
경기도 군포시,4141000000,시군구,202605,249770.0,33853.0,29111.0,34049.0,34864.0,44767.0,73126.0
경기도 의왕시,4143000000,시군구,202605,163071.0,24830.0,17335.0,25015.0,22502.0,26918.0,46471.0
경기도 하남시,4145000000,시군구,202605,327571.0,59543.0,32576.0,48644.0,59454.0,49943.0,77411.0
경기도 용인시,4146000000,시군구,202605,1089693.0,191705.0,125170.0,138273.0,178430.0,192929.0,263186.0
경기도 용인시 처인구,4146100000,시군구,202605,285532.0,44408.0,31939.0,37753.0,44146.0,49839.0,77447.0
경기도 용인시 기흥구,4146300000,시군구,202605,434363.0,74691.0,52467.0,52680.0,69586.0,80348.0,104591.0
경기도 용인시 수지구,4146500000,시군구,202605,369798.0,72606.0,40764.0,47840.0,64698.0,62742.0,81148.0
경기도 파주시,4148000000,시군구,202605,532124.0,94055.0,54382.0,74120.0,88196.0,89971.0,131400.0
경기도 이천시,4150000000,시군구,202605,223635.0,34752.0,26119.0,31471.0,33311.0,37049.0,60933.0
경기도 안성시,4155000000,시군구,202605,198631.0,28114.0,21860.0,23862.0,28934.0,34418.0,61443.0
경기도 김포시,4157000000,시군구,202605,484047.0,92803.0,45420.0,61875.0,90489.0,77170.0,116290.0
경기도 화성시,4159000000,시군구,202605,997713.0,206789.0,108432.0,165584.0,186451.0,153507.0,176950.0
경기도 화성시 만세구,4159100000,시군구,202605,234599.0,38909.0,23314.0,31839.0,39473.0,39724.0,61340.0
경기도 화성시 효행구,4159300000,시군구,202605,159975.0,28970.0,16536.0,25941.0,26176.0,25847.0,36505.0
경기도 화성시 병점구,4159500000,시군구,202605,174699.0,32810.0,22010.0,29508.0,30898.0,27764.0,31709.0
경기도 화성시 동탄구,4159700000,시군구,202605,428440.0,106100.0,46572.0,78296.0,89904.0,60172.0,47396.0
경기도 광주시,4161000000,시군구,202605,398250.0,62325.0,37586.0,51471.0,66863.0,70317.0,109688.0
경기도 양주시,4163000000,시군구,202605,296976.0,51446.0,30324.0,40096.0,46447.0,50314.0,78349.0
경기도 포천시,4165000000,시군구,202605,140464.0,15195.0,13739.0,14008.0,15281.0,25763.0,56478.0
경기도 여주시,4167000000,시군구,202605,113541.0,13927.0,9585.0,11262.0,14358.0,19830.0,44579.0
경기도 연천군,4180000000,시군구,202605,42868.0,4615.0,4302.0,4198.0,4233.0,6460.0,19060.0
경기도 가평군,4182000000,시군구,202605,62044.0,6418.0,5165.0,5353.0,6681.0,10381.0,28046.0
경기도 양평군,4183000000,시군구,202605,126746.0,15266.0,8718.0,10410.0,15069.0,21109.0,56174.0
충청북도,4300000000,시도,202605,1600216.0,234771.0,165293.0,194455.0,219564.0,270433.0,515700.0
충청북도 청주시,4311000000,시군구,202605,859441.0,142152.0,101808.0,123855.0,129596.0,142374.0,219656.0
충청북도 청주시 상당구,4311100000,시군구,202605,193425.0,31997.0,19493.0,23796.0,28350.0,33422.0,56367.0
충청북도 청주시 서원구,4311200000,시군구,202605,187416.0,27055.0,24485.0,23000.0,24904.0,33433.0,54539.0
충청북도 청주시 흥덕구,4311300000,시군구,202605,292288.0,50750.0,36008.0,50361.0,45801.0,46373.0,62995.0
충청북도 청주시 청원구,4311400000,시군구,202605,186312.0,32350.0,21822.0,26698.0,30541.0,29146.0,45755.0
충청북도 충주시,4313000000,시군구,202605,206179.0,27787.0,19809.0,22516.0,26892.0,35755.0,73420.0
충청북도 제천시,4315000000,시군구,202605,128306.0,16912.0,12687.0,11360.0,14901.0,22146.0,50300.0
충청북도 보은군,4372000000,시군구,202605,30716.0,2710.0,1787.0,1817.0,2654.0,4773.0,16975.0
충청북도 옥천군,4373000000,시군구,202605,50423.0,5150.0,3777.0,3422.0,5229.0,8692.0,24153.0
충청북도 영동군,4374000000,시군구,202605,43031.0,3961.0,2835.0,2636.0,3753.0,7316.0,22530.0
충청북도 증평군,4374500000,시군구,202605,36724.0,5539.0,3509.0,4500.0,5208.0,6190.0,11778.0
충청북도 진천군,4375000000,시군구,202605,85558.0,13958.0,7304.0,10641.0,13626.0,14659.0,25370.0
충청북도 괴산군,4376000000,시군구,202605,37428.0,2769.0,2107.0,2109.0,3088.0,6195.0,21160.0
충청북도 음성군,4377000000,시군구,202605,95787.0,11623.0,8152.0,10024.0,12290.0,17826.0,35872.0
충청북도 단양군,4380000000,시군구,202605,26623.0,2210.0,1518.0,1575.0,2327.0,4507.0,14486.0
충청남도,4400000000,시도,202605,2138517.0,326177.0,209005.0,252221.0,310923.0,353966.0,686225.0
충청남도 천안시,4413000000,시군구,202605,665858.0,110872.0,84543.0,98381.0,108492.0,111865.0,151705.0
충청남도 천안시 동남구,4413100000,시군구,202605,263552.0,39382.0,32367.0,33178.0,38673.0,46174.0,73778.0
충청남도 천안시 서북구,4413300000,시군구,202605,402306.0,71490.0,52176.0,65203.0,69819.0,65691.0,77927.0
충청남도 공주시,4415000000,시군구,202605,99841.0,11359.0,10036.0,7934.0,10753.0,16179.0,43580.0
충청남도 보령시,4418000000,시군구,202605,91353.0,10675.0,6737.0,7373.0,10845.0,15729.0,39994.0
충청남도 아산시,4420000000,시군구,202605,363223.0,69552.0,37544.0,52759.0,64688.0,56912.0,81768.0
충청남도 서산시,4421000000,시군구,202605,171306.0,26694.0,15059.0,19300.0,24679.0,29792.0,55782.0
충청남도 논산시,4423000000,시군구,202605,106094.0,12701.0,8224.0,8969.0,11877.0,17824.0,46499.0
충청남도 계룡시,4425000000,시군구,202605,45972.0,9260.0,4357.0,5287.0,7739.0,8356.0,10973.0
충청남도 당진시,4427000000,시군구,202605,172285.0,28021.0,13734.0,20424.0,27361.0,29013.0,53732.0
충청남도 금산군,4471000000,시군구,202605,48975.0,5400.0,3092.0,2941.0,4807.0,8383.0,24352.0
충청남도 부여군,4476000000,시군구,202605,57822.0,5262.0,3480.0,3357.0,5307.0,9021.0,31395.0
충청남도 서천군,4477000000,시군구,202605,46844.0,4111.0,2705.0,2727.0,4195.0,7393.0,25713.0
충청남도 청양군,4479000000,시군구,202605,30081.0,2725.0,2199.0,1738.0,2533.0,4679.0,16207.0
충청남도 홍성군,4480000000,시군구,202605,101443.0,15476.0,8242.0,10660.0,13274.0,16321.0,37470.0
충청남도 예산군,4481000000,시군구,202605,78337.0,8591.0,5308.0,6497.0,8300.0,12740.0,36901.0
충청남도 태안군,4482500000,시군구,202605,59083.0,5478.0,3745.0,3874.0,6073.0,9759.0,30154.0
전라남도,4600000000,시도,202605,1774082.0,247675.0,154633.0,170717.0,224471.0,300472.0,676114.0
전라남도 목포시,4611000000,시군구,202605,199813.0,30718.0,20367.0,19214.0,30148.0,35962.0,63404.0
전라남도 여수시,4613000000,시군구,202605,260913.0,37595.0,24495.0,27057.0,35305.0,45250.0,91211.0
전라남도 순천시,4615000000,시군구,202605,274685.0,45462.0,29267.0,32685.0,38200.0,47602.0,81469.0
전라남도 나주시,4617000000,시군구,202605,116791.0,18838.0,9790.0,14587.0,16346.0,17293.0,39937.0
전라남도 광양시,4623000000,시군구,202605,155909.0,26612.0,15619.0,20279.0,22376.0,29487.0,41536.0
전라남도 담양군,4671000000,시군구,202605,44112.0,4415.0,3065.0,3175.0,4303.0,7444.0,21710.0
전라남도 곡성군,4672000000,시군구,202605,27643.0,2362.0,1810.0,1814.0,2376.0,4658.0,14623.0
전라남도 구례군,4673000000,시군구,202605,23995.0,2217.0,1495.0,1261.0,2173.0,4107.0,12742.0
전라남도 고흥군,4677000000,시군구,202605,59047.0,4804.0,2917.0,3051.0,4890.0,8876.0,34509.0
전라남도 보성군,4678000000,시군구,202605,36691.0,3198.0,2120.0,1945.0,3117.0,5679.0,20632.0
전라남도 화순군,4679000000,시군구,202605,60008.0,7026.0,5379.0,4829.0,6217.0,10707.0,25850.0
전라남도 장흥군,4680000000,시군구,202605,34006.0,3486.0,2205.0,2217.0,3267.0,5440.0,17391.0
전라남도 강진군,4681000000,시군구,202605,31746.0,3438.0,2067.0,2164.0,2944.0,4852.0,16281.0
전라남도 해남군,4682000000,시군구,202605,62086.0,6664.0,4118.0,3962.0,6231.0,10201.0,30910.0
전라남도 영암군,4683000000,시군구,202605,50069.0,5718.0,3901.0,3717.0,6139.0,9096.0,21498.0
전라남도 무안군,4684000000,시군구,202605,95807.0,18256.0,9193.0,11380.0,15147.0,14313.0,27518.0
전라남도 함평군,4686000000,시군구,202605,29490.0,2593.0,1774.0,1818.0,2604.0,4845.0,15856.0
전라남도 영광군,4687000000,시군구,202605,53933.0,7262.0,4454.0,5116.0,5998.0,8637.0,22466.0
전라남도 장성군,4688000000,시군구,202605,43009.0,4890.0,3287.0,3446.0,4524.0,7234.0,19628.0
전라남도 완도군,4689000000,시군구,202605,44238.0,5042.0,2635.0,2715.0,5051.0,7011.0,21784.0
전라남도 진도군,4690000000,시군구,202605,27884.0,2992.0,1840.0,1776.0,2771.0,4466.0,14039.0
전라남도 신안군,4691000000,시군구,202605,42207.0,4087.0,2835.0,2509.0,4344.0,7312.0,21120.0
경상북도,4700000000,시도,202605,2496706.0,339037.0,214190.0,251191.0,328055.0,429821.0,934412.0
경상북도 포항시,4711000000,시군구,202605,487055.0,73455.0,42553.0,54387.0,69694.0,83731.0,163235.0
경상북도 포항시 남구,4711100000,시군구,202605,213333.0,30733.0,19271.0,22079.0,30890.0,36980.0,73380.0
경상북도 포항시 북구,4711300000,시군구,202605,273722.0,42722.0,23282.0,32308.0,38804.0,46751.0,89855.0
경상북도 경주시,4713000000,시군구,202605,243141.0,29799.0,19793.0,23085.0,29776.0,44464.0,96224.0
경상북도 김천시,4715000000,시군구,202605,132840.0,19032.0,10146.0,12857.0,16928.0,22076.0,51801.0
경상북도 안동시,4717000000,시군구,202605,152246.0,20242.0,14945.0,14029.0,18111.0,25300.0,59619.0
경상북도 구미시,4719000000,시군구,202605,402867.0,71227.0,42703.0,57256.0,69397.0,71739.0,90545.0
경상북도 영주시,4721000000,시군구,202605,96511.0,12416.0,7583.0,7395.0,10742.0,16379.0,41996.0
경상북도 영천시,4723000000,시군구,202605,94331.0,10013.0,6019.0,7626.0,9868.0,16199.0,44606.0
경상북도 상주시,4725000000,시군구,202605,89382.0,10107.0,5736.0,5890.0,9009.0,14356.0,44284.0
경상북도 문경시,4728000000,시군구,202605,64792.0,7148.0,4279.0,4331.0,6673.0,10576.0,31785.0
경상북도 경산시,4729000000,시군구,202605,263639.0,37171.0,33136.0,30263.0,35944.0,45784.0,81341.0
경상북도 의성군,4773000000,시군구,202605,47893.0,3289.0,1869.0,2587.0,3716.0,6947.0,29485.0
경상북도 청송군,4775000000,시군구,202605,23280.0,1655.0,1117.0,1454.0,1862.0,3657.0,13535.0
경상북도 영양군,4776000000,시군구,202605,15969.0,1280.0,903.0,946.0,1344.0,2594.0,8902.0
경상북도 영덕군,4777000000,시군구,202605,32525.0,2613.0,1523.0,1793.0,2931.0,5191.0,18474.0
경상북도 청도군,4782000000,시군구,202605,40058.0,2952.0,1637.0,2098.0,3504.0,6198.0,23669.0
경상북도 고령군,4783000000,시군구,202605,29581.0,2453.0,1668.0,1872.0,2823.0,5200.0,15565.0
경상북도 성주군,4784000000,시군구,202605,40552.0,3192.0,1856.0,2733.0,3788.0,6724.0,22259.0
경상북도 칠곡군,4785000000,시군구,202605,103618.0,14782.0,8188.0,9514.0,17013.0,21095.0,33026.0
경상북도 예천군,4790000000,시군구,202605,53467.0,8133.0,3108.0,4902.0,6646.0,7373.0,23305.0
경상북도 봉화군,4792000000,시군구,202605,28107.0,2340.0,1259.0,1334.0,2261.0,4444.0,16469.0
경상북도 울진군,4793000000,시군구,202605,46096.0,5091.0,3536.0,4060.0,4972.0,8046.0,20391.0
경상북도 울릉군,4794000000,시군구,202605,8756.0,647.0,633.0,779.0,1053.0,1748.0,3896.0
경상남도,4800000000,시도,202605,3196632.0,485149.0,281418.0,341230.0,468600.0,575621.0,1044614.0
경상남도 창원시,4812000000,시군구,202605,986759.0,150310.0,95365.0,118677.0,149050.0,175484.0,297873.0
경상남도 창원시 의창구,4812100000,시군구,202605,208424.0,30930.0,20891.0,25758.0,30475.0,37693.0,62677.0
경상남도 창원시 성산구,4812300000,시군구,202605,245920.0,39442.0,27550.0,36276.0,36671.0,45874.0,60107.0
경상남도 창원시 마산합포구,4812500000,시군구,202605,174767.0,24409.0,14564.0,18317.0,25444.0,28131.0,63902.0
경상남도 창원시 마산회원구,4812700000,시군구,202605,174485.0,24117.0,15361.0,17991.0,24830.0,31555.0,60631.0
경상남도 창원시 진해구,4812900000,시군구,202605,183163.0,31412.0,16999.0,20335.0,31630.0,32231.0,50556.0
경상남도 진주시,4817000000,시군구,202605,334984.0,53500.0,37184.0,38911.0,46366.0,56864.0,102159.0
경상남도 통영시,4822000000,시군구,202605,115818.0,16690.0,8345.0,8673.0,17025.0,21703.0,43382.0
경상남도 사천시,4824000000,시군구,202605,107808.0,15128.0,8743.0,10410.0,15017.0,19459.0,39051.0
경상남도 김해시,4825000000,시군구,202605,532665.0,91726.0,52683.0,64830.0,85197.0,104559.0,133670.0
경상남도 밀양시,4827000000,시군구,202605,98619.0,10318.0,6316.0,7464.0,10876.0,16177.0,47468.0
경상남도 거제시,4831000000,시군구,202605,229221.0,42202.0,17845.0,22011.0,43757.0,45376.0,58030.0
경상남도 양산시,4833000000,시군구,202605,361433.0,62025.0,31285.0,44794.0,59887.0,63633.0,99809.0
경상남도 의령군,4872000000,시군구,202605,24481.0,1927.0,1219.0,1365.0,2141.0,3978.0,13851.0
경상남도 함안군,4873000000,시군구,202605,56985.0,7060.0,3527.0,3737.0,6912.0,10205.0,25544.0
경상남도 창녕군,4874000000,시군구,202605,54536.0,5451.0,2632.0,3530.0,5522.0,8992.0,28409.0
경상남도 고성군,4882000000,시군구,202605,46849.0,4906.0,2534.0,2516.0,4859.0,8114.0,23920.0
경상남도 남해군,4884000000,시군구,202605,41091.0,3877.0,2309.0,2207.0,3533.0,6637.0,22528.0
경상남도 하동군,4885000000,시군구,202605,39703.0,3124.0,1941.0,2104.0,3216.0,7035.0,22283.0
경상남도 산청군,4886000000,시군구,202605,32672.0,2407.0,1562.0,1631.0,2513.0,5602.0,18957.0
경상남도 함양군,4887000000,시군구,202605,35217.0,3495.0,1916.0,1986.0,3173.0,6004.0,18643.0
경상남도 거창군,4888000000,시군구,202605,58874.0,8197.0,4251.0,4465.0,6402.0,9770.0,25789.0
경상남도 합천군,4889000000,시군구,202605,38917.0,2806.0,1761.0,1919.0,3154.0,6029.0,23248.0
제주특별자치도,5000000000,시도,202605,662969.0,112957.0,63931.0,76844.0,101565.0,118346.0,189326.0
제주특별자치도 제주시,5011000000,시군구,202605,484171.0,84639.0,49788.0,59897.0,74981.0,85860.0,129006.0
제주특별자치도 서귀포시,5013000000,시군구,202605,178798.0,28318.0,14143.0,16947.0,26584.0,32486.0,60320.0
강원특별자치도,5100000000,시도,202605,1507237.0,203945.0,145555.0,159144.0,192137.0,255410.0,551046.0
강원특별자치도 춘천시,5111000000,시군구,202605,285160.0,42566.0,34631.0,34960.0,38298.0,46045.0,88660.0
강원특별자치도 원주시,5113000000,시군구,202605,364570.0,57808.0,38191.0,47419.0,53187.0,62205.0,105760.0
강원특별자치도 강릉시,5115000000,시군구,202605,205790.0,26337.0,19925.0,20631.0,26596.0,36188.0,76113.0
강원특별자치도 동해시,5117000000,시군구,202605,85608.0,12259.0,7275.0,8063.0,11650.0,15762.0,30599.0
강원특별자치도 태백시,5119000000,시군구,202605,36853.0,4566.0,2594.0,2679.0,4706.0,6608.0,15700.0
강원특별자치도 속초시,5121000000,시군구,202605,78805.0,10551.0,6538.0,8586.0,10523.0,14215.0,28392.0
강원특별자치도 삼척시,5123000000,시군구,202605,60408.0,7269.0,5759.0,4618.0,6734.0,10445.0,25583.0
강원특별자치도 홍천군,5172000000,시군구,202605,65889.0,6991.0,4712.0,5389.0,6620.0,10548.0,31629.0
강원특별자치도 횡성군,5173000000,시군구,202605,45596.0,4732.0,2749.0,2782.0,4165.0,7330.0,23838.0
강원특별자치도 영월군,5175000000,시군구,202605,35757.0,3555.0,2269.0,2201.0,3524.0,6122.0,18086.0
강원특별자치도 평창군,5176000000,시군구,202605,39917.0,3666.0,2648.0,2515.0,3964.0,7144.0,19980.0
강원특별자치도 정선군,5177000000,시군구,202605,35113.0,3105.0,2376.0,2301.0,3905.0,6632.0,16794.0
강원특별자치도 철원군,5178000000,시군구,202605,39727.0,5204.0,3946.0,4098.0,4382.0,6177.0,15920.0
강원특별자치도 화천군,5179000000,시군구,202605,22328.0,2772.0,2636.0,2464.0,2178.0,3285.0,8993.0
강원특별자치도 양구군,5180000000,시군구,202605,20358.0,3027.0,2065.0,2187.0,2241.0,3013.0,7825.0
강원특별자치도 인제군,5181000000,시군구,202605,30752.0,3983.0,3276.0,3736.0,3600.0,4568.0,11589.0
강원특별자치도 고성군,5182000000,시군구,202605,27189.0,2790.0,2157.0,2480.0,2760.0,4491.0,12511.0
강원특별자치도 양양군,5183000000,시군구,202605,27417.0,2764.0,1808.0,2035.0,3104.0,4632.0,13074.0
전북특별자치도,5200000000,시도,202605,1719420.0,243738.0,168475.0,172871.0,223238.0,296833.0,614265.0
전북특별자치도 전주시,5211000000,시군구,202605,621760.0,101455.0,75182.0,74444.0,90609.0,107334.0,172736.0
전북특별자치도 전주시 완산구,5211100000,시군구,202605,314034.0,46441.0,38045.0,36491.0,42988.0,55780.0,94289.0
전북특별자치도 전주시 덕진구,5211300000,시군구,202605,307726.0,55014.0,37137.0,37953.0,47621.0,51554.0,78447.0
전북특별자치도 군산시,5213000000,시군구,202605,255649.0,38494.0,23558.0,25862.0,37430.0,45567.0,84738.0
전북특별자치도 익산시,5214000000,시군구,202605,266818.0,37098.0,28209.0,27355.0,33847.0,47248.0,93061.0
전북특별자치도 정읍시,5218000000,시군구,202605,100683.0,12109.0,7958.0,7960.0,11280.0,17726.0,43650.0
전북특별자치도 남원시,5219000000,시군구,202605,73937.0,9019.0,5349.0,5429.0,7947.0,13195.0,32998.0
전북특별자치도 김제시,5221000000,시군구,202605,81665.0,9066.0,6157.0,6938.0,8560.0,13166.0,37778.0
전북특별자치도 완주군,5271000000,시군구,202605,100033.0,14226.0,8445.0,11290.0,13002.0,16834.0,36236.0
전북특별자치도 진안군,5272000000,시군구,202605,24414.0,2287.0,1516.0,1368.0,2057.0,4014.0,13172.0
전북특별자치도 무주군,5273000000,시군구,202605,23202.0,2341.0,1482.0,1507.0,2226.0,3901.0,11745.0
전북특별자치도 장수군,5274000000,시군구,202605,21144.0,2114.0,1346.0,1274.0,1986.0,3452.0,10972.0
전북특별자치도 임실군,5275000000,시군구,202605,25347.0,2304.0,1429.0,1632.0,2172.0,3911.0,13899.0
전북특별자치도 순창군,5277000000,시군구,202605,27611.0,3028.0,1981.0,1704.0,2735.0,4656.0,13507.0
전북특별자치도 고창군,5279000000,시군구,202605,50148.0,5561.0,2957.0,3143.0,4695.0,8051.0,25741.0
전북특별자치도 부안군,5280000000,시군구,202605,47009.0,4636.0,2906.0,2965.0,4692.0,7778.0,24032.0
서울특별시,1100000000,시도,202606,9289813.0,1169440.0,1232287.0,1469771.0,1355706.0,1461205.0,2601404.0
서울특별시 종로구,1111000000,시군구,202606,136318.0,14035.0,19870.0,19983.0,17996.0,22468.0,41966.0
서울특별시 중구,1114000000,시군구,202606,117558.0,10669.0,15371.0,21242.0,16146.0,17699.0,36431.0
서울특별시 용산구,1117000000,시군구,202606,199648.0,22306.0,25587.0,36964.0,28896.0,31407.0,54488.0
서울특별시 성동구,1120000000,시군구,202606,274517.0,32816.0,37232.0,48379.0,39523.0,42576.0,73991.0
서울특별시 광진구,1121500000,시군구,202606,330905.0,36070.0,54203.0,57074.0,45786.0,50606.0,87166.0
서울특별시 동대문구,1123000000,시군구,202606,352848.0,41253.0,55543.0,56239.0,48440.0,52717.0,98656.0
서울특별시 중랑구,1126000000,시군구,202606,376386.0,39084.0,44093.0,59263.0,50346.0,60798.0,122802.0
서울특별시 성북구,1129000000,시군구,202606,421762.0,54990.0,61979.0,57119.0,59091.0,70249.0,118334.0
서울특별시 강북구,1130500000,시군구,202606,278041.0,27021.0,33563.0,34348.0,35804.0,48147.0,99158.0
서울특별시 도봉구,1132000000,시군구,202606,298225.0,32390.0,32350.0,37078.0,39091.0,51340.0,105976.0
서울특별시 노원구,1135000000,시군구,202606,481053.0,65944.0,59934.0,61844.0,67968.0,82545.0,142818.0
서울특별시 은평구,1138000000,시군구,202606,453212.0,52863.0,54464.0,67057.0,63699.0,76113.0,139016.0
서울특별시 서대문구,1141000000,시군구,202606,299810.0,36581.0,44450.0,45494.0,41609.0,47306.0,84370.0
서울특별시 마포구,1144000000,시군구,202606,356487.0,43500.0,53618.0,64549.0,54121.0,55772.0,84927.0
서울특별시 양천구,1147000000,시군구,202606,421247.0,67770.0,44916.0,51502.0,68533.0,71015.0,117511.0
서울특별시 강서구,1150000000,시군구,202606,548515.0,65904.0,69662.0,96634.0,81283.0,81016.0,154016.0
서울특별시 구로구,1153000000,시군구,202606,382633.0,45769.0,45049.0,61915.0,54106.0,59519.0,116275.0
서울특별시 금천구,1154500000,시군구,202606,222503.0,19936.0,30857.0,40127.0,27353.0,34335.0,69895.0
서울특별시 영등포구,1156000000,시군구,202606,371867.0,41890.0,51706.0,75168.0,51992.0,53677.0,97434.0
서울특별시 동작구,1159000000,시군구,202606,371999.0,42138.0,59040.0,62224.0,50513.0,56362.0,101722.0
서울특별시 관악구,1162000000,시군구,202606,477797.0,37006.0,100974.0,94944.0,57252.0,64000.0,123621.0
서울특별시 서초구,1165000000,시군구,202606,414383.0,71712.0,47266.0,57312.0,70769.0,68785.0,98539.0
서울특별시 강남구,1168000000,시군구,202606,552830.0,94876.0,61459.0,79268.0,98953.0,88838.0,129436.0
서울특별시 송파구,1171000000,시군구,202606,650258.0,97348.0,74920.0,106828.0,105181.0,98757.0,167224.0
서울특별시 강동구,1174000000,시군구,202606,499011.0,75569.0,54181.0,77216.0,81255.0,75158.0,135632.0
부산광역시,2600000000,시도,202606,3232370.0,431324.0,330103.0,388502.0,455808.0,523555.0,1103078.0
부산광역시 중구,2611000000,시군구,202606,36306.0,2114.0,4610.0,3991.0,3796.0,5826.0,15969.0
부산광역시 서구,2614000000,시군구,202606,101216.0,11010.0,10439.0,10073.0,12459.0,16286.0,40949.0
부산광역시 동구,2617000000,시군구,202606,83354.0,7830.0,7777.0,10581.0,10401.0,13373.0,33392.0
부산광역시 영도구,2620000000,시군구,202606,100570.0,9643.0,8515.0,8744.0,11759.0,16482.0,45427.0
부산광역시 부산진구,2623000000,시군구,202606,364912.0,42760.0,45754.0,54401.0,48851.0,55516.0,117630.0
부산광역시 동래구,2626000000,시군구,202606,271097.0,43057.0,24899.0,31745.0,42041.0,43821.0,85534.0
부산광역시 남구,2629000000,시군구,202606,254413.0,34817.0,30401.0,28046.0,35053.0,41644.0,84452.0
부산광역시 북구,2632000000,시군구,202606,260736.0,32895.0,23870.0,31159.0,33315.0,44563.0,94934.0
부산광역시 해운대구,2635000000,시군구,202606,370739.0,54395.0,34510.0,41252.0,54873.0,65167.0,120542.0
부산광역시 사하구,2638000000,시군구,202606,282159.0,34135.0,28190.0,29704.0,38100.0,48144.0,103886.0
부산광역시 금정구,2641000000,시군구,202606,205672.0,23103.0,25459.0,20516.0,24919.0,33098.0,78577.0
부산광역시 강서구,2644000000,시군구,202606,153555.0,35295.0,10609.0,24222.0,32063.0,19137.0,32229.0
부산광역시 연제구,2647000000,시군구,202606,211464.0,29313.0,21029.0,28495.0,30803.0,33476.0,68348.0
부산광역시 수영구,2650000000,시군구,202606,168440.0,18608.0,18958.0,22958.0,22774.0,25956.0,59186.0
부산광역시 사상구,2653000000,시군구,202606,192475.0,20257.0,20624.0,22402.0,23603.0,32677.0,72912.0
부산광역시 기장군,2671000000,시군구,202606,175262.0,32092.0,14459.0,20213.0,30998.0,28389.0,49111.0
대구광역시,2700000000,시도,202606,2348165.0,343716.0,247258.0,285821.0,331806.0,408408.0,731156.0
대구광역시 중구,2711000000,시군구,202606,101754.0,15790.0,13618.0,18534.0,15016.0,14286.0,24510.0
대구광역시 동구,2714000000,시군구,202606,338476.0,44655.0,32990.0,44355.0,46136.0,55561.0,114779.0
대구광역시 서구,2717000000,시군구,202606,163508.0,16535.0,14238.0,19605.0,19463.0,28092.0,65575.0
대구광역시 남구,2720000000,시군구,202606,141344.0,14025.0,16357.0,18435.0,17282.0,23307.0,51938.0
대구광역시 북구,2723000000,시군구,202606,406915.0,58455.0,49706.0,47698.0,55571.0,75620.0,119865.0
대구광역시 수성구,2726000000,시군구,202606,408147.0,71229.0,41461.0,42906.0,62559.0,73674.0,116318.0
대구광역시 달서구,2729000000,시군구,202606,513399.0,74979.0,56683.0,61016.0,70913.0,93303.0,156505.0
대구광역시 달성군,2771000000,시군구,202606,252000.0,46805.0,21296.0,32124.0,43243.0,41054.0,67478.0
대구광역시 군위군,2772000000,시군구,202606,22622.0,1243.0,909.0,1148.0,1623.0,3511.0,14188.0
인천광역시,2800000000,시도,202606,3061002.0,462573.0,330992.0,433555.0,472981.0,514311.0,846590.0
인천광역시 중구,2811000000,시군구,202606,179030.0,28989.0,22005.0,29415.0,29743.0,27552.0,41326.0
인천광역시 동구,2814000000,시군구,202606,57926.0,6629.0,5273.0,6582.0,8065.0,9811.0,21566.0
인천광역시 미추홀구,2817700000,시군구,202606,418211.0,55321.0,48350.0,58716.0,62276.0,68627.0,124921.0
인천광역시 연수구,2818500000,시군구,202606,410290.0,79809.0,44212.0,57188.0,71010.0,68191.0,89880.0
인천광역시 남동구,2820000000,시군구,202606,479149.0,66567.0,53016.0,60780.0,71866.0,84023.0,142897.0
인천광역시 부평구,2823700000,시군구,202606,488191.0,63527.0,52737.0,73750.0,69996.0,82362.0,145819.0
인천광역시 계양구,2824500000,시군구,202606,276309.0,32500.0,30338.0,37091.0,36840.0,51727.0,87813.0
인천광역시 서구,2826000000,시군구,202606,662875.0,121190.0,68919.0,103662.0,114530.0,108412.0,146162.0
인천광역시 강화군,2871000000,시군구,202606,69681.0,6689.0,4090.0,4805.0,6818.0,10573.0,36706.0
인천광역시 옹진군,2872000000,시군구,202606,19340.0,1352.0,2052.0,1566.0,1837.0,3033.0,9500.0
광주광역시,2900000000,시도,202606,1385460.0,226312.0,165942.0,173903.0,209677.0,239520.0,370106.0
광주광역시 동구,2911000000,시군구,202606,105200.0,14296.0,13400.0,14280.0,14060.0,15312.0,33852.0
광주광역시 서구,2914000000,시군구,202606,274624.0,40643.0,34805.0,34121.0,40015.0,49160.0,75880.0
광주광역시 남구,2915500000,시군구,202606,205647.0,35198.0,20789.0,22740.0,31827.0,32635.0,62458.0
광주광역시 북구,2917000000,시군구,202606,416783.0,64420.0,48199.0,53589.0,60775.0,70581.0,119219.0
광주광역시 광산구,2920000000,시군구,202606,383206.0,71755.0,48749.0,49173.0,63000.0,71832.0,78697.0
대전광역시,3000000000,시도,202606,1442034.0,220887.0,185483.0,196767.0,206836.0,241715.0,390346.0
대전광역시 동구,3011000000,시군구,202606,218251.0,29420.0,27661.0,25328.0,28682.0,36118.0,71042.0
대전광역시 중구,3014000000,시군구,202606,224273.0,30667.0,24631.0,26342.0,30437.0,38360.0,73836.0
대전광역시 서구,3017000000,시군구,202606,464359.0,73240.0,62709.0,66511.0,68764.0,76901.0,116234.0
대전광역시 유성구,3020000000,시군구,202606,371104.0,67126.0,52261.0,59245.0,58142.0,59074.0,75256.0
대전광역시 대덕구,3023000000,시군구,202606,164047.0,20434.0,18221.0,19341.0,20811.0,31262.0,53978.0
울산광역시,3100000000,시도,202606,1087089.0,173981.0,106730.0,136932.0,167127.0,195449.0,306870.0
울산광역시 중구,3111000000,시군구,202606,203026.0,30012.0,18264.0,24501.0,29405.0,35904.0,64940.0
울산광역시 남구,3114000000,시군구,202606,304337.0,45492.0,33342.0,42723.0,44462.0,55029.0,83289.0
울산광역시 동구,3117000000,시군구,202606,147756.0,24662.0,13866.0,16762.0,25780.0,23975.0,42711.0
울산광역시 북구,3120000000,시군구,202606,213685.0,41828.0,20427.0,29255.0,37266.0,37713.0,47196.0
울산광역시 울주군,3171000000,시군구,202606,218285.0,31987.0,20831.0,23691.0,30214.0,42828.0,68734.0
세종특별자치시,3600000000,시도,202606,390923.0,91540.0,36172.0,56878.0,75664.0,60149.0,70520.0
세종특별자치시,3611000000,시도,202606,390923.0,91540.0,36172.0,56878.0,75664.0,60149.0,70520.0
경기도,4100000000,시도,202606,13761783.0,2199084.0,1526085.0,1937513.0,2167602.0,2358937.0,3572562.0
경기도 수원시,4111000000,시군구,202606,1185770.0,180973.0,159031.0,189037.0,182464.0,199613.0,274652.0
경기도 수원시 장안구,4111100000,시군구,202606,269984.0,38149.0,37143.0,35565.0,37609.0,48937.0,72581.0
경기도 수원시 권선구,4111300000,시군구,202606,360286.0,52091.0,43883.0,57790.0,55644.0,60933.0,89945.0
경기도 수원시 팔달구,4111500000,시군구,202606,193401.0,23309.0,27770.0,32776.0,26455.0,31839.0,51252.0
경기도 수원시 영통구,4111700000,시군구,202606,362099.0,67424.0,50235.0,62906.0,62756.0,57904.0,60874.0
경기도 성남시,4113000000,시군구,202606,902344.0,134446.0,102096.0,134397.0,139684.0,149609.0,242112.0
경기도 성남시 수정구,4113100000,시군구,202606,234639.0,29263.0,27242.0,36460.0,33950.0,38086.0,69638.0
경기도 성남시 중원구,4113300000,시군구,202606,200064.0,23466.0,22724.0,30796.0,28233.0,32886.0,61959.0
경기도 성남시 분당구,4113500000,시군구,202606,467641.0,81717.0,52130.0,67141.0,77501.0,78637.0,110515.0
경기도 의정부시,4115000000,시군구,202606,461917.0,65750.0,52281.0,60921.0,67438.0,81564.0,133963.0
경기도 안양시,4117000000,시군구,202606,562305.0,83871.0,62098.0,87426.0,82723.0,93082.0,153105.0
경기도 안양시 만안구,4117100000,시군구,202606,233711.0,28572.0,26182.0,35385.0,31130.0,38811.0,73631.0
경기도 안양시 동안구,4117300000,시군구,202606,328594.0,55299.0,35916.0,52041.0,51593.0,54271.0,79474.0
경기도 부천시,4119000000,시군구,202606,755453.0,98923.0,82659.0,104327.0,109763.0,131252.0,228529.0
경기도 부천시 원미구,4119200000,시군구,202606,382339.0,50778.0,43958.0,55060.0,56173.0,65840.0,110530.0
경기도 부천시 소사구,4119400000,시군구,202606,224202.0,32299.0,21882.0,29913.0,34836.0,36828.0,68444.0
경기도 부천시 오정구,4119600000,시군구,202606,148912.0,15846.0,16819.0,19354.0,18754.0,28584.0,49555.0
경기도 광명시,4121000000,시군구,202606,303666.0,47113.0,33095.0,45434.0,47026.0,51596.0,79402.0
경기도 평택시,4122000000,시군구,202606,619670.0,105627.0,72154.0,101733.0,101939.0,102985.0,135232.0
경기도 동두천시,4125000000,시군구,202606,86265.0,10789.0,8271.0,8283.0,10985.0,15712.0,32225.0
경기도 안산시,4127000000,시군구,202606,609240.0,80257.0,79510.0,83056.0,83491.0,118966.0,163960.0
경기도 안산시 상록구,4127100000,시군구,202606,320773.0,41164.0,42963.0,41051.0,43299.0,63902.0,88394.0
경기도 안산시 단원구,4127300000,시군구,202606,288467.0,39093.0,36547.0,42005.0,40192.0,55064.0,75566.0
경기도 고양시,4128000000,시군구,202606,1057438.0,154989.0,116357.0,144148.0,156079.0,193285.0,292580.0
경기도 고양시 덕양구,4128100000,시군구,202606,483048.0,70532.0,49972.0,70229.0,73479.0,83566.0,135270.0
경기도 고양시 일산동구,4128500000,시군구,202606,298269.0,42944.0,34702.0,41362.0,43506.0,55473.0,80282.0
경기도 고양시 일산서구,4128700000,시군구,202606,276121.0,41513.0,31683.0,32557.0,39094.0,54246.0,77028.0
경기도 과천시,4129000000,시군구,202606,80832.0,16432.0,8128.0,12481.0,13061.0,11888.0,18842.0
경기도 구리시,4131000000,시군구,202606,187782.0,26192.0,21031.0,26418.0,27846.0,33244.0,53051.0
경기도 남양주시,4136000000,시군구,202606,727440.0,123051.0,74870.0,84156.0,117964.0,130341.0,197058.0
경기도 오산시,4137000000,시군구,202606,253590.0,45310.0,28600.0,41180.0,46903.0,41985.0,49612.0
경기도 시흥시,4139000000,시군구,202606,514831.0,89033.0,56466.0,73863.0,88416.0,92282.0,114771.0
경기도 군포시,4141000000,시군구,202606,249462.0,33730.0,28961.0,33993.0,34857.0,44684.0,73237.0
경기도 의왕시,4143000000,시군구,202606,164221.0,24953.0,17392.0,25381.0,22671.0,27067.0,46757.0
경기도 하남시,4145000000,시군구,202606,327495.0,59475.0,32421.0,48648.0,59383.0,49974.0,77594.0
경기도 용인시,4146000000,시군구,202606,1090211.0,192000.0,124971.0,138356.0,178239.0,192896.0,263749.0
경기도 용인시 처인구,4146100000,시군구,202606,286391.0,44919.0,32014.0,37737.0,44166.0,49842.0,77713.0
경기도 용인시 기흥구,4146300000,시군구,202606,434590.0,74576.0,52410.0,52866.0,69484.0,80408.0,104846.0
경기도 용인시 수지구,4146500000,시군구,202606,369230.0,72505.0,40547.0,47753.0,64589.0,62646.0,81190.0
경기도 파주시,4148000000,시군구,202606,533387.0,94097.0,54474.0,74380.0,88367.0,90131.0,131938.0
경기도 이천시,4150000000,시군구,202606,224740.0,35504.0,26207.0,31571.0,33308.0,37081.0,61069.0
경기도 안성시,4155000000,시군구,202606,198785.0,28037.0,21863.0,23862.0,28969.0,34450.0,61604.0
경기도 김포시,4157000000,시군구,202606,484042.0,92641.0,45388.0,61754.0,90454.0,77221.0,116584.0
경기도 화성시,4159000000,시군구,202606,998746.0,206684.0,108410.0,165715.0,186528.0,153842.0,177567.0
경기도 화성시 만세구,4159100000,시군구,202606,234482.0,38804.0,23260.0,31695.0,39463.0,39755.0,61505.0
경기도 화성시 효행구,4159300000,시군구,202606,160481.0,29023.0,16586.0,26016.0,26283.0,25907.0,36666.0
경기도 화성시 병점구,4159500000,시군구,202606,174794.0,32752.0,22002.0,29531.0,30881.0,27786.0,31842.0
경기도 화성시 동탄구,4159700000,시군구,202606,428989.0,106105.0,46562.0,78473.0,89901.0,60394.0,47554.0
경기도 광주시,4161000000,시군구,202606,399111.0,62401.0,37594.0,51556.0,67032.0,70474.0,110054.0
경기도 양주시,4163000000,시군구,202606,297226.0,51451.0,30284.0,40142.0,46471.0,50287.0,78591.0
경기도 포천시,4165000000,시군구,202606,140468.0,15161.0,13685.0,14019.0,15274.0,25705.0,56624.0
경기도 여주시,4167000000,시군구,202606,113506.0,13875.0,9541.0,11269.0,14311.0,19859.0,44651.0
경기도 연천군,4180000000,시군구,202606,42977.0,4598.0,4372.0,4201.0,4220.0,6457.0,19129.0
경기도 가평군,4182000000,시군구,202606,62041.0,6432.0,5153.0,5352.0,6701.0,10331.0,28072.0
경기도 양평군,4183000000,시군구,202606,126822.0,15289.0,8722.0,10454.0,15035.0,21074.0,56248.0
충청북도,4300000000,시도,202606,1600787.0,234467.0,164960.0,194741.0,219781.0,270206.0,516632.0
충청북도 청주시,4311000000,시군구,202606,859571.0,142011.0,101591.0,123996.0,129691.0,142261.0,220021.0
충청북도 청주시 상당구,4311100000,시군구,202606,193079.0,31910.0,19339.0,23724.0,28334.0,33341.0,56431.0
충청북도 청주시 서원구,4311200000,시군구,202606,187779.0,27091.0,24511.0,23101.0,24935.0,33503.0,54638.0
충청북도 청주시 흥덕구,4311300000,시군구,202606,292625.0,50736.0,36003.0,50530.0,45889.0,46318.0,63149.0
충청북도 청주시 청원구,4311400000,시군구,202606,186088.0,32274.0,21738.0,26641.0,30533.0,29099.0,45803.0
충청북도 충주시,4313000000,시군구,202606,205978.0,27728.0,19733.0,22487.0,26899.0,35643.0,73488.0
충청북도 제천시,4315000000,시군구,202606,128192.0,16802.0,12642.0,11366.0,14913.0,22114.0,50355.0
충청북도 보은군,4372000000,시군구,202606,31181.0,2723.0,1834.0,1881.0,2704.0,4861.0,17178.0
충청북도 옥천군,4373000000,시군구,202606,50547.0,5149.0,3803.0,3458.0,5242.0,8705.0,24190.0
충청북도 영동군,4374000000,시군구,202606,43011.0,3950.0,2826.0,2630.0,3754.0,7299.0,22552.0
충청북도 증평군,4374500000,시군구,202606,36741.0,5540.0,3515.0,4488.0,5210.0,6180.0,11808.0
충청북도 진천군,4375000000,시군구,202606,85569.0,13964.0,7260.0,10656.0,13622.0,14660.0,25407.0
충청북도 괴산군,4376000000,시군구,202606,37415.0,2765.0,2091.0,2106.0,3094.0,6177.0,21182.0
충청북도 음성군,4377000000,시군구,202606,95954.0,11625.0,8161.0,10096.0,12324.0,17798.0,35950.0
충청북도 단양군,4380000000,시군구,202606,26628.0,2210.0,1504.0,1577.0,2328.0,4508.0,14501.0
충청남도,4400000000,시도,202606,2138785.0,325678.0,208653.0,252232.0,311245.0,353916.0,687061.0
충청남도 천안시,4413000000,시군구,202606,666182.0,110703.0,84409.0,98450.0,108687.0,111857.0,152076.0
충청남도 천안시 동남구,4413100000,시군구,202606,263653.0,39275.0,32380.0,33208.0,38667.0,46219.0,73904.0
충청남도 천안시 서북구,4413300000,시군구,202606,402529.0,71428.0,52029.0,65242.0,70020.0,65638.0,78172.0
충청남도 공주시,4415000000,시군구,202606,99757.0,11307.0,10033.0,7918.0,10755.0,16169.0,43575.0
충청남도 보령시,4418000000,시군구,202606,91260.0,10647.0,6691.0,7380.0,10850.0,15698.0,39994.0
충청남도 아산시,4420000000,시군구,202606,363678.0,69573.0,37500.0,52787.0,64784.0,57033.0,82001.0
충청남도 서산시,4421000000,시군구,202606,171136.0,26603.0,15029.0,19272.0,24670.0,29743.0,55819.0
충청남도 논산시,4423000000,시군구,202606,105977.0,12675.0,8207.0,8966.0,11865.0,17795.0,46469.0
충청남도 계룡시,4425000000,시군구,202606,45959.0,9246.0,4339.0,5268.0,7747.0,8340.0,11019.0
충청남도 당진시,4427000000,시군구,202606,172400.0,28005.0,13722.0,20411.0,27405.0,29041.0,53816.0
충청남도 금산군,4471000000,시군구,202606,48939.0,5386.0,3090.0,2932.0,4788.0,8363.0,24380.0
충청남도 부여군,4476000000,시군구,202606,57762.0,5241.0,3458.0,3358.0,5299.0,9017.0,31389.0
충청남도 서천군,4477000000,시군구,202606,46761.0,4086.0,2688.0,2711.0,4195.0,7400.0,25681.0
충청남도 청양군,4479000000,시군구,202606,30051.0,2698.0,2201.0,1747.0,2535.0,4652.0,16218.0
충청남도 홍성군,4480000000,시군구,202606,101566.0,15471.0,8243.0,10685.0,13298.0,16325.0,37544.0
충청남도 예산군,4481000000,시군구,202606,78318.0,8562.0,5306.0,6491.0,8302.0,12743.0,36914.0
충청남도 태안군,4482500000,시군구,202606,59039.0,5475.0,3737.0,3856.0,6065.0,9740.0,30166.0
전라남도,4600000000,시도,202606,1773646.0,247272.0,153992.0,170898.0,224271.0,300042.0,677171.0
전라남도 목포시,4611000000,시군구,202606,199524.0,30607.0,20306.0,19213.0,30072.0,35881.0,63445.0
전라남도 여수시,4613000000,시군구,202606,260502.0,37496.0,24238.0,27089.0,35211.0,45154.0,91314.0
전라남도 순천시,4615000000,시군구,202606,274131.0,45370.0,29056.0,32650.0,38128.0,47413.0,81514.0
전라남도 나주시,4617000000,시군구,202606,116691.0,18834.0,9736.0,14607.0,16327.0,17226.0,39961.0
전라남도 광양시,4623000000,시군구,202606,155975.0,26586.0,15542.0,20317.0,22400.0,29435.0,41695.0
전라남도 담양군,4671000000,시군구,202606,44031.0,4404.0,3051.0,3161.0,4287.0,7411.0,21717.0
전라남도 곡성군,4672000000,시군구,202606,27657.0,2353.0,1798.0,1811.0,2375.0,4654.0,14666.0
전라남도 구례군,4673000000,시군구,202606,24337.0,2219.0,1545.0,1292.0,2212.0,4191.0,12878.0
전라남도 고흥군,4677000000,시군구,202606,58976.0,4781.0,2905.0,3070.0,4866.0,8842.0,34512.0
전라남도 보성군,4678000000,시군구,202606,37559.0,3307.0,2232.0,2035.0,3218.0,5873.0,20894.0
전라남도 화순군,4679000000,시군구,202606,59909.0,6984.0,5346.0,4840.0,6193.0,10655.0,25891.0
전라남도 장흥군,4680000000,시군구,202606,33952.0,3477.0,2181.0,2206.0,3261.0,5419.0,17408.0
전라남도 강진군,4681000000,시군구,202606,31666.0,3414.0,2069.0,2136.0,2941.0,4840.0,16266.0
전라남도 해남군,4682000000,시군구,202606,62027.0,6661.0,4091.0,3968.0,6233.0,10177.0,30897.0
전라남도 영암군,4683000000,시군구,202606,50076.0,5705.0,3929.0,3692.0,6145.0,9088.0,21517.0
전라남도 무안군,4684000000,시군구,202606,95659.0,18239.0,9131.0,11356.0,15102.0,14304.0,27527.0
전라남도 함평군,4686000000,시군구,202606,29601.0,2602.0,1799.0,1846.0,2620.0,4847.0,15887.0
전라남도 영광군,4687000000,시군구,202606,53902.0,7244.0,4427.0,5130.0,6000.0,8619.0,22482.0
전라남도 장성군,4688000000,시군구,202606,43095.0,4887.0,3321.0,3459.0,4514.0,7254.0,19660.0
전라남도 완도군,4689000000,시군구,202606,44175.0,5017.0,2631.0,2709.0,5041.0,6998.0,21779.0
전라남도 진도군,4690000000,시군구,202606,27882.0,2982.0,1832.0,1777.0,2769.0,4467.0,14055.0
전라남도 신안군,4691000000,시군구,202606,42319.0,4103.0,2826.0,2534.0,4356.0,7294.0,21206.0
경상북도,4700000000,시도,202606,2495919.0,338273.0,213482.0,251218.0,328025.0,429160.0,935761.0
경상북도 포항시,4711000000,시군구,202606,487008.0,73375.0,42340.0,54529.0,69708.0,83560.0,163496.0
경상북도 포항시 남구,4711100000,시군구,202606,212298.0,30431.0,19113.0,21767.0,30744.0,36826.0,73417.0
경상북도 포항시 북구,4711300000,시군구,202606,274710.0,42944.0,23227.0,32762.0,38964.0,46734.0,90079.0
경상북도 경주시,4713000000,시군구,202606,243051.0,29754.0,19722.0,23121.0,29747.0,44324.0,96383.0
경상북도 김천시,4715000000,시군구,202606,132740.0,18964.0,10109.0,12867.0,16897.0,22044.0,51859.0
경상북도 안동시,4717000000,시군구,202606,151864.0,20108.0,14898.0,13980.0,18085.0,25192.0,59601.0
경상북도 구미시,4719000000,시군구,202606,402726.0,71111.0,42523.0,57121.0,69459.0,71736.0,90776.0
경상북도 영주시,4721000000,시군구,202606,96440.0,12386.0,7545.0,7400.0,10722.0,16342.0,42045.0
경상북도 영천시,4723000000,시군구,202606,94107.0,9989.0,5969.0,7596.0,9830.0,16158.0,44565.0
경상북도 상주시,4725000000,시군구,202606,89228.0,10067.0,5716.0,5853.0,8986.0,14295.0,44311.0
경상북도 문경시,4728000000,시군구,202606,64774.0,7118.0,4265.0,4349.0,6680.0,10547.0,31815.0
경상북도 경산시,4729000000,시군구,202606,263406.0,37040.0,33047.0,30237.0,35887.0,45718.0,81477.0
경상북도 의성군,4773000000,시군구,202606,47952.0,3292.0,1879.0,2600.0,3735.0,6932.0,29514.0
경상북도 청송군,4775000000,시군구,202606,24020.0,1714.0,1237.0,1567.0,1980.0,3822.0,13700.0
경상북도 영양군,4776000000,시군구,202606,15972.0,1270.0,897.0,945.0,1355.0,2576.0,8929.0
경상북도 영덕군,4777000000,시군구,202606,32560.0,2602.0,1520.0,1789.0,2941.0,5187.0,18521.0
경상북도 청도군,4782000000,시군구,202606,40021.0,2940.0,1627.0,2091.0,3486.0,6175.0,23702.0
경상북도 고령군,4783000000,시군구,202606,29545.0,2453.0,1645.0,1869.0,2810.0,5185.0,15583.0
경상북도 성주군,4784000000,시군구,202606,40461.0,3165.0,1837.0,2726.0,3777.0,6676.0,22280.0
경상북도 칠곡군,4785000000,시군구,202606,103537.0,14725.0,8138.0,9514.0,16975.0,21077.0,33108.0
경상북도 예천군,4790000000,시군구,202606,53422.0,8124.0,3117.0,4877.0,6648.0,7378.0,23278.0
경상북도 봉화군,4792000000,시군구,202606,28122.0,2331.0,1261.0,1339.0,2266.0,4439.0,16486.0
경상북도 울진군,4793000000,시군구,202606,46195.0,5088.0,3560.0,4064.0,4991.0,8038.0,20454.0
경상북도 울릉군,4794000000,시군구,202606,8768.0,657.0,630.0,784.0,1060.0,1759.0,3878.0
경상남도,4800000000,시도,202606,3195351.0,484187.0,280562.0,341228.0,468321.0,575050.0,1046003.0
경상남도 창원시,4812000000,시군구,202606,986273.0,150083.0,94978.0,118723.0,148940.0,175324.0,298225.0
경상남도 창원시 의창구,4812100000,시군구,202606,209377.0,31102.0,20860.0,26020.0,30645.0,37820.0,62930.0
경상남도 창원시 성산구,4812300000,시군구,202606,245292.0,39323.0,27355.0,36234.0,36593.0,45662.0,60125.0
경상남도 창원시 마산합포구,4812500000,시군구,202606,174487.0,24340.0,14511.0,18207.0,25398.0,28116.0,63915.0
경상남도 창원시 마산회원구,4812700000,시군구,202606,174175.0,24041.0,15277.0,17968.0,24751.0,31476.0,60662.0
경상남도 창원시 진해구,4812900000,시군구,202606,182942.0,31277.0,16975.0,20294.0,31553.0,32250.0,50593.0
경상남도 진주시,4817000000,시군구,202606,334651.0,53336.0,37084.0,38849.0,46360.0,56791.0,102231.0
경상남도 통영시,4822000000,시군구,202606,115890.0,16651.0,8399.0,8664.0,17027.0,21680.0,43469.0
경상남도 사천시,4824000000,시군구,202606,107882.0,15123.0,8764.0,10417.0,15039.0,19453.0,39086.0
경상남도 김해시,4825000000,시군구,202606,532777.0,91597.0,52538.0,64943.0,85171.0,104477.0,134051.0
경상남도 밀양시,4827000000,시군구,202606,98591.0,10277.0,6329.0,7467.0,10851.0,16158.0,47509.0
경상남도 거제시,4831000000,시군구,202606,229029.0,42091.0,17792.0,21923.0,43718.0,45372.0,58133.0
경상남도 양산시,4833000000,시군구,202606,361389.0,61927.0,31117.0,44830.0,59852.0,63622.0,100041.0
경상남도 의령군,4872000000,시군구,202606,24531.0,1932.0,1228.0,1374.0,2146.0,3991.0,13860.0
경상남도 함안군,4873000000,시군구,202606,56867.0,7015.0,3522.0,3720.0,6882.0,10172.0,25556.0
경상남도 창녕군,4874000000,시군구,202606,54445.0,5424.0,2617.0,3500.0,5526.0,8956.0,28422.0
경상남도 고성군,4882000000,시군구,202606,46808.0,4889.0,2528.0,2514.0,4848.0,8082.0,23947.0
경상남도 남해군,4884000000,시군구,202606,41143.0,3891.0,2317.0,2200.0,3533.0,6644.0,22558.0
경상남도 하동군,4885000000,시군구,202606,39596.0,3100.0,1908.0,2111.0,3201.0,7011.0,22265.0
경상남도 산청군,4886000000,시군구,202606,32638.0,2398.0,1552.0,1625.0,2521.0,5576.0,18966.0
경상남도 함양군,4887000000,시군구,202606,35141.0,3474.0,1921.0,1977.0,3165.0,5987.0,18617.0
경상남도 거창군,4888000000,시군구,202606,58846.0,8186.0,4222.0,4475.0,6392.0,9768.0,25803.0
경상남도 합천군,4889000000,시군구,202606,38854.0,2793.0,1746.0,1916.0,3149.0,5986.0,23264.0
제주특별자치도,5000000000,시도,202606,662792.0,112759.0,63767.0,76883.0,101371.0,118326.0,189686.0
제주특별자치도 제주시,5011000000,시군구,202606,484123.0,84556.0,49608.0,59958.0,74870.0,85847.0,129284.0
제주특별자치도 서귀포시,5013000000,시군구,202606,178669.0,28203.0,14159.0,16925.0,26501.0,32479.0,60402.0
강원특별자치도,5100000000,시도,202606,1507217.0,203623.0,145245.0,159313.0,192139.0,254946.0,551951.0
강원특별자치도 춘천시,5111000000,시군구,202606,285027.0,42461.0,34495.0,34980.0,38318.0,45939.0,88834.0
강원특별자치도 원주시,5113000000,시군구,202606,364811.0,57788.0,38133.0,47479.0,53230.0,62113.0,106068.0
강원특별자치도 강릉시,5115000000,시군구,202606,205666.0,26281.0,19809.0,20655.0,26564.0,36163.0,76194.0
강원특별자치도 동해시,5117000000,시군구,202606,85589.0,12252.0,7243.0,8058.0,11661.0,15755.0,30620.0
강원특별자치도 태백시,5119000000,시군구,202606,36811.0,4556.0,2596.0,2670.0,4693.0,6589.0,15707.0
강원특별자치도 속초시,5121000000,시군구,202606,78893.0,10540.0,6547.0,8597.0,10527.0,14201.0,28481.0
강원특별자치도 삼척시,5123000000,시군구,202606,60294.0,7220.0,5735.0,4608.0,6718.0,10408.0,25605.0
강원특별자치도 홍천군,5172000000,시군구,202606,65849.0,6983.0,4691.0,5386.0,6617.0,10519.0,31653.0
강원특별자치도 횡성군,5173000000,시군구,202606,45575.0,4708.0,2742.0,2781.0,4160.0,7310.0,23874.0
강원특별자치도 영월군,5175000000,시군구,202606,35714.0,3537.0,2267.0,2211.0,3502.0,6093.0,18104.0
강원특별자치도 평창군,5176000000,시군구,202606,39897.0,3666.0,2632.0,2523.0,3967.0,7119.0,19990.0
강원특별자치도 정선군,5177000000,시군구,202606,35128.0,3086.0,2378.0,2296.0,3904.0,6632.0,16832.0
강원특별자치도 철원군,5178000000,시군구,202606,39711.0,5203.0,3941.0,4110.0,4376.0,6162.0,15919.0
강원특별자치도 화천군,5179000000,시군구,202606,22579.0,2791.0,2732.0,2498.0,2197.0,3312.0,9049.0
강원특별자치도 양구군,5180000000,시군구,202606,20372.0,3015.0,2087.0,2190.0,2243.0,3012.0,7825.0
강원특별자치도 인제군,5181000000,시군구,202606,30771.0,3989.0,3280.0,3745.0,3609.0,4556.0,11592.0
강원특별자치도 고성군,5182000000,시군구,202606,27204.0,2798.0,2148.0,2486.0,2772.0,4483.0,12517.0
강원특별자치도 양양군,5183000000,시군구,202606,27326.0,2749.0,1789.0,2040.0,3081.0,4580.0,13087.0
전북특별자치도,5200000000,시도,202606,1718633.0,243181.0,168048.0,172911.0,223171.0,296378.0,614944.0
전북특별자치도 전주시,5211000000,시군구,202606,620874.0,101180.0,74868.0,74309.0,90549.0,107116.0,172852.0
전북특별자치도 전주시 완산구,5211100000,시군구,202606,313529.0,46273.0,37880.0,36393.0,42942.0,55632.0,94409.0
전북특별자치도 전주시 덕진구,5211300000,시군구,202606,307345.0,54907.0,36988.0,37916.0,47607.0,51484.0,78443.0
전북특별자치도 군산시,5213000000,시군구,202606,255591.0,38421.0,23523.0,25840.0,37391.0,45538.0,84878.0
전북특별자치도 익산시,5214000000,시군구,202606,266758.0,37005.0,28164.0,27414.0,33849.0,47137.0,93189.0
전북특별자치도 정읍시,5218000000,시군구,202606,100738.0,12087.0,7951.0,7980.0,11305.0,17719.0,43696.0
전북특별자치도 남원시,5219000000,시군구,202606,73812.0,9015.0,5293.0,5424.0,7936.0,13136.0,33008.0
전북특별자치도 김제시,5221000000,시군구,202606,81631.0,9070.0,6135.0,6955.0,8554.0,13142.0,37775.0
전북특별자치도 완주군,5271000000,시군구,202606,100102.0,14182.0,8479.0,11320.0,12984.0,16821.0,36316.0
전북특별자치도 진안군,5272000000,시군구,202606,24689.0,2301.0,1554.0,1411.0,2067.0,4063.0,13293.0
전북특별자치도 무주군,5273000000,시군구,202606,23326.0,2333.0,1489.0,1533.0,2234.0,3946.0,11791.0
전북특별자치도 장수군,5274000000,시군구,202606,21169.0,2107.0,1352.0,1287.0,1987.0,3444.0,10992.0
전북특별자치도 임실군,5275000000,시군구,202606,25342.0,2298.0,1434.0,1627.0,2177.0,3902.0,13904.0
전북특별자치도 순창군,5277000000,시군구,202606,27584.0,3021.0,1971.0,1696.0,2737.0,4636.0,13523.0
전북특별자치도 고창군,5279000000,시군구,202606,50071.0,5532.0,2946.0,3150.0,4709.0,8022.0,25712.0
전북특별자치도 부안군,5280000000,시군구,202606,46946.0,4629.0,2889.0,2965.0,4692.0,7756.0,24015.0
