BPLC_NM,BZSTAT_SE_NM,CLSBIZ_YMD,CRD_INFO_X,CRD_INFO_Y,DAT_UPDT_PNT,DAT_UPDT_SE,DTL_SALS_STTS_CD,DTL_SALS_STTS_NM,LAST_MDFCN_PNT,LCPMT_RTRCN_YMD,LCPMT_YMD,LCTN_AREA,LCTN_ZIP,LOTNO_ADDR,MNG_NO,OPN_ATMY_GRP_CD,ROAD_NM_ADDR,ROAD_NM_ZIP,ROBIZ_YMD,SALS_STTS_CD,SALS_STTS_NM,STOR_SE_NM,TCBIZ_BGNG_YMD,TCBIZ_END_YMD,TELNO
GS 더프레시 상월곡점,그 밖의 대규모점포,,203941.399870546,456171.049452881,2026-08-22 22:18:10,I,5,영업개시전,2026-08-21 17:48:48,,2026-08-21,297.5,,서울특별시 성북구 상월곡동 101 동아에코빌아파트,2026307029907500002,3070000,"서울특별시 성북구 장월로1길 28 (상월곡동, 동아에코빌아파트)",02753,,01,영업/정상,준대규모점포,,,02-2006-2364
GS THE FRESH 송파석촌역점,구분없음,,209134.86711622,444864.58985226,2026-08-19 22:18:10,I,5,영업개시전,2026-08-18 17:15:51,,2026-08-18,288.84,,서울특별시 송파구 석촌동 166-12 101호,2026323029107500004,3230000,"서울특별시 송파구 송파대로45길 16, 1층 101호 (석촌동)",05610,,01,영업/정상,준대규모점포,,,02-2006-2364
롯데쇼핑(주) 롯데슈퍼 청주산남점,구분없음,,241557.982164585,345671.322735668,2026-08-15 22:48:12,I,5,영업개시전,2026-08-14 15:38:20,,2026-08-14,655.58,,충청북도 청주시 서원구 산남동 663 하모니마트,2026571029707500002,5710000,"충청북도 청주시 서원구 두꺼비로78번길 12, 101호 (산남동)",28625,,01,영업/정상,준대규모점포,,,02-2143-8000
롯데슈퍼 청주복대자이가맹점,구분없음,,239854.313346897,348352.859522783,2026-08-15 22:48:11,I,5,영업개시전,2026-08-14 11:27:26,,2026-08-14,190.68,,충청북도 청주시 흥덕구 복대동 100-28,2026571029707500001,5710000,"충청북도 청주시 흥덕구 산단로 13, B101~103호 (복대동)",28588,,01,영업/정상,준대규모점포,,,02-6954-7573
이마트에브리데이 잠실리센츠점,구분없음,,207624.424720682,445533.439634339,2026-08-04 22:18:10,I,5,영업개시전,2026-08-03 17:02:24,,2026-08-03,387.23,,서울특별시 송파구 잠실동 22-6 리센츠상가 지하1층 제이1호~제이19호,2026323029107500003,3230000,"서울특별시 송파구 올림픽로 145, 리센츠상가 지하1층 제이1호~제이19호 (잠실동)",05502,,01,영업/정상,준대규모점포,,,02-380-5042
GS THE FRESH 석촌고분역점,구분없음,,208394.981001621,444642.023012078,2026-07-29 22:18:10,I,5,영업개시전,2026-07-28 17:25:12,,2026-07-28,296.64,,서울특별시 송파구 삼전동 122 삼전레이크,2026323029107500002,3230000,"서울특별시 송파구 백제고분로31길 16-4, 1층 101호 (삼전동, 삼전레이크)",05603,,01,영업/정상,준대규모점포,,,02-2006-2364
롯데쇼핑(주) 롯데슈퍼 평택역점,구분없음,,207577.558056715,387700.245776573,2026-08-15 21:51:58,U,1,정상영업,2026-08-14 14:18:20,,2026-07-10,1425.88,,경기도 평택시 평택동 185-579 평택민자역사AK백화점,2026391041807500002,3910000,"경기도 평택시 평택로 51, 평택민자역사AK백화점 (평택동)",17917,,01,영업/정상,준대규모점포,,,031-615-1000
주식회사 홈플러스 익스프레스 금호2점,백화점,,201383.023709556,449744.280482389,2026-07-09 22:18:10,I,1,정상영업,2026-07-08 17:14:58,,2026-07-08,578.96,,서울특별시 성동구 금호동3가 1331 두산아파트 상가동,2026303010307500004,3030000,"서울특별시 성동구 동호로 100 (금호동3가, 두산아파트)",04724,,01,영업/정상,준대규모점포,,,02-2253-8541
주식회사 홈플러스 익스프레스 금호점,쇼핑센터,,201772.807083568,450250.366445197,2026-07-09 22:18:10,I,1,정상영업,2026-07-08 17:13:17,,2026-07-08,293.34,,서울특별시 성동구 금호동1가 481-5 신세계오피스텔,2026303010307500003,3030000,"서울특별시 성동구 행당로 6, 신세계오피스텔 (금호동1가)",04727,,01,영업/정상,준대규모점포,,,02-2292-8545
주식회사 홈플러스 익스프레스 왕십리점,복합쇼핑몰,,202806.018487131,451160.356013436,2026-07-09 22:18:10,I,1,정상영업,2026-07-08 17:04:35,,2026-07-08,264.3,,서울특별시 성동구 하왕십리동 966-11 유성빌딩,2026303010307500002,3030000,"서울특별시 성동구 왕십리로 333, 유성빌딩 (하왕십리동)",04715,,01,영업/정상,준대규모점포,,,02-2299-8545
홈플러스(주)익스프레스응암점,그 밖의 대규모점포,,192674.132684249,454664.166810326,2026-07-08 22:48:10,U,1,정상영업,2026-07-07 15:32:11,,2026-07-07,272,122-923,서울특별시 은평구 응암3동 124번지 17호,2011311013107500003,3110000,서울특별시 은평구 응암로 247 (응암동),,,01,영업/정상,준대규모점포,,,02-386-8547
홈플러스(주)익스프레스 불광점,그 밖의 대규모점포,,194003.88391829,457260.736492005,2026-07-08 22:48:10,U,1,정상영업,2026-07-07 16:17:49,,2026-07-06,200.9,122-856,서울특별시 은평구 불광1동 239번지 9호,2012311013107500002,3110000,서울특별시 은평구 불광로 121 (불광동),,,01,영업/정상,준대규모점포,,,02-356-8545
이마트에브리데이 진해경화점,그 밖의 대규모점포,,353075.990031806,185857.54135216,2026-07-31 21:48:10,U,1,정상영업,2026-07-30 13:16:58,,2026-06-25,393.39,,경상남도 창원시 진해구 경화동 1474,2026567057407500001,5670000,"경상남도 창원시 진해구 조천북로 76, 1동 1층 (경화동)",51584,,01,영업/정상,준대규모점포,,,
GS THE FRESH 양천신월점,구분없음,,186065.684789257,446251.76410763,2026-06-24 22:18:10,I,1,정상영업,2026-06-23 17:29:35,,2026-06-23,694.2,,서울특별시 양천구 신월동 575-17,2026314027207500002,3140000,"서울특별시 양천구 남부순환로79길 37, 1층 107호 (신월동)",08064,,01,영업/정상,준대규모점포,,,
롯데쇼핑(주) 롯데몰 청량리점,복합쇼핑몰,,203917.462724049,452951.998520792,2026-07-24 22:18:10,U,1,정상영업,2026-07-23 13:39:41,,2026-06-23,17852.4,,서울특별시 동대문구 전농동 620-47 청량리역 롯데캐슬 SKY-L65,2026305021007500003,3050000,"서울특별시 동대문구 왕산로 200, 청량리역 롯데캐슬 SKY-L65 (전농동)",02559,,01,영업/정상,대규모점포,,,1577-0001
GS THE FRESH 양평역점,구분없음,,189931.914408756,446958.414339039,2026-06-25 03:03:03,U,1,정상영업,2026-06-24 18:01:15,,2026-06-19,185.32,,서울특별시 영등포구 양평동1가 265-1 상가동 104~108호,2026318027007500001,3180000,"서울특별시 영등포구 영등포로11길 19, 상가동 1층 104~108호 (양평동1가, 영등포자이 디그니티 아파트)",07273,,01,영업/정상,준대규모점포,,,02-2006-2364
GS THE FRESH 송파장지역점,구분없음,,211199.027935652,441919.794281988,2026-05-20 22:18:10,I,5,영업개시전,2026-05-19 16:51:23,,2026-05-19,222.35,,서울특별시 송파구 장지동 842-1 1층 105~110호,2026323029107500001,3230000,"서울특별시 송파구 충민로 90, 1층 105~110호 (장지동)",05815,,01,영업/정상,준대규모점포,,,02-2006-2364
롯데마트 장암점,대형마트,,204630.543411273,469034.163890834,2026-05-15 03:03:03,U,1,정상영업,2026-05-14 13:40:12,,2026-05-14,6406.64,,경기도 의정부시 장암동 38-10 롯데마트장암점,2026382042207500001,3820000,"경기도 의정부시 장곡로 224, 롯데마트장암점 (장암동)",11722,,01,영업/정상,대규모점포,,,031-849-2505
GS더프레시 성북정릉점,구분없음,,200575.420521471,457360.617372111,2026-05-14 22:18:10,I,1,정상영업,2026-05-13 11:02:16,,2026-05-13,201.6,,서울특별시 성북구 정릉동 239 정릉풍림아이원,2026307029907500001,3070000,"서울특별시 성북구 솔샘로25길 20, 정릉풍림아이원 (정릉동)",02702,,01,영업/정상,준대규모점포,,,02-971-5226
롯데슈퍼 구리수택점,구분없음,,212336.678807743,454812.956816602,2026-04-30 21:18:10,I,5,영업개시전,2026-04-29 17:01:35,,2026-04-29,142,,경기도 구리시 수택동 437-10,2026398012907500001,3980000,"경기도 구리시 원수택로 37, 1층 (수택동)",11933,,01,영업/정상,준대규모점포,,,031-569-1919
스타필드 청라,복합쇼핑몰,,,,2026-07-01 13:36:35,I,5,영업개시전,2026-04-28 18:02:49,,2026-04-28,181633.89,,인천광역시 서해구 청라동 6-16 등 2필지,2026356028507500002,3561000,,,,01,영업/정상,대규모점포,,,02-6921-1681
세이지움 태릉입구역,그 밖의 대규모점포,,206774.874230196,457011.632629502,2026-06-11 03:03:03,U,1,정상영업,2026-06-10 17:54:45,,2026-04-27,5663.4,,서울특별시 중랑구 묵동 165,2026306021507500001,3060000,서울특별시 중랑구 숙선옹주로 4 (묵동),02033,,01,영업/정상,대규모점포,,,1544-6508
롯데쇼핑(주)롯데슈퍼 영주점,대형마트,,345200.857882274,369525.647407351,2026-04-24 21:50:43,I,1,정상영업,2026-04-22 14:54:18,,2026-04-24,1628.33,,경상북도 영주시 휴천동 693-9 롯데마트,2026509018007500001,5090000,"경상북도 영주시 구성로 256, 롯데마트 (휴천동)",36161,,01,영업/정상,준대규모점포,,,054-632-5601
(주)이마트에브리데이 도봉아테라점,구분없음,,204067.822626124,463429.737549948,2026-04-11 22:18:12,I,5,영업개시전,2026-04-10 13:06:44,,2026-04-10,255.6,,서울특별시 도봉구 도봉동 95 도봉 아테라,2026309018507500002,3090000,"서울특별시 도봉구 마들로 708 (도봉동, 도봉 아테라)",01325,,01,영업/정상,준대규모점포,,,02-380-5042
창동민자역사 상업시설(arena X square),그 밖의 대규모점포,,204138.204768094,461223.191625815,2026-04-10 22:18:13,I,5,영업개시전,2026-04-09 10:45:07,,2026-04-09,40493.36,,서울특별시 도봉구 창동 135-1 경원선 창동민자역사,2026309018507500001,3090000,"서울특별시 도봉구 마들로11가길 6-8, 경원선 창동민자역사 (창동)",01414,,01,영업/정상,대규모점포,,,02-3444-5600
GS THE FRESH 인천가좌점,구분없음,,,,2026-07-01 13:36:35,I,5,영업개시전,2026-04-06 11:21:29,,2026-04-06,275.84,,인천광역시 서해구 가좌동 627 가재울역트루엘에코시티아파트,2026356028507500001,3561000,"인천광역시 서해구 열우물로240번길 20, 단지상가동 B124~B128호 (가좌동, 가재울역트루엘에코시티아파트)",22823,,01,영업/정상,준대규모점포,,,02-2006-2364
롯데슈퍼 울산선우 가맹점,구분없음,,412263.877192354,232694.744903866,2026-05-06 22:48:25,I,1,정상영업,2026-03-31 10:47:50,,2026-03-31,960.9,,울산광역시 중구 남외동 385-3 선우시장/선화아파트,2026369018307500001,3690000,"울산광역시 중구 곽남14길 37 (남외동, 선우시장/선화아파트)",44491,,01,영업/정상,준대규모점포,,,052-296-5810
이마트에브리데이 양재역점,구분없음,,203342.695983882,442297.080663687,2026-03-26 22:18:24,I,1,정상영업,2026-03-25 13:52:18,,2026-03-25,244.62,,서울특별시 서초구 양재동 9 코사마트,2026321019507500001,3210000,서울특별시 서초구 남부순환로356길 49 (양재동),06742,,01,영업/정상,준대규모점포,,,
하나로마트 외대역점,구분없음,,205541.211931615,455132.605075423,2026-04-01 03:03:03,U,1,정상영업,2026-03-31 13:20:17,,2026-03-11,885.6,,서울특별시 동대문구 이문동 149-8,2026305021007500002,3050000,서울특별시 동대문구 이문로 120 (이문동),02418,,01,영업/정상,준대규모점포,,,02-3498-1262
GS THE FRESH 경희대학교점,구분없음,,204599.373004139,454552.779662883,2026-06-10 03:03:03,U,1,정상영업,2026-06-09 14:33:44,,2026-03-11,193,,서울특별시 동대문구 회기동 33-1,2026305021007500001,3050000,서울특별시 동대문구 회기로21길 44 (회기동),02453,,01,영업/정상,준대규모점포,,,02-2006-2364
무신사 캠퍼스 S1,전문점,,204871.625958952,448673.754753153,2026-05-07 22:31:41,U,1,정상영업,2026-04-24 17:53:36,,2026-03-11,5234.64,,서울특별시 성동구 성수동2가 324-2 무신사 성수 S1,2026303010307500001,3030000,"서울특별시 성동구 성수이로 62, 무신사 성수 S1 (성수동2가)",04784,,01,영업/정상,대규모점포,,,1544-7199
노브랜드 제천장락점,구분없음,,308877.420571829,406585.143845894,2026-08-08 22:48:10,U,1,정상영업,2026-08-07 16:43:58,,2026-03-03,891,,충청북도 제천시 장락동 406-3 0통,2026440029707500001,4400000,"충청북도 제천시 장락로 146, - 1층 (장락동)",27142,,01,영업/정상,준대규모점포,,,043-644-7496
GS THE FRESH 대구동인점,구분없음,,,,2026-05-08 22:34:09,I,5,영업개시전,2026-03-03 09:29:02,,2026-03-03,233.3,,대구광역시 중구 동인동1가 420 힐스테이트 동인 더 스카이,2026341018207500001,3410000,"대구광역시 중구 태평로 240, 근린생활시설 135~138호 (동인동1가, 힐스테이트 동인 더 스카이)",41911,,01,영업/정상,준대규모점포,,,
GS THE FRESH 목동신목점,구분없음,,189000.48603009,445955.944424525,2026-03-07 22:18:11,U,1,정상영업,2026-03-06 10:17:38,,2026-03-03,297,,서울특별시 양천구 신정동 1278 목동삼성아파트,2026314027207500001,3140000,"서울특별시 양천구 신목로 7, 상가동 지하1층 101~104호 (신정동, 목동삼성아파트)",08016,,01,영업/정상,준대규모점포,,,02-2654-9072
롯데슈퍼 신곡점,구분없음,,204869.561341151,470861.966898254,2026-05-11 22:02:34,I,1,정상영업,2026-02-27 15:10:47,,2026-02-27,1318.5,,경기도 의정부시 신곡동 560,2026382042207500002,3820000,경기도 의정부시 동일로 583 (신곡동),11744,,01,영업/정상,준대규모점포,,,031-843-3584
GS THE FRESH 송정역점,구분없음,,183132.629865058,450838.756773739,2026-03-19 22:18:11,U,1,정상영업,2026-03-18 14:26:24,,2026-02-19,262.81,,서울특별시 강서구 공항동 1378 발쿠치네하우스 101동 101~4호,2026315020007500001,3150000,"서울특별시 강서구 송정로 53, 101동 101~104호 (공항동, 발쿠치네하우스)",07622,,01,영업/정상,준대규모점포,,,02-2666-5613
노브랜드 양산가촌점,구분없음,,381423.484538491,204238.792533089,2026-02-10 21:48:10,I,5,영업개시전,2026-02-09 10:15:52,,2026-02-09,257.4,,경상남도 양산시 물금읍 가촌리 836-8,2026538032007500001,5380000,"경상남도 양산시 물금읍 황산로 527, 외 5필지 1층 102호",50603,,01,영업/정상,준대규모점포,,,
송탄농업협동조합 하나로마트 서정점,구분없음,,204988.918145296,395107.290741008,2026-01-23 21:51:30,U,1,정상영업,2026-01-22 09:20:14,,2026-01-16,1436,,경기도 평택시 서정동 270-21 송탄농협 하나로마트,2026391041807500001,3910000,"경기도 평택시 서정역로36번길 11-2, 송탄농협 하나로마트 (서정동)",17779,,01,영업/정상,준대규모점포,,,031-667-1521
롯데쇼핑(주)롯데슈퍼 포천일동점,그 밖의 대규모점포,,227943.019194804,495179.808446276,2026-05-14 03:03:03,U,1,정상영업,2026-05-13 13:06:51,,2026-01-12,716.03,,경기도 포천시 일동면 기산리 82-33,2026560022907500001,5600000,"경기도 포천시 일동면 화동로 1072, 롯데슈퍼 포천일동점",11117,,01,영업/정상,준대규모점포,,,
롯데쇼핑(주)롯데마트,대형마트,,206416.225089197,405292.957866229,2026-05-16 03:03:03,U,1,정상영업,2026-05-15 13:29:55,,2026-01-06,8575,,경기도 오산시 오산동 868 롯데마트오산점,2025400019407500001,4000000,"경기도 오산시 경기대로 271, 롯데마트오산점 (오산동)",18135,,01,영업/정상,대규모점포,,,031-371-2501
롯데쇼핑 (주) 롯데마트 정읍점,대형마트,,185466.212511596,231110.263474669,2026-06-05 22:48:10,I,1,정상영업,2026-06-04 10:45:30,,2025-12-31,11219.01,,전북특별자치도 정읍시 농소동 446-1 롯데마트,2025469107607500002,4691000,"전북특별자치도 정읍시 벚꽃로 85, 롯데마트 (농소동)",56156,,01,영업/정상,대규모점포,,,063-570-2500
롯데쇼핑(주) 롯데마트 정읍점,대형마트,,185466.212511596,231110.263474669,2026-04-30 22:48:24,I,1,정상영업,2025-12-31 18:00:40,,2025-12-31,11219.01,,전북특별자치도 정읍시 농소동 446-1 롯데마트,2025469107607500001,4691000,"전북특별자치도 정읍시 벚꽃로 85, 롯데마트 (농소동)",56156,,01,영업/정상,대규모점포,,,063-570-2500
롯데쇼핑㈜ 프리미엄아울렛 파주점,복합쇼핑몰,,172931.265518853,468411.848859123,2026-05-02 22:04:32,U,1,정상영업,2026-04-14 16:44:44,,2025-12-30,36314,,경기도 파주시 문발동 645 롯데프리미엄아울렛,2025406055207500001,4060000,"경기도 파주시 회동길 390, 롯데프리미엄아울렛 (문발동)",10881,,01,영업/정상,대규모점포,,,031-960-3194
GS THE FRESH 이문파크자이점,구분없음,,205541.211931615,455132.605075423,2026-01-03 22:18:10,U,1,정상영업,2026-01-02 09:40:22,,2025-12-24,195,,서울특별시 동대문구 이문동 149-8 근린생활시설 2동 101호,2025305021007500003,3050000,서울특별시 동대문구 이문로 120 (이문동),02418,,01,영업/정상,준대규모점포,,,02-2006-2364
이랜드킴스클럽 광진구의점,대형마트,,,,2026-05-08 03:03:03,U,1,정상영업,2026-05-07 14:47:27,,2025-12-16,958.68,,서울특별시 광진구 자양동 870 판매시설,2025304019007500003,3040000,"서울특별시 광진구 아차산로 402, 판매시설 지하1층 (자양동)",05050,,01,영업/정상,준대규모점포,,,02-3425-3704
GS THE FRESH 창원더퍼스트점,그 밖의 대규모점포,,,,2026-04-30 22:00:15,U,1,정상영업,2026-01-23 09:55:29,,2025-12-11,191.7,,경상남도 창원시 성산구 중앙동 528,2025567056807500002,5670000,"경상남도 창원시 성산구 대상중앙로 10, 창원더퍼스트(아)상가동 1층 106동~110호 (중앙동)",51519,,01,영업/정상,준대규모점포,,,
유탑트윈펠리스,그 밖의 대규모점포,,212649.486418551,454907.121955254,2025-12-15 16:15:28,I,5,영업개시전,2025-12-01 17:47:10,,2025-11-28,4125.17,,경기도 구리시 수택동 481 유탑 트윈팰리스,2025398012907500001,3980000,"경기도 구리시 원수택로64번길 33 (수택동, 유탑 트윈팰리스)",11932,,01,영업/정상,대규모점포,,,031-551-2100
GS THE FRESH 잠실래미안점,구분없음,,209720.290631496,446244.350393389,2026-05-20 03:03:03,U,1,정상영업,2026-05-19 16:52:23,,2025-11-26,616.14,,서울특별시 송파구 신천동 20-4 래미안아이파크 단지내 상가 B101~B106,2025323029107500001,3230000,"서울특별시 송파구 올림픽로35길 45, 잠실래미안아이파크 단지내 상가 B101~B106호 (신천동)",05508,,01,영업/정상,준대규모점포,,,02-2006-2364
이마트에브리데이 중화리버센SK점,대형마트,,206612.198807103,455630.425418005,2025-12-25 02:40:00,U,1,정상영업,2025-12-23 10:29:28,,2025-11-25,183.97,,서울특별시 중랑구 중화동 331-1 리버센 SK VIEW 롯데캐슬,2025306021507500001,3060000,"서울특별시 중랑구 중랑천로 200, 102,105,404호 (중화동, 리버센 SK VIEW 롯데캐슬)",02016,,01,영업/정상,준대규모점포,,,
트레이더스 홀세일클럽 의정부점,대형마트,,,,2026-05-11 22:02:33,U,5,영업개시전,2026-03-30 17:41:00,,2025-10-31,10307.5,,경기도 의정부시 산곡동 773,2025382042207500001,3820000,,,,01,영업/정상,대규모점포,,,02-380-9553
GS THE FRESH 세종새나루점,그 밖의 대규모점포,,,,2026-03-26 22:01:15,I,5,영업개시전,2025-12-29 14:32:55,,2025-10-24,317.9,,세종특별자치시 집현동 1129,2025569040807500002,5690000,"세종특별자치시 집현동로 77, 105~110호 (집현동)",30141,,01,영업/정상,준대규모점포,,,044-863-2230
롯데슈퍼 도봉캐슬점,구분없음,,203920.444016775,462830.484935873,2026-04-25 03:03:03,U,1,정상영업,2026-04-24 11:24:13,,2025-10-16,1001.2,,서울특별시 도봉구 방학동 717-6 도봉 롯데캐슬 골든파크 B107~호,2025309018507500001,3090000,"서울특별시 도봉구 도봉로150마길 34, 지하1층 B107~B126호 (방학동, 도봉 롯데캐슬 골든파크)",01332,,01,영업/정상,준대규모점포,,,02-2290-5996
이마트에브리데이 대전숭어리점,구분없음,,233812.635772246,315580.570209871,2026-05-07 22:30:16,I,5,영업개시전,2025-10-02 15:58:58,,2025-10-02,190,,대전광역시 서구 괴정동 122-8,2025366021607500003,3660000,"대전광역시 서구 괴정로 30, 숭어리샘타운 102,106,107,108호 (괴정동)",35290,,01,영업/정상,준대규모점포,,,
금암중심상가 골목형상점가,구분없음,,203988.221680623,408389.663202656,2025-12-15 16:15:28,I,1,정상영업,2025-11-05 15:38:10,,2025-09-29,0,,경기도 오산시 금암동 512-4 롯데슈퍼,2025400019407500002,4000000,"경기도 오산시 수청로 188, 롯데슈퍼 (금암동)",18109,,01,영업/정상,준대규모점포,,,
GS THE FRESH 강서등촌역점,구분없음,,188106.945381987,450022.470582738,2025-12-15 16:15:28,U,1,정상영업,2025-11-07 13:53:33,,2025-09-23,193.39,,서울특별시 강서구 염창동 273,2025315020007500002,3150000,서울특별시 강서구 공항대로61길 36 (염창동),07562,,01,영업/정상,준대규모점포,,,02-2658-3337
GS THE FRESH 영등포구청역점,구분없음,,190934.657408952,447004.186609695,2026-05-11 22:40:07,U,1,정상영업,2025-10-31 09:43:13,,2025-09-22,227.53,,서울특별시 영등포구 당산동3가 76 당산 임대주택,2025318027007500002,3180000,"서울특별시 영등포구 양산로23길 16, 당산 임대주택 106~108호 (당산동3가)",07259,,01,영업/정상,준대규모점포,,,02-2006-2364
올림픽파크포레온 스테이션9,그 밖의 대규모점포,,212027.481158905,446598.591776331,2026-05-06 22:47:39,U,1,정상영업,2025-11-25 16:52:26,,2025-09-15,8884.28,,서울특별시 강동구 둔촌동 174-1 올림픽파크포레온,2025324028907500006,3240000,"서울특별시 강동구 양재대로 1300 (둔촌동, 올림픽파크포레온)",05410,,01,영업/정상,대규모점포,,,
올림픽파크포레온 스테이션5,그 밖의 대규모점포,,212195.109947109,447197.273286818,2026-05-06 22:47:39,I,1,정상영업,2025-10-01 15:28:52,,2025-09-15,33071.94,,서울특별시 강동구 둔촌동 170-1 포레온스테이션5,2025324028907500005,3240000,"서울특별시 강동구 양재대로 1360, 포레온스테이션5 (둔촌동)",05409,,01,영업/정상,대규모점포,,,
GS THE FRESH 대전복수점,구분없음,,233649.052637904,311925.205011171,2026-05-07 22:30:16,I,5,영업개시전,2025-09-11 15:52:22,,2025-09-11,255,,대전광역시 서구 복수동 274-13,2025366021607500002,3660000,"대전광역시 서구 복수중로34번길 3, 1층 (복수동)",35404,,01,영업/정상,준대규모점포,,,
GS THE FRESH 광진중곡점,대형마트,,207209.236877061,450465.185988176,2025-12-19 02:40:00,U,1,정상영업,2025-12-17 09:15:10,,2025-09-03,246.9,,서울특별시 광진구 중곡동 140-27,2025304019007500002,3040000,"서울특별시 광진구 천호대로 577, 1층 (중곡동)",04930,,01,영업/정상,준대규모점포,,,02-2006-2364
(주)이마트에브리데이 수유시장점,구분없음,,201956.180985499,458714.365820521,2026-04-30 22:35:18,I,1,정상영업,2025-09-27 14:34:54,,2025-08-29,925.62,,서울특별시 강북구 수유동 54-5 수유시장,2025308019007500002,3080000,"서울특별시 강북구 도봉로67길 18, 수유시장 1층 (수유동)",01117,,01,영업/정상,준대규모점포,,,02-380-5042
GS THE FRESH 세종반곡로점,그 밖의 대규모점포,,227994.844558214,333056.408656317,2026-03-26 22:01:15,U,5,영업개시전,2025-11-11 19:04:00,,2025-08-21,262.14,,세종특별자치시 반곡동 862 왕관빌딩,2025569040807500001,5690000,"세종특별자치시 한누리대로 1820, 왕관빌딩 1층 119~124호 (반곡동)",30146,,01,영업/정상,준대규모점포,,,
GS더프레쉬 미추홀구청점,그 밖의 대규모점포,,,,2026-03-26 22:48:23,I,1,정상영업,2025-09-15 10:04:36,,2025-08-20,181.8,,인천광역시 미추홀구 숭의동 0,2025351057907500006,3510500,"인천광역시 미추홀구 독정이로 82, 두산위브더제니스 센트럴여의 상가2동 101호~104호 (숭의동)",22163,,01,영업/정상,준대규모점포,,,032-887-8885
춘천철원화천양구축산농협 하나로마트(후평점),구분없음,,265400.35106042,487577.815703786,2026-05-10 21:30:41,U,1,정상영업,2025-12-02 14:02:58,,2025-08-11,786.84,,강원특별자치도 춘천시 후평동 244-34,2025418108107500001,4181000,강원특별자치도 춘천시 후석로440번길 10 (후평동),24232,,01,영업/정상,준대규모점포,,,033-252-3211
롯데쇼핑(주)롯데슈퍼 대구서변점,구분없음,,343888.62865782,270482.992481914,2026-05-03 22:36:12,U,1,정상영업,2026-04-22 13:06:51,,2025-08-11,1120,,대구광역시 북구 서변동 899-1,2025345016307500001,3450000,대구광역시 북구 호국로51길 35 (서변동),41477,,01,영업/정상,준대규모점포,,,053-955-5601
온양농협 하나로마트 이순신점,대형마트,,200807.952676366,363254.305043069,2026-05-06 22:48:28,I,1,정상영업,2025-09-05 13:31:32,,2025-08-08,7643.85,,충청남도 아산시 용화동 111-1,2025452038307500001,4520000,충청남도 아산시 남부로 246 (용화동),31580,,01,영업/정상,대규모점포,,,041-544-4864
GS THE FRESH 성동옥수점,구분없음,,201153.981577199,449188.97052419,2026-05-07 22:31:41,I,1,정상영업,2025-09-09 10:11:11,,2025-08-04,302,,서울특별시 성동구 옥수동 561 래미안 옥수 리버젠 상가,2025303010307500002,3030000,"서울특별시 성동구 독서당로 223, 래미안 옥수 리버젠 상가 상가동 423~428호 (옥수동)",04733,,01,영업/정상,준대규모점포,,,02-2006-2364
GS THE FRESH 광명헤리티지점,구분없음,,188303.386632234,442260.738700953,2026-07-11 21:18:10,U,1,정상영업,2026-07-10 10:50:11,,2025-07-29,244.35,,경기도 광명시 철산동 235,2025390026207500001,3900000,"경기도 광명시 시청로 70, 광명 헤리티지 상가 1층 109~114호 (철산동)",14230,,01,영업/정상,준대규모점포,,,02-2006-2364
GS THE FRESH 안양어반포레점,구분없음,,,,2025-12-15 16:15:28,I,1,정상영업,2025-07-30 08:59:41,,2025-07-29,181.02,,경기도 안양시 만안구 안양동 618-12 안양어반포레자연앤이편한세상 3단지,2025383028807500001,3830000,"경기도 안양시 만안구 냉천로 125, 3단지 상가 112~115호 (안양동, 안양어반포레자연앤이편한세상 3단지)",14029,,01,영업/정상,준대규모점포,,,
GS THE FRESH 관악봉천점,구분없음,,195007.987644999,442765.646975268,2025-12-15 16:15:28,I,1,정상영업,2025-08-01 17:58:04,,2025-07-29,214.2,,서울특별시 관악구 봉천동 622-27 은천빌딩,2025320022507500001,3200000,"서울특별시 관악구 은천로 81 (봉천동, 은천빌딩)",08715,,01,영업/정상,준대규모점포,,,02-000-0000
GS THE FRESH 대전둔산점,구분없음,,234095.761014821,315801.146401307,2026-05-07 22:30:16,I,5,영업개시전,2025-07-28 09:35:36,,2025-07-28,228,,대전광역시 서구 탄방동 514-360 둔산자이아이파크,2025366021607500001,3660000,"대전광역시 서구 계룡로 520, 근린생활시설 1층 106~112호 (탄방동, 둔산자이아이파크)",35267,,01,영업/정상,준대규모점포,,,
GS THE FRESH(대구사월역점),구분없음,,354859.878411554,260997.43642367,2026-05-03 22:40:52,I,5,영업개시전,2025-07-21 09:25:51,,2025-07-17,294.2,,대구광역시 수성구 신매동 30-5 시지 효성 백년가약 1단지,2025346019707500002,3460000,"대구광역시 수성구 달구벌대로 3280 (신매동, 시지 효성 백년가약 1단지)",42278,,01,영업/정상,준대규모점포,,,
롯데프리미엄아울렛파주점,복합쇼핑몰,,172931.265518853,468411.848859123,2026-05-02 22:04:32,U,1,정상영업,2026-02-20 17:08:05,,2025-07-16,36314,,경기도 파주시 문발동 645 롯데프리미엄아울렛,2025406050707500002,4060000,"경기도 파주시 회동길 390, 롯데프리미엄아울렛 (문발동)",10881,,01,영업/정상,대규모점포,,,031-960-3194
더현대 부산,쇼핑센터,,,,2026-03-26 22:47:52,I,5,영업개시전,2025-07-08 13:12:25,,2025-07-08,99069.69,,"부산광역시 강서구 대저2동 에코델타시티 특별계획구역2 C5(유통판매시설용지 판매 1,2,5)",2025336018707500001,3360000,,,,01,영업/정상,대규모점포,,,02-6904-1436
GS더프레시 부산센텀점,구분없음,,392754.699254485,189947.341143994,2026-05-10 22:54:16,I,5,영업개시전,2025-07-23 09:56:25,,2025-06-30,335.2,,부산광역시 해운대구 재송동 939-18,2025333020707500001,3330000,"부산광역시 해운대구 해운대로76번길 65, 1층 (재송동)",48048,,01,영업/정상,준대규모점포,,,051-783-3407
에비뉴 드 엘로이,그 밖의 대규모점포,,181588.686552499,462370.643368579,2025-12-15 16:15:28,I,1,정상영업,2025-07-22 17:10:16,,2025-06-23,25203.39,,경기도 고양시 일산동구 풍동 1183,2025394044407500001,3940000,,,,01,영업/정상,대규모점포,,,02-782-9114
이마트에브리데이 휘경자이점,구분없음,,205461.893514965,454519.052992935,2026-01-01 02:40:00,U,1,정상영업,2025-12-30 10:06:37,,2025-06-23,154.46,,서울특별시 동대문구 휘경동 172 휘경자이디센시아,2025305021007500002,3050000,"서울특별시 동대문구 외대역동로 63-27, 상가동 201~203호 (휘경동, 휘경자이디센시아)",02431,,01,영업/정상,준대규모점포,,,02-478-7114
더팩토리 아울렛,전문점,,209055.326991917,415283.591517845,2026-04-01 22:14:14,I,1,정상영업,2025-08-05 10:32:23,,2025-06-18,4901.29,,경기도 용인시 기흥구 공세동 359-2,2025405055307500001,4050000,경기도 용인시 기흥구 공세로 202 (공세동),17100,,01,영업/정상,대규모점포,,,031-202-1623
GS THE FRESH 구의역점,대형마트,,207475.742181881,448425.52828576,2025-12-15 16:15:28,I,1,정상영업,2025-06-12 16:17:54,,2025-06-12,297.32,,서울특별시 광진구 구의동 257-126,2025304019007500001,3040000,"서울특별시 광진구 자양로18길 33, 1층 (구의동)",05043,,01,영업/정상,준대규모점포,,,02-2006-2364
노브랜드 청주복대2점,구분없음,,238209.279586088,349098.999807594,2026-05-06 22:48:34,I,1,정상영업,2025-07-08 17:44:02,,2025-06-11,632,,충청북도 청주시 흥덕구 복대동 288-125 에스와이스타몰,2025571029307500001,5710000,"충청북도 청주시 흥덕구 대농로 49-1, 에스와이스타몰 비동 101호 (복대동)",28425,,01,영업/정상,준대규모점포,,,043-000-0000
노브랜드 서귀포서홍점,구분없음,,158919.327259372,-26519.9921763733,2026-05-02 22:48:39,I,5,영업개시전,2025-06-05 14:12:36,,2025-06-05,444.65,,제주특별자치도 서귀포시 서홍동 397-7,2025652017807500001,6520000,,,,01,영업/정상,준대규모점포,,,064-702-4867
Chapter M,그 밖의 대규모점포,,198403.083197305,451049.012425837,2026-05-14 03:03:03,U,1,정상영업,2026-05-13 09:29:51,,2025-06-05,5432.37,,서울특별시 중구 충무로1가 21-17,2025301024107500001,3010000,서울특별시 중구 명동8나길 38 (충무로1가),04535,,01,영업/정상,대규모점포,,,
이마트에브리데이 이태원점,구분없음,,199034.580692003,448669.474748983,2026-05-06 22:48:30,I,1,정상영업,2025-09-16 15:50:54,,2025-05-29,337.45,,서울특별시 용산구 이태원동 254-5 일각빌딩,2025302020307500002,3020000,"서울특별시 용산구 회나무로13길 20-4, 일각빌딩 1층 (이태원동)",04344,,01,영업/정상,준대규모점포,,,02-380-5042
양남시장정비사업,그 밖의 대규모점포,,190307.528282719,446742.556303998,2026-05-11 22:40:07,I,1,정상영업,2025-10-16 10:06:52,,2025-05-28,3034.02,,서울특별시 영등포구 양평동1가 30,2025318027007500001,3180000,서울특별시 영등포구 선유동1로 9-7 (양평동1가),07262,,01,영업/정상,대규모점포,,,02-2069-2058
GS THE FRESH 공릉역점,구분없음,,206477.084381626,458222.187373294,2025-12-15 16:15:28,I,1,정상영업,2025-06-19 09:54:05,,2025-05-28,262.8,,서울특별시 노원구 공릉동 388-2 1층,2025310018407500001,3100000,"서울특별시 노원구 동일로192길 23, 1층 (공릉동)",01841,,01,영업/정상,준대규모점포,,,02-2006-2364
GS THE FRESH 신방화역점,구분없음,,183901.209920497,451618.937363136,2025-12-15 16:15:28,I,1,정상영업,2025-08-25 09:37:51,,2025-05-27,193.59,,서울특별시 강서구 마곡동 739-4 마곡헤리움1차,2025315020007500001,3150000,"서울특별시 강서구 마곡서1로 115-1, 마곡헤리움1차 111~114호 (마곡동)",07599,,01,영업/정상,준대규모점포,,,02-2665-1018
스타필드 빌리지 운정,쇼핑센터,,179232.340113879,469528.61287477,2026-05-02 22:04:32,I,5,영업개시전,2025-06-02 11:12:08,,2025-05-26,70592.43,,경기도 파주시 와동동 1471-2,2025406050707500001,4060000,경기도 파주시 와석순환로515번길 70 (와동동),10896,,01,영업/정상,대규모점포,,,
GS THE FRESH 광명트리우스점,구분없음,,187542.398118807,442685.966005291,2025-12-15 16:15:28,I,1,정상영업,2025-05-21 09:29:57,,2025-05-19,174.48,,경기도 광명시 광명동 12-2 트리우스 광명,2025390030907500001,3900000,"경기도 광명시 광이로 96, 상기2동 101,102,103호 (광명동, 트리우스 광명)",14206,,01,영업/정상,준대규모점포,,,02-2060-6285
롯데마트 송도점,대형마트,,168348.646973511,431855.205739156,2026-05-11 23:16:52,U,1,정상영업,2026-01-02 15:34:10,,2025-05-12,10874,,인천광역시 연수구 송도동 6-11 롯데마트,2025352024107500002,3520000,"인천광역시 연수구 컨벤시아대로 177, 롯데마트 (송도동)",21998,,01,영업/정상,대규모점포,,,032-222-2523
롯데마트 연수점,대형마트,,171173.885129435,434824.628551534,2026-05-11 23:16:52,U,1,정상영업,2026-01-02 15:34:30,,2025-05-12,9196.74,,인천광역시 연수구 청학동 502-4 롯데마트 연수점,2025352024107500001,3520000,"인천광역시 연수구 청능대로 87, 롯데마트 연수점 (청학동)",21926,,01,영업/정상,대규모점포,,,032-810-2500
롯데쇼핑(주)인천점,백화점,,173499.267314606,437739.32138498,2026-03-26 22:48:23,I,1,정상영업,2025-04-24 12:58:24,,2025-04-24,59168.33,,"인천광역시 미추홀구 관교동 15 인천종합터미널,롯데백화점",2025351057907500005,3510500,"인천광역시 미추홀구 연남로 35, 인천종합터미널,롯데백화점 (관교동)",22242,,01,영업/정상,대규모점포,,,032-242-2805
GS THE FRESH 용현자이점,그 밖의 대규모점포,,,,2026-03-26 22:48:23,I,1,정상영업,2025-04-22 09:28:38,,2025-04-22,226.98,,인천광역시 미추홀구 용현동 0 자이타워,2025351057907500004,3510500,"인천광역시 미추홀구 독배로 383, 자이타워 (용현동)",22184,,01,영업/정상,준대규모점포,,,032-888-7314
GS THE FRESH 인천용현점,그 밖의 대규모점포,,,,2026-03-26 22:48:23,I,1,정상영업,2025-04-22 09:28:27,,2025-04-22,231.83,,인천광역시 미추홀구 용현동 691 미추홀프라자,2025351057907500003,3510500,"인천광역시 미추홀구 낙섬중로 138, 미추홀프라자 (용현동)",22176,,01,영업/정상,준대규모점포,,,032-888-5211
GS THE FRESH 학익점,그 밖의 대규모점포,,170216.500357923,437843.275382345,2026-03-26 22:48:22,I,1,정상영업,2025-04-22 09:28:07,,2025-04-22,1489,,인천광역시 미추홀구 학익동 256-19,2025351057907500002,3510500,인천광역시 미추홀구 소성로 146 (학익동),22224,,01,영업/정상,준대규모점포,,,
GS THE FRESH 방배중앙점,구분없음,,198748.271354705,443257.313511019,2025-12-15 16:15:28,I,1,정상영업,2025-05-02 09:53:19,,2025-04-21,297.5,,서울특별시 서초구 방배동 790-12,2025321019507500001,3210000,서울특별시 서초구 동광로 35 (방배동),06560,,01,영업/정상,준대규모점포,,,02-2006-2364
(주)지에스리테일 홍천점,그 밖의 대규모점포,,277870.200862898,465464.803193958,2025-12-15 16:15:28,I,1,정상영업,2025-04-15 16:42:29,,2025-04-15,1441,,강원특별자치도 홍천군 홍천읍 신장대리 62-1,2025425102207500001,4251000,강원특별자치도 홍천군 홍천읍 홍천로 344,25139,,01,영업/정상,준대규모점포,,,033-435-0085
GS THE FRESH 수유중앙점,구분없음,,201357.487353084,458750.390221395,2026-04-30 22:35:18,I,1,정상영업,2025-05-02 09:46:10,,2025-04-07,294.5,,서울특별시 강북구 수유동 472-304,2025308019007500001,3080000,서울특별시 강북구 삼양로79길 24-17 (수유동),01100,,01,영업/정상,준대규모점포,,,02-2006-2364
GS THE FRESH 숭의역점,그 밖의 대규모점포,2025-12-22,168066.488372837,439990.139451996,2026-03-26 22:48:22,U,3,폐업처리,2025-12-22 16:17:29,,2025-04-02,126,,인천광역시 미추홀구 숭의동 360-2,2025351057907500001,3510500,,,,03,폐업,준대규모점포,,,032-000-0000
GS THE FRESH 노량진역점,구분없음,,194984.417259173,445509.979775534,2026-05-03 22:37:51,I,1,정상영업,2025-05-15 10:57:30,,2025-03-31,179.4,,서울특별시 동작구 노량진동 119-68,2025319027107500001,3190000,"서울특별시 동작구 만양로 93, 주영빌딩 B1층 (노량진동)",06923,,01,영업/정상,준대규모점포,,,02-2006-2364
GS THE FRESH 창원가음점,대형마트,,354143.956530041,191337.32237551,2026-04-30 22:00:15,I,1,정상영업,2025-08-05 08:38:31,,2025-03-26,198.3,,"경상남도 창원시 성산구 가음동 14-12 단지상가101호~105호,106호",2025567056807500001,5670000,,,,01,영업/정상,준대규모점포,,,051-510-4672
(주)이마트에브리데이 둔촌점,구분없음,,212027.481158905,446598.591776331,2026-05-06 22:47:38,I,5,영업개시전,2025-03-11 09:32:28,,2025-03-11,1381.15,,"서울특별시 강동구 둔촌동 174-1 B102,B103호",2025324028907500004,3240000,,,,01,영업/정상,준대규모점포,,,02-380-5042
GS THE FRESH 둔촌포레온점,구분없음,,212195.109947109,447197.273286818,2026-05-06 22:47:38,I,1,정상영업,2025-06-06 12:11:16,,2025-03-11,1017,,서울특별시 강동구 둔촌동 170-1 포레온스테이션5,2025324028907500003,3240000,"서울특별시 강동구 양재대로 1360, 포레온스테이션5 (둔촌동)",05409,,01,영업/정상,준대규모점포,,,02-2006-2364
하나로마트 둔촌점,구분없음,,212195.109947109,447197.273286818,2026-05-06 22:47:38,I,1,정상영업,2025-08-12 13:36:08,,2025-03-11,1161.3,,서울특별시 강동구 둔촌동 170-1 포레온스테이션5,2025324028907500002,3240000,"서울특별시 강동구 양재대로 1360, 포레온스테이션5 (둔촌동)",05409,,01,영업/정상,준대규모점포,,,
(주)이마트에브리데이 이천부발점,구분없음,,242016.421941572,417771.647304977,2026-08-11 21:48:10,U,1,정상영업,2026-08-10 16:29:33,,2025-03-04,0,,경기도 이천시 부발읍 신하리 399-1 롯데프라자,2025407026507500001,4070000,"경기도 이천시 부발읍 경충대로 2269, 롯데프라자 1층",17328,,01,영업/정상,준대규모점포,,,031-8011-0128
신동아쇼핑센터,쇼핑센터,2025-12-30,198622.89264988,446114.155238838,2026-05-06 22:48:30,U,3,폐업처리,2025-12-30 16:13:51,,2025-02-20,7470.17,,서울특별시 용산구 용산동6가 69-167 신동아쇼핑,2025302020307500001,3020000,"서울특별시 용산구 이촌로 352, 신동아쇼핑 (용산동6가)",04428,,03,폐업,대규모점포,,,02-709-7215
롯데슈퍼 김해신문점,구분없음,,365234.115430595,189991.977884807,2025-12-15 16:15:28,I,5,영업개시전,2025-02-20 10:04:15,,2025-02-19,139.8,,경상남도 김해시 신문동 506-4,2025535037407500001,5350000,"경상남도 김해시 장유로334번길 19, 1층 (신문동)",51001,,01,영업/정상,준대규모점포,,,
노브랜드 밀양삼문점,대형마트,,358708.763727428,221641.904197922,2025-12-15 16:15:28,I,1,정상영업,2025-03-18 15:40:31,,2025-02-07,365.03,,경상남도 밀양시 삼문동 720-24,2025536020007500001,5360000,경상남도 밀양시 미리벌로 30 (삼문동),50438,,01,영업/정상,준대규모점포,,,055-475-6900
롯데슈퍼 대구신매 가맹점,구분없음,,353893.90529968,261327.132869664,2026-05-03 22:40:52,U,4,직권취소,2026-02-09 09:07:24,,2025-02-06,185.2,,대구광역시 수성구 신매동 566-3 시지 코오롱하늘채 스카이뷰,2025346019707500001,3460000,"대구광역시 수성구 고산로 101, 시지 코오롱하늘채 스카이뷰 1-14,15.16호 (신매동)",42257,,04,취소/말소/만료/정지/중지,준대규모점포,,,
GS THE FRESH 부평해링턴점,구분없음,,175406.984590886,442427.409794067,2026-05-06 22:48:30,I,1,정상영업,2025-05-12 14:45:35,,2025-02-05,210.4,,인천광역시 부평구 부평동 665-2 부평역해링턴플레이스,2025354016107500001,3540000,"인천광역시 부평구 동수로 36 (부평동, 부평역해링턴플레이스)",21430,,01,영업/정상,준대규모점포,,,02-2006-2364
롯데슈퍼 강동둔촌점,구분없음,,212502.058380013,447693.22037196,2026-05-06 22:47:38,U,1,정상영업,2026-04-24 16:29:40,,2025-01-23,200.64,,서울특별시 강동구 둔촌동 451-1,2025324028907500001,3240000,서울특별시 강동구 진황도로 165 (둔촌동),05365,,01,영업/정상,준대규모점포,,,02-488-8005
GS THE FRESH 양천목2동점,구분없음,,188456.486375706,449112.890911306,2026-03-02 22:18:10,U,1,정상영업,2026-03-01 12:00:03,,2025-01-20,258,,서울특별시 양천구 목동 547-12,2025314027207500001,3140000,서울특별시 양천구 목동중앙본로 95 (목동),07953,,01,영업/정상,준대규모점포,,,
GS THE FRESH 이문라그란데점,복합쇼핑몰,,205249.265435832,455308.651763587,2025-12-15 16:15:28,I,1,정상영업,2025-04-17 17:27:34,,2025-01-20,216,,서울특별시 동대문구 이문동 257-42 래미안라그란데아파트 F동 101~4호,2025305021007500001,3050000,"서울특별시 동대문구 이문로35길 12, F동 101~4호 (이문동, 래미안라그란데아파트)",02404,,01,영업/정상,준대규모점포,,,02-2006-2364
GS더프레시 보문역사거리점,구분없음,,201572.041303407,453729.457829945,2025-12-15 16:15:28,I,5,영업개시전,2025-05-12 10:39:29,,2025-01-15,329,,서울특별시 성북구 보문동2가 79 신한은행보문동지점,2025307029907500001,3070000,"서울특별시 성북구 보문로 121, 신한은행보문동지점 1층 일부 (보문동2가)",02871,,01,영업/정상,준대규모점포,,,02-2006-2364
메가마트 김해점,대형마트,,372941.32985139,193521.212396072,2025-12-15 16:15:28,I,1,정상영업,2024-12-27 10:09:20,,2024-12-27,14842,,경상남도 김해시 삼정동 941 메가마트 김해점,2024535037407500001,5350000,"경상남도 김해시 김해대로2492번길 20, 메가마트 김해점 (삼정동)",50935,,01,영업/정상,대규모점포,,,055-371-6000
GS THE FRESH 부산명륜점,구분없음,,389649.19938709,192126.676191516,2025-12-15 16:15:28,I,1,정상영업,2025-05-02 17:34:31,,2024-12-19,439.7,,부산광역시 동래구 명륜동 185,2024330011907500004,3300000,"부산광역시 동래구 문화로 7, 1층 (명륜동)",47747,,01,영업/정상,준대규모점포,,,051-558-9798
GS THE FRSH(대구노변점),구분없음,,353394.618500842,260767.94269704,2026-05-03 22:40:52,I,1,정상영업,2024-12-10 10:59:35,,2024-12-09,270.7,,대구광역시 수성구 노변동 452-2,2024346019707500002,3460000,대구광역시 수성구 노변공원로 85 (노변동),42258,,01,영업/정상,준대규모점포,,,
GS THE FRESH(대구노변점),구분없음,,353394.618500842,260767.94269704,2026-05-03 22:40:52,I,1,정상영업,2025-04-16 13:09:28,,2024-12-09,270.7,,대구광역시 수성구 노변동 452-2,2024346019707500001,3460000,대구광역시 수성구 노변공원로 85 (노변동),42258,,01,영업/정상,준대규모점포,,,
GS THE FRESH 온천래미안점,구분없음,,389394.888546212,193441.356927049,2025-12-15 16:15:28,I,1,정상영업,2025-05-02 17:35:39,,2024-12-02,254.54,,부산광역시 동래구 온천동 47-5,2024330011907500003,3300000,"부산광역시 동래구 금강로151번길 2, 1층 (온천동)",47701,,01,영업/정상,준대규모점포,,,051-510-4672
GS THE FRESH 창원명서점,그 밖의 대규모점포,,349592.74182334,196068.969651688,2026-04-30 22:00:15,I,1,정상영업,2025-04-29 13:12:59,,2024-11-21,231.4,,경상남도 창원시 의창구 명서동 27 두산위브아파트,2024567056607500001,5670000,"경상남도 창원시 의창구 도계로 135, 상가동 106~107호,113호 (명서동, 두산위브아파트)",51170,,01,영업/정상,준대규모점포,,,
GS THR FRESH 천안극동점,구분없음,,213219.406838992,365677.786529933,2025-12-15 16:15:28,I,1,정상영업,2024-11-27 10:18:20,,2024-11-21,161,,충청남도 천안시 동남구 다가동 30 천안극동스타클래스 더퍼스트,2024449037507500001,4490000,"충청남도 천안시 동남구 풍세로 933, 단지내상가112호~115호동 (다가동, 천안극동스타클래스 더퍼스트)",31188,,01,영업/정상,준대규모점포,,,
고덕비즈밸리 유통판매 복합시설,복합쇼핑몰,,213847.923700142,451564.469961363,2026-05-06 22:47:38,I,1,정상영업,2025-06-25 17:09:55,,2024-11-14,66630.64,,서울특별시 강동구 고덕동 353-23,2024324028907500003,3240000,,,,01,영업/정상,대규모점포,,,02-557-8828
GS THE FRESH 홍제해링턴점,구분없음,,195387.622258064,454191.447092985,2026-05-06 22:37:16,I,1,정상영업,2025-04-25 13:17:05,,2024-11-12,237.6,,서울특별시 서대문구 홍제동 474 홍제역해링턴플레이스,2024312021907500004,3120000,"서울특별시 서대문구 세무서8길 30, 32동 1호 (홍제동, 홍제역해링턴플레이스)",03626,,01,영업/정상,준대규모점포,,,02-2006-2364
GS THE FRESH 강동성내점,구분없음,,211027.51175299,447708.22061393,2026-05-06 22:47:38,I,1,정상영업,2025-06-09 14:50:47,,2024-11-11,239.58,,서울특별시 강동구 성내동 293-12 바로빌딩,2024324028907500002,3240000,"서울특별시 강동구 풍성로38길 9, 바로빌딩 1층 (성내동)",05393,,01,영업/정상,준대규모점포,,,02-2006-2364
GS THE FRESH 세종리버파크점,구분없음,,224884.45757913,330481.151715342,2026-03-26 22:01:15,U,5,영업개시전,2025-10-30 16:06:37,,2024-10-30,275.87,,세종특별자치시 대평동 668 해들마을 6단지 상가동,2024569040807500001,5690000,"세종특별자치시 한누리대로 2236, 해들마을 6단지 상가동 A133~A138호 (대평동)",30152,,01,영업/정상,준대규모점포,,,044-865-2538
"나진상가 17,18동",전문점,,196873.001604976,447960.206197372,2026-05-06 22:48:30,I,1,정상영업,2024-10-31 16:35:01,,2024-10-28,13126.83,,서울특별시 용산구 한강로2가 15-2 나진상가,2022302020307500001,3020000,"서울특별시 용산구 청파로 125, 나진상가 (한강로2가)",04370,,01,영업/정상,대규모점포,,,02-716-3872
LEWEST A관,그 밖의 대규모점포,,184522.907834771,451531.924488537,2025-12-15 16:15:28,I,1,정상영업,2025-08-18 15:01:31,,2024-10-25,32442.38,,서울특별시 강서구 마곡동 767,2024315020007500003,3150000,서울특별시 강서구 마곡중앙로 143 (마곡동),07797,,01,영업/정상,대규모점포,,,02-3487-6056
LEWEST B관,그 밖의 대규모점포,,184504.783680584,451283.535222297,2025-12-15 16:15:28,I,1,정상영업,2025-09-18 17:02:44,,2024-10-25,27422,,서울특별시 강서구 마곡동 767-4 롯데캐슬 르웨스트,2024315020007500002,3150000,"서울특별시 강서구 마곡중앙로 111 (마곡동, 롯데캐슬 르웨스트)",07797,,01,영업/정상,대규모점포,,,02-3487-6056
GS THE FRESH 노원비석로점,구분없음,,205914.462686563,462406.850661648,2025-12-15 16:15:28,I,1,정상영업,2025-05-21 09:41:44,,2024-10-18,294.21,,서울특별시 노원구 상계동 453-2 1층,2024310018407500002,3100000,"서울특별시 노원구 한글비석로 452, 1층 (상계동)",01656,,01,영업/정상,준대규모점포,,,02-2006-2364
(주)이마트에브리데이 신풍역점,구분없음,,191902.269810046,444157.372393042,2026-05-11 22:40:07,I,1,정상영업,2024-10-16 17:00:04,,2024-10-16,958.6,,서울특별시 영등포구 신길동 3608 비스타동원,2024318025507500001,3180000,"서울특별시 영등포구 신풍로 28, B137호 (신길동, 비스타동원)",07430,,01,영업/정상,준대규모점포,,,02-380-5042
GS THE FRESH 부산남천역점,구분없음,,391940.915455362,184397.43642228,2025-12-15 16:15:28,I,1,정상영업,2025-05-21 13:40:16,,2024-10-07,253.5,,부산광역시 수영구 남천동 258-4 남천오피스,2024338009407500001,3380000,"부산광역시 수영구 수영로384번길 8, 남천오피스 (남천동)",48312,,01,영업/정상,준대규모점포,,,
스타오씨엘 에비뉴Ⅱ,그 밖의 대규모점포,,169093.303698974,437603.768515412,2026-03-26 22:48:22,I,5,영업개시전,2024-10-03 10:48:01,,2024-10-03,3712.99,,인천광역시 미추홀구 학익동 595-28,2024351057907500009,3510500,,,,01,영업/정상,대규모점포,,,032-830-2551
송탄농협 종합타운 하나로마트,대형마트,,207241.107390591,394255.761663547,2026-04-03 03:03:03,U,1,정상영업,2026-04-02 17:35:05,,2024-10-02,5898.55,,경기도 평택시 가재동 345-8,2024391041807500001,3910000,,,,01,영업/정상,대규모점포,,,031-663-1521
GS THE FRESH 창원대원점,그 밖의 대규모점포,,350289.15406655,194044.129488862,2026-04-30 22:00:15,I,1,정상영업,2025-08-05 08:38:09,,2024-09-30,716.19,,경상남도 창원시 성산구 대원동 36-5,2024567056807500001,5670000,"경상남도 창원시 성산구 대원로 87, 에일린의 뜰 상가 지하층 B101호 (대원동)",51415,,01,영업/정상,준대규모점포,,,
GS THE FRESH 부산미남역점,구분없음,,388189.034202454,191546.670279537,2025-12-15 16:15:28,I,5,영업개시전,2024-11-14 12:58:00,,2024-09-27,495.8,,부산광역시 동래구 온천동 1248-4 월드메디컬타워,2024330011907500002,3300000,"부산광역시 동래구 아시아드대로 239-1, 월드메디컬타워 1층 (온천동)",47851,,01,영업/정상,준대규모점포,,,051-634-5542
GS THE FRESH 부산미남역점,구분없음,,388189.034202454,191546.670279537,2025-12-15 16:15:28,I,1,정상영업,2024-11-20 10:28:24,,2024-09-27,495.8,,부산광역시 동래구 온천동 1248-4 월드메디컬타워,2024330011907500001,3300000,"부산광역시 동래구 아시아드대로 239-1, 월드메디컬타워 1층 (온천동)",47851,,01,영업/정상,준대규모점포,,,051-634-5542
GS THE FRESH 김해율하점,구분없음,,365223.320079331,187479.680724965,2025-12-15 16:15:28,I,1,정상영업,2025-01-13 16:35:14,,2024-09-11,709.4,,경상남도 김해시 율하동 1333-4,2024535037407500005,5350000,경상남도 김해시 율하2로97번길 34 (율하동),51019,,01,영업/정상,준대규모점포,,,055-330-3416
강현농협 하나로마트 낙산점,구분없음,,342881.510532634,514216.129963089,2025-12-15 16:15:28,I,1,정상영업,2024-12-24 14:07:40,,2024-09-11,0,,강원특별자치도 양양군 강현면 전진리 7-1 강현농협낙산지점,2024435100907500001,4351000,"강원특별자치도 양양군 강현면 해맞이길 8-12, 강현농협낙산지점",25009,,01,영업/정상,준대규모점포,,,033-671-8952
GS THE FRESH 의정부센트럴점,구분없음,,204368.427119001,469951.268772564,2026-05-11 22:02:32,I,4,직권취소,2024-09-23 09:41:22,,2024-09-06,143.5,,경기도 의정부시 의정부동 724 의정부역센트럴자이&위브캐슬,2024382038007500002,3820000,"경기도 의정부시 경의로 132, C동 1층 101~105,115호 (의정부동, 의정부역센트럴자이&위브캐슬)",11699,,04,취소/말소/만료/정지/중지,준대규모점포,,,
GS THE FRESH 의정부센트럴점,구분없음,,204368.427119001,469951.268772564,2026-05-11 22:02:32,I,1,정상영업,2025-04-14 15:45:00,,2024-09-06,143.5,,경기도 의정부시 의정부동 724 의정부역센트럴자이&위브캐슬,2024382038007500001,3820000,"경기도 의정부시 경의로 132, 상가 c동 1층 101~105,115호 (의정부동, 의정부역센트럴자이&위브캐슬)",11699,,01,영업/정상,준대규모점포,,,
GS THE FRESH 문정역점,구분없음,,210813.51310976,442691.180644406,2025-12-15 16:15:28,I,1,정상영업,2025-05-08 11:25:25,,2024-08-27,281.64,,서울특별시 송파구 문정동 55-6 문정역 마에스트로,2024323029107500002,3230000,"서울특별시 송파구 문정로 1, 지층 B104호-B107호 (문정동, 문정역 마에스트로)",05806,,01,영업/정상,준대규모점포,,,02-2006-2364
HS식자재도매유통 구미점,대형마트,,319916.169862581,296003.377355709,2025-12-15 16:15:28,U,1,정상영업,2025-12-09 09:23:01,,2024-08-26,3027.82,,경상북도 구미시 고아읍 원호리 223-3,2024508034907500001,5080000,경상북도 구미시 고아읍 들성로 119-11,39146,,01,영업/정상,대규모점포,,,
GS THE FRESH 부산연산점,구분없음,,389089.698331526,189395.97864283,2026-05-04 22:36:27,I,5,영업개시전,2024-08-14 17:49:30,,2024-08-14,495.86,,부산광역시 연제구 연산동 1290-4,2024337015007500001,3370000,부산광역시 연제구 거제천로 142 (연산동),47539,,01,영업/정상,준대규모점포,,,051-862-7400
GS THE FRESH 청담점,대형마트,,204504.368683467,447166.991324457,2025-12-15 16:15:28,I,5,영업개시전,2025-05-07 10:35:44,,2024-07-30,183,,서울특별시 강남구 청담동 109-16 청담범신칼릭스빌2차,2024322024907500001,3220000,"서울특별시 강남구 도산대로89길 35, 지상1층 107, 108호 (청담동, 청담범신칼릭스빌2차)",06012,,01,영업/정상,준대규모점포,,,02-2006-2364
GS THE FRESH 관악신림점,구분없음,,,,2025-12-15 16:15:28,I,1,정상영업,2025-08-01 18:05:28,,2024-07-25,255.1,,서울특별시 관악구 신림동 1747 센터스퀘어 서울대점,2024320022507500002,3200000,"서울특별시 관악구 신림로 99 (신림동, 센터스퀘어 서울대점)",08814,,01,영업/정상,준대규모점포,,,02-0000-0000
DMC금호리첸시아몰,그 밖의 대규모점포,,192482.416512858,452143.491541077,2026-05-06 22:37:16,I,1,정상영업,2024-07-26 11:58:21,,2024-07-25,7391.45,,서울특별시 서대문구 남가좌동 396 DMC금호리첸시아,2024312021907500003,3120000,"서울특별시 서대문구 수색로2길 39, B1,1,2층 (남가좌동, DMC금호리첸시아)",03712,,01,영업/정상,대규모점포,,,02-304-4025
현대타워랜드,그 밖의 대규모점포,,185196.01753702,424100.3316153,2025-12-15 16:15:28,I,1,정상영업,2024-07-25 14:18:15,,2024-07-23,19927.49,,경기도 안산시 단원구 고잔동 533,2024393048207500001,3930000,경기도 안산시 단원구 당곡로 20 (고잔동),15360,,01,영업/정상,대규모점포,,,
GS THE FRESH 창동점,구분없음,,203589.033642356,461254.349369279,2025-12-15 16:15:28,I,1,정상영업,2025-04-14 14:23:40,,2024-07-08,292.8,,서울특별시 도봉구 창동 297-16,2024309018507500001,3090000,서울특별시 도봉구 해등로12길 3 (창동),01402,,01,영업/정상,준대규모점포,,,02-2006-2364
GS THE FRESH 광진능동점,대형마트,,207108.67238502,450297.066731294,2025-12-15 16:15:28,I,1,정상영업,2025-04-14 13:37:17,,2024-07-04,162.28,,서울특별시 광진구 능동 234-1,2024304019007500002,3040000,"서울특별시 광진구 천호대로112길 25, 1층 (능동)",04986,,01,영업/정상,준대규모점포,,,02-446-2923
GS THE FRESH 김포구래점,구분없음,,167542.995851124,460979.452892696,2025-12-15 16:15:28,I,1,정상영업,2024-07-16 17:36:10,,2024-07-02,236.66,,경기도 김포시 구래동 6874-23,2024409046507500001,4090000,"경기도 김포시 김포한강4로420번길 88, 슈퍼스타타워 101호, 102호, 113호, 114호, 115호 (구래동)",10063,,01,영업/정상,준대규모점포,,,
GS THE FRESH 인천석바위점,구분없음,,172657.490901483,439438.481562346,2026-03-26 22:48:22,I,1,정상영업,2025-04-30 13:42:02,,2024-06-28,193.52,,인천광역시 미추홀구 주안동 1545-2,2024351057907500008,3510500,인천광역시 미추홀구 구월로8번길 18-62 (주안동),22146,,01,영업/정상,준대규모점포,,,02-2006-2364
주식회사 청라지젤엠,그 밖의 대규모점포,,,,2026-07-01 13:36:35,I,1,정상영업,2024-06-27 13:36:07,,2024-06-27,3139.28,,인천광역시 서해구 청라동 165-12 지젤엠청라,2024356022207500001,3561000,"인천광역시 서해구 청라에메랄드로 99, 지젤엠청라 (청라동)",22738,,01,영업/정상,대규모점포,,,
GS THE FRESH 부산당감점,구분없음,,385418.974408842,186736.181524438,2025-12-15 16:15:28,I,1,정상영업,2025-01-15 10:18:13,,2024-06-27,235.5,,부산광역시 부산진구 당감동 480-12 무궁화아파트,2024329016907500002,3290000,"부산광역시 부산진구 당감서로 21, 1층 (당감동, 무궁화아파트)",47178,,01,영업/정상,준대규모점포,,,
GS THE FRESH 부산양정역점,구분없음,,388415.250350946,188023.91387035,2025-12-15 16:15:28,I,1,정상영업,2024-07-24 09:24:46,,2024-06-26,564.3,,부산광역시 부산진구 양정동 386-5,2024329016907500001,3290000,"부산광역시 부산진구 동평로 404, 1층 (양정동)",47212,,01,영업/정상,준대규모점포,,,051-853-3003
몰 오브 진주,복합쇼핑몰,,301327.787954106,185111.050350481,2025-12-15 16:15:28,I,5,영업개시전,2024-06-25 17:11:48,,2024-06-25,38466.76,,경상남도 진주시 호탄동 740 외 26필지,2024531031407500002,5310000,,,,01,영업/정상,대규모점포,,,02-6263-7500
롯데슈퍼 평촌엘프가맹점,구분없음,,,,2025-12-15 16:15:28,I,1,정상영업,2024-06-25 15:16:31,,2024-06-25,580.2,,경기도 안양시 동안구 비산동 281-1 1단지상가 122호,2024383028807500001,3830000,"경기도 안양시 동안구 매곡로 23, 1단지상가 122호 (비산동, 평촌엘프라우드)",13917,,01,영업/정상,준대규모점포,,,
GS THE FRESH 부산구남점,그 밖의 대규모점포,,381552.521372783,190386.518166956,2026-05-03 22:39:05,I,1,정상영업,2024-08-05 09:29:27,,2024-06-24,242.5,,부산광역시 북구 구포동 1091,2024332010707500001,3320000,부산광역시 북구 백양대로 1013 (구포동),46650,,01,영업/정상,준대규모점포,,,051-343-6722
강동밀레니얼 중흥S-클래스 쇼핑센터,쇼핑센터,,211150.812213612,448805.145144628,2026-05-06 22:47:38,I,1,정상영업,2024-12-05 09:09:19,,2024-06-18,31500.83,,서울특별시 강동구 천호동 423-200,2024324028907500001,3240000,,,,01,영업/정상,대규모점포,,,02-479-2384
(주)이마트에브리데이 광명점,구분없음,,187160.874188076,441928.353304808,2025-12-15 16:15:28,I,1,정상영업,2024-08-08 14:00:19,,2024-05-31,1279.03,423-808,경기도 광명시 광명3동 150번지 19호 광명크로앙스 지하 2층,2011390014007500001,3900000,경기도 광명시 오리로 970 (광명동),,,01,영업/정상,준대규모점포,,,20678784
청주센트럴시티,쇼핑센터,,238449.433440246,347396.698510935,2026-05-06 22:48:34,U,1,정상영업,2026-01-12 17:34:33,,2024-05-28,47307.68,,충청북도 청주시 흥덕구 가경동 1416 청주센트럴시티(터미널복합),2024571023607500001,5710000,"충청북도 청주시 흥덕구 2순환로 1225, 청주센트럴시티(터미널복합) (가경동)",28396,,01,영업/정상,대규모점포,,,043-223-3458
모다아울렛,대형마트,,199319.139170008,257448.484296989,2026-05-03 22:50:54,I,1,정상영업,2024-05-27 18:46:20,,2024-05-27,21138.68,,전북특별자치도 김제시 용지면 부교리 57-22 모다아울렛,2024471101507500002,4711000,"전북특별자치도 김제시 용지면 콩쥐팥쥐로 855, 모다아울렛",54334,,01,영업/정상,대규모점포,,,063-540-9311
링크맘,전문점,,214120.476410312,417325.614126043,2026-04-01 22:14:14,I,1,정상영업,2025-10-02 15:46:32,,2024-05-20,8528.19,,경기도 용인시 기흥구 중동 31-5,2024405053807500001,4050000,경기도 용인시 기흥구 동백죽전대로175번길 6 (중동),16995,,01,영업/정상,대규모점포,,,070-5228-1224
(주)신세계 마산점,백화점,,344361.357213009,192302.09720122,2026-04-30 22:00:15,I,1,정상영업,2024-05-13 10:19:33,,2024-05-13,26674.69,,경상남도 창원시 마산합포구 산호동 10-3 신세계백화점,2024567074607500007,5670000,"경상남도 창원시 마산합포구 합포로 251, 신세계백화점 (산호동)",51330,,01,영업/정상,대규모점포,,,055-240-1041
GS THE FRESH 은평가좌점,구분없음,,191844.913712646,454908.495429711,2026-05-06 22:48:30,I,1,정상영업,2025-04-22 15:15:21,,2024-05-01,186.21,,서울특별시 은평구 신사동 228-5,2024311021707500001,3110000,"서울특별시 은평구 가좌로 331, 1층 (신사동)",03440,,01,영업/정상,준대규모점포,,,
GS THE FRESH 진해남문점,그 밖의 대규모점포,,360141.456258912,179926.033757916,2026-04-30 22:00:15,I,1,정상영업,2025-04-16 09:46:20,,2024-04-29,246.96,,경상남도 창원시 진해구 남문동 1275-1 리젠시빌란트더웰 상가동,2024567057407500001,5670000,"경상남도 창원시 진해구 웅천동로 13, 상가동 1층 105호~111호 (남문동, 리젠시빌란트더웰)",51618,,01,영업/정상,준대규모점포,,,
홈플러스 주식회사,대형마트,,191152.432649234,438865.160717275,2026-05-07 22:30:13,I,1,정상영업,2024-04-29 15:44:46,,2024-04-29,0,,서울특별시 금천구 시흥동 992-47 홈플러스테스테스코(주)시흥점,2024317025707500001,3170000,"서울특별시 금천구 시흥대로 201, 홈플러스테스테스코(주)시흥점 (시흥동)",08632,,01,영업/정상,대규모점포,,,02-890-8122
노브랜드 부산아울렛점,구분없음,,403214.458027912,204878.049675429,2026-05-03 22:38:29,I,1,정상영업,2024-04-26 13:49:44,,2024-04-26,0,,부산광역시 기장군 장안읍 좌천리 545 부산프리미엄아울렛,2024340013207500001,3400000,"부산광역시 기장군 장안읍 정관로 1133, 부산프리미엄아울렛 700동 102호",46029,,01,영업/정상,준대규모점포,,,051-940-1102
이마트 마산점,대형마트,,342886.064848583,189864.336045851,2026-04-30 22:00:15,I,1,정상영업,2024-04-24 13:35:35,,2024-04-24,11192,,경상남도 창원시 마산합포구 중앙동3가 4-1 이마트,2024567074607500006,5670000,"경상남도 창원시 마산합포구 서성로 3, 이마트 (중앙동3가)",51735,,01,영업/정상,대규모점포,,,
이마트 창원점,대형마트,,352870.655048828,193192.657445858,2026-04-30 22:00:15,I,1,정상영업,2024-04-24 13:40:14,,2024-04-24,10909,,경상남도 창원시 성산구 중앙동 91 창원이마트,2024567074607500005,5670000,"경상남도 창원시 성산구 원이대로 608, 창원이마트 (중앙동)",51515,,01,영업/정상,대규모점포,,,055-211-1052
진주남부농협 하나로마트,그 밖의 대규모점포,,300211.354606774,181815.943424691,2025-12-15 16:15:28,I,1,정상영업,2024-07-20 14:43:52,,2024-04-23,3240.46,,"경상남도 진주시 정촌면 예하리 1279-1 2, 9, 10",2024531031407500001,5310000,,,,01,영업/정상,대규모점포,,,
GS THE FRESH 송파나루역점,구분없음,,209841.106799057,445595.125934631,2025-12-15 16:15:28,I,1,정상영업,2025-04-29 10:36:21,,2024-04-19,168.16,,서울특별시 송파구 방이동 103-15,2024323029107500001,3230000,"서울특별시 송파구 올림픽로32길 53, 1층 (방이동)",05546,,01,영업/정상,준대규모점포,,,02-2006-2364
이마트,대형마트,,308612.065962418,403106.413353613,2025-12-15 16:15:28,I,1,정상영업,2024-04-15 10:22:05,,2024-04-15,0,,충청북도 제천시 강제동 684 제천E-MART,2024440029707500001,4400000,"충청북도 제천시 장평천로 11, 제천E-MART (강제동)",27198,,01,영업/정상,대규모점포,,,043-641-1052
GS THE FRESH 해운대엘시티점,구분없음,,397540.467298187,186751.661439715,2026-05-10 22:54:16,I,1,정상영업,2025-05-20 17:45:05,,2024-04-03,355.7,,부산광역시 해운대구 중동 1829 엘시티,2024333020707500001,3330000,"부산광역시 해운대구 달맞이길 30, 3008호 (중동, 엘시티)",48099,,01,영업/정상,준대규모점포,,,051-731-9500
GS THE FRESH 인천작전역점,구분없음,,,,2026-05-10 23:19:02,I,1,정상영업,2025-04-24 17:22:17,,2024-04-01,200.3,,인천광역시 계양구 작전동 0 힐스테이트자이계양,2024355012707500001,3550000,"인천광역시 계양구 봉오대로651번길 9, 상가동 107-109호 (작전동, 힐스테이트자이계양)",21046,,01,영업/정상,준대규모점포,,,02-2006-2364
GS THE FRESH 대구파크드림점,대형마트,,346871.643997829,266386.010736354,2026-04-30 22:30:10,I,1,정상영업,2025-04-10 11:51:02,,2024-04-01,192.7,,대구광역시 동구 신암동 139-69 동대구역센텀화성파크드림아파트,2024342020707500002,3420000,"대구광역시 동구 아양로 133, 301동 101호~105호 (신암동, 동대구역센텀화성파크드림아파트)",41189,,01,영업/정상,준대규모점포,,,080-345-7700
성원3차종합상가,그 밖의 대규모점포,,355345.158946828,191953.984254067,2026-04-30 22:00:15,I,1,정상영업,2024-03-26 16:37:10,,2024-03-26,5720,,경상남도 창원시 성산구 대방동 355 성원3차아파트상가,2024567074607500004,5670000,"경상남도 창원시 성산구 대암로 80, 성원3차아파트상가 (대방동)",51462,,01,영업/정상,대규모점포,,,055-282-8142
GS THE FRESH 부산시청점,구분없음,,389335.954387053,188754.45415331,2026-05-04 22:36:26,I,1,정상영업,2025-03-12 17:50:49,,2024-03-26,363.63,,부산광역시 연제구 연산동 1597-4,2024337013407500002,3370000,부산광역시 연제구 중앙천로 81-17 (연산동),47599,,01,영업/정상,준대규모점포,,,051-852-7440
장유여객터미널 상업시설,그 밖의 대규모점포,,365633.869413856,190545.90625481,2025-12-15 16:15:28,I,5,영업개시전,2024-03-21 16:47:50,,2024-03-21,19737.39,,경상남도 김해시 무계동 77,2024535033007500001,5350000,,,,01,영업/정상,대규모점포,,,055-328-2088
GS THE FRESH 대구범어역점,구분없음,,,,2026-05-03 22:40:52,I,1,정상영업,2025-04-25 11:20:22,,2024-03-21,152.4,,대구광역시 수성구 범어동 2291 수성 범어W,2024346017707500001,3460000,"대구광역시 수성구 달구벌대로 2436, 1층 110~112호 (범어동, 수성 범어W)",42085,,01,영업/정상,준대규모점포,,,051-510-4672
더블유시티,쇼핑센터,,282420.45355925,427386.499314318,2025-12-15 16:15:28,I,5,영업개시전,2024-03-20 13:53:05,,2024-03-20,41870.41,,강원특별자치도 원주시 단계동 877-1,2024419100607500001,4191000,강원특별자치도 원주시 서원대로 171 (단계동),26436,,01,영업/정상,대규모점포,,,033-738-9000
홈플러스(주) 김제점,대형마트,,191146.883710671,255517.370352134,2026-05-03 22:50:54,I,1,정상영업,2024-03-07 15:37:26,,2024-03-07,13766.59,,전북특별자치도 김제시 검산동 838,2024471101507500001,4711000,전북특별자치도 김제시 금성로 114 (검산동),54399,,01,영업/정상,대규모점포,,,063-540-8230
홈플러스 마산점,대형마트,,344300.256802514,192639.515073523,2026-04-30 22:00:15,I,1,정상영업,2024-03-04 18:22:34,,2024-03-04,27684.74,,경상남도 창원시 마산회원구 양덕동 151-1 삼성홈플러스,2024567074607500003,5670000,"경상남도 창원시 마산회원구 삼호로 56, 삼성홈플러스 (양덕동)",51320,,01,영업/정상,대규모점포,,,055-259-8120
홈플러스 진해점,대형마트,,354027.572779734,185091.047013466,2026-04-30 22:00:15,I,1,정상영업,2024-03-04 18:30:11,,2024-03-04,12780,,경상남도 창원시 진해구 이동 536-10 홈플러스진해점,2024567074607500002,5670000,"경상남도 창원시 진해구 충장로 356, 홈플러스진해점 (이동)",51687,,01,영업/정상,대규모점포,,,055-540-8122
홈플러스 창원점,대형마트,,349554.531300316,193997.823602934,2026-04-30 22:00:15,I,1,정상영업,2024-03-04 18:19:11,,2024-03-04,30100,,경상남도 창원시 의창구 팔용동 30-3 삼성홈플러스,2024567074607500001,5670000,"경상남도 창원시 의창구 창원대로 415, 삼성홈플러스 (팔용동)",51393,,01,영업/정상,대규모점포,,,055-270-8124
GS TEH FRESH 구월용천로점,복합쇼핑몰,,174674.220592143,439719.804934686,2026-03-26 22:49:56,I,1,정상영업,2025-05-13 15:11:17,,2024-03-04,183.38,,인천광역시 남동구 구월동 69-7,2024353017907500002,3530000,,,,01,영업/정상,준대규모점포,,,
노브랜드 트레이더스 구월점,구분없음,,174074.002286488,437545.395950524,2026-03-26 22:49:56,I,1,정상영업,2024-04-29 13:04:42,,2024-03-04,661.15,,인천광역시 남동구 구월동 1549,2024353017907500001,3530000,,,,01,영업/정상,준대규모점포,,,02-380-9843
홈플러스 인천 숭의점,대형마트,,,,2026-03-26 22:48:22,I,1,정상영업,2024-03-04 11:14:32,,2024-03-04,19460.55,,인천광역시 미추홀구 숭의동 180-6,2024351057907500007,3510500,"인천광역시 미추홀구 석정로 51, 홈플러스 (숭의동)",22160,,01,영업/정상,대규모점포,,,032-719-2020
홈플러스 (주) 인하점,대형마트,,169028.062637712,438450.444079289,2026-03-26 22:48:22,I,1,정상영업,2025-01-13 17:08:25,,2024-03-04,15498,,인천광역시 미추홀구 학익동 720-16 홈플러스,2024351057907500006,3510500,"인천광역시 미추홀구 소성로 6, 홈플러스 (학익동)",22201,,01,영업/정상,대규모점포,,,
힐스에비뉴 도안2차,그 밖의 대규모점포,,229934.640252792,314591.773812606,2025-12-15 16:15:28,I,5,영업개시전,2024-02-28 16:06:42,,2024-02-28,9077.4,,대전광역시 유성구 용계동 667-4 힐스테이트 도안 2차,2024367020207500001,3670000,"대전광역시 유성구 동서대로656번길 16-32, 힐스테이트 도안 2차 (용계동)",34218,,01,영업/정상,대규모점포,,,032-677-3158
아인애비뉴 메디&라이프 복합몰,그 밖의 대규모점포,,,,2026-03-26 22:48:22,I,1,정상영업,2024-12-19 11:36:58,,2024-02-26,34492,,인천광역시 미추홀구 주안동 0 포레나 미추홀,2024351057907500005,3510500,"인천광역시 미추홀구 경인로 372 (주안동, 포레나 미추홀)",22148,,01,영업/정상,대규모점포,,,032-459-6002
GS THE FRESH 신내점,그 밖의 대규모점포,,208481.612667873,455496.980508789,2025-12-15 16:15:28,I,1,정상영업,2024-02-13 14:17:38,,2024-02-08,258.45,,서울특별시 중랑구 신내동 502-5 대명프라자,2024306020207500001,3060000,"서울특별시 중랑구 봉화산로56길 153, 대명프라자 (신내동)",02071,,01,영업/정상,준대규모점포,,,02-434-3043
GS THE FRESH 북서울숲점,구분없음,,203008.20501727,456808.972105684,2026-04-30 22:35:18,I,1,정상영업,2025-05-02 09:47:25,,2024-02-07,227.01,,"서울특별시 강북구 미아동 7-5 대지쇼핑프라자 1층 101~104호, 106호~122호",2024308019007500001,3080000,"서울특별시 강북구 오패산로30길 10, 대지쇼핑프라자 1층 101~104호, 106호~122호 (미아동)",01237,,01,영업/정상,준대규모점포,,,02-2006-2364
GS THE FRESH 대구화랑로점,대형마트,,347242.984723099,264478.808435214,2026-04-30 22:30:10,I,1,정상영업,2025-04-11 09:27:19,,2024-02-06,186.1,,대구광역시 동구 신천동 353-1,2024342020707500001,3420000,"대구광역시 동구 화랑로 33, 301동 113호~117호 (신천동)",41252,,01,영업/정상,준대규모점포,,,080-345-7700
GS THE FRESH 동래안락점,구분없음,,392347.318042647,191031.83071431,2025-12-15 16:15:28,I,1,정상영업,2025-05-02 17:38:03,,2024-02-05,214.87,,부산광역시 동래구 안락동 471-99,2024330011007500001,3300000,부산광역시 동래구 명장로127번길 6 (안락동),47770,,01,영업/정상,준대규모점포,,,051-531-3663
GS THE FRESH 신촌이대역점,그 밖의 대규모점포,,195332.123380254,450806.05844472,2026-05-06 22:37:16,I,1,정상영업,2025-04-25 13:20:39,,2024-01-31,275.04,,서울특별시 서대문구 대현동 144 신촌럭키아파트 상가동 101호,2024312021907500002,3120000,"서울특별시 서대문구 이화여대길 50-12, 상가동 1층 101호 (대현동, 신촌럭키아파트)",03764,,01,영업/정상,준대규모점포,,,
GS THE FRESH 신촌이대역점,그 밖의 대규모점포,,195332.123380254,450806.05844472,2026-05-06 22:37:16,I,1,정상영업,2024-04-26 14:11:56,,2024-01-31,275.04,,서울특별시 서대문구 대현동 144 신촌럭키아파트 상가동 101호,2024312021907500001,3120000,"서울특별시 서대문구 이화여대길 50-12, 상가동 1층 101호 (대현동, 신촌럭키아파트)",03764,,01,영업/정상,준대규모점포,,,02-2006-2364
GS THE FRESH 관악은천점,구분없음,,194553.838438621,442719.413175605,2025-12-15 16:15:28,I,1,정상영업,2025-08-01 18:01:59,,2024-01-30,162.48,,서울특별시 관악구 봉천동 952-1,2024320022507500001,3200000,"서울특별시 관악구 국회단지길 7, 1층 (봉천동)",08717,,01,영업/정상,준대규모점포,,,02-882-4458
GS THE FRESH 용현자이점,그 밖의 대규모점포,,,,2026-03-26 22:48:22,I,1,정상영업,2025-04-22 09:31:02,,2024-01-22,226.98,,인천광역시 미추홀구 용현동 0 자이타워,2024351057907500004,3510500,"인천광역시 미추홀구 독배로 383, 자이타워 (용현동)",22184,,01,영업/정상,준대규모점포,,,032-888-7314
GS THE FRESH 인천용현점,구분없음,,,,2026-03-26 22:48:22,I,5,영업개시전,2025-04-21 15:34:26,,2024-01-22,231.83,,인천광역시 미추홀구 용현동 0 미추홀프라자,2024351057907500003,3510500,"인천광역시 미추홀구 낙섬중로 138, 미추홀프라자 (용현동)",22176,,01,영업/정상,준대규모점포,,,02-2006-2364
GS THE FRESH 용현자이점,구분없음,,,,2026-03-26 22:48:22,I,5,영업개시전,2024-01-23 13:51:24,,2024-01-22,226.98,,인천광역시 미추홀구 용현동 0 자이타워,2024351057907500002,3510500,"인천광역시 미추홀구 독배로 383, 자이타워 (용현동)",22184,,01,영업/정상,준대규모점포,,,02-2006-2364
GS THE FRESH 인천용현점,구분없음,,,,2026-03-26 22:48:22,I,5,영업개시전,2024-01-23 11:17:56,,2024-01-22,231.83,,인천광역시 미추홀구 용현동 0 미추홀프라자,2024351057907500001,3510500,"인천광역시 미추홀구 낙섬중로 138, 미추홀프라자 (용현동)",22176,,01,영업/정상,준대규모점포,,,02-2206-2364
GS THE FRESH 행신사거리점,구분없음,,185099.284190187,457469.600901344,2025-12-15 16:15:28,I,1,정상영업,2025-04-23 10:59:53,,2024-01-17,337.19,,경기도 고양시 덕양구 행신동 616-1 양일빌딩,2024394044407500001,3940000,"경기도 고양시 덕양구 행신로 151, 1층 (행신동, 양일빌딩)",10517,,01,영업/정상,준대규모점포,,,031-971-0244
GS THE FRESH 대구역풍경채점,구분없음,,,,2026-05-08 22:34:09,I,1,정상영업,2025-04-11 10:25:51,,2024-01-17,136.4,,대구광역시 중구 수창동 178 대구역 제일풍경채 위너스카이,2024341016307500001,3410000,"대구광역시 중구 달성로26길 70, 상가동 106호, 108~110호 (수창동, 대구역 제일풍경채 위너스카이)",41920,,01,영업/정상,준대규모점포,,,
원그로브몰,쇼핑센터,,184449.736274095,451015.135227088,2026-03-20 22:18:11,U,1,정상영업,2026-03-19 15:04:58,,2024-01-10,45167.97,,서울특별시 강서구 마곡동 769 원그로브,2024315020007500001,3150000,"서울특별시 강서구 공항대로 165, 원그로브 (마곡동)",07800,,01,영업/정상,대규모점포,,,02-6182-2110
GS THE FRESH 부산레이카운티점,복합쇼핑몰,,388241.263983196,189548.920435228,2026-05-04 22:36:26,I,1,정상영업,2025-08-25 13:05:47,,2024-01-08,452.45,,부산광역시 연제구 거제동 802,2024337013407500001,3370000,"부산광역시 연제구 아시아드대로 39, 레이카운티 2단지 상가동 1층 101호 (거제동)",47529,,01,영업/정상,준대규모점포,,,051-507-1993
넥스트커넥트피에프브이 (주)이스트폴 판매시설,쇼핑센터,,207770.197118183,448131.0613924,2025-12-15 16:15:28,I,1,정상영업,2025-09-03 16:30:07,,2024-01-05,34138.84,,서울특별시 광진구 자양동 680-63 판매시설,2024304019007500001,3040000,"서울특별시 광진구 아차산로 402, 판매시설 (자양동)",05050,,01,영업/정상,대규모점포,,,02-444-8604
GS THE FRESH 노원캐슬점,구분없음,,206799.020098051,462509.638445514,2025-12-15 16:15:28,I,1,정상영업,2025-04-23 08:57:38,,2024-01-02,158.34,,서울특별시 노원구 상계동 95-3,2024310018407500001,3100000,"서울특별시 노원구 덕릉로 753, 노원롯데캐슬시그니처아파트 근린생활시설 2동 16,17호 (상계동)",01640,,01,영업/정상,준대규모점포,,,
가산퍼블릭 상업시설,그 밖의 대규모점포,,189930.50790426,441616.460710064,2026-05-07 22:30:13,I,1,정상영업,2025-01-09 10:55:08,,2023-12-29,18020,,서울특별시 금천구 가산동 60-26,2023317025707500001,3170000,서울특별시 금천구 디지털로 178 (가산동),08513,,01,영업/정상,대규모점포,,,02-422-0310
GS THE FRESH 강서증미역점,구분없음,,188237.941732745,450314.08791281,2025-12-15 16:15:28,I,1,정상영업,2023-12-29 09:08:19,,2023-12-28,673.32,,서울특별시 강서구 염창동 242-11 한희빌딩,2023315020007500003,3150000,"서울특별시 강서구 양천로67길 15, 한희빌딩 1층 (염창동)",07545,,01,영업/정상,준대규모점포,,,02-3662-4171
평택고덕2차아이파크,쇼핑센터,,206062.586095977,392749.494890103,2026-04-09 03:03:03,U,1,정상영업,2026-04-08 11:05:01,,2023-12-27,23840.71,,경기도 평택시 장당동 153-1,2023391041807500003,3910000,,,,01,영업/정상,대규모점포,,,031-668-9372
롯데슈퍼,그 밖의 대규모점포,,256883.571774541,187744.995324822,2026-04-01 22:03:21,U,1,정상영업,2026-07-15 11:04:57,,2023-12-20,654.54,,경상남도 하동군 화개면 탑리 763-2,2023544022207500001,5440000,"경상남도 하동군 화개면 섬진강대로 4028, 지하층 B101호",52303,,01,영업/정상,준대규모점포,,,055-882-8820
GS THE FRESH 해운대동부점,구분없음,,398320.448936443,188713.364513609,2026-05-10 22:54:16,I,1,정상영업,2025-05-20 18:21:03,,2023-12-19,190,,부산광역시 해운대구 좌동 1412 동부아파트,2023333020707500001,3330000,"부산광역시 해운대구 세실로 158, 상가동 1층 103호 (좌동, 동부아파트)",48076,,01,영업/정상,준대규모점포,,,051-703-7666
아인애비뉴 메디&라이프 복합몰,그 밖의 대규모점포,,,,2026-03-26 22:48:22,I,1,정상영업,2024-02-21 17:51:41,,2023-12-18,6472.96,,인천광역시 미추홀구 주안동 0 포레나 미추홀,2023351057907500006,3510500,"인천광역시 미추홀구 경인로 372 (주안동, 포레나 미추홀)",22148,,01,영업/정상,대규모점포,,,032-459-6002
GS THE FRESH 광안역점,구분없음,,392568.787551499,186329.071303209,2025-12-15 16:15:28,I,1,정상영업,2024-04-11 16:13:50,,2023-12-18,244.07,,부산광역시 수영구 광안동 145-3 대왕빌딩,2023338009407500001,3380000,"부산광역시 수영구 수영로582번길 19, 대왕빌딩 (광안동)",48297,,01,영업/정상,준대규모점포,,,
GS THE FRESH 평택고덕점,구분없음,,204166.817716298,394301.558793892,2025-12-15 16:15:28,I,1,정상영업,2025-04-18 17:37:18,,2023-12-08,277,,경기도 평택시 고덕동 1956-1,2023391041807500002,3910000,"경기도 평택시 고덕국제3길 143, 101호 (고덕동)",18014,,01,영업/정상,준대규모점포,,,031-667-6479
GS THE FRESH 송파석촌호수점,구분없음,,208648.850084121,444767.440404014,2025-12-15 16:15:28,I,1,정상영업,2025-05-08 11:12:20,,2023-12-07,197.2,,서울특별시 송파구 석촌동 5-8,2023323029107500003,3230000,서울특별시 송파구 백제고분로33길 25 (석촌동),05612,,01,영업/정상,준대규모점포,,,
시민마트,대형마트,,212367.118425352,456712.576784184,2025-12-15 16:15:28,I,1,정상영업,2023-12-04 14:24:26,,2023-12-04,18408.86,,경기도 구리시 인창동 430 구리유통종합상가,2023398012907500001,3980000,"경기도 구리시 동구릉로136번길 57, 구리유통종합상가 A동 (인창동)",11915,,01,영업/정상,대규모점포,,,031-513-6001
노브랜드 스타필드수원점,구분없음,,,,2026-03-11 01:45:42,U,1,정상영업,2026-07-15 17:20:03,,2023-11-21,727.43,,경기도 수원시 장안구 정자동 978,2023374039007500006,3740000,경기도 수원시 장안구 수성로 175 (정자동),16318,,01,영업/정상,준대규모점포,,,02-380-9706
GS THE FRESH 부산하버시티점,구분없음,,387392.843756885,183422.443232763,2025-12-15 16:15:28,I,1,정상영업,2024-01-19 19:33:23,,2023-11-21,153,,부산광역시 동구 좌천동 68-164,2023327013907500001,3270000,"부산광역시 동구 성남이로 25, 1층 (좌천동)",48754,,01,영업/정상,준대규모점포,,,051-635-3004
GS THE FRESH 부산가야점,구분없음,,385962.216302965,186038.510981912,2025-12-15 16:15:28,I,1,정상영업,2024-01-08 10:28:28,,2023-11-20,619,,부산광역시 부산진구 당감동 109-4 금호그랜드타운,2023329016907500001,3290000,"부산광역시 부산진구 가야대로 635-12, 1층 (당감동, 금호그랜드타운)",47275,,01,영업/정상,준대규모점포,,,
지에스 더 프레시 이매역점,그 밖의 대규모점포,,211075.414504468,432554.577507596,2025-12-15 16:15:28,I,1,정상영업,2025-05-13 16:52:00,,2023-11-08,264,,경기도 성남시 분당구 이매동 115-2 이수프라자,2023378033407500001,3780000,"경기도 성남시 분당구 이매로 45, 이수프라자 (이매동)",13567,,01,영업/정상,준대규모점포,,,02-2006-2678
GS THE FRESH 동작구청점,구분없음,,194870.38438442,444631.112679216,2026-05-03 22:37:51,I,1,정상영업,2025-10-07 13:57:07,,2023-11-01,539.78,,서울특별시 동작구 상도동 535 상도2차두산위브트레지움아파트,2023319027107500001,3190000,"서울특별시 동작구 상도로30길 40, 판매/근생시설동 1층 125~131호 (상도동, 상도2차두산위브트레지움아파트)",06964,,01,영업/정상,준대규모점포,,,02-2006-2364
(주) 스타필드 수원,복합쇼핑몰,,,,2026-07-30 21:48:10,U,1,정상영업,2026-07-29 10:16:45,,2023-10-30,103145.33,,경기도 수원시 장안구 정자동 978,2023374039007500005,3740000,경기도 수원시 장안구 수성로 175 (정자동),16318,,01,영업/정상,대규모점포,,,02-6921-1638
인스파이어 인티그레이티드 리조트,쇼핑센터,,,,2026-07-01 09:22:38,I,1,정상영업,2025-12-05 16:54:29,,2023-10-27,81176.59,,인천광역시 영종구 운서동 2955,2023349019107500001,3491000,인천광역시 영종구 용유로 700 (운서동),22382,,01,영업/정상,대규모점포,,,032-717-0207
GS THE FRESH 인천주안점,그 밖의 대규모점포,,171496.759700802,439044.001071504,2026-03-26 22:48:22,I,1,정상영업,2025-04-30 13:39:51,,2023-10-16,183.61,,인천광역시 미추홀구 주안동 1452-2 힐스테이트 푸르지오 주안,2023351057907500003,3510500,"인천광역시 미추홀구 남주길 150 (주안동, 힐스테이트 푸르지오 주안)",22159,,01,영업/정상,준대규모점포,,,032-874-8121
스타필드 창원,복합쇼핑몰,,347646.533693363,196223.110487206,2026-04-30 22:00:15,I,5,영업개시전,2023-10-11 17:22:37,,2023-10-11,73115.91,,경상남도 창원시 의창구 중동 792,2023567074607500001,5670000,,,,01,영업/정상,대규모점포,,,02-6921-1681
GS THE FRESH 부천범박점,구분없음,,183358.662578028,441230.476103089,2025-12-15 16:15:28,I,1,정상영업,2025-04-17 15:04:38,,2023-09-22,288.32,,경기도 부천시 소사구 범박동 210-1 보광빌딩,2023386055507500001,3860000,"경기도 부천시 소사구 양지로 88, 보광빌딩 1층 (범박동)",14783,,01,영업/정상,준대규모점포,,,
GS THE FRESG 서울숲점,구분없음,,203841.225547969,449475.540141228,2026-05-07 22:31:41,I,1,정상영업,2025-04-24 09:29:58,,2023-09-14,158.8,,서울특별시 성동구 성수동1가 656-1208 성수만세주유소,2023303010307500004,3030000,"서울특별시 성동구 왕십리로 109, 성수만세주유소 1층 (성수동1가)",04768,,01,영업/정상,준대규모점포,,,02-499-4519
강현농협 하나로마트,그 밖의 대규모점포,,340693.912244024,517983.699145683,2025-12-15 16:15:28,I,1,정상영업,2024-06-14 10:28:02,,2023-09-13,3276.22,,강원특별자치도 양양군 강현면 물치리 126-11,2023435100907500001,4351000,강원특별자치도 양양군 강현면 물치천로 14,25061,,01,영업/정상,대규모점포,,,033-671-5810
화곡 더리브스카이,그 밖의 대규모점포,,,,2025-12-15 16:15:28,I,1,정상영업,2025-08-22 11:09:12,,2023-09-07,3015,,서울특별시 강서구 화곡동 1175 화곡 더리브 스카이,2023315020007500002,3150000,"서울특별시 강서구 가로공원로80길 40 (화곡동, 화곡 더리브 스카이)",07765,,01,영업/정상,대규모점포,,,
홈플러스 익스프레스 수원이의점,구분없음,2023-09-06,206015.94202382,421207.585789711,2026-03-11 01:45:42,I,3,폐업처리,2023-09-06 13:04:35,,2023-09-05,0,,경기도 수원시 영통구 하동 983-4,2023374039007500004,3740000,경기도 수원시 영통구 광교중앙로266번길 20 (하동),16512,,03,폐업,준대규모점포,,,031-214-8542
(주)이마트에브리데이 영등포구청점,구분없음,,,,2026-05-11 22:40:07,I,1,정상영업,2024-08-27 16:48:04,,2023-09-05,1075.83,,서울특별시 영등포구 당산동2가 165 한화포레나당산,2023318025507500002,3180000,"서울특별시 영등포구 당산로 83, 지하 102~103호 (당산동2가, 한화포레나당산)",07264,,01,영업/정상,준대규모점포,,,02-380-5042
GS THE FRESH 장유신문점,구분없음,,364926.532307183,189762.181181905,2025-12-15 16:15:28,I,1,정상영업,2024-02-12 10:58:29,,2023-08-24,528.5,,경상남도 김해시 신문동 1283-3,2023535033007500001,5350000,경상남도 김해시 장유로334번길 58 (신문동),51001,,01,영업/정상,준대규모점포,,,
롯데프레시 청주지웰가맹점,구분없음,,238310.202218021,349177.645947792,2026-05-06 22:48:33,I,1,정상영업,2024-08-06 17:37:34,,2023-08-02,489.58,,충청북도 청주시 흥덕구 복대동 3381,2023571023607500001,5710000,"충청북도 청주시 흥덕구 대농로 47-1, 지웰시티2몰 지하1층 (복대동)",28425,,01,영업/정상,준대규모점포,,,
GS THE FRESH 성동텐즈힐점,구분없음,,202113.869605464,451897.581865192,2026-05-07 22:31:41,I,1,정상영업,2025-04-18 09:36:02,,2023-07-21,327.3,,서울특별시 성동구 상왕십리동 811 텐즈힐,2023303010307500003,3030000,"서울특별시 성동구 마장로 137, 221동 1층 1230호,1231호,1232(일부)호 (상왕십리동, 텐즈힐)",04700,,01,영업/정상,준대규모점포,,,02-2297-5180
더샵 온천헤리티지스퀘어,그 밖의 대규모점포,,389539.18205554,193427.379866164,2025-12-15 16:15:28,I,1,정상영업,2024-01-10 09:29:14,,2023-07-19,10524.19,,부산광역시 동래구 온천동 147-6 더샵 온천헤리티지,2023330011007500002,3300000,"부산광역시 동래구 온천장로119번길 56 (온천동, 더샵 온천헤리티지)",47708,,01,영업/정상,대규모점포,,,051-552-0256
(주) 이마트 광명소하점,대형마트,,189714.449800306,438279.937828733,2025-12-15 16:15:28,I,1,정상영업,2024-05-20 14:06:40,,2023-07-03,14847.87,423-051,경기도 광명시 소하1동 1339번지 3호,2010390012307500001,3900000,경기도 광명시 소하로 97 (소하동),,,01,영업/정상,대규모점포,,,02-6918-1234
GS THE FRESH 루원리더스뷰점,그 밖의 대규모점포,,,,2026-07-01 13:36:35,I,1,정상영업,2025-04-18 13:52:07,,2023-06-29,368.51,,인천광역시 서해구 가정동 0 루원시티2차 SK Leaders' VIEW,2023356022207500002,3561000,"인천광역시 서해구 봉오대로 270, 302동 B239~B245호 (가정동, 루원시티2차 SK Leaders' VIEW)",22776,,01,영업/정상,준대규모점포,,,02-2006-2747
대하식자재마트 천안점,대형마트,,210350.365980618,366539.832359485,2025-12-15 16:15:28,I,1,정상영업,2023-09-05 13:14:57,,2023-06-21,8316.34,,충청남도 천안시 서북구 쌍용동 1367,2023449037507500001,4490000,충청남도 천안시 서북구 월봉로 95 (쌍용동),31171,,01,영업/정상,대규모점포,,,041-571-0300
GS THE FRESH 성동센트라스점,구분없음,,202372.912023599,451536.680876573,2026-05-07 22:31:41,I,1,정상영업,2023-11-03 09:43:47,,2023-06-16,467.23,,서울특별시 성동구 하왕십리동 1070 센트라스,2023303010307500002,3030000,"서울특별시 성동구 왕십리로 410, 상가(L)동 지하1층 B102,B103호 (하왕십리동, 센트라스)",04701,,01,영업/정상,준대규모점포,,,
GS THE FRESH 성동센트라스점,구분없음,,202372.912023599,451536.680876573,2026-05-07 22:31:41,I,4,직권취소,2023-06-20 09:18:09,,2023-06-16,467.23,,서울특별시 성동구 하왕십리동 1070 센트라스상가 L동 B102호,2023303010307500001,3030000,"서울특별시 성동구 왕십리로 410, L동 지하1층 B102, B103호 (하왕십리동, 센트라스)",04701,,04,취소/말소/만료/정지/중지,준대규모점포,,,
(주)이마트 트레이더스 구월점,대형마트,,174074.002286488,437545.395950524,2026-03-26 22:49:56,I,1,정상영업,2024-04-29 13:03:56,,2023-06-12,19686.36,,인천광역시 남동구 구월동 1549,2023353017907500001,3530000,,,,01,영업/정상,대규모점포,,,02-380-9843
롯데마켓 999 하월곡점,구분없음,2024-04-08,203353.798850162,455765.417145198,2025-12-15 16:15:28,I,3,폐업처리,2025-01-22 17:55:54,,2023-06-08,80.49,,서울특별시 성북구 하월곡동 62-1,2023307029907500003,3070000,서울특별시 성북구 오패산로4길 17 (하월곡동),02751,,03,폐업,준대규모점포,,,02-918-5651
GS THE FRESH 사하괴정점,구분없음,,381587.478183894,179459.905749702,2026-05-07 22:31:33,I,1,정상영업,2023-06-01 17:21:30,,2023-06-01,372.16,,부산광역시 사하구 괴정동 879,2023334014507500001,3340000,"부산광역시 사하구 낙동대로233번길 35, 1층 (괴정동)",49381,,01,영업/정상,준대규모점포,,,051-203-5494
GS THE FRESH 문래점,구분없음,,189825.743146319,446574.176568125,2026-05-11 22:40:07,I,1,정상영업,2025-05-07 10:04:32,,2023-05-25,203.2,,서울특별시 영등포구 문래동6가 33,2023318025507500001,3180000,"서울특별시 영등포구 문래북로 8, 1층 101~106호 (문래동6가)",07280,,01,영업/정상,준대규모점포,,,02-2006-2676
롯데슈퍼(주) 롯데슈퍼 합천점,쇼핑센터,,305136.426578472,229969.058372692,2026-04-25 03:03:03,U,1,정상영업,2026-04-24 17:50:25,,2023-05-17,849.1,,경상남도 합천군 합천읍 합천리 698,2023548011807500001,5480000,경상남도 합천군 합천읍 충효로 39,50236,,01,영업/정상,준대규모점포,,,055-931-5601
GS THE FRESH 울산전하점,구분없음,,420080.091538466,226797.196800317,2026-05-06 22:48:27,I,1,정상영업,2025-05-13 15:17:24,,2023-05-15,194.5,,울산광역시 동구 전하동 302-74 우주빌딩,2023371013607500001,3710000,"울산광역시 동구 바드래길 98, 우주빌딩 (전하동)",44035,,01,영업/정상,준대규모점포,,,
GS THE FRESH 안동강변점,구분없음,,356719.772420448,340829.538076125,2026-03-11 01:24:08,I,1,정상영업,2025-04-30 20:35:34,,2023-05-04,247.3,,경상북도 안동시 용상동 1517-155,2023507017807500001,5070000,경상북도 안동시 중평길 107-27 (용상동),36719,,01,영업/정상,준대규모점포,,,
지에스더프레시(GS THE FRESH) 수원한일타운점,구분없음,,200677.578238738,422613.876922536,2026-03-11 01:45:42,I,1,정상영업,2025-05-01 17:04:10,,2023-05-04,298.5,,경기도 수원시 장안구 조원동 881 수원 한일타운,2023374039007500003,3740000,"경기도 수원시 장안구 경수대로976번길 22 (조원동, 수원 한일타운)",16295,,01,영업/정상,준대규모점포,,,02-2006-2678
지에스리테일(수원센트럴점),구분없음,,201942.305670572,418720.35220815,2026-03-11 01:45:42,I,1,정상영업,2025-05-01 17:05:14,,2023-05-04,248,,경기도 수원시 팔달구 인계동 865-10 인계 파밀리에,2023374039007500002,3740000,"경기도 수원시 팔달구 세지로 211 (인계동, 인계 파밀리에)",16475,,01,영업/정상,준대규모점포,,,02-2006-2678
롯데쇼핑(주)롯데슈퍼 인하대점,복합쇼핑몰,,169860.034040713,438759.181290214,2026-04-21 03:03:03,U,1,정상영업,2026-04-20 14:55:49,,2023-05-02,165,,인천광역시 미추홀구 용현동 92-17,2023351057907500002,3510500,인천광역시 미추홀구 인하로 107 (용현동),22208,,01,영업/정상,준대규모점포,,,
GS THE FRESH 부산 명륜점,구분없음,2024-05-17,389897.081046203,192781.060821037,2025-12-15 16:15:28,I,3,폐업처리,2024-05-17 13:23:15,,2023-04-21,621.7,,부산광역시 동래구 명륜동 9-2,2023330011007500001,3300000,"부산광역시 동래구 시실로24번길 5, 101호 (명륜동)",47744,,03,폐업,준대규모점포,,,
이마트에브리데이 길음점,구분없음,,201912.435615622,455775.861032353,2025-12-15 16:15:28,I,5,영업개시전,2023-04-20 09:38:33,,2023-04-18,828.69,,서울특별시 성북구 길음동 1286-10 길음뉴타운9단지래미안 상가,2023307029907500002,3070000,"서울특별시 성북구 길음로7길 6, 길음뉴타운9단지래미안 상가 지하1층 B04~B08호 (길음동)",02721,,01,영업/정상,준대규모점포,,,02-380-5042
이마트에브리데이 길음점,그 밖의 대규모점포,,201912.435615622,455775.861032353,2025-12-15 16:15:28,I,1,정상영업,2025-01-22 18:07:54,,2023-04-18,828.69,,서울특별시 성북구 길음동 1286-10 길음뉴타운9단지래미안 상가,2023307029907500001,3070000,"서울특별시 성북구 길음로7길 6, 길음뉴타운9단지래미안 상가 지하1층 B04~B08호 (길음동)",02721,,01,영업/정상,준대규모점포,,,02-380-5042
느티나무마트,대형마트,,206535.42430122,422654.398675024,2026-04-01 22:14:13,I,1,정상영업,2023-12-19 09:43:12,,2023-04-17,4305.19,,경기도 용인시 수지구 상현동 166-8,2023405053807500001,4050000,,,,01,영업/정상,대규모점포,,,031-265-3555
포레나 전주 에코시티 판매시설,그 밖의 대규모점포,,211582.97213836,263890.316119111,2025-12-15 16:15:28,I,5,영업개시전,2023-04-14 11:18:10,,2023-04-12,15400.23,,전북특별자치도 전주시 덕진구 송천동2가 1313 포레나 전주 에코시티,2023464055507500001,4641000,"전북특별자치도 전주시 덕진구 세병로 21 (송천동2가, 포레나 전주 에코시티)",55148,,01,영업/정상,대규모점포,,,063-276-8163
GS THE FRESH 중랑망우점,그 밖의 대규모점포,,209579.542671166,455549.589368255,2025-12-15 16:15:28,I,1,정상영업,2025-04-16 20:03:21,,2023-04-04,151.47,,서울특별시 중랑구 망우동 580 중랑숲금호어울림,2023306020207500001,3060000,"서울특별시 중랑구 양원역로 18, 103~106호 (망우동, 중랑숲금호어울림)",02063,,01,영업/정상,준대규모점포,,,
아쿠아펫랜드,그 밖의 대규모점포,,171450.600413716,425422.79435828,2026-05-11 22:05:13,I,1,정상영업,2023-04-03 15:02:56,,2023-04-03,44052.4,,경기도 시흥시 정왕동 2684 아쿠아펫랜드,2023401031707500001,4010000,"경기도 시흥시 거북섬북로 54, 아쿠아펫랜드 (정왕동)",15119,,01,영업/정상,대규모점포,,,070-7773-5390
(주)이마트에브리데이 신원당점,구분없음,,185439.519310023,461265.376605749,2025-12-15 16:15:28,I,1,정상영업,2024-07-19 15:55:53,,2023-03-29,643.63,,경기도 고양시 덕양구 성사동 726,2023394038807500001,3940000,"경기도 고양시 덕양구 고양대로1384번길 6, 지하층 1~3호 (성사동)",10468,,01,영업/정상,준대규모점포,,,031-994-0274
브리티시 고덕,그 밖의 대규모점포,,203709.243236458,393590.810761107,2025-12-15 16:15:28,I,1,정상영업,2024-12-04 10:29:43,,2023-03-28,31268.84,,경기도 평택시 고덕동 2618-3 힐스테이트고덕센트럴,2023391041807500001,3910000,"경기도 평택시 고덕국제대로 77 (고덕동, 힐스테이트고덕센트럴)",18018,,01,영업/정상,대규모점포,,,031-8065-5947
GS THE FRESH 동대문장안점,구분없음,,206341.538776724,452530.018811546,2025-12-15 16:15:28,I,1,정상영업,2025-04-14 18:21:53,,2023-03-14,307.23,,서울특별시 동대문구 장안동 310-8 희헌빌딩,2023305021007500002,3050000,"서울특별시 동대문구 장한로28가길 45, 희헌빌딩 (장안동)",02523,,01,영업/정상,준대규모점포,,,02-2006-2364
GS THE FRESH 춘천온의점,구분없음,,262227.458407332,485293.745684132,2026-05-10 21:30:41,I,1,정상영업,2025-04-18 13:53:14,,2023-03-02,253.62,,강원특별자치도 춘천시 온의동 593,2023418039207500001,4181000,"강원특별자치도 춘천시 스포츠타운길 459, 춘천센트럴파크플라자 (온의동)",24428,,01,영업/정상,준대규모점포,,,02-2006-2747
스타오씨엘 에비뉴I,그 밖의 대규모점포,,169123.759948513,437732.772860437,2026-03-26 22:48:22,I,1,정상영업,2023-10-31 11:00:15,,2023-02-27,17282.8,,인천광역시 미추홀구 학익동 580-1,2023351057907500001,3510500,인천광역시 미추홀구 독배로 230(학익동),22205,,01,영업/정상,대규모점포,,,032-830-2512
GS THE FRESH 송파하비오점,구분없음,,210868.397496689,442053.227933005,2025-12-15 16:15:28,I,1,정상영업,2025-05-08 11:20:10,,2023-02-27,444.37,,서울특별시 송파구 문정동 618 파크하비오,2023323029107500002,3230000,"서울특별시 송파구 송파대로 111, 하비오길동 제1층 호텔로 202동 (문정동, 파크하비오)",05837,,01,영업/정상,준대규모점포,,,02-2006-2747
지에스더프레시(GS THE FRESH) 수원매교역점,구분없음,,201559.53418689,418602.288236093,2026-03-11 01:45:42,I,1,정상영업,2025-05-01 17:04:38,,2023-02-23,170,,경기도 수원시 팔달구 매교동 209-14,2023374039007500001,3740000,경기도 수원시 팔달구 인계로 20(매교동),16469,,01,영업/정상,준대규모점포,,,02-2006-2678
GS THE FRESH 송파시그니처점,구분없음,,213149.522764117,443705.473072412,2025-12-15 16:15:28,I,1,정상영업,2025-05-08 11:15:05,,2023-02-01,164.83,,서울특별시 송파구 거여동 202-180 송파시그니처롯데캐슬,2023323029107500001,3230000,"서울특별시 송파구 거마로 56(거여동, 송파시그니처롯데캐슬)",05767,,01,영업/정상,준대규모점포,,,02-2006-2747
(주)이마트에브리데이 가양역점,구분없음,,186966.036176588,451047.287263879,2025-12-15 16:15:28,I,1,정상영업,2025-09-25 12:40:37,,2023-01-27,876,,서울특별시 강서구 등촌동 73-1 금부빌딩,2023315020007500001,3150000,"서울특별시 강서구 양천로 476, 금부빌딩 (등촌동)",07575,,01,영업/정상,준대규모점포,,,02-380-5060
코스트코 홀세일 청라점,대형마트,,,,2026-07-01 13:36:35,I,1,정상영업,2024-09-24 09:55:01,,2023-01-12,13476.89,,인천광역시 서해구 청라동 12-2 (투자유치용지 5-1블록),2023356022207500001,3561000,,,,01,영업/정상,대규모점포,,,02-2630-2671
이지바이 봉담,대형마트,,,,2026-02-01 10:52:12,I,1,정상영업,2025-09-04 13:27:11,,2023-01-09,5850.02,,경기도 화성시 효행구 봉담읍 상리 691,2023553047907500001,5530000,,,,01,영업/정상,대규모점포,,,
다산역 데시앙 상업시설,그 밖의 대규모점포,,213465.986919386,458131.768703582,2025-12-15 16:15:28,I,5,영업개시전,2023-02-02 13:34:34,,2022-12-29,13474,,경기도 남양주시 다산동 6056,2022399046507500001,3990000,,,,01,영업/정상,대규모점포,,,
GS THE FRESH 용호빌리브점,그 밖의 대규모점포,2025-02-11,392463.221261721,183403.499935071,2026-05-06 22:35:19,I,3,폐업처리,2025-02-11 17:42:10,,2022-12-21,248.78,,부산광역시 남구 용호동 958 빌리브센트로 A동 133~1호,2022331011907500003,3310000,"부산광역시 남구 분포로 61, 빌리브센트로 A동 133~139호 (용호동)",48515,,03,폐업,준대규모점포,,,02-2006-2364
GS THE FRESH 부산송도점,그 밖의 대규모점포,,384495.066651637,177326.029548321,2026-05-07 22:30:26,I,5,영업개시전,2022-12-16 10:58:36,,2022-12-15,264.4,,부산광역시 서구 암남동 123-15 송도힐스테이트이진베이시티아파트,2022326010707500002,3260000,"부산광역시 서구 송도해변로 192, 판매시설동 1층 122~127호 (암남동, 송도힐스테이트이진베이시티아파트)",49264,,01,영업/정상,준대규모점포,,,
GS THE FRESH 부산송도점,복합쇼핑몰,,384495.066651637,177326.029548321,2026-05-07 22:30:26,I,1,정상영업,2025-04-16 11:07:46,,2022-12-15,264.4,,부산광역시 서구 암남동 123-15 송도힐스테이트이진베이시티아파트,2022326010707500001,3260000,"부산광역시 서구 송도해변로 192, 판매시설동 1층 122~127호 (암남동, 송도힐스테이트이진베이시티아파트)",49264,,01,영업/정상,준대규모점포,,,
포레나당산동역세권청년주택 상업시설,그 밖의 대규모점포,,,,2026-05-11 22:40:07,I,1,정상영업,2024-01-08 09:44:36,,2022-12-14,5824.25,,서울특별시 영등포구 당산동2가 165 한화포레나당산,2022318023907500001,3180000,"서울특별시 영등포구 당산로 83 (당산동2가, 한화포레나당산)",07264,,01,영업/정상,대규모점포,,,02-585-0580
GS THE FRESH 부산 온천점,구분없음,,389379.732040766,192728.27862739,2025-12-15 16:15:28,I,1,정상영업,2025-05-02 17:37:44,,2022-12-02,280.99,,부산광역시 동래구 온천동 453-9,2022330011007500003,3300000,부산광역시 동래구 차밭골로 6-5 (온천동),47711,,01,영업/정상,준대규모점포,,,051-553-3130
GS THE FRESH 동래래미안점,구분없음,,388329.679488559,192204.837726355,2025-12-15 16:15:28,I,1,정상영업,2025-05-02 17:38:51,,2022-12-02,308.79,,부산광역시 동래구 온천동 1853 동래 래미안 아이파크,2022330011007500002,3300000,"부산광역시 동래구 금정마을로 150, 1층 (온천동, 동래 래미안 아이파크)",47719,,01,영업/정상,준대규모점포,,,051-555-1789
GS THE FRESH 세종대평점,복합쇼핑몰,2025-08-27,225249.365054833,330129.16710604,2026-03-26 22:01:15,I,3,폐업처리,2025-08-27 14:22:02,,2022-11-22,250,,세종특별자치시 대평동 704 해들마을4단지,2022569029207500001,5690000,"세종특별자치시 대평로 34, 제1상가동 1층 105~111호 (대평동, 해들마을4단지)",30153,,03,폐업,준대규모점포,,,044-868-4981
롯데프레시 음성금왕점,그 밖의 대규모점포,,,,2026-03-26 22:48:24,I,1,정상영업,2024-08-01 11:18:22,,2022-10-25,994.44,,충청북도 음성군 금왕읍 무극리 124-2,2022447010207500001,4470000,충청북도 음성군 금왕읍 무극로 329,27628,,01,영업/정상,준대규모점포,,,043-882-8780
GS THE FRESH 산본프라자점,구분없음,,193696.742392293,429245.936418065,2025-12-15 16:15:28,I,1,정상영업,2025-04-11 10:53:08,,2022-10-05,347.54,,경기도 군포시 산본동 1099-2 대림프라자 111호,2022402022707500001,4020000,"경기도 군포시 산본로 394, 대림프라자 1층 111호 (산본동)",15818,,01,영업/정상,준대규모점포,2023-09-01,2024-08-31,031-393-4479
홈플러스 익스프레스 오목교점,구분없음,,188565.074701959,446750.881633578,2026-03-02 22:18:10,U,1,정상영업,2026-03-01 12:00:27,,2022-10-04,254.4,,서울특별시 양천구 신정동 86-1,2022314016707500002,3140000,서울특별시 양천구 목동동로 196(신정동),08010,,01,영업/정상,준대규모점포,,,02-3459-8016
GS THE FRESH 압구정점,구분없음,,203069.441212025,447391.130408384,2025-12-15 16:15:28,I,1,정상영업,2025-05-07 14:16:25,,2022-09-15,198,,서울특별시 강남구 신사동 638-6,2022322024907500002,3220000,"서울특별시 강남구 압구정로 312, 1층 (신사동)",06017,,01,영업/정상,준대규모점포,,,02-2006-2678
춘천 센트럴타워 푸르지오 프리미엄몰,그 밖의 대규모점포,,263345.431242431,485397.525389929,2026-05-10 21:30:41,I,1,정상영업,2024-05-08 10:13:07,,2022-08-31,25063.95,,강원특별자치도 춘천시 온의동 575 춘천 센트럴타워 푸르지오,2022418034907500001,4181000,"강원특별자치도 춘천시 방송길 77(온의동, 춘천 센트럴타워 푸르지오)",24363,,01,영업/정상,대규모점포,,,033-269-0100
GS THE FRESH 울산남부점,구분없음,,410092.792084604,227185.614073557,2025-12-15 16:15:28,I,5,영업개시전,2022-09-03 12:02:51,,2022-08-29,376.3,,"울산광역시 남구 야음동 878 롯데캐슬골드 중앙상가동 B101, B102호",2022370016007500002,3700000,"울산광역시 남구 신선로 45, B101, B102호 (야음동, 롯데캐슬1단지아파트)",44747,,01,영업/정상,준대규모점포,,,02-2006-2364
GS THE FRESH 울산야음점,구분없음,,410092.792084604,227185.614073557,2025-12-15 16:15:28,I,1,정상영업,2025-04-28 07:58:09,,2022-08-29,376.3,,울산광역시 남구 야음동 878 롯데캐슬1단지아파트,2022370016007500001,3700000,"울산광역시 남구 신선로 45, 중앙상가동 B101, B102호 (야음동, 롯데캐슬1단지아파트)",44747,,01,영업/정상,준대규모점포,,,02-2006-2422
이마트에브리데이 남가좌점,구분없음,,192482.416512858,452143.491541077,2026-05-06 22:37:16,I,1,정상영업,2024-08-22 17:54:40,,2022-08-16,1133.21,,서울특별시 서대문구 남가좌동 286-1 DMC금호리첸시아,2022312019207500002,3120000,"서울특별시 서대문구 수색로2길 39(남가좌동, DMC금호리첸시아)",03712,,01,영업/정상,준대규모점포,,,02-380-5124
(주)이마트에브리데이 고양덕이점,구분없음,,178440.320567802,466401.449064464,2025-12-15 16:15:28,I,1,정상영업,2024-07-19 16:29:41,,2022-08-10,1111.32,,경기도 고양시 일산서구 덕이동 373-21,2022394038807500001,3940000,"경기도 고양시 일산서구 하이파크2로 65, 1층 (덕이동)",10231,,01,영업/정상,준대규모점포,,,02-380-5042
GS THE FRESH 용산이촌점,구분없음,,197221.439324261,446524.508385914,2026-05-06 22:48:30,I,1,정상영업,2025-04-18 09:45:23,,2022-08-08,321.65,,서울특별시 용산구 이촌동 302-52 LG프라자,2022302015007500003,3020000,"서울특별시 용산구 이촌로 200, LG프라자 지하1층 (이촌동)",04427,,01,영업/정상,준대규모점포,,,02-2006-2364
GS THE FRESH 월성삼정점,구분없음,,337668.155531145,259973.032583626,2025-12-15 16:15:28,I,1,정상영업,2025-05-29 11:17:57,,2022-08-04,216.17,,대구광역시 달서구 월성동 682 월성 삼정그린코아 에듀파크,2022347018107500001,3470000,"대구광역시 달서구 월성로 100, 501동 107,108,109,110호 (월성동, 월성 삼정그린코아 에듀파크)",42751,,01,영업/정상,준대규모점포,,,02-2006-2364
(주)이마트에브리데이 무안오룡점,구분없음,,152708.510181542,145282.092944752,2026-07-14 11:38:15,I,1,정상영업,2023-03-13 17:02:31,,2022-07-25,0,,전남광주통합특별시 무안군 일로읍 오룡리 97,2022495014307500001,5880000,"전남광주통합특별시 무안군 일로읍 오남로1길 9-3, 101~111호",58581,,01,영업/정상,준대규모점포,,,061-876-8008
노량진 드림스퀘어,그 밖의 대규모점포,,194571.152376388,445790.549860682,2026-05-03 22:37:51,U,1,정상영업,2025-12-03 09:26:46,,2022-07-22,8995.84,,서울특별시 동작구 노량진동 16-1 노량진 드림스퀘어 복합빌딩,2022319021607500001,3190000,"서울특별시 동작구 노들로2길 7, 노량진 드림스퀘어 복합빌딩 (노량진동)",06900,,01,영업/정상,대규모점포,,,02-792-0653
지에스더프레시(GS The Fresh) 수원팔달점,구분없음,,201012.391062735,418409.370803645,2026-03-11 01:45:42,I,1,정상영업,2025-05-01 17:05:55,,2022-07-18,243.3,,경기도 수원시 팔달구 매교동 292 힐스테이트 푸르지오 수원,2022374039007500002,3740000,"경기도 수원시 팔달구 효원로93번길 33, 상가1동 101~104호 (매교동, 힐스테이트 푸르지오 수원)",16464,,01,영업/정상,준대규모점포,,,031-231-2428
GS THE FRESH 광진구의점,구분없음,,207400.608063491,448930.683211743,2025-12-15 16:15:28,I,1,정상영업,2025-04-14 13:33:12,,2022-07-13,203.28,,서울특별시 광진구 구의동 236-53 광진 더프레236,2022304019007500001,3040000,"서울특별시 광진구 자양로 168, 102호 (구의동, 광진 더프레236)",05038,,01,영업/정상,준대규모점포,,,02-2006-2364
김천농협 로컬푸드복합문화센터,구분없음,,298334.598256549,292267.789841371,2026-05-05 22:00:12,I,1,정상영업,2025-09-16 17:12:17,,2022-07-12,772.72,,경상북도 김천시 부곡동 874-12,2022506030707500001,5060000,경상북도 김천시 부곡길 91(부곡동),39629,,01,영업/정상,준대규모점포,,,054-420-2300
청량리역 한양수자인 그라시엘 판매시설,그 밖의 대규모점포,,203728.022004023,452778.965235022,2025-12-15 16:15:28,I,1,정상영업,2023-06-29 10:04:00,,2022-07-11,22487.6,,서울특별시 동대문구 용두동 39-1 청량리역한양수자인그라시엘,2022305014007500001,3050000,"서울특별시 동대문구 고산자로32길 78 (용두동, 청량리역한양수자인그라시엘)",02561,,01,영업/정상,대규모점포,,,02-721-8286
(주)서원유통 탑마트 사천점,복합쇼핑몰,,299058.889772556,176135.018080545,2026-05-08 22:02:24,I,1,정상영업,2025-04-28 14:18:50,,2022-07-05,0,,경상남도 사천시 정동면 고읍리 438-5 서원유통(주)탑마트사천점,2022534021407500002,5340000,"경상남도 사천시 정동면 옥산로 38, 서원유통(주)탑마트사천점",52521,,01,영업/정상,준대규모점포,,,055-852-5988
GS THE FRESH 경성부경대점,그 밖의 대규모점포,,391533.252838371,183948.441976479,2026-05-06 22:35:19,I,1,정상영업,2025-05-08 10:48:17,,2022-06-30,327.93,,부산광역시 남구 대연동 52-8 1층,2022331011907500002,3310000,"부산광역시 남구 수영로322번길 33, 1층 (대연동)",48512,,01,영업/정상,준대규모점포,,,051-624-1107
나진전자월드상가,전문점,,196697.031086973,447931.108267379,2026-05-06 22:48:30,I,1,정상영업,2022-06-29 10:52:49,,2022-06-29,9879.92,,서울특별시 용산구 한강로3가 1-1 나진상가,2022302015007500002,3020000,"서울특별시 용산구 청파로 109, 나진상가 14동 (한강로3가)",04370,,01,영업/정상,대규모점포,,,02-3670-0801
GS THE FRESH 무악현대점,구분없음,,196467.975088253,452566.134030104,2026-05-06 22:48:30,I,1,정상영업,2025-04-25 11:24:51,,2022-06-28,297,,서울특별시 종로구 무악동 82 무악현대아파트,2022300020207500001,3000000,"서울특별시 종로구 통일로 246-10, 무악현대아파트 지하 1층 (무악동)",03025,,01,영업/정상,준대규모점포,,,02-2006-2678
(주)이마트에브리데이 인천sk리더스뷰점,구분없음,,,,2026-07-01 13:36:35,I,1,정상영업,2024-08-06 15:44:58,,2022-05-17,476,,인천광역시 서해구 가정동 0 루원시티 SK Leaders' VIEW,2022356022207500001,3561000,"인천광역시 서해구 가정로 437, 303동 지하2층 B242~B250호 (가정동, 루원시티 SK Leaders' VIEW)",22775,,01,영업/정상,준대규모점포,,,02-380-5042
GS THE FRESH 광명철산점,구분없음,,188145.916679287,441940.56958837,2025-12-15 16:15:28,I,1,정상영업,2025-08-20 09:11:35,,2022-05-11,234.98,,경기도 광명시 철산동 233,2022390030907500001,3900000,"경기도 광명시 시청로 50, 상가 B동 1층 101~103호 (철산동)",14233,,01,영업/정상,준대규모점포,,,
GS THE FRESH 부산용호점,그 밖의 대규모점포,,392336.824825275,183544.386230822,2026-05-06 22:35:19,I,1,정상영업,2025-05-20 14:56:18,,2022-05-11,557.8,,"부산광역시 남구 용호동 197 GS하이츠자이 401동 113, 호",2022331011907500001,3310000,"부산광역시 남구 신선로 566, 401동 113, 114호 (용호동, GS하이츠자이)",48515,,01,영업/정상,준대규모점포,,,051-625-6501
롯데슈핑(주)롯데슈퍼 삼천포점,그 밖의 대규모점포,,299165.438921971,160901.717285061,2026-05-08 22:02:24,I,1,정상영업,2023-06-22 19:48:15,,2022-05-10,693,,경상남도 사천시 벌리동 270-3 롯데슈퍼,2022534021407500001,5340000,"경상남도 사천시 주공로 41, 롯데슈퍼 (벌리동)",52551,,01,영업/정상,준대규모점포,,,055-835-8062
롯데쇼핑(주)롯데슈퍼 봉선점,구분없음,2024-01-01,192086.725915166,180784.787884665,2026-07-14 11:38:15,I,3,폐업처리,2024-01-04 08:36:00,,2022-05-02,1872.1,,전남광주통합특별시 남구 봉선동 161 롯데 슈퍼 센터,2022361023507500001,5815000,"전남광주통합특별시 남구 유안초등북길 1, 롯데 슈퍼 센터 (봉선동)",61675,,03,폐업,준대규모점포,,,062-654-0077
(주)지에스리테일 센텀시티점,대형마트,2025-04-03,394224.110299794,187441.796374313,2026-05-10 22:54:16,I,3,폐업처리,2025-06-04 09:26:26,,2022-05-02,118.25,,부산광역시 해운대구 우동 1504 센텀코아,2022333015107500001,3330000,"부산광역시 해운대구 센텀2로 19, 센텀코아 1층 102호 (우동)",48060,,03,폐업,준대규모점포,,,
나진상가 15동,전문점,2025-05-30,196727.535753619,447868.128308607,2026-05-06 22:48:30,I,3,폐업처리,2025-06-02 18:07:52,,2022-05-02,3062.57,,서울특별시 용산구 한강로3가 3-23 나진상가,2022302015007500001,3020000,"서울특별시 용산구 청파로 112, 나진상가 (한강로3가)",04371,,03,폐업,대규모점포,,,02-716-3872
테스트,그 밖의 대규모점포,,266225.364892468,224872.16641259,2026-05-06 22:00:52,I,1,정상영업,2022-04-20 10:10:40,,2022-04-20,0,,경상남도 함양군 함양읍 교산리 167-2 롯데슈퍼,2022546011607500001,5460000,"경상남도 함양군 함양읍 고운로 85, 롯데슈퍼 3층",50038,,01,영업/정상,준대규모점포,,,055-960-5000
GS더프레시 성북클라시아점,구분없음,,202226.378526398,456194.352420546,2025-12-15 16:15:28,I,1,정상영업,2025-05-13 15:51:54,,2022-04-18,186.6,,서울특별시 성북구 길음동 508-16,2022307028607500002,3070000,"서울특별시 성북구 숭인로8길 80, 롯데캐슬클라시아 상가 101~104호 (길음동)",02730,,01,영업/정상,준대규모점포,,,02-2006-2678
GS THE FRESH 부평더샵점,대형마트,,173203.244129782,441511.67815385,2026-05-06 22:48:30,I,1,정상영업,2025-05-12 15:50:47,,2022-04-15,338.98,,인천광역시 부평구 십정동 289-8,2022354016107500002,3540000,"인천광역시 부평구 열우물로 90, 더샵부평센트럴시티 E동 1층 101호 (십정동)",21443,,01,영업/정상,준대규모점포,,,02-2006-2364
GS THE FRESH 부평열우물점,대형마트,,173203.244129782,441511.67815385,2026-05-06 22:48:30,I,1,정상영업,2025-05-12 14:44:31,,2022-04-15,210.06,,인천광역시 부평구 십정동 289-8,2022354016107500001,3540000,"인천광역시 부평구 열우물로 90, 더샵부평센트럴시티 B동 1층 101~104호 (십정동)",21443,,01,영업/정상,준대규모점포,,,02-2006-2364
이마트에브리데이 강남시장점,구분없음,,201757.494098748,446282.45446652,2025-12-15 16:15:28,I,1,정상영업,2022-04-26 10:07:26,,2022-04-12,794.7,,서울특별시 강남구 신사동 510-11 강남상가아파트,2022322024907500001,3220000,"서울특별시 강남구 압구정로2길 46, 1층 (신사동, ---------)",06034,,01,영업/정상,준대규모점포,,,02-380-5042
GS THE FRESH 안양비산점,구분없음,,,,2025-12-15 16:15:28,I,1,정상영업,2025-04-15 11:22:07,,2022-04-08,214.87,,경기도 안양시 동안구 비산동 515-2 평촌자이아이파크 상가2동 부출입구 1층 101~103호,2022383028807500001,3830000,,,,01,영업/정상,준대규모점포,,,02-2006-2678
탑마트 진해경화점,그 밖의 대규모점포,,353241.977997001,185120.55817638,2026-04-30 22:00:15,I,1,정상영업,2025-04-28 17:00:46,,2022-04-06,1219.7,,경상남도 창원시 진해구 경화동 1174-3,2022567057407500001,5670000,경상남도 창원시 진해구 충장로 281-9 (경화동),51667,,01,영업/정상,준대규모점포,,,055-544-1501
이마트에브리데이 명지대점,구분없음,,193139.52394401,453106.002592232,2026-05-06 22:37:16,I,1,정상영업,2024-08-22 17:49:07,,2022-04-05,998.27,,서울특별시 서대문구 남가좌동 50-3 명지대학교,2022312019207500001,3120000,"서울특별시 서대문구 거북골로 34, 명지대학교 (남가좌동)",03674,,01,영업/정상,준대규모점포,,,02-380-5042
역촌중앙시장,그 밖의 대규모점포,2022-04-05,192534.656897366,456773.714884876,2026-05-06 22:48:28,I,3,폐업처리,2022-04-11 13:10:32,,2022-04-04,3417.4,,서울특별시 은평구 갈현동 467번지 1호,2001311008807500008,3110000,서울특별시 은평구 연서로17길 18-6 (갈현동),,,03,폐업,대규모점포,,,02-352-8040
GS THE FRESH 사직쌍용점,구분없음,2025-08-14,387144.17668815,190534.020672018,2025-12-15 16:15:28,I,3,폐업처리,2025-08-14 18:02:25,,2022-03-29,189.74,,부산광역시 동래구 사직동 1017 사직 쌍용 예가,2022330011007500001,3300000,"부산광역시 동래구 사직로 80, 222동 B101,B102,B105호 (사직동, 사직 쌍용 예가)",47863,,03,폐업,준대규모점포,,,051-507-3511
세영산업주식회사,전문점,,226267.419758712,414698.939838046,2026-04-01 22:14:13,I,1,정상영업,2023-01-30 09:54:51,,2022-03-25,4099.6,,경기도 용인시 처인구 양지면 양지리 112,2022405051807500001,4050000,경기도 용인시 처인구 양지면 죽양대로 2309,17158,,01,영업/정상,대규모점포,,,
GS THE FRESH 관악청림점,구분없음,,196384.544308046,442822.980265735,2025-12-15 16:15:28,I,1,정상영업,2025-08-01 18:02:25,,2022-03-25,634.45,,서울특별시 관악구 봉천동 1717-3 관악푸르지오,2014320019107500003,3200000,"서울특별시 관악구 청림6길 3, 관악푸르지오 상가동 110,113,114호 (봉천동)",08734,,01,영업/정상,준대규모점포,,,02-877-6661
충서원예농협 하나로마트,대형마트,,152914.504639942,365160.666934624,2026-03-26 22:48:23,I,1,정상영업,2025-06-05 17:04:11,,2022-03-23,4150.89,,충청남도 서산시 잠홍동 568,2022453039107500001,4530000,충청남도 서산시 고운로 353(잠홍동),31966,,01,영업/정상,대규모점포,,,041-669-1378
고척아이파크쇼핑센터,쇼핑센터,,187477.579440706,444045.294921843,2026-05-01 22:42:20,I,1,정상영업,2023-10-12 17:09:57,,2022-03-18,40883.22,,서울특별시 구로구 고척동 100-7,2022316015907500001,3160000,,,,01,영업/정상,대규모점포,,,02-528-0450
(주)이마트에브리데이 상계역점,구분없음,,206616.300077726,461867.94710054,2025-12-15 16:15:28,I,1,정상영업,2024-08-06 11:16:24,,2022-03-18,500.84,,서울특별시 노원구 중계동 160-1 기업은행,2022310018407500001,3100000,"서울특별시 노원구 덕릉로 690, 1층 (중계동)",01715,,01,영업/정상,준대규모점포,,,02-380-5042
홈씨씨 수원점,전문점,,199672.086338054,418258.297963828,2026-03-11 01:45:42,I,1,정상영업,2024-05-27 16:59:27,,2022-02-22,5926.48,,경기도 수원시 권선구 서둔동 296-124,2022374039007500001,3740000,경기도 수원시 권선구 세화로134번길 31(서둔동),16621,,01,영업/정상,대규모점포,,,02-2015-8524
(주)이마트에브리데이 월영마린애시앙점,그 밖의 대규모점포,,342459.419901498,187235.520692451,2026-04-30 22:00:15,I,1,정상영업,2024-08-09 15:03:05,,2022-02-21,726,,경상남도 창원시 마산합포구 월영동 738 마린애시앙부영,2022567057007500001,5670000,"경상남도 창원시 마산합포구 가포순환로 33, 제상가1동 101, 105, 106호 (월영동, 마린애시앙부영)",51754,,01,영업/정상,준대규모점포,,,02-380-5042
이마트에브리데이 홍성중앙점,그 밖의 대규모점포,2022-12-23,169184.703661848,343846.132796022,2026-05-06 22:48:26,I,3,폐업처리,2023-09-05 14:15:48,,2022-02-17,1314.88,,충청남도 홍성군 홍성읍 옥암리 1064,2022460018607500001,4600000,충청남도 홍성군 홍성읍 내포로 125,32247,,03,폐업,준대규모점포,,,
(주) 농협유통 하나로마트 오룡점,구분없음,,236543.049230101,313979.571405238,2026-05-03 22:38:33,I,1,정상영업,2022-02-11 15:33:31,,2022-01-26,807.9,,대전광역시 중구 오류동 175-3,2022365011507500001,3650000,대전광역시 중구 계룡로 832(오류동),34908,,01,영업/정상,준대규모점포,,,042-537-6000
GS THE FRESH 과천자이점,그 밖의 대규모점포,,,,2025-12-15 16:15:28,I,1,정상영업,2025-04-07 16:50:36,,2022-01-06,370.2,,경기도 과천시 별양동 52,2022397009407500001,3970000,"경기도 과천시 별양로 142, 131~144호 (별양동)",13833,,01,영업/정상,준대규모점포,,,02-206-2678
GS THE FRESH 신길사러가점,구분없음,,192108.925858666,444944.153786024,2026-05-11 22:40:07,I,1,정상영업,2025-07-30 15:03:26,,2021-12-28,561.4,,서울특별시 영등포구 신길동 4902-6,2021318023907500001,3180000,"서울특별시 영등포구 신길로 162, 1층 일부 (신길동)",07362,,01,영업/정상,준대규모점포,,,02-2006-2676
롯데슈퍼 창천점,구분없음,,193624.014939084,450696.745009002,2026-05-13 22:18:15,U,1,정상영업,2026-05-12 14:40:50,,2021-12-20,357,,서울특별시 서대문구 창천동 506-20 아륭빌딩,2021312019207500005,3120000,"서울특별시 서대문구 신촌로 13, 아륭빌딩 (창천동)",03785,,01,영업/정상,준대규모점포,,,02-338-5601
롯데슈퍼 홍제점,구분없음,2022-10-11,195196.693652181,453764.706268517,2026-05-06 22:37:16,I,3,폐업처리,2022-10-20 18:02:31,,2021-12-20,484.6,,서울특별시 서대문구 홍제동 158-33 연세24시사우나,2021312019207500004,3120000,"서울특별시 서대문구 통일로 413, 연세24시사우나 (홍제동)",03646,,03,폐업,준대규모점포,2022-03-17,2022-12-31,02-391-5601
롯데프레시 홍은점,구분없음,,193440.549915639,453256.425998955,2026-05-06 22:37:16,I,1,정상영업,2023-08-25 17:54:37,,2021-12-20,178.5,,서울특별시 서대문구 홍은동 400-12,2021312019207500003,3120000,서울특별시 서대문구 가좌로 99(홍은동),03675,,01,영업/정상,준대규모점포,,,02-373-5601
롯데슈퍼 남가좌점,복합쇼핑몰,,192480.02944094,452634.55767379,2026-05-13 22:18:15,U,1,정상영업,2026-05-12 14:46:09,,2021-12-16,288.3,,서울특별시 서대문구 남가좌동 381 DMC센트레빌,2018312018307500003,3120000,"서울특별시 서대문구 거북골로 120(남가좌동, DMC센트레빌)",03690,,01,영업/정상,준대규모점포,,,02-308-5601
평택프리미엄아울렛,전문점,,206113.48015676,392491.288366379,2025-12-15 16:15:28,I,1,정상영업,2023-04-26 18:32:14,,2021-12-14,29652,,경기도 평택시 장당동 154-2,2021391039707500001,3910000,경기도 평택시 경기대로 945(장당동),17787,,01,영업/정상,대규모점포,,,031-660-1000
삼성전자 판매 북울산본점,전문점,,413465.24843819,233302.05395249,2026-05-06 22:48:29,I,1,정상영업,2021-12-09 15:38:31,,2021-12-09,4731.14,,울산광역시 북구 진장동 1048-3,2021372017807500002,3720000,울산광역시 북구 진장유통로 65(진장동),44249,,01,영업/정상,대규모점포,,,02-3460-6611
정동마트,대형마트,,219741.52429013,416424.828522115,2026-04-01 22:14:13,I,1,정상영업,2023-04-17 13:06:51,,2021-12-02,4106.09,,경기도 용인시 처인구 고림동 599-8,2021405051807500001,4050000,경기도 용인시 처인구 고림로 206(고림동),17149,,01,영업/정상,대규모점포,,,031-335-8808
파인트리몰,그 밖의 대규모점포,,210850.269806142,262991.692422289,2025-12-15 16:15:28,I,5,영업개시전,2021-12-01 07:56:34,,2021-11-29,23194.32,,전북특별자치도 전주시 덕진구 송천동2가 488-3,2021464047907500003,4641000,전북특별자치도 전주시 덕진구 송천중앙로 225(송천동2가),54827,,01,영업/정상,대규모점포,,,063-271-7001
롯데프레시앤델리 봉화산역점,그 밖의 대규모점포,,208112.860200669,457113.638411288,2026-08-12 22:48:10,U,1,정상영업,2026-08-11 17:10:22,,2021-11-25,1150.47,,서울특별시 중랑구 신내동 646 금강리빙스텔,2021306017507500001,3060000,"서울특별시 중랑구 신내로 211, 금강리빙스텔 비01호 (신내동)",02024,,01,영업/정상,준대규모점포,,,02-2290-5704
(주)이마트에브리데이 안양관양점,구분없음,,197012.120870214,434228.188247172,2025-12-15 16:15:28,I,1,정상영업,2024-07-29 13:04:08,,2021-11-19,372.98,,경기도 안양시 동안구 관양동 1677,2021383028807500003,3830000,"경기도 안양시 동안구 동편로 136, 1층 101호 (관양동)",13928,,01,영업/정상,준대규모점포,,,031-360-0835
진장 회 수산센터,그 밖의 대규모점포,,413428.796160802,233369.961340036,2026-05-06 22:48:29,I,1,정상영업,2021-11-29 17:04:08,,2021-11-10,3240.43,,울산광역시 북구 진장동 1048-1,2021372017807500001,3720000,울산광역시 북구 진장유통1로 60(진장동),44249,,01,영업/정상,대규모점포,,,052-248-0110
광주 금호 리첸시아 센트럴 스퀘어,그 밖의 대규모점포,,222618.188936667,434045.266636268,2026-03-26 22:01:54,I,1,정상영업,2023-04-28 09:39:57,,2021-11-03,11697.53,,경기도 광주시 경안동 447,2021554025007500001,5540000,경기도 광주시 경안로41번길 6(경안동),12760,,01,영업/정상,대규모점포,,,031-767-8324
(주)이마트에브리데이 경산무학점,그 밖의 대규모점포,,363181.924592778,270283.834577387,2025-12-15 16:15:28,I,1,정상영업,2024-07-31 17:28:32,,2021-10-25,662.15,,경상북도 경산시 하양읍 양지리 262,2021513018007500001,5130000,경상북도 경산시 하양읍 서사도리4로 8,38699,,01,영업/정상,준대규모점포,,,02-380-5930
(주)GS리테일 부산금정점,구분없음,,390131.012671533,195111.082376592,2025-12-15 16:15:28,I,1,정상영업,2025-08-22 16:33:07,,2021-10-22,277.3,,부산광역시 금정구 부곡동 225-58 골든웨딩프라자예식장,2021335014607500001,3350000,"부산광역시 금정구 중앙대로1719번길 47, 골든웨딩프라자예식장 (부곡동)",46277,,01,영업/정상,준대규모점포,,,051-514-6506
(주)지에스리테일 부산금정점,구분없음,,390131.012671533,195111.082376592,2025-12-15 16:15:28,I,1,정상영업,2023-02-07 19:05:41,,2021-10-22,277.3,,부산광역시 금정구 부곡동 225-58 골든웨딩프라자예식장,2021335013507500001,3350000,"부산광역시 금정구 중앙대로1719번길 47, 골든웨딩프라자예식장 (부곡동)",46277,,01,영업/정상,준대규모점포,,,02-2006-2364
홈플러스 익스프레스 시흥배곧점,구분없음,,175778.500048456,429887.847826116,2026-05-11 22:05:13,I,1,정상영업,2022-04-12 15:08:34,,2021-10-20,205.9,,경기도 시흥시 배곧동 191 시흥배곧 C1 호반 써밋플레이스,2022401031707500001,4010000,"경기도 시흥시 서울대학로278번길 19-13(배곧동, 시흥배곧 C1 호반 써밋플레이스)",15010,,01,영업/정상,준대규모점포,,,031-8042-2293
GS THE FRESH 안양호계점,구분없음,,196609.75025329,428912.306681884,2025-12-15 16:15:28,I,1,정상영업,2025-04-15 11:15:26,,2021-09-29,296.15,,경기도 안양시 동안구 호계동 873 덕유파크,2021383028807500002,3830000,"경기도 안양시 동안구 경수대로 428, 덕유파크 1층 101~106, 126호 (호계동)",14126,,01,영업/정상,준대규모점포,,,02-2006-2364
(주)이마트에브리데이 창원더스퀘어점,구분없음,,355800.178264689,190741.564492406,2026-04-30 22:00:15,I,1,정상영업,2024-08-13 11:42:14,,2021-09-16,860.7,,경상남도 창원시 성산구 성주동 100 더 스퀘어,2021567056807500001,5670000,"경상남도 창원시 성산구 대암로 247, 더 스퀘어 제1층 제씨101호, 111호 (성주동)",51471,,01,영업/정상,준대규모점포,,,02-380-5042
지에스 더프레시(GS THE FRESH) 수원화서점,구분없음,,199460.301398641,420871.789200422,2026-03-11 01:45:42,I,1,정상영업,2025-05-01 17:03:24,,2021-09-13,189.2,,경기도 수원시 장안구 정자동 111-20 화서역 파크푸르지오,2021374039007500002,3740000,"경기도 수원시 장안구 대평로 27, 107~109호 (정자동, 화서역 파크푸르지오)",16318,,01,영업/정상,준대규모점포,,,02-2006-2678
롯데프레쉬 인천중산가맹점,구분없음,,,,2026-07-01 09:22:38,I,4,직권취소,2021-12-20 13:17:56,,2021-08-31,787.7,,인천광역시 영종구 중산동 1876-8,2021349019107500002,3491000,인천광역시 영종구 하늘달빛로 90-27(중산동),22402,,04,취소/말소/만료/정지/중지,준대규모점포,,,051-704-0142
(주)이마트에브리데이 목동역점,구분없음,,187929.395106977,446964.609090888,2025-12-15 16:15:28,I,1,정상영업,2024-08-06 09:25:35,,2021-08-26,396.88,,서울특별시 양천구 신정동 995-2,2021314016707500001,3140000,서울특별시 양천구 목동로 183(신정동),08022,,01,영업/정상,준대규모점포,,,02-2039-0818
이마트에브리데이 이문점,복합쇼핑몰,,205396.363734301,455131.683241064,2025-12-15 16:15:28,I,1,정상영업,2024-07-23 15:04:40,,2021-08-26,2260.6,130-080,서울특별시 동대문구 이문동 292번지 10호,2011305014007500001,3050000,서울특별시 동대문구 이문로 136 (이문동),,,01,영업/정상,준대규모점포,,,02-959-1234
이마트에브리데이 홍은점,구분없음,,195280.710219904,455193.014698844,2026-05-06 22:37:16,I,1,정상영업,2024-08-20 08:49:29,,2021-07-29,483.79,,서울특별시 서대문구 홍은동 11-419,2021312019207500002,3120000,서울특별시 서대문구 홍은중앙로 89(홍은동),03604,,01,영업/정상,준대규모점포,,,02-380-5042
제주드림타워,그 밖의 대규모점포,,151732.711618361,-1108.97482994933,2025-12-15 16:15:28,I,1,정상영업,2021-07-26 12:24:39,,2021-07-26,8942.96,,제주특별자치도 제주시 노형동 925 제주 드림타워 복합리조트,2021651021607500001,6510000,"제주특별자치도 제주시 노연로 12, 제주 드림타워 복합리조트 (노형동)",63082,,01,영업/정상,대규모점포,,,064-795-0000
로마네시티,그 밖의 대규모점포,,211179.421253138,263662.329079759,2025-12-15 16:15:28,I,5,영업개시전,2021-07-19 12:57:31,,2021-07-19,34776.8,,전북특별자치도 전주시 덕진구 송천동2가 1329-1 로마네시티,2021464047907500002,4641000,"전북특별자치도 전주시 덕진구 세병2길 10, 로마네시티 (송천동2가)",55149,,01,영업/정상,대규모점포,,,063-253-1115
GS THE FRESH 남가좌디엠씨점,구분없음,,192641.14591065,452652.059898055,2026-05-06 22:37:16,I,1,정상영업,2025-04-25 13:22:29,,2021-07-16,216.08,,서울특별시 서대문구 남가좌동 390 래미안 루센티아,2021312019207500001,3120000,"서울특별시 서대문구 거북골로 100, 지하3층 32,33,34,35호 (남가좌동, 래미안 루센티아)",03689,,01,영업/정상,준대규모점포,,,02-373-9993
센터포인트 명동,쇼핑센터,,198401.701305913,451374.312212737,2026-03-26 22:48:23,I,1,정상영업,2022-05-10 10:26:39,,2021-07-16,8767.97,,서울특별시 중구 남대문로2가 9-1,2021301016607500001,3010000,,,,01,영업/정상,대규모점포,,,02-3452-2379
(주)이마트에브리데이 전북임실점,복합쇼핑몰,,225690.249038772,235002.355980377,2025-12-15 16:15:28,I,1,정상영업,2024-08-13 11:33:42,,2021-07-06,784.4,,전북특별자치도 임실군 임실읍 이도리 236-13,2021476010507500001,4761000,전북특별자치도 임실군 임실읍 운수로 33,55927,,01,영업/정상,준대규모점포,,,063-778-7200
고양삼송현대헤리엇,그 밖의 대규모점포,,191025.010600686,461186.001629362,2025-12-15 16:15:28,I,5,영업개시전,2021-07-02 12:33:29,,2021-07-02,15789,,경기도 고양시 덕양구 삼송동 293,2021394038807500001,3940000,"경기도 고양시 덕양구 삼송로 222, 고양삼송현대헤리엇 (삼송동)",10592,,01,영업/정상,대규모점포,,,031-901-6611
버터플라이시티,그 밖의 대규모점포,,,,2026-07-01 09:22:38,I,1,정상영업,2021-07-27 13:19:41,,2021-06-29,6296.89,,인천광역시 영종구 운서동 2807-4 1~2층,2021349019107500001,3491000,"인천광역시 영종구 흰바위로59번길 8, 1~2층 (운서동)",22371,,01,영업/정상,대규모점포,,,
홈플러스 광양점,대형마트,,263409.919971471,159060.647898764,2026-07-14 11:38:15,I,1,정상영업,2024-03-14 17:39:27,,2021-06-22,13558.2,,전남광주통합특별시 광양시 중동 1811-1 홈플러스 광양점,2021484012707500001,5800000,"전남광주통합특별시 광양시 항만11로 70, 홈플러스 광양점 (중동)",57793,,01,영업/정상,대규모점포,,,061-760-8122
(주)지에스리테일 만덕이편한점,그 밖의 대규모점포,,385505.738718264,192740.640994661,2026-05-03 22:39:05,I,1,정상영업,2025-04-17 18:04:25,,2021-06-21,193.94,,부산광역시 북구 만덕동 818 e편한세상금정산,2021332010707500001,3320000,"부산광역시 북구 상학로 36, 1층 103~106호 (만덕동, e편한세상금정산)",46557,,01,영업/정상,준대규모점포,,,051-331-6169
한성몰 남양주점,전문점,,224788.908585668,461612.798454074,2025-12-15 16:15:28,I,1,정상영업,2021-06-17 18:06:48,,2021-06-17,9057.85,,경기도 남양주시 화도읍 묵현리 368-2,2021399046507500001,3990000,경기도 남양주시 화도읍 경춘로 1725,12171,,01,영업/정상,대규모점포,,,02-2211-1311
탑마트 경주용강점,그 밖의 대규모점포,2024-05-17,400844.63345574,265309.795358548,2025-12-15 16:15:28,I,3,폐업처리,2024-05-17 13:43:29,,2021-06-16,990,,경상북도 경주시 용강동 900-1,2021505035207500001,5050000,"경상북도 경주시 산업로 4348, 탑마트 경주용강점 (용강동)",38093,,03,폐업,준대규모점포,,,051-330-2583
구의 자이르네 판매시설,그 밖의 대규모점포,,207775.86513205,449252.386906411,2025-12-15 16:15:28,I,1,정상영업,2025-03-18 17:07:41,,2021-06-08,3208.98,,서울특별시 광진구 구의동 66-25,2021304019007500001,3040000,서울특별시 광진구 광나루로39길 11 (구의동),04977,,01,영업/정상,대규모점포,,,02-457-8045
이마트에브리데이 오창산단점,구분없음,,240295.502596486,359246.119843978,2026-05-06 22:48:33,I,1,정상영업,2024-07-29 17:06:32,,2021-06-07,694,,충청북도 청주시 청원구 오창읍 주성리 584,2021571018307500001,5710000,충청북도 청주시 청원구 오창읍 주성1길 18-6,28117,,01,영업/정상,준대규모점포,,,02-380-5042
화서역파크푸르지오 오피스텔&상가,복합쇼핑몰,,199460.301398641,420871.789200422,2026-03-11 01:45:42,I,1,정상영업,2023-10-23 10:34:25,,2021-05-25,5855.48,,경기도 수원시 장안구 정자동 950 화서역 파크푸르지오,2021374039007500001,3740000,"경기도 수원시 장안구 대평로 27 (정자동, 화서역 파크푸르지오)",16318,,01,영업/정상,대규모점포,,,02-3404-4921
롯데프레시 김포구래가맹점,구분없음,,166347.213933274,460323.071108525,2025-12-15 16:15:28,I,1,정상영업,2021-08-13 13:15:46,,2021-05-20,188.52,,경기도 김포시 구래동 6871-33,2021409039907500001,4090000,"경기도 김포시 김포한강10로133번길 142, B동 104호 (구래동)",10071,,01,영업/정상,준대규모점포,,,031-982-6766
(주)이마트에브리데이 율하점,구분없음,,352986.591397707,263876.474625126,2026-04-30 22:30:10,I,1,정상영업,2021-05-17 16:42:34,,2021-05-17,925.62,,대구광역시 동구 율하동 1418,2021342015707500001,3420000,대구광역시 동구 안심로22길 60-23 (율하동),41106,,01,영업/정상,준대규모점포,,,053-964-9000
대전신세계 엑스포점,백화점,,234414.00794623,319679.535632277,2025-12-17 02:40:00,U,1,정상영업,2025-12-15 16:11:32,,2021-04-28,82790.1,,대전광역시 유성구 도룡동 3-1,2021367017407500001,3670000,대전광역시 유성구 엑스포로 1(도룡동),34126,,01,영업/정상,대규모점포,,,1588-1234
오산 원동 상점가,구분없음,,206226.32427256,404756.266645655,2025-12-15 16:15:28,I,1,정상영업,2024-05-09 10:25:16,,2021-04-22,0,,경기도 오산시 원동 773-1,2021400019407500001,4000000,경기도 오산시 원동로37번길 27 (원동),18141,,01,영업/정상,대규모점포,,,
GS THE FRESH 마포염리점,구분없음,,195310.864204116,450080.129868689,2025-12-15 16:15:28,I,1,정상영업,2025-04-18 09:10:32,,2021-04-22,250.8,,서울특별시 마포구 염리동 14-149,2021313022507500001,3130000,"서울특별시 마포구 대흥로24길 24, 마포 프레스티지 자이 아파트 단지 내 상가 A동 115~119호 (염리동)",04124,,01,영업/정상,준대규모점포,,,02-707-1372
GS THE FRESH 용산해링턴점,복합쇼핑몰,,197056.728931087,447077.126289262,2026-05-06 22:48:30,I,1,정상영업,2025-04-18 09:45:35,,2021-04-15,199.8,,서울특별시 용산구 한강로3가 63-70,2021302015007500001,3020000,"서울특별시 용산구 서빙고로 17, 용산해링턴스퀘어 C동 1층 111~115호 (한강로3가)",04387,,01,영업/정상,준대규모점포,,,02-2006-2676
코스트코 홀세일 김해점,대형마트,,367301.545291311,194456.567656158,2025-12-15 16:15:28,I,5,영업개시전,2023-01-05 14:17:08,,2021-04-14,13218.95,,경상남도 김해시 주촌면 천곡리 1522,2021535030107500001,5350000,경상남도 김해시 주촌면 선천남로 16,51025,,01,영업/정상,대규모점포,,,02-2630-2671
군포송정 풍산리치안 플랫몰,그 밖의 대규모점포,,193182.580781349,423740.621946567,2025-12-15 16:15:28,I,1,정상영업,2021-04-15 14:40:08,,2021-04-09,4763.86,,경기도 군포시 도마교동 478,2021402022707500001,4020000,경기도 군포시 송부로96번길 12 (도마교동),15885,,01,영업/정상,대규모점포,,,031-8003-6400
파미어스몰,쇼핑센터,,208613.865984257,434443.112052722,2025-12-15 16:15:28,I,1,정상영업,2025-05-13 16:41:14,,2021-04-08,19968.31,,경기도 성남시 수정구 시흥동 288-2,2021378033407500001,3780000,경기도 성남시 수정구 창업로 17 (시흥동),13449,,01,영업/정상,대규모점포,,,02-6959-7817
(주)지에스리테일 월영마린점,대형마트,2026-03-25,342459.419901498,187235.520692451,2026-06-12 03:03:03,U,3,폐업처리,2026-06-11 16:27:21,,2021-04-06,163.92,,경상남도 창원시 마산합포구 월영동 738 마린애시앙부영,2021567057007500002,5670000,"경상남도 창원시 마산합포구 가포순환로 33, 2동상가동 1층 101,102,104호 (월영동, 마린애시앙부영)",51754,,03,폐업,준대규모점포,,,02-2006-2364
(주)지에스리테일 마산월영점,대형마트,,341862.565103268,187325.561449479,2026-04-30 22:00:15,I,1,정상영업,2025-04-15 14:06:03,,2021-04-06,305.88,,경상남도 창원시 마산합포구 월영동 703-2 대동아파트,2021567057007500001,5670000,"경상남도 창원시 마산합포구 월영남로 42, 대동아파트 제상가동 제2층 201~203호 (월영동)",51771,,01,영업/정상,준대규모점포,,,051-510-4646
시민마트,구분없음,,212367.118425352,456712.576784184,2025-12-15 16:15:28,I,1,정상영업,2023-07-14 15:54:24,,2021-04-06,18408.86,,경기도 구리시 인창동 430 구리유통종합상가,2021398012907500001,3980000,"경기도 구리시 동구릉로136번길 57, 구리유통종합상가 할인점동 (인창동)",11915,,01,영업/정상,대규모점포,,,031-513-6001
GS THE FRESH 평촌어바인점,구분없음,,196005.904356339,429975.539293307,2025-12-15 16:15:28,I,1,정상영업,2025-04-15 11:17:27,,2021-04-06,196.8,,경기도 안양시 동안구 호계동 956,2021383028807500001,3830000,"경기도 안양시 동안구 경수대로 579, 상가1동 1층 108,109,110,111호 (호계동)",14115,,01,영업/정상,준대규모점포,,,02-2006-2364
부산 오시리아 테마파크 판매시설,쇼핑센터,,401648.172377821,190623.521052889,2026-05-03 22:38:29,I,1,정상영업,2021-07-13 20:35:21,,2021-03-31,18430.51,,부산광역시 기장군 기장읍 시랑리 산 46,2021340010907500001,3400000,,,,01,영업/정상,대규모점포,,,02-6959-7869
(주)이마트에브리데이 인천도화점,대형마트,,170309.660233767,440927.748196756,2026-03-26 22:48:22,I,1,정상영업,2024-08-22 10:46:05,,2021-03-23,884.37,,인천광역시 미추홀구 도화동 1011 더샵 인천스카이타워 1단지,2021351057907500001,3510500,"인천광역시 미추홀구 숙골로88번길 12, 지1층 비20호 (도화동, 더샵 인천스카이타워 1단지)",22101,,01,영업/정상,준대규모점포,,,
더 샵스 앳 센터필드 (THE SHOPS AT CENTERFIELD),그 밖의 대규모점포,,203599.062771687,444556.062267296,2026-05-12 22:18:11,U,1,정상영업,2026-05-11 18:55:20,,2021-03-19,7511.51,,서울특별시 강남구 역삼동 676 센터필드,2021322024907500001,3220000,"서울특별시 강남구 테헤란로 231, 센터필드 (역삼동)",06142,,01,영업/정상,대규모점포,,,
범어더리브스퀘어,그 밖의 대규모점포,,346156.236130463,263891.010201724,2026-05-03 22:40:52,I,5,영업개시전,2021-03-16 13:35:14,,2021-03-16,16113.81,,대구광역시 수성구 범어동 2262,2021346017707500001,3460000,대구광역시 수성구 범어천로 214 (범어동),42009,,01,영업/정상,대규모점포,,,053-751-8171
에이케이플라자(주) 광명점,쇼핑센터,,189541.850018502,435187.738812827,2025-12-15 16:15:28,I,1,정상영업,2025-01-09 10:16:24,,2021-03-05,28985.96,,경기도 광명시 일직동 512-3,2021390026407500002,3900000,경기도 광명시 양지로 17(일직동),14345,,01,영업/정상,대규모점포,,,070-4770-0796
전주에코시티 DK-mall,쇼핑센터,,211105.947625828,263591.430026264,2025-12-15 16:15:28,I,5,영업개시전,2021-10-01 08:26:31,,2021-03-03,18192.9,,전북특별자치도 전주시 덕진구 송천동2가 1329-2 전주 에코시티 이마트,2021464047907500001,4641000,"전북특별자치도 전주시 덕진구 세병서로 9, 전주 에코시티 이마트 (송천동2가)",55149,,01,영업/정상,대규모점포,,,
GS THE FRESH 방학신동아점,구분없음,,202346.049195533,461967.40118936,2025-12-15 16:15:28,I,1,정상영업,2025-04-14 14:17:39,,2021-03-02,316.8,,서울특별시 도봉구 방학동 484-7,2021309017007500001,3090000,"서울특별시 도봉구 시루봉로 103-1, 1층 (방학동)",01362,,01,영업/정상,준대규모점포,,,
트레이더스 홀세일 클럽 동탄점,대형마트,,208551.191176942,410187.304225812,2026-02-01 10:52:12,I,1,정상영업,2024-04-23 09:24:01,,2021-02-25,14828.36,,경기도 화성시 동탄구 오산동 1022,2021553038907500001,5530000,경기도 화성시 동탄구 동탄대로 451(오산동),18481,,01,영업/정상,대규모점포,,,02-380-9429
(주)엘시티 더 몰,쇼핑센터,2021-02-25,397540.467298187,186751.661439715,2026-05-10 22:54:15,I,3,폐업처리,2021-03-08 14:38:39,,2021-02-25,37272.89,,부산광역시 해운대구 중동 1058번지 39호 엘시티,2021333015107500002,3330000,"부산광역시 해운대구 달맞이길 30 (중동, 엘시티)",48099,,03,폐업,대규모점포,,,051-781-0001
엘시티 더 몰,그 밖의 대규모점포,,397540.467298187,186751.661439715,2026-05-10 22:54:15,I,1,정상영업,2024-04-03 10:23:15,,2021-02-25,28555.44,,부산광역시 해운대구 중동 1829 엘시티,2021333015107500001,3330000,"부산광역시 해운대구 달맞이길 30 (중동, 엘시티)",48099,,01,영업/정상,대규모점포,,,051-781-8001
홈플러스(주)동대전점,대형마트,2022-10-15,239185.900858619,317088.412646934,2026-05-03 22:32:21,I,3,폐업처리,2022-10-21 14:30:18,,2021-02-22,16908.55,,대전광역시 동구 용전동 65번지 1호 (주)홈플러스 (주)동대전점,2017364011407500002,3640000,대전광역시 동구 한밭대로 1282 (용전동),34549,,03,폐업,대규모점포,,,042-608-8002
홈플러스(주)대전가오점,대형마트,,241064.767614979,311893.45796323,2026-05-03 22:32:21,I,1,정상영업,2024-02-27 17:01:38,,2021-02-22,8435.05,,대전광역시 동구 가오동 557번지 패션아일랜드,2017364011407500001,3640000,대전광역시 동구 은어송로 72 (가오동),34681,,01,영업/정상,대규모점포,,,042-281-8001
(주)서원유통 탑마트 영도봉래점,복합쇼핑몰,,386813.037770366,179163.68223146,2026-05-02 22:32:47,I,1,정상영업,2025-04-25 16:47:34,,2021-02-17,1359.61,,부산광역시 영도구 봉래동5가 43번지,2014328009207500001,3280000,부산광역시 영도구 태종로 194-0 (봉래동5가),,,01,영업/정상,준대규모점포,,,051-418-2102
홈플러스(주)화성동탄점,대형마트,,206007.25472163,411214.942059565,2026-04-21 03:03:03,U,2,휴업처리,2026-04-20 10:53:42,,2021-02-10,7668.62,445-160,경기도 화성시 동탄구 반송동 98번지,2010553021407500001,5530000,경기도 화성시 동탄구 동탄중앙로 200 (반송동),,,02,휴업,대규모점포,2026-04-15,2027-04-14,031-8015-7000
맘마마트 천안점,대형마트,,210350.365980618,366539.832359485,2025-12-15 16:15:28,I,1,정상영업,2021-07-09 20:00:41,,2021-02-10,8226,,충청남도 천안시 서북구 쌍용동 1367,2021449037507500002,4490000,충청남도 천안시 서북구 월봉로 95 (쌍용동),31171,,01,영업/정상,대규모점포,,,070-4060-4128
맘마마트 천안점,대형마트,,210350.365980618,366539.832359485,2025-12-15 16:15:28,I,5,영업개시전,2021-02-10 10:34:59,,2021-02-10,8226,,충청남도 천안시 서북구 쌍용동 1367,2021449037507500001,4490000,충청남도 천안시 서북구 월봉로 95 (쌍용동),31171,,01,영업/정상,대규모점포,,,070-4060-4128
제주 프리미엄 전문점,쇼핑센터,,136356.94232239,-20780.8074935676,2026-05-02 22:48:39,U,1,정상영업,2026-04-27 13:56:21,,2020-11-25,8834.54,,제주특별자치도 서귀포시 안덕면 서광리 산 24,2020652017807500001,6520000,제주특별자치도 서귀포시 안덕면 신화역사로304번길 38,63522,,01,영업/정상,대규모점포,,,064-908-6013
다농엘마트,대형마트,,238982.031354431,351205.893661209,2026-05-06 22:48:33,I,1,정상영업,2020-11-20 16:56:39,,2020-11-23,10859.11,,충청북도 청주시 흥덕구 화계동 196,2020571018307500002,5710000,충청북도 청주시 흥덕구 엘지로 34 (화계동),28293,,01,영업/정상,대규모점포,,,043-268-6553
인천 스타트업파크,그 밖의 대규모점포,,168034.064747116,431810.029413724,2026-05-11 23:16:52,I,1,정상영업,2024-02-13 17:07:15,,2020-10-28,16105.88,,인천광역시 연수구 송도동 93,2020352017507500002,3520000,인천광역시 연수구 컨벤시아대로 204 (송도동),22004,,01,영업/정상,대규모점포,,,032-228-1218
롯데프레시 대구구지점,쇼핑센터,,328501.384301002,240739.938522968,2026-05-07 22:34:43,I,1,정상영업,2021-08-04 08:59:50,,2020-10-21,336,,대구광역시 달성군 구지면 응암리 1251 대구국가산단 반도유보라 아이비파크 2,2020348036507500001,3480000,"대구광역시 달성군 구지면 국가산단북로60길 59, 131동 지하1층 101~112호 (대구국가산단 반도유보라 아이비파크 2)",43008,,01,영업/정상,준대규모점포,,,053-615-3705
영등포 중흥 에스클래스,그 밖의 대규모점포,,189877.186450371,446802.004602857,2026-05-11 22:40:07,I,1,정상영업,2021-04-07 10:37:13,,2020-10-12,3613.32,,서울특별시 영등포구 양평동1가 247 영등포 중흥 S-CLASS,2020318023907500002,3180000,"서울특별시 영등포구 선유서로24길 6 (양평동1가, 영등포 중흥 S-CLASS)",07273,,01,영업/정상,대규모점포,,,02-2038-8575
주식회사 아산마트오창점,대형마트,,240180.478406721,359898.219890676,2026-05-06 22:48:33,I,1,정상영업,2024-04-04 09:05:06,,2020-09-23,6835.73,,충청북도 청주시 청원구 오창읍 창리 64-4,2020571018307500001,5710000,충청북도 청주시 청원구 오창읍 공항로 1033-23,28109,,01,영업/정상,대규모점포,,,043-215-4200
롯데슈퍼오룡가맹점,그 밖의 대규모점포,,153116.230641127,145528.423319226,2026-07-14 11:38:15,I,1,정상영업,2021-04-29 17:10:40,,2020-08-27,0,,전남광주통합특별시 무안군 일로읍 오룡리 6 호반써밋APT,2020495012507500001,5880000,전남광주통합특별시 무안군 일로읍 오룡번영로 185 (호반써밋APT),58580,,01,영업/정상,준대규모점포,,,061-000-0000
앨리웨이 인천,그 밖의 대규모점포,,170160.347561945,440825.360762333,2026-03-26 22:48:22,I,5,영업개시전,2025-06-30 13:15:03,,2020-08-25,20973.16,,인천광역시 미추홀구 도화동 1002 더샵 인천스카이타워 2단지,2020351057907500001,3510500,"인천광역시 미추홀구 숙골로87번길 5 (도화동, 더샵 인천스카이타워 2단지)",22101,,01,영업/정상,대규모점포,,,032-866-0611
(주)서부티엔디,전문점,,196605.511573689,447841.270074498,2026-05-06 22:48:29,I,1,정상영업,2020-08-13 09:12:59,,2020-08-13,8500.52,,서울특별시 용산구 한강로3가 2-8,2020302015007500001,3020000,"서울특별시 용산구 청파로 100, 12동 2층 (한강로3가)",04372,,01,영업/정상,대규모점포,,,02-2689-0035
주식회사 케이씨씨글라스 홈씨씨울산점,복합쇼핑몰,,413816.065283908,233057.855813064,2026-05-06 22:48:29,I,1,정상영업,2024-05-16 17:13:12,,2020-08-12,3886.91,,울산광역시 북구 진장동 285-1 KCC진장사옥,2020372017807500001,3720000,"울산광역시 북구 진장유통로 28-17, KCC진장사옥 (진장동)",44248,,01,영업/정상,대규모점포,,,02-2015-3826
전북혁신도시 대방디엠시티,그 밖의 대규모점포,,205360.64276712,259875.953149564,2025-12-15 16:15:28,I,1,정상영업,2021-03-26 17:32:34,,2020-08-05,15882.9,,전북특별자치도 전주시 덕진구 장동 1111 전북혁신도시 더 M city 센텀,2020464047907500001,4641000,"전북특별자치도 전주시 덕진구 기지로 77 (장동, 전북혁신도시 더 M city 센텀)",54865,,01,영업/정상,대규모점포,,,02-2181-9400
롯데프레시송파가락가맹점,구분없음,,211822.100655974,443697.739713172,2025-12-15 16:15:28,I,5,영업개시전,2020-09-02 17:15:35,,2020-07-24,182,,서울특별시 송파구 가락동 191-5,2020323026107500003,3230000,서울특별시 송파구 동남로20길 24 (가락동),05783,2020-08-20,01,영업/정상,준대규모점포,,,
이마트에브리데이 송파점,구분없음,,209412.197809542,443928.783342251,2025-12-15 16:15:28,I,1,정상영업,2024-07-24 16:44:03,,2020-07-24,727,,서울특별시 송파구 가락동 479 헬리오시티,2020323026107500002,3230000,"서울특별시 송파구 송파대로 345 (가락동, 헬리오시티)",05698,2020-08-11,01,영업/정상,준대규모점포,,,
소래포구어시장,그 밖의 대규모점포,,176846.365143598,432902.368426872,2026-03-26 22:49:56,I,5,영업개시전,2020-07-22 16:56:46,,2020-07-22,3706,,인천광역시 남동구 논현동 111-168 쌍둥이네,2020353017907500001,3530000,인천광역시 남동구 장도로 86-14 (논현동),21672,,01,영업/정상,대규모점포,,,032-446-7536
노브랜드 대평시장점,복합쇼핑몰,,225133.445008568,329803.178323135,2026-03-26 22:01:15,I,1,정상영업,2024-04-24 11:02:31,,2020-07-10,185.95,,세종특별자치시 금남면 용포리 213-1,2020569029207500002,5690000,세종특별자치시 금남면 용포로 116,30083,,01,영업/정상,준대규모점포,,,02-3809-4361
이랜드리테일 NC구로점,복합쇼핑몰,,189570.360930049,444336.051330144,2026-06-26 03:03:03,U,1,정상영업,2026-06-25 10:13:28,,2020-06-26,49220.79,,서울특별시 구로구 구로동 573,2020316015907500001,3160000,서울특별시 구로구 구로중앙로 152 (구로동),08292,,01,영업/정상,대규모점포,,,02-323-0456
시흥플랑드르,그 밖의 대규모점포,,182864.742763587,429902.071373508,2026-05-11 22:05:13,I,1,정상영업,2023-03-03 14:22:15,,2020-06-17,27134.94,,경기도 시흥시 능곡동 235-1 시흥 플랑드르,2020401031707500001,4010000,"경기도 시흥시 장현능곡로 155, 시흥 플랑드르 (능곡동)",14999,,01,영업/정상,대규모점포,,,
이마트 하남점,대형마트,,218076.91973786,450073.163619109,2025-12-15 16:15:28,I,1,정상영업,2020-06-10 15:16:17,,2020-06-10,14148.62,,경기도 하남시 덕풍동 736번지 하남풍산지구 이마트,2020404022807500001,4040000,"경기도 하남시 덕풍서로 70, 하남풍산지구 이마트 (덕풍동)",12927,,01,영업/정상,대규모점포,,,02-380-5234
힐스테이트 금정역 상업시설,구분없음,,,,2026-07-01 03:03:03,U,1,정상영업,2026-06-30 13:41:03,,2020-06-05,25366.05,,경기도 군포시 금정동 916 힐스테이트 금정역,2020402010807500001,4020000,"경기도 군포시 엘에스로 143(금정동, 힐스테이트 금정역)",15809,,01,영업/정상,대규모점포,,,031-5175-1206
목동에버하임,그 밖의 대규모점포,,188502.886822432,449377.63880433,2025-12-15 16:15:28,I,5,영업개시전,2020-05-29 09:20:09,,2020-05-29,2734.89,,서울특별시 양천구 목동 966번지 목동에버하임,2020314016707500002,3140000,"서울특별시 양천구 목동중앙북로 68 (목동, 목동에버하임)",07948,,01,영업/정상,대규모점포,,,02-2643-3209
목동에버하임,그 밖의 대규모점포,,188502.886822432,449377.63880433,2025-12-15 16:15:28,I,1,정상영업,2020-06-17 13:01:15,,2020-05-26,2734.89,,서울특별시 양천구 목동 966번지 목동에버하임,2020314016707500001,3140000,"서울특별시 양천구 목동중앙북로 68 (목동, 목동에버하임)",07948,,01,영업/정상,대규모점포,,,02-2643-3209
롯데백화점 동탄점,백화점,,208569.642431686,410949.263462028,2026-04-25 03:03:03,U,1,정상영업,2026-04-24 09:59:45,,2020-05-08,76978.9,,경기도 화성시 동탄구 여울동 967-157 동탄역 롯데캐슬,2020553038907500001,5530000,"경기도 화성시 동탄구 동탄역로 160, 동탄역 롯데캐슬 (여울동)",18478,,01,영업/정상,대규모점포,,,031-320-4298
노브랜드 주문진수산시장점,그 밖의 대규모점포,2025-03-18,360718.233934395,489191.326440786,2025-12-15 16:15:28,I,3,폐업처리,2025-03-20 17:31:34,,2020-04-30,261.84,,강원특별자치도 강릉시 주문진읍 주문리 312번지 91호 주문진수산시장,2020420032207500002,4201000,"강원특별자치도 강릉시 주문진읍 시장길 38, 주문진수산시장",25413,,03,폐업,준대규모점포,,,02-380-9461
(주)이마트 진주점,대형마트,,298054.527527208,188573.551987221,2025-12-15 16:15:28,I,1,정상영업,2024-04-24 18:07:33,,2020-04-29,11028,660-020,경상남도 진주시 인사동 3번지,2005531001307500001,5310000,경상남도 진주시 진양호로 477 (인사동),,,01,영업/정상,대규모점포,,,055-749-1052
(주)이마트 통영점,쇼핑센터,,329522.977138462,155160.704055243,2026-05-04 22:00:47,I,1,정상영업,2020-04-26 19:00:31,,2020-04-23,0,,경상남도 통영시 광도면 죽림리 1566번지 2호 이마트통영점,2020533022707500002,5330000,"경상남도 통영시 광도면 죽림4로 9, 이마트통영점",53013,,01,영업/정상,대규모점포,,,055-640-1234
노브랜드 주문진수산시장점,그 밖의 대규모점포,,360718.233934395,489191.326440786,2025-12-15 16:15:28,I,5,영업개시전,2020-04-10 08:50:21,,2020-04-08,261.84,,강원특별자치도 강릉시 주문진읍 주문리 312번지 91호 주문진수산시장,2020420032207500001,4201000,"강원특별자치도 강릉시 주문진읍 시장길 38, 주문진수산시장 1층",25413,,01,영업/정상,준대규모점포,,,02-380-9461
이마트에브리데이양산덕계점,그 밖의 대규모점포,2021-11-02,396411.454229991,210319.731857467,2025-12-15 16:15:28,I,3,폐업처리,2021-11-02 09:42:32,,2020-03-12,320,,경상남도 양산시 덕계동 1589 양산두산위브,2021538027707500001,5380000,"경상남도 양산시 신덕계3길 36, 302동 107호 (덕계동, 양산두산위브)",50538,,03,폐업,준대규모점포,,,055-387-1300
롯데슈퍼 춘천점,구분없음,,264048.38885859,484444.290618198,2026-05-10 21:30:41,U,1,정상영업,2026-02-23 17:19:08,,2020-03-05,3493.65,,강원특별자치도 춘천시 퇴계동 381번지 1호 롯데슈퍼,2020418034907500001,4181000,"강원특별자치도 춘천시 영서로 2195, 롯데슈퍼 (퇴계동)",24445,,01,영업/정상,준대규모점포,,,033-252-3000
롯데슈퍼 춘천점,구분없음,,264048.38885859,484444.290618198,2026-05-10 21:30:34,I,1,정상영업,2023-04-28 11:18:24,,2020-03-05,3493.65,200-943,강원특별자치도 춘천시 퇴계동 381번지 1호,1996418001607500003,4181000,강원특별자치도 춘천시 영서로 2195 (퇴계동),,,01,영업/정상,준대규모점포,,,033-243-5588
(주)지에스리테일 창원유니시티점,그 밖의 대규모점포,,347988.104340174,196439.124667683,2026-04-30 22:00:15,I,1,정상영업,2025-04-29 13:15:37,,2020-03-02,208.25,,경상남도 창원시 의창구 중동 785번지 창원중동유니시티2단지,2020567056607500001,5670000,"경상남도 창원시 의창구 중동로 33, 105~109호 (중동, 창원중동유니시티2단지)",51382,,01,영업/정상,준대규모점포,,,051-510-4646
롯데쇼핑(주) 롯데마트 연수점,대형마트,,171173.885129435,434824.628551534,2026-05-11 23:16:52,I,1,정상영업,2024-03-12 16:55:31,,2020-02-26,0,,인천광역시 연수구 청학동 502번지 4호 롯데마트 연수점,2020352017507500001,3520000,"인천광역시 연수구 청능대로 87, 롯데마트 연수점 (청학동)",21926,,01,영업/정상,대규모점포,,,032-810-2525
현대프리미엄아울렛 SPACE1,쇼핑센터,,213414.26557821,457095.530042213,2025-12-15 16:15:28,I,1,정상영업,2024-05-24 18:07:20,,2020-02-21,53672.64,,경기도 남양주시 다산동 6141번지 다산진건 자족시설용지 1BL 판매시설,2020399042107500001,3990000,"경기도 남양주시 다산순환로 50, 다산진건 자족시설용지 1BL 판매시설 (다산동)",12248,,01,영업/정상,대규모점포,,,02-3416-5861
노브랜드 문경시장점,복합쇼핑몰,,307050.214759192,344344.79290796,2026-01-07 17:29:46,U,1,정상영업,2025-11-26 17:41:28,,2020-02-20,473.48,,경상북도 문경시 점촌동 195번지 9호,2020512022107500001,5120000,경상북도 문경시 중앙시장길 25 (점촌동),36954,,01,영업/정상,준대규모점포,,,054-555-6103
홈마트,대형마트,,274265.635641832,389179.707204565,2025-12-15 16:15:28,I,1,정상영업,2022-12-01 11:36:40,,2020-02-14,6668,,충청북도 충주시 대소원면 완오리 1198 홈마트,2020439021407500001,4390000,"충청북도 충주시 대소원면 기업도시로 26, 홈마트",27465,,01,영업/정상,대규모점포,,,
롯데쇼핑(주)롯데마트통영점,복합쇼핑몰,,330528.677424652,152263.189898881,2026-05-12 21:48:15,U,1,정상영업,2026-05-11 13:07:05,,2020-02-11,8638.05,,경상남도 통영시 무전동 1069호,2003533001507500001,5330000,경상남도 통영시 무전대로 65 (무전동),,,01,영업/정상,대규모점포,,,
엠브릿지,그 밖의 대규모점포,,223042.626330734,333554.40787071,2026-03-26 22:01:15,I,5,영업개시전,2020-02-14 16:04:15,,2020-02-04,13324.75,,세종특별자치시 어진동 510번지 엠브릿지,2020569029207500001,5690000,"세종특별자치시 도움3로 19, 외 1필지 엠브릿지 (어진동)",30116,,01,영업/정상,대규모점포,,,044-860-8500
홈플러스 익스프레스 삼전역점,구분없음,,207875.596264658,444672.586038194,2026-08-27 22:18:10,U,1,정상영업,2026-08-26 17:56:42,,2020-01-29,199.1,,서울특별시 송파구 삼전동 9번지 제이 플레이스,2020323026107500001,3230000,"서울특별시 송파구 백제고분로 207 (삼전동, 제이 플레이스)",05605,2020-02-06,01,영업/정상,준대규모점포,,,
프리미엄아울렛 골든하이,복합쇼핑몰,,230807.123581372,317037.976305078,2025-12-15 16:15:28,I,1,정상영업,2022-11-16 11:34:22,,2020-01-28,50715.2,,대전광역시 유성구 봉명동 549-11 골든하이아울렛,2020367014507500002,3670000,"대전광역시 유성구 계룡로 119, 골든하이아울렛 (봉명동)",34187,,01,영업/정상,대규모점포,,,042-332-0000
현대프리미엄아울렛 대전점,쇼핑센터,,235682.718231801,324850.017801251,2025-12-15 16:15:28,I,1,정상영업,2023-12-27 16:25:17,,2020-01-22,44125.23,,대전광역시 유성구 용산동 579번지 현대프리미엄아울렛 대전점,2020367014507500003,3670000,"대전광역시 유성구 테크노중앙로 123, 현대프리미엄아울렛 대전점 (용산동)",34030,,01,영업/정상,대규모점포,,,042-332-2233
현대프리미엄아울렛 대전점,쇼핑센터,,235682.718231801,324850.017801251,2025-12-15 16:15:28,I,1,정상영업,2024-03-18 09:51:53,,2020-01-22,44125.23,,대전광역시 유성구 용산동 579번지,2020367014507500001,3670000,,,,01,영업/정상,대규모점포,,,02-3416-5853
(주)이마트에브리데이 당진읍내점,구분없음,2021-10-22,167483.00543761,377316.648389576,2026-05-08 22:46:57,I,3,폐업처리,2021-10-22 09:45:06,,2020-01-10,978.42,,충청남도 당진시 읍내동 25번지 9호 가원웨딩장,2020568031607500001,5680000,"충청남도 당진시 당진중앙2로 226-12, 가원웨딩장 (읍내동)",31776,,03,폐업,준대규모점포,,,
모다아울렛,쇼핑센터,,199319.139170008,257448.484296989,2026-05-03 22:50:54,I,1,정상영업,2024-05-27 18:36:36,,2020-01-10,21138.68,,전북특별자치도 김제시 용지면 부교리 57번지 22호,2020471020907500001,4711000,전북특별자치도 김제시 용지면 콩쥐팥쥐로 855,54334,,01,영업/정상,대규모점포,,,031-8060-0700
노브랜드 경주 용강점,그 밖의 대규모점포,,401338.911847126,266833.56343189,2025-12-15 16:15:28,I,1,정상영업,2021-07-26 15:59:00,,2020-01-02,0,,경상북도 경주시 용강동 425-1,2021505035207500009,5050000,경상북도 경주시 산업로 4506(용강동),38090,,01,영업/정상,준대규모점포,,,054-773-2012
THE HYUNDAI SEOUL,백화점,,193592.000380036,447092.629432527,2026-05-11 22:40:07,I,1,정상영업,2024-06-25 11:11:10,,2020-01-02,84573.34,,서울특별시 영등포구 여의도동 22번지,2020318023907500001,3180000,서울특별시 영등포구 여의대로 108 (여의도동),07335,,01,영업/정상,대규모점포,,,02-3277-0021
롯데쇼핑(주) 프리미엄아울렛 의왕점,복합쇼핑몰,,200775.6096513,430435.021970577,2026-04-28 03:03:03,U,1,정상영업,2026-04-27 11:29:45,,2019-12-04,49011.79,,경기도 의왕시 학의동 1039 롯데프리미엄아울렛 타임빌라스,2019403018707500001,4030000,경기도 의왕시 바라산로 1 (학의동),16016,,01,영업/정상,대규모점포,,,031-8064-2732
리빙파워센터,전문점,,210124.077461246,413542.129882444,2026-04-01 22:14:13,I,1,정상영업,2020-11-25 16:20:59,,2019-11-29,47573,,경기도 용인시 기흥구 고매동 271번지,2019405048407500002,4050000,경기도 용인시 기흥구 신고매로 59 (고매동),17086,,01,영업/정상,대규모점포,,,02-6263-7500
수원축산농협 하나로마트,그 밖의 대규모점포,2022-07-13,202671.615398181,415224.539995859,2026-03-11 01:45:42,I,3,폐업처리,2022-07-18 10:04:25,,2019-11-26,6332.04,,경기도 수원시 권선구 곡반정동 555번지,2019374039007500004,3740000,경기도 수원시 권선구 곡반정로 121 (곡반정동)[*미고시],16670,,03,폐업,대규모점포,,,031-267-3871
수원축산농협 하나로마트,그 밖의 대규모점포,2022-07-13,202671.615398181,415224.539995859,2026-03-11 01:45:42,I,3,폐업처리,2022-07-18 10:02:29,,2019-11-26,6332.04,,경기도 수원시 권선구 곡반정동 555번지,2019374039007500003,3740000,경기도 수원시 권선구 곡반정로 121 (곡반정동)[*미고시],16670,,03,폐업,대규모점포,,,031-267-3871
노브랜드문경모전점,그 밖의 대규모점포,,306400.55237364,343402.200302868,2026-01-07 17:29:46,I,1,정상영업,2024-12-11 08:46:46,,2019-11-15,297,,경상북도 문경시 모전동 862번지,2019512022107500001,5120000,경상북도 문경시 당교로 242 (모전동),36986,,01,영업/정상,준대규모점포,,,054-553-8899
중흥S클래스,그 밖의 대규모점포,,205026.079641798,420062.878231009,2026-03-11 01:45:42,I,1,정상영업,2019-11-14 13:40:38,,2019-11-14,38325,,경기도 수원시 영통구 원천동 589번지 광교중흥에스클래스,2019374039007500002,3740000,"경기도 수원시 영통구 광교호수공원로 277 (원천동, 광교중흥에스클래스)",16517,,01,영업/정상,대규모점포,,,062-510-2310
레이크꼬모,그 밖의 대규모점포,,209253.387443815,407725.114639407,2026-02-01 10:52:12,I,1,정상영업,2023-12-14 10:36:18,,2019-11-11,24653.29,,경기도 화성시 동탄구 송동 694 동탄린스트라우스더레이크,2019553038907500001,5530000,"경기도 화성시 동탄구 동탄대로 181 (송동, 동탄린스트라우스더레이크)",18497,,01,영업/정상,대규모점포,,,1588-9707
일등마트,그 밖의 대규모점포,,373601.142514243,195717.233837676,2025-12-15 16:15:28,I,1,정상영업,2023-12-20 16:26:12,,2019-10-31,5713.83,,경상남도 김해시 삼방동 175번지 홈플러스,2019535030107500001,5350000,경상남도 김해시 활천로267번길 31 (삼방동),50818,,01,영업/정상,대규모점포,,,055-323-0085
이마트에브리데이 성내점,구분없음,2023-04-14,210694.989265395,447815.986328694,2026-05-06 22:47:38,I,3,폐업처리,2023-04-28 17:58:50,,2019-10-30,530.68,,서울특별시 강동구 성내동 595번지 코오롱 2차아파트,2019324023607500002,3240000,"서울특별시 강동구 올림픽로 572, 상가동 1층 101,102호 (성내동, 코오롱 2차아파트)",05391,,03,폐업,준대규모점포,,,02-380-5554
노브랜드 진해자은점,그 밖의 대규모점포,,355989.583845141,185340.131413016,2026-04-30 22:00:15,I,1,정상영업,2021-05-10 15:09:27,,2019-10-19,322.42,,경상남도 창원시 진해구 자은동 143-1,2021567057407500001,5670000,"경상남도 창원시 진해구 장복대로 171, 1층 (자은동)",51593,,01,영업/정상,준대규모점포,,,055-546-7773
청계상가,그 밖의 대규모점포,,199521.200809167,451751.424132583,2026-03-26 22:48:23,I,1,정상영업,2019-10-17 16:09:13,,2019-10-17,3778.41,,서울특별시 중구 산림동 207번지 1호 세운청계상가,2019301016607500001,3010000,"서울특별시 중구 청계천로 160, 세운청계상가 (산림동)",04545,,01,영업/정상,대규모점포,,,02-2264-8511
노브랜드 대전중구산성시장점,구분없음,,234725.127157672,311777.54578969,2026-05-03 22:38:33,I,1,정상영업,2024-04-23 11:31:50,,2019-10-15,273.31,,대전광역시 중구 산성동 284번지 2호,2019365011507500001,3650000,대전광역시 중구 보문산로63번길 23 (산성동),35012,,01,영업/정상,준대규모점포,,,042-587-9007
노브랜드인천장승백이시장점,구분없음,,176533.985015893,438341.641936655,2026-03-26 22:49:56,I,5,영업개시전,2019-10-10 17:39:12,,2019-10-10,510,,인천광역시 남동구 만수동 1082번지 창대장터상가,2019353017907500002,3530000,"인천광역시 남동구 인주대로888번길 27, 창대장터상가 1동 b01~b06호 (만수동)",21591,,01,영업/정상,준대규모점포,,,02-380-9461
노브랜드 인천장승백이시장점,구분없음,,176533.985015893,438341.641936655,2026-03-26 22:49:56,I,1,정상영업,2019-10-10 09:30:43,,2019-10-10,510,,인천광역시 남동구 만수동 1082번지 창대장터상가,2019353017907500001,3530000,"인천광역시 남동구 인주대로888번길 27, 창대장터상가 1동 B1층 B01~B06호 (만수동)",21591,,01,영업/정상,준대규모점포,,,
원더아리아,쇼핑센터,2026-02-19,243762.803672115,350640.306254882,2026-05-06 22:48:33,U,3,폐업처리,2026-02-20 08:48:33,,2019-09-26,15841,,충청북도 청주시 청원구 내덕동 201번지 1호,2019571018307500002,5710000,충청북도 청주시 청원구 상당로 314 (내덕동),28501,,03,폐업,대규모점포,,,043-241-0601
태왕스파크,그 밖의 대규모점포,,344317.219568243,264349.485185736,2026-05-08 22:34:09,I,1,정상영업,2020-07-09 10:07:21,,2019-09-25,13179.89,,대구광역시 중구 공평동 58번지 6호,2019341013007500001,3410000,대구광역시 중구 동성로6길 61 (공평동),41938,,01,영업/정상,대규모점포,,,053-766-1860
낙원상가,그 밖의 대규모점포,,198838.912965902,452214.210961577,2026-05-06 22:48:29,I,1,정상영업,2019-09-25 15:05:06,,2019-09-17,25198.02,,서울특별시 종로구 낙원동 288번지 낙원상가,2019300020207500002,3000000,"서울특별시 종로구 삼일대로 428, 낙원상가 (낙원동)",03140,,01,영업/정상,대규모점포,,,02-743-6133
낙원상가,그 밖의 대규모점포,,198838.912965902,452214.210961577,2026-05-06 22:48:29,I,1,정상영업,2019-09-25 15:06:02,,2019-09-17,25198.02,,서울특별시 종로구 낙원동 288번지 낙원상가,2019300020207500001,3000000,"서울특별시 종로구 삼일대로 428, 낙원상가 506호 (낙원동)",03140,,01,영업/정상,대규모점포,,,02-430-4200
노브랜드 현동점 주식회사,그 밖의 대규모점포,,341401.546770057,184716.666833596,2026-04-30 22:00:15,I,1,정상영업,2021-05-03 15:22:42,,2019-08-20,381,,경상남도 창원시 마산합포구 우산동 99,2020567057007500001,5670000,"경상남도 창원시 마산합포구 현동4길 10, 코끼리주차빌딩 105호 (우산동)",51778,2019-08-20,01,영업/정상,준대규모점포,,,
하나로마트 강원지역본부점,구분없음,,263591.901797558,486256.984750418,2026-05-10 21:30:40,I,5,영업개시전,2023-01-17 17:51:48,,2019-08-20,212,,강원특별자치도 춘천시 중앙로3가 61번지 농협중앙회강원지역본부,2019418034907500002,4181000,"강원특별자치도 춘천시 중앙로 105, 농협중앙회강원지역본부 (중앙로3가)",24358,,01,영업/정상,준대규모점포,,,033-258-8114
하나로마트 강원지역본부점,구분없음,2023-01-03,263591.901797558,486256.984750418,2026-05-10 21:30:40,I,3,폐업처리,2023-01-17 17:50:22,,2019-08-20,282,,강원특별자치도 춘천시 중앙로3가 61번지 농협중앙회강원지역본부,2019418034907500001,4181000,"강원특별자치도 춘천시 중앙로 105, 농협중앙회강원지역본부 (중앙로3가)",24358,,03,폐업,준대규모점포,,,033-258-8121
(주)엔터식스패션쇼핑몰 안양점,백화점,,,,2025-12-15 16:15:28,I,1,정상영업,2021-12-10 10:41:41,,2019-08-14,23631.23,,경기도 안양시 만안구 안양동 88번지 1호,2019383026707500001,3830000,경기도 안양시 만안구 만안로 232 (안양동),13992,,01,영업/정상,대규모점포,,,031-5177-6000
이케아 기흥점,전문점,,210247.571320786,413380.673935188,2026-04-01 22:14:12,I,1,정상영업,2024-02-13 15:21:50,,2019-08-12,24775.89,,경기도 용인시 기흥구 고매동 산 41-7 IKEA Korea 기흥점,2019405048407500001,4050000,"경기도 용인시 기흥구 신고매로 62, IKEA Korea 기흥점 (고매동)",17086,,01,영업/정상,대규모점포,,,02-310-8700
시흥배곧 아브뉴프랑 센트럴,그 밖의 대규모점포,,175664.38434522,429710.991159924,2026-05-11 22:05:13,I,1,정상영업,2021-12-30 09:11:48,,2019-08-06,47820.69,,경기도 시흥시 정왕동 1771번지 31호,2019401031707500001,4010000,"경기도 시흥시 서울대학로264번길 7, 시흥배곧 아브뉴프랑 센트럴 (정왕동)",15011,,01,영업/정상,대규모점포,,,02-6177-0315
모다아울렛,전문점,,279950.011010575,384819.062612119,2025-12-15 16:15:28,I,1,정상영업,2024-05-03 15:05:44,,2019-07-31,13570.08,,충청북도 충주시 달천동 786번지 5호,2019439021407500001,4390000,충청북도 충주시 중원대로 3683 (달천동),27476,,01,영업/정상,대규모점포,,,043-724-0002
애비뉴모나코,그 밖의 대규모점포,,208627.776413231,471251.468626339,2026-05-11 22:02:32,I,1,정상영업,2025-05-08 14:36:44,,2019-07-29,8625.06,,경기도 의정부시 민락동 803 민락2지구 제일풍경채 센텀-애비뉴모나코,2019382027107500001,3820000,"경기도 의정부시 오목로 196, 민락2지구 제일풍경채 센텀-애비뉴모나코 (민락동)",11813,,01,영업/정상,대규모점포,,,
GS THE FRESH 신촌숲아이파크점,구분없음,,194134.552742402,449869.274982304,2025-12-15 16:15:28,I,1,정상영업,2025-04-29 19:36:53,,2019-07-24,323.62,,서울특별시 마포구 신수동 93번지 102호 신촌숲아이파크,2019313020107500001,3130000,"서울특별시 마포구 광성로 17, 상가동 127호 (신수동, 신촌숲아이파크)",04094,,01,영업/정상,준대규모점포,,,02-2006-2678
롯데슈퍼 태백점,구분없음,,376460.158282674,407946.301990225,2025-12-15 16:15:28,I,1,정상영업,2025-03-07 11:22:43,,2019-07-12,1320,,강원특별자치도 태백시 황지동 200-26,2019422105407500001,4221000,"강원특별자치도 태백시 번영로 144, 1층 (황지동)",26038,,01,영업/정상,준대규모점포,,,033-554-9495
노브랜드 동해남부재래시장점,구분없음,,386177.814049483,444870.370953969,2025-12-15 16:15:28,I,5,영업개시전,2019-07-11 12:09:37,,2019-07-11,258,,"강원특별자치도 동해시 동회동 442번지 대동,현대아파트",2019421021507500001,4211000,"강원특별자치도 동해시 청운1길 29 (동회동, 대동,현대아파트)",25807,,01,영업/정상,준대규모점포,,,033-522-0630
노브랜드 삼척중앙시장점,대형마트,,391554.434447351,439972.918024365,2025-12-15 16:15:28,I,1,정상영업,2024-04-29 10:34:09,,2019-07-05,312.61,,강원특별자치도 삼척시 남양동 55번지 4호 중앙시장,2019424019207500001,4241000,"강원특별자치도 삼척시 진주로 12-21, 중앙시장 (남양동)",25920,,01,영업/정상,준대규모점포,,,02-380-9843
한화갤러리아(주) 광교점,백화점,,205023.582888351,420361.248170516,2026-03-11 01:45:42,I,1,정상영업,2023-12-11 15:38:40,,2019-06-21,66350,,경기도 수원시 영통구 하동 1017-2 갤러리아 광교,2019374039007500001,3740000,"경기도 수원시 영통구 광교중앙로 124, 갤러리아 광교 (하동)",16514,,01,영업/정상,대규모점포,,,02-410-7138
길음시장,그 밖의 대규모점포,,,,2025-12-15 16:15:28,I,1,정상영업,2019-06-13 08:58:32,,2019-06-13,5022.21,,"서울특별시 성북구 길음동 535-8,535-26,540-2,540-7",2019307021607500003,3070000,,,,01,영업/정상,대규모점포,,,02-912-9110
힐스몰,그 밖의 대규모점포,,190815.458049782,461119.342314115,2025-12-15 16:15:28,I,1,정상영업,2022-04-26 10:56:02,,2019-06-04,7989.5,,경기도 고양시 덕양구 삼송동 291번지,2019394038807500003,3940000,경기도 고양시 덕양구 동송로 70 (삼송동),10591,,01,영업/정상,대규모점포,,,02-381-8036
지에스 더프레시(GS THE FRESH) 고덕그라시움점,구분없음,,214299.644266879,450637.954760292,2026-05-06 22:47:37,I,1,정상영업,2025-06-09 14:54:21,,2019-06-04,719.46,,서울특별시 강동구 고덕동 217번지 고덕그라시움아파트(상가1동),2019324023607500001,3240000,"서울특별시 강동구 고덕로 353, 고덕그라시움아파트(상가1동) 지하1층 108-119,128호 (고덕동)",05224,,01,영업/정상,준대규모점포,,,02-2006-2422
길음시장,그 밖의 대규모점포,,,,2025-12-15 16:15:28,I,1,정상영업,2019-05-29 17:30:00,,2019-05-29,4612.41,,"서울특별시 성북구 길음동 535번지8호, 535번지26호, 540번지2호",2019307021607500002,3070000,,,,01,영업/정상,대규모점포,,,02-912-9110
동소문스카이상가,그 밖의 대규모점포,,200841.726990037,454721.505180141,2025-12-15 16:15:28,I,1,정상영업,2019-05-24 17:01:59,,2019-05-24,0,,서울특별시 성북구 돈암동 609번지 1호 스카이프라자상가,2019307021607500001,3070000,"서울특별시 성북구 성북로4길 52 (돈암동, 한신한진아파트)",02831,,01,영업/정상,대규모점포,,,02-926-6405
스타필드시티 부천점,복합쇼핑몰,,183469.36769705,439944.223220165,2025-12-15 16:15:28,I,1,정상영업,2024-04-30 16:42:25,,2019-05-02,47606.26,,경기도 부천시 소사구 옥길동 768번지,2019386053307500001,3860000,,,,01,영업/정상,대규모점포,,,02-380-9843
노브랜드 제천중앙시장점,그 밖의 대규모점포,,307561.514227929,404557.864514466,2025-12-15 16:15:28,I,1,정상영업,2024-04-28 11:38:27,,2019-04-29,312.5,,충청북도 제천시 중앙로1가 77번지 중앙시장상가 제1층 제나동일부,2019440027107500001,4400000,"충청북도 제천시 풍양로 108, 중앙시장상가 (중앙로1가)",27173,,01,영업/정상,준대규모점포,,,043-653-9566
이케아 동부산점,전문점,,401263.933189653,190196.173106958,2026-05-03 22:38:29,I,1,정상영업,2024-02-13 15:50:12,,2019-04-25,22654.44,,부산광역시 기장군 기장읍 당사리 52번지 2호 이케아 동부산점,2019340010907500001,3400000,"부산광역시 기장군 기장읍 동부산관광3로 17, 이케아 동부산점",46084,,01,영업/정상,대규모점포,,,02-310-8700
(주)이마트에브리데이 홍성남장점,구분없음,2023-09-08,170359.351112623,343480.18449677,2026-05-06 22:48:26,I,3,폐업처리,2023-08-31 10:48:41,,2019-04-22,969.04,,충청남도 홍성군 홍성읍 남장리 74번지 1호,2019460017307500001,4600000,충청남도 홍성군 홍성읍 홍장북로 414-19,32234,,03,폐업,준대규모점포,,,02-380-5012
(주)이마트에브리데이 세종신동아점,그 밖의 대규모점포,2026-02-13,225200.242050323,330681.871250214,2026-03-26 22:01:15,U,3,폐업처리,2026-02-13 16:21:46,,2019-04-17,457.32,,세종특별자치시 보람동 730 호려울마을3단지 근린생활시설,2019569020007500001,5690000,"세종특별자치시 한누리대로 2200, 호려울마을3단지 근린생활시설 1층 101-112호 (보람동)",30151,,03,폐업,준대규모점포,,,
롯데캐슬 골드파크 4차 마르쉐도르 960,그 밖의 대규모점포,,190799.832998673,439885.941303087,2026-05-07 22:30:13,I,1,정상영업,2021-12-22 17:07:46,,2019-04-10,4288,,서울특별시 금천구 독산동 1156번지 금천롯데캐슬골드파크4차,2019317019007500001,3170000,"서울특별시 금천구 시흥대로 315, 금천롯데캐슬골드파크4차 (독산동)",08608,,01,영업/정상,대규모점포,,,02-809-9957
금강아미움쇼핑센터,그 밖의 대규모점포,,203296.164641727,462113.860476609,2025-12-15 16:15:28,I,1,정상영업,2020-02-11 12:47:59,,2019-03-28,3338.57,,서울특별시 도봉구 쌍문동 711번지 금강아미움파크타운,2019309015207500001,3090000,"서울특별시 도봉구 방학로5길 33, 금강아미움파크타운 (쌍문동, 금강아미움파크타운)",01391,,01,영업/정상,대규모점포,,,60527704
롯데슈퍼 마산호계점,그 밖의 대규모점포,2022-09-27,338451.660651047,196737.468215993,2026-04-30 22:00:15,I,3,폐업처리,2022-09-14 09:41:18,,2019-03-18,846.2,,경상남도 창원시 마산회원구 내서읍 호계리 407번지,2019567057207500001,5670000,경상남도 창원시 마산회원구 내서읍 호계본동로 5,51215,,03,폐업,준대규모점포,2020-06-23,2022-12-31,02-2290-5702
신세계프리미엄아울렛 시흥점,복합쇼핑몰,,176568.020503007,430857.327073249,2026-05-11 22:05:13,I,1,정상영업,2025-05-15 11:11:44,,2019-03-18,46903.89,,,2016401023907500002,4010000,경기도 시흥시 서해안로 699 (정왕동),15010,,01,영업/정상,대규모점포,,,02-2185-1234
라피에스타 양산,그 밖의 대규모점포,,382680.011475879,203015.651868728,2025-12-15 16:15:28,I,1,정상영업,2019-03-18 16:22:48,,2019-03-12,53212.23,,경상남도 양산시 물금읍 가촌리 1292번지 라피에스타,2019538024907500001,5380000,"경상남도 양산시 물금읍 증산역로 177, 라피에스타",50653,,01,영업/정상,대규모점포,,,
김포농협 농수축산물판매장,대형마트,,174592.445872281,458856.710374198,2025-12-15 16:15:28,I,1,정상영업,2019-05-08 17:46:26,,2019-03-05,7183.43,,경기도 김포시 걸포동 1440번지,2019409035407500001,4090000,"경기도 김포시 홍도평로 20, 김포농협 농수축산물판매장 (걸포동)",10096,,01,영업/정상,대규모점포,,,031-984-2811
모다아울렛 경주보문점,전문점,,406640.745856422,262693.090896716,2025-12-15 16:15:28,I,5,영업개시전,2019-02-27 17:40:19,,2019-02-27,14558.83,,경상북도 경주시 신평동 375번지 4호,2019505035207500001,5050000,"경상북도 경주시 보문로 452, 모다아울렛 경주보문점 (신평동)",38117,,01,영업/정상,대규모점포,,,031-8060-0910
노브랜드 통영광도점,구분없음,2024-01-24,329571.03665245,154541.595517391,2026-05-04 22:00:47,I,3,폐업처리,2024-02-08 09:41:35,,2019-02-08,413.22,,경상남도 통영시 광도면 죽림리 1575번지 7호 1층,2020533022707500001,5330000,"경상남도 통영시 광도면 죽림2로 49-27, 알파문구",53019,,03,폐업,준대규모점포,,,055-643-7432
GIFC MALL,그 밖의 대규모점포,,177925.172169511,462673.381313058,2026-08-05 21:18:10,U,1,정상영업,2026-08-04 19:23:47,,2019-01-23,9385.02,,경기도 고양시 일산서구 대화동 2603번지,2019394038807500002,3940000,경기도 고양시 일산서구 킨텍스로 240 (대화동),10391,,01,영업/정상,대규모점포,,,
라 몬테 이탈리아노,그 밖의 대규모점포,,178307.044705103,461974.801224849,2026-08-05 21:18:10,U,1,정상영업,2026-08-04 19:24:24,,2019-01-22,6030.85,,경기도 고양시 일산동구 장항동 1800번지 라몬테이탈리아노,2019394038807500001,3940000,"경기도 고양시 일산동구 연리지로 51, 라몬테이탈리아노 (장항동)",10393,,01,영업/정상,대규모점포,,,031-947-9603
(주)이마트에브리데이 용방점,복합쇼핑몰,,240750.46513665,314288.284698506,2026-05-03 22:32:21,I,1,정상영업,2024-07-23 10:51:43,,2019-01-17,818.3,,대전광역시 동구 용운동 432번지 덕림코아빌딩,2019364011407500001,3640000,"대전광역시 동구 계족로140번길 183, 덕림코아빌딩 (용운동)",34526,,01,영업/정상,준대규모점포,,,02-380-5789
IFC부산 오슬로파크,쇼핑센터,,388150.394268792,185188.729710212,2026-05-06 22:35:19,I,1,정상영업,2024-12-26 16:41:49,,2019-01-17,24081.39,,부산광역시 남구 문현동 1227번지 2호,2019331010007500001,3310000,부산광역시 남구 전포대로 133 (문현동),48400,,01,영업/정상,대규모점포,,,051-647-9620
노브랜드 안동구시장점,복합쇼핑몰,2025-12-10,354708.469102592,341870.144885659,2026-03-11 01:24:08,U,3,폐업처리,2025-12-10 16:55:31,,2019-01-15,142.23,,경상북도 안동시 서부동 149번지 40호,2019507017807500001,5070000,경상북도 안동시 번영4길 15 (서부동),36695,,03,폐업,준대규모점포,,,02-380-9461
GS수퍼마켓 청주방서점,구분없음,,244759.908068828,344574.244837769,2026-05-06 22:48:33,I,1,정상영업,2025-04-22 10:51:33,,2019-01-14,379.2,,충청북도 청주시 상당구 방서동 247번지 9호 청주센트럴자이 102~1호,2019571018307500001,5710000,"충청북도 청주시 상당구 단재로 316, 102~105호 (방서동, 청주센트럴자이)",28787,,01,영업/정상,준대규모점포,,,043-287-8374
GS슈퍼마켓 안산고잔점,구분없음,,185324.208806538,424231.908617811,2025-12-15 16:15:28,I,5,영업개시전,2018-12-24 14:42:40,,2018-12-24,129.79,,경기도 안산시 단원구 고잔동 532번지,2018393028707500001,3930000,"경기도 안산시 단원구 고잔로 67, 힐스테이트중앙 A동 101호 (고잔동)",15351,,01,영업/정상,준대규모점포,,,
(주)이마트에브리데이 창원사림점,그 밖의 대규모점포,2026-01-05,352662.39135862,195573.118375138,2026-04-30 22:00:15,U,3,폐업처리,2026-01-05 16:03:51,,2018-12-20,578.51,,경상남도 창원시 의창구 사림동 106번지 6호,2018567056607500002,5670000,경상남도 창원시 의창구 사림로45번길 8 (사림동),51143,,03,폐업,준대규모점포,,,055-714-8291
진장CGV엔터플렉스,복합쇼핑몰,,,,2026-05-06 22:48:28,I,1,정상영업,2019-08-16 11:48:59,,2018-11-22,8504.75,,울산광역시 북구 진장동 120번지 9호 CGV,2018372016107500001,3720000,"울산광역시 북구 진장유통로 51-10, CGV (진장동)",44249,,01,영업/정상,대규모점포,,,052-980-1000
이마트에브리데이 경주용강점,그 밖의 대규모점포,,401171.791387621,266380.758678743,2025-12-15 16:15:28,I,1,정상영업,2021-07-26 15:58:31,,2018-11-12,0,,경상북도 경주시 용강동 1290-2,2021505035207500010,5050000,경상북도 경주시 다불로 9(용강동),38090,,01,영업/정상,준대규모점포,,,054-744-8000
롯데쇼핑(주) 롯데슈퍼 포항장성점,구분없음,,413736.014340543,288021.958974305,2026-05-07 22:37:46,U,1,정상영업,2026-04-24 09:25:34,,2018-11-12,542,,경상북도 포항시 북구 장성동 977번지,2018502031107500002,5020000,"경상북도 포항시 북구 성실로 67-4, 1층 (장성동)",37617,,01,영업/정상,준대규모점포,,,
노브랜드 창원대동점,그 밖의 대규모점포,,353660.889782198,192440.577505521,2026-04-30 22:00:15,I,1,정상영업,2024-04-26 10:48:18,,2018-09-20,439,,경상남도 창원시 성산구 상남동 44번지 1호 대동백화점,2018567056807500001,5670000,"경상남도 창원시 성산구 원이대로 730, 대동백화점 1층 (상남동)",51498,,01,영업/정상,준대규모점포,,,055-212-8795
경동타워 쇼핑,그 밖의 대규모점포,,384479.160908971,179674.849130869,2026-05-07 22:30:26,I,1,정상영업,2025-04-30 15:14:00,,2018-09-11,5025.59,,부산광역시 서구 토성동1가 25번지 1호 경동 리인,2018326009707500001,3260000,"부산광역시 서구 보수대로 27 (토성동1가, 경동 리인)",49247,,01,영업/정상,대규모점포,,,051-241-3006
스타필드 시티 명지점,쇼핑센터,,374851.695086603,178805.753601576,2026-03-26 22:47:52,I,1,정상영업,2024-04-17 17:36:26,,2018-08-30,30550,,부산광역시 강서구 명지동 3438번지 스타필드 시티 명지,2018336014507500001,3360000,"부산광역시 강서구 명지국제6로 168, 스타필드 시티 명지점 (명지동)",46726,,01,영업/정상,대규모점포,,,051-990-0100
(주) GS리테일 GS수퍼 사당태평점,구분없음,2022-01-28,198303.527071078,442742.422887932,2026-05-03 22:37:51,I,3,폐업처리,2022-02-07 08:11:26,,2018-08-27,1395.05,156-092,서울특별시 동작구 사당동 136번지 1호,2018319015807500001,3190000,서울특별시 동작구 동작대로 115 (사당동),,,03,폐업,준대규모점포,,,20062676
(주)이마트 노브랜드 인천산곡점,그 밖의 대규모점포,2020-05-01,173756.634921872,445134.894368273,2026-05-06 22:48:30,I,3,폐업처리,2020-06-29 16:15:46,,2018-08-24,512.21,,인천광역시 부평구 산곡동 99-15 산곡행복의집,2018354016107500001,3540000,"인천광역시 부평구 마장로 338, 산곡행복의집 1층 (산곡동)",21361,,03,폐업,준대규모점포,,,02-380-9349
AK PLAZA 홍대,쇼핑센터,,193285.549735897,450808.571641119,2025-12-15 16:15:28,I,1,정상영업,2023-04-03 14:56:00,,2018-08-14,9747.1,,서울특별시 마포구 동교동 190번지 1호,2018313020107500001,3130000,서울특별시 마포구 양화로 188 (동교동),04051,,01,영업/정상,대규모점포,,,02-2179-5021
홍대복합역사 상업시설,쇼핑센터,,193285.549735897,450808.571641119,2025-12-15 16:15:28,I,5,영업개시전,2018-08-17 09:33:16,,2018-08-13,9747.1,,서울특별시 마포구 동교동 190번지 1호,2018313020107500002,3130000,서울특별시 마포구 와우산로35길 50-4 (동교동),04052,,01,영업/정상,대규모점포,,,02-2179-5021
(주)이마트 서귀포점,대형마트,,154149.891505173,-27413.998305054,2026-05-02 22:48:39,I,1,정상영업,2018-09-27 14:39:50,,2018-08-10,7537.19,,제주특별자치도 서귀포시 법환동 841번지 2호 이마트서귀포점,2018652014107500001,6520000,"제주특별자치도 서귀포시 일주동로 9209, 이마트서귀포점 (법환동)",63572,,01,영업/정상,대규모점포,,,
삐에로쇼핑 강남논현점,구분없음,,201994.292033914,445091.876704064,2025-12-15 16:15:28,I,1,정상영업,2018-12-27 10:53:42,,2018-08-03,677.2,135-825,서울특별시 강남구 논현동 164번지 5호 외 3필지,2018322016207500001,3220000,,,,01,영업/정상,준대규모점포,,,02-380-9461
노브랜드 강서마곡점,구분없음,2026-06-01,184345.724012817,451171.287709396,2026-06-10 03:03:03,U,3,폐업처리,2026-06-09 15:46:04,,2018-07-30,0,,서울특별시 강서구 마곡동 768번지 2호 동익드미라벨복합빌딩,2018315018607500001,3150000,"서울특별시 강서구 마곡서로 101, 동익드미라벨복합빌딩 (마곡동)",07798,,03,폐업,준대규모점포,,,02-2667-0151
KT&G Mall 세종B관 / C관,그 밖의 대규모점포,,222931.318889738,333304.116319079,2026-03-26 22:01:15,I,5,영업개시전,2024-06-10 17:53:55,,2018-07-06,11320.61,,세종특별자치시 어진동 521번지 외 1필지,2018569020007500002,5690000,,,,01,영업/정상,대규모점포,,,
KT&G Mall 세종A관,그 밖의 대규모점포,,223120.094210618,333376.484678264,2026-03-26 22:01:15,I,1,정상영업,2019-02-12 18:04:31,,2018-07-06,13122.66,,세종특별자치시 어진동 539번지,2018569020007500001,5690000,세종특별자치시 한누리대로 411 (어진동),30116,,01,영업/정상,대규모점포,,,02-3404-4941
GS리테일 창원봉림점,그 밖의 대규모점포,2023-12-25,351665.623945297,195846.17716445,2026-04-30 22:00:15,I,3,폐업처리,2024-02-02 14:06:14,,2018-07-02,342.59,,경상남도 창원시 의창구 봉림동 713번지 4호,2018567056607500001,5670000,경상남도 창원시 의창구 대봉로 14 (봉림동),51157,,03,폐업,준대규모점포,,,055-000-0000
청라스퀘어세븐,쇼핑센터,,,,2026-07-01 13:36:35,I,1,정상영업,2018-06-27 16:43:32,,2018-06-22,38642.78,,인천광역시 서해구 경서동 953번지 7호 청라 스퀘어7,2018356013707500001,3561000,"인천광역시 서해구 청라루비로 76, 청라 스퀘어7 (경서동)",22761,,01,영업/정상,대규모점포,,,032-5674-8235
애경자산관리(주)AK기흥,쇼핑센터,,210353.782614485,419192.22676332,2026-04-01 22:14:12,I,1,정상영업,2021-12-08 18:11:43,,2018-06-18,29521,,경기도 용인시 기흥구 구갈동 234-3,2018405042207500003,4050000,"경기도 용인시 기흥구 기흥역로 63(구갈동, 힐스테이트 기흥)",17065,,01,영업/정상,대규모점포,,,031-5186-6508
롯데프리미엄아울렛 기흥점,복합쇼핑몰,,210547.479033545,413684.298426578,2026-04-15 03:03:03,U,1,정상영업,2026-04-14 14:55:15,,2018-06-15,49115,,경기도 용인시 기흥구 고매동 280번지,2018405042207500002,4050000,경기도 용인시 기흥구 신고매로 124 (고매동),17087,,01,영업/정상,대규모점포,,,031-8036-3073
메트하임,그 밖의 대규모점포,2020-03-20,192558.271784626,444233.81892942,2026-05-11 22:40:07,I,3,폐업처리,2020-03-20 09:44:30,,2018-06-14,3520.04,,서울특별시 영등포구 신길동 2363번지 메트하임,2018318016307500001,3180000,"서울특별시 영등포구 신풍로 93, 메트하임 (신길동)",07392,,03,폐업,대규모점포,,,
(주)서원유통 탑마트 연제점,복합쇼핑몰,,389450.735998777,190122.249554921,2026-05-04 22:36:26,I,1,정상영업,2025-05-16 16:47:57,,2018-06-11,987,,부산광역시 연제구 거제동 1470번지 14호,2011337006907500003,3370000,부산광역시 연제구 중앙대로 1174 (거제동),47515,,01,영업/정상,준대규모점포,,,051-330-2555
DISCOUNT STORE 신암점,쇼핑센터,2019-07-26,345290.781625105,265401.054571334,2026-04-30 22:30:10,I,3,폐업처리,2019-07-26 11:59:51,,2018-06-05,384.5,701-817,대구광역시 동구 신암2동 1286번지 4호,2011342011107500005,3420000,대구광역시 동구 신암로16길 7 (신암동),,,03,폐업,준대규모점포,,,053-951-5601
(주)프러스퍼러티,쇼핑센터,,233985.791157191,316847.161670171,2026-05-07 22:30:16,I,1,정상영업,2024-05-16 20:42:52,,2018-05-30,11432.33,,대전광역시 서구 둔산동 1279번지,2018366013407500001,3660000,대전광역시 서구 대덕대로 216 (둔산동),35233,,01,영업/정상,대규모점포,,,042-536-1500
노브랜드 대구월배시장점,대형마트,,337994.319909559,258171.802787206,2025-12-15 16:15:28,I,1,정상영업,2024-04-22 18:22:30,,2018-05-28,459.86,,대구광역시 달서구 진천동 241번지 3호 월배시장,2018347017807500001,3470000,"대구광역시 달서구 월배로24길 13, 월배시장 (진천동)",42801,,01,영업/정상,준대규모점포,,,053-637-9330
현대프리미엄아울렛 김포점 별관,쇼핑센터,,180850.069343035,455088.56165281,2025-12-15 16:15:28,I,1,정상영업,2024-05-08 14:38:59,,2018-05-23,11812.8,,경기도 김포시 고촌읍 전호리 668번지,2018409032207500002,4090000,경기도 김포시 고촌읍 아라육로152번길 97,10135,,01,영업/정상,대규모점포,,,031-8048-2621
원주 무실동 판매시설(CROSS AVENUE WONJU),전문점,,281918.041268589,425757.187016122,2025-12-15 16:15:28,I,1,정상영업,2021-04-30 13:34:28,,2018-05-21,3300.29,,강원특별자치도 원주시 무실동 630번지 3호 외 1,2018419024107500001,4191000,강원특별자치도 원주시 북원로 2054 (무실동),26394,,01,영업/정상,대규모점포,,,02-549-6693
(주)GS리테일 창포메트로점,복합쇼핑몰,,,,2026-05-07 22:37:46,I,1,정상영업,2025-05-08 09:37:35,,2018-05-10,148.5,,경상북도 포항시 북구 창포동 산 32번지 11호,2018502031107500001,5020000,"경상북도 포항시 북구 우창로 166-1, 105호 ~ 108호 (창포동)",37627,,01,영업/정상,준대규모점포,,,051-510-4698
롯데쇼핑(주) 금천 독산점,쇼핑센터,,190838.324818618,439761.362000391,2026-05-12 22:18:10,U,1,정상영업,2026-05-11 17:44:28,,2018-04-30,31618,,서울특별시 금천구 독산동 1155 금천롯데캐슬골드파크3차,2018317019007500001,3170000,"서울특별시 금천구 시흥대로 291(독산동, 금천롯데캐슬골드파크3차)",08608,,01,영업/정상,대규모점포,,,02-2145-8000
롯데슈퍼 유진점(X),구분없음,,194850.361025035,454344.432517428,2026-05-06 22:37:16,I,1,정상영업,2022-08-30 10:27:10,,2018-04-12,0,,서울특별시 서대문구 홍제동 294번지 46호 유진상가,2018312018307500004,3120000,"서울특별시 서대문구 통일로 484, 유진상가 (홍제동)",03628,,01,영업/정상,준대규모점포,,,02-2290-5704
e-편한세상 시티 삼송(World Avenue),그 밖의 대규모점포,,190793.745581355,460809.3267951,2025-12-15 16:15:28,I,1,정상영업,2019-01-29 13:51:14,,2018-04-10,11120.34,,경기도 고양시 덕양구 동산동 369번지,2018394029807500001,3940000,경기도 고양시 덕양구 동송로 33 (동산동),10595,,01,영업/정상,대규모점포,,,031-782-3752
예산홍성패션타운,전문점,,180276.580660657,352254.247397341,2025-12-15 16:15:28,I,1,정상영업,2018-04-06 17:15:26,,2018-04-05,3570.43,,충청남도 예산군 오가면 월곡리 142번지 18호,2018461011607500001,4610000,충청남도 예산군 오가면 충서로 381,32426,,01,영업/정상,대규모점포,,,
이마트 에브리데이 김포구래점,구분없음,2024-06-24,167542.995851124,460979.452892696,2025-12-15 16:15:28,I,3,폐업처리,2024-06-24 13:20:12,,2018-03-28,257.85,,경기도 김포시 구래동 6874번지 23호,2018409032207500001,4090000,"경기도 김포시 김포한강4로420번길 88, 슈퍼스타타워(101호 외 4개실) (구래동)",10063,,03,폐업,준대규모점포,,,
탑스퀘어,그 밖의 대규모점포,,398024.244821605,204621.655738547,2026-05-03 22:38:29,U,1,정상영업,2026-03-30 10:32:11,,2018-03-26,35299.92,,부산광역시 기장군 정관읍 매학리 717번지 6호,2018340010907500001,3400000,부산광역시 기장군 정관읍 정관중앙로 45,46015,,01,영업/정상,대규모점포,,,051-710-0056
롯데쇼핑(주)롯데마트 경기양평점,그 밖의 대규모점포,,244381.267486222,443145.649076961,2026-06-24 03:03:03,U,1,정상영업,2026-06-23 16:22:05,,2018-03-07,6085.75,,경기도 양평군 양평읍 공흥리 468-33 롯데마트,2018417013407500001,4170000,"경기도 양평군 양평읍 남북로 76, 롯데마트",12560,,01,영업/정상,대규모점포,,,02-2145-8000
엘리웨이 광교,그 밖의 대규모점포,,204437.000117278,419359.853305028,2026-03-11 01:45:42,I,1,정상영업,2019-11-18 16:33:56,,2018-03-07,14809.24,,경기도 수원시 영통구 원천동 582번지 9호,2018374033507500002,3740000,경기도 수원시 영통구 광교중앙로25번길 74 (원천동),16500,,01,영업/정상,대규모점포,,,02-539-1781
노브랜드 엔터식스한양대점,구분없음,2024-09-30,203481.628249668,450468.773302861,2026-05-07 22:31:41,I,3,폐업처리,2024-11-06 09:48:52,,2018-02-28,0,,서울특별시 성동구 행당동 155번지 1호 서울숲 더샵,2018303010307500001,3030000,"서울특별시 성동구 왕십리로 241 (행당동, 서울숲 더샵)",04765,,03,폐업,준대규모점포,,,02-380-9842
광교 엘포트 몰,그 밖의 대규모점포,,205049.975071918,420565.686783422,2026-03-11 01:45:42,I,1,정상영업,2018-05-10 17:07:14,,2018-02-26,13933.92,,경기도 수원시 영통구 이의동 1336번지 1호,2018374033507500001,3740000,경기도 수원시 영통구 광교중앙로 145 (이의동),16508,,01,영업/정상,대규모점포,,,02-2189-6000
수원프리미엄아울렛,전문점,,206698.825871309,418302.265469101,2026-04-01 22:14:10,I,1,정상영업,2025-03-27 09:27:22,,2018-02-22,10202.07,,경기도 용인시 기흥구 영덕동 517번지 1호 영통프리미엄아울렛,2018405042207500001,4050000,"경기도 용인시 기흥구 중부대로 64, 영통프리미엄아울렛 (영덕동)",16956,,01,영업/정상,대규모점포,,,031-204-2006
노브랜드 경동시장점,구분없음,,203403.019535366,452985.725419514,2025-12-15 16:15:28,I,1,정상영업,2024-04-30 16:41:21,,2018-01-25,441.1,,서울특별시 동대문구 제기동 1019번지 신관 2층,2018305014007500001,3050000,"서울특별시 동대문구 고산자로36길 3, 2층 (제기동)",02571,,01,영업/정상,준대규모점포,,,02-380-9461
롯데쇼핑(주) 롯데마트 김포한강점,대형마트,,171471.604963288,459839.83969575,2026-06-10 03:03:03,U,1,정상영업,2026-06-09 13:29:11,,2017-12-21,11900.82,,,2017409032207500001,4090000,경기도 김포시 김포한강2로 41-0 (장기동),,,01,영업/정상,대규모점포,,,031-8049-2500
라스플로레스,복합쇼핑몰,,208624.936086903,411151.948385108,2026-02-01 10:52:12,I,1,정상영업,2023-11-21 16:07:50,,2017-12-13,34780,,경기도 화성시 동탄구 오산동 1019,2017553037107500001,5530000,경기도 화성시 동탄구 동탄대로 537 (오산동),18478,,01,영업/정상,대규모점포,,,031-378-5331
캐슬아리스타궁,그 밖의 대규모점포,,371586.650743855,194970.613063528,2025-12-15 16:15:28,I,5,영업개시전,2017-12-14 09:30:03,,2017-12-13,3372,,경상남도 김해시 동상동 1117번지,2017535029207500001,5350000,,,,01,영업/정상,대규모점포,,,051-205-0491
롯데캐슬 골드파크 2차 마르쉐도르,그 밖의 대규모점포,,190567.418315661,439569.401459017,2026-05-07 22:30:13,I,1,정상영업,2021-12-22 17:11:19,,2017-12-05,11464,,서울특별시 금천구 독산동 1150번지 금천롯데캐슬골드파크2차,2017317017407500001,3170000,"서울특별시 금천구 벚꽃로 30 (독산동, 금천롯데캐슬골드파크2차)",08608,,01,영업/정상,대규모점포,,,02-802-8835
(주)GS리테일 부산장전점,구분없음,,389544.633123958,193974.835419157,2025-12-15 16:15:28,I,1,정상영업,2025-04-30 17:44:43,,2017-12-01,227,,부산광역시 금정구 장전동 538번지 1호 한신시티빌,2017335010007500001,3350000,부산광역시 금정구 금강로 209 (장전동),46294,,01,영업/정상,준대규모점포,,,051-510-4698
주식회사 락앤락,그 밖의 대규모점포,,212484.621566391,393724.819512457,2026-05-10 22:09:12,I,5,영업개시전,2017-11-13 18:03:00,,2017-11-13,7987.27,,경기도 안성시 원곡면 지문리 33번지 1호,2017408020807500002,4080000,경기도 안성시 원곡면 만세로 1260,17553,,01,영업/정상,대규모점포,,,02-520-9557
지에스수퍼마켓 중구만리점,구분없음,,196697.116895888,450217.095147509,2026-03-26 22:48:23,I,1,정상영업,2025-04-14 18:53:36,,2017-10-31,276.24,,,2017301013007500002,3010000,"서울특별시 중구 만리재로 175, 401동 9,10,11호 (만리동2가)",04500,,01,영업/정상,준대규모점포,,,02-2006-3215
메가아울렛,쇼핑센터,,,,2026-07-01 10:52:05,I,1,정상영업,2019-11-04 17:05:32,,2017-10-30,6602,,,2017361015607500001,5815000,"전남광주통합특별시 남구 봉선로 1 (주월동, 남구청)",61687,,01,영업/정상,대규모점포,,,062-650-7400
마켓999프랜차이즈,그 밖의 대규모점포,2019-11-13,173683.74443341,439222.847274805,2026-03-26 22:49:56,I,3,폐업처리,2019-11-14 16:02:59,,2017-10-30,0,,인천광역시 남동구 구월동 1136번지 가온누리,2019353017907500003,3530000,"인천광역시 남동구 정각로 14, 가온누리 (구월동)",21557,,03,폐업,준대규모점포,,,032-441-0999
코스트코 홀세일 하남점,대형마트,,217063.768457455,449847.097381194,2025-12-15 16:15:28,I,1,정상영업,2024-02-26 11:14:50,,2017-10-25,14625.31,,경기도 하남시 풍산동 609 코스트코 홀세일 하남점,2017404019907500001,4040000,"경기도 하남시 미사강변중앙로 40, 코스트코 홀세일 하남점 (풍산동)",12938,,01,영업/정상,대규모점포,,,02-2630-2648
㈜이마트에브리데이 양천향교역점,구분없음,,186080.902016621,451971.178722228,2025-12-15 16:15:28,U,5,영업개시전,2025-11-28 13:14:54,,2017-10-11,0,,서울특별시 강서구 가양동 1458번지 9호 동남빌딩,2017315018607500004,3150000,"서울특별시 강서구 허준로 16-12, 동남빌딩 (가양동)",07529,,01,영업/정상,준대규모점포,,,02-2063-3690
모다아울렛,전문점,,210176.709339399,458999.953981333,2025-12-15 16:15:28,I,1,정상영업,2021-04-30 15:05:48,,2017-09-26,21346.37,,경기도 구리시 갈매동 599번지,2017398010807500001,3980000,"경기도 구리시 경춘북로 230 (갈매동, 구리갈매지구판매시설)",11901,,01,영업/정상,대규모점포,,,031-514-9000
마치에비뉴,그 밖의 대규모점포,,210564.963663027,370723.910022674,2025-12-15 16:15:28,I,1,정상영업,2021-02-21 17:40:51,,2017-09-20,21031.94,,,2017449034407500001,4490000,충청남도 천안시 서북구 한들1로 196 (백석동),31087,,01,영업/정상,대규모점포,,,041-558-7809
(주)노브랜드 이천안흥점,구분없음,,240274.674064413,419969.69866586,2026-05-09 22:02:22,I,1,정상영업,2022-01-21 13:23:27,,2017-09-20,344,,경기도 이천시 안흥동 353번지 6호,2018407008807500006,4070000,경기도 이천시 영창로 290 (안흥동),17371,,01,영업/정상,준대규모점포,,,031-638-8312
노브랜드 여주한글시장점,전문점,,256240.063248575,421904.586508473,2026-03-11 01:22:21,I,1,정상영업,2024-04-23 09:40:02,,2017-09-18,339.14,,,2017570003507500001,5700000,"경기도 여주시 세종로14번길 18 (창동, 여주중앙프라자)",12622,,01,영업/정상,준대규모점포,,,02-380-9461
고양 일산 호수공원 가로수길,그 밖의 대규모점포,,178443.772452423,462653.992741763,2026-08-05 21:18:10,U,1,정상영업,2026-08-04 19:24:42,,2017-08-25,16505.82,,경기도 고양시 일산서구 대화동 1050번지 185호,2017394029807500001,3940000,경기도 고양시 일산서구 주엽로 80 (대화동),10391,,01,영업/정상,대규모점포,,,
롯데쇼핑㈜ 마켓999 양천향교역가맹점,구분없음,2025-01-01,185827.239418328,451790.699502971,2025-12-15 16:15:28,U,3,폐업처리,2025-11-28 13:16:13,,2017-08-14,0,,서울특별시 강서구 마곡동 776번지 2호 마곡센트럴대방디엠시티오피스텔,2017315018607500003,3150000,"서울특별시 강서구 양천로 344, 마곡센트럴대방디엠시티오피스텔 121-1,2호 (마곡동)",07791,,03,폐업,준대규모점포,,,02-3664-6600
트레이더스 홀세일 클럽 군포점,대형마트,,194143.227537911,426457.360631877,2025-12-15 16:15:28,I,1,정상영업,2024-04-17 17:58:23,,2017-08-08,11524,,경기도 군포시 부곡동 1227번지 1호,2017402010807500001,4020000,경기도 군포시 삼성로 74 (부곡동),15874,,01,영업/정상,대규모점포,,,031-361-3456
개항누리길 상점가 상인회,그 밖의 대규모점포,,,,2026-07-01 09:42:12,I,1,정상영업,2018-01-03 10:57:16,,2017-07-31,4217,,인천광역시 제물포구 신포동 12번지 26호,2018349014907500001,3501000,인천광역시 제물포구 우현로39번길 8-1 (신포동),22322,,01,영업/정상,준대규모점포,,,032-765-5222
지에스 더프레시(GS THE FRESH) 권선아이파크점,구분없음,,202599.794401948,416089.125805678,2026-03-11 01:45:42,I,1,정상영업,2025-05-01 17:05:39,,2017-07-26,203.2,,경기도 수원시 권선구 권선동 1364번지 권선아이파크5차 단지상가 109호~111호,2017374033507500002,3740000,"경기도 수원시 권선구 동수원로177번길 40 (권선동, 권선아이파크5차 단지상가 109호~111호)",16663,,01,영업/정상,준대규모점포,,,031-8006-4646
노브랜드 안성시장점,그 밖의 대규모점포,,224008.128670892,389496.559547726,2026-05-10 22:09:12,I,1,정상영업,2024-04-23 14:37:06,,2017-07-05,541.2,,,2017408020807500001,4080000,"경기도 안성시 시장길 37 (서인동, 안성시장 지하1층)",17592,,01,영업/정상,준대규모점포,,,02-380-9461
(주)지에스리테일 GS수퍼 안양메가트리아점,구분없음,,,,2025-12-15 16:15:28,I,1,정상영업,2025-04-15 11:27:17,,2017-06-23,893.16,,경기도 안양시 만안구 안양동 1391,2017383025707500001,3830000,"경기도 안양시 만안구 태평로52번길 21, 지층 B103, B104호 (안양동)",14037,,01,영업/정상,준대규모점포,,,031-469-8310
이마트에브리데이 마곡점,구분없음,2025-01-01,184507.89151286,451772.49965437,2025-12-15 16:15:28,U,3,폐업처리,2025-11-28 13:17:06,,2017-06-17,0,,서울특별시 강서구 마곡동 759번지 마곡센트럴타워Ⅱ,2017315018607500002,3150000,"서울특별시 강서구 마곡서로 158, 마곡센트럴타워Ⅱ 103~110, 118, 119호 (마곡동)",07788,,03,폐업,준대규모점포,,,02-2039-8337
롯데슈퍼 진주초전,구분없음,,301152.670604642,190996.131313664,2026-06-09 03:03:03,U,1,정상영업,2026-06-08 17:42:49,,2017-06-15,517.75,,경상남도 진주시 초전동 1702-8,2017531033807500001,5310000,경상남도 진주시 초북로20번길 30-4 (초전동),52731,,01,영업/정상,준대규모점포,,,055-762-4435
롯데슈퍼 용황점,그 밖의 대규모점포,,401050.77541822,267236.833900143,2025-12-15 16:15:28,I,1,정상영업,2021-07-26 11:51:49,,2017-06-08,0,,경상북도 경주시 용강동 1611 협성휴포레용황,2021505035207500004,5050000,"경상북도 경주시 용황로7길 8, 301동 101호 (용강동, 협성휴포레용황)",38069,,01,영업/정상,준대규모점포,,,054-777-5968
노브랜드 구미선산시장점,구분없음,,316890.209341724,305125.45113396,2025-12-15 16:15:28,I,1,정상영업,2025-07-25 11:38:20,,2017-06-07,476.19,,,2017508013307500001,5080000,경상북도 구미시 선산읍 단계동길 24 (선산시장),39127,,01,영업/정상,준대규모점포,,,054-482-9633
지에스(GS)수퍼 수원권선점,구분없음,,202272.314465399,416779.037573728,2026-03-11 01:45:42,I,1,정상영업,2025-05-01 17:04:56,,2017-06-02,247.68,,경기도 수원시 권선구 권선동 1330번지 권선자이이편한세상 상가 B105호~107호,2017374033507500001,3740000,"경기도 수원시 권선구 권광로 55 (권선동, 권선자이이편한세상)",16582,,01,영업/정상,준대규모점포,,,031-8006-4646
트레이더스 홀세일 클럽 연산점,대형마트,,392308.475150846,189367.663906888,2026-05-04 22:36:26,I,1,정상영업,2024-04-17 10:00:18,,2017-06-01,17145.55,,부산광역시 연제구 연산동 2374,2017337006907500001,3370000,부산광역시 연제구 좌수영로 241 (연산동),47569,,01,영업/정상,대규모점포,,,051-968-5652
롯데 아울렛 부여점,쇼핑센터,,,,2025-12-15 16:15:28,I,1,정상영업,2017-06-02 17:38:47,,2017-05-30,20630.87,323-812,충청남도 부여군 규암면 합정리 172번지,2012457008307500001,4570000,충청남도 부여군 백제문로 387-0,,,01,영업/정상,대규모점포,,,02-2118-5825
김기민,대형마트,,343435.097356108,193337.905151911,2026-04-30 22:00:15,I,1,정상영업,2017-05-17 18:05:25,,2017-05-17,910.97,630-011,경상남도 창원시 마산회원구 석전동 259번지 4호,2017567057207500001,5670000,경상남도 창원시 마산회원구 양덕옛2길 13 (석전동),,,01,영업/정상,준대규모점포,,,051-330-2553
엘스퀘어,그 밖의 대규모점포,2021-11-15,210383.354355243,471952.050120805,2026-05-11 22:02:31,I,3,폐업처리,2021-11-17 17:03:25,,2017-05-02,8144.09,,경기도 의정부시 민락동 905번지,2017382017907500001,3820000,경기도 의정부시 용민로 493 (민락동),11815,,03,폐업,대규모점포,,,031-853-0336
롯데쇼핑(주)롯데슈퍼 신향남점,구분없음,,,,2026-02-01 10:52:12,I,1,정상영업,2017-04-28 23:00:59,,2017-04-28,313.4,,,2017553035707500002,5530000,경기도 화성시 만세구 향남읍 행정중앙1로 14 (제이에스플라자),18603,,01,영업/정상,준대규모점포,,,031-8059-5601
롯데쇼핑(주) 롯데마트 동대전점,쇼핑센터,2018-07-30,239596.386064403,314379.091676888,2026-05-03 22:32:21,I,3,폐업처리,2018-07-31 17:08:28,,2017-04-27,7994.19,300-070,대전광역시 동구 대동 160번지 1호,2012364011407500001,3640000,대전광역시 동구 동대전로 67 (대동),,,03,폐업,대규모점포,,,042-607-7701
롯데마켓999 하월곡점,구분없음,2024-04-08,201621.331749529,456272.261670237,2025-12-15 16:15:28,I,3,폐업처리,2024-04-17 13:37:54,,2017-04-27,80.49,136-111,서울특별시 성북구 길음1동 1285번지 7호,2012307018907500009,3070000,서울특별시 성북구 오패산로4길 17 (하월곡동),,,03,폐업,준대규모점포,,,02-918-5651
롯데마이슈퍼 동소문점,구분없음,2022-02-23,201358.893989884,454439.085102224,2025-12-15 16:15:28,I,3,폐업처리,2022-02-23 16:55:24,,2017-04-27,739,136-035,서울특별시 성북구 동소문동5가 75번지,2012307018907500008,3070000,서울특별시 성북구 동소문로 98 (동소문동5가),,,03,폐업,준대규모점포,,,02-923-5601
탑마트 대구점,대형마트,,343902.080116286,263530.80993882,2026-05-08 22:34:09,I,1,정상영업,2025-04-25 10:45:17,,2017-04-26,7643,,대구광역시 중구 남산동 3006 반월당효성해링턴플레이스,2017341012007500001,3410000,"대구광역시 중구 중앙대로66길 20 (남산동, 반월당효성해링턴플레이스)",41961,2017-09-01,01,영업/정상,대규모점포,,,051-330-2583
GS더프레시 성북보문점,구분없음,,201562.571790335,453092.434673285,2025-12-15 16:15:28,I,1,정상영업,2025-05-13 15:52:44,,2017-04-26,301.45,,,2017307021607500001,3070000,"서울특별시 성북구 보문사길 111 (보문동6가, 보문파크뷰자이)",02874,,01,영업/정상,준대규모점포,,,02-2006-3215
롯데쇼핑(주)롯데슈퍼해운대,그 밖의 대규모점포,2021-06-11,398179.9667568,187816.286955829,2026-05-10 22:54:15,I,3,폐업처리,2021-06-11 10:57:44,,2017-04-25,1259.5,,,2017333013207500007,3330000,부산광역시 해운대구 해운대로 799-0 (좌동),,,03,폐업,준대규모점포,,,
롯데쇼핑(주) 롯데슈퍼좌1동점,그 밖의 대규모점포,2021-06-11,398114.725350373,188646.73136878,2026-05-10 22:54:15,I,3,폐업처리,2021-06-11 10:58:55,,2017-04-25,299.21,612-031,부산광역시 해운대구 좌동 1289번지 4호,2017333013207500006,3330000,부산광역시 해운대구 좌동순환로 178-0 (좌동),,,03,폐업,준대규모점포,,,
롯데쇼핑(주)롯데슈퍼좌동점,그 밖의 대규모점포,2017-08-16,397380.689843168,188076.095488517,2026-05-10 22:54:15,I,3,폐업처리,2017-08-16 11:27:07,,2017-04-25,253.6,612-031,부산광역시 해운대구 좌동 1270번지 6호,2017333013207500005,3330000,부산광역시 해운대구 좌동순환로 70-0 (좌동),,,03,폐업,준대규모점포,,,
롯데쇼핑(주) 롯데마트 양평점,대형마트,,190352.321686588,447095.641206789,2026-05-11 22:40:07,I,1,정상영업,2025-05-14 10:34:15,,2017-04-25,18016.52,,,2017318016307500001,3180000,서울특별시 영등포구 선유로 138 (양평동3가),,,01,영업/정상,대규모점포,,,21458178
롯데쇼핑(주) 롯데슈퍼 산본2동점,복합쇼핑몰,,193780.003004765,430085.434546529,2026-04-17 03:03:03,U,1,정상영업,2026-04-16 17:36:07,,2017-04-18,265.5,435-849,경기도 군포시 산본동 1066번지 2호,2012402010807500001,4020000,경기도 군포시 고산로677번길 40 (산본동),,,01,영업/정상,준대규모점포,,,031-393-5601
카림애비뉴,그 밖의 대규모점포,,210075.319585403,410817.645865226,2026-02-01 10:52:12,I,1,정상영업,2023-11-21 15:09:30,,2017-04-17,27586,,경기도 화성시 동탄구 청계동 536 동탄역시범반도유보라아이비파크4.0,2017553035707500001,5530000,"경기도 화성시 동탄구 동탄대로시범길 134 (청계동, 동탄역시범반도유보라아이비파크4.0)",18476,,01,영업/정상,대규모점포,,,02-3011-2762
(주)롯데프레시용운점,구분없음,,241338.994706152,313683.583707525,2026-05-03 22:32:21,I,1,정상영업,2022-10-27 10:02:14,,2017-04-17,764.4,300-820,대전광역시 동구 용운동 322번지,2014364011407500004,3640000,대전광역시 동구 동부로85번길 19-8 (용운동),,,01,영업/정상,준대규모점포,,,042-271-6001
롯데쇼핑(주) 롯데슈퍼 용방점,대형마트,2019-01-17,240750.46513665,314288.284698506,2026-05-03 22:32:21,I,3,폐업처리,2024-11-21 09:17:40,,2017-04-17,818.3,300-822,대전광역시 동구 용운동 432번지,2014364011407500003,3640000,대전광역시 동구 계족로140번길 183 (용운동),,,03,폐업,준대규모점포,,,042-286-5601
롯데슈퍼 해운대점,그 밖의 대규모점포,,398179.9667568,187816.286955829,2026-05-10 22:54:15,I,1,정상영업,2017-04-18 11:16:27,,2017-04-17,1259.5,612-031,부산광역시 해운대구 좌동 1467번지 2호,2017333013207500004,3330000,부산광역시 해운대구 해운대로 799-0 (좌동),,,01,영업/정상,준대규모점포,,,
롯데슈퍼 좌1동점,그 밖의 대규모점포,,398114.725350373,188646.73136878,2026-05-10 22:54:15,I,1,정상영업,2017-04-18 11:15:59,,2017-04-17,299.21,612-031,부산광역시 해운대구 좌동 1289번지 4호,2017333013207500003,3330000,부산광역시 해운대구 좌동순환로 178 (좌동),,,01,영업/정상,준대규모점포,,,
롯데수퍼 좌동점,그 밖의 대규모점포,,397380.689843168,188076.095488517,2026-05-10 22:54:15,I,1,정상영업,2017-04-18 11:14:42,,2017-04-17,253.6,612-031,부산광역시 해운대구 좌동 1270번지 6호,2017333013207500002,3330000,부산광역시 해운대구 좌동순환로 70 (좌동),,,01,영업/정상,준대규모점포,,,
롯데쇼핑(주) 롯데슈퍼 진안점,그 밖의 대규모점포,2020-04-22,238739.288539034,254720.220054386,2025-12-15 16:15:28,I,3,폐업처리,2020-04-23 13:43:42,,2017-04-13,789.9,,,2017473007607500001,4731000,전북특별자치도 진안군 진안읍 진무로 1104,55432,,03,폐업,준대규모점포,,,063-432-5609
롯데쇼핑(주)롯데슈퍼 진안점,그 밖의 대규모점포,,238156.629043304,254017.229923252,2025-12-15 16:15:28,I,1,정상영업,2017-04-13 12:36:53,,2017-04-13,789.9,567-806,전북특별자치도 진안군 진안읍 군하리 309번지 4호,2014473007607500001,4731000,,,,01,영업/정상,준대규모점포,,,02-2290-5853
시흥산업용재유통센터,그 밖의 대규모점포,,191226.287379467,437914.06299827,2026-05-07 22:30:12,U,1,정상영업,2026-04-30 17:21:43,,2017-04-07,98983,,서울특별시 금천구 시흥동 984번지,2008317010507500001,3170000,"서울특별시 금천구 시흥대로 97 (시흥동, 시흥유통상가)",08639,,01,영업/정상,대규모점포,,,02-808-1522
한국기계유통단지관리사무소,전문점,,172175.520009975,425615.044650386,2026-05-11 22:05:13,I,1,정상영업,2021-04-06 11:18:03,,2017-04-06,26011.6,,,2017401023907500001,4010000,경기도 시흥시 시화벤처로 6-19 (정왕동),15119,,01,영업/정상,대규모점포,,,031-507-2004
노브랜드 강서가양점,구분없음,,186374.463682775,451431.251130887,2025-12-15 16:15:28,I,1,정상영업,2019-01-22 11:08:38,,2017-03-30,0,,서울특별시 강서구 가양동 54번지 5호,2017315018607500001,3150000,서울특별시 강서구 양천로 410 (가양동),07573,,01,영업/정상,준대규모점포,,,02-3665-7661
(주)이마트에브리데이 당동점,구분없음,,195068.379230476,427673.238824229,2025-12-15 16:15:28,I,1,정상영업,2024-07-24 11:08:51,,2017-03-27,1498,435-815,경기도 군포시 군포1동 784번지 5호,2011402010807500002,4020000,경기도 군포시 군포로 502 (당동),,,01,영업/정상,준대규모점포,,,031-451-5200
DDP FASHION MALL,그 밖의 대규모점포,,200999.356221857,451654.418167327,2026-03-26 22:48:23,I,1,정상영업,2022-08-18 15:00:40,,2017-03-23,13006.43,,,2017301013007500001,3010000,"서울특별시 중구 마장로 22 (신당동, DDP FASHION MALL)",04566,,01,영업/정상,대규모점포,,,02-2290-7125
트리플 스트리트,쇼핑센터,,169744.688401816,431034.673654182,2026-05-11 23:16:52,I,1,정상영업,2022-02-17 09:36:08,,2017-03-13,73019.58,406-082,인천광역시 연수구 송도동 170번지 1호,2017352012507500001,3520000,인천광역시 연수구 송도과학로16번길 33-1 (송도동),,,01,영업/정상,대규모점포,,,032-260-1291
U7 SQUARE,복합쇼핑몰,,,,2026-05-06 22:48:21,I,5,영업개시전,2017-04-28 17:50:25,,2017-02-21,21566.49,,충청남도 공주시 금흥동 201번지 1호,2017450025407500001,4500000,,,,01,영업/정상,대규모점포,,,
(주)세이브존리베라,쇼핑센터,,396855.45107649,186957.424724515,2026-05-10 22:54:15,I,1,정상영업,2024-12-23 14:08:39,,2017-02-14,16491.58,,,2017333013207500001,3330000,부산광역시 해운대구 구남로29번길 21-0 (중동),,,01,영업/정상,대규모점포,,,051-740-9031
롯데슈퍼 사천남양점,구분없음,2021-05-04,297057.637779977,163896.209076432,2026-05-08 22:02:24,I,3,폐업처리,2021-05-12 09:39:41,,2017-01-17,0,,경상남도 사천시 송포동 279-1,2021534021407500001,5340000,경상남도 사천시 진삼로 138-1 (송포동),52547,,03,폐업,준대규모점포,,,055-832-2555
LF 스퀘어 테라스몰 광양점,복합쇼핑몰,,,,2026-07-01 12:43:36,I,1,정상영업,2017-01-03 09:27:55,,2017-01-02,50824,,전남광주통합특별시 광양시 광양읍 덕례리 739번지,2017484012707500001,5800000,전남광주통합특별시 광양시 광양읍 순광로 466 (LF스퀘어 테라스몰 광양점),57764,,01,영업/정상,대규모점포,,,02-6710-2733
노브랜드 문정점,구분없음,2021-11-18,210698.849969654,441971.271264751,2025-12-15 16:15:28,I,3,폐업처리,2021-11-30 10:42:51,,2016-12-29,644.82,,,2016323023107500002,3230000,"서울특별시 송파구 법원로 55, 상가D동 401외 5호 (문정동, 송파아이파크)",05841,,03,폐업,준대규모점포,,,02-380-9461
노브랜드 삼성점,구분없음,,204455.655,446026.109999999,2025-12-15 16:15:28,I,1,정상영업,2024-04-19 09:46:16,,2016-12-29,358.71,,,2016322016207500001,3220000,"서울특별시 강남구 삼성로 633, 1층 (삼성동, 삼광빌딩)",06091,,01,영업/정상,준대규모점포,,,02-380-9461
롯데쇼핑 주식회사 아울렛 군산점,복합쇼핑몰,,176350.48248947,275156.881801195,2026-05-06 22:48:23,U,1,정상영업,2026-04-15 09:15:36,,2016-12-27,31069.5,,전북특별자치도 군산시 조촌동 450-21 외 3필지,2016467021307500001,4671000,전북특별자치도 군산시 조촌로 130(조촌동),54072,,01,영업/정상,대규모점포,,,063-447-0035
아트몰링 부산점,복합쇼핑몰,,379212.079721725,180390.068955488,2026-05-07 22:31:33,I,1,정상영업,2017-06-27 20:50:28,,2016-12-02,23810.3,,부산광역시 사하구 하단동 526번지 6호,2016334008007500002,3340000,부산광역시 사하구 낙동남로 1413 (하단동),49311,,01,영업/정상,대규모점포,,,051-710-8802
(주)지에스리테일 서초방배점,대형마트,2022-03-25,198970.448010517,443479.894856733,2025-12-15 16:15:28,I,3,폐업처리,2022-03-28 13:52:53,,2016-12-01,194.64,,서울특별시 서초구 방배동 795번지 1호,2016321015507500001,3210000,"서울특별시 서초구 방배로37길 11, 1층 (방배동, 삼호회관)",06561,,03,폐업,준대규모점포,,,02-2006-3215
아트몰링 부산점,복합쇼핑몰,,379212.079721725,180390.068955488,2026-05-07 22:31:33,I,5,영업개시전,2016-11-15 12:02:33,,2016-11-15,23810.3,604-852,부산광역시 사하구 하단동 526번지 6호,2016334008007500001,3340000,부산광역시 사하구 낙동남로 1413 (하단동),,,01,영업/정상,대규모점포,,,051-710-8802
Emarteveryday 울산야음점,구분없음,,410714.093301743,228155.503271096,2025-12-15 16:15:28,I,1,정상영업,2024-08-01 13:16:44,,2016-11-11,718.86,,,2016370010407500002,3700000,"울산광역시 남구 대암로 69, 107동 B101호 (야음동, 신정현대프라자)",44733,,01,영업/정상,준대규모점포,,,052-716-0005
롯데쇼핑(주) 남악점,복합쇼핑몰,,150976.298714347,145015.31300588,2026-07-14 11:38:15,I,1,정상영업,2026-04-06 17:45:47,,2016-11-08,36551.21,,전남광주통합특별시 무안군 삼향읍 남악리 2622번지,2016495010907500001,5880000,전남광주통합특별시 무안군 삼향읍 남악로162번길 80,58579,,01,영업/정상,대규모점포,,,02-2118-6854
스타필드 시티 위례점,쇼핑센터,,213056.041875501,441993.377546086,2025-12-15 16:15:28,I,1,정상영업,2020-06-10 15:15:29,,2016-10-31,45170,,경기도 하남시 학암동 660번지 스타필드시티 위례점,2016404022807500001,4040000,"경기도 하남시 위례대로 200, 스타필드시티 위례점 (학암동)",13012,,01,영업/정상,대규모점포,,,02-380-9396
스타필드 시티 위례점,쇼핑센터,,213056.041875501,441993.377546086,2025-12-15 16:15:28,I,1,정상영업,2024-05-14 14:41:34,,2016-10-31,45170,465-240,경기도 하남시 학암동 660번지,2016404015507500003,4040000,경기도 하남시 위례대로 200 (학암동),,,01,영업/정상,대규모점포,,,02-380-9396
이케아 고양점,전문점,,187849.01957446,458589.280565554,2025-12-15 16:15:28,I,1,정상영업,2024-02-14 11:14:20,,2016-10-28,25226.79,,경기도 고양시 덕양구 도내동 1003번지,2016394029807500004,3940000,"경기도 고양시 덕양구 권율대로 420 (도내동, 이케아고양점)",10551,,01,영업/정상,대규모점포,,,02-310-8700
롯데아울렛 고양점,쇼핑센터,,187849.01957446,458589.280565554,2026-05-07 03:03:03,U,1,정상영업,2026-05-06 11:30:57,,2016-10-28,16529.11,,경기도 고양시 덕양구 도내동 1003 이케아 고양점,2016394029807500003,3940000,경기도 고양시 덕양구 권율대로 420(도내동),10551,,01,영업/정상,대규모점포,,,031-8035-2612
코스트코 홀세일 대구점,대형마트,,356223.244084316,265495.669079208,2026-04-30 22:30:10,I,1,정상영업,2018-09-27 10:06:35,,2016-10-21,12921,701-300,대구광역시 동구 신서동 1187번지,2016342013507500002,3420000,,,,01,영업/정상,대규모점포,,,02-2630-2828
롯데프리미엄푸드마켓 문정점,구분없음,2022-10-31,210868.397496689,442053.227933005,2025-12-15 16:15:28,I,3,폐업처리,2022-11-02 16:35:12,,2016-10-20,2101.86,,,2016323023107500001,3230000,서울특별시 송파구 송파대로 111-0 (문정동),,,03,폐업,준대규모점포,,,02-2290-5710
(주)신세계 동대구복합환승센터,백화점,,347037.241970286,265407.404336831,2026-04-30 22:30:10,I,1,정상영업,2024-05-08 17:58:12,,2016-10-10,105538.69,,대구광역시 동구 신천동 329번지 3호,2016342013507500001,3420000,대구광역시 동구 동부로 149 (신천동),41229,,01,영업/정상,대규모점포,,,053-749-3593
주식회사 홈플러스익스프레스 신당점,구분없음,,201308.536482314,451174.365486466,2026-07-04 22:48:10,U,1,정상영업,2026-07-03 15:02:17,,2016-10-07,251.57,,,2016301013007500002,3010000,서울특별시 중구 다산로 222 (신당동),04586,,01,영업/정상,준대규모점포,,,02-2236-8543
남산(농수산)시장,그 밖의 대규모점포,,390031.323015507,198770.905117783,2025-12-15 16:15:28,I,1,정상영업,2023-06-26 16:02:33,,2016-10-06,4477.24,609-340,부산광역시 금정구 남산동 93번지 1호,2016335010007500001,3350000,부산광역시 금정구  금강로  700 (남산동),,,01,영업/정상,대규모점포,,,051-583-5670
롯데쇼핑(주) 롯데마트 시흥배곧점,대형마트,,176109.153092015,429698.791930655,2026-05-15 03:03:03,U,1,정상영업,2026-05-14 13:17:14,,2016-09-22,13550.1,,,2016401023907500001,4010000,"경기도 시흥시 서울대학로278번길 67 (정왕동, 롯데마트(시흥배곧점))",15011,,01,영업/정상,대규모점포,,,02-2145-8487
킹덤시티,그 밖의 대규모점포,,347886.71935506,196863.11405067,2026-04-30 22:00:15,I,5,영업개시전,2018-04-02 11:46:35,,2016-09-06,6365.43,,경상남도 창원시 의창구 서상동 666번지 5호,2016567055907500001,5670000,경상남도 창원시 의창구 평산로207번길 4 (서상동),51370,,01,영업/정상,대규모점포,,,055-266-8005
뉴 삼부프라자,그 밖의 대규모점포,,235249.085595717,313681.079573387,2026-05-03 22:38:33,I,1,정상영업,2018-05-14 09:33:09,,2016-08-29,10976.99,,,2016365011507500001,3650000,"대전광역시 중구 태평로 71 (태평동, 삼부프라자)",34885,,01,영업/정상,대규모점포,,,042-526-0090
일산 벨라씨타(Bella Citta),쇼핑센터,,181637.189249099,460029.013400211,2025-12-15 16:15:28,I,5,영업개시전,2020-02-17 16:38:55,,2016-08-26,42599.44,,경기도 고양시 일산동구 백석동 1237번지,2016394029807500002,3940000,"경기도 고양시 일산동구 강송로 33 (백석동, 일산요진와이시티)",10450,,01,영업/정상,대규모점포,,,02-3438-9480
롯데몰 용인점,쇼핑센터,,,,2026-04-01 22:14:09,I,1,정상영업,2021-03-17 18:16:36,,2016-08-01,46783.58,,경기도 용인시 수지구 성복동 23번지,2016405037107500002,4050000,경기도 용인시 수지구 심곡로 121 (성복동),16847,,01,영업/정상,대규모점포,,,031-281-5400
"(주)천우산업개발 역북패션아울렛, 마트",쇼핑센터,,,,2026-04-01 22:14:08,I,1,정상영업,2017-03-15 08:53:43,,2016-08-01,23126.86,,경기도 용인시 처인구 역북동 역북지구 복합용지 1,2016405037107500001,4050000,,,,01,영업/정상,대규모점포,,,02-3453-5117
논산농협하나로마트분사,대형마트,2019-10-30,,,2025-12-15 16:15:28,I,3,폐업처리,2019-10-30 15:01:38,,2016-07-15,3952.61,,충청남도 논산시 내동 72번지 4호,2016454019507500001,4540000,충청남도 논산시 대학로 48 (내동),32997,,03,폐업,대규모점포,,,
트레이더스 홀세일클럽 김포점,대형마트,,176161.639045124,456729.11026583,2025-12-15 16:15:28,I,1,정상영업,2024-04-12 09:15:27,,2016-07-13,15477.73,,경기도 김포시 풍무동 884 트레이더스 김포점,2016409022907500001,4090000,경기도 김포시 김포대로 715(풍무동),10113,,01,영업/정상,대규모점포,,,031-8048-5652
(주)이마트에브리데이 이천갈산점,구분없음,,240306.158458325,420332.156379018,2026-05-09 22:02:22,I,1,정상영업,2024-05-08 15:03:22,,2016-07-07,772.08,,경기도 이천시 갈산동 602번지,2018407008807500005,4070000,경기도 이천시 안흥로 70 (갈산동),17359,,01,영업/정상,준대규모점포,,,031-8011-2021
노브랜드,구분없음,,166912.556167912,376553.835449822,2026-05-08 22:46:57,I,1,정상영업,2024-04-25 09:01:24,,2016-07-06,403.3,,,2016568029207500001,5680000,충청남도 당진시 당진시장길 100 (읍내동),31777,,01,영업/정상,준대규모점포,,,02-380-9394
판타지오스퀘어,그 밖의 대규모점포,,401472.222155142,189850.695819127,2026-05-03 22:38:29,I,1,정상영업,2023-02-23 11:27:40,,2016-06-29,12916.78,,부산광역시 기장군 기장읍 시랑리 489번지 9호,2016340007207500001,3400000,부산광역시 기장군 기장읍 기장해안로 98,46078,,01,영업/정상,대규모점포,,,02-3456-0000
코스트코 홀세일 세종점,대형마트,,224057.825004564,329646.154691509,2026-03-26 22:01:15,I,1,정상영업,2018-10-30 10:59:35,,2016-06-15,13750.56,,세종특별자치시 대평동 584번지 7호 코스트코 세종점,2016569013607500003,5690000,"세종특별자치시 종합운동장1로 14, 코스트코 세종점 (대평동)",30154,,01,영업/정상,대규모점포,,,1899-9900
롯데아울렛 의정부점,쇼핑센터,2019-02-07,208436.880902864,471310.707482348,2026-05-11 22:02:31,I,3,폐업처리,2019-02-08 10:48:27,,2016-06-13,15702.66,,경기도 의정부시 민락동 804번지 6호 외 1필지,2016382017907500001,3820000,경기도 의정부시 천보로 44 (민락동),11813,,03,폐업,대규모점포,,,02-6965-2534
롯대슈펴 신대방점,그 밖의 대규모점포,,192170.155815215,443599.41901313,2026-05-03 22:37:51,I,2,휴업처리,2024-08-07 11:00:11,,2016-06-03,191,,,2016319015807500001,3190000,"서울특별시 동작구 여의대방로 30, 에이동동 101호 (신대방동, 현대상가)",07064,,02,휴업,준대규모점포,2024-08-07,2025-08-07,02-3280-8899
M SQUARE +,쇼핑센터,,332209.678232161,244660.404545869,2026-05-07 22:34:43,I,1,정상영업,2019-01-03 19:48:07,,2016-05-30,8626.12,,대구광역시 달성군 유가읍 봉리 619번지 테크노폴리스 M스퀘어+,2016348032607500002,3480000,"대구광역시 달성군 유가읍 테크노상업로 120, 테크노폴리스 M스퀘어+",43018,,01,영업/정상,대규모점포,,,053-617-0068
김해터미널쇼핑센터,쇼핑센터,,370364.763087449,193812.296089474,2025-12-15 16:15:28,I,1,정상영업,2024-04-23 17:42:56,,2016-05-16,55890,,경상남도 김해시 외동 1264번지,2016535023407500001,5350000,경상남도 김해시 김해대로 2232 (외동),50958,,01,영업/정상,대규모점포,,,02-380-9470
롯데몰 은평,복합쇼핑몰,,192694.92374224,459461.236119623,2026-05-19 03:03:03,U,1,정상영업,2026-05-18 13:17:29,,2016-04-27,57505,,서울특별시 은평구 진관동 79번지 15호,2016311013107500001,3110000,"서울특별시 은평구 통일로 1050 (진관동, 롯데몰은평점)",03306,,01,영업/정상,대규모점포,,,02-6975-5901
스타필드 고양,복합쇼핑몰,,190645.314309928,460528.947974088,2026-07-24 21:18:10,U,1,정상영업,2026-07-23 18:00:24,,2016-04-25,129225,,경기도 고양시 덕양구 동산동 370 스타필드 고양,2016394029807500001,3940000,"경기도 고양시 덕양구 고양대로 1955, 스타필드 고양 (동산동)",10595,,01,영업/정상,대규모점포,,,070-7896-7801
스타필드 하남,복합쇼핑몰,,219699.010520355,449270.371200837,2026-08-19 21:48:10,U,1,정상영업,2026-08-18 11:50:01,,2016-04-14,133515.61,,경기도 하남시 신장동 616번지 지역현안사업2지구 내 물류유통시설용지,2016404015507500002,4040000,"경기도 하남시 미사대로 750 (신장동, 스타필드하남)",12942,,01,영업/정상,대규모점포,,,031-796-4254
스타필드 안성,복합쇼핑몰,,213062.918998049,388093.036705258,2026-08-27 21:48:10,U,1,정상영업,2026-08-26 10:32:02,,2016-04-06,106011,,경기도 안성시 공도읍 진사리 354번지 외 17필지,2016408020807500001,4080000,경기도 안성시 공도읍 서동대로 3980,17563,,01,영업/정상,대규모점포,,,02-727-3732
(주)지에스리테일 진주신안점,구분없음,,296992.175715797,187280.490024175,2025-12-15 16:15:28,I,1,정상영업,2025-04-23 14:01:36,,2016-04-01,234.55,,경상남도 진주시 신안동 581번지 1호,2016531014307500001,5310000,경상남도 진주시 진양호로 302 (신안동),52697,,01,영업/정상,준대규모점포,,,02-2006-3059
라벨라 아울렛,쇼핑센터,,235115.906903708,415821.77062945,2026-05-09 22:02:22,I,2,휴업처리,2025-09-02 11:08:20,,2016-03-29,4832.38,,경기도 이천시 호법면 단천리 869번지,2016407008807500001,4070000,경기도 이천시 호법면 프리미엄아울렛로 177-145 (롯데프리미엄아울렛),17384,2026-08-23,02,휴업,대규모점포,2025-08-23,2026-08-22,070-7841-2965
(주)세이디에스탄방점,쇼핑센터,,234834.854791995,316331.886198716,2026-05-07 22:30:16,I,1,정상영업,2024-07-18 13:09:47,,2016-03-23,14002.03,302-223,대전광역시 서구 탄방동 745번지,2016366013407500001,3660000,대전광역시 서구 문정로 85-0 (탄방동),,2016-04-29,01,영업/정상,대규모점포,,,042-229-3000
일렉트로마트 판교점,전문점,,209511.303885931,432604.40297927,2025-12-15 16:15:28,I,5,영업개시전,2020-07-27 15:48:11,,2016-03-21,3692,,경기도 성남시 분당구 백현동 531번지,2016378027807500002,3780000,"경기도 성남시 분당구 대왕판교로606번길 10 (백현동, 알파리움1단지)",13530,,01,영업/정상,대규모점포,,,02-380-9396
일렉트로마트 판교점,그 밖의 대규모점포,2020-07-27,209511.303885931,432604.40297927,2025-12-15 16:15:28,I,3,폐업처리,2020-07-27 15:51:05,,2016-03-21,3692,,,2016378027807500001,3780000,"경기도 성남시 분당구 대왕판교로606번길 10 (백현동, 알파리움1단지)",13530,,03,폐업,대규모점포,,,031-8016-1306
엠에스리테일,대형마트,,266666.985605448,487881.87763029,2026-05-10 21:30:40,I,1,정상영업,2017-06-21 17:08:42,,2016-03-14,3820.61,200-853,강원특별자치도 춘천시 동면 장학리 산 35번지 2호,2016418027707500001,4181000,강원특별자치도 춘천시 건일길 79,,,01,영업/정상,대규모점포,,,033-251-9352
(주)지에스리테일 울산신정점,구분없음,,408469.455030551,228719.809343783,2025-12-15 16:15:28,I,1,정상영업,2025-04-28 07:54:48,,2016-03-09,468.68,680-833,울산광역시 남구 신정동 1642번지 2호,2016370010407500001,3700000,울산광역시 남구 동산로29번길 4-0 (신정동),,,01,영업/정상,준대규모점포,,,02-2006-2422
에이피엠플레이스,쇼핑센터,,200673.011457453,451443.279894262,2026-03-26 22:48:23,I,1,정상영업,2024-04-30 16:18:26,,2016-03-07,9272.66,,,2016301013007500001,3010000,"서울특별시 중구 을지로 276 (을지로7가, apMPLACE)",04565,,01,영업/정상,대규모점포,,,02-777-1163
(주)지에스리테일 충주연수점,그 밖의 대규모점포,,283409.973811725,388056.457705197,2025-12-15 16:15:28,I,1,정상영업,2025-04-09 14:45:23,,2016-02-22,1622.1,380-962,충청북도 충주시 연수동 591번지 1호,2012439010307500001,4390000,충청북도 충주시 금곡로 55-0 (연수동),,,01,영업/정상,준대규모점포,,,043-724-1001
LOTTE FITIN 산본점,쇼핑센터,,193789.410732019,428419.578316283,2026-04-18 03:03:03,U,1,정상영업,2026-04-17 09:03:57,,2016-02-11,17003.14,,,2016402010807500001,4020000,경기도 군포시 번영로 485 (산본동),15866,,01,영업/정상,대규모점포,,,02-2299-2684
홈플러스(주)대전가오점,대형마트,,241064.767614979,311893.45796323,2026-05-03 22:32:21,I,1,정상영업,2016-02-11 17:44:03,,2016-02-11,8435.05,300-050,대전광역시 동구 가오동 557번지,2011364010307500002,3640000,대전광역시 동구 은어송로 72 (가오동),,,01,영업/정상,대규모점포,,,
(주) 지에스리테일 홍천점,그 밖의 대규모점포,,277870.200862898,465464.803193958,2025-12-15 16:15:28,I,1,정상영업,2025-04-14 11:55:05,,2016-02-05,1441,,,2016425012107500001,4251000,강원특별자치도 홍천군 홍천읍 홍천로 344,25139,,01,영업/정상,준대규모점포,,,033-433-0085
홈플러스(주)하남점,대형마트,,,,2025-12-15 16:15:28,I,1,정상영업,2016-02-19 15:55:46,,2016-02-01,10350,465-030,경기도 하남시 신장동 747번지,2016404015507500001,4040000,,,,01,영업/정상,대규모점포,,,02-3457-8000
홈플러스(주) 익스프레스 서울논현역점,복합쇼핑몰,2019-08-17,201658.76521908,445341.749545748,2025-12-15 16:15:28,I,3,폐업처리,2019-08-22 17:46:14,,2016-01-29,258.3,137-041,서울특별시 서초구 반포1동 705번지,2012321012207500006,3210000,서울특별시 서초구 신반포로 326 (반포동),,,03,폐업,준대규모점포,,,34468545
홈플러스 삼천포점,대형마트,,298587.268961901,160715.237733786,2026-05-08 22:02:24,I,1,정상영업,2024-02-26 13:34:52,,2016-01-28,13008,664-160,경상남도 사천시 벌리동 58번지 3호,2007534001607500002,5340000,경상남도 사천시 중앙로 165 (벌리동),,,01,영업/정상,대규모점포,,,055-831-8131
코스트코 홀세일 송도점,대형마트,,167456.668495982,432023.341827917,2026-05-11 23:16:52,I,1,정상영업,2017-03-07 16:45:21,,2016-01-13,13875.64,,인천광역시 연수구 송도동 98번지,2016352012507500001,3520000,,,,01,영업/정상,대규모점포,,,02-2630-2784
농협하나로클럽 성화점,구분없음,2020-02-10,240915.938605131,346413.737204004,2026-05-06 22:48:33,I,3,폐업처리,2020-02-10 09:19:59,,2016-01-11,563.21,,,2016571011507500001,5710000,"충청북도 청주시 서원구 신성화로 35-0, 101호 (성화동)",,2019-07-18,03,폐업,준대규모점포,2019-07-03,2020-07-02,043-290-0114
(주)지에스리테일 GS수퍼 수원아트리움점,구분없음,,198580.177391346,423071.097411366,2026-03-11 01:45:42,I,1,정상영업,2025-05-01 15:49:39,,2015-12-31,968.32,,경기도 수원시 장안구 정자동 600-28,2015374030907500005,3740000,"경기도 수원시 장안구 이목로 24-3, 지하1층 B01~B03호 (정자동)",16336,,01,영업/정상,준대규모점포,,,02-2006-3059
롯데쇼핑(주) 아울렛 가산점,쇼핑센터,2025-09-30,189722.178532426,441920.972770099,2026-05-07 22:30:13,U,3,폐업처리,2025-10-21 16:05:35,,2015-12-29,8815.59,153-801,서울특별시 금천구 가산동 60번지 19호,2015317017407500001,3170000,서울특별시 금천구 벚꽃로 278 (가산동),,,03,폐업,대규모점포,,,02-3397-3000
점프밀라노,그 밖의 대규모점포,,202271.694937929,444339.880973826,2025-12-15 16:15:28,I,1,정상영업,2025-02-06 13:09:54,,2015-12-11,5155.7,,,2015322016207500001,3220000,"서울특별시 강남구 강남대로 432 (역삼동, 점프밀라노)",06129,,01,영업/정상,대규모점포,,,02-3446-7133
(주)대구백화점 디마켓 프라임,구분없음,2016-12-26,354859.878411554,260997.43642367,2026-05-03 22:40:52,I,3,폐업처리,2018-03-08 17:16:47,,2015-12-10,1005.3,,"대구광역시 수성구 신매동 30번지 5호 시지효성백년가약1단지 301동 130,1호",2015346014007500001,3460000,"대구광역시 수성구 달구벌대로 3280, 301동 130,131,132,133,134호 (신매동, 시지효성백년가약1단지아파트)",42278,,03,폐업,준대규모점포,,,053-420-8172
GS THE FRESH 진해풍호점,그 밖의 대규모점포,,355532.334699694,182681.549065923,2026-04-30 22:00:15,I,1,정상영업,2025-04-21 16:22:01,,2015-11-27,586,,경상남도 창원시 진해구 풍호동 305-17 창원 마린 푸르지오 2단지,2015567057407500001,5670000,"경상남도 창원시 진해구 충장로657번길 35 (풍호동, 창원 마린 푸르지오 2단지)",51628,,01,영업/정상,준대규모점포,,,055-543-9340
힐탑 프리미엄 아울렛,전문점,,403231.72054208,204710.416636969,2026-05-03 22:38:29,I,1,정상영업,2023-10-04 10:33:28,,2015-11-24,9474.97,,,2015340007207500001,3400000,부산광역시 기장군 장안읍 정관로 1142 (힐탑 프리미엄 아울렛),46029,,01,영업/정상,대규모점포,,,051-201-2734
모다아울렛(MODAoutlet)순천만플라자,전문점,,,,2026-07-01 12:27:47,I,1,정상영업,2024-05-16 13:04:32,,2015-11-23,9482.31,,전남광주통합특별시 순천시 해룡면 남가리 43번지 2호,2015482024907500001,5790000,전남광주통합특별시 순천시 해룡면 상성길 70 (순천만플라자모다아울렛),58005,,01,영업/정상,대규모점포,,,
(주)지에스리테일 부산용호점,구분없음,2019-12-18,392463.221261721,183403.499935071,2026-05-06 22:35:19,I,3,폐업처리,2019-12-27 14:45:23,,2015-11-09,974.65,,부산광역시 남구 용호동 958번지,2015331008807500003,3310000,부산광역시 남구 신선로 566-3 (용호동),48515,,03,폐업,준대규모점포,,,02-2006-2156
(주)대명화학 유통사업부 인천점,대형마트,,,,2026-07-01 13:36:35,I,1,정상영업,2021-12-16 11:21:19,,2015-11-05,21447.6,,인천광역시 서해구 원창동 381번지 69호,2015356013707500001,3561000,"인천광역시 서해구 북항로32번안길 50 (원창동, 모다아울렛인천점)",22769,,01,영업/정상,대규모점포,,,032-288-5000
(주)지에스리테일 만덕동문점,그 밖의 대규모점포,2019-11-27,385017.803672063,191676.422509467,2026-05-03 22:39:05,I,3,폐업처리,2019-12-04 09:13:39,,2015-10-19,495.57,616-112,부산광역시 북구 만덕동 834번지,2015332008807500001,3320000,부산광역시 북구 덕천로276번길 60 (만덕동),,,03,폐업,준대규모점포,,,051-510-4698
GS더프레시 양산중부점,구분없음,,384840.106810764,206210.196079308,2025-12-15 16:15:28,I,1,정상영업,2025-05-08 12:04:21,,2015-10-13,272.16,,,2015538018707500002,5380000,"경상남도 양산시 양주로 156, 123동 101호 (중부동, 대동황토방아파트)",50625,,01,영업/정상,준대규모점포,,,02-2006-3053
해마루밸리,쇼핑센터,,328477.262533758,293642.054135141,2025-12-15 16:15:28,I,1,정상영업,2016-03-22 09:40:02,,2015-09-23,9932.33,,"경상북도 구미시 구포동 1079번지 1080, 1081",2015508013307500001,5080000,경상북도 구미시 해마루공원로 21 (구포동),39421,,01,영업/정상,대규모점포,,,054-475-8908
신세계백화점 강남점,백화점,,200250.447804795,444683.220506107,2026-06-24 03:03:03,U,1,정상영업,2026-06-23 11:35:26,,2015-09-22,64948.72,,서울특별시 서초구 반포동 19번지 3호,2005321007607500007,3210000,서울특별시 서초구 신반포로 176 (반포동),,,01,영업/정상,대규모점포,,,02-3479-1005
모다아울렛,전문점,,413607.045846035,233394.128239783,2026-05-06 22:48:28,I,1,정상영업,2021-04-15 18:14:01,,2015-08-28,18608.33,,"울산광역시 북구 진장동 283번지 4호 , 283번지 5호",2015372014207500003,3720000,"울산광역시 북구 진장유통로 78-6 (진장동, 모다아울렛)",44248,,01,영업/정상,대규모점포,,,053-589-6017
(주)롯데슈퍼 남악가맹점,그 밖의 대규모점포,2020-12-31,150496.872500905,145502.068220471,2026-07-14 11:38:15,I,3,폐업처리,2024-08-26 16:12:26,,2015-08-20,0,,전남광주통합특별시 무안군 삼향읍 남악리 2274 남악오룡시장,2015495014307500001,5880000,"전남광주통합특별시 무안군 삼향읍 남악3로 15, 남악뉴캐슬복합상가 103, 104호",58567,,03,폐업,준대규모점포,,,
아이스퀘어몰,쇼핑센터,,371384.790228704,193381.006626705,2025-12-15 16:15:28,I,1,정상영업,2017-10-31 14:12:01,,2015-07-23,34745.36,621-010,경상남도 김해시 부원동 1043번지,2015535023407500001,5350000,경상남도 김해시 김해대로 2342 (부원동),,,01,영업/정상,대규모점포,,,055-329-9000
관악쇼핑,그 밖의 대규모점포,,196347.099270374,442938.722385983,2025-12-15 16:15:28,I,1,정상영업,2016-07-20 18:06:16,,2015-07-09,4096.65,151-803,서울특별시 관악구 봉천동 10번지 4호 외14필지,2015320021107500002,3200000,서울특별시 관악구 청림3길 10 (봉천동),,,01,영업/정상,대규모점포,,,02-885-4579
(주)이마트 광교점,대형마트,,204159.790041271,421622.575799907,2026-03-11 01:45:42,I,1,정상영업,2024-04-29 10:50:51,,2015-06-29,16100.78,443-270,경기도 수원시 영통구 이의동 1240번지,2015374030907500003,3740000,경기도 수원시 영통구 광교로 191 (이의동),,,01,영업/정상,대규모점포,,,02-380-9394
롯데몰 진주점,복합쇼핑몰,,303762.559264618,187362.850391251,2026-04-08 03:03:03,U,1,정상영업,2026-04-07 10:31:56,,2015-06-16,34629.63,,경상남도 진주시 충무공동 35번지,2015531014307500001,5310000,경상남도 진주시 동진로 440 (충무공동),52851,,01,영업/정상,대규모점포,,,055-791-2536
홈플러스(주)울산북구점,대형마트,2026-07-15,412349.300490111,239222.450142668,2026-05-06 22:48:28,U,3,폐업처리,2026-07-15 10:55:22,,2015-06-09,8510,683-480,울산광역시 북구 상안동 322번지 9호,2015372014207500002,3720000,울산광역시 북구 신답로 26-0 (상안동),,,03,폐업,대규모점포,2025-12-28,2026-12-27,052-293-2080
아브뉴프랑광교점,쇼핑센터,,204409.226022404,420967.617798492,2026-03-11 01:45:42,I,1,정상영업,2024-11-27 17:06:54,,2015-05-29,25461,443-270,경기도 수원시 영통구 이의동 1332번지,2015374030907500002,3740000,경기도 수원시 영통구 센트럴타운로 85 (이의동),,,01,영업/정상,대규모점포,,,02-6177-0621
한섬 패션웨어하우스,전문점,,209153.939131626,415263.040054563,2026-04-01 22:14:07,I,1,정상영업,2021-04-20 14:10:08,,2015-05-28,5766.11,446-902,경기도 용인시 기흥구 공세동,2015405037107500001,4050000,경기도 용인시 기흥구 공세로 186 (공세동),,,01,영업/정상,대규모점포,,,031-285-4724
(주)현대백화점 현대시티아울렛 대구점,쇼핑센터,,346807.086927073,264654.357512466,2026-04-30 22:30:10,I,1,정상영업,2024-04-02 09:09:41,,2015-05-22,34772.76,,대구광역시 동구 신천동 294번지 5호,2015342013507500001,3420000,대구광역시 동구 동대구로 454 (신천동),,,01,영업/정상,대규모점포,,,053-430-2612
롯데쇼핑(주)롯데몰 광교점,쇼핑센터,,204888.855554772,420476.391558834,2026-04-15 03:03:03,U,1,정상영업,2026-04-14 14:50:14,,2015-05-18,31749.58,,경기도 수원시 영통구 이의동 1338번지,2015374030907500001,3740000,"경기도 수원시 영통구 도청로 10 (이의동, 광교센트럴푸르지오시티)",16508,,01,영업/정상,대규모점포,,,02-2118-6891
(주)모다이노칩 행담도점,전문점,,182853.447608493,382877.61678826,2026-05-08 22:46:57,I,1,정상영업,2024-06-05 16:14:48,,2015-05-07,14785.41,,충청남도 당진시 신평면 매산리 516번지 4호,2015568022207500001,5680000,충청남도 당진시 신평면 서해안고속도로 276 (모다아울렛),31750,,01,영업/정상,대규모점포,,,041-970-2408
롯데슈퍼 이서에코르가맹점,그 밖의 대규모점포,2020-06-11,202096.73,258618.691,2025-12-15 16:15:28,I,3,폐업처리,2020-06-11 14:07:42,,2015-04-30,363,,전북특별자치도 완주군 이서면 용서리 782번지 6호,2015472015307500001,4721000,"전북특별자치도 완주군 이서면 지사제로 5, 1층",55365,,03,폐업,준대규모점포,,,063-224-4979
(주)이마트SSG목동점,그 밖의 대규모점포,2018-01-31,189031.829869484,446838.086678867,2025-12-15 16:15:28,I,3,폐업처리,2018-02-12 17:17:48,,2015-04-22,3666.81,,,2015314016707500001,3140000,"서울특별시 양천구 오목로 354, 지하1층 (목동, 목동센트럴푸르지오)",08007,,03,폐업,대규모점포,,,02-727-1405
에브리데이 철원점,그 밖의 대규모점포,2016-01-15,226855.969678903,516214.984394342,2025-12-15 16:15:28,I,3,폐업처리,2016-01-15 17:59:55,,2015-04-16,851.1,,,2014430006907500002,4301000,강원특별자치도 철원군 갈말읍 명성로 187,,,03,폐업,준대규모점포,,,033-452-4532
현대백화점 판교점,백화점,,209850.446960528,432304.149379043,2025-12-15 16:15:28,I,1,정상영업,2024-03-04 16:12:15,,2015-04-14,59887.88,,경기도 성남시 분당구 백현동 541 현대백화점 판교점,2015378021907500001,3780000,"경기도 성남시 분당구 판교역로146번길 20, 현대백화점 판교점 (백현동)",13529,,01,영업/정상,대규모점포,,,070-7204-9702
커먼그라운드,그 밖의 대규모점포,,205758.816662193,448768.161400623,2025-12-15 16:15:28,I,1,정상영업,2016-11-28 11:17:58,,2015-04-03,4037.2,,서울특별시 광진구 자양동 17번지 1호,2015304016807500001,3040000,서울특별시 광진구 아차산로 200 (자양동),05071,,01,영업/정상,대규모점포,,,36777281
진장아울렛,전문점,,413607.045846035,233394.128239783,2026-05-06 22:48:28,I,4,직권취소,2024-12-20 17:49:03,,2015-03-31,18608.33,683-003,울산광역시 북구 진장동 283번지 4호 울산우편집중국,2015372014207500001,3720000,울산광역시 북구 진장유통로 42-19 (진장동),,,04,취소/말소/만료/정지/중지,대규모점포,,,052-288-9090
(주)지에스리테일 염창점,구분없음,,188680.48304204,449829.694259357,2025-12-15 16:15:28,I,1,정상영업,2025-08-25 09:38:15,,2015-03-23,286.2,157-861,서울특별시 강서구 염창동 249번지 8호 1층,2015315016607500001,3150000,"서울특별시 강서구 양천로 687, 1층 (염창동)",,,01,영업/정상,준대규모점포,,,02-3665-7255
이마트과천점,복합쇼핑몰,,199209.021144538,436019.965418918,2025-12-15 16:15:28,I,1,정상영업,2024-04-17 16:41:40,,2015-03-17,9798,,,2015397003207500001,3970000,경기도 과천시 별양상가3로 11-0 (별양동),,,01,영업/정상,대규모점포,,,02-380-9396
두진레이크,그 밖의 대규모점포,,179162.766413313,462851.25056701,2025-12-15 16:15:28,I,1,정상영업,2017-04-06 18:31:13,,2015-03-06,4162,412-290,경기도 고양시 일산서구 주엽동 83번지,2000394000007500004,3940000,경기도 고양시 일산서구 중앙로 1391-0 (주엽동),,,01,영업/정상,대규모점포,,,031-912-6011
박스스토어,그 밖의 대규모점포,,384040.051012233,202516.471968794,2025-12-15 16:15:28,I,1,정상영업,2015-02-20 15:50:08,,2015-02-12,3599.19,,,2015538018707500001,5380000,경상남도 양산시 동면 수질정화공원로 40,,,01,영업/정상,대규모점포,,,055-380-4800
현대프리미엄아울렛 김포점,쇼핑센터,,180999.482133785,455254.138222429,2025-12-15 16:15:28,I,1,정상영업,2024-05-08 13:08:37,,2015-02-09,38726.6,415-816,경기도 김포시 고촌읍 전호리 654번지,2015409022907500001,4090000,경기도 김포시 고촌읍 아라육로152번길  100,,,01,영업/정상,대규모점포,,,070-7204-4920
다보네가구,전문점,,392620.767456147,180839.195728232,2026-05-06 22:35:19,I,1,정상영업,2018-09-28 15:23:56,,2015-02-04,3670.35,608-839,부산광역시 남구 용호동 566번지 3호,2015331008807500002,3310000,부산광역시 남구 이기대공원로 450 (용호동),,,01,영업/정상,대규모점포,,,051-625-2532
롯데쇼핑(주) 롯데마트 서초점,대형마트,,200440.010811975,443124.671418408,2026-06-24 03:03:03,U,1,정상영업,2026-06-23 11:34:28,,2015-02-03,12066.12,,"서울특별시 서초구 서초동 1498-5 마제스타시티, 힐스테이트 서리풀",2015321015507500001,3210000,"서울특별시 서초구 서초대로38길 12 (서초동, 마제스타시티, 힐스테이트 서리풀)",06655,,01,영업/정상,대규모점포,,,02-2145-8000
롯데슈퍼 충주칠금점,,,281319.844286491,387482.58704793,2025-12-15 16:15:28,I,1,정상영업,2015-01-26 20:47:23,,2015-01-26,594,380-964,충청북도 충주시 칠금동 171번지 2호,2015439012107500001,4390000,,,,01,영업/정상,준대규모점포,,,043-852-5335
롯데쇼핑(주) 롯데마트 거제점,대형마트,,354141.686293625,155958.799201757,2026-05-13 21:48:10,U,1,정상영업,2026-05-12 16:53:02,,2015-01-21,10876.03,,경상남도 거제시 옥포동 443번지 옥포아파트,2015537016507500001,5370000,"경상남도 거제시 서간도길 9-9 (옥포동, 거제엘크루랜드마크,롯데마트)",53227,,01,영업/정상,대규모점포,,,
이마트 세종점,대형마트,,222425.493016349,330046.389124869,2026-03-26 22:01:15,I,1,정상영업,2024-04-15 13:29:34,,2015-01-09,13996.41,,세종특별자치시 가람동 970번지 이마트세종점,201556902920750001,5690000,"세종특별자치시 금송로 687, 이마트세종점 (가람동)",30065,,01,영업/정상,대규모점포,,,044-902-1234
이마트 세종점,대형마트,,222425.493016349,330046.389124869,2026-03-26 22:01:15,I,1,정상영업,2018-07-06 15:27:28,,2015-01-09,13996.41,,세종특별자치시 가람동 406번지 이마트세종점,2015569013607500001,5690000,"세종특별자치시 금송로 687, 이마트세종점 (가람동)",30065,,01,영업/정상,대규모점포,,,044-902-1234
W 스퀘어,쇼핑센터,,392495.046847798,183633.944535074,2026-05-06 22:35:19,I,1,정상영업,2024-12-26 16:06:54,,2015-01-08,41762.67,608-091,부산광역시 남구 용호동 954번지,2015331008807500001,3310000,,,,01,영업/정상,대규모점포,,,051-630-5000
한화갤러리아(주) 진주점,백화점,,298496.244248712,189144.044742329,2025-12-15 16:15:28,I,1,정상영업,2023-11-29 17:53:38,,2014-12-29,23584,,경상남도 진주시 평안동 195번지 한화갤러리아백화점,2012531014307500001,5310000,"경상남도 진주시 진주대로 1095, 한화갤러리아백화점 (평안동)",52683,,01,영업/정상,대규모점포,,,055-791-1000
이천일아울렛부평점,복합쇼핑몰,,174296.583284585,443196.9838165,2026-05-12 22:48:10,U,1,정상영업,2026-05-11 15:56:22,,2014-12-26,21470.56,,인천광역시 부평구 산곡동 311번지 151호,2014354011907500005,3540000,인천광역시 부평구 경원대로 1277 (산곡동),21384,,01,영업/정상,대규모점포,,,
"넥스틸(주), (주)대성철강",전문점,,360244.0266089,200344.093352932,2025-12-15 16:15:28,I,1,정상영업,2016-06-23 14:07:42,,2014-12-24,4368.39,621-801,경상남도 김해시 진영읍 내룡리 76번지,2014535023407500001,5350000,경상남도 김해시 진영읍 서부로 76,,,01,영업/정상,대규모점포,,,055-342-4700
연이스퀘어,쇼핑센터,,202624.617262819,456818.85207077,2026-04-30 22:35:18,I,1,정상영업,2019-03-11 15:16:58,,2014-12-24,12353.04,142-100,서울특별시 강북구 미아동 71번지 1호,2014308013907500001,3080000,서울특별시 강북구 도봉로 52 (미아동),,,01,영업/정상,대규모점포,,,02-981-1151
롯데쇼핑(주) 롯데마트 이천점,대형마트,,240254.30365186,419284.62693122,2026-05-30 03:03:03,U,1,정상영업,2026-05-29 11:31:58,,2014-12-17,14460.81,,경기도 이천시 안흥동 474번지 롯데캐슬 골드스카이,2014407008807500001,4070000,"경기도 이천시 구만리로 191 (안흥동, 롯데캐슬 골드스카이)",17372,,01,영업/정상,대규모점포,,,
파크에비뉴 엔터식스 한양대점,복합쇼핑몰,,203481.628249668,450468.773302861,2026-05-07 22:31:41,I,1,정상영업,2019-09-20 17:52:31,,2014-12-09,13996.64,,,2014303010307500001,3030000,서울특별시 성동구 왕십리로 241 (행당동),,,01,영업/정상,대규모점포,,,22079991
현대백화점 프리미엄 아울렛 송도점,쇼핑센터,,169690.265503087,431199.593676188,2026-05-11 23:16:52,I,1,정상영업,2024-05-07 10:52:46,,2014-12-01,44642.85,,인천광역시 연수구 송도동 168번지 1호 현대프리미엄 아울렛 송도점,2014352010507500002,3520000,"인천광역시 연수구 송도국제대로 123, 현대프리미엄 아울렛 송도점 (송도동)",21984,,01,영업/정상,대규모점포,,,032-727-2711
롯데몰 광명점,쇼핑센터,,189614.445095321,435789.264012576,2026-05-16 03:03:03,U,1,정상영업,2026-05-15 10:09:48,,2014-11-26,39420.7,423-090,경기도 광명시 일직동 500번지,2014390019607500003,3900000,경기도 광명시 일직로 17 (일직동),,,01,영업/정상,대규모점포,,,02-6226-2539
도심공항몰(CALT MALL),쇼핑센터,,205170.959716696,445264.936337181,2025-12-15 16:15:28,I,1,정상영업,2019-04-11 14:04:06,,2014-11-25,13667,,,2014322016207500011,3220000,서울특별시 강남구 테헤란로87길 22-0 (삼성동),,,01,영업/정상,대규모점포,,,02-551-0705
타임빌라스 수원,쇼핑센터,,199673.378589066,418025.547756245,2026-04-15 03:03:03,U,1,정상영업,2026-04-14 14:50:48,,2014-11-20,74247.63,,경기도 수원시 권선구 서둔동 381 타임빌라스 수원,2014374017307500005,3740000,"경기도 수원시 권선구 세화로 134, 타임빌라스 수원 (서둔동)",16621,,01,영업/정상,대규모점포,,,031-247-3055
(주)지에스리테일 포항환호점,구분없음,,415634.642624846,288020.164760562,2026-05-07 22:37:46,I,1,정상영업,2016-02-12 10:40:09,,2014-11-10,850.87,,,2014502018807500002,5020000,경상북도 포항시 북구 삼호로 422 (환호동),,,01,영업/정상,준대규모점포,,,02-2006-2156
롯데몰 동부산점,복합쇼핑몰,,401473.950698586,190354.255834345,2026-05-03 22:38:29,U,1,정상영업,2026-04-09 09:24:33,,2014-10-21,81233.42,619-902,부산광역시 기장군 기장읍 당사리 64번지 외 106필지 (동부산관광단지 내),2014340004407500001,3400000,부산광역시 기장군 기장읍 기장해안로 147 (동부산관광단지내),,,01,영업/정상,대규모점포,,,02-771-2500
롯데쇼핑(주)롯데마트 부평역점,대형마트,,175405.11373693,443089.591009306,2026-05-06 22:48:30,I,1,정상영업,2021-12-24 13:42:58,,2014-10-15,8695,403-011,인천광역시 부평구 부평동 16번지,2014354011907500001,3540000,인천광역시 부평구 광장로 16-0 (부평동),,,01,영업/정상,대규모점포,,,
(주)이마트에브리데이 연일점,구분없음,,408994.316830541,280795.937885499,2026-05-07 22:37:46,I,1,정상영업,2024-08-05 10:12:10,,2014-10-08,647.25,,,2014502018807500001,5020000,경상북도 포항시 남구 연일읍 유강길 17,,,01,영업/정상,준대규모점포,,,054-283-4664
롯데쇼핑(주) 롯데슈퍼 송내2동점,구분없음,2021-10-13,179495.539026325,442328.321552958,2025-12-15 16:15:28,I,3,폐업처리,2022-01-18 12:04:41,,2014-10-07,476,422-819,경기도 부천시 소사구 송내동 382번지,2014386033407500001,3860000,경기도 부천시 소사구 중동로22번길 83 (송내동),,,03,폐업,준대규모점포,,,
탑마트 구포점,그 밖의 대규모점포,,381798.273306626,190693.228707938,2026-05-03 22:39:05,I,1,정상영업,2025-04-29 19:11:02,,2014-10-06,862.24,616-806,부산광역시 북구 구포동 937번지 28호,2014332008807500002,3320000,부산광역시 북구 백양대로 1052 (구포동),,,01,영업/정상,준대규모점포,,,051-331-3000
홈플러스(주)익스프레스 구남점,그 밖의 대규모점포,2024-06-04,381552.521372783,190386.518166956,2026-05-03 22:39:05,I,3,폐업처리,2024-06-07 17:33:17,,2014-10-06,198,616-807,부산광역시 북구 구포동 1091번지,2014332008807500001,3320000,부산광역시 북구 백양대로 1013 (구포동),,,03,폐업,준대규모점포,,,051-333-8545
탑마트 안강점,구분없음,,400640.60546017,278727.01233877,2025-12-15 16:15:28,I,1,정상영업,2025-04-28 13:55:55,,2014-10-02,1061.31,780-807,경상북도 경주시 안강읍 안강리 366번지 2호,2014505021307500003,5050000,경상북도 경주시 안강읍 비화동길  41,,,01,영업/정상,준대규모점포,,,054-761-3113
탑마트 경주황성점,구분없음,,399650.194452188,265188.804677552,2025-12-15 16:15:28,I,1,정상영업,2025-04-28 13:50:53,,2014-10-02,1580.55,780-955,경상북도 경주시 황성동 903번지 8호,2014505021307500002,5050000,경상북도 경주시 용담로104번길 25 (황성동),,,01,영업/정상,준대규모점포,,,054-744-5588
탑마트 경주동부점,구분없음,,399781.468150029,262837.211916801,2025-12-15 16:15:28,I,1,정상영업,2025-04-28 13:57:39,,2014-10-02,1487.95,780-040,경상북도 경주시 동부동 105번지 1호,2014505021307500001,5050000,경상북도 경주시  중앙로  60 (동부동),,,01,영업/정상,준대규모점포,,,054-749-2007
홈플러스(주) 익스프레스 분당점,구분없음,,212637.407607508,429830.868576239,2026-07-09 21:48:12,U,1,정상영업,2026-07-08 17:01:20,,2014-10-02,295,,,2014378021907500001,3780000,경기도 성남시 분당구 장안로 39 (분당동),,,01,영업/정상,준대규모점포,,,031-701-8549
주식회사 홈플러스익스프레스 부개점,그 밖의 대규모점포,,176912.147054188,444705.062542123,2026-07-10 22:48:10,U,1,정상영업,2026-07-09 16:11:00,,2014-10-01,282.3,403-815,인천광역시 부평구 부개동 496번지 17호,2014354011907500004,3540000,인천광역시 부평구 부개로 73 (부개동),,,01,영업/정상,준대규모점포,,,032-330-8545
모다이노칩 부평점,백화점,,175119.872281497,443502.318221991,2026-05-06 22:48:30,U,1,정상영업,2026-02-25 09:21:39,,2014-10-01,18601.4,,인천광역시 부평구 부평동 70번지 127호,2014354011907500003,3540000,인천광역시 부평구 부평문화로 35 (부평동),21387,,01,영업/정상,대규모점포,,,02-2073-5111
롯데쇼핑(주)롯데마트 삼산점,대형마트,,176238.624820895,445107.924835985,2026-05-06 22:48:30,I,1,정상영업,2020-02-13 09:25:31,,2014-10-01,15652.92,,인천광역시 부평구 삼산동 465번지 1호,2007354006107500002,3540000,"인천광역시 부평구 길주로 623 (삼산동, 대덕리치아노)",21344,,01,영업/정상,대규모점포,,,032-363-2500
롯데백화점 부평점,백화점,,175119.872281497,443502.318221991,2026-05-06 22:48:30,I,1,정상영업,2017-06-13 10:04:09,,2014-10-01,18601.4,,인천광역시 부평구 부평동 70번지 127호,2007354006107500001,3540000,"인천광역시 부평구 부평문화로 35 (부평동, 롯데백화점)",21387,,01,영업/정상,대규모점포,,,032-452-2812
주식회사 홈플러스익스프레스 용문점,복합쇼핑몰,,235251.993830709,315297.805895239,2026-07-08 22:18:10,U,1,정상영업,2026-07-07 13:15:46,,2014-09-30,367.7,302-220,대전광역시 서구 용문동 257번지 2호,2014366013407500002,3660000,대전광역시 서구 계룡로 648 (용문동),,,01,영업/정상,준대규모점포,,,042-528-8546
(주)서원유통 탑마트 초량점,구분없음,,385852.01678925,181637.038371456,2025-12-15 16:15:28,I,1,정상영업,2025-05-02 13:50:23,,2014-09-29,1101.56,601-829,부산광역시 동구 초량2동 393번지 1호,2012327008607500002,3270000,부산광역시 동구 초량로13번길 53 (초량동),,,01,영업/정상,준대규모점포,,,051-466-2112
홈플러스익스프레스 방배점,복합쇼핑몰,2019-04-30,198709.207041029,442599.234175666,2025-12-15 16:15:28,I,3,폐업처리,2019-05-28 09:38:04,,2014-09-29,206.1,137-845,서울특별시 서초구 방배동 950번지 1호,2014321012207500001,3210000,서울특별시 서초구 서초대로 34 (방배동),,,03,폐업,준대규모점포,,,02-584-8545
롯데쇼핑(주) 롯데마트 김포한강점,대형마트,,171471.604963288,459839.83969575,2025-12-15 16:15:28,I,1,정상영업,2017-12-20 17:03:35,,2014-09-26,11900.82,415-060,경기도 김포시 장기동 2031번지,2014409022907500001,4090000,경기도 김포시 김포한강2로 41 (장기동),,,01,영업/정상,대규모점포,,,02-2145-8487
홈플러스 익스프레스 서울회기점,구분없음,2026-01-31,204599.373004139,454552.779662883,2026-02-03 22:18:10,U,3,폐업처리,2026-02-02 21:19:01,,2014-09-25,141,,,2014305014007500003,3050000,서울특별시 동대문구 경희대로 20 (회기동),,,03,폐업,준대규모점포,,,02-959-8545
(주)서원유통탑마트고성점,복합쇼핑몰,,319767.803449326,164933.797478029,2026-03-26 22:45:48,I,1,정상영업,2025-04-28 16:10:36,,2014-09-23,951,,,2014542007907500001,5420000,경상남도 고성군 고성읍 성내로 28,,,01,영업/정상,준대규모점포,,,055-674-8131
홈플러스(주)익스프레스 수원매탄2점,구분없음,,203791.864903026,419173.951406622,2026-03-11 01:45:42,I,1,정상영업,2020-09-16 15:06:46,,2014-09-22,237.7,,,2014374017307500004,3740000,경기도 수원시 영통구 중부대로 254 (매탄동),,,01,영업/정상,준대규모점포,,,031-217-8545
(주)서원유통 탑마트 통영점,구분없음,,329274.447429766,149066.277372449,2026-05-04 22:00:47,I,1,정상영업,2016-07-20 09:54:51,,2014-09-18,1397.71,650-140,경상남도 통영시 봉평동 156번지 10호,2012533010507500001,5330000,경상남도 통영시 미수해안로 164-13 (봉평동),,,01,영업/정상,준대규모점포,,,055-648-8161
삼전프라자상가,대형마트,,302039.942281779,188748.784334961,2025-12-15 16:15:28,I,1,정상영업,2025-09-01 15:48:48,,2014-09-18,5845,,경상남도 진주시 하대동 315호,1997531000007500015,5310000,경상남도 진주시 도동로 251 (하대동),,,01,영업/정상,대규모점포,,,055-758-0959
순천농협오성지점,그 밖의 대규모점포,,,,2026-07-01 12:27:46,I,1,정상영업,2023-10-18 18:02:15,,2014-09-17,625.62,,,2012482015207500005,5790000,전남광주통합특별시 순천시 주암면 동주로 2480,,,01,영업/정상,준대규모점포,,,061-754-4991
순천농협황전지점 경제과,그 밖의 대규모점포,,,,2026-07-01 12:27:46,I,1,정상영업,2015-06-02 18:31:14,,2014-09-17,247.47,,,2012482015207500003,5790000,전남광주통합특별시 순천시 월등면 월등로 1040,,,01,영업/정상,준대규모점포,,,061-754-9292
(주)이마트에브리데이 순천점,그 밖의 대규모점포,2017-10-11,,,2026-07-01 12:27:46,I,3,폐업처리,2017-10-12 08:53:50,,2014-09-17,1113,,,2012482015207500001,5790000,전남광주통합특별시 순천시 우석로 175 (인제동),,,03,폐업,준대규모점포,,,061-832-1336
홈플러스(주)순천풍덕점,대형마트,,246427.675879142,160255.485969845,2026-07-14 11:38:15,I,1,정상영업,2024-03-05 11:10:59,,2014-09-17,16224.04,540-745,전남광주통합특별시 순천시 풍덕동 300번지,2011482015207500001,5790000,전남광주통합특별시 순천시  팔마로  222 (풍덕동),,,01,영업/정상,대규모점포,,,061-746-2080
(주)이마트 순천점,대형마트,,246400.830087538,160517.102712463,2026-07-14 11:38:15,I,1,정상영업,2024-04-16 15:25:57,,2014-09-17,9507.52,,전남광주통합특별시 순천시 덕암동 169호 외 4필지,2005482011807500001,5790000,"전남광주통합특별시 순천시 팔마로 191 (덕암동,외 4필지)",,,01,영업/정상,대규모점포,,,
홈플러스 진주점,대형마트,,301729.02108352,188168.815314509,2025-12-15 16:15:28,U,1,정상영업,2026-07-16 16:52:30,,2014-09-17,10703,,경상남도 진주시 상대동 181-1 홈플러스,2010531001307500001,5310000,"경상남도 진주시 대신로 304, 홈플러스 (상대동)",52775,,01,영업/정상,대규모점포,,,055-771-8121
(주)이마트에브리데이 인계점,구분없음,2018-10-31,,,2026-03-11 01:45:41,I,3,폐업처리,2018-10-31 10:06:47,,2014-09-16,658.79,,,2014374017307500003,3740000,경기도 수원시 팔달구 장다리로 306-29 (인계동),,,03,폐업,준대규모점포,,,031-223-3701
(주)이마트에브리데이 매탄점,구분없음,,203654.140907291,418212.585267662,2026-03-11 01:45:41,I,1,정상영업,2024-08-06 17:52:55,,2014-09-16,620.21,,,2014374017307500002,3740000,경기도 수원시 영통구 인계로 219 (매탄동),,,01,영업/정상,준대규모점포,,,031-213-2586
홈플러스(주)익스프레스 수원연무점,구분없음,,202693.265138935,421193.449255723,2026-03-11 01:45:41,I,1,정상영업,2024-01-12 14:09:12,,2014-09-16,232.6,,,2014374017307500001,3740000,경기도 수원시 장안구 창룡대로 193 (연무동),,,01,영업/정상,준대규모점포,,,031-256-8546
GS THE FRESH 강남영동점,구분없음,,202023.395227792,445302.915908145,2025-12-15 16:15:28,I,1,정상영업,2025-05-07 10:30:38,,2014-09-16,510.88,,서울특별시 강남구 논현동 140 영동프라자,2014322016207500010,3220000,"서울특별시 강남구 강남대로128길 20, 영동프라자 (논현동)",06114,,01,영업/정상,준대규모점포,,,02-2006-2156
GS THE FRESH 광명점,구분없음,,186812.038869952,440726.972343729,2025-12-15 16:15:28,I,1,정상영업,2025-08-18 21:32:51,,2014-09-11,273.9,,경기도 광명시 광명동 739-8 유.자.인.주상복합아파트,2014390019607500002,3900000,"경기도 광명시 도덕로 33, 유.자.인.주상복합아파트 1층 (광명동)",14280,2014-09-11,01,영업/정상,준대규모점포,,,02-2685-4589
홈플러스 익스프레스 광명점,구분없음,,186757.059003378,440665.313322961,2026-07-14 21:18:10,U,1,정상영업,2026-07-13 13:05:13,,2014-09-11,196.36,,,2014390019607500001,3900000,경기도 광명시 도덕로 28 (광명동),,2014-09-11,01,영업/정상,준대규모점포,,,02-2060-8545
GS더프레시 동작상도점,구분없음,,195585.914045797,443690.595413251,2026-05-03 22:37:50,I,1,정상영업,2025-10-07 13:57:56,,2014-09-05,251.33,,서울특별시 동작구 상도동 531번지 상가2동 지상1층 101~105호,2014319012807500001,3190000,"서울특별시 동작구 상도로 346-1 (상도동, 상도엠코타운 센트럴파크)",07039,,01,영업/정상,준대규모점포,,,20062156
모다아울렛 진주2호점,전문점,,300034.548207885,181822.424910566,2025-12-15 16:15:28,I,1,정상영업,2024-05-03 11:52:02,,2014-09-04,4803.48,660-822,경상남도 진주시 정촌면 예하리 1277번지 3호,2014531014307500004,5310000,경상남도 진주시 정촌면 삼일로105번길 15,,,01,영업/정상,대규모점포,,,055-923-1100
모다아울렛 진주1호점,전문점,,300045.755290671,182016.059175772,2025-12-15 16:15:28,I,1,정상영업,2021-12-29 10:25:21,,2014-09-04,13693,660-822,경상남도 진주시 정촌면 예하리 1276번지 1호,2014531014307500003,5310000,경상남도 진주시 정촌면 삼일로95번길 46,,,01,영업/정상,대규모점포,,,055-923-1191
비아이에프씨몰(BIFC Mall),그 밖의 대규모점포,,388182.381367829,185024.662471639,2026-05-06 22:35:19,I,1,정상영업,2024-11-04 16:31:37,,2014-08-18,9643.53,608-042,부산광역시 남구 문현동 1229번지 1호,2014331008807500001,3310000,부산광역시 남구 문현금융로 40 (문현동),,,01,영업/정상,대규모점포,,,051-913-5000
롯데마켓999 용산파크자이가맹점,구분없음,2018-06-12,197514.145785647,448264.322314594,2026-05-06 22:48:29,I,3,폐업처리,2018-06-12 11:32:44,,2014-08-05,106,,,2014302009507500003,3020000,서울특별시 용산구 한강대로 205 (한강로1가),,,03,폐업,준대규모점포,,,02-796-8331
롯데쇼핑(주)롯데슈퍼원효로점,복합쇼핑몰,,197045.849468346,448447.558967085,2026-05-06 22:48:29,U,1,정상영업,2026-04-22 18:13:30,,2014-07-31,643.3,,서울특별시 용산구 원효로1가 133-3 리첸시아 용산,2014302009507500002,3020000,"서울특별시 용산구 백범로 341 (원효로1가, 리첸시아 용산)",04315,,01,영업/정상,준대규모점포,,,
롯데프레시 갈월점,구분없음,,197443.881826007,448884.957554763,2026-05-06 22:48:29,I,1,정상영업,2022-09-21 09:08:42,,2014-07-31,121.7,140-160,서울특별시 용산구 남영동 93번지 30호,2014302009507500001,3020000,서울특별시 한강대로77길 12,,,01,영업/정상,준대규모점포,,,02-713-5602
홈플러스(주) 세종점,대형마트,,223118.17941601,334063.124365711,2026-03-26 22:01:15,I,1,정상영업,2025-08-19 15:25:09,,2014-07-25,23716,,세종특별자치시 어진동 503번지 홈플러스 세종점,2014569002107500001,5690000,세종특별자치시 절재로 154 (어진동),30102,,01,영업/정상,대규모점포,,,044-715-8124
이케아 광명점,전문점,,,,2025-12-15 16:15:28,I,1,정상영업,2024-02-26 09:26:55,,2014-07-25,27668.48,,,2014390016207500001,3900000,경기도 광명시 일직로 17 (일직동),,,01,영업/정상,대규모점포,,,02-310-8700
몰오브효자(Mall of hyoja),복합쇼핑몰,,210401.08065162,256333.133658056,2025-12-15 16:15:28,I,1,정상영업,2020-04-11 21:42:42,,2014-07-23,12433.45,,,2014464036307500001,4641000,전북특별자치도 전주시 완산구 용머리로 45 (효자동1가),,,01,영업/정상,대규모점포,,,
롯데전문점 광복점,복합쇼핑몰,,385590.814676765,179553.867031936,2026-04-28 03:03:03,U,1,정상영업,2026-04-27 11:24:51,,2014-07-23,3331.35,,,2014325008307500001,3250000,부산광역시 중구 중앙대로 2 (중앙동7가),,,01,영업/정상,대규모점포,,,051-678-2500
롯데쇼핑(주) VIC마켓 킨텍스점,대형마트,,178207.798502925,462784.587737594,2026-07-24 21:18:10,U,2,휴업처리,2026-07-23 17:51:03,,2014-07-22,19834.8,,경기도 고양시 일산서구 대화동 1050번지 171호,2014394029807500001,3940000,"경기도 고양시 일산서구 주엽로 79 (대화동, 롯데마트빅마켓일산킨텍스점)",10391,,02,휴업,대규모점포,2026-07-31,2026-10-31,02-2145-8455
롯데하이마트 월드타워점,전문점,,209074.900840074,445657.80932984,2025-12-15 16:15:28,I,1,정상영업,2016-10-17 16:47:27,,2014-07-18,4507.29,138-731,서울특별시 송파구 신천동 29번지,2014323019807500014,3230000,서울특별시 송파구 올림픽로 300-0 (신천동),,,01,영업/정상,대규모점포,,,02-2050-5298
(주)서원유통 탑마트 서진주점,대형마트,,296667.581907024,186203.859967488,2025-12-15 16:15:28,I,1,정상영업,2025-04-28 17:02:46,,2014-07-17,9081,,경상남도 진주시 평거동 921 탑마트 진주평거점,2014531014307500002,5310000,"경상남도 진주시 새평거로 136, 탑마트 진주평거점 (평거동)",52703,,01,영업/정상,대규모점포,,,051-330-2553
롯데면세점 월드타워점,전문점,2016-11-30,209074.900840074,445657.80932984,2025-12-15 16:15:28,I,3,폐업처리,2016-11-30 17:47:35,,2014-07-17,9800.99,,서울특별시 송파구 신천동 29번지,2014323019807500013,3230000,서울특별시 송파구 올림픽로 300 (신천동),05551,,03,폐업,대규모점포,,,02-411-9539
롯데쇼핑(주) 롯데마트 월드타워점,대형마트,,209074.900840074,445657.80932984,2026-05-08 03:03:03,U,1,정상영업,2026-05-07 20:15:53,,2014-07-17,6665.89,,서울특별시 송파구 신천동 29번지 롯데월드타워앤드롯데월드몰,2014323019807500012,3230000,"서울특별시 송파구 올림픽로 300, 롯데월드타워앤드롯데월드몰 (신천동)",05551,,01,영업/정상,대규모점포,,,02-2145-8494
롯데백화점 에비뉴엘 월드타워점,백화점,,209074.900840074,445657.80932984,2026-04-19 03:03:03,U,1,정상영업,2026-04-17 18:04:19,,2014-07-17,31680.32,,서울특별시 송파구 신천동 29 롯데월드타워앤드롯데월드몰,2014323019807500011,3230000,"서울특별시 송파구 올림픽로 300, 롯데월드타워앤드롯데월드몰 (신천동)",05551,,01,영업/정상,대규모점포,,,02-2146-2181
롯데월드몰,쇼핑센터,,209074.900840074,445657.80932984,2025-12-15 16:15:28,I,1,정상영업,2024-03-25 09:12:55,,2014-07-17,52792.2,138-240,서울특별시 송파구 신천동 29번지,2014323019807500010,3230000,서울특별시 송파구 올림픽로 300 (신천동),,,01,영업/정상,대규모점포,,,02-411-5100
롯데쇼핑(주)롯데마트 부평점,대형마트,,173767.426219215,444794.439991356,2026-05-06 22:48:30,I,1,정상영업,2020-02-13 09:20:44,,2014-07-01,13763,,,2014354011907500002,3540000,"인천광역시 부평구 마장로 296-0 (산곡동, 롯데마트 부평점)",21362,,01,영업/정상,대규모점포,,,
홈플러스 인천송도점,쇼핑센터,,169499.618663809,430950.250482797,2026-05-11 23:16:52,I,1,정상영업,2024-02-29 12:14:10,,2014-06-27,29337,406-081,인천광역시 연수구 송도동 168번지 3호,2014352010507500001,3520000,인천광역시 연수구 송도국제대로 165-0 (송도동),,,01,영업/정상,대규모점포,,,02-3459-1720
롯데쇼핑(주)롯데슈퍼 서상점,그 밖의 대규모점포,2017-11-15,347160.254548975,197200.75106049,2026-04-30 22:00:15,I,3,폐업처리,2018-01-02 13:08:05,,2014-06-24,982,,,2014567046207500001,5670000,경상남도 창원시 의창구 서상로 46 (서상동),,,03,폐업,준대규모점포,,,055-256-5601
롯데쇼핑(주) 롯데슈퍼 영월점,구분없음,,329961.246335626,410133.019258366,2025-12-15 16:15:28,I,4,직권취소,2021-12-24 08:59:01,,2014-06-23,764.5,,,2014427007007500001,4271000,강원특별자치도 영월군 영월읍 중앙로 5-10,,,04,취소/말소/만료/정지/중지,준대규모점포,,,033-374-5601
해동,그 밖의 대규모점포,2017-11-02,398373.963592261,186944.253697909,2026-05-10 22:54:15,I,3,폐업처리,2017-11-02 14:52:17,,2014-06-17,3025.61,,,2014333010307500001,3330000,부산광역시 해운대구 좌동순환로433번길 40-0 (중동),,,03,폐업,대규모점포,,,051-701-2122
이마트 김포한강점,대형마트,,167119.660833957,460295.332269763,2025-12-15 16:15:28,I,1,정상영업,2024-04-15 17:09:25,,2014-05-12,12339.22,415-080,경기도 김포시 구래동 6880번지 9호,2014409022907500002,4090000,경기도 김포시 김포한강7로 71 (구래동),,,01,영업/정상,대규모점포,,,031-996-8434
부산 자동차부품 유통단지,전문점,,377990.540923002,186717.509501627,2026-03-26 22:47:52,I,1,정상영업,2023-12-07 10:57:09,,2014-05-12,68225.93,618-899,부산광역시 강서구 대저2동 3154번지 2호,2014336010507500001,3360000,부산광역시 강서구 유통단지1로57번길 34 (대저2동),,,01,영업/정상,대규모점포,,,051-313-1818
(주)에이치앤지홀세일 에브리데이리테일 구미송정점,그 밖의 대규모점포,,320516.653079346,292082.162163155,2025-12-15 16:15:28,I,1,정상영업,2015-06-17 17:38:26,,2014-04-24,406.91,,,2014508013307500001,5080000,경상북도 구미시 백산로 54 (송정동),,,01,영업/정상,준대규모점포,,,02-380-5847
지웰시티몰 Ⅱ,복합쇼핑몰,,238310.202218021,349177.645947792,2026-05-06 22:48:32,U,1,정상영업,2025-10-28 13:32:06,,2014-04-23,13983,361-810,충청북도 청주시 흥덕구 복대동 288-14번지,2014436020307500001,5710000,충청북도 청주시 흥덕구 대농로 47-1 (복대동),,,01,영업/정상,대규모점포,,,043-239-8004
(주)이마트 사천점,구분없음,,298325.164351214,161845.029914848,2026-05-08 22:02:24,I,1,정상영업,2024-04-16 17:46:27,,2014-04-15,6659.99,,,2014534001607500001,5340000,경상남도 사천시 삼천포대교로 591 (좌룡동),,,01,영업/정상,대규모점포,,,
이랜드아웃렛,쇼핑센터,,213621.212066729,368554.291224141,2025-12-15 16:15:28,I,4,직권취소,2015-04-15 17:19:52,,2014-04-09,7503.57,,,2014449023407500001,4490000,"충청남도 천안시 동남구 만남로 14 (신부동, 랜드마크타워)",,,04,취소/말소/만료/정지/중지,대규모점포,,,041-552-4512
(주)이마트 대전터미널점,복합쇼핑몰,,239122.638390937,316705.693668735,2026-05-03 22:32:21,I,1,정상영업,2024-04-22 12:46:23,,2014-04-07,23787.54,300-725,1689번지,2014364011407500001,3640000,대전광역시 동구 동서대로 1689-0 (용전동),,,01,영업/정상,대규모점포,,,
롯데쇼핑(주)롯데마트김천점,대형마트,,300539.27821686,293407.852900489,2026-05-05 22:00:12,U,1,정상영업,2026-04-30 10:18:39,,2014-04-01,9111.86,,경상북도 김천시 신음동 470,2014506010207500001,5060000,"경상북도 김천시 시청로 80, 1층 (신음동)",39544,2014-11-27,01,영업/정상,대규모점포,,,02-2145-8000
신원아침도시마인상가,그 밖의 대규모점포,,204320.63321904,447133.658518474,2025-12-15 16:15:28,I,1,정상영업,2014-03-26 13:21:24,,2014-03-25,3246.51,,,2014322016207500001,3220000,서울특별시 강남구 도산대로85길 30 (청담동),,2014-03-26,01,영업/정상,대규모점포,,,02-3446-5999
롯데슈퍼 철원점,그 밖의 대규모점포,,219276.113407794,522598.469112606,2026-02-28 21:18:11,U,1,정상영업,2026-02-27 11:41:58,,2014-03-19,1174,,,2014430006907500001,4301000,강원특별자치도 철원군 동송읍 이평2로 14,,,01,영업/정상,준대규모점포,,,033-455-7300
일성트루엘상가,그 밖의 대규모점포,,194135.772735482,440917.845099207,2025-12-15 16:15:28,I,1,정상영업,2016-02-03 10:17:30,,2014-01-23,4379.68,151-895,서울특별시 관악구 대학동 1523번지,2014320019107500002,3200000,서울특별시 관악구 신림로23길 16 (신림동),,,01,영업/정상,대규모점포,,,02-889-8188
(주)이마트 트레이더스 월평점,구분없음,,232507.184505762,317488.107936776,2026-05-07 22:30:16,I,1,정상영업,2022-11-14 11:13:02,,2014-01-10,11319,,대전광역시 서구 월평동 510,2014366013407500001,3660000,대전광역시 서구 한밭대로 580(월평동),35222,,01,영업/정상,대규모점포,,,042-718-1234
(주)지에스리테일 남산타운점,구분없음,,200750.455125653,449638.824308081,2026-03-26 22:48:22,I,1,정상영업,2025-04-14 18:54:10,,2014-01-10,492.56,,,2014301013007500001,3010000,서울특별시 중구 다산로 32 (신당동),,,01,영업/정상,준대규모점포,,,02-2006-2156
이랜드리테일 NC 중앙로역점,쇼핑센터,,238117.420454614,314301.953643137,2026-05-07 03:03:03,U,1,정상영업,2026-05-06 14:49:13,,2014-01-08,13994.16,,대전광역시 중구 선화동 3번지 14  호,2002365007907500002,3650000,대전광역시 중구 중앙로 141 (선화동),,,01,영업/정상,대규모점포,,,
롯데 아울렛 구리점,쇼핑센터,,212338.516597728,456623.179059563,2026-04-30 03:03:03,U,1,정상영업,2026-04-29 16:57:34,,2013-12-31,19936.36,,경기도 구리시 인창동 419번지 7호 구리 복합몰(롯데아울렛 구리점),2013398010807500001,3980000,"경기도 구리시 동구릉로136번길 47, 구리 복합몰(롯데아울렛 구리점) (인창동)",11915,,01,영업/정상,대규모점포,,,02-557-8828
BMCO,전문점,,377830.639751847,187153.695178996,2026-03-26 22:47:52,I,1,정상영업,2023-09-08 10:47:57,,2013-12-31,53530.86,,부산광역시 강서구 대저2동 3141번지 8호,2013336010507500002,3360000,부산광역시 강서구 유통단지1로 76 (대저2동),46721,,01,영업/정상,대규모점포,,,051-311-4434
모다아울렛 A동 오산점,전문점,,204020.411719317,410030.536433244,2025-12-15 16:15:28,I,1,정상영업,2024-05-08 14:01:24,,2013-12-30,4779.04,447-230,경기도 오산시 외삼미동 562번지 30호,2013400014507500001,4000000,경기도 오산시 경기대로 822-30 (외삼미동),,,01,영업/정상,대규모점포,,,031-8043-4492
홈플러스테스코(주),대형마트,,412349.300490111,239222.450142668,2026-05-06 22:48:28,I,4,직권취소,2023-11-10 11:18:29,,2013-12-05,8510,683-480,울산광역시 북구 상안동 322번지 9호,2013372011607500001,3720000,,,,04,취소/말소/만료/정지/중지,대규모점포,,,052-293-2080
역삼서해더블루,그 밖의 대규모점포,2022-08-19,203389.562748068,443422.779316247,2025-12-15 16:15:28,I,3,폐업처리,2022-08-19 11:11:37,,2013-12-04,3041.01,135-930,서울특별시 강남구 역삼1동 796번지 29호,2013322016207500003,3220000,서울특별시 강남구 논현로63길 16 (역삼동),,,03,폐업,대규모점포,,,02-567-3424
롯데쇼핑(주) 롯데마트 송도점,대형마트,,168348.646973511,431855.205739156,2026-05-19 03:03:03,U,1,정상영업,2026-05-18 12:38:06,,2013-12-02,10874,406-081,인천광역시 연수구 송도1동 6번지 11호,2013352010507500002,3520000,인천광역시 연수구 컨벤시아대로 177 (송도동),,,01,영업/정상,대규모점포,,,032-222-2523
원랜드 패션몰,그 밖의 대규모점포,,209375.772420834,369243.828899857,2025-12-15 16:15:28,I,1,정상영업,2018-05-25 10:05:56,,2013-11-29,9248,,,2013449023407500002,4490000,충청남도 천안시 서북구 음봉로 891 (백석동),,,01,영업/정상,대규모점포,,,041-554-1111
이노시티,복합쇼핑몰,,207923.745922676,455090.718335439,2025-12-15 16:15:28,I,1,정상영업,2024-06-18 15:25:21,,2013-11-28,21844.34,,,2013306009507500001,3060000,"서울특별시 중랑구 망우로 353-0 (상봉동, 프레미어스 엠코)",,,01,영업/정상,대규모점포,,,02-2207-9991
베라체캠퍼스 에비뉴,그 밖의 대규모점포,,204881.313219146,454280.040555974,2025-12-15 16:15:28,I,1,정상영업,2022-04-06 11:28:46,,2013-11-27,3824.55,130-050,서울특별시 동대문구 회기동 346번지 18호,2013305014007500002,3050000,서울특별시 동대문구  이문로  37 (회기동),,,01,영업/정상,대규모점포,,,02-957-2116
(주)준성공,백화점,,399897.502965733,262635.121193853,2025-12-15 16:15:28,I,1,정상영업,2014-10-06 13:57:52,,2013-10-30,5133.82,780-020,경상북도 경주시 노동동 140번지 6호,2013505021307500001,5050000,경상북도 경주시 계림로 101 (노동동),,,01,영업/정상,대규모점포,,,
(주)이랜드리테일NC이천점,쇼핑센터,,239066.829966423,420094.84719581,2026-05-09 22:02:22,U,1,정상영업,2026-04-29 10:58:08,,2013-10-30,14628,467-804,경기도 이천시 창전동 152번지 5호,2013407008807500003,4070000,경기도 이천시 영창로 165 (창전동),,,01,영업/정상,대규모점포,,,031-633-6898
트리플렉스 A단지,그 밖의 대규모점포,,181258.71259879,424761.274007584,2025-12-15 16:15:28,I,1,정상영업,2013-10-17 18:04:10,,2013-10-17,31618.98,425-850,경기도 안산시 단원구 원곡동 994번지 6호,2013393028707500002,3930000,경기도 안산시 단원구 풍전로 37-9 (원곡동),,,01,영업/정상,대규모점포,,,02-510-8073
트리플렉스 B단지,그 밖의 대규모점포,,181240.4821091,424913.855250784,2025-12-15 16:15:28,I,1,정상영업,2013-10-17 18:22:37,,2013-10-17,10746.11,425-850,경기도 안산시 단원구 원곡동 994번지 8호,2013393028707500001,3930000,경기도 안산시 단원구 풍전로 37-24 (원곡동),,,01,영업/정상,대규모점포,,,02-510-8073
마리오아울렛 1관,쇼핑센터,,189943.234285288,441784.247518723,2026-05-07 22:30:13,I,1,정상영업,2023-02-28 20:56:47,,2013-09-06,24253.99,153-023,서울특별시 금천구 가산동 60번지 22호,2013317014207500002,3170000,서울특별시 금천구 디지털로 185 (가산동),,,01,영업/정상,대규모점포,,,02-2109-7000
두암상가,그 밖의 대규모점포,,190916.911377676,443681.766720649,2026-05-11 22:40:07,I,1,정상영업,2020-09-07 11:17:23,,2013-09-02,3003.29,,서울특별시 영등포구 대림동 717 대림동 쌍용 플래티넘-S,2013318016307500001,3180000,"서울특별시 영등포구 대림로29길 13 (대림동, 대림동 쌍용 플래티넘-S)",07413,,01,영업/정상,대규모점포,,,02-2609-2002
롯데쇼핑(주) 롯데슈퍼 장안 2동점,구분없음,2014-12-31,206325.349431713,452184.2101607,2025-12-15 16:15:28,I,3,폐업처리,2015-01-13 13:38:28,,2013-08-14,0,130-101,서울특별시 동대문구 장안동 368번지 1호 바우하우스,2013305014007500001,3050000,서울특별시 동대문구  답십리로  288 (장안동),,,03,폐업,준대규모점포,,,
롯데쇼핑(주)롯데마트 칠성점,대형마트,2021-02-25,343627.713997116,265993.98420734,2026-05-03 22:36:12,I,3,폐업처리,2021-02-26 17:01:47,,2013-08-13,13878,702-062,대구광역시 북구 칠성동2가 725번지,2013345009907500001,3450000,대구광역시 북구 호암로 1 (칠성동2가),,,03,폐업,대규모점포,,,02-2145-8454
롯데쇼핑(주) 프리미엄아울렛 이천점,복합쇼핑몰,,235461.813044175,415640.639277805,2026-05-09 22:02:22,U,1,정상영업,2026-04-16 11:15:52,,2013-08-06,69930,467-821,경기도 이천시 호법면 단천리 산 48번지 1호,2013407008807500002,4070000,경기도 이천시 호법면 프리미엄아울렛로 177-74,,,01,영업/정상,대규모점포,,,031-640-0521
이천 롯데프리미엄 아울렛,복합쇼핑몰,,,,2026-05-09 22:02:22,I,4,직권취소,2018-11-30 13:47:59,,2013-08-06,53512,467-821,경기도 이천시 호법면 단천리 산 48번지 1호,2013407008807500001,4070000,,,,04,취소/말소/만료/정지/중지,대규모점포,,,031-640-0521
영주농산물종합시장,그 밖의 대규모점포,,,,2025-12-15 16:15:28,I,1,정상영업,2013-07-30 08:58:22,,2013-07-29,6860,,,2013509007907500002,5090000,경상북도 영주시 대학로261번길 30 (가흥동),,,01,영업/정상,대규모점포,,,
롯데슈퍼 보문점,그 밖의 대규모점포,,406426.947652826,262054.512570501,2025-12-15 16:15:28,I,1,정상영업,2021-07-26 15:42:43,,2013-07-24,0,,경상북도 경주시 천군동 205-46,2021505035207500007,5050000,경상북도 경주시 보문로 529(천군동),38118,,01,영업/정상,준대규모점포,,,054-777-2224
롯데아울렛 고양터미널점,복합쇼핑몰,,181369.967204096,460117.354561195,2025-12-15 16:15:28,I,1,정상영업,2017-02-01 10:21:46,,2013-07-24,21623,,경기도 고양시 일산동구 백석동 1242번지,2013394025707500005,3940000,"경기도 고양시 일산동구 중앙로 1036 (백석동, 베스트 고양터미널)",10450,,01,영업/정상,대규모점포,,,
코스트코 홀세일 의정부점,대형마트,,210434.566999847,472099.165269005,2026-05-11 22:02:31,I,1,정상영업,2015-12-08 15:06:43,,2013-07-24,13503.11,,,2013382017907500001,3820000,경기도 의정부시 용민로489번길 9 (민락동),,,01,영업/정상,대규모점포,,,031-850-3300
트레이더스 홀세일클럽 수원점,대형마트,,204246.15796254,416018.208911536,2026-03-11 01:45:41,I,1,정상영업,2024-04-29 10:07:30,,2013-07-19,13669.94,,경기도 수원시 영통구 신동 941번지,2013374017307500002,3740000,경기도 수원시 영통구 삼성로 2 (신동),16682,,01,영업/정상,대규모점포,,,031-8005-1250
롯데쇼핑(주) 롯데마트 김해점,대형마트,,371275.452046503,193430.416033372,2026-04-30 03:03:03,U,1,정상영업,2026-04-29 11:35:56,,2013-07-03,11249.63,621-010,경상남도 김해시 부원동  부원역세권지구 A-1블럭,2013535019607500001,5350000,경상남도 김해시 김해대로 2330 (부원동),,,01,영업/정상,대규모점포,,,055-340-2802
홈플러스 서울남현점,대형마트,,198374.473281221,441033.513044892,2025-12-15 16:15:28,I,1,정상영업,2024-03-12 10:28:27,,2013-06-27,14784,151-080,서울특별시 관악구 남현동 산 69번지 51호,2013320019107500001,3200000,서울특별시 관악구 과천대로 909 (남현동),,,01,영업/정상,대규모점포,,,02-6948-8121
롯데하이마트잠실점,전문점,,208589.363343145,445455.90405262,2025-12-15 16:15:28,I,1,정상영업,2017-07-24 11:23:43,,2013-06-19,3493.73,138-721,서울특별시 송파구 잠실3동 40번지 1호 롯데월드,2013323019807500006,3230000,서울특별시 송파구 올림픽로 240 (잠실동),,,01,영업/정상,대규모점포,,,02-2050-5001
강서 뉴타워,그 밖의 대규모점포,,185384.322720871,448552.124723353,2025-12-15 16:15:28,I,1,정상영업,2019-10-23 09:16:34,,2013-06-17,3385.1,157-925,서울특별시 강서구 화곡1동 1071번지 19호,2013315014507500001,3150000,"서울특별시 강서구 화곡로18길 24 (화곡동, 강서 뉴타워)",,,01,영업/정상,대규모점포,,,02-2605-3334
홈플러스(주) 익스프레스 북가좌점,구분없음,,192301.135452392,453354.065487403,2026-07-07 10:07:40,U,1,정상영업,2026-07-06 13:24:00,,2013-06-16,232.7,120-130,서울특별시 서대문구 북가좌동 279번지 11호,2013312014507500001,3120000,서울특별시 서대문구 응암로 112 (북가좌동),,2007-06-28,01,영업/정상,준대규모점포,,,
홈플러스(주) 익스프레스 수진점,구분없음,,211935.912354932,437751.740876423,2026-07-09 21:48:12,U,1,정상영업,2026-07-08 16:59:42,,2013-06-14,291.9,461-180,경기도 성남시 수정구 수진동 2번지,2013378021907500006,3780000,경기도 성남시 수정구 수정로 140 (수진동),,,01,영업/정상,준대규모점포,,,031-723-8545
홈플러스(주) 익스프레스 푸른마을점,구분없음,,211126.322091631,429438.144792554,2026-07-09 21:48:12,U,1,정상영업,2026-07-08 17:04:40,,2013-06-14,385.85,463-020,경기도 성남시 분당구 수내동 83번지 3호,2013378021907500005,3780000,경기도 성남시 분당구 불정로 255 (수내동),,,01,영업/정상,준대규모점포,,,031-726-8546
홈플러스(주) 익스프레스 서현점,구분없음,,212079.053383154,430243.356013186,2026-07-09 21:48:12,U,1,정상영업,2026-07-08 17:00:38,,2013-06-14,260,463-050,경기도 성남시 분당구 서현동 306번지 1호,2013378021907500004,3780000,경기도 성남시 분당구 불정로 382 (서현동),,,01,영업/정상,준대규모점포,,,031-781-8547
홈플러스(주) 익스프레스 분당정자점,구분없음,,210134.637941368,429264.635322598,2026-07-09 21:48:12,U,1,정상영업,2026-07-08 16:56:59,,2013-06-14,307.8,463-010,경기도 성남시 분당구 정자동 117번지 1호  스포라이프 스포츠센터 101~105,2013378021907500003,3780000,"경기도 성남시 분당구 내정로 58 (정자동,스포라이프 스포츠센터 101~105)",,,01,영업/정상,준대규모점포,,,031-717-8531
홈플러스(주) 익스프레스 수내점,그 밖의 대규모점포,,210421.232418185,430307.058659489,2026-07-09 21:48:12,U,1,정상영업,2026-07-08 16:58:07,,2013-06-13,2215.84,463-020,경기도 성남시 분당구 수내동 29번지 양지마을상가  B01호,2013378021907500002,3780000,"경기도 성남시 분당구 내정로173번길 11, B01호 (수내동,양지마을상가)",,,01,영업/정상,준대규모점포,,,
홈플러스(주) 김제점,대형마트,,191146.883710671,255517.370352134,2026-08-29 22:48:24,U,2,휴업처리,2026-08-28 14:06:54,,2013-06-12,13766.59,,전북특별자치도 김제시 검산동 841번지 16호,2013471018207500001,4711000,전북특별자치도 김제시 금성로 114 (검산동),54399,,02,휴업,대규모점포,2026-07-01,2027-06-30,063-540-8224
코스트코 홀세일 천안점,대형마트,,209318.605925811,371245.738706969,2025-12-15 16:15:28,I,1,정상영업,2015-12-09 10:46:40,,2013-06-10,13610,331-200,충청남도 천안시 서북구 차암동 제3일반산업단지내 지원시설 B1블럭,2012449023407500005,4490000,충청남도 천안시 서북구 3공단6로 77 (차암동),,,01,영업/정상,대규모점포,,,02-2630-2764
홈플러스(주) 논산점,대형마트,,208765.139329138,298112.90198857,2025-12-15 16:15:28,I,1,정상영업,2024-03-04 17:02:33,,2013-06-07,10121,320-030,충청남도 논산시 내동 436번지 8호,2007454012507500001,4540000,충청남도 논산시 시민로 187 (내동),,,01,영업/정상,대규모점포,,,041-731-8124
주식회사 홈플러스익스프레스 고양토당점,구분없음,,184353.219963187,457627.740291999,2026-07-03 21:18:10,U,1,정상영업,2026-07-02 15:22:43,,2013-06-04,302.3,412-818,경기도 고양시 덕양구 토당동 387번지 1호,2013394025707500004,3940000,경기도 고양시 덕양구 지도로35번길 12-3 (토당동),,,01,영업/정상,준대규모점포,,,031-978-8560
홈플러스익스프레스 학동역점,구분없음,,202599.512133865,445700.273918744,2026-07-03 22:18:10,U,1,정상영업,2026-07-02 13:58:20,,2013-06-04,231,,,2013322016207500002,3220000,서울특별시 강남구 학동로 176 (논현동),,,01,영업/정상,준대규모점포,,,02-516-8546
주식회사 홈플러스익스프레스 구월점,구분없음,,174401.042628505,438978.615575738,2026-07-04 22:50:10,U,1,정상영업,2026-07-03 14:13:41,,2013-06-03,232.8,405-837,인천광역시 남동구 구월1동 1214번지 1호,2011353010407500004,3530000,인천광역시 남동구 구월남로 198 (구월동),,,01,영업/정상,준대규모점포,,,032-463-8547
홈플러스(주) 인천논현점,쇼핑센터,,175633.883082614,433196.453155142,2026-03-26 22:49:56,I,1,정상영업,2024-02-29 13:46:32,,2013-06-03,17949.92,405-825,인천광역시 남동구 논현동 650번지 1호,2010353007007500002,3530000,인천광역시 남동구 청능대로 596 (논현동),,,01,영업/정상,대규모점포,,,032-455-8121
홈플러스(주) 간석점,대형마트,,172419.743721009,440865.63488269,2026-03-26 22:49:56,I,1,정상영업,2024-02-29 13:43:48,,2013-06-03,32550.72,405-230,인천광역시 남동구 간석동 616번지 3호 외 2필지,2009353007007500001,3530000,"인천광역시 남동구 경원대로 971 (간석동,외 2필지)",,,01,영업/정상,대규모점포,,,032-870-8124
(주)이마트에브리데이 탄현역점,구분없음,,179005.665068939,465786.029740427,2025-12-15 16:15:28,I,1,정상영업,2024-07-19 15:53:14,,2013-05-30,1775.01,411-320,경기도 고양시 일산서구 탄현동 1640번지 위브더제니스 스퀘어,2013394025707500003,3940000,"경기도 고양시 일산서구 일현로 97-11 (탄현동, 위브더제니스 스퀘어)",,,01,영업/정상,준대규모점포,,,031-724-7081
모다아울렛 김천구미점,전문점,,315259.441476919,295711.729369162,2026-07-14 21:48:10,U,1,정상영업,2026-07-13 17:01:48,,2013-05-03,12787,,경상북도 김천시 아포읍 송천리 산 31번지 1호,2013506010207500001,5060000,경상북도 김천시 아포읍 아포대로 1417,39674,,01,영업/정상,대규모점포,,,054-910-6609
롯데쇼핑(주)롯데슈퍼 화순지점,구분없음,2019-12-21,198302.004767124,172996.695098741,2026-07-14 11:38:15,I,3,폐업처리,2020-01-06 14:10:18,,2013-04-30,2321.3,519-807,전남광주통합특별시 화순군 화순읍 삼천리 703번지 외 3필지,2013490005507500001,5855000,전남광주통합특별시 화순군 화순읍 충의로 43,,,03,폐업,준대규모점포,,,1688-9600
업스퀘어,복합쇼핑몰,,412037.511441268,229430.455341277,2025-12-15 16:15:28,I,1,정상영업,2017-01-13 21:19:47,,2013-04-30,27653.42,680-816,울산광역시 남구 삼산동 1569번지 1호,2013370007807500001,3700000,울산광역시 남구 화합로 185 (삼산동),,,01,영업/정상,대규모점포,,,052-990-5125
홈플러스 경산점,대형마트,,356759.626317364,260575.764529063,2025-12-15 16:15:28,I,1,정상영업,2024-02-29 11:42:00,,2013-04-23,23380.29,712-060,경상북도 경산시 중방동 896번지,2013513014807500002,5130000,경상북도 경산시 경안로 288 (중방동),,,01,영업/정상,대규모점포,,,053-715-8124
(주)지에스리테일 대전송강점,구분없음,2025-05-24,234651.564459387,325965.384165149,2025-12-15 16:15:28,I,3,폐업처리,2025-05-27 16:53:13,,2013-04-22,1217.4,,,2014367010607500001,3670000,대전광역시 유성구 구즉로58번길 33 (송강동),,2013-04-22,03,폐업,준대규모점포,,,042-934-9700
트레이더스 홀세일클럽 양산점,그 밖의 대규모점포,,395549.598198962,211323.657984759,2025-12-15 16:15:28,I,1,정상영업,2024-04-15 10:19:23,,2013-04-19,8027.66,,경상남도 양산시 평산동 96번지,2013538012907500001,5380000,경상남도 양산시 평산로 16 (평산동),50548,,01,영업/정상,대규모점포,,,055-371-8050
부산 T-plex 산업용품단지,전문점,,378260.668627298,186989.385407114,2026-03-26 22:47:52,I,1,정상영업,2023-04-03 09:18:26,,2013-04-17,97127.46,618-899,부산광역시 강서구 대저2동 3153번지 1호,2013336010507500001,3360000,부산광역시 강서구 유통단지1로 41 (대저2동),,,01,영업/정상,대규모점포,,,051-796-1100
(주)이마트에브리데이 작전점,그 밖의 대규모점포,,176503.549136687,447291.218565441,2026-05-10 23:19:02,I,1,정상영업,2024-08-05 16:46:42,,2013-04-15,867,407-821,인천광역시 계양구 작전서운동 648번지 5호,2013355005907500001,3550000,인천광역시 계양구 효서로 348-1 (작전동),,,01,영업/정상,준대규모점포,,,032-544-2100
NC큐브 커넬워크점,복합쇼핑몰,2021-12-31,168082.874459247,433416.378156392,2026-05-11 23:16:52,I,3,폐업처리,2022-08-08 14:34:37,,2013-04-11,1992.92,406-082,인천광역시 연수구 송도2동 17번지 1호 외 11필지,2013352010507500001,3520000,인천광역시 연수구 아트센터대로 87 (송도동),,,03,폐업,대규모점포,,,032-723-6313
롯데쇼핑(주) 롯데슈퍼 마장휴게소점,구분없음,2020-09-21,236094.101912691,418052.206218779,2026-05-09 22:02:22,I,3,폐업처리,2020-09-21 16:46:18,,2013-04-04,310,,경기도 이천시 마장면 목리 산 13번지 32호,2018407008807500004,4070000,경기도 이천시 마장면 중부고속도로 82,17384,,03,폐업,준대규모점포,,,031-645-5701
하양공설시장,그 밖의 대규모점포,,364169.904708067,269893.914956882,2025-12-15 16:15:28,I,1,정상영업,2013-03-28 10:34:14,,2013-03-25,2898,712-902,경상북도 경산시 하양읍 금락리 35번지 6호,2013513014807500001,5130000,경상북도 경산시 하양읍 대학로 1543,,,01,영업/정상,대규모점포,,,053-810-5121
현대아울렛,쇼핑센터,,190119.463375612,441716.684586176,2026-05-07 22:30:13,I,1,정상영업,2023-05-01 14:20:32,,2013-03-19,25015.45,153-023,서울특별시 금천구 가산동 60번지 8호,2013317014207500001,3170000,서울특별시 금천구 디지털로10길 9 (가산동),,,01,영업/정상,대규모점포,,,02-2136-2233
고양 원마운트,복합쇼핑몰,,,,2025-12-15 16:15:28,I,1,정상영업,2014-03-03 10:05:53,,2013-03-13,31767.45,411-802,경기도 고양시 일산서구 대화동 300번지,2013394025707500002,3940000,경기도 고양시 일산서구 한류월드로 300 (대화동),,,01,영업/정상,대규모점포,,,1566-2232
서문시장2지구종합상가,그 밖의 대규모점포,,342582.197988377,264326.558135053,2026-05-08 22:34:09,I,1,정상영업,2024-01-31 16:58:00,,2013-03-11,11435.71,700-750,대구광역시 중구 대신동 2105번지,2013341007107500001,3410000,대구광역시 중구  큰장로26길  25 (대신동),,,01,영업/정상,대규모점포,,,053-257-2289
펜타포트 복합쇼핑몰,복합쇼핑몰,,208976.4764518,366326.634370741,2025-12-15 16:15:28,I,1,정상영업,2021-12-28 14:14:24,,2013-02-26,49516,331-728,충청남도 천안시 서북구 불당동 1289번지 펜타포트(1~3층),2013449023407500001,4490000,"충청남도 천안시 서북구 공원로 196 (불당동,펜타포트(1~3층))",,,01,영업/정상,대규모점포,,,
GS THE FRESH 울산방어점,그 밖의 대규모점포,,418940.863573865,223172.711897596,2026-05-06 22:48:27,I,1,정상영업,2025-04-04 09:59:05,,2013-02-25,264.46,,울산광역시 동구 방어동 1156-2,2013371015007500001,3710000,"울산광역시 동구 문현로 47, 1층 (방어동)",44100,,01,영업/정상,준대규모점포,,,
(주)LF네트웍스 양주점,쇼핑센터,,204539.305721776,480980.761356539,2025-12-15 16:15:28,I,1,정상영업,2013-02-22 15:25:47,,2013-02-22,24798,482-170,경기도 양주시 회정동 453번지 19호,2013559014807500001,5590000,경기도 양주시 평화로 1593 (회정동),,,01,영업/정상,대규모점포,,,031-894-2500
홈플러스익스프레스 뚝섬2점,구분없음,2023-08-18,203841.225547969,449475.540141228,2026-05-07 22:31:41,I,3,폐업처리,2023-08-18 16:32:14,,2013-02-19,143.55,,서울특별시 성동구 성수동1가 656-1208 성수만세주유소,2021303010307500001,3030000,"서울특별시 성동구 왕십리로 109, 성수만세주유소 (성수동1가)",04768,,03,폐업,준대규모점포,,,02-2253-8541
동화상가(주),그 밖의 대규모점포,,202010.0103397,445368.131754546,2025-12-15 16:15:28,I,1,정상영업,2013-02-15 11:06:24,,2013-02-15,3718.56,,,2013322016207500001,3220000,서울특별시 강남구 학동로4길 15 (논현동),,,01,영업/정상,대규모점포,,,
(주)이마트 스타필드마켓 일산점,대형마트,,177349.707402843,462162.606173795,2025-12-15 16:15:28,I,1,정상영업,2025-09-05 13:50:58,,2013-01-24,27094.76,,경기도 고양시 일산서구 대화동 2703번지,2013394025707500001,3940000,"경기도 고양시 일산서구 킨텍스로 171 (대화동, 이마트타운)",10390,,01,영업/정상,대규모점포,,,031-936-1123
(주)이마트부평점,대형마트,2018-08-01,175692.267024162,446088.959564706,2026-05-06 22:48:30,I,3,폐업처리,2018-08-01 13:33:17,,2013-01-23,2175459,403-800,인천광역시 부평구 갈산1동 171번지,2013354011907500001,3540000,인천광역시 부평구 주부토로 241 (갈산동),,,03,폐업,대규모점포,,,
보미리즌빌,그 밖의 대규모점포,,172527.500008351,440045.06513816,2026-03-26 22:48:22,I,1,정상영업,2018-04-21 10:58:26,,2013-01-22,4033.64,,인천광역시 남구 주안동 929번지 16호,2013351013107500001,3510500,인천광역시 남구  경원대로  890 (주안동),,,01,영업/정상,대규모점포,,,032-439-8143
서산농협 서부지점 하나로마트,,2014-04-24,150781.169659879,364400.857245827,2026-03-26 22:48:23,I,3,폐업처리,2014-04-24 11:00:32,,2013-01-15,2104.55,356-020,충청남도 서산시 읍내동 114번지 13호,2013453021607500001,4530000,충청남도 서산시 고운로 106 (읍내동),,,03,폐업,준대규모점포,,,041-660-4801
롯데마트 판교점,대형마트,,209993.600292929,432609.081811328,2026-05-12 21:48:12,U,1,정상영업,2026-05-11 13:27:14,,2013-01-15,6214.88,463-400,경기도 성남시 분당구 삼평동 741번지,2013378021907500001,3780000,경기도 성남시 분당구 대왕판교로606번길 58 (삼평동),,,01,영업/정상,대규모점포,,,
(주)이마트 대전터미널점,,,239122.638390937,316705.693668735,2026-05-03 22:32:21,I,1,정상영업,2013-01-14 11:52:05,,2013-01-14,23787.54,300-200,대전광역시 동구 용전동 63번지 3호,2013364011407500001,3640000,대전광역시 동구 동서대로 1689 (용전동),,,01,영업/정상,대규모점포,,,042-615-1234
내포패션아울렛,그 밖의 대규모점포,,179348.34099908,351351.257286939,2025-12-15 16:15:28,I,1,정상영업,2013-12-22 12:42:17,,2013-01-11,4533.99,340-831,충청남도 예산군 응봉면 송석리 205번지 3호 외 5필지,2013461009307500001,4610000,충청남도 예산군 응봉면 충서로 255,,,01,영업/정상,대규모점포,,,041-331-8500
(주)이마트 포천점,대형마트,,214023.590086578,482831.746228286,2026-04-01 22:05:14,I,1,정상영업,2024-04-18 09:36:16,,2013-01-07,8889.96,487-030,경기도 포천시 설운동 2번지,2010560008907500001,5600000,경기도 포천시 호국로 915 (설운동),,,01,영업/정상,대규모점포,,,031-540-1201
(주)이마트안성,대형마트,,222711.793919182,390149.787207476,2026-05-10 22:09:12,I,1,정상영업,2024-04-23 09:29:37,,2013-01-07,10035.66,456-240,경기도 안성시 석정동 149번지 3호,2013408014107500001,4080000,경기도 안성시 중앙로 246 (석정동),,,01,영업/정상,대규모점포,,,031-678-1234
소백산인삼시장,그 밖의 대규모점포,,331898.639161569,376929.304750739,2025-12-15 16:15:28,I,1,정상영업,2013-01-04 12:59:31,,2013-01-04,4677.79,750-804,경상북도 영주시 풍기읍 창락리 160번지 6호,2013509007907500001,5090000,경상북도 영주시 풍기읍 죽령로 1365,,,01,영업/정상,대규모점포,,,
코스트코 홀세일 공세점,대형마트,,209595.481846485,415153.934258813,2026-04-01 22:14:07,I,5,영업개시전,2021-03-17 18:19:50,,2013-01-03,13960.94,446-902,경기도 용인시 기흥구 공세동 734번지 1호,2013405028807500002,4050000,경기도 용인시 기흥구 탑실로 38-0 (공세동),,,01,영업/정상,대규모점포,,,031-289-5602
코스트코홀세일 공세점,대형마트,,209595.481846485,415153.934258813,2026-04-01 22:14:06,I,1,정상영업,2015-12-10 14:00:04,,2013-01-03,13960.94,,,2013405028807500001,4050000,경기도 용인시 기흥구  탑실로  38 (공세동),,,01,영업/정상,대규모점포,,,031-289-5602
검단공구상가,그 밖의 대규모점포,,,,2026-07-01 10:07:52,I,1,정상영업,2021-11-18 18:36:57,,2012-12-28,4912.37,,인천광역시 검단구 오류동 1640-2 검단종합공구상가,2012356010207500003,3565000,"인천광역시 검단구 보듬5로 13, 검단종합공구상가 (오류동)",22666,,01,영업/정상,대규모점포,,,
롯데아울렛 서울역점,쇼핑센터,,197229.761422932,450418.159244379,2026-03-26 22:48:22,I,1,정상영업,2012-12-27 14:38:37,,2012-12-27,11576.19,100-162,서울특별시 중구 봉래동2가 122번지 11호,2012301010007500004,3010000,서울특별시 중구 한강대로 405 (봉래동2가),,2013-01-18,01,영업/정상,대규모점포,,,02-726-2500
(주)이마트에브리데이 통진점,구분없음,2021-11-09,164429.325739178,465423.225442858,2025-12-15 16:15:28,I,3,폐업처리,2021-11-09 15:32:38,,2012-12-26,861,415-865,경기도 김포시 통진읍 마송리 117번지 2호,2012409022907500006,4090000,경기도 김포시 통진읍 김포대로 2244,,,03,폐업,준대규모점포,,,031-981-1700
테크노월드,구분없음,,234031.197153606,318785.398711515,2026-05-07 22:30:16,I,1,정상영업,2024-11-20 16:19:58,,2012-12-24,11282.78,302-834,대전광역시 서구 만년동 301번지,2012366012507500003,3660000,대전광역시 서구 대덕대로 408 (만년동),,,01,영업/정상,대규모점포,,,042-610-6154
롯데백화점 창원점 신관,백화점,,353152.773639216,192998.728028448,2026-04-30 22:00:15,U,1,정상영업,2025-12-31 07:52:17,,2012-12-20,20536.26,642-831,경상남도 창원시 성산구 상남동 80번지,2012567035807500002,5670000,경상남도 창원시 성산구 상남로 121 (상남동),,,01,영업/정상,대규모점포,,,055-279-2702
(주)지에스리테일 GS 수퍼 수원매탄점,구분없음,,203603.161205028,417765.005936104,2026-03-11 01:45:41,I,1,정상영업,2025-04-30 17:53:42,,2012-12-17,550.46,,경기도 수원시 영통구 매탄동 1352 매탄 위브 하늘채,2012374017307500002,3740000,"경기도 수원시 영통구 효원로 363, 매탄 위브 하늘채 상가 제비동 제지층 제비01호 (매탄동, 매탄 위브 하늘채)",16543,,01,영업/정상,준대규모점포,,,031-211-2034
(주)프리마건설,그 밖의 대규모점포,,,,2025-12-15 16:15:28,I,1,정상영업,2012-11-27 08:51:43,,2012-11-27,0,621-708,경상남도 김해시 외동 1249번지,2012535019607500004,5350000,,,,01,영업/정상,대규모점포,,,
이마트 풍산점,대형마트,,181149.682181138,463521.801944649,2025-12-15 16:15:28,I,1,정상영업,2024-04-22 09:32:39,,2012-11-21,12545,,경기도 고양시 일산동구 중산동 1809번지,2012394025707500011,3940000,경기도 고양시 일산동구 무궁화로 237 (중산동),10311,,01,영업/정상,대규모점포,,,02-380-9414
홈플러스(주)오산점,대형마트,,205417.553946702,407590.511508128,2025-12-15 16:15:28,I,1,정상영업,2025-05-07 18:03:43,,2012-11-12,19241.74,447-290,경기도 오산시 수청동 610번지,2012400012507500002,4000000,경기도 오산시 청학로 238 (수청동),,,01,영업/정상,대규모점포,,,031-8077-8924
롯데마트 터미널점,대형마트,,201341.191554264,364818.034415495,2026-05-06 22:48:27,U,1,정상영업,2026-05-02 14:47:00,,2012-10-30,21456.18,,충청남도 아산시 모종동 555번지 5호 아산시외버스터미널복합시설,2012452030107500001,4520000,"충청남도 아산시 번영로 225, 아산시외버스터미널복합시설 (모종동)",31522,,01,영업/정상,대규모점포,,,041-570-2521
전주마트,그 밖의 대규모점포,2015-12-29,210396.713757185,256203.674495787,2025-12-15 16:15:28,I,3,폐업처리,2015-12-29 18:03:37,,2012-10-29,1913,560-241,전북특별자치도 전주시완산구 효자동1가 444번지,2008464032407500002,4641000,전북특별자치도 전주시 완산구 용머리로 46 (효자동1가),,,03,폐업,대규모점포,,,063-288-7700
롯데쇼핑(주)롯데슈퍼 통진점,구분없음,2020-03-25,164515.425324902,465388.701387178,2025-12-15 16:15:28,I,3,폐업처리,2022-01-19 14:38:21,,2012-10-29,1107.9,415-865,경기도 김포시 통진읍 마송리 104번지 71호,2012409022907500005,4090000,경기도 김포시 통진읍 김포대로 2232,,,03,폐업,준대규모점포,,,031-988-5603
GS더프레시 만수2점,구분없음,,176730.177139444,440318.943388459,2026-03-26 22:49:56,I,1,정상영업,2025-05-13 15:14:06,,2012-10-29,327,,인천광역시 남동구 만수동 1-190,2012353017907500005,3530000,인천광역시 남동구 만수로 107 (만수동),21521,,01,영업/정상,준대규모점포,,,032-472-8889
롯데쇼핑(주)롯데마켓999안산일동가맹점,구분없음,2017-11-01,187681.98,423994.915,2025-12-15 16:15:28,I,3,폐업처리,2017-11-03 09:35:21,,2012-10-24,0,,경기도 안산시 상록구 일동 542번지 13호,2012393028707500001,3930000,"경기도 안산시 상록구 호동로 31, 1층 (일동)",15320,,03,폐업,준대규모점포,,,031-415-9500
신세계사이먼,전문점,,403214.458027912,204878.049675429,2026-05-03 22:38:29,I,1,정상영업,2023-11-01 14:31:08,,2012-10-17,53233.98,619-953,부산광역시 기장군 장안읍 좌동리 산 32번지 일원,2012340004407500006,3400000,부산광역시 기장군 장안읍 정관로 1133,,,01,영업/정상,대규모점포,,,02-2185-1230
동소문스카이상가,복합쇼핑몰,,200841.726990037,454721.505180141,2025-12-15 16:15:28,I,1,정상영업,2025-01-22 18:09:57,,2012-10-16,14370,136-751,서울특별시 성북구 돈암동 609번지 1호,2012307019707500002,3070000,서울특별시 성북구 성북로4길 52 (돈암동),,,01,영업/정상,대규모점포,,,02-926-6405
롯데쇼핑(주)롯데쇼핑프라자 청주점,복합쇼핑몰,,237628.527550704,349407.675724406,2026-05-12 22:48:11,U,1,정상영업,2026-05-11 16:50:13,,2012-10-08,34418.15,361-370,충청북도 청주시 흥덕구 비하동 332-1번지 외21필지,2012436012407500016,5710000,"충청북도 청주시 흥덕구 2순환로 1004 (비하동,외21필지)",,,01,영업/정상,대규모점포,,,
신진마트,쇼핑센터,2013-05-03,190716.713745603,180400.03104037,2026-07-14 11:38:15,I,3,폐업처리,2013-05-08 16:32:33,,2012-09-24,7127.48,503-840,전남광주통합특별시 남구 진월동 299번지 3호,2012361010707500002,5815000,전남광주통합특별시 남구 서문대로 706 (진월동),,,03,폐업,대규모점포,,,
(주)모다이노칩 곤지암점,전문점,,227621.408059678,429073.295091928,2026-03-26 22:01:54,I,1,정상영업,2024-05-07 17:41:33,,2012-09-21,3227,464-861,경기도 광주시 초월읍 산이리 77번지 6호,2012554012307500002,5540000,경기도 광주시 초월읍 경충대로 907,,,01,영업/정상,대규모점포,,,
마리오아울렛 3관,쇼핑센터,,189759.713050655,441814.115920983,2026-05-07 22:30:13,I,1,정상영업,2023-02-28 21:05:56,,2012-09-13,32887.19,153-801,서울특별시 금천구 가산동 60번지 20호,2012317014207500004,3170000,서울특별시 금천구 벚꽃로 266 (가산동),,,01,영업/정상,대규모점포,,,02-2109-7013
던던 동대문점,쇼핑센터,,200548.038848161,451497.626572161,2026-04-11 22:48:20,U,1,정상영업,2026-01-21 15:31:34,,2012-08-31,17356.62,100-196,서울특별시 중구 을지로6가 21번지 31호,2012301010007500003,3010000,서울특별시 중구 을지로 264 (을지로6가),,2024-09-27,01,영업/정상,대규모점포,2024-09-06,2024-09-26,02-6262-4202
(주)지에스리테일 과천8점,구분없음,2023-08-08,199860.923285594,437044.091834849,2025-12-15 16:15:28,I,3,폐업처리,2025-03-10 16:00:29,,2012-08-23,677.22,427-804,경기도 과천시 부림동 41번지 복합상가 제라동,2012397003207500003,3970000,경기도 과천시 부림로 2 (부림동),,,03,폐업,준대규모점포,,,02-2006-3059
한양프라자 부산점,쇼핑센터,2025-12-10,389336.200242979,190744.312973542,2026-05-04 22:36:26,U,3,폐업처리,2025-12-10 17:44:54,,2012-08-23,6299,611-803,부산광역시 연제구 거제1동 125번지 5호 한양프라자,2012337006907500003,3370000,"부산광역시 연제구 명륜로 3 (거제동, 한양프라자)",,,03,폐업,대규모점포,2023-08-10,2025-08-09,051-503-9011
주식회사 이마트에브리데이 청천동점,그 밖의 대규모점포,2022-07-20,174647.823138062,444847.16193179,2026-05-06 22:48:30,I,3,폐업처리,2022-11-22 09:34:41,,2012-08-18,0,,인천광역시 부평구 청천동 234-1,2012354016107500003,3540000,인천광역시 부평구 원길로21번길 7(청천동),21363,,03,폐업,준대규모점포,,,02-380-9673
현대백화점 충청점,백화점,,238047.286714699,349368.880808052,2026-05-06 22:48:32,I,1,정상영업,2024-05-02 15:40:39,,2012-08-17,42018.02,361-270,충청북도 청주시 흥덕구 복대동 3380번지,2012436012407500015,5710000,충청북도 청주시 흥덕구 직지대로 308 (복대동),,,01,영업/정상,대규모점포,,,043-909-2233
롯데쇼핑(주)구리점,백화점,,212647.021160325,455616.655198478,2026-04-30 03:03:03,U,1,정상영업,2026-04-29 17:04:44,,2012-08-14,30700.27,471-040,경기도 구리시 동구동 677번지,2012398010807500008,3980000,경기도 구리시 경춘로 261 (인창동),,,01,영업/정상,대규모점포,,,031-550-8083
롯데쇼핑(주) 롯데마트 계양점,대형마트,,176599.816295302,448767.427225648,2026-05-10 23:19:02,U,1,정상영업,2026-04-30 13:43:43,,2012-08-01,19418,407-050,인천광역시 계양구 계산동 1059번지 1호,19982,3550000,인천광역시 계양구 장제로 822 (계산동),,,01,영업/정상,대규모점포,,,032-550-2521
메가마트 김해점,대형마트,,372941.32985139,193521.212396072,2026-05-07 03:03:03,U,1,정상영업,2026-05-06 18:21:00,,2012-07-31,14842,,경상남도 김해시 삼정동 426번지 메가마트 김해점,2012535019607500003,5350000,경상남도 김해시 김해대로2492번길 20 (삼정동),50935,,01,영업/정상,대규모점포,,,02-820-8524
이마트 별내점,대형마트,,211047.543226491,460054.746656557,2026-04-07 03:03:03,U,1,정상영업,2026-04-06 16:07:09,,2012-07-30,9833.49,,경기도 남양주시 별내동 989번지 이마트,2012399015407500001,3990000,"경기도 남양주시 순화궁로 167, 이마트 (별내동)",12113,,01,영업/정상,대규모점포,,,031-550-1252
홈플러스 익스프레스 압구정점,구분없음,2025-11-30,203191.25706078,447312.903662969,2026-08-14 22:18:10,U,3,폐업처리,2026-08-13 13:50:25,,2012-07-26,170.28,135-897,서울특별시 강남구 신사동 660번지 18호,2012322016207500001,3220000,서울특별시 강남구 압구정로46길 5-2 (신사동),,,03,폐업,준대규모점포,,,02-3445-8545
홈플러스(주) 익스프레스 서현점,구분없음,2020-02-14,212079.053383154,430243.356013186,2025-12-15 16:15:28,I,3,폐업처리,2020-02-14 15:39:08,,2012-07-18,260,463-050,경기도 성남시 분당구 서현동 306번지 1호,2012378021907500009,3780000,경기도 성남시 분당구 불정로 382 (서현동),,,03,폐업,준대규모점포,,,031-781-8546
홈플러스(주) 익스프레스 성남금광점,복합쇼핑몰,,214321.305489706,437636.832477148,2026-07-09 21:48:12,U,1,정상영업,2026-07-08 16:41:10,,2012-07-18,280.3,462-241,경기도 성남시 중원구 금광1동 146번지,2012378021907500008,3780000,경기도 성남시 중원구 금상로 61 (금광동),,,01,영업/정상,준대규모점포,,,031-733-8545
홈플러스(주) 익스프레스 수내점,구분없음,2020-02-14,210421.232418185,430307.058659489,2025-12-15 16:15:28,I,3,폐업처리,2020-02-14 15:39:40,,2012-07-18,2215.84,463-021,경기도 성남시 분당구 수내1동 29번지 양지마을상가 B01호,2012378021907500007,3780000,"경기도 성남시 분당구 내정로173번길 11 (수내동,양지마을상가 B01호)",,,03,폐업,준대규모점포,,,031-712-8501
홈플러스(주) 익스프레스 푸른마을점,구분없음,2020-02-14,211126.322091631,429438.144792554,2025-12-15 16:15:28,I,3,폐업처리,2020-02-14 15:41:51,,2012-07-18,386.5,463-023,경기도 성남시 분당구 수내3동 83번지 3호,2012378021907500006,3780000,경기도 성남시 분당구 불정로 255 (수내동),,,03,폐업,준대규모점포,,,031-726-8545
롯데쇼핑(주) 롯데마트 남원점,대형마트,,235597.223811364,213824.78339516,2026-05-06 22:48:27,U,1,정상영업,2026-04-24 14:39:05,,2012-07-12,15683.78,,전북특별자치도 남원시 향교동 2-6 롯데마트,2012470011407500002,4701000,"전북특별자치도 남원시 춘향로 96, 롯데마트 (향교동)",55726,,01,영업/정상,대규모점포,,,063-620-2500
홈플러스 원주점,대형마트,,285677.402683418,424408.068770392,2025-12-15 16:15:28,I,1,정상영업,2024-03-06 16:26:41,,2012-07-06,18737.35,220-934,강원특별자치도 원주시 관설동 1453번지,2012419020307500002,4191000,강원특별자치도 원주시 치악로 1489 (관설동),,,01,영업/정상,대규모점포,,,033-649-8027
GS THE FRESH 울산동부점,구분없음,,420453.447141143,229712.521318384,2026-05-06 22:48:26,I,1,정상영업,2025-05-21 10:40:15,,2012-07-04,380.16,682-800,울산광역시 동구 동부동 150번지,2012371008807500001,3710000,울산광역시 동구 안산로 50 (동부동),,,01,영업/정상,준대규모점포,,,
롯데슈퍼 도곡점,구분없음,2021-11-16,204254.782968629,442744.847670936,2025-12-15 16:15:28,I,3,폐업처리,2025-03-18 10:03:38,,2012-07-02,503.8,,,2014322016207500009,3220000,"서울특별시 강남구 언주로 123 (도곡동, 개포한신아파트)",,,03,폐업,준대규모점포,,,02-547-5601
롯데쇼핑(주) 롯데슈퍼 코엑스점,구분없음,,205359.898726792,445864.805913342,2026-04-24 22:18:15,U,1,정상영업,2026-04-21 10:07:34,,2012-07-02,294.9,,,2014322016207500008,3220000,서울특별시 강남구 봉은사로103길 5 (삼성동),,,01,영업/정상,준대규모점포,,,02-3446-5602
롯데쇼핑(주) 롯데슈퍼 삼성점,구분없음,,203675.905036013,445926.119732235,2026-04-24 22:18:15,U,1,정상영업,2026-04-21 10:07:00,,2012-07-02,730.7,,,2014322016207500007,3220000,서울특별시 강남구 선릉로 660 (삼성동),,,01,영업/정상,준대규모점포,,,02-3445-5601
롯데슈퍼 압구정점,구분없음,2021-12-30,202612.708410687,446806.733541327,2025-12-15 16:15:28,I,3,폐업처리,2022-01-17 18:06:36,,2012-07-02,120.07,,,2014322016207500006,3220000,서울특별시 강남구 도산대로35길 39 (신사동),,,03,폐업,준대규모점포,,,02-3446-5634
롯데쇼핑(주)롯데슈퍼 역삼점,,2014-06-15,,,2025-12-15 16:15:28,I,3,폐업처리,2014-07-02 16:11:01,,2012-07-02,180.8,,,2014322016207500002,3220000,서울특별시 강남구 논현로 468 (역삼동),,,03,폐업,준대규모점포,,,02-2290-5853
롯데슈퍼 곡성점,,2021-03-03,226391.065173984,198054.724644202,2026-07-14 11:38:15,I,3,폐업처리,2021-03-03 16:55:06,,2012-06-28,600,516-804,전남광주통합특별시 곡성군 곡성읍 읍내리 739번지 3호,2012486009607500001,5835000,전남광주통합특별시 곡성군 곡성읍 군청로 47,,,03,폐업,준대규모점포,,,
(주)이마트에브리데이 걸포동점,구분없음,,173967.515912723,458904.997740507,2025-12-15 16:15:28,I,1,정상영업,2021-05-04 16:11:23,,2012-06-28,312,415-020,경기도 김포시 걸포동 1563번지 2호,2012409022907500004,4090000,경기도 김포시 걸포2로 9 (걸포동),,,01,영업/정상,준대규모점포,,,031-983-9854
더콜로니운정몰,쇼핑센터,,176725.26242028,469706.991119381,2026-05-02 22:04:32,I,1,정상영업,2016-10-12 15:19:00,,2012-06-27,34984,,경기도 파주시 목동동 927번지 (파주운정택지개발지구 F3-8 블럭),2012406029207500007,4060000,,,,01,영업/정상,대규모점포,,,02-557-8828
(주)이마트에브리데이(이천점),구분없음,,238934.316946629,419876.035365793,2026-05-09 22:02:22,I,1,정상영업,2024-08-02 10:29:07,,2012-06-26,1282,,경기도 이천시 중리동 21-1,2012407020907500001,4070000,경기도 이천시 중리천로 18 (중리동),17375,,01,영업/정상,준대규모점포,,,031-638-0017
롯데슈퍼 이천중리가맹점,대형마트,,239461.390091394,419701.557736528,2026-05-09 22:02:22,I,4,직권취소,2018-11-30 13:55:16,,2012-06-26,576.67,467-800,경기도 이천시 중리동 213번지,2012407008807500003,4070000,경기도 이천시 중리천로 76 (중리동),,,04,취소/말소/만료/정지/중지,준대규모점포,,,031-635-2121
(주)이마트에브리데이(이천점),구분없음,,238934.316946629,419876.035365793,2026-05-09 22:02:22,I,1,정상영업,2024-07-26 10:02:54,,2012-06-26,1282,467-808,경기도 이천시 중리동 21번지 1호,2012407008807500002,4070000,경기도 이천시 중리천로 18 (중리동),,,01,영업/정상,준대규모점포,,,031-638-0017
롯데쇼핑(주) 롯데슈퍼 관고점,구분없음,2020-01-31,238639.271861948,419727.492981804,2026-05-09 22:02:22,I,3,폐업처리,2020-02-27 18:45:37,,2012-06-26,740.8,467-020,경기도 이천시 관고동 501번지 7호,2012407008807500001,4070000,경기도 이천시 설봉로19번길 12 (관고동),,,03,폐업,준대규모점포,,,031-634-5601
홈플러스 익스프레스 서울구로점,구분없음,,188674.995072188,443749.503020388,2026-05-01 22:42:20,I,1,정상영업,2020-06-03 10:20:07,,2012-06-20,228.69,152-720,"서울특별시 구로구 구로1동 650번지 4호 SK허브수 제B동 제118호,제119호,제121호~126호",2012316015907500003,3160000,"서울특별시  구일로10길 27, B동 1층 (제118호,제119호,제121호~126호)",,,01,영업/정상,준대규모점포,,,02-868-8726
메가마트 외동점,구분없음,,369632.600409243,194295.359792307,2026-05-07 03:03:03,U,1,정상영업,2026-05-06 18:20:20,,2012-06-19,816.53,,경상남도 김해시 외동 1251 대동아파트 주상가 111동 109호,2012535019607500002,5350000,"경상남도 김해시 함박로101번길 23, 대동아파트 주상가 111동 109호 (외동)",50954,,01,영업/정상,준대규모점포,,,
롯데쇼핑(주) 롯데슈퍼문산가맹점,구분없음,,305904.34666491,185966.439494224,2025-12-15 16:15:28,I,1,정상영업,2015-03-12 14:20:46,,2012-06-13,382.5,660-844,경상남도 진주시 문산읍 삼곡리 1279번지 1호,2012531014307500004,5310000,경상남도 진주시 문산읍 월아산로 1080,,,01,영업/정상,준대규모점포,,,055-761-4977
롯데쇼핑(주) 롯데슈퍼 주약가맹점,구분없음,,299405.466916425,186883.448711247,2025-12-15 16:15:28,I,1,정상영업,2015-03-12 14:18:29,,2012-06-13,186.8,660-290,경상남도 진주시 주약동 156번지 5호,2012531014307500003,5310000,경상남도 진주시 진주대로 847 (주약동),,,01,영업/정상,준대규모점포,,,055-762-3756
모다아울렛 B동 오산점,전문점,,204020.411719317,410030.536433244,2025-12-15 16:15:28,I,1,정상영업,2024-10-29 15:28:42,,2012-06-13,3383.28,447-230,경기도 오산시 외삼미동 562번지 10호,2012400012507500001,4000000,경기도 오산시 경기대로 822-22 (외삼미동),,,01,영업/정상,대규모점포,,,031-831-3712
아이에프씨몰(IFC Mall),복합쇼핑몰,,193326.931018911,446973.914570276,2026-05-11 22:40:07,U,1,정상영업,2025-11-28 10:41:14,,2012-06-13,37286,150-876,서울특별시 영등포구 여의도동 23번지,2012318016307500002,3180000,서울특별시 영등포구 국제금융로 10 (여의도동),,,01,영업/정상,대규모점포,,,02-6333-5700
이마트에브리데이 성주점,복합쇼핑몰,,316256.794096928,269352.801332245,2026-05-11 22:03:34,I,1,정상영업,2024-08-01 13:47:14,,2012-06-11,1359.7,719-804,경상북도 성주군 성주읍 성산리 661번지 5호,2012521006507500002,5210000,경상북도 성주군 성주읍 성주로 3246,,,01,영업/정상,준대규모점포,,,054-931-9710
금오G7 스퀘어,대형마트,,318302.590491105,293930.748700857,2025-12-15 16:15:28,I,1,정상영업,2018-02-12 09:14:05,,2012-06-11,11235.05,730-200,경상북도 구미시 봉곡동 33번지 3호 외 7필지,2012508013307500002,5080000,,,,01,영업/정상,대규모점포,,,054-455-2022
홈플러스 인천 청라점,대형마트,,,,2026-07-01 13:36:35,I,1,정상영업,2026-06-04 10:39:13,,2012-06-11,25820.01,,인천광역시 서해구 청라동 157-22 홈플러스 인천청라점,2012356010207500002,3561000,"인천광역시 서해구 중봉대로 587, 홈플러스 인천청라점 (청라동)",22762,,01,영업/정상,대규모점포,,,02-3459-8000
스퀘어원,복합쇼핑몰,,171926.076708191,433811.136423145,2026-05-11 23:16:52,I,1,정상영업,2013-06-22 13:22:15,,2012-06-11,88350.7,406-140,인천광역시 연수구 동춘3동 926번지,2012352006807500005,3520000,인천광역시 연수구 청능대로 210 (동춘동),,,01,영업/정상,대규모점포,,,02-2689-0035
롯데마트 장유점,대형마트,2017-04-19,,,2025-12-15 16:15:28,I,3,폐업처리,2021-12-27 10:04:01,,2012-06-05,11234,621-831,경상남도 김해시 장유면 대청리 300번지,2012535019607500001,5350000,,,,03,폐업,대규모점포,,,055-311-2500
익스프레스 구리토평점,대형마트,2018-01-31,212738.542267593,454286.064127389,2025-12-15 16:15:28,I,3,폐업처리,2018-02-23 13:32:29,,2012-06-05,241,,,2012398010807500007,3980000,경기도 구리시 이문안로 126-2 (토평동),,,03,폐업,준대규모점포,,,031-0567-8545
(주)이마트에브리데이 일산2호점,구분없음,,179899.116192876,465058.323539311,2025-12-15 16:15:28,I,1,정상영업,2024-07-19 16:27:12,,2012-06-01,997.28,411-852,경기도 고양시 일산서구 일산동 588번지 1호,2012394025707500010,3940000,경기도 고양시 일산서구 일청로 46 (일산동),,,01,영업/정상,준대규모점포,,,
롯데쇼핑(주)롯데슈퍼 익산점,구분없음,2021-11-03,194780.711023293,271830.501446518,2026-05-06 22:48:23,I,3,폐업처리,2021-11-02 15:53:44,,2012-05-31,714.2,,전북특별자치도 익산시 모현동1가 298번지 2호,2012468027107500001,4681000,전북특별자치도 익산시 선화로8길 19 (모현동1가),54659,,03,폐업,준대규모점포,,,063-853-5601
(주)이마트에브리데이 목동점,구분없음,,188580.483661607,447750.845210817,2025-12-15 16:15:28,I,1,정상영업,2024-08-06 09:21:27,,2012-05-31,468.92,158-754,서울특별시 양천구 목5동 904번지 목동4단지아파트 관리동 105호,2012314011407500007,3140000,"서울특별시 양천구 목동서로 130, 관리동 105호 (목동,목동4단지아파트)",,,01,영업/정상,준대규모점포,,,02-2646-4331
(주)이마트 신월점,백화점,,184796.999053109,448625.389554748,2025-12-15 16:15:28,I,1,정상영업,2024-04-23 09:17:24,,2012-05-31,1943.87,158-822,서울특별시 양천구 신월5동 26번지,2012314011407500006,3140000,서울특별시 양천구 화곡로 59 (신월동),,,01,영업/정상,준대규모점포,,,02-6716-1234
롯데슈퍼 좌동점,대형마트,,397380.689843168,188076.095488517,2026-05-10 22:54:15,I,1,정상영업,2014-09-18 16:54:13,,2012-05-29,253.6,612-852,부산광역시 해운대구 좌3동 1270번지 6호,2012333010307500011,3330000,부산광역시 해운대구 좌동순환로 70 (좌동),,,01,영업/정상,준대규모점포,,,051-741-5602
이마트에브리데이 팜스프링점,구분없음,2026-01-05,180355.254248507,474266.843537213,2026-05-02 22:04:32,U,3,폐업처리,2026-01-07 09:14:51,,2012-05-23,980.75,,,2012406029207500006,4060000,경기도 파주시 시청로 190 (아동동),10850,,03,폐업,준대규모점포,,,031-948-9489
이마트에브리데이 금촌동점,구분없음,2017-06-30,179924.709582771,472664.081355195,2026-05-02 22:04:32,I,3,폐업처리,2017-07-03 13:34:26,,2012-05-23,995.98,413-012,경기도 파주시 금촌2동 956번지 1호,2012406029207500005,4060000,경기도 파주시 후곡로 14 (금촌동),,,03,폐업,준대규모점포,,,031-945-5545
이마트에브리데이 광탄점,구분없음,,186601.793372607,475319.542751513,2026-05-02 22:04:32,I,1,정상영업,2024-07-25 16:32:16,,2012-05-23,996.6,413-854,경기도 파주시 광탄면 신산리 188번지 11호,2012406029207500004,4060000,경기도 파주시 광탄면 큰여울길 44,,,01,영업/정상,준대규모점포,,,031-947-1923
에브리데이 문산역점,구분없음,2015-01-31,181068.616414545,483509.520615807,2026-05-02 22:04:32,I,3,폐업처리,2015-02-12 11:55:27,,2012-05-23,998.01,413-904,경기도 파주시 문산읍 문산1리 22번지 6호,2012406029207500003,4060000,경기도 파주시 문산읍 문향로 23,,,03,폐업,준대규모점포,,,031-952-7952
에브리데이 문산점,구분없음,2016-07-07,181019.445231202,483687.324736958,2026-05-02 22:04:32,I,3,폐업처리,2016-07-07 18:05:02,,2012-05-23,990,413-904,경기도 파주시 문산읍 문산1리 11번지 9호,2012406029207500002,4060000,경기도 파주시 문산읍 문향로39번길 8,,,03,폐업,준대규모점포,,,031-953-9533
롯데프레시 신정점,그 밖의 대규모점포,,186071.979697827,445297.986765501,2026-03-11 01:45:02,U,1,정상영업,2026-03-10 20:04:54,,2012-05-23,240.66,,서울특별시 양천구 신정동 1290-4 대우미래사랑5차아파트,2012314011407500005,3140000,"서울특별시 양천구 신정로13길 3, 대우미래사랑5차아파트 103~105호 (신정동)",08081,,01,영업/정상,준대규모점포,,,26925600
롯데쇼핑(주)롯데슈퍼 신목동점,,2013-10-14,187523.574256064,446408.633352149,2025-12-15 16:15:28,I,3,폐업처리,2013-10-14 17:29:47,,2012-05-23,674,158-861,서울특별시 양천구 신정1동 1022번지 9호,2012314011407500004,3140000,서울특별시 양천구 중앙로32길 55 (신정동),,,03,폐업,준대규모점포,,,02-2651-5602
롯데쇼핑(주)롯데슈퍼 신월점,구분없음,,185164.559946017,448756.033565786,2026-06-03 03:03:03,U,1,정상영업,2026-06-02 14:05:27,,2012-05-23,263,158-095,서울특별시 양천구 신월5동 20번지 28호 외 1필지,2012314011407500003,3140000,"서울특별시 양천구 월정로46길 11 (신월동,외 1필지)",,,01,영업/정상,준대규모점포,,,02-2697-5602
익스프레스 구리 인창점,복합쇼핑몰,,212442.947355824,456144.78128741,2026-07-08 21:18:10,U,1,정상영업,2026-07-07 09:22:28,,2012-05-22,382.58,471-838,경기도 구리시 인창동 666번지 2호,2012398010807500006,3980000,경기도 구리시 건원대로76번길 42 (인창동),,,01,영업/정상,준대규모점포,,,031-565-8545
익스프레스 구리동구점,그 밖의 대규모점포,2015-12-24,212024.477144164,456397.139086741,2025-12-15 16:15:28,I,3,폐업처리,2015-12-24 13:21:48,,2012-05-22,158.4,,,2012398010807500005,3980000,경기도 구리시 동구릉로 120 (인창동),,,03,폐업,준대규모점포,,,
롯데슈퍼 교문점,복합쇼핑몰,,211732.000146084,454218.547394414,2026-04-30 03:03:03,U,1,정상영업,2026-04-29 17:14:59,,2012-05-22,592.2,,경기도 구리시 교문동 808 덕현아파트 상가,2012398010807500004,3980000,"경기도 구리시 장자대로37번길 61, 덕현아파트 상가 (교문동)",11938,,01,영업/정상,준대규모점포,,,031-569-5602
롯데슈퍼 지산점,그 밖의 대규모점포,2020-01-31,205918.427841165,397698.551742094,2025-12-15 16:15:28,I,3,폐업처리,2020-02-13 15:42:59,,2012-05-22,919.3,459-110,경기도 평택시 지산동 631번지 3호,2012391024407500002,3910000,경기도 평택시 지산로 114 (지산동),,,03,폐업,준대규모점포,,,
홈플러스(주) 익스플레스 의정부신곡점,구분없음,2013-09-26,204966.657601419,469819.00064259,2026-05-11 22:02:31,I,3,폐업처리,2013-11-26 09:59:36,,2012-05-22,266.7,480-834,경기도 의정부시 신곡1동 720번지 9호,2012382017907500005,3820000,경기도 의정부시 신곡로 46-9 (신곡동),,,03,폐업,준대규모점포,,,031-871-8545
영주농협남부지점 하나로마트,구분없음,,345274.041200316,369680.159668102,2025-12-15 16:15:28,I,1,정상영업,2014-09-22 09:23:02,,2012-05-21,123.02,750-050,경상북도 영주시 휴천동 698번지 13호,2012509007907500003,5090000,경상북도 영주시 번영로 62 (휴천동),,,01,영업/정상,준대규모점포,,,054-635-2857
영주농협하나로마트중앙점,구분없음,,344754.435402154,370337.910470637,2025-12-15 16:15:28,I,5,영업개시전,2022-06-27 15:51:24,,2012-05-21,492.94,750-010,경상북도 영주시 영주동 549번지 4호,2012509007907500002,5090000,경상북도 영주시 구성로 350 (영주동),,,01,영업/정상,준대규모점포,,,054-636-9550
롯데슈퍼 남원노암가맹점,,2013-06-28,234380.798714753,210910.395421369,2026-05-06 22:48:26,I,3,폐업처리,2013-06-28 09:57:32,,2012-05-21,369.1,590-090,전북특별자치도 남원시 노암동 517번지 10호,2012470011407500001,4701000,전북특별자치도 남원시 쑥고개로 50 (노암동),,,03,폐업,준대규모점포,,,063-626-2888
롯데슈퍼 인창점,복합쇼핑몰,2016-12-09,,,2025-12-15 16:15:28,I,3,폐업처리,2016-12-09 18:04:07,,2012-05-21,690.2,471-834,경기도 구리시 인창동 543번지 1호,2012398010807500003,3980000,경기도 구리시 동구릉로 55 (인창동),,,03,폐업,준대규모점포,,,
(주)지에스리테일 과천3점,그 밖의 대규모점포,,199247.7714676,435394.603870331,2025-12-15 16:15:28,I,1,정상영업,2025-04-07 16:42:36,,2012-05-21,1021.67,427-739,경기도 과천시 원문동 4번지 래미안슈르 상가 지하 1층,2012397003207500002,3970000,경기도 과천시 별양로 28 (원문동),,,01,영업/정상,준대규모점포,,,02-6933-7200
롯데쇼핑(주)롯데슈퍼 새서울점,구분없음,2022-04-18,199271.515,436077.66,2025-12-15 16:15:28,I,3,폐업처리,2025-03-10 13:23:30,,2012-05-21,605.2,427-040,경기도 과천시 별양동 1번지 18호,2012397003207500001,3970000,"경기도 과천시 별양상가2로 20 (별양동, 새서울프라자 지하)",,,03,폐업,준대규모점포,,,02-507-1574
롯데쇼핑(주) 롯뎃슈퍼 남현2점,복합쇼핑몰,2016-09-26,197790.079787758,441231.59187991,2026-04-07 03:03:03,U,3,폐업처리,2026-04-06 13:34:53,,2012-05-21,136.9,151-802,서울특별시 관악구 남현동 1078번지 2호,2012320019107500003,3200000,서울특별시 관악구 남현길 79 (남현동),,,03,폐업,대규모점포,,,02-3289-8883
주식회사 홈플러스익스프레스 길음점,구분없음,,201592.991324089,456382.966061703,2026-07-15 22:18:10,U,1,정상영업,2026-07-14 15:23:25,,2012-05-21,189,136-732,서울특별시 성북구 길음동 1285번지 두산아파트상가,2012307018907500014,3070000,서울특별시 성북구 길음로13길 22 (길음동),,,01,영업/정상,준대규모점포,,,02-942-8545
주식회사 홈플러스익스프레스 보문점,구분없음,,201826.002331378,453162.376311852,2026-07-15 22:18:10,U,1,정상영업,2026-07-14 15:28:23,,2012-05-21,215,136-087,서울특별시 성북구 보문동7가 25번지 1호,2012307018907500013,3070000,서울특별시 성북구 보문로 61 (보문동7가),,,01,영업/정상,준대규모점포,,,02-921-8545
롯데슈퍼 정릉점,구분없음,,201548.495615664,455659.81785175,2026-05-09 03:03:03,U,1,정상영업,2026-05-08 14:41:33,,2012-05-21,257,136-854,서울특별시 성북구 정릉3동 1034번지,2012307018907500012,3070000,서울특별시 성북구 정릉로 307 (정릉동),,,01,영업/정상,준대규모점포,,,02-914-5601
롯데슈퍼 장위점,구분없음,,204208.631200867,457844.348010616,2026-05-09 03:03:03,U,1,정상영업,2026-05-08 14:44:13,,2012-05-21,685.6,136-140,서울특별시 성북구 장위동 316번지 3호,2012307018907500011,3070000,서울특별시 성북구 월계로40길 7 (장위동),,,01,영업/정상,준대규모점포,,,02-915-5603
롯데마이슈퍼 길음점,구분없음,2022-02-23,201592.991324089,456382.966061703,2025-12-15 16:15:28,I,3,폐업처리,2022-02-23 16:54:36,,2012-05-21,292.56,136-110,서울특별시 성북구 길음동 1274번지 67호,2012307018907500010,3070000,"서울특별시 성북구 길음로13길 22 (길음동, 길음뉴타운7단지두산위브아파트)",,,03,폐업,준대규모점포,,,02-941-5610
롯데쇼핑(주) 롯데마켓 999 이문점,복합쇼핑몰,2025-05-24,205170.935816792,454707.524142172,2025-12-15 16:15:28,I,3,폐업처리,2025-05-23 09:06:18,,2012-05-21,130.8,130-080,서울특별시 동대문구 이문동 324번지 10호,2012305014007500002,3050000,서울특별시 동대문구 이문로 88 (이문동),,,03,폐업,준대규모점포,,,02-967-5601
탑마트 언양점,그 밖의 대규모점포,,392074.502799536,231607.371040507,2026-03-26 22:48:20,I,1,정상영업,2025-05-07 11:12:47,,2012-05-18,551.97,689-806,울산광역시 울주군 언양읍 서부리 155번지 3호,2012373010207500003,3730000,울산광역시 울주군 언양읍 헌양길 117,,,01,영업/정상,준대규모점포,,,052-264-0244
탑마트 울산남창점,복합쇼핑몰,,406908.152227841,214872.681792049,2026-03-26 22:48:20,I,1,정상영업,2025-05-07 13:29:18,,2012-05-18,992,,울산광역시 울주군 온양읍 운화리 7-14,2012373010207500002,3730000,울산광역시 울주군 온양읍 온양로 60,44973,,01,영업/정상,준대규모점포,,,052-237-6633
롯데쇼핑(주)롯데슈퍼 연제점,그 밖의 대규모점포,2020-09-11,389718.978472285,189961.75119876,2026-05-04 22:36:26,I,3,폐업처리,2020-09-14 14:00:28,,2012-05-18,429,611-820,부산광역시 연제구 연산4동 579번지 8호,2012337006907500002,3370000,부산광역시 연제구 세병로 29 (연산동),,,03,폐업,준대규모점포,,,051-861-5602
GS THE FRESH 신사점,구분없음,,202167.012989943,446808.075588622,2025-12-15 16:15:28,I,1,정상영업,2025-05-07 10:45:12,,2012-05-18,272.02,,,2012322016207500003,3220000,"서울특별시 강남구 압구정로18길 25 (신사동, 한국산업양행빌딩)",06031,,01,영업/정상,준대규모점포,,,02-518-4089
롯데쇼핑(주)롯데슈퍼 방배점,구분없음,,198660.616347373,443855.573402136,2026-06-24 03:03:03,U,1,정상영업,2026-06-23 11:29:29,,2012-05-18,249.9,137-828,서울특별시 서초구 방배본동 755번지 5호,2012321012207500005,3210000,서울특별시 서초구 방배중앙로 198 (방배동),,,01,영업/정상,준대규모점포,,,02-534-5601
롯데슈퍼 포항우현가맹점,구분없음,2016-09-26,413161.853405787,286641.776264823,2026-05-07 22:37:46,I,3,폐업처리,2016-12-08 11:10:45,,2012-05-17,268.16,791-220,경상북도 포항시 북구 우현동 16B1L 테라스31 1층 101호~104호,2012502018807500002,5020000,경상북도 포항시 북구 우창동로 70 (우현동),,,03,폐업,준대규모점포,,,054-231-8300
롯데쇼핑(주)롯데슈퍼광양중동점,구분없음,2021-01-31,263371.015646802,159647.965941147,2026-07-14 11:38:15,I,3,폐업처리,2022-03-22 16:32:14,,2012-05-15,1291.9,545-881,전남광주통합특별시 광양시 중동 1674번지 27호,2012484009207500001,5800000,전남광주통합특별시 광양시 광장로 107 (중동),,,03,폐업,준대규모점포,,,061-794-5601
(주)지에스리테일 평택이충점,그 밖의 대규모점포,,205796.899262265,395351.975127968,2025-12-15 16:15:28,I,1,정상영업,2025-04-18 17:36:17,,2012-05-14,1213.47,459-030,경기도 평택시 이충동 667번지,2012391024407500001,3910000,경기도 평택시 이충로35번길 28-22 (이충동),,,01,영업/정상,준대규모점포,,,
롯데쇼핑(주)롯데슈퍼 의정부2동점,그 밖의 대규모점포,2017-04-17,,,2026-05-11 22:02:31,I,3,폐업처리,2017-04-17 12:16:33,,2012-05-14,692.6,,,2014382017907500001,3820000,경기도 범골로 146-23,,,03,폐업,준대규모점포,,,031-876-5601
롯데쇼핑(주) 롯데슈퍼 의정부2동점,,2017-04-17,203565.036815778,470267.079136898,2026-05-11 22:02:31,I,3,폐업처리,2017-04-17 12:08:28,,2012-05-14,692.6,480-849,경기도 의정부시 의정부2동 556번지 8호,2012382017907500004,3820000,경기도 의정부시 범골로146번길 22 (의정부동),,,03,폐업,준대규모점포,,,031-876-5601
롯데쇼핑(주) 롯데슈퍼 가능역점,구분없음,,203877.860464049,471799.285751954,2026-05-11 22:02:30,I,1,정상영업,2021-04-15 10:22:18,,2012-05-14,211.57,480-844,경기도 의정부시 의정부1동 235번지 17호,2012382017907500003,3820000,경기도 의정부시 평화로 635 (의정부동),,,01,영업/정상,준대규모점포,,,031-856-5612
뉴코아아울렛,전문점,,200576.608647619,445241.8984183,2026-05-07 03:03:03,U,1,정상영업,2026-05-06 17:55:34,,2012-05-14,15065.56,137-030,서울특별시 서초구 잠원동 70번지 2호,2012321012207500004,3210000,서울특별시 서초구 잠원로 51 (잠원동),,,01,영업/정상,대규모점포,,,
뉴코아백화점,백화점,,200367.985010323,445207.663497148,2026-05-07 03:03:03,U,1,정상영업,2026-05-06 17:53:29,,2012-05-14,12595,137-711,서울특별시 서초구 잠원동 70번지 5호 뉴코아백화점빌딩,2012321012207500003,3210000,"서울특별시 서초구 잠원로 37-6 (잠원동, 뉴코아백화점빌딩)",,,01,영업/정상,대규모점포,,,
주식회사 홈플러스익스프레스 삼선점,구분없음,,200509.660547343,453950.640893998,2026-07-15 22:18:10,U,1,정상영업,2026-07-14 15:30:30,,2012-05-14,149.49,,서울특별시 성북구 삼선동1가 21,2012307018907500007,3070000,서울특별시 성북구 삼선교로 6 (삼선동1가),02866,,01,영업/정상,준대규모점포,,,02-3675-8549
롯데쇼핑(주) 롯데슈퍼,그 밖의 대규모점포,,316238.703131911,269792.302708938,2026-08-05 21:48:10,I,1,정상영업,2026-08-04 15:57:12,,2012-05-11,548.4,,경상북도 성주군 성주읍 예산리 339-3,2012521011507500001,5210000,경상북도 성주군 성주읍 성주읍3길 41,40026,,01,영업/정상,준대규모점포,,,054-931-5605
롯데쇼핑(주)롯데슈퍼 성주점,복합쇼핑몰,,316238.703131911,269792.302708938,2026-05-11 22:03:33,U,1,정상영업,2025-12-23 11:44:02,,2012-05-11,548.4,719-801,경상북도 성주군 성주읍 예산리 339번지 3호,2012521006507500001,5210000,경상북도 성주군 성주읍 성주읍3길 41,,,01,영업/정상,준대규모점포,,,054-931-5605
홈플러스(주) 안동점,대형마트,,354764.104994681,341554.03301387,2026-03-11 01:24:08,I,1,정상영업,2021-02-20 11:15:07,,2012-05-10,19660,,경상북도 안동시 운흥동 247-28 홈플러스,2012507017807500002,5070000,"경상북도 안동시 경동로 656, 홈플러스 (운흥동)",36706,,01,영업/정상,대규모점포,,,054-840-8300
홈플러스(주) 안동점,대형마트,,354764.104994681,341554.03301387,2026-03-11 01:24:08,I,1,정상영업,2024-03-05 09:38:55,,2012-05-10,19660,760-110,경상북도 안동시 운흥동 247번지 58호,2012507017807500001,5070000,경상북도 안동시 경동로 656 (운흥동),,,01,영업/정상,대규모점포,,,054-840-8300
중앙로지하상가,그 밖의 대규모점포,,,,2026-07-01 09:42:12,I,1,정상영업,2018-03-09 16:21:37,,2012-05-10,1847.68,400-180,인천광역시 제물포구 인현동 1번지,2012349007507500001,3501000,인천광역시 제물포구 참외전로 지하 123 (인현동),,,01,영업/정상,대규모점포,,,032-772-8679
(주)서원유통 탑마트 삼천포점,복합쇼핑몰,,298477.346461359,159786.940020628,2026-05-08 22:02:24,I,1,정상영업,2025-04-28 14:23:11,,2012-05-09,1349.13,664-230,경상남도 사천시 동금동 88번지 4호,2012534001607500001,5340000,경상남도 사천시 새시장길 19 (동금동),,,01,영업/정상,준대규모점포,,,055-835-4115
홈플러스(주)익스프레스 신안점,구분없음,2026-01-01,296831.469799527,187012.515018214,2025-12-25 02:40:00,U,3,폐업처리,2025-12-23 16:45:47,,2012-05-09,260,,경상남도 진주시 신안동 582-8,2012531014307500002,5310000,경상남도 진주시 진양호로 270 (신안동),52697,,03,폐업,준대규모점포,,,
롯데쇼핑(주)롯데슈퍼 연산점,복합쇼핑몰,,391834.757220277,188995.13829877,2026-05-04 22:36:26,U,1,정상영업,2026-04-20 18:11:32,,2012-05-09,1369.9,611-812,부산광역시 연제구 연산9동 490번지 7호,2012337006907500001,3370000,부산광역시 연제구 과정로 115 (연산동),,,01,영업/정상,준대규모점포,,,051-756-5601
롯데쇼핑(주)롯데슈퍼 합천점,그 밖의 대규모점포,,305153.751800343,229962.575861394,2025-12-15 16:15:28,I,1,정상영업,2022-05-09 10:19:00,,2012-05-08,849.1,678-807,경상남도 합천군 합천읍 합천리 698번지 2호,2012548006907500001,5480000,경상남도 합천군 합천읍 충효로 39,,2010-10-09,01,영업/정상,준대규모점포,,,055-931-5601
롯데쇼핑(주)롯데슈퍼 시흥점,구분없음,2016-12-26,191917.450107657,438699.77460936,2026-05-07 22:30:13,I,3,폐업처리,2016-12-29 17:48:42,,2012-05-07,699.7,153-859,서울특별시 금천구 시흥5동 912번지 20호,2012317014207500003,3170000,서울특별시  금하로 720,,,03,폐업,준대규모점포,,,
롯데쇼핑(주) 롯데슈퍼 장안2동점,구분없음,2014-12-31,206325.349431713,452184.2101607,2025-12-15 16:15:28,I,3,폐업처리,2015-01-13 13:34:32,,2012-05-07,475.2,130-102,서울특별시 동대문구 장안2동 368번지 1호 바우하우스,2012305014007500001,3050000,서울특별시 동대문구 답십리로 288 (장안동),,,03,폐업,준대규모점포,,,02-2243-5601
(주)서원유통 탑마트 밀양삼문점,쇼핑센터,,359081.873966844,221911.869424814,2025-12-15 16:15:28,I,1,정상영업,2025-04-28 15:01:47,,2012-05-04,1670.02,627-150,경상남도 밀양시 삼문동 203번지 12호,2012536008207500001,5360000,경상남도 밀양시 삼문중앙로 13 (삼문동),,,01,영업/정상,준대규모점포,,,055-353-2220
롯데쇼핑(주) 롯데마트 신갈점,복합쇼핑몰,,209459.248962457,418917.232336063,2026-05-08 03:03:03,U,1,정상영업,2026-05-07 16:21:02,,2012-05-04,15152.38,446-597,경기도 용인시 기흥구 신갈동 62번지,2012405028807500003,4050000,경기도 용인시 기흥구 신갈로58번길 16 (신갈동),,,01,영업/정상,대규모점포,,,02-2145-8470
롯데쇼핑(주)롯데슈퍼지행점,구분없음,2020-07-27,204552.560765899,487822.390972397,2025-12-15 16:15:28,I,3,폐업처리,2020-09-03 18:26:46,,2012-05-04,241.32,483-020,경기도 동두천시 지행동 693번지 1호,2012392005707500003,3920000,경기도 동두천시 중앙로 130 (지행동),,,03,폐업,준대규모점포,,,031-865-5601
롯데쇼핑(주) 롯데마트 양덕점,대형마트,,344258.629103871,192909.719460689,2026-05-07 21:48:19,U,1,정상영업,2025-12-31 07:46:58,,2012-05-02,15537.26,,경상남도 창원시 마산회원구 양덕동 84번지 14호,2012567035807500001,5670000,경상남도 창원시 마산회원구 삼호로 80 (양덕동),51322,,01,영업/정상,대규모점포,,,02-2145-8473
롯데쇼핑(주)롯데슈퍼동두천점,구분없음,2017-09-07,204926.887212884,488565.873404122,2025-12-15 16:15:28,I,3,폐업처리,2017-09-07 10:37:18,,2012-05-01,1838.4,483-030,경기도 동두천시 생연동 722번지,2012392005707500002,3920000,경기도 동두천시 평화로 2375 (생연동),,,03,폐업,준대규모점포,,,
주식회사 홈플러스익스프레스 동두천지행점,복합쇼핑몰,,204557.102323171,487718.114551363,2026-07-02 21:18:10,U,1,정상영업,2026-07-01 11:18:18,,2012-04-30,199.9,483-020,"경기도 동두천시 지행동 718번지 2호 성지에스엔비타워 103,104호",2012392005707500001,3920000,경기도 동두천시 지행로 50 (지행동),,,01,영업/정상,준대규모점포,,,031-866-8545
롯데슈퍼 인천만수가맹점,구분없음,,175850.901141261,438788.702527975,2026-03-26 22:49:56,I,1,정상영업,2017-07-10 20:57:01,,2012-04-30,246.6,405-241,인천광역시 남동구 만수1동 935번지 1호,2012353010407500003,3530000,인천광역시 남동구 복개동로34번길 25 (만수동),,,01,영업/정상,준대규모점포,,,032-463-5887
롯데마켓999 연수1동점,,,171392.537370186,435325.772980459,2026-05-11 23:16:51,I,1,정상영업,2012-05-01 10:09:18,,2012-04-30,162,406-111,인천광역시 연수구 연수1동 568번지,2012352006807500004,3520000,인천광역시 연수구 새말로 70 (연수동),,,01,영업/정상,준대규모점포,,,032-815-5601
롯데마트 연수점,대형마트,,171173.885129435,434824.628551534,2026-05-16 03:03:03,U,1,정상영업,2026-05-15 14:36:44,,2012-04-30,9196.74,406-120,인천광역시 연수구 청학동 502번지 4호,2012352006807500003,3520000,인천광역시 연수구 청능대로 87 (청학동),,,01,영업/정상,대규모점포,,,032-810-2501
롯데마켓999 연수1동점,,,171392.537370186,435325.772980459,2026-05-11 23:16:51,I,1,정상영업,2012-04-30 13:55:22,,2012-04-30,162,406-111,인천광역시 연수구 연수1동 568번지,2012352006807500002,3520000,인천광역시 연수구 새말로 70 (연수동),,,01,영업/정상,준대규모점포,,,032-815-5601
롯데쇼핑(주)롯데슈퍼 부산문현점,그 밖의 대규모점포,,388650.24444681,183818.88630021,2026-05-30 03:03:03,U,1,정상영업,2026-05-29 14:01:36,,2012-04-30,525.6,608-828,부산광역시 남구 문현4동 358번지 9호,2012331008207500002,3310000,부산광역시 남구 지게골로 45 (문현동),,,01,영업/정상,준대규모점포,,,051-636-5601
롯데쇼핑(주) 롯데마트 나주점,복합쇼핑몰,,173723.946573431,168292.405472667,2026-07-14 11:38:15,I,1,정상영업,2026-05-07 17:45:26,,2012-04-27,3464.47,520-130,전남광주통합특별시 나주시 송월동 1106번지 2호,2012483013707500001,5795000,전남광주통합특별시 나주시 내동길 15 (송월동),,,01,영업/정상,대규모점포,,,061-339-3200
롯데슈퍼전곡점,그 밖의 대규모점포,,205749.023512098,502827.430494496,2026-02-11 21:48:10,U,1,정상영업,2026-02-10 15:56:19,,2012-04-27,1526.95,,,2012414004807500001,4140000,경기도 연천군 전곡읍 전곡로 187-1,,,01,영업/정상,준대규모점포,,,031-832-6981
홈플러스(주) 익스프레스 분당동판교점,복합쇼핑몰,,210115.085178947,431815.870958616,2026-07-09 21:48:12,U,1,정상영업,2026-07-08 16:42:43,,2012-04-27,482.5,463-420,경기도 성남시 분당구 백현동 551번지   B101호,2012378021907500005,3780000,"경기도 성남시 분당구 동판교로 59, B101호 (백현동)",,,01,영업/정상,준대규모점포,2013-06-17,2014-06-15,031-8016-8543
주식회사홈플러스익스프레스 송촌점,그 밖의 대규모점포,,239365.496474069,318445.470353913,2026-07-09 22:18:10,U,1,정상영업,2026-07-08 17:16:04,,2012-04-26,421.5,306-040,대전광역시 대덕구 송촌동 460번지 4호,2012368009207500004,3680000,대전광역시 대덕구 동춘당로94번길 11-15 (송촌동),,,01,영업/정상,준대규모점포,,,042-634-8545
(주)농협하나로유통 하나로마트포항점,대형마트,2025-11-30,415979.94537735,289515.091165407,2026-05-07 22:37:45,U,3,폐업처리,2026-01-21 17:05:02,,2012-04-25,6842.33,,,2012502018807500001,5020000,경상북도 포항시 북구 장량로 171 (양덕동),,,03,폐업,대규모점포,,,054-230-8061
유타쇼핑몰,복합쇼핑몰,,201447.418693099,454477.103343093,2026-04-15 03:03:03,U,1,정상영업,2026-04-14 13:59:36,,2012-04-25,17056,136-051,서울특별시 성북구 동선동1가 1번지 2호,2012307018907500006,3070000,서울특별시 성북구 동소문로 106 (동선동1가),,,01,영업/정상,대규모점포,,,02-925-9523
(주)에브리데이리테일 영천점,구분없음,2015-12-30,375014.171484032,275744.445433457,2025-12-15 16:15:28,I,3,폐업처리,2015-12-30 16:14:50,,2012-04-24,1658,770-906,경상북도 영천시 완산동 1004번지,2012510012107500001,5100000,경상북도 영천시 완산로 64-34 (완산동),,,03,폐업,준대규모점포,,,054-333-7300
롯데슈퍼 방배2점,구분없음,,198984.364832071,443229.835878514,2026-02-27 22:18:10,U,1,정상영업,2026-02-26 15:08:51,,2012-04-24,1049.58,137-061,서울특별시 서초구 방배1동 816번지 1호,2012321012207500002,3210000,서울특별시 방배로33길 29,,,01,영업/정상,준대규모점포,,,02-536-0004
홈플러스 익스프레스 상도3점,구분없음,,194941.030627361,443848.078951741,2026-05-03 22:37:50,I,1,정상영업,2025-02-27 09:56:07,,2012-04-24,258,156-842,서울특별시 동작구 상도동 530번지,2012319012807500006,3190000,서울특별시 동작구  양녕로  170 (상도동),,,01,영업/정상,준대규모점포,,,32808545
홈플러스 익스프레스 상도2점,구분없음,,195489.423430508,444995.675592494,2026-05-03 22:37:50,I,1,정상영업,2014-10-08 09:09:37,,2012-04-24,507.4,156-718,서울특별시 동작구 상도2동 414번지,2012319012807500005,3190000,서울특별시 동작구 만양로 26 (상도동),,,01,영업/정상,준대규모점포,,,02-816-8546
(주)지에스리테일 증평점,그 밖의 대규모점포,,251564.053333333,364572.511333334,2026-05-06 22:48:24,I,1,정상영업,2025-04-16 11:36:12,,2012-04-23,1651.69,368-907,충청북도 증평군 증평읍 신동리 424번지,2012557003107500001,5570000,충청북도 증평군 증평읍 창신로 54,,,01,영업/정상,준대규모점포,,,043-836-6711
갤러리아백화점 진주점,백화점,,298496.244248712,189144.044742329,2025-12-15 16:15:28,I,1,정상영업,2013-07-25 14:49:41,,2012-04-23,23584.44,660-725,경상남도 진주시 평안동 195번지 한화갤러리아백화점,2004531001307500001,5310000,경상남도 진주시 진주대로 1095 (평안동),,,01,영업/정상,대규모점포,,,055-791-1000
롯데쇼핑(주)롯데슈퍼 영주점,구분없음,,345200.857882274,369525.647407351,2025-12-24 02:40:00,U,1,정상영업,2025-12-22 18:43:47,,2012-04-23,1628.33,750-050,경상북도 영주시 휴천동 693번지 9호,2012509007907500001,5090000,경상북도 영주시 구성로 256 (휴천동),,,01,영업/정상,준대규모점포,,,054-632-5601
롯데슈퍼 대야가맹점,,2013-12-31,,,2026-05-11 22:05:13,I,3,폐업처리,2014-05-16 20:44:22,,2012-04-23,267.3,429-010,경기도 시흥시 대야동 472호,2012401019907500002,4010000,경기도 시흥시 대골안길 41 (대야동),,,03,폐업,준대규모점포,,,031-314-0270
GS슈퍼 울산옥동점,구분없음,,408133.922347121,228530.539374019,2025-12-15 16:15:28,I,1,정상영업,2014-09-27 14:17:50,,2012-04-23,1377.87,680-843,울산광역시 남구 옥동 154번지 4호,2012370007807500002,3700000,울산광역시 남구 문수로 385 (옥동),,,01,영업/정상,준대규모점포,,,052-256-8441
GS슈퍼 울산옥동점,,2016-02-13,,,2025-12-15 16:15:28,I,3,폐업처리,2016-11-11 15:24:17,,2012-04-23,1973.82,,,2012370007807500001,3700000,울산광역시 남구 문수로 154-4 (옥동),,,03,폐업,준대규모점포,,,052-256-8441
롯데아울렛 광주 월드컵점,쇼핑센터,,188791.275961965,181590.099672513,2026-07-14 11:38:15,I,1,정상영업,2026-04-09 09:45:38,,2012-04-20,17553.8,502-831,전남광주통합특별시 서구 풍암동 423번지 2호,2012360008407500001,5810000,전남광주통합특별시 서구 금화로 240 (풍암동),,,01,영업/정상,대규모점포,,,062-606-2500
이마트 화성봉담점,대형마트,,,,2026-02-01 10:52:12,I,1,정상영업,2024-04-23 09:49:17,,2012-04-20,10611.17,,133번지 1호,2013553023207500001,5530000,효행로  278,,,01,영업/정상,대규모점포,,,031-228-1234
(주)이마트 봉담점,대형마트,,,,2026-02-01 10:52:12,I,1,정상영업,2013-01-15 17:38:21,,2012-04-20,10611.17,,133번지 1호,2012553023207500002,5530000,효행로  278,,,01,영업/정상,대규모점포,,,031-228-1252
이마트 봉담점,대형마트,,,,2026-02-01 10:52:12,I,1,정상영업,2012-04-20 17:50:23,,2012-04-20,10611.17,445-893,경기도 화성시 효행구 봉담읍 동화리 133번지 1호 외 25필지,2012553023207500001,5530000,,,,01,영업/정상,대규모점포,,,02-380-9414
롯데쇼핑(주) 롯데슈퍼 청전점,그 밖의 대규모점포,2023-12-01,307742.180437602,405540.785138948,2025-12-15 16:15:28,I,3,폐업처리,2023-12-04 15:08:06,,2012-04-20,1499.3,,,2012440020907500002,4400000,충청북도 제천시 의림대로 201 (청전동),,,03,폐업,준대규모점포,,,02-2290-5853
롯데쇼핑(주) 롯데마트 제천점,복합쇼핑몰,,306621.778539108,404931.341312042,2026-05-01 03:03:03,U,1,정상영업,2026-04-30 09:05:30,,2012-04-20,4067,,,2012440020907500001,4400000,충청북도 제천시 용두대로 111 (하소동),,,01,영업/정상,대규모점포,,,043-640-2600
홈플러스 익스프레스 개봉점,구분없음,,187158.443830013,443952.561879682,2026-07-25 22:18:04,U,1,정상영업,2026-07-24 14:52:55,,2012-04-20,191,152-805,서울특별시 구로구 개봉1동 156번지 18호 외 1필지 대림프라자 101호,2012316015907500002,3160000,"서울특별시 구로구 경인로 319 (개봉동,외 1필지 대림프라자 101호)",,,01,영업/정상,준대규모점포,,,26838545
홈플러스 익스프레스 서울오류점,복합쇼핑몰,,185819.63836634,443306.894469596,2026-07-29 22:18:05,U,1,정상영업,2026-07-28 17:45:17,,2012-04-20,246,,서울특별시 구로구 오류동 160-2,2012316015907500001,3160000,"서울특별시 구로구 서해안로 2295, 1층 (오류동)",08357,,01,영업/정상,준대규모점포,,,34598000
롯데슈퍼하월곡점,그 밖의 대규모점포,2024-04-08,203353.798850162,455765.417145198,2025-12-15 16:15:28,I,3,폐업처리,2025-08-14 14:49:06,,2012-04-20,80.49,136-131,서울특별시 성북구 월곡1동 62번지 1호,2012307018907500003,3070000,,,,03,폐업,준대규모점포,,,
홈플러스 익스프레스 청주 용암점,구분없음,,244992.345882879,345596.933252567,2026-05-06 22:48:31,I,1,정상영업,2018-04-05 16:21:38,,2012-04-19,316.5,360-823,충청북도 청주시 상당구 용암동 1592-2번지 1층,2012436012407500014,5710000,충청북도 청주시 상당구 월평로 174 (용암동),,,01,영업/정상,준대규모점포,,,043-291-8451
(주)지에스리테일 청주봉명점,구분없음,,241169.834205813,349069.347197866,2026-05-06 22:48:31,I,1,정상영업,2025-04-22 10:41:31,,2012-04-19,1119.48,361-816,충청북도 청주시 흥덕구 봉명동 189-1번지,2012436012407500013,5710000,충청북도 청주시 흥덕구 1순환로 576 (봉명동),,,01,영업/정상,준대규모점포,,,043-265-4612
(주)지에스리테일 청주율량점,구분없음,2023-01-07,243180.41296803,352003.579724036,2026-05-06 22:48:31,I,3,폐업처리,2023-01-26 17:14:36,,2012-04-19,1686.23,360-820,충청북도 청주시 청원구 율량동 1242번지,2012436012407500012,5710000,충청북도 청주시 청원구 율봉로 131 (율량동),,,03,폐업,준대규모점포,,,043-218-3333
홈플러스(주)익스프레스 수곡점,구분없음,,242885.946249057,346498.361995886,2026-05-06 22:48:31,U,1,정상영업,2026-07-16 14:23:07,,2012-04-19,319.4,361-835,충청북도 청주시 서원구 수곡동 334번지,2012436012407500011,5710000,충청북도 청주시 서원구 구룡산로 321 (수곡동),,,01,영업/정상,준대규모점포,,,043-286-8541
홈플러스(주)익스프레스 청주개신점,구분없음,,239909.181050241,346766.003515133,2026-05-06 22:48:31,U,1,정상영업,2026-07-16 10:18:21,,2012-04-19,450.1,361-805,충청북도 청주시 서원구 개신동 616번지,2012436012407500010,5710000,충청북도 청주시 서원구 경신로 45 (개신동),,,01,영업/정상,준대규모점포,,,043-3231-8574
롯데마켓 999 시흥정왕역점,,,177169.734152622,427882.357489452,2026-05-11 22:05:13,I,1,정상영업,2013-09-30 08:46:10,,2012-04-19,168.9,429-452,경기도 시흥시 정왕2동 2319번지 3호   101호,2012401019907500003,4010000,경기도 시흥시 오동마을로 14 (정왕동),,,01,영업/정상,준대규모점포,,,031-433-3859
롯데쇼핑(주)롯데수퍼 진월점,쇼핑센터,2021-06-09,190591.067479962,180601.219288553,2026-07-14 11:38:15,I,3,폐업처리,2021-06-09 15:13:17,,2012-04-18,5042.5,503-330,전남광주통합특별시 남구 진월동 313번지,2012361010707500001,5815000,전남광주통합특별시 남구 서문대로 729 (진월동),,,03,폐업,대규모점포,,,062-674-5601
(주)서원유통 탑마트 양산북정점,대형마트,,385482.440665996,208270.248373131,2025-12-15 16:15:28,I,1,정상영업,2025-05-08 09:52:42,,2012-04-18,1334.88,626-110,경상남도 양산시 북정동 903번지 3호,2012538014507500005,5380000,경상남도 양산시 삼성5길 11-12 (북정동),,,01,영업/정상,준대규모점포,,,055-363-4477
(주)서원유통 탑마트 양산북부점,복합쇼핑몰,,385593.085018014,207449.17681185,2025-12-15 16:15:28,I,1,정상영업,2025-05-08 09:41:43,,2012-04-18,897.23,626-800,경상남도 양산시 북부동 228번지 8호,2012538014507500004,5380000,경상남도 양산시 북안북7길 28 (북부동),,,01,영업/정상,준대규모점포,,,055-384-4991
주식회사 홈플러스 익스프레스 삼호점,전문점,,397307.133426963,213959.897488594,2026-06-30 03:03:03,U,1,정상영업,2026-06-29 13:17:07,,2012-04-18,360,,경상남도 양산시 삼호동 861번지 웅상신도시푸르지오 116(주상가)동 101호,2012538012907500002,5380000,"경상남도 양산시 삼호로 74, 116동 101호 (삼호동, 웅상신도시푸르지오아파트주상가)",50533,,01,영업/정상,준대규모점포,,,055-388-8545
GS슈퍼 구리수택점,전문점,2021-03-09,212813.095069411,454860.383649496,2025-12-15 16:15:28,I,3,폐업처리,2021-03-16 13:12:38,,2012-04-18,863.22,,,2012398010807500002,3980000,경기도 구리시 검배로 70 (수택동),,,03,폐업,준대규모점포,,,031-522-5391
GS슈퍼 수택3점,복합쇼핑몰,2021-03-09,,,2025-12-15 16:15:28,I,3,폐업처리,2021-03-16 13:11:25,,2012-04-18,356.04,,,2012398010807500001,3980000,경기도 구리시 체육관로80번길 13 (수택동),,,03,폐업,준대규모점포,,,031-554-8500
(주)메가마트 덕계점,구분없음,,395434.324833665,210384.571380568,2026-05-05 03:03:03,U,1,정상영업,2026-05-04 15:08:46,,2012-04-17,2636.7,626-240,경상남도 양산시 덕계동 732번지,2012538012907500001,5380000,경상남도 양산시 덕계로 60 (덕계동),,,01,영업/정상,준대규모점포,,,055-388-7770
지에스더프레시(충주용산점),복합쇼핑몰,,283647.740848228,384815.270605605,2025-12-15 16:15:28,I,1,정상영업,2025-05-22 17:56:08,,2012-04-17,1981.1,,충청북도 충주시 용산동 1639번지,2012439010307500002,4390000,"충청북도 충주시 남산로 72 (용산동, GS슈퍼마켓)",27403,,01,영업/정상,준대규모점포,,,043-724-3001
롯데쇼핑(주)롯데슈퍼울산언양점,구분없음,2021-01-13,391845.924081904,231532.025984847,2026-03-26 22:48:20,I,3,폐업처리,2021-08-18 16:39:14,,2012-04-17,767.6,689-806,울산광역시 울주군 언양읍 서부리 136외 6필지,2012373010207500001,3730000,울산광역시 울주군 언양읍 남천로 120,,,03,폐업,준대규모점포,,,052-264-5601
메가마트 마리나점,복합쇼핑몰,2022-09-30,395512.736663758,186647.018022464,2026-05-10 22:54:15,I,3,폐업처리,2022-09-30 10:03:43,,2012-04-17,1109.59,612-787,부산광역시 해운대구 우1동 1388번지 4호 대우마리나1차아파트 상가동 지하 101호,2012333010307500010,3330000,"부산광역시 해운대구 해운대해변로 117, 상가동 지하 101호 (우동, 대우마리나1차아파트)",,,03,폐업,준대규모점포,,,051-741-8256
(주)이마트에브리데이 부산반여점,구분없음,,392860.517537274,190969.242928782,2026-05-10 22:54:15,I,1,정상영업,2024-08-09 15:07:15,,2012-04-17,869.69,612-811,부산광역시 해운대구 반여1동 1199번지 21호,2012333010307500009,3330000,부산광역시 해운대구 선수촌로 65-7 (반여동),,,01,영업/정상,준대규모점포,,,051-715-2517
GS THE FRESH 해운대센텀점,구분없음,,393239.237933586,188619.149645081,2026-05-10 22:54:15,I,1,정상영업,2025-05-20 17:22:23,,2012-04-17,318.81,612-712,"부산광역시 해운대구 재송1동 1200번지 더샵센텀파크1차아파트 상가5동 201, 203호",2012333010307500008,3330000,"부산광역시 해운대구 센텀중앙로 145, 제상가5동 201, 203호 (재송동)",,,01,영업/정상,준대규모점포,,,051-744-5801
홈플러스익스프레스 연남점,복합쇼핑몰,,192899.605749281,451360.660991625,2026-08-12 22:19:26,U,1,정상영업,2026-08-11 07:35:40,,2012-04-17,158.07,,서울특별시 마포구 연남동 573 코오롱하늘채아파트,2012313011807500002,3130000,"서울특별시 마포구 연남로 44, 코오롱하늘채아파트 A동 1층 101,102호 (연남동)",03976,,01,영업/정상,준대규모점포,,,02-337-8541
(주)이마트에브리데이 고흥점,그 밖의 대규모점포,,226677.510632951,124257.624920785,2026-07-14 11:38:15,I,1,정상영업,2021-04-20 17:59:49,,2012-04-16,489,548-802,전남광주통합특별시 고흥군 고흥읍 남계리 231번지 1호,2012488014707500001,5845000,전남광주통합특별시 고흥군 고흥읍 고흥로 1871,,,01,영업/정상,준대규모점포,2019-05-01,2020-02-29,061-832-1336
TOP PRICE WHOLESALE,대형마트,,217232.530606995,434341.475496054,2026-03-26 22:01:54,I,5,영업개시전,2023-12-11 11:11:31,,2012-04-13,5942.38,464-040,"경기도 광주시 삼동 443번지 외 3필지(440,441,442-1)",2012554012307500001,5540000,경기도 광주시 순암로 535 (삼동),,,01,영업/정상,대규모점포,,,031-797-6514
(주)이마트 의왕점,대형마트,,197590.089971229,427590.743059589,2025-12-15 16:15:28,I,1,정상영업,2024-04-29 14:07:44,,2012-04-13,9875.45,,경기도 의왕시 오전동 892 의왕서해그랑블(블루스퀘어),2012403013507500001,4030000,"경기도 의왕시 경수대로 262, 지하5층~지상1층 (오전동, 의왕서해그랑블(블루스퀘어))",16058,,01,영업/정상,대규모점포,,,02-380-9461
롯데쇼핑(주)롯데슈퍼 사당점,그 밖의 대규모점포,2015-06-30,198259.042471994,441696.145605791,2026-05-03 22:37:50,I,3,폐업처리,2015-07-08 14:12:48,,2012-04-13,303.3,156-827,서울특별시 동작구 사당1동 1042번지 19호,2012319012807500004,3190000,서울특별시 동작구 동작대로 9 (사당동),,,03,폐업,준대규모점포,,,22905853
GS수퍼마켓 길음점,그 밖의 대규모점포,2020-06-30,201517.385329678,456504.561867278,2025-12-15 16:15:28,I,3,폐업처리,2025-08-14 14:56:07,,2012-04-12,198,136-111,서울특별시 성북구 길음1동 1280번지 6호,2012307018907500002,3070000,서울특별시 성북구 길음로 103 (길음동),,,03,폐업,준대규모점포,,,02-941-2227
GS더프레시 길음뉴타운점,구분없음,,201514.970976778,456137.102062808,2025-12-15 16:15:28,I,1,정상영업,2025-05-13 15:48:10,,2012-04-12,202,136-720,서울특별시 성북구 길음1동 1284번지 삼성래미안3차아파트,2012307018907500001,3070000,"서울특별시 성북구 길음로 33 (길음동, 길음뉴타운8단지아파트)",,,01,영업/정상,준대규모점포,,,02-6053-1252
(주)지에스리테일 청주봉명점,구분없음,,241169.834205813,349069.347197866,2026-05-06 22:48:31,I,4,직권취소,2018-04-05 16:28:02,,2012-04-10,1664.77,361-816,충청북도 청주시 흥덕구 봉명동 189-1번지,2012436012407500009,5710000,충청북도 청주시 흥덕구 1순환로 576 (봉명동),,,04,취소/말소/만료/정지/중지,준대규모점포,,,043-265-4612
(주)지에스리테일 GS수퍼 청주율량점,구분없음,,243180.41296803,352003.579724036,2026-05-06 22:48:31,I,4,직권취소,2018-04-05 16:28:38,,2012-04-10,2034.53,360-820,충청북도 청주시 청원구 율량동 1242번지,2012436012407500008,5710000,충청북도 청주시 청원구 율봉로 131 (율량동),,,04,취소/말소/만료/정지/중지,준대규모점포,,,043-218-3333
(주)이마트에브리데이 모충동점,구분없음,,243318.996124728,346873.954541843,2026-05-06 22:48:30,I,1,정상영업,2024-07-29 17:11:15,,2012-04-10,1340.1,361-806,충청북도 청주시 서원구 모충동 128-1번지,2012436012407500007,5710000,충청북도 청주시 서원구 남들로 44 (모충동),,,01,영업/정상,준대규모점포,,,043-287-0480
(주)이마트에브리데이 탑동점,구분없음,,244718.133719497,347969.158970147,2026-05-06 22:48:30,I,1,정상영업,2024-07-29 17:09:47,,2012-04-10,977.3,360-081,충청북도 청주시 상당구 탑동 34-8번지,2012436012407500006,5710000,충청북도 청주시 상당구 용담로82번길 16 (탑동),,,01,영업/정상,준대규모점포,,,043-254-8601
(주)농협충북유통 하나로 클럽 봉명점,구분없음,2017-11-24,240934.145579015,350342.936351418,2026-05-06 22:48:30,I,3,폐업처리,2017-11-27 13:51:28,,2012-04-10,821.11,361-856,충청북도 청주시 흥덕구 봉명동 2467번지,2012436012407500005,5710000,충청북도 청주시 흥덕구 덕암로 39 (봉명동),,,03,폐업,준대규모점포,2016-12-31,2017-12-31,043-292-4500
(주)농협유통 하나로마트 분평점,구분없음,,243587.810118344,345323.531018119,2026-05-06 22:48:30,I,1,정상영업,2022-03-31 18:55:00,,2012-04-10,1661.96,361-823,충청북도 청주시 서원구 분평동 1387번지 1층,2012436012407500004,5710000,충청북도 청주시 서원구 분평로 26 (분평동),,,01,영업/정상,준대규모점포,,,043-284-5500
(주)농협유통 하나로마트 산남점,구분없음,,242192.250534495,345759.337294906,2026-05-06 22:48:30,I,1,정상영업,2022-03-24 08:58:26,,2012-04-10,1090.97,361-160,충청북도 청주시 서원구 산남동 492번지,2012436012407500003,5710000,충청북도 청주시 서원구 산남로 12 (산남동),,,01,영업/정상,준대규모점포,,,043-292-4500
(주)홈플러스익스프레스 부천중동점,구분없음,,180285.454116153,444119.216095977,2026-07-08 21:18:10,U,1,정상영업,2026-07-07 17:48:07,,2012-04-10,318.1,420-776,경기도 부천시 원미구 중2동 1110번지 위브더스테이트아파트 1층,2012386021207500009,3860000,"경기도 부천시 원미구 신흥로 170, 1층 (중동, 위브더스테이트아파트)",,,01,영업/정상,준대규모점포,,,032-666-8542
(주)홈플러스익스프레스 부천중동2점,복합쇼핑몰,,179736.598525824,444356.066748781,2026-07-08 21:18:10,U,1,정상영업,2026-07-07 17:53:56,,2012-04-10,219.24,420-021,경기도 부천시 원미구 중1동 1145번지 2호,2012386021207500008,3860000,경기도 부천시 원미구 중동로248번길 52 (중동),,,01,영업/정상,준대규모점포,,,032-323-8542
(주)홈플러스익스프레스 부천도당점,구분없음,,181736.191478895,446426.72538445,2026-07-08 21:18:10,U,1,정상영업,2026-07-07 17:56:44,,2012-04-10,618.2,420-804,경기도 부천시 원미구 도당동 131번지 1호,2012386021207500007,3860000,경기도 부천시 원미구 삼작로 294 (도당동),,,01,영업/정상,준대규모점포,,,032-676-8545
(주)홈플러스익스프레스 부천상동점,구분없음,,178104.816341839,443262.007187175,2026-07-08 21:18:10,U,1,정상영업,2026-07-07 18:02:12,,2012-04-10,218.7,420-814,경기도 부천시 원미구 상1동 401번지 1호,2012386021207500006,3860000,경기도 부천시 원미구 상일로 100 (상동),,,01,영업/정상,준대규모점포,,,032-327-8536
(주)홈플러스익스프레스 부천중동4점,구분없음,,179310.387407428,444754.845185643,2026-07-08 21:18:10,U,1,정상영업,2026-07-07 17:55:07,,2012-04-10,218.01,420-848,경기도 부천시 원미구 중4동 1034번지 4호,2012386021207500005,3860000,경기도 부천시 원미구 길주로 219 (중동),,,01,영업/정상,준대규모점포,,,032-322-8546
홈플러스(주)익스프레스 이매점,복합쇼핑몰,,210727.682131948,433676.532394235,2026-07-09 21:48:12,U,1,정상영업,2026-07-08 16:58:50,,2012-04-10,268.4,463-806,경기도 성남시 분당구 이매동 131번지 2호  명건빌딩 101~103호,2012378021907500004,3780000,"경기도 성남시 분당구 판교로 434, 101~103호 (이매동)",,,01,영업/정상,준대규모점포,,,031-781-8540
홈플러스(주) 익스프레스 성남수진점점,구분없음,2020-02-14,211935.912354932,437751.740876423,2025-12-15 16:15:28,I,3,폐업처리,2020-02-14 14:43:38,,2012-04-10,221.1,461-804,경기도 성남시 수정구 수진1동 2번지,2012378021907500003,3780000,경기도 성남시 수정구 수정로 140 (수진동),,,03,폐업,준대규모점포,,,031-723-8545
주식회사 홈플러스익스프레스 대구구암2점,그 밖의 대규모점포,,340442.592281843,271224.037571953,2026-07-03 22:18:10,U,1,정상영업,2026-07-02 07:27:35,,2012-04-10,280,702-280,대구광역시 북구 구암동 652번지 1호,2012345009907500004,3450000,대구광역시 북구 구암로32길 6-10 (구암동),,,01,영업/정상,준대규모점포,,,053-326-8545
주식회사 홈플러스익스프레스 가산점,구분없음,,190527.918536528,441484.865931033,2026-07-14 22:18:10,U,1,정상영업,2026-07-13 16:10:30,,2012-04-10,243.5,,,2012317014207500002,3170000,서울특별시 금천구 가산로 106 (가산동),,,01,영업/정상,준대규모점포,,,
홈플러스(주)익스프레스 독산점,구분없음,2015-01-21,191290.582375374,440402.04012719,2026-05-07 22:30:13,I,3,폐업처리,2015-01-29 07:40:44,,2012-04-10,244.9,,,2012317014207500001,3170000,서울특별시 금천구 독산로 210 (독산동),,,03,폐업,준대규모점포,,,
홈플러스익스프레스 화곡2점,구분없음,,186614.431263557,449481.253638067,2025-12-15 16:15:28,I,1,정상영업,2025-08-25 09:40:48,,2012-04-10,244.6,157-914,서울특별시 강서구 화곡동 970번지 2호,2012315014507500007,3150000,서울특별시 강서구 까치산로 106 (화곡동),,,01,영업/정상,준대규모점포,,,02-2698-8550
주식회사 홈플러스익스프레스 신정3점,구분없음,,187619.993071747,445879.054862903,2026-07-03 22:18:10,U,1,정상영업,2026-07-02 16:20:42,,2012-04-10,161.37,158-077,서울특별시 양천구 신정7동 324번지 10호 굿모닝탑  103~108호,2012314011407500002,3140000,"서울특별시 양천구 목동동로 53, 103~108호 (신정동,굿모닝탑)",,,01,영업/정상,준대규모점포,,,26448720
(주)GS리테일 거제고현점,구분없음,2019-07-23,348319.113345478,155780.329061989,2025-12-15 16:15:28,I,3,폐업처리,2019-07-26 08:43:20,,2012-04-09,1588.4,656-304,경상남도 거제시 고현동 978번지 5호,2012537016507500004,5370000,경상남도 거제시 중곡로7길 12 (고현동),,,03,폐업,준대규모점포,,,055-736-5401
주식회사 홈플러스익스프레스 부산좌산점,구분없음,,,,2026-07-01 03:03:03,U,1,정상영업,2026-06-30 11:54:06,,2012-04-09,209.55,612-843,부산광역시 해운대구 좌2동 1443번지 3호,2012333010307500006,3330000,부산광역시 해운대구 좌동순환로 303 (좌동),,,01,영업/정상,준대규모점포,,,051-702-8540
주식회사 홈플러스익스프레스 좌동점,구분없음,,397398.305792118,188158.604800015,2026-07-07 10:07:40,U,1,정상영업,2026-07-06 10:29:03,,2012-04-09,190.1,612-852,부산광역시 해운대구 좌3동 1270번지 2호 건우빌딩 1층,2012333010307500005,3330000,"부산광역시 해운대구 좌동순환로 78, 1층 (좌동, 건우빌딩)",,,01,영업/정상,준대규모점포,,,051-747-8365
주식회사 홈플러스익스프레스 좌동2점,구분없음,,,,2026-07-01 03:03:03,U,1,정상영업,2026-06-30 11:57:47,,2012-04-09,202,612-842,부산광역시 해운대구 좌2동 1485번지 5호,2012333010307500004,3330000,"부산광역시 해운대구 세실로 33, 1층 (좌동)",,,01,영업/정상,준대규모점포,,,051-701-8545
주식회사 홈플러스익스프레스 부산센텀점,복합쇼핑몰,,,,2026-07-01 03:03:03,U,1,정상영업,2026-06-30 11:36:10,,2012-04-09,393.69,612-712,부산광역시 해운대구 재송1동 1200번지 더샵센텀파크1차아파트 상가7동 101호,2012333010307500003,3330000,"부산광역시 해운대구 센텀중앙로 145, 상가7동 101호 (재송동, 더샵센텀파크1차아파트)",,,01,영업/정상,준대규모점포,,,051-746-8547
롯데쇼핑(주)롯데슈퍼율량점,구분없음,,243591.025047865,352120.922826857,2026-05-12 22:48:11,U,1,정상영업,2026-05-11 16:49:09,,2012-04-06,1796,360-818,충청북도 청주시 청원구 율량동 883번지,2012436012407500002,5710000,충청북도 청주시 청원구 율봉로 169 (율량동),,,01,영업/정상,준대규모점포,,,
(주)지에스리테일 당진점,복합쇼핑몰,,167312.546069733,377339.497043944,2026-05-08 22:46:57,I,1,정상영업,2025-04-24 10:04:44,,2012-04-06,1435.05,343-921,충청남도 당진시 읍내동 250번지,2012568014007500001,5680000,충청남도 당진시 당진중앙2로 185-50 (읍내동),,,01,영업/정상,준대규모점포,,,041-357-8260
에이케이플라자(주) 원주점,쇼핑센터,,282120.73395865,427477.545400161,2025-12-15 16:15:28,I,1,정상영업,2024-12-30 15:03:59,,2012-04-06,27718.69,220-100,강원특별자치도 원주시 단계동 1123번지 원주시티쇼핑몰,2012419020307500001,4191000,"강원특별자치도 원주시 봉화로 1 (단계동,원주시티쇼핑몰)",,,01,영업/정상,대규모점포,,,033-8115-0000
(주)지에스리테일 GS수퍼 대구범물점,구분없음,2020-03-28,348134.986751381,259096.453320675,2026-05-03 22:40:52,I,3,폐업처리,2021-02-17 17:29:56,,2012-04-06,439.68,706-101,대구광역시 수성구 범물1동 1334번지 1호,2012346011707500001,3460000,대구광역시 수성구 지범로 190 (범물동),,,03,폐업,준대규모점포,,,053-783-8201
괴정시장 종합상가,그 밖의 대규모점포,,381811.171878275,179710.997499038,2026-05-07 22:31:33,I,1,정상영업,2013-12-11 11:08:37,,2012-04-06,6807.19,604-815,부산광역시 사하구 괴정1동 1016번지 1호,2012334008007500008,3340000,부산광역시 사하구 낙동대로 203 (괴정동),,,01,영업/정상,대규모점포,,,
(주)지에스리테일 GS수퍼 사당점,구분없음,2022-01-28,197802.436613024,443049.214038897,2026-05-03 22:37:50,I,3,폐업처리,2022-02-07 08:00:27,,2012-04-06,595,,서울특별시 동작구 사당동 105번지 우성아파트3단지  제비101호,2012319012807500003,3190000,서울특별시 동작구 동작대로29길 119 (사당동),06990,,03,폐업,준대규모점포,,,02-3476-2242
농협하나로마트방이역점,구분없음,,211217.0019233,445334.151660974,2025-12-15 16:15:28,I,1,정상영업,2024-10-15 13:09:40,,2012-04-05,1662.6,138-130,서울특별시 송파구 오금동 615번지,2012323019807500006,3230000,서울특별시 송파구 양재대로72길 5 (오금동),,,01,영업/정상,준대규모점포,,,02-400-2007
롯데쇼핑(주)롯데슈퍼석촌점,구분없음,,208675.812751826,444446.053485778,2025-12-15 16:15:28,I,1,정상영업,2017-04-19 14:05:59,,2012-04-05,105.5,138-845,서울특별시 송파구 석촌동 235번지 17호,2012323019807500005,3230000,서울특별시 송파구 백제고분로34길 3 (석촌동),,,01,영업/정상,준대규모점포,,,22905853
롯데쇼핑(주)롯데슈퍼송파점,구분없음,,210057.912138022,444767.367639796,2026-05-16 03:03:03,U,1,정상영업,2026-05-15 18:27:43,,2012-04-05,693,138-779,"서울특별시 송파구 송파2동 121번지 한양2차아파트 1층 6,7호호",2012323019807500003,3230000,"서울특별시 송파구 가락로 183, 1층 6,7호 (송파동)",,,01,영업/정상,준대규모점포,,,
(주)지에스리테일 논현점,구분없음,2017-03-13,203292.307005445,446247.511537864,2025-12-15 16:15:28,I,3,폐업처리,2017-03-13 09:16:41,,2012-04-05,992.68,,,2012322016207500002,3220000,"서울특별시 강남구 학동로43길 38, 지하2층 (논현동, 논현웰스톤)",06059,,03,폐업,준대규모점포,,,02-2138-7230
롯데슈퍼 목동2점,구분없음,,188700.851169641,448020.090999138,2026-02-24 22:18:10,U,1,정상영업,2026-02-23 13:27:41,,2012-04-05,496,158-753,서울특별시 양천구 목5동 903번지 목동3단지아파트 관리동상가 105호,2012314011407500001,3140000,"서울특별시 양천구 목동서로 100, 105호 (목동,목동3단지아파트 관리동상가)",,,01,영업/정상,준대규모점포,,,02-2647-0824
(주)지에스리테일 문경점,그 밖의 대규모점포,,307308.791169901,344302.511877687,2026-01-07 17:29:46,I,1,정상영업,2025-04-08 17:56:57,,2012-04-04,1895,745-887,경상북도 문경시 점촌동 272번지 36호,2012512012007500001,5120000,경상북도 문경시 영신로 12 (점촌동),,,01,영업/정상,준대규모점포,,,054-552-9573
(주)지에스리테일 신탄진점,그 밖의 대규모점포,2024-02-06,238199.108349158,327140.781773453,2025-12-15 16:15:28,I,3,폐업처리,2024-02-06 14:41:43,,2012-04-04,1279.84,306-810,대전광역시 대덕구 석봉동 319번지 12호,2012368009207500003,3680000,대전광역시 대덕구 석봉로44번길 76 (석봉동),,,03,폐업,준대규모점포,,,042-936-2800
(주)이마트에브리데이 신탄진점,구분없음,,238937.068223097,328061.553195894,2025-12-15 16:15:28,I,1,정상영업,2024-07-19 14:21:21,,2012-04-04,912.1,,,2012368009207500002,3680000,대전광역시 대덕구 대청로 62 (신탄진동),,,01,영업/정상,준대규모점포,,,042-716-2341
롯데쇼핑(주) 롯데슈퍼 비래점,그 밖의 대규모점포,2018-08-07,240318.802578346,317181.216923167,2025-12-15 16:15:28,I,3,폐업처리,2018-08-07 18:29:56,,2012-04-04,847.8,,,2012368009207500001,3680000,대전광역시 대덕구 비래동로 8 (비래동),,,03,폐업,준대규모점포,,,042-0627-5602
주식회사 홈플러스 익스프레스 다대포점,대형마트,,379285.24584426,174140.916066183,2026-07-02 22:18:10,U,1,정상영업,2026-07-01 09:36:46,,2012-04-04,267.3,604-827,부산광역시 사하구 다대1동 1548번지 18호,2012334008007500007,3340000,부산광역시 사하구 다대낙조2길 3 (다대동),,,01,영업/정상,준대규모점포,,,051-266-8542
주식회사 홈플러스익스프레스 좌천점,구분없음,,386667.501987688,183237.18038787,2026-07-09 22:18:10,U,1,정상영업,2026-07-08 11:52:21,,2012-04-04,996.17,601-051,부산광역시 동구 좌천1동 688번지 1호,2012327008607500001,3270000,부산광역시 동구 고관로 143 (좌천동),,,01,영업/정상,준대규모점포,,,051-647-8564
홈플러스 익스프레스 고양성사점,구분없음,,185710.90617803,461803.393283108,2025-12-15 16:15:28,I,1,정상영업,2020-09-04 17:55:16,,2012-04-03,399.59,412-806,경기도 고양시 덕양구 성사1동 501번지 2호 명지캐럿  101호,2012394025707500009,3940000,경기도 고양시 덕양구 호국로 822 (성사동),,,01,영업/정상,준대규모점포,,,031-968-8545
홈플러스 익스프레스 후곡2점,구분없음,,179151.981593488,464076.049428838,2025-12-15 16:15:28,I,1,정상영업,2019-07-05 14:36:11,,2012-04-03,380.36,411-827,경기도 고양시 일산서구 일산3동 1060번지 뉴시티프라자 1층,2012394025707500008,3940000,경기도 고양시 일산서구 일산로 571 (일산동),,,01,영업/정상,준대규모점포,,,031-923-8543
롯데슈퍼 야탑2점,복합쇼핑몰,2015-04-20,211755.554536918,434364.650587737,2025-12-15 16:15:28,I,3,폐업처리,2015-04-24 14:05:13,,2012-04-03,323.7,463-827,경기도 성남시 분당구 야탑동 382번지 7호,2012378021907500002,3780000,"경기도  매화로 41, 금강빌딩 B1층층",,,03,폐업,준대규모점포,,,031-709-0046
홈플러스(주),구분없음,2020-02-14,210134.637941368,429264.635322598,2025-12-15 16:15:28,I,3,폐업처리,2020-02-14 15:42:41,,2012-04-03,243.9,463-833,경기도 성남시 분당구 정자동 117번지 1호   101~105호,2012378021907500001,3780000,"경기도 성남시 분당구 내정로 58, 1층 101~105호 (정자동)",,,03,폐업,준대규모점포,,,031-717-8546
(주)지에스리테일 안성점,그 밖의 대규모점포,,224346.846210761,389422.608470627,2026-05-10 22:09:12,I,1,정상영업,2025-05-28 14:15:30,,2012-04-02,1267.46,456-060,경기도 안성시 영동 410번지 외4필지,2012408014107500001,4080000,경기도 안성시 중앙로 430 (영동),,,01,영업/정상,준대규모점포,,,031-677-8056
롯데슈퍼 중동점,구분없음,,180295.412235987,444337.383690366,2026-02-28 21:18:10,U,1,정상영업,2026-02-27 16:22:53,,2012-04-02,479.3,420-777,경기도 부천시 원미구 중2동 1107번지 위브더스테이트아파트,2012386021207500004,3860000,경기도 부천시 원미구 신흥로 190-1 (중동),,,01,영업/정상,준대규모점포,,,032-621-7400
롯데슈퍼 소사점,구분없음,,182167.856024103,441454.978882441,2026-02-27 21:18:10,U,1,정상영업,2026-02-26 15:24:41,,2012-04-02,874.5,422-810,"경기도 부천시 소사구 소사본3동 197번지 2,4,5호",2012386021207500003,3860000,경기도 부천시 소사구 은성로 82 (소사본동),,,01,영업/정상,준대규모점포,,,032-344-7000
GS수퍼 성동옥수점,구분없음,2022-04-05,201462.251313062,448744.038108098,2026-05-07 22:31:41,I,3,폐업처리,2022-04-06 08:30:04,,2012-04-02,378.11,133-100,서울특별시 성동구 옥수동 191번지 3호,2012303010307500005,3030000,서울특별시 성동구 한림말길 56 (옥수동),,,03,폐업,준대규모점포,,,22820161
홈플러스 익스프레스 풍납점,구분없음,,210378.825036871,447916.043934269,2026-08-27 22:18:10,U,1,정상영업,2026-08-26 17:55:26,,2012-03-30,323,,서울특별시 송파구 풍납동 163번지,2013323019807500005,3230000,서울특별시 송파구  올림픽로51길  52 (풍납동),,,01,영업/정상,준대규모점포,,,02-0474-8542
롯데쇼핑(주)롯데슈퍼풍납점,구분없음,,210274.185529862,447307.649759292,2026-05-16 03:03:03,U,1,정상영업,2026-05-15 18:08:01,,2012-03-30,203.3,138-879,서울특별시 송파구 풍납2동 400번지 5호   101호,2012323019807500004,3230000,서울특별시 송파구 강동대로9길 20 (풍납동),,,01,영업/정상,준대규모점포,,,22905853
홈플러스(주)익스프레스 중부점,대형마트,2015-08-27,384840.106810764,206210.196079308,2025-12-15 16:15:28,I,3,폐업처리,2015-08-27 18:05:07,,2012-03-29,197.2,626-758,경상남도 양산시 중부동 696번지 1호,2012538014507500003,5380000,경상남도 양산시 양주로 156 (중부동),,,03,폐업,준대규모점포,,,055-367-8525
(주)홈플러스익스프레스 거제고현점,구분없음,,348904.411249269,156456.627400832,2026-07-04 21:48:10,U,1,정상영업,2026-07-03 16:04:39,,2012-03-29,237.9,656-304,경상남도 거제시 고현동 988번지 32호,2012537016507500003,5370000,경상남도 거제시 중곡로 35 (고현동),,,01,영업/정상,준대규모점포,,,055-633-8548
(주)홈플러스익스프레스 거제상동점,구분없음,,349907.467655471,152962.824753176,2026-07-04 21:48:10,U,1,정상영업,2026-07-03 13:09:05,,2012-03-29,283.47,656-300,경상남도 거제시 상동동 34번지,2012537016507500002,5370000,경상남도 거제시 상동1길 15-3 (상동동),,,01,영업/정상,준대규모점포,,,055-636-8551
주식회사 홈플러스익스프레스 후곡점,구분없음,,179561.662632651,463924.147534329,2026-07-03 21:18:10,U,1,정상영업,2026-07-02 15:22:05,,2012-03-29,320.4,411-827,경기도 고양시 일산서구 일산3동 1080번지 모아프라자  104호,2012394025707500007,3940000,"경기도 고양시 일산서구 일산로 530, 1층 4호 (일산동)",,,01,영업/정상,준대규모점포,,,031-913-8545
롯데슈퍼 만수점,구분없음,2024-09-05,175859.218891914,438899.405361004,2026-03-26 22:49:56,I,3,폐업처리,2024-09-05 11:35:56,,2012-03-29,299.5,405-245,인천광역시 남동구 만수5동 938번지 13호,2012353010407500002,3530000,인천광역시 남동구 구월남로 341 (만수동),,,03,폐업,준대규모점포,,,032-465-5040
롯데쇼핑(주)롯데슈퍼 간석점,그 밖의 대규모점포,2014-09-19,174172.521279,439905.780965785,2026-03-26 22:49:56,I,3,폐업처리,2014-09-19 11:35:28,,2012-03-29,1541.2,405-803,인천광역시 남동구 간석2동 205번지 1호  올리브백화점 c동,2012353010407500001,3530000,인천광역시 남동구 남동대로 880 (간석동),,,03,폐업,준대규모점포,,,032-442-5601
주식회사 홈플러스익스프레스 서대신점,복합쇼핑몰,,383767.268700764,181097.629321686,2026-05-07 22:30:26,U,1,정상영업,2026-07-16 16:25:12,,2012-03-29,273.7,602-819,부산광역시 서구 서대신동2가 3번지 1호,2012326007007500003,3260000,부산광역시 서구 구덕로 317-1 (서대신동2가),,,01,영업/정상,준대규모점포,,,051-253-8545
롯데쇼핑(주)롯데슈퍼 방화점,구분없음,,184102.782470646,452097.370050563,2026-04-18 03:03:03,U,1,정상영업,2026-04-17 11:28:24,,2012-03-29,847.4,157-846,서울특별시 강서구 방화1동 187번지 1호,2012315014507500006,3150000,서울특별시 강서구 방화대로34길 83 (방화동),,,01,영업/정상,준대규모점포,,,02-2663-5601
롯데쇼핑(주)롯데슈퍼 우장산점,구분없음,,185431.066605778,449714.813765198,2026-04-18 03:03:03,U,1,정상영업,2026-04-17 11:31:23,,2012-03-29,461.2,157-703,서울특별시 강서구 내발산동 719번지 6호,2012315014507500005,3150000,서울특별시 강서구 강서로 267 (내발산동),,,01,영업/정상,준대규모점포,,,02-2064-5601
롯데쇼핑(주)롯데슈퍼 염창점,그 밖의 대규모점포,2014-08-22,188564.428051183,450381.673344615,2025-12-15 16:15:28,I,3,폐업처리,2014-09-19 19:53:49,,2012-03-29,348.4,157-040,서울특별시 강서구 염창동 75번지 8호,2012315014507500004,3150000,서울특별시 강서구 양천로67길 99 (염창동),,,03,폐업,준대규모점포,,,02-3662-5605
롯데쇼핑(주)롯데슈퍼 염창2점,그 밖의 대규모점포,2021-11-12,188320.272052969,449937.289956105,2025-12-15 16:15:28,I,3,폐업처리,2022-01-19 09:16:04,,2012-03-29,476,157-863,서울특별시 강서구 염창동 267번지 22호,2012315014507500003,3150000,서울특별시 강서구 공항대로59다길 101 (염창동),,,03,폐업,준대규모점포,,,02-2659-5601
홈플러스익스프레스 구의2점,구분없음,,208261.748825555,448701.658478751,2025-12-15 16:15:28,I,1,정상영업,2022-09-28 15:12:01,,2012-03-29,232.07,143-822,서울특별시 광진구 구의3동 212번지 2호,2012304015507500004,3040000,서울특별시 광진구 아차산로 473 (구의동),,,01,영업/정상,준대규모점포,,,02-458-8545
(주)이마트에브리데이 영북점,구분없음,,224070.86410856,509736.119699549,2026-04-01 22:05:16,I,1,정상영업,2024-07-25 10:37:36,,2012-03-28,643.4,487-892,경기도 포천시 영북면 운천리 345번지 6호,2012560008907500001,5600000,경기도 포천시 영북면 영북로 178,,,01,영업/정상,준대규모점포,,,031-532-5327
이마트 펜타포트점,대형마트,2024-04-02,208976.4764518,366326.634370741,2025-12-15 16:15:28,I,3,폐업처리,2024-04-04 16:40:28,,2012-03-28,10590,331-230,충청남도 천안시 서북구 불당동 1289번지,2012449023407500004,4490000,충청남도 천안시 서북구 공원로 196 (불당동),,,03,폐업,대규모점포,,,041-537-9190
펜타포트 복합쇼핑몰,그 밖의 대규모점포,,208976.4764518,366326.634370741,2025-12-15 16:15:28,I,1,정상영업,2013-01-02 17:09:39,,2012-03-28,49471,331-230,충청남도 천안시 서북구 불당동 1289번지 외1,2012449023407500003,4490000,"충청남도 천안시 서북구 공원로 196 (불당동, 외1)",,,01,영업/정상,대규모점포,,,041-523-3316
(주)지에스리테일 양산북정점,대형마트,2022-06-22,385611.05609752,208381.298351891,2025-12-15 16:15:28,I,3,폐업처리,2022-06-27 11:40:45,,2012-03-27,1400.47,626-110,경상남도 양산시 북정동 893번지 13호 외 10필지,2012538014507500002,5380000,경상남도 양산시 삼성5길 4 (북정동),,,03,폐업,준대규모점포,,,055-384-9927
롯데쇼핑(주)롯데백화점 평촌점,쇼핑센터,,195544.974046367,432016.783362963,2026-04-14 03:03:03,U,1,정상영업,2026-04-13 11:02:29,,2012-03-27,53803.33,,"경기도 안양시 동안구 호계동 1039번지 1039, 1039-1, 1053-1",2012383018607500004,3830000,"경기도 안양시 동안구 시민대로 180 (호계동, G.SQURE)",14073,,01,영업/정상,대규모점포,,,031-450-2500
롯데쇼핑(주) 롯데마트 광교점,대형마트,,204409.226022404,420967.617798492,2026-05-28 03:03:03,U,1,정상영업,2026-05-27 17:32:50,,2012-03-27,13912.61,,"경기도 수원시 영통구 이의동 1332 광교C1 호반베르디움, Summit Place광교",2012374017307500001,3740000,"경기도 수원시 영통구 센트럴타운로 85(이의동, 광교C1 호반베르디움, Summit Place광교)",16507,,01,영업/정상,대규모점포,,,02-2145-8474
주식회사 홈플러스익스프레스 대방점,복합쇼핑몰,,193393.306385172,445577.513247441,2026-07-03 22:18:10,U,1,정상영업,2026-07-02 10:30:21,,2012-03-27,292.5,156-020,서울특별시 동작구 대방동 341번지 2호,2012319012807500002,3190000,서울특별시 동작구 노량진로 4 (대방동),,,01,영업/정상,준대규모점포,,,02-813-8545
(주)서원유통 탑마트 장승포점,구분없음,,358142.03376799,153849.147466411,2025-12-15 16:15:28,I,1,정상영업,2025-04-24 10:24:34,,2012-03-26,909.69,656-910,경상남도 거제시 장승포동 342번지,2012537016507500001,5370000,경상남도 거제시 신부로 42-15 (장승포동),,,01,영업/정상,준대규모점포,,,055-682-5485
이마트에브리데이 나운동점,그 밖의 대규모점포,,173015.244506711,273432.17647701,2026-05-06 22:48:23,I,1,정상영업,2024-07-17 17:21:04,,2012-03-26,2211.79,573-742,전북특별자치도 군산시 나운동 155번지 세경아파트상가 지하 1층,2012467017707500003,4671000,"전북특별자치도 군산시 하나운로 32 (나운동, 세경아파트상가)",,,01,영업/정상,준대규모점포,,,063-471-5847
GS수퍼마켓 춘천후평점,그 밖의 대규모점포,,265652.823236414,486777.473538161,2026-05-10 21:30:38,I,1,정상영업,2012-07-26 11:53:23,,2012-03-26,314.05,200-969,강원특별자치도 춘천시 후평2동 692번지 6호,2012418022907500001,4181000,강원특별자치도 춘천시 춘천로 306-5 (후평동),,,01,영업/정상,준대규모점포,,,033-252-6900
롯데쇼핑(주) 롯데슈퍼 일산후곡점,구분없음,2015-06-01,179430.491672366,463922.29396786,2025-12-15 16:15:28,I,3,폐업처리,2017-04-07 11:22:13,,2012-03-26,295.93,411-827,경기도 고양시 일산서구 일산3동 1084번지 1호,2012394025707500006,3940000,경기도 고양시 일산서구 일산로 541 (일산동),,,03,폐업,준대규모점포,,,031-912-5602
롯데쇼핑(주) 롯데슈퍼일산점,구분없음,,180396.246472763,464432.961173643,2026-05-07 03:03:03,U,1,정상영업,2026-05-06 11:31:37,,2012-03-26,1119.2,410-831,경기도 고양시 일산동구 중산동 1669번지 3호,2012394025707500005,3940000,경기도 고양시 일산동구 고봉로 250 (중산동),,,01,영업/정상,준대규모점포,,,031-976-5600
주식회사 홈플러스익스프레스 신길점,구분없음,,192275.299730624,443891.073398846,2026-08-12 22:18:10,U,1,정상영업,2026-08-11 13:11:50,,2012-03-26,390.2,,,2012318016307500001,3180000,서울특별시 영등포구 여의대방로 65 (신길동),,,01,영업/정상,준대규모점포,,,02-846-8545
(주)GS리테일 북가좌점,복합쇼핑몰,,192000.945942229,452848.009128439,2026-08-25 22:18:50,U,1,정상영업,2026-08-24 17:06:30,,2012-03-26,1273.2,,,2012312018307500002,3120000,서울특별시 서대문구 응암로 54 (북가좌동),,,01,영업/정상,준대규모점포,,,02-376-4397
홈플러스(주)익스프레스 공릉점,구분없음,,206222.082661025,458423.440177534,2026-07-03 22:18:10,U,1,정상영업,2026-07-02 17:49:29,,2012-03-26,324.4,139-240,서울특별시 노원구 공릉동 323번지 35호,2012310018407500001,3100000,서울특별시 노원구 동일로 1101 (공릉동),,,01,영업/정상,준대규모점포,,,02-3459-8000
롯데슈퍼 쌍문4동 가맹점,구분없음,2019-11-11,202472.188994485,460959.462860458,2025-12-15 16:15:28,I,3,폐업처리,2020-03-20 13:21:14,,2012-03-26,184.26,132-030,서울특별시 도봉구 쌍문동 311번지,2012309013407500006,3090000,서울특별시 도봉구 시루봉로 2 (쌍문동),,,03,폐업,준대규모점포,,,
(주)이마트에브리데이 창동점,구분없음,,203027.627111443,460124.418353378,2025-12-15 16:15:28,I,1,정상영업,2024-07-26 09:37:58,,2012-03-26,784.04,,서울특별시 도봉구 창동 628번지 20호,2012309013407500005,3090000,서울특별시 도봉구 도봉로104길 53 (창동),01460,,01,영업/정상,준대규모점포,,,
(주)에브리데이리테일 나운동점,그 밖의 대규모점포,,173015.244506711,273432.17647701,2026-05-06 22:48:23,I,4,직권취소,2017-04-04 10:13:44,,2012-03-24,2212,573-742,전북특별자치도 군산시 나운동 세경아파트상가 지하 1층,2012467017707500002,4671000,전북특별자치도 군산시 하나운로 28 (나운동),,,04,취소/말소/만료/정지/중지,준대규모점포,,,063-471-8740
롯데쇼핑(주) 롯데슈퍼 장림점,그 밖의 대규모점포,2021-05-18,380347.098149637,177139.575438556,2026-05-07 22:31:33,I,3,폐업처리,2021-05-18 13:46:31,,2012-03-23,765.3,604-840,부산광역시 사하구 장림2동 287번지 1호,2012334008007500006,3340000,부산광역시 사하구 다대로277번길 12 (장림동),,,03,폐업,준대규모점포,,,
롯데쇼핑(주) 롯데슈퍼 괴정점,그 밖의 대규모점포,2021-05-18,382500.098676341,180032.736246039,2026-05-07 22:31:33,I,3,폐업처리,2021-05-18 13:40:18,,2012-03-23,3834.7,604-807,부산광역시 사하구 괴정2동 358번지 1호,2012334008007500005,3340000,부산광역시 사하구 낙동대로 123 (괴정동),,,03,폐업,준대규모점포,2015-11-16,2015-12-16,
홈플러스(주) 익스프레스 부산만덕점,그 밖의 대규모점포,2025-04-16,384776.041134019,191712.881178383,2026-05-03 22:39:05,I,3,폐업처리,2025-04-16 17:35:54,,2012-03-23,399.6,616-828,"부산광역시 북구 만덕1동 216번지 7호 그린코아상가 1,2,3",2012332008807500004,3320000,부산광역시 북구 덕천로234번길 48 (만덕동),,,03,폐업,준대규모점포,,,051-341-8545
홈플러스 익스프레스 갈현점,그 밖의 대규모점포,,191953.940215578,456960.687756827,2026-05-06 22:48:30,I,1,정상영업,2021-04-30 14:23:03,,2012-03-23,246.18,122-816,서울특별시 은평구 갈현2동 527번지 13호,2012311013107500007,3110000,서울특별시 은평구 서오릉로 222 (갈현동),,,01,영업/정상,준대규모점포,,,02-359-8547
롯데슈퍼 한남점(가맹점),구분없음,,200431.145594386,447763.414163072,2026-05-06 22:48:29,I,1,정상영업,2019-03-19 14:40:19,,2012-03-23,181.89,,서울특별시 용산구 한남동 631번지 5호 허준빌딩,2012302009507500003,3020000,"서울특별시 용산구 대사관로34길 26, 허준빌딩 1층 (한남동)",04402,,01,영업/정상,준대규모점포,,,02-793-9633
주식회사 홈플러스익스프레스 탄현2점,구분없음,,179058.795,465330.68,2026-07-03 21:18:10,U,1,정상영업,2026-07-02 15:22:24,,2012-03-22,189,411-320,경기도 고양시 일산서구 탄현동 1576번지 5호,2012394025707500004,3940000,경기도 고양시 일산서구 산현로17번길 9 (탄현동),,,01,영업/정상,준대규모점포,,,031-917-8545
홈플러스(주)익스프레스 탄현점,구분없음,,179240.700409735,466193.295792191,2025-12-15 16:15:28,I,1,정상영업,2017-04-06 10:52:52,,2012-03-22,363,411-320,경기도 고양시 일산서구 탄현동 139번지 32호,2012394025707500003,3940000,경기도 고양시 일산서구 일현로 123 (탄현동),,,01,영업/정상,준대규모점포,,,031-916-8545
롯데쇼핑(주)롯데슈퍼 안양비산점,구분없음,2021-11-30,,,2025-12-15 16:15:28,I,3,폐업처리,2022-01-07 16:16:40,,2012-03-22,435.7,431-823,경기도 안양시 동안구 비산3동 354번지 10호 뉴타운아파트 상가동,2012383018607500003,3830000,"경기도 안양시 동안구 동안로 271 (비산동, 뉴타운아파트상가동)",,,03,폐업,준대규모점포,,,031-8382-5603
주식회사 홈플러스익스프레스 괴정점,쇼핑센터,,234267.45375467,314797.85822433,2026-07-08 22:18:10,U,1,정상영업,2026-07-07 13:14:31,,2012-03-22,237.9,302-815,대전광역시 서구 괴정동 91번지 6호,2012366012507500002,3660000,대전광역시 서구 갈마로 257 (괴정동),,,01,영업/정상,준대규모점포,,,042-525-8546
홈플러스(주) 익스프레스 도마점,대형마트,2013-05-31,,,2026-05-07 22:30:16,I,3,폐업처리,2013-06-10 20:02:17,,2012-03-22,217.5,302-820,대전광역시 서구 도마동 144번지 17호,2012366012507500001,3660000,대전광역시 서구 도산로 68 (도마동),,,03,폐업,준대규모점포,,,042-536-8540
(주)서원유통 탑마트 현풍점,대형마트,,330601.335825737,244543.552402647,2026-05-07 22:34:43,I,1,정상영업,2025-05-08 14:37:40,,2012-03-22,950.29,,대구광역시 달성군 현풍읍 원교리 113번지,2012348031207500001,3480000,대구광역시 달성군 현풍읍 현풍로10길 74,43004,,01,영업/정상,준대규모점포,,,053-617-7557
롯데슈퍼 마포점,쇼핑센터,,193981.312705953,449301.692398118,2026-02-20 22:18:43,U,1,정상영업,2026-02-19 16:18:05,,2012-03-22,1561.5,121-130,서울특별시 마포구 구수동 61번지,2012313011807500001,3130000,서울특별시 마포구 토정로 193 (구수동),,,01,영업/정상,준대규모점포,,,
홈플러스(주)익스프레스미아점,구분없음,,202344.117949112,457986.172253906,2026-07-08 22:18:10,U,1,정상영업,2026-07-07 10:02:33,,2012-03-22,245.37,,,2012308013907500003,3080000,서울특별시 강북구 도봉로 172 (미아동),,,01,영업/정상,준대규모점포,,,02-980-8547
(주)농협유통 미아점,대형마트,,202266.448738483,457691.802407444,2026-04-30 22:35:18,I,1,정상영업,2014-10-08 17:32:06,,2012-03-22,788.08,,,2012308013907500002,3080000,서울특별시 강북구 도봉로33길 18 (미아동),,,01,영업/정상,준대규모점포,,,
홈플러스(주)익스프레스 뚝섬점,구분없음,2023-03-27,204257.584861091,449412.544118545,2026-05-07 22:31:41,I,3,폐업처리,2023-03-28 17:26:48,,2012-03-22,409.9,133-111,서울특별시 성동구 성수1가1동 14번지 17호,2012303010307500004,3030000,서울특별시 성동구 아차산로 41 (성수동1가),,,03,폐업,준대규모점포,,,02-499-8545
롯데쇼핑(주) 롯데슈퍼 신가점,그 밖의 대규모점포,,184974.430043787,187238.355812578,2026-07-14 11:38:15,I,1,정상영업,2022-04-29 09:44:07,,2012-03-21,501.8,506-307,전남광주통합특별시 광산구 신가동 1012번지 우미이노스빌 상가동,2012363017007500002,5825000,전남광주통합특별시 광산구 수등로258번길 10 (신가동),,,01,영업/정상,준대규모점포,,,062-962-5555
주식회사 지에스리테일,그 밖의 대규모점포,2024-07-30,,,2025-12-15 16:15:28,I,3,폐업처리,2024-07-31 08:18:48,,2012-03-21,1517.6,,,2013461009307500003,4610000,충청남도 예산군 예산읍 벚꽃로77번길 77-11,,,03,폐업,준대규모점포,,,041-335-0090
롯데슈퍼 예산가맹점,그 밖의 대규모점포,2016-09-09,186383.441962961,353305.331066013,2025-12-15 16:15:28,I,3,폐업처리,2016-09-09 17:50:05,,2012-03-21,459.62,,,2013461009307500002,4610000,충청남도 예산군 예산읍 사직로 16,,,03,폐업,준대규모점포,,,041-335-1155
(주)서원유통 탑마트 감천점,복합쇼핑몰,,381933.755382966,178823.420186302,2026-05-07 22:31:33,I,1,정상영업,2025-04-26 16:00:55,,2012-03-21,1423.28,604-806,부산광역시 사하구 감천1동 577번지,2012334008007500004,3340000,부산광역시 사하구 감천로 29 (감천동),,,01,영업/정상,준대규모점포,,,
(주)서원유통 탑마트 장림점,그 밖의 대규모점포,,380212.195224684,177000.001272676,2026-05-07 22:31:32,I,1,정상영업,2025-04-26 16:37:48,,2012-03-21,2471.97,604-844,부산광역시 사하구 장림1동 312번지,2012334008007500003,3340000,부산광역시 사하구 다대로 296 (장림동),,,01,영업/정상,준대규모점포,,,
(주)서원유통 탑마트 당리점,그 밖의 대규모점포,2024-03-11,380328.503354908,179779.764542531,2026-05-07 22:31:32,I,3,폐업처리,2024-03-12 09:06:22,,2012-03-21,811.23,604-830,부산광역시 사하구 당리동 340번지 1호,2012334008007500002,3340000,부산광역시 사하구 낙동대로 353 (당리동),,,03,폐업,준대규모점포,,,
제니스 스퀘어,그 밖의 대규모점포,,395388.715069604,186268.853282623,2026-05-10 22:54:14,I,1,정상영업,2019-01-30 11:29:29,,2012-03-21,17471,612-824,부산광역시 해운대구 우1동 1407번지 해운대두산위브제니스,2012333010307500002,3330000,"부산광역시 해운대구 마린시티2로 33 (우동, 해운대두산위브제니스)",,,01,영업/정상,대규모점포,,,051-747-7623
(유)잠실중앙상가,그 밖의 대규모점포,2012-03-21,208187.623477261,445589.718583334,2025-12-15 16:15:28,I,3,폐업처리,2017-07-24 11:36:42,,2012-03-21,9815,138-916,서울특별시 송파구 잠실3동,2012323019807500001,3230000,서울특별시 송파구 올림픽로 203 (잠실동),,,03,폐업,대규모점포,,,
홈플러스(주) 익스프레스 역촌점,그 밖의 대규모점포,2021-01-21,192920.728012559,456218.215950436,2026-05-06 22:48:30,I,3,폐업처리,2021-01-25 13:31:27,,2012-03-21,330,122-895,서울특별시 은평구 역촌동 14번지 7호,2012311013107500006,3110000,서울특별시 은평구 서오릉로 95 (역촌동),,,03,폐업,준대규모점포,,,02-383-8546
롯데쇼핑(주)롯데슈퍼 구의점,구분없음,2018-03-19,208087.647208835,448484.131343078,2025-12-15 16:15:28,I,3,폐업처리,2022-09-28 15:12:13,,2012-03-21,658.8,143-822,서울특별시 광진구 구의3동 218번지 14호 나동,2012304015507500003,3040000,서울특별시 광진구 아차산로 450 (구의동),,,03,폐업,준대규모점포,,,02-0452-5601
롯데 FRESH 아차산점,구분없음,,208075.543534642,449971.642025946,2025-12-15 16:15:28,I,1,정상영업,2023-03-30 15:10:12,,2012-03-21,132.23,143-817,서울특별시 광진구 구의2동 49번지 4호,2012304015507500002,3040000,서울특별시 광진구 자양로 293 (구의동),,,01,영업/정상,준대규모점포,,,02-3437-5602
홈플러스(주) 익스프레스 금호점,구분없음,,201772.807083568,450250.366445197,2026-07-25 22:18:10,U,1,정상영업,2026-07-24 09:59:37,,2012-03-21,293.34,133-091,서울특별시 성동구 금호동1가 481번지 5호,2012303010307500003,3030000,서울특별시 성동구 행당로 6 (금호동1가),,,01,영업/정상,준대규모점포,,,02-2292-8545
순천농협 승주지점,그 밖의 대규모점포,2021-02-17,,,2026-07-01 12:27:47,I,3,폐업처리,2021-02-23 11:01:16,,2012-03-20,719.86,,,2012482015207500006,5790000,전남광주통합특별시 순천시 승주읍 선암사길 2,,,03,폐업,준대규모점포,,,061-754-5021
순천농협주암지점,그 밖의 대규모점포,,,,2026-07-01 12:27:46,I,1,정상영업,2012-03-20 14:48:28,,2012-03-20,205,,,2012482015207500004,5790000,전남광주통합특별시 순천시 주암면 주석로 5,,,01,영업/정상,준대규모점포,,,061-743-3580
주식회사 홈플러스 익스프레스 진영점,구분없음,,357326.500691161,202364.159509301,2026-07-08 21:48:10,U,1,정상영업,2026-07-07 16:08:19,,2012-03-20,341,,경상남도 김해시 진영읍 진영리 1612-1,2024535033007500002,5350000,경상남도 김해시 진영읍 장등로19번길 39,50862,,01,영업/정상,준대규모점포,,,055-343-8546
롯데쇼핑(주)롯데슈퍼 신부점,구분없음,,214077.446687248,368217.689466243,2026-04-29 03:03:03,U,1,정상영업,2026-04-28 10:16:57,,2012-03-20,1437.48,330-160,충청남도 천안시 동남구 신부동 84번지 1호,2012449023407500002,4490000,충청남도 천안시 동남구 신부7길 5-1 (신부동),,,01,영업/정상,준대규모점포,,,041-622-5601
(주)지에스리테일 천안점,구분없음,,214063.923830588,367122.096951248,2025-12-15 16:15:28,I,1,정상영업,2025-04-16 17:05:38,,2012-03-20,1530,,충청남도 천안시 동남구 원성동 126번지 3호,2012449023407500001,4490000,충청남도 천안시 동남구  충절로  148 (원성동),,,01,영업/정상,준대규모점포,,,041-565-2090
롯데슈퍼 신곡점,복합쇼핑몰,,204869.561341151,470861.966898254,2026-05-11 22:02:28,I,1,정상영업,2024-11-13 09:12:46,,2012-03-20,1318.5,480-071,경기도 의정부시 신곡동 560번지,2012382017907500002,3820000,경기도 의정부시 동일로 583 (신곡동),,,01,영업/정상,준대규모점포,,,031-843-3584
이마트 의정부점,대형마트,,208951.542114843,471192.156816017,2026-05-11 22:02:27,I,1,정상영업,2024-04-23 15:21:02,,2012-03-20,13784.64,,경기도 의정부시 민락동 849번지,2012382017907500001,3820000,"경기도 의정부시 민락로 210 (민락동, 이마트)",11814,,01,영업/정상,대규모점포,,,
롯데쇼핑(주) 롯데슈퍼 역촌점,복합쇼핑몰,2026-04-14,193083.765685506,455978.010581693,2026-05-06 22:48:30,U,3,폐업처리,2026-04-14 17:28:58,,2012-03-20,191.9,122-896,서울특별시 은평구 역촌동 17번지 1호,2012311013107500008,3110000,서울특별시 은평구 진흥로 103 (역촌동),,,03,폐업,준대규모점포,,,02-2290-5853
롯데쇼핑(주)롯데슈퍼미아점,대형마트,2019-02-27,201760.433753367,456845.373829971,2026-04-30 22:35:18,I,3,폐업처리,2019-03-07 11:01:17,,2012-03-20,303.4,,,2012308013907500001,3080000,"서울특별시 강북구 삼양로19길 25, 110동 지하1층 5호,6호 (미아동, 삼성래미안트리베라1차)",,,03,폐업,준대규모점포,,,
롯데쇼핑(주)롯데슈퍼 신동아점,구분없음,2022-10-11,198622.89264988,446114.155238838,2026-05-06 22:48:29,I,3,폐업처리,2022-10-17 14:06:31,,2012-03-20,858.3,140-026,서울특별시 용산구 용산동6가 69번지 167호,2012302009507500002,3020000,서울특별시 용산구 이촌로 352 (용산동6가),,,03,폐업,준대규모점포,,,02-2290-5853
(주)서원유통 탑마트 남부민점,그 밖의 대규모점포,,384538.707962085,178936.009572164,2026-05-07 22:30:26,I,1,정상영업,2025-05-01 18:41:29,,2012-03-19,1104.07,602-801,부산광역시 서구 남부민1동 685번지,2012326007007500002,3260000,부산광역시 서구 충무대로 246 (남부민동),,,01,영업/정상,준대규모점포,,,051-255-0022
(주)서원유통 탑마트 서대신점,복합쇼핑몰,,383457.799292377,180935.886211899,2026-05-07 22:30:26,I,1,정상영업,2025-05-01 18:28:19,,2012-03-19,1305.13,602-819,부산광역시 서구 서대신동2가 213번지 7호,2012326007007500001,3260000,부산광역시 서구 대영로 5 (서대신동2가),,,01,영업/정상,준대규모점포,,,051-255-0022
롯데프레쉬 창동점,구분없음,,203207.625254256,460455.837628654,2025-12-15 16:15:28,I,1,정상영업,2023-05-04 09:18:41,,2012-03-18,197.7,132-041,서울특별시 도봉구 창1동 651번지 36호,2012309013407500003,3090000,서울특별시 도봉구 도봉로110길 65 (창동),,,01,영업/정상,준대규모점포,,,
홈플러스(주) 부산반여점,대형마트,,392614.443269229,190638.920919108,2026-05-10 22:54:14,I,1,정상영업,2024-03-06 14:38:44,,2012-03-16,10277,612-815,부산광역시 해운대구 반여1동 1406번지 1호,2012333010307500001,3330000,부산광역시 해운대구 선수촌로21번길 37 (반여동),,,01,영업/정상,대규모점포,,,051-509-8124
홈플러스(주) 익스프레스 고양덕이점,구분없음,2020-02-04,,,2025-12-15 16:15:28,I,3,폐업처리,2020-02-19 13:20:25,,2012-03-15,222.4,411-809,경기도 고양시 일산서구 덕이동 1541번지,2012394025707500002,3940000,경기도 고양시 일산서구 하이파크3로78번길 1 (덕이동),,,03,폐업,준대규모점포,,,
롯데슈퍼 방학점,구분없음,,202326.175760253,462116.40856417,2026-04-25 03:03:03,U,1,정상영업,2026-04-24 11:26:15,,2012-03-15,844.9,132-828,서울특별시 도봉구 방학3동 271번지 2호,2012309013407500004,3090000,서울특별시 도봉구 방학로 223 (방학동),,,01,영업/정상,준대규모점포,,,34914297
롯데슈퍼 쌍문점,복합쇼핑몰,,203048.669322526,461867.647869631,2026-04-25 03:03:03,U,1,정상영업,2026-04-24 11:17:40,,2012-03-15,705.1,132-032,서울특별시 도봉구 쌍문2동 19번지,2012309013407500002,3090000,서울특별시 도봉구 도당로 10 (쌍문동),,,01,영업/정상,준대규모점포,,,
(주)지에스리테일 GS슈퍼 파주금능점,구분없음,2014-12-31,180776.026776359,472509.560385377,2026-05-02 22:04:32,I,3,폐업처리,2015-02-24 09:28:31,,2012-03-14,825.53,,,2012406029207500001,4060000,경기도 파주시 중앙로 190 (금능동),,,03,폐업,준대규모점포,,,031-944-2288
(주)지에스리테일 다대점,그 밖의 대규모점포,,379255.918825455,174835.290190726,2026-05-07 22:31:32,I,1,정상영업,2025-05-13 14:28:39,,2012-03-14,399.67,604-783,부산광역시 사하구 다대1동 1624번지 다대롯데캐슬몰운대아파트 제주상가동 지하1층호,2012334008007500001,3340000,"부산광역시  다대낙조2길 100, 제주상가동 지하1층 (다대롯데캐슬몰운대아파트)",,,01,영업/정상,준대규모점포,,,
(주)모다이노칩 양산점,전문점,,384263.902549483,206290.29117804,2025-12-15 16:15:28,I,1,정상영업,2024-05-17 16:50:06,,2012-03-13,16634.8,626-050,경상남도 양산시 중부동 685번지 2호,2012538014507500001,5380000,경상남도 중부로 2 (모다아울렛),,,01,영업/정상,대규모점포,,,055-911-7003
홈플러스(주)익스프레스 안양호계점,구분없음,2022-07-31,196609.75025329,428912.306681884,2025-12-15 16:15:28,I,3,폐업처리,2022-08-24 10:14:11,,2012-03-13,241.89,431-835,경기도 안양시 동안구 호계3동 873번지,2012383018607500002,3830000,경기도 안양시 동안구 경수대로 428 (호계동),,,03,폐업,준대규모점포,,,031-451-8545
(주)농협유통하나로클럽용산점,대형마트,2024-12-29,196813.258497258,447881.970772064,2026-05-06 22:48:29,I,3,폐업처리,2024-12-31 17:47:16,,2012-03-13,3271,140-012,서울특별시 용산구 한강로2가 15번지 19호,2012302009507500001,3020000,서울특별시 용산구 청파로 122 (한강로2가),,,03,폐업,대규모점포,,,02-2077-2800
홈플러스(주)익스프레스 부천역곡점,구분없음,,182713.24757763,442732.134102228,2026-07-08 21:18:10,U,1,정상영업,2026-07-07 17:55:58,,2012-03-12,491.4,420-101,경기도 부천시 원미구 역곡동 33번지 5호,2012386021207500002,3860000,경기도 부천시 원미구 지봉로 53 (역곡동),,,01,영업/정상,준대규모점포,,,032-8744-6597
(주)메가마트 문현점,그 밖의 대규모점포,,388831.511202782,184013.267838581,2026-05-21 03:03:03,U,1,정상영업,2026-05-20 17:27:25,,2012-03-12,1832,608-823,부산광역시 남구 문현3동 205번지 2호,2012331008207500001,3310000,"부산광역시 남구 수영로39번길 2-5 (문현동, (주)메가마트 문현점)",,,01,영업/정상,준대규모점포,,,051-633-8405
(주)이마트에브리데이 화곡동점,구분없음,,186456.187657133,449645.45192818,2025-12-15 16:15:28,I,1,정상영업,2024-07-30 16:50:24,,2012-03-12,317,,,2012315014507500002,3150000,"서울특별시 강서구 화곡로 274 (화곡동, 외4필지 크라운뷰 1층 104~109)",,,01,영업/정상,준대규모점포,,,02-2281-3651
(주)에브리데이리테일 발산동점,그 밖의 대규모점포,2012-07-30,185438.90708315,449920.639962354,2025-12-15 16:15:28,I,3,폐업처리,2012-09-20 17:49:47,,2012-03-12,330,,,2012315014507500001,3150000,"서울특별시 강서구 강서로 287, 1층 (내발산동, 호경빌딩)",,,03,폐업,준대규모점포,,,02-2662-3651
롯데쇼핑(주)롯데슈퍼 대구진천점,대형마트,2015-04-02,337191.345792727,257587.994732084,2025-12-15 16:15:28,I,3,폐업처리,2015-04-02 15:47:56,,2012-03-09,326.1,704-837,대구광역시 달서구 진천동 731번지 13호,2014347011707500003,3470000,대구광역시 달서구 상화로 33 (진천동),,,03,폐업,준대규모점포,,,053-631-5601
순천농협 파머스마켓,대형마트,2016-09-09,248607.181908838,161603.872955054,2026-07-14 11:38:15,I,3,폐업처리,2016-09-20 18:27:59,,2012-03-08,3313,540-320,전남광주통합특별시 순천시 조례동 70번지 2호,2012482015207500002,5790000,전남광주통합특별시 순천시  백연길  111 (조례동),,,03,폐업,대규모점포,,,061-725-8200
(주)지에스리테일 만덕점,그 밖의 대규모점포,,384257.067576796,191991.025225857,2026-05-03 22:39:05,I,1,정상영업,2025-04-17 18:01:50,,2012-03-08,1263.7,616-829,부산광역시 북구 만덕3동 774번지 7호,2012332008807500003,3320000,"부산광역시 북구 덕천로 188, 1층 (만덕동)",,,01,영업/정상,준대규모점포,,,
(주) 지에스리테일 구포점,그 밖의 대규모점포,,382386.55312543,191453.197987347,2026-05-03 22:39:05,I,1,정상영업,2025-04-17 17:24:23,,2012-03-08,916.3,,부산광역시 북구 구포동 654번지 11호,2012332008807500002,3320000,부산광역시 북구 낙동대로1780번길 106 (구포동),46587,,01,영업/정상,준대규모점포,,,
(주)메가마트 덕천점,구분없음,,384082.64392147,192420.344583399,2026-05-13 22:18:10,U,1,정상영업,2026-05-12 13:22:02,,2012-03-08,1471.47,616-814,부산광역시 북구 덕천1동 370번지,2012332008807500001,3320000,부산광역시 북구 기찰로 164 (덕천동),,,01,영업/정상,준대규모점포,,,
(주)지에스리테일 공주점,복합쇼핑몰,,211968.574981584,328297.857566515,2026-05-06 22:48:21,I,1,정상영업,2025-04-15 11:07:42,,2012-03-06,1465,314-040,충청남도 공주시 옥룡동 338번지 1호,2012450021607500001,4500000,충청남도 공주시 무령로 310 (옥룡동),,,01,영업/정상,준대규모점포,,,041-856-6330
주식회사 홈플러스익스프레스 부개역점,복합쇼핑몰,,176907.460015287,443010.109379065,2026-07-10 22:48:10,U,1,정상영업,2026-07-09 16:13:22,,2012-03-06,185.5,,인천광역시 부평구 부개동 210번지 송신빌딩,2012354011907500001,3540000,인천광역시 부평구 부일로 87 (부개동),21401,,01,영업/정상,준대규모점포,,,032-521-8545
주식회사 홈플러스익스프레스 중곡점,구분없음,,207001.872308692,450597.61492646,2026-07-04 22:18:10,U,1,정상영업,2026-07-03 09:16:28,,2012-03-06,274.4,143-898,서울특별시 광진구 중곡2동 157번지 1호,2012304015507500001,3040000,서울특별시 광진구 능동로 314 (중곡동),,,01,영업/정상,준대규모점포,,,02-447-8545
(주)지에스리테일GS수퍼인천박촌점,그 밖의 대규모점포,2021-06-25,177412.592097626,450372.046041025,2026-05-10 23:19:02,I,3,폐업처리,2021-06-30 13:03:28,,2012-03-02,841,407-330,인천광역시 계양구 박촌동 59번지,2012355005907500001,3550000,,,,03,폐업,준대규모점포,,,032-515-2727
오수관촌농협관촌지점하나로마트,그 밖의 대규모점포,,224418.856969701,241647.763695894,2025-12-15 16:15:28,I,1,정상영업,2013-12-19 16:41:01,,2012-02-26,286.53,566-812,전북특별자치도 임실군 관촌면 관촌리 497번지,2012476006307500002,4761000,전북특별자치도 임실군 관촌면 사선로 42,,,01,영업/정상,준대규모점포,,,063-642-0340
이마트 하월곡점,대형마트,,202667.468802014,455858.920803881,2025-12-15 16:15:28,I,1,정상영업,2025-05-26 14:52:53,,2012-02-24,10745,136-735,서울특별시 성북구 하월곡동 230번지 동일하이빌뉴시티아파트,2014307021607500002,3070000,"서울특별시 성북구 종암로 167 (하월곡동, 동일하이빌뉴시티아파트)",,,01,영업/정상,대규모점포,,,02-6936-1251
홈플러스(주) 익프스레스 금호2점,구분없음,,201383.023709556,449744.280482389,2026-07-25 22:18:10,U,1,정상영업,2026-07-24 10:01:33,,2012-02-24,578.96,133-807,서울특별시 성동구 금호동3가 1331번지,2012303010307500002,3030000,서울특별시 성동구 동호로 100 (금호동3가),,,01,영업/정상,준대규모점포,,,22538542
롯데쇼핑(주)롯데아울렛 수완점,쇼핑센터,,183530.641093884,187845.528746071,2026-07-14 11:38:15,I,1,정상영업,2026-04-20 11:14:04,,2012-02-23,24715.98,506-251,전남광주통합특별시 광산구 장덕동 1678번지,2012363017007500001,5825000,전남광주통합특별시 광산구 장신로 98 (장덕동),,,01,영업/정상,대규모점포,,,062-616-2013
(주)지에스리테일 구미도량점,그 밖의 대규모점포,2014-06-12,318425.458916983,294018.730370673,2025-12-15 16:15:28,I,3,폐업처리,2014-07-14 14:33:17,,2012-02-16,1053.1,730-020,경상북도 구미시 도량동 226번지,2012508013307500001,5080000,,,,03,폐업,준대규모점포,,,054-715-7015
(주)이마트에브리데이 이매동점,구분없음,,211174.949647003,432260.868907152,2025-12-15 16:15:28,I,1,정상영업,2024-07-24 16:34:22,,2012-02-14,745.28,463-905,경기도 성남시 분당구 이매동 123번지 이매촌아파트 상가동 비01호,2012378019307500001,3780000,"경기도 성남시 분당구 양현로94번길 29, 이매동 이매촌상가동비01호 (이매동)",,,01,영업/정상,준대규모점포,,,031-703-0074
(주)지에스리테일 인천도림점,구분없음,,175981.287977694,435302.344499432,2026-03-26 22:49:56,I,1,정상영업,2025-04-29 19:26:28,,2012-02-14,0,,인천광역시 남동구 도림동 663-4 도림상가,2012353017907500004,3530000,"인천광역시 남동구 논고개로 331, 도림상가 (도림동)",21645,,01,영업/정상,준대규모점포,,,
홈플러스(주) 익스프레스 기장점,대형마트,2018-03-15,401671.555424286,196027.510818284,2026-05-03 22:38:29,I,3,폐업처리,2018-03-15 13:43:30,,2012-02-14,1316,619-903,부산광역시 기장군 기장읍 대라리 57번지,2012340004407500005,3400000,부산광역시 기장군 기장읍 차성동로 63,,,03,폐업,준대규모점포,,,051-724-4500
홈플러스(주) 익스프레스 왕십리점,구분없음,,202806.018487131,451160.356013436,2026-07-25 22:18:10,U,1,정상영업,2026-07-24 10:02:55,,2012-02-14,264.3,133-858,서울특별시 성동구 왕십리2동 966번지 11호,2012303010307500001,3030000,서울특별시 성동구 왕십리로 333 (하왕십리동),,,01,영업/정상,준대규모점포,,,34598000
(주)서원유통 탑마트 포항우현점,복합쇼핑몰,,412513.071221655,285834.166872719,2026-05-07 22:37:46,I,1,정상영업,2025-05-08 10:23:09,,2012-02-09,1841.35,791-813,경상북도 포항시 북구 우현동 115번지 2호,2012503004907500001,5020000,경상북도 포항시 북구 중앙로419번길 29 (우현동),,,01,영업/정상,준대규모점포,,,054-232-5201
홈플러스(주)익스프레스 북변점,구분없음,,175242.244211209,457735.002549407,2026-07-14 21:18:10,U,1,정상영업,2026-07-13 15:45:36,,2012-02-07,163,415-030,경기도 김포시 북변동 824번지,2012409022907500003,4090000,경기도 김포시 사우중로 77 (북변동),,,01,영업/정상,준대규모점포,,,031-989-8549
주식회사 서원유통 탑마트 기장점,대형마트,,401768.079655105,195341.887485194,2026-05-03 22:38:29,I,1,정상영업,2025-04-24 14:36:52,,2012-02-07,1785.56,619-906,부산광역시 기장군 기장읍 청강리 297번지,2012340004407500004,3400000,부산광역시 기장군 기장읍 대청로71번길 5,,,01,영업/정상,준대규모점포,,,051-722-1001
주식회사 서원유통 탑마트 기장서부점,대형마트,,401087.048808535,196279.241951554,2026-05-03 22:38:29,I,1,정상영업,2025-04-24 14:33:30,,2012-02-07,1345.42,619-905,부산광역시 기장군 기장읍 서부리 76번지 1호,2012340004407500003,3400000,부산광역시 기장군 기장읍 읍내로 49,,,01,영업/정상,준대규모점포,,,051-724-2828
롯데슈퍼 홍제2점,복합쇼핑몰,,195281.395461663,453657.534811024,2026-05-06 22:37:15,U,1,정상영업,2026-02-23 16:00:04,,2012-02-07,1573,,서울특별시 서대문구 홍제동 469번지 인왕산 한신휴플러스,2018312018307500001,3120000,"서울특별시 서대문구 통일로 397, 지4층 (홍제동, 인왕산 한신휴플러스)",03730,,01,영업/정상,준대규모점포,,,02-739-6780
(주)지에스리테일 GS수퍼 김포사우점,구분없음,,175023.331033541,457434.64458019,2025-12-15 16:15:28,I,1,정상영업,2025-04-16 16:07:26,,2012-02-06,1988.24,415-040,경기도 김포시 사우동 237번지 2호 외 2필지,2012409022907500002,4090000,경기도 김포시 돌문로 43 (사우동),,,01,영업/정상,준대규모점포,,,
(주)지에스리테일금촌점,구분없음,2022-04-18,179944.018070176,472609.616003388,2026-05-02 22:04:32,I,3,폐업처리,2022-04-17 16:30:38,,2012-02-06,1384.99,413-826,경기도 파주시 금촌2동 956번지 5호,2012406011007500001,4060000,경기도 파주시 황골로 39 (금촌동),,,03,폐업,준대규모점포,,,031-944-0732
홈플러스(주)익스프레스 신사점,그 밖의 대규모점포,,192012.208564616,455177.704494531,2026-08-08 22:48:10,U,1,정상영업,2026-08-07 10:18:27,,2012-02-06,189.1,122-881,서울특별시 은평구 신사1동 20번지 7호,2012311013107500005,3110000,서울특별시 은평구 갈현로 10 (신사동),,,01,영업/정상,준대규모점포,,,02-352-8546
오수관촌농협관촌지점하나로마트,그 밖의 대규모점포,,224418.856969701,241647.763695894,2025-12-15 16:15:28,I,1,정상영업,2012-02-03 17:13:43,,2012-02-03,286.53,,,2012476006307500001,4761000,전북특별자치도 임실군 관촌면 사선로 42,,,01,영업/정상,준대규모점포,,,063-642-0340
주식회사 홈플러스익스프레스 안양점,구분없음,,,,2026-07-09 21:48:10,U,1,정상영업,2026-07-08 16:07:50,,2012-02-02,232.7,430-827,경기도 안양시 만안구 안양8동 559번지 2호,2012383018607500001,3830000,경기도 안양시 만안구 냉천로 7 (안양동),,,01,영업/정상,준대규모점포,,,031-465-8543
롯데쇼핑(주)롯데슈퍼두암점,복합쇼핑몰,,193999.034505249,184817.707884727,2026-07-14 11:38:15,I,1,정상영업,2026-05-06 09:46:17,,2012-01-31,1483.7,500-100,전남광주통합특별시 북구 두암동 985번지 1호,2012362007907500002,5820000,전남광주통합특별시 북구 삼정로3번길 21 (두암동),,,01,영업/정상,준대규모점포,,,062-263-0011
롯데쇼핑(주)롯데슈퍼운암점,구분없음,2017-06-26,,,2026-07-01 12:18:08,I,3,폐업처리,2017-06-26 16:36:19,,2012-01-31,2907.1,500-856,전남광주통합특별시 북구 운암3동 66번지 1호,2012362007907500001,5820000,전남광주통합특별시 북구 북문대로 92 (운암동),,,03,폐업,준대규모점포,2015-06-01,2018-06-01,062-511-5614
(주)이마트에브리데이 사당동점,그 밖의 대규모점포,,197802.436613024,443049.214038897,2026-05-03 22:37:50,I,1,정상영업,2024-08-01 16:43:26,,2012-01-31,671.98,156-771,"서울특별시 동작구 사당동 105번지 신동아상가 제1층 101~105, 110호",2012319012807500001,3190000,"서울특별시 동작구 동작대로29길 110 (사당동, 신동아아파트)",,,01,영업/정상,준대규모점포,,,02-596-9584
롯데쇼핑(주)롯데슈퍼 횡성점,구분없음,2019-11-11,287203.780662324,443693.265458422,2025-12-15 16:15:28,I,3,폐업처리,2019-11-11 15:26:08,,2012-01-27,576.9,,,2012426006307500001,4261000,강원특별자치도 횡성군 횡성읍 태기로 29,,,03,폐업,준대규모점포,,,033-344-5601
홈플러스 익스프레스 인천학익점,그 밖의 대규모점포,,171184.306327126,437467.24635828,2026-03-26 22:48:22,U,1,정상영업,2025-12-08 10:51:36,,2012-01-27,438.9,402-042,인천광역시 남구 학익2동 663번지 1호,2012351009207500001,3510500,인천광역시 남구 매소홀로488번길 6-32 (학익동),,,01,영업/정상,준대규모점포,,,032-873-8561
(주)지에스리테일GS수퍼 부천송내점,구분없음,2021-03-12,179085.24481764,442396.486172649,2025-12-15 16:15:28,I,3,폐업처리,2021-03-13 18:50:09,,2012-01-26,661.66,422-819,경기도 부천시 소사구 송내2동 389번지 5호,2012386021207500001,3860000,경기도 부천시 소사구 경인로 82 (송내동),,,03,폐업,준대규모점포,,,
홈플러스익스프레스 인천주안2점,복합쇼핑몰,,172251.725613377,438462.266356905,2026-03-26 22:48:22,I,1,정상영업,2024-12-13 12:58:09,,2012-01-26,227.37,402-860,인천광역시 남구 주안8동 1523번지 7호,2012351009207500002,3510500,인천광역시 남구 인하로352번길 4 (주안동),,,01,영업/정상,준대규모점포,,,032-437-8542
(주)이마트에브리데이 일산동점,구분없음,2017-05-22,179661.530305725,464960.066910531,2025-12-15 16:15:28,I,3,폐업처리,2017-05-26 16:54:00,,2012-01-20,1016,411-850,경기도 고양시 일산서구 일산동 606번지 1호 시티프라자 1층,2012394025707500001,3940000,경기도 고양시 일산서구 원일로 69 (일산동),,,03,폐업,준대규모점포,,,031-975-8400
(주)이마트에브리데이 가락동점,구분없음,,210391.461980814,443796.02703891,2025-12-15 16:15:28,I,1,정상영업,2024-07-24 16:45:27,,2012-01-20,326.92,138-803,서울특별시 송파구 가락동 88번지 2호,2012323019807500002,3230000,서울특별시 송파구 중대로9길 35 (가락동),,,01,영업/정상,준대규모점포,,,02-848-3651
롯데슈퍼 논현점,구분없음,,203322.585990371,445590.72903471,2025-12-15 16:15:28,I,1,정상영업,2017-04-26 18:33:19,,2012-01-19,177.8,,,2014322016207500005,3220000,"서울특별시 강남구 언주로122길 25 (논현동, 두산위브아파트)",,,01,영업/정상,준대규모점포,,,02-3466-5601
롯데슈퍼 용인점,복합쇼핑몰,,218609.119199767,414323.727786853,2026-04-26 03:03:03,U,1,정상영업,2026-04-25 15:51:01,,2012-01-18,1872,449-924,경기도 용인시 처인구 김량장동 13번지,2012405028807500002,4050000,경기도 용인시 처인구 백옥대로 1066 (김량장동),,,01,영업/정상,준대규모점포,,,031-338-5601
(주)이마트에브리데이 법동점,구분없음,,238615.460305821,318775.123985077,2025-12-15 16:15:28,I,1,정상영업,2024-07-19 14:09:44,,2012-01-17,970,,대전광역시 대덕구 법동 191번지 1호 보람아파트 상가동 지층 30호,2011368009207500001,3680000,"대전광역시 대덕구 동춘당로 178, 30호 (법동, 보람아파트상가 지하)",34398,,01,영업/정상,준대규모점포,,,042-639-3120
(주)지에스리테일 GS수퍼 김포감정점,구분없음,2025-12-23,173440.919786368,458231.526224764,2025-12-28 02:40:00,U,3,폐업처리,2025-12-26 16:49:02,,2012-01-11,642,415-010,경기도 김포시 감정동 676번지,2012409022907500001,4090000,경기도  봉화로181번길 31-20,,,03,폐업,준대규모점포,,,
용인농협파머스마켓,구분없음,,217861.473236659,414842.294991122,2026-04-01 22:14:03,I,4,직권취소,2014-12-15 15:50:23,,2012-01-11,1970.7,449-925,경기도 용인시 처인구 김량장동 254번지 413호,2012405028807500001,4050000,경기도 용인시 처인구 금령로55번길 3 (김량장동),,,04,취소/말소/만료/정지/중지,준대규모점포,,,031-321-7100
롯데슈퍼강릉입암점,구분없음,2021-07-14,368411.478854135,473875.192732668,2025-12-15 16:15:28,I,3,폐업처리,2021-07-14 16:14:21,,2012-01-10,388,,,2012420011507500002,4201000,강원특별자치도 강릉시 율곡로2692번길 56 (입암동),,,03,폐업,준대규모점포,,,033-642-6262
롯데슈퍼 강릉입암점,그 밖의 대규모점포,2021-07-14,368411.478854135,473875.192732668,2025-12-15 16:15:28,I,3,폐업처리,2021-07-15 09:05:06,,2012-01-09,388,,,2012420011507500001,4201000,강원특별자치도 강릉시 율곡로2692번길 56 (입암동),,,03,폐업,준대규모점포,,,033-642-6262
(주)이마트에브리데이 하양점,그 밖의 대규모점포,2024-09-19,364473.951877198,269325.259827528,2025-12-15 16:15:28,I,3,폐업처리,2024-09-26 13:03:29,,2012-01-06,1630.5,712-902,경상북도 경산시 하양읍 금락리 401번지 1호 외 3필지,2012513013507500001,5130000,경상북도 경산시 하양읍 대학로295길 2,,,03,폐업,준대규모점포,,,053-857-8900
롯데마트 청라점,대형마트,,,,2026-07-01 13:36:35,I,1,정상영업,2026-06-29 13:32:08,,2012-01-06,10761.59,,인천광역시 서해구 청라동 159-1 청라 롯데캐슬,2012356010207500001,3561000,"인천광역시 서해구 청라커낼로 252 (청라동, 청라 롯데캐슬)",22762,,01,영업/정상,대규모점포,,,02-2145-8474
(주)이마트에브리데이 면목동점,그 밖의 대규모점포,,207553.170404939,453031.11581883,2025-12-15 16:15:28,I,1,정상영업,2024-08-06 11:26:39,,2012-01-06,1440.66,131-828,서울특별시 중랑구 면목7동 650번지 카멜리아 쇼핑센타 1층,2011306009507500004,3060000,서울특별시 중랑구 면목로39길 11 (면목동),,,01,영업/정상,준대규모점포,,,02-380-5042
주식회사엠지엘,복합쇼핑몰,,201341.191554264,364818.034415495,2026-05-06 22:48:27,I,1,정상영업,2023-10-10 09:48:59,,2012-01-05,23345.93,336-040,충청남도 아산시 모종동 555번지 9호,2012452022507500001,4520000,충청남도 아산시 번영로 225 (모종동),,,01,영업/정상,대규모점포,,,041-549-9009
(주)에브리데이리테일 창동점,구분없음,,203027.627111443,460124.418353378,2025-12-15 16:15:28,I,1,정상영업,2014-10-17 15:07:34,,2012-01-05,784.04,132-042,서울특별시 도봉구 창2동 628번지 20호,2012309013407500001,3090000,서울특별시 도봉구 도봉로104길 53 (창동),,2012-01-05,01,영업/정상,준대규모점포,,,
(주)일유통 롯데슈퍼 여수신기점,그 밖의 대규모점포,2017-03-06,261044.163202657,140094.879769382,2026-07-14 11:38:15,I,3,폐업처리,2017-03-07 11:34:35,,2012-01-03,570,555-706,전남광주통합특별시 여수시 신기동 139번지 부영상가 3동 2층,2012481024107500001,5785000,,,,03,폐업,준대규모점포,,,061-681-2626
(주)홈플러스익스프레스 군포오금점,구분없음,,,,2026-07-01 03:03:03,U,1,정상영업,2026-06-30 09:55:12,,2012-01-01,291,,경기도 군포시 산본동 1155번지 1호 가야아파트 종합상가,2017402010807500004,4020000,"경기도 군포시 번영로 405, 가야아파트 종합상가 지하1층 1호 (산본동)",15869,,01,영업/정상,준대규모점포,,,031-393-8545
주식회사 홈플러스익스프레스 안양석수점,복합쇼핑몰,,,,2026-07-09 21:48:10,U,1,정상영업,2026-07-08 16:10:29,,2011-12-29,302.27,430-853,경기도 안양시 만안구 석수3동 787번지 3호,2011383018607500003,3830000,경기도 안양시 만안구 충훈로 88 (석수동),,,01,영업/정상,준대규모점포,,,031-473-8562
(주)이마트에브리데이 공릉동점,구분없음,,207311.175792021,457610.711998051,2025-12-15 16:15:28,I,1,정상영업,2024-07-30 09:04:22,,2011-12-29,739.8,139-800,서울특별시 노원구 공릉2동 89번지 1호  대덕프라자 지층 101~102호,2011310018407500005,3100000,서울특별시 노원구 노원로1길 67 (공릉동),,,01,영업/정상,준대규모점포,,,
(주)지에스리테일 GS슈퍼 노원월계점,구분없음,,205984.15211292,457275.799282625,2025-12-15 16:15:28,I,1,정상영업,2025-04-23 08:59:29,,2011-12-29,565.54,139-840,서울특별시 노원구 월계3동 18번지 그랑빌아파트주상가 지층동 101호,2011310018407500004,3100000,서울특별시 노원구 마들로 31 (월계동),,,01,영업/정상,준대규모점포,,,
노브랜드 동대문 장안점,대형마트,,205423.969491537,451556.210578255,2025-12-15 16:15:28,I,1,정상영업,2024-04-30 16:41:33,,2011-12-28,1478.96,130-100,서울특별시 동대문구 장안동 580번지,2011305014007500006,3050000,서울특별시 동대문구 한천로 42 (장안동),,,01,영업/정상,준대규모점포,,,02-6908-2123
롯데쇼핑(주)롯데마트 원주점,대형마트,,282120.73395865,427477.545400161,2026-01-31 21:18:10,U,1,정상영업,2026-01-30 10:02:44,,2011-12-27,12044.4,220-100,강원특별자치도 원주시 단계동 1123번지,2011419020307500001,4191000,강원특별자치도 원주시 봉화로 1 (단계동),,,01,영업/정상,대규모점포,,,033-749-2500
퍼스트빌리지 아울렛,쇼핑센터,,202395.445486741,377287.512012604,2026-05-06 22:48:27,I,1,정상영업,2023-05-04 12:59:26,,2011-12-26,33712,336-873,충청남도 아산시 둔포면 신항리 17번지 3호,2011452022507500005,4520000,충청남도 아산시 둔포면 해위안길 127,,,01,영업/정상,대규모점포,,,041-536-0513
(주)지에스리테일 하남점,구분없음,,218092.270999261,448561.965519817,2025-12-15 16:15:28,I,1,정상영업,2025-04-18 14:54:08,,2011-12-26,1047,465-030,경기도 하남시 신장동 427번지 53호,2011404015507500002,4040000,경기도 하남시 신장1로9번길 74 (신장동),,,01,영업/정상,준대규모점포,,,031-795-1682
(주)지에스리테일 하남덕풍점,구분없음,2019-11-26,217561.103273101,448778.529029858,2025-12-15 16:15:28,I,3,폐업처리,2022-04-21 14:14:04,,2011-12-26,385,465-807,경기도 하남시 덕풍2동 358번지 1호,2011404015507500001,4040000,경기도 하남시 신장로 179 (덕풍동),,,03,폐업,준대규모점포,,,031-795-8587
(주)지에스리테일 GS수퍼 분당매송점,대형마트,2013-01-21,210682.332944226,433529.550651555,2025-12-15 16:15:28,I,3,폐업처리,2013-02-27 11:05:30,,2011-12-22,637.74,463-060,경기도 성남시 분당구 이매동 132번지 지하1층 101~110호,2011378019307500007,3780000,"경기도 성남시 분당구 판교로 430, 지하1층 101~110호 (이매동)",,,03,폐업,준대규모점포,,,031-706-1600
SSG 마린시티점,그 밖의 대규모점포,2021-09-30,395164.437852508,186231.014715022,2026-05-10 22:54:14,I,3,폐업처리,2021-09-28 18:06:21,,2011-12-22,3088.41,612-824,부산광역시 해운대구 우1동 1408번지 해운대 I'Park 업무동,2011333010307500008,3330000,"부산광역시 해운대구 마린시티2로 38, 업무동 (우동, 해운대 I'Park 업무동)",,,03,폐업,대규모점포,,,02-727-1381
주식회사 홈플러스익스프레스 광화문점,복합쇼핑몰,,197700.034013631,452022.503467072,2026-07-09 22:48:10,U,1,정상영업,2026-07-08 10:13:21,,2011-12-20,432.9,,서울특별시 종로구 신문로1가 24 광화문 고려빌딩,2011300012907500003,3000000,"서울특별시 종로구 새문안로 91, 광화문 고려빌딩 1층 (신문로1가)",03182,,01,영업/정상,준대규모점포,,,02-737-9994
순창농협하나로마트,대형마트,,213077.457587303,208487.551123223,2025-12-15 16:15:28,I,4,직권취소,2012-03-09 08:42:14,,2011-12-15,1067.7,595-803,전북특별자치도 순창군 순창읍 남계리 227번지 5호,2011477006707500001,4771000,전북특별자치도 순창군 순창읍 장류로 388,,,04,취소/말소/만료/정지/중지,준대규모점포,,,
(주)지에스리테일 GS수퍼 전주인후점,그 밖의 대규모점포,2020-08-20,213941.210019418,259537.40504121,2025-12-15 16:15:28,I,3,폐업처리,2020-08-20 16:04:47,,2011-12-14,676.9,,,2011464036307500005,4641000,전북특별자치도 전주시 덕진구 팽나무4길 7 (인후동1가),,,03,폐업,준대규모점포,,,
홈플러스익스프레스 망원점,구분없음,2014-01-07,192018.039124439,450449.030804033,2025-12-15 16:15:28,I,3,폐업처리,2014-01-08 10:49:36,,2011-12-13,264,121-896,서울특별시 마포구 서교동 441번지 6호,2011313011807500004,3130000,서울특별시 마포구 월드컵로 80 (서교동),,,03,폐업,준대규모점포,,,
홈플러스(주) 서수원점,대형마트,,195965.406968544,419154.489182672,2026-03-11 01:45:41,I,1,정상영업,2024-03-06 09:01:39,,2011-12-12,20860.31,,경기도 수원시 권선구 금곡동 1116번지 홈플러스,2011374017307500013,3740000,경기도 수원시 권선구 금곡로 236 (금곡동),16393,,01,영업/정상,대규모점포,,,031-8019-1024
홈플러스익스프레스 도화점,그 밖의 대규모점포,,195669.217619713,448393.658663222,2026-08-12 22:19:26,U,1,정상영업,2026-08-11 07:37:05,,2011-12-12,377.72,,서울특별시 마포구 도화동 353번지,2011313011807500003,3130000,"서울특별시 마포구 도화4길 73 (도화동, 현대홈타운)",04180,,01,영업/정상,준대규모점포,,,02-3272-8544
임실축협하나로마트,그 밖의 대규모점포,,225492.528496952,235159.748333614,2025-12-15 16:15:28,I,1,정상영업,2011-12-09 14:20:25,,2011-12-09,482.63,566-805,전북특별자치도 임실군 임실읍 이도리,2011476006307500004,4761000,전북특별자치도 임실군 임실읍 운수로 6,,,01,영업/정상,준대규모점포,,,063-640-3604
롯데 프리미엄 푸드마켓 황금점,구분없음,,347544.089245298,261408.21288721,2026-05-03 22:40:52,U,1,정상영업,2026-04-30 11:16:13,,2011-12-08,1368.4,,대구광역시 수성구 황금동 366번지 캐슬골드파크 2단지,2011346011707500006,3460000,"대구광역시 수성구 청수로 235, 종합상가동 (황금동, 캐슬골드파크 2단지)",42113,,01,영업/정상,준대규모점포,,,053-762-5601
롯데쇼핑(주) 롯데슈퍼 지산2동점,구분없음,2020-08-30,347202.247919901,259665.92368622,2026-05-03 22:40:52,I,3,폐업처리,2021-06-11 14:40:36,,2011-12-08,408.11,706-092,대구광역시 수성구 지산2동 1160번지 74호,2011346011707500005,3460000,대구광역시 수성구 지범로 59 (지산동),,,03,폐업,준대규모점포,,,053-784-5601
롯데쇼핑(주) 롯데슈퍼 대구지산점,구분없음,2015-08-10,348304.264728808,259445.17112843,2026-05-03 22:40:52,I,3,폐업처리,2016-08-30 14:52:34,,2011-12-08,679.7,706-091,대구광역시 수성구 지산1동 1297번지 3호 지산서한이다음아파트 상가 409동,2011346011707500004,3460000,"대구광역시 수성구 용학로 313, 409동 (지산동,지산서한이다음아파트 상가)",,,03,폐업,준대규모점포,,,053-781-5602
(주)지에스리테일 진천점,그 밖의 대규모점포,,239497.37327675,372568.007341718,2025-12-15 16:15:28,I,1,정상영업,2025-04-19 11:15:43,,2011-12-07,1243.02,365-803,충청북도 진천군 진천읍 교성리 206번지 1호,2011445005307500001,4450000,충청북도 진천군 진천읍 남산길 78,,,01,영업/정상,준대규모점포,,,043-536-2303
롯데쇼핑(주)롯데슈퍼 수성점,구분없음,,345582.781827589,261837.875953958,2026-05-03 22:40:52,U,1,정상영업,2026-04-20 11:12:28,,2011-12-07,2534.6,706-838,대구광역시 수성구 중동 333번지 7호,2011346011707500007,3460000,대구광역시 수성구 수성로 227 (중동),,,01,영업/정상,준대규모점포,,,053-764-5601
롯데쇼핑(주)롯데슈퍼 수성캐슬점,구분없음,2015-08-31,346260.237351806,262934.149950466,2026-05-03 22:40:52,I,3,폐업처리,2016-08-30 14:49:54,,2011-12-07,736.7,706-833,대구광역시 수성구 수성동3가 57번지 롯데캐슬 101동,2011346011707500003,3460000,"대구광역시 수성구 명덕로 455 (수성동3가,롯데캐슬 101동)",,,03,폐업,준대규모점포,,,053-743-5601
칼라스퀘어,쇼핑센터,,352335.045028381,260158.750203679,2026-05-03 22:40:52,I,4,직권취소,2024-05-28 14:00:41,,2011-12-07,15582.44,706-130,"대구광역시 수성구 대흥동 504번지 지하2층, 지상1층",2011346011707500002,3460000,대구광역시 수성구 유니버시아드로 140 (대흥동),,,04,취소/말소/만료/정지/중지,대규모점포,,,053-222-6203
주식회사 홈플러스익스프레스 용강점,전문점,,,,2026-07-21 22:20:56,U,1,정상영업,2026-07-20 10:21:31,,2011-12-06,230.7,,,2016313018007500001,3130000,서울특별시 마포구 토정로 282 (용강동),04163,,01,영업/정상,준대규모점포,,,02-701-8544
임실농협 임실하나로마트,그 밖의 대규모점포,,225585.293376284,235046.133145131,2025-12-15 16:15:28,I,1,정상영업,2011-12-05 15:58:24,,2011-12-05,190,566-805,전북특별자치도 임실군 임실읍 이도리 233번지 3호,2011476006307500003,4761000,전북특별자치도 임실군 임실읍 운수로 22,,,01,영업/정상,준대규모점포,,,063-642-2506
임실농협 강진하나로마트,그 밖의 대규모점포,,214726.767469284,225597.418590095,2025-12-15 16:15:28,I,1,정상영업,2011-12-05 15:57:56,,2011-12-05,137.1,566-862,전북특별자치도 임실군 강진면 갈담리 279번지,2011476006307500002,4761000,전북특별자치도 임실군 강진면 호국로 41,,,01,영업/정상,준대규모점포,,,
오수관촌농협 오수하나로마트,그 밖의 대규모점포,,229724.623465602,226488.38629207,2025-12-15 16:15:28,I,1,정상영업,2011-12-05 15:57:45,,2011-12-05,218,566-895,전북특별자치도 임실군 오수면 오수리 328번지,2011476006307500001,4761000,전북특별자치도 임실군 오수면 오수로 145,,,01,영업/정상,준대규모점포,,,063-642-8025
홈플러스 익스프레스 거여점,구분없음,,212800.699970729,443397.261935451,2026-08-27 22:18:10,U,1,정상영업,2026-08-26 17:56:27,,2011-12-02,835,138-814,서울특별시 송파구 거여2동 27번지 5호 B101호,2013323019807500002,3230000,서울특별시 오금로 512,,,01,영업/정상,준대규모점포,,,02-3012-8545
롯데슈퍼 역삼1동점,구분없음,2021-11-16,202957.286742981,443437.682541522,2025-12-15 16:15:28,I,3,폐업처리,2025-03-18 10:04:49,,2011-12-02,336.2,,,2014322016207500004,3220000,서울특별시 강남구 역삼로8길 15 (역삼동),,,03,폐업,준대규모점포,,,02-568-5601
(주)이마트에브리데이 미아동점,구분없음,,202314.47965444,457821.853133872,2026-04-30 22:35:18,I,1,정상영업,2024-11-26 17:25:29,,2011-12-02,500.56,142-807,서울특별시 강북구 미아동 1351번지,2011308013907500008,3080000,"서울특별시 강북구 도봉로 157, 112호 (미아동, 두원프라자)",,,01,영업/정상,준대규모점포,,,32813652
롯데쇼핑(주)롯데슈퍼 아산점,그 밖의 대규모점포,2018-10-22,,,2026-05-06 22:48:27,I,3,폐업처리,2018-10-23 10:24:23,,2011-11-30,1498.9,336-815,충청남도 아산시 온양1동 1637번지,2011452022507500004,4520000,충청남도 아산시 시민로 444 (온천동),,,03,폐업,준대규모점포,,,041-549-3111
롯데쇼핑(주)롯데슈퍼 오산점,구분없음,,206134.694133401,405121.782352674,2026-05-16 03:03:03,U,1,정상영업,2026-05-15 11:20:02,,2011-11-28,427.7,447-802,경기도 오산시 오산동 877번지 21호,2011400010607500001,4000000,경기도 오산시 대원로15번길 17 (오산동),,,01,영업/정상,준대규모점포,,,031-375-5602
(주)이마트에브리데이 암사동점,구분없음,2023-03-24,211970.119823136,450308.559655461,2026-05-06 22:47:36,I,3,폐업처리,2023-03-21 18:54:48,,2011-11-28,363.69,,,2011324017507500001,3240000,서울특별시 강동구 고덕로 99 (암사동),,,03,폐업,준대규모점포,,,02-2296-3651
롯데쇼핑(주)롯데슈퍼신향남점,그 밖의 대규모점포,2018-12-31,192470.655401076,402684.622341628,2026-02-01 10:52:12,I,3,폐업처리,2019-01-23 17:59:22,,2011-11-25,313.4,445-926,경기도 화성시 만세구 향남읍 행정리 462번지 5호,2011553023207500001,5530000,경기도 화성시 만세구 향남읍 행정중앙1로 14,,,03,폐업,준대규모점포,,,031-8059-5601
롯데슈퍼 주식회사 미친데이 안중점,구분없음,,192967.232439378,387072.994089902,2026-05-05 03:03:03,U,1,정상영업,2026-05-04 09:13:00,,2011-11-25,887.6,451-885,경기도 평택시 안중읍 현화리 323번지 1호,2011391024407500002,3910000,경기도 평택시 안중읍 안중믿음길 50-6,,2025-09-11,01,영업/정상,준대규모점포,2025-09-11,2026-09-10,031-686-5601
(주)농협유통 하나로마트 자갈치점,복합쇼핑몰,,384820.119269113,179460.841059128,2025-12-15 16:15:28,I,1,정상영업,2024-11-26 16:06:06,,2011-11-25,2715.58,600-046,부산광역시 중구 남포동6가 1번지,2011325008307500003,3250000,부산광역시 중구 구덕로 73 (남포동6가),,,01,영업/정상,준대규모점포,,,051-250-7700
롯데슈퍼 역삼2동점,구분없음,2021-11-16,203641.076839094,443854.896864211,2025-12-15 16:15:28,I,3,폐업처리,2025-03-18 10:07:16,,2011-11-24,177.7,,,2014322016207500003,3220000,서울특별시 강남구 역삼로 230 (역삼동),,,03,폐업,준대규모점포,,,02-3452-5601
금산수삼시장(주),그 밖의 대규모점포,,244855.420333218,288986.229095926,2026-05-06 22:48:23,I,1,정상영업,2014-11-13 10:19:43,,2011-11-22,4056.42,312-804,충청남도 금산군 금산읍 신대리 677번지 1호,2011455001007500002,4550000,충청남도 금산군 금산읍 인삼약초로 48-8,,,01,영업/정상,대규모점포,,,041-751-8555
롯데슈퍼 대림점,구분없음,,190721.417931753,444571.769293729,2026-05-11 22:40:06,U,1,정상영업,2026-02-13 09:40:30,,2011-11-22,1398.36,150-816,서울특별시 영등포구 대림3동 784번지,2011318016307500007,3180000,서울특별시 영등포구 대림로 251 (대림동),,,01,영업/정상,준대규모점포,,,02-831-4400
롯데슈퍼 썬프라자점,구분없음,2020-10-14,191800.728214995,443809.773854649,2026-05-11 22:40:06,I,3,폐업처리,2020-10-14 16:35:04,,2011-11-22,2796.71,150-071,서울특별시 영등포구 대림1동 909번지 2호,2011318016307500006,3180000,서울특별시 영등포구 신길로 41 (대림동),,,03,폐업,준대규모점포,,,02-834-5577
(주)지에스리테일 진주평거점,구분없음,,296568.70616118,186495.418965126,2025-12-15 16:15:28,I,1,정상영업,2025-04-23 14:00:19,,2011-11-18,1482,660-992,경상남도 진주시 평거동 204번지 1호,2011531014307500001,5310000,경상남도 진주시 순환로 546 (평거동),,,01,영업/정상,준대규모점포,,,055-743-7464
롯데쇼핑(주) 롯데슈퍼 화서2동점,대형마트,2016-09-28,199570.340199943,420083.741865284,2026-03-11 01:45:41,I,3,폐업처리,2016-09-28 11:21:03,,2011-11-18,549.4,,,2011374017307500009,3740000,경기도 수원시 팔달구 화양로 53 (화서동),,,03,폐업,준대규모점포,,,031-245-5606
롯데슈퍼 하동가맹점,그 밖의 대규모점포,2013-08-28,268274.286142261,174749.425183127,2026-04-01 22:03:20,I,3,폐업처리,2013-10-10 10:51:38,,2011-11-14,894.8,667-804,경상남도 하동군 하동읍 읍내리 244번지,2011544009807500001,5440000,경상남도 하동군 하동읍 시장1길 15,,,03,폐업,준대규모점포,,,
(주)신세계 의정부점,복합쇼핑몰,,204011.301931196,470564.015529834,2026-05-11 22:02:25,I,1,정상영업,2024-05-03 17:31:02,,2011-11-09,51672.88,480-852,경기도 의정부시 의정부2동 168번지 54호 외 7필지,2011382017907500001,3820000,경기도 의정부시 평화로 525 (의정부동),,,01,영업/정상,대규모점포,,,031-8082-1042
홈플러스 익스프레스 김해어방점,구분없음,2025-05-01,372991.9686119,195432.347859223,2025-12-15 16:15:28,I,3,폐업처리,2025-05-12 15:15:56,,2011-11-08,323.8,,경상남도 김해시 어방동 499 대우유토피아아파트상가 B102호,2024535033007500003,5350000,"경상남도 김해시 인제로 165, 대우유토피아아파트상가 B102호 (어방동)",50836,,03,폐업,준대규모점포,,,055-336-8545
(주)지에스리테일 잠실점,구분없음,,208187.623477261,445589.718583334,2025-12-15 16:15:28,I,1,정상영업,2016-02-03 18:14:33,,2011-11-08,959.73,,,2014323019807500009,3230000,서울특별시 송파구 올림픽로 203 (잠실동),,,01,영업/정상,준대규모점포,,,02-423-3774
(주)지에스리테일 송파2점,구분없음,,210432.726398095,444603.003663184,2025-12-15 16:15:28,I,1,정상영업,2025-06-10 10:12:28,,2011-11-08,505.07,,,2014323019807500008,3230000,서울특별시 송파구 오금로32길 32 (송파동),,,01,영업/정상,준대규모점포,,,02-413-2252
롯데쇼핑(주)롯데슈퍼평창진부점,복합쇼핑몰,,337498.910963726,460723.341252456,2026-05-27 03:03:03,U,1,정상영업,2026-05-26 15:11:54,,2011-11-04,654.25,232-948,강원특별자치도 평창군 진부면 하진부리 206번지 9호,2011428008307500001,4281000,강원특별자치도 평창군 진부면 진부시장뒷길 57-3,,,01,영업/정상,준대규모점포,,,033-335-5601
(주)지에스리테일 용인점,구분없음,,217932.238250672,414910.46176146,2026-04-01 22:14:02,I,1,정상영업,2025-04-17 15:06:15,,2011-11-02,1310.47,449-925,경기도 용인시 처인구 김량장동 254번지 1호,2011405028807500001,4050000,경기도 용인시 처인구 금령로55번길 12 (김량장동),,,01,영업/정상,준대규모점포,,,031-337-2033
홈플러스(주)익스프레스 삼전점,구분없음,2018-05-29,207869.041788408,444656.547305861,2025-12-15 16:15:28,I,3,폐업처리,2018-06-04 08:00:07,,2011-11-02,260,138-837,서울특별시 송파구 삼전동 9번지 19호,2013323019807500001,3230000,서울특별시 송파구 백제고분로 207 (삼전동),,,03,폐업,준대규모점포,2018-04-01,2019-01-15,02-3459-8000
홈플러스 익스프레스 신림점,구분없음,2020-03-05,194457.492960109,440910.563872941,2025-12-15 16:15:28,I,3,폐업처리,2020-03-09 09:41:24,,2011-11-02,156.1,151-858,서울특별시 관악구 대학동 240번지 4호,2011320019107500005,3200000,서울특별시 관악구 신림로 101 (신림동),,,03,폐업,준대규모점포,,,02-3285-8561
롯데슈퍼남해가맹점,대형마트,2022-01-18,281802.499814618,149613.256759402,2026-05-07 22:00:26,I,3,폐업처리,2022-01-18 17:48:28,,2011-10-31,812.5,668-803,경상남도 남해군 남해읍 북변리 284번지 27호,2011543008507500001,5430000,경상남도 남해군 남해읍 화전로96번가길 22,,,03,폐업,준대규모점포,,,
주식회사 홈플러스익스프레스 화서점,구분없음,,199618.343358284,419934.360506858,2026-07-10 21:48:10,U,1,정상영업,2026-07-09 13:10:28,,2011-10-31,334.3,442-150,경기도 수원시 팔달구 화서동 212번지,2011374017307500003,3740000,경기도 수원시 팔달구 화양로35번길 6 (화서동),,,01,영업/정상,준대규모점포,,,031-255-8543
주식회사 홈플러스익스프레스 매탄점,구분없음,,203603.161205028,417765.005936104,2026-07-10 21:48:10,U,1,정상영업,2026-07-09 13:08:50,,2011-10-31,235,443-370,경기도 수원시 영통구 매탄동 1352번지,2011374017307500002,3740000,경기도 수원시 영통구 효원로 363 (매탄동),,,01,영업/정상,준대규모점포,,,031-212-8543
롯데쇼핑(주)롯데슈퍼 진안점,쇼핑센터,,238156.629043304,254017.229923252,2025-12-15 16:15:28,I,1,정상영업,2014-07-02 13:30:46,,2011-10-28,780,567-871,전북특별자치도 진안군 진안읍 군하리 309번지 4호,2011473006107500002,4731000,전북특별자치도 진안군 진무로 1004-0,,,01,영업/정상,준대규모점포,,,
(주)지에스리테일부천범박점,구분없음,2017-04-10,183076.298021124,441190.134638801,2025-12-15 16:15:28,I,3,폐업처리,2017-04-10 14:40:52,,2011-10-28,861.86,422-804,경기도 부천시 소사구 범박동 16번지 12호 (16-21),2011386021207500007,3860000,"경기도 부천시 소사구 범안로 103 (범박동,(16-21))",,,03,폐업,준대규모점포,,,032-710-9501
롯데프리미엄아울렛파주점,복합쇼핑몰,,172931.265518853,468411.848859123,2026-05-02 22:04:32,U,1,정상영업,2026-02-20 17:08:32,,2011-10-26,36314,413-120,경기도 파주시 문발동 104번지 1호 외,2011406011007500001,4060000,경기도 회동길 390,,,01,영업/정상,대규모점포,,,
(주)이마트에브리데이 봉천동점,구분없음,,194770.417438694,442676.831360439,2025-12-15 16:15:28,I,1,정상영업,2024-07-31 11:05:05,,2011-10-26,414.86,151-826,서울특별시 관악구 은천동 937번지 6호 동영빌딩 1층,2011320019107500004,3200000,서울특별시 관악구 은천로 51 (봉천동),,,01,영업/정상,준대규모점포,,,02-3285-3651
(주)지에스리테일 송파가락점,구분없음,,211693.932828168,443503.427857478,2025-12-15 16:15:28,I,1,정상영업,2025-04-29 10:23:02,,2011-10-25,314.01,,,2014323019807500007,3230000,서울특별시 송파구 오금로46길 49 (가락동),,,01,영업/정상,준대규모점포,,,02-401-4600
(주)지에스리테일 잠실파크리오점,구분없음,,209314.259995755,446483.316079239,2025-12-15 16:15:28,I,1,정상영업,2025-04-29 10:33:59,,2011-10-25,617.57,,,2014323019807500005,3230000,"서울특별시 송파구 올림픽로 435 (신천동, 파크리오아파트)",,,01,영업/정상,준대규모점포,,,02-2135-3211
홈플러스익스프레스 송파2점,구분없음,2016-06-01,209522.43324123,444926.099764329,2025-12-15 16:15:28,I,3,폐업처리,2017-04-14 10:11:22,,2011-10-25,182,,,2014323019807500004,3230000,서울특별시 송파구 백제고분로 387 (송파동),,,03,폐업,준대규모점포,,,02-415-8545
(주)지에스리테일 방이점,구분없음,,210908.984532034,445042.920252223,2025-12-15 16:15:28,I,1,정상영업,2025-05-08 11:12:45,,2011-10-25,572.18,,,2014323019807500003,3230000,"서울특별시 송파구 오금로31가길 20 (방이동, 대림아파트)",,,01,영업/정상,준대규모점포,,,02-418-5853
롯데쇼핑(주) 롯데슈퍼 시흥정왕점,그 밖의 대규모점포,2019-06-30,177594.236362478,427201.94056199,2026-05-11 22:05:13,I,3,폐업처리,2019-07-30 11:25:27,,2011-10-24,100.7,,,2013401023907500001,4010000,경기도 시흥시 군서로46번길 8-1 (정왕동),,,03,폐업,준대규모점포,,,031-431-5601
(주)서원유통 탐마트 청도점,그 밖의 대규모점포,,358040.37973234,239478.769025543,2026-05-07 22:00:29,I,1,정상영업,2014-03-06 09:22:55,,2011-10-20,1054.62,714-803,경상북도 청도군 청도읍 고수8리 817번지 1호,2011519005807500002,5190000,경상북도 청도군 청도읍 고수동4길 7-11,,,01,영업/정상,준대규모점포,,,054-373-8223
롯데슈퍼 청도금천가맹점,그 밖의 대규모점포,2021-01-08,370810.921425777,245549.501196779,2026-05-07 22:00:29,I,3,폐업처리,2021-01-12 15:27:23,,2011-10-20,224.8,,경상북도 청도군 금천면 동곡리 400번지 1호,2011519005807500001,5190000,경상북도 청도군 금천면 금천로 83,38362,,03,폐업,준대규모점포,,,054-372-5454
은진산업 주식회사,전문점,2012-10-25,236952.108913322,326048.407872944,2025-12-15 16:15:28,I,3,폐업처리,2014-09-19 15:09:56,,2011-10-20,3602.71,306-230,대전광역시 대덕구 신일동 104번지 4호 외 6필지,2011368009207500002,3680000,,,2012-03-01,03,폐업,대규모점포,,,043-2694-4406
롯데쇼핑(주) 롯데슈퍼 내당점,복합쇼핑몰,,339846.030385296,263397.323073622,2026-05-06 22:35:25,U,2,휴업처리,2025-12-22 18:06:40,,2011-10-19,1115.8,703-752,대구광역시 서구 내당4동 308번지 11호 삼익뉴타운아파트 지하상가동,2012343006707500001,3430000,"대구광역시 서구 평리로 236 (내당동,삼익뉴타운아파트 지하상가동)",,,02,휴업,준대규모점포,2025-01-02,2025-12-27,
홈플러스 익스프레스 봉천점,구분없음,,195274.343265834,442663.498606503,2026-07-07 10:07:40,U,1,정상영업,2026-07-06 17:04:36,,2011-10-19,577.2,151-823,서울특별시 관악구 중앙동 463번지 4호 메카플러스 지하1층,2011320019107500003,3200000,서울특별시 관악구 양녕로 46 (봉천동),,,01,영업/정상,준대규모점포,,,02-872-8545
유한회사 롯데프레쉬연산가맹점,그 밖의 대규모점포,2025-07-30,143641.573690691,146123.371900147,2026-07-14 11:38:15,I,3,폐업처리,2025-07-30 09:22:41,,2011-10-18,888.2,530-370,전남광주통합특별시 목포시 연산동 346번지,2011480017707500001,5780000,전남광주통합특별시 목포시 산정로 287 (연산동),,,03,폐업,준대규모점포,,,061-272-2200
은진산업 주식회사,전문점,2012-10-22,,,2025-12-15 16:15:28,I,3,폐업처리,2014-10-20 11:51:51,,2011-10-18,7205.42,363-823,충청북도 청원군 현도면 우록리 579번지,2011368009207500003,3680000,,,,03,폐업,대규모점포,,,042-269-4406
롯데슈퍼 지저점,쇼핑센터,2021-12-15,347754.954655961,267380.602771824,2026-04-30 22:30:10,I,3,폐업처리,2021-12-15 14:56:21,,2011-10-18,595.2,701-853,대구광역시 동구 지저동 770번지 3호,2011342011107500006,3420000,대구광역시 동구 해동로 30 (지저동),,,03,폐업,준대규모점포,,,053-986-5601
롯데슈퍼 율하점,쇼핑센터,2022-10-01,353326.345101284,263851.357610807,2026-04-30 22:30:10,I,3,폐업처리,2022-09-30 17:06:00,,2011-10-18,560.7,701-847,대구광역시 동구 율하동 1431번지,2011342011107500004,3420000,대구광역시 동구 안심로22길 60-1 (율하동),,,03,폐업,준대규모점포,,,053-965-5602
롯데쇼핑(주)롯데슈퍼함양점,복합쇼핑몰,2025-04-28,266225.364892468,224872.16641259,2026-05-06 22:00:52,I,3,폐업처리,2025-05-15 18:25:47,,2011-10-17,716.1,676-801,경상남도 함양군 함양읍 교산리 167번지 2호,2011546007107500001,5460000,경상남도 함양군 함양읍 고운로 85,,,03,폐업,준대규모점포,,,055-962-5602
코스트코 홀세일 광명점,대형마트,,189878.788781586,435405.631407888,2025-12-15 16:15:28,I,1,정상영업,2017-12-13 09:21:35,,2011-10-17,13736.11,423-090,경기도 광명시 일직동 163번지 3호,2011390014007500002,3900000,"경기도 광명시 일직로 40 (일직동, costco 광명점)",,,01,영업/정상,대규모점포,,,02-2083-3723
홈플러스(주)익스프레스 부천오정점,구분없음,,181035.428057858,447474.658169397,2026-07-08 21:18:10,U,1,정상영업,2026-07-07 17:57:33,,2011-10-17,298.8,421-815,경기도 부천시 오정구 오정동 543번지 1호,2011386021207500006,3860000,경기도 부천시 오정구 오정로 246 (오정동),,,01,영업/정상,준대규모점포,,,032-671-8517
(주)홈플러스익스프레스 부천중동3점,구분없음,,179285.803731872,443417.055705567,2026-07-30 21:18:10,U,1,정상영업,2026-07-29 09:33:01,,2011-10-17,369.9,420-844,경기도 부천시 원미구 중동 771번지,2011386021207500005,3860000,경기도 부천시 원미구 중동로 143 (중동),,,01,영업/정상,준대규모점포,,,
구룡포농협 하나로마트,그 밖의 대규모점포,,430295.005555083,279678.580550198,2026-05-07 22:37:45,I,1,정상영업,2011-11-22 11:19:18,,2011-10-13,243,790-801,경상북도 포항시 남구 구룡포읍 구룡포리 963번지 1호 외 1필지,2011502018807500012,5020000,경상북도 포항시 남구 구룡포읍 구룡포길 76-6,,,01,영업/정상,준대규모점포,,,054-284-6311
포항농협 하나로마트 동부점,그 밖의 대규모점포,,413493.283351384,284112.345238894,2026-05-07 22:37:45,I,1,정상영업,2011-10-13 18:17:14,,2011-10-13,983.6,791-050,경상북도 포항시 북구 죽도동 580번지 4호,2011502018807500011,5020000,경상북도 포항시 북구 죽도시장14길 15 (죽도동),,,01,영업/정상,준대규모점포,,,054-242-1599
롯데쇼핑(주)롯데슈퍼범박점,구분없음,2019-10-31,183101.183792573,441023.216686997,2025-12-15 16:15:28,I,3,폐업처리,2024-12-09 17:04:02,,2011-10-13,771.1,422-804,경기도 부천시 소사구 범박동 155번지 2호,2011386021207500003,3860000,경기도 부천시 소사구 범안로 117 (범박동),,,03,폐업,준대규모점포,,,02-2290-5853
롯데쇼핑(주)롯데슈퍼삼정점,대형마트,2014-09-17,179579.387007376,445983.423727011,2025-12-15 16:15:28,I,3,폐업처리,2014-09-29 17:33:48,,2011-10-13,98,421-810,경기도 부천시 오정구 삼정동 293번지 14호,2011386021207500002,3860000,경기도 부천시 오정구 중동로 403 (삼정동),,,03,폐업,준대규모점포,,,02-2290-5853
(주)서원유통 탑마트 포항죽도점,복합쇼핑몰,,413559.386364107,283993.228360425,2026-05-07 22:37:45,I,1,정상영업,2025-05-08 10:20:38,,2011-10-10,1296.8,791-818,경상북도 포항시 북구 죽도동 20번지 113호 외 2필지,2011502018807500010,5020000,경상북도 포항시 북구 죽도로 90 (죽도동),,,01,영업/정상,준대규모점포,,,054-281-4800
(주)서원유통 탑마트 포항역점,구분없음,2014-09-22,412697.590205708,284180.95023384,2026-05-07 22:37:45,I,3,폐업처리,2017-12-08 17:36:19,,2011-10-10,1604.07,791-030,경상북도 포항시 북구 대흥동 618번지 20호 외 11필지,2011502018807500009,5020000,"경상북도 포항시 북구 용당로 85 (대흥동,외 11필지)",,,03,폐업,준대규모점포,,,054-272-6543
(주)서원유통 탑마트 포항두호점,구분없음,2017-08-26,413551.286504066,287007.374250808,2026-05-07 22:37:45,I,3,폐업처리,2017-08-29 18:07:39,,2011-10-10,599.16,791-803,경상북도 포항시 북구 두호동 990번지 20호,2011502018807500008,5020000,경상북도 포항시 북구 새천년대로 1026 (두호동),,,03,폐업,준대규모점포,,,054-242-8400
(주)이마트에브리데이 방촌동점,쇼핑센터,,350282.049754039,265973.967993354,2026-04-30 22:30:10,I,1,정상영업,2024-07-30 16:06:44,,2011-10-10,1466.29,701-801,대구광역시 동구 방촌동 907번지 7호,2011342011107500003,3420000,대구광역시 동구 동촌로45길 5 (방촌동),,,01,영업/정상,준대규모점포,,,053-985-8661
서포항농협 하나로마트 기동점,그 밖의 대규모점포,,399008.808242152,287719.990484795,2026-05-07 22:37:45,I,1,정상영업,2011-10-07 13:30:49,,2011-10-07,260,791-824,경상북도 포항시 북구 기계면 현내리 473번지 1호,2011502018807500007,5020000,경상북도 포항시 북구 기계면 기계로57번길 6,,,01,영업/정상,준대규모점포,,,054-243-2012
신포항농협 하나로마트,그 밖의 대규모점포,,410309.526823599,302183.389920008,2026-05-07 22:37:45,I,1,정상영업,2011-10-07 13:27:23,,2011-10-07,330,791-921,경상북도 포항시 북구 청하면 미남리 385번지 2호,2011502018807500006,5020000,경상북도 포항시 북구 청하면 청하로 203,,,01,영업/정상,준대규모점포,,,054-232-4172
롯데쇼핑(주)롯데슈퍼둔촌점,대형마트,2014-05-31,212334.69890736,447728.865137096,2026-05-06 22:47:36,I,3,폐업처리,2014-06-16 08:05:17,,2011-10-07,1128,134-061,서울특별시 강동구 둔촌1동 444번지,2011324013907500015,3240000,서울특별시 강동구 풍성로63길 84 (둔촌동),,,03,폐업,준대규모점포,,,02-474-5601
롯데쇼핑㈜롯데슈퍼길동점,구분없음,,211983.181564983,448483.889140704,2026-05-06 22:47:35,U,1,정상영업,2026-04-24 16:34:16,,2011-10-07,282.65,134-813,서울특별시 강동구 길동 384번지 1호,2011324013907500014,3240000,서울특별시 강동구 성안로 176 (길동),,,01,영업/정상,준대규모점포,,,22905853
롯데쇼핑㈜롯데슈퍼강동점,구분없음,2017-12-13,211532.353686299,448182.588454494,2026-05-06 22:47:35,I,3,폐업처리,2017-12-29 08:55:55,,2011-10-07,196.39,134-031,서울특별시 강동구 성내1동 164번지 1호,2011324013907500013,3240000,서울특별시 강동구 천호대로 1078 (성내동),,,03,폐업,준대규모점포,,,02-485-5607
(주)농협유통 하나로마트 성내점,구분없음,,210566.875626134,447402.629676369,2026-05-06 22:47:35,I,1,정상영업,2024-09-25 09:34:52,,2011-10-07,1649.43,134-031,서울특별시 강동구 성내1동 451번지,2011324013907500012,3240000,서울특별시 강동구 올림픽로 528 (성내동),,,01,영업/정상,준대규모점포,,,02-2224-8971
(주)농협유통 하나로마트 둔촌점,구분없음,2017-11-07,211979.520569314,446932.653730601,2026-05-06 22:47:35,I,3,폐업처리,2017-11-07 19:17:52,,2011-10-07,1103.74,134-771,서울특별시 강동구 둔촌동 172번지 1호 둔촌종합상가 지하1층,2011324013907500011,3240000,"서울특별시 강동구 양재대로 1330, 지하1층 (둔촌동, 둔촌종합상가)",,,03,폐업,준대규모점포,,,
홈플러스(주)익스프레스 길동점,구분없음,,212349.37381605,448466.105629578,2026-08-07 22:18:15,U,1,정상영업,2026-08-06 08:55:25,,2011-10-07,252.4,134-010,서울특별시 강동구 길동 391번지 2호,2011324013907500010,3240000,서울특별시 강동구 양재대로 1486 (길동),,,01,영업/정상,준대규모점포,,,02-3459-8000
롯데쇼핑(주)롯데슈퍼 상봉점,그 밖의 대규모점포,2021-03-31,206740.95977172,454517.575326381,2025-12-15 16:15:28,I,3,폐업처리,2021-06-08 20:27:06,,2011-10-07,427.5,131-222,서울특별시 중랑구 상봉2동 129번지 9호,2011306009507500005,3060000,서울특별시 중랑구 망우로32길 23 (상봉동),,,03,폐업,준대규모점포,,,02-434-5602
롯데쇼핑(주)롯데슈퍼신당점,구분없음,2024-08-04,200618.474033157,449687.143213423,2026-03-26 22:48:22,I,3,폐업처리,2024-08-14 17:31:38,,2011-10-07,648.4,,,2011301010007500002,3010000,"서울특별시 중구 다산로 56, 제지2층 제비203호 (신당동, 남산정은스카이아파트)",04597,,03,폐업,준대규모점포,,,02-2290-5853
중학아케이드,그 밖의 대규모점포,2014-09-01,,,2026-05-06 22:48:29,I,3,폐업처리,2014-09-15 15:23:18,,2011-10-07,7486,110-150,서울특별시 종로구 중학동 62번지 외 66필지,2011300012907500002,3000000,,,,03,폐업,대규모점포,,,
(주)지에스리테일부천약대점,구분없음,,179738.276762878,445738.07019903,2025-12-15 16:15:28,I,1,정상영업,2025-04-17 15:18:44,,2011-10-06,447.05,420-140,경기도 부천시 원미구 약대동 122번지,2011386021207500001,3860000,경기도 부천시 원미구 수도로 48 (약대동),,,01,영업/정상,준대규모점포,,,032-710-2500
롯데쇼핑(주)롯데슈퍼명동점,그 밖의 대규모점포,2023-04-20,198364.631775078,450975.950410804,2026-03-26 22:48:22,I,3,폐업처리,2023-04-24 13:05:24,,2011-10-06,107.8,100-011,서울특별시 중구 충무로1가 25번지 8호,2011301010007500003,3010000,서울특별시 중구 명동8나길 47 (충무로1가),,,03,폐업,준대규모점포,2015-05-30,2015-08-14,02-778-5603
(주)에브리데이주안동점,그 밖의 대규모점포,2012-09-07,172489.409517819,439631.056179383,2026-03-26 22:48:22,I,3,폐업처리,2012-09-07 17:30:08,,2011-10-05,1416.22,402-848,"인천광역시 남구 주안6동 956번지 1호 주안태흥프라자 지하1-01호, 02호",2011351009207500006,3510500,인천광역시 남구 경원대로 848 (주안동),,,03,폐업,준대규모점포,,,032-424-3655
롯데쇼핑(주)롯데슈퍼 인하대점,그 밖의 대규모점포,,169860.034040713,438759.181290214,2026-03-26 22:48:22,I,1,정상영업,2022-04-29 13:04:33,,2011-10-05,165,402-820,"인천광역시 남구 용현1,4동 92번지 17호",2011351009207500005,3510500,인천광역시 남구 인하로 107 (용현동),,,01,영업/정상,준대규모점포,,,
롯데쇼핑(주)롯데슈퍼화곡점,구분없음,,186366.013413728,447719.836723478,2026-04-18 03:03:03,U,1,정상영업,2026-04-17 11:32:33,,2011-10-05,162.4,157-881,서울특별시 강서구 화곡1동 343번지 52호,2011315012307500008,3150000,서울특별시 강서구 강서로 43 (화곡동),,,01,영업/정상,준대규모점포,,,02-2605-5602
롯데쇼핑(주)롯데슈퍼화곡3동점,구분없음,,185725.161390724,448911.264785071,2025-12-15 16:15:28,I,1,정상영업,2025-08-25 09:40:14,,2011-10-05,117,157-922,서울특별시 강서구 화곡3동 1051번지 27호,2011315012307500007,3150000,서울특별시 강서구 강서로 179 (화곡동),,,01,영업/정상,준대규모점포,,,02-2691-5601
홈플러스(주)익스프레스 구의점,구분없음,2020-07-19,207400.608063491,448930.683211743,2025-12-15 16:15:28,I,3,폐업처리,2022-09-28 15:13:19,,2011-10-05,194.7,143-824,서울특별시 광진구 구의1동 236번지 53호,2011304015507500005,3040000,서울특별시 광진구 자양로 168 (구의동),,,03,폐업,준대규모점포,,,02-2201-8547
홈플러스익스프레스 중곡2점,구분없음,,207778.71422042,450256.437261231,2025-12-15 16:15:28,I,1,정상영업,2022-09-28 15:13:40,,2011-10-05,235.8,143-888,서울특별시 광진구 중곡4동 93번지 2호,2011304015507500004,3040000,서울특별시 광진구 용마산로 10 (중곡동),,,01,영업/정상,준대규모점포,,,02-3437-8546
롯데쇼핑(주) 롯데슈퍼 포천일동점,그 밖의 대규모점포,,227973.976182363,495167.132130244,2026-04-01 22:05:15,I,1,정상영업,2025-05-12 10:33:35,,2011-10-04,716.03,487-851,경기도 포천시 일동면 기산리 82번지 35호,2011560008907500002,5600000,경기도 포천시 일동면 화동로 1072,,,01,영업/정상,준대규모점포,,,031-533-5601
(주)이마트에브리데이 비산동점,구분없음,2024-10-04,194913.852143438,432525.45562329,2025-12-15 16:15:28,I,3,폐업처리,2024-10-08 09:15:21,,2011-10-04,797.47,431-816,경기도 안양시 동안구 부흥동 1102번지 관악타운 종합상가 제1동 제지하층 제1호,2011383018607500002,3830000,"경기도 안양시 동안구 학의로 20, 1동 지하층 제1호 (비산동, 관악타운 종합상가 )",,,03,폐업,준대규모점포,,,031-382-1509
(주)이마트에브리데이 상도동점,그 밖의 대규모점포,,194963.274671696,444866.845573417,2026-05-03 22:37:50,I,1,정상영업,2024-05-16 11:32:11,,2011-10-04,280,156-030,서울특별시 동작구 상도동 527번지,2011319012807500007,3190000,서울특별시 동작구 상도로31길 19 (상도동),,,01,영업/정상,준대규모점포,,,02-823-3651
(주)이마트에브리데이 이수점,복합쇼핑몰,,198202.472533419,442471.241038085,2026-05-03 22:37:50,I,1,정상영업,2024-08-01 16:45:23,,2011-10-04,2355,,서울특별시 동작구 사당동 147번지 29호 이수자이,2011319012807500006,3190000,"서울특별시 동작구 사당로 300 (사당동, 이수자이)",07013,,01,영업/정상,준대규모점포,,,02-380-5042
(주)이마트에브리데이 대방동점,복합쇼핑몰,,193699.189949205,444190.844599349,2026-05-03 22:37:50,I,1,정상영업,2024-07-31 11:28:40,,2011-10-04,331.34,156-020,서울특별시 동작구 대방동 335번지 17호,2011319012807500005,3190000,서울특별시 동작구 상도로 81 (대방동),,,01,영업/정상,준대규모점포,,,02-841-3561
롯데쇼핑(주) 롯데슈퍼 상도3동점,복합쇼핑몰,2018-10-25,194250.710026163,444556.425220128,2026-05-03 22:37:50,I,3,폐업처리,2018-10-25 16:33:02,,2011-10-04,530,156-030,서울특별시 동작구 상도동 188번지 14호,2011319012807500004,3190000,서울특별시 동작구 상도로 147 (상도동),,,03,폐업,준대규모점포,,,02-812-5601
롯데쇼핑(주)롯데슈퍼개화산점,구분없음,,182944.731406147,452207.427296372,2026-04-24 22:18:20,U,1,정상영업,2026-04-22 09:17:50,,2011-10-04,735.3,157-850,서울특별시 강서구 방화2동 533번지 9호,2011315012307500006,3150000,서울특별시 양천로6길 15,,,01,영업/정상,준대규모점포,,,02-2664-5606
(주)지에스리테일GS수퍼 광진화양점,구분없음,,206107.775163579,449029.342177779,2025-12-15 16:15:28,I,1,정상영업,2025-04-14 13:39:19,,2011-10-04,1162,143-914,서울특별시 광진구 화양동 10번지 1호,2011304015507500003,3040000,서울특별시 광진구 능동로13길 39 (화양동),,,01,영업/정상,준대규모점포,,,02-469-1333
홈플러스(주)익스프레스 성수점,구분없음,2012-05-04,204271.515183693,448744.245842924,2026-05-07 22:31:41,I,3,폐업처리,2018-11-27 16:46:08,,2011-10-04,99,133-819,서울특별시 성동구 성수1가1동 72번지 91호,2011303010307500001,3030000,서울특별시 성동구 뚝섬로 345 (성수동1가),,,03,폐업,준대규모점포,,,
주식회사 홈플러스익스프레스 신길2점,구분없음,,192712.769279545,445770.103022217,2026-08-12 22:18:10,U,1,정상영업,2026-08-11 13:12:23,,2011-10-02,248.2,150-050,서울특별시 영등포구 신길동 101번지 7호,2011318016307500005,3180000,서울특별시 영등포구 영등포로 364 (신길동),,,01,영업/정상,준대규모점포,,,
홈플러스(주) 익스프레스 양평점,대형마트,2014-05-08,189785.752470051,446796.882113561,2026-05-11 22:40:06,I,3,폐업처리,2014-05-09 11:40:06,,2011-10-02,245.5,150-102,서울특별시 영등포구 양평동2가 29번지 23호,2011318016307500004,3180000,서울특별시 영등포구 영등포로 33 (양평동2가),,,03,폐업,준대규모점포,,,36678546
주식회사 홈플러스익스프레스 신길3점,구분없음,,191936.254364904,444885.168731883,2026-08-12 22:18:10,U,1,정상영업,2026-08-11 13:05:26,,2011-10-02,396.3,150-847,서울특별시 영등포구 신길3동 259번지 4호,2011318016307500003,3180000,서울특별시 영등포구 가마산로69가길 12 (신길동),,,01,영업/정상,준대규모점포,,,02-832-8546
홈플러스익스프레스 창원남양점,구분없음,,354886.357417343,191364.363381491,2026-06-30 03:03:03,U,1,정상영업,2026-06-29 10:14:15,,2011-09-30,240.4,,경상남도 창원시 성산구 남양동 24번지 피오르빌아파트상가 지하1층,2011567024107500021,5670000,"경상남도 창원시 성산구 대정로 80, 지하1층 (남양동, 피오르빌아파트상가)",51482,,01,영업/정상,준대규모점포,,,055-289-8546
(주)서원유통 탑마트 뉴창원점,복합쇼핑몰,,346397.156571353,196542.664422481,2026-04-30 22:00:15,I,1,정상영업,2025-05-08 11:21:59,,2011-09-30,874,,경상남도 창원시 의창구 팔용동 164-13,2011567024107500018,5670000,경상남도 창원시 의창구 사화로17번길 3(팔용동),51375,,01,영업/정상,준대규모점포,,,055-299-1991
롯데쇼핑(주)롯데슈퍼 포항점,복합쇼핑몰,2026-04-13,412221.390119272,282671.390844499,2026-05-07 22:37:44,U,3,폐업처리,2026-04-29 13:07:24,,2011-09-30,1785,,경상북도 포항시 북구 죽도동 641번지 1호 외 8필지,2011502018807500005,5020000,경상북도 포항시 북구 포스코대로 277 (죽도동),37754,,03,폐업,준대규모점포,2025-06-05,2026-06-04,054-276-5602
롯데프레시 대구칠곡가맹점,그 밖의 대규모점포,2023-02-28,340486.873110598,271332.920191127,2026-05-03 22:36:12,I,3,폐업처리,2023-03-02 08:46:34,,2011-09-30,357.2,702-250,대구광역시 북구 동천동 876번지 5호,2012345009907500003,3450000,대구광역시 북구 동천로 5-7 (동천동),,,03,폐업,준대규모점포,,,053-323-5607
롯데쇼핑(주)롯데슈퍼 복현점,구분없음,,345790.118385766,267617.116875016,2026-05-03 22:36:12,U,1,정상영업,2026-04-22 13:08:23,,2011-09-30,1082.3,702-022,대구광역시 북구 복현2동 539번지 123호,2012345009907500002,3450000,대구광역시 북구 검단로 8 (복현동),,,01,영업/정상,준대규모점포,,,053-381-5602
롯데쇼핑(주)롯데슈퍼동천점,그 밖의 대규모점포,2018-06-08,340547.780848207,271944.939697366,2026-05-03 22:36:11,I,3,폐업처리,2018-06-11 16:41:52,,2011-09-30,764.6,702-250,대구광역시 북구 동천동 927번지,2012345009907500001,3450000,대구광역시 북구 대천로17길 5 (동천동),,,03,폐업,준대규모점포,,,053-312-5602
(주)서원유통 탑마트 마산석전점,그 밖의 대규모점포,,343435.097356108,193337.905151911,2026-04-30 22:00:15,I,1,정상영업,2025-05-01 13:15:47,,2011-09-29,910.97,630-805,경상남도 창원시 마산회원구 석전1동 259번지 4호,2011567024107500019,5670000,경상남도 창원시 마산회원구 양덕옛2길 13 (석전동),,,01,영업/정상,준대규모점포,,,055-255-3223
(주)서원유통 탑마트 마산어시장점,그 밖의 대규모점포,2012-10-31,343324.514841371,190269.963139943,2026-04-30 22:00:15,I,3,폐업처리,2012-11-01 09:48:10,,2011-09-28,998.38,631-442,경상남도 창원시 마산합포구 신포동2가 27번지 8호,2011567024107500017,5670000,경상남도 창원시 마산합포구 어시장1길 22 (신포동2가),,,03,폐업,준대규모점포,,,055-245-3124
(주)서원유통 탑마트 마산점,그 밖의 대규모점포,,343880.183849584,190702.50942653,2026-04-30 22:00:15,I,1,정상영업,2025-05-01 13:53:34,,2011-09-28,1566,631-859,경상남도 창원시 마산합포구 오동동 18번지 61호 기산프라자,2011567024107500016,5670000,"경상남도 창원시 마산합포구 오동동14길 29 (오동동,기산프라자)",,,01,영업/정상,준대규모점포,,,055-222-8944
(주)서원유통 탑마트 마산호계점,그 밖의 대규모점포,,338421.757901572,196551.121147378,2026-04-30 22:00:15,I,1,정상영업,2025-05-01 13:16:17,,2011-09-28,948,,경상남도 창원시 마산회원구 내서읍 호계리 385번지 2호 외 1필지,2011567024107500015,5670000,경상남도 창원시 마산회원구 내서읍 호계안길 97,51215,,01,영업/정상,준대규모점포,,,055-231-0031
탑마트 창원반지점,그 밖의 대규모점포,,351929.36688523,195209.158068687,2026-04-30 22:00:15,I,1,정상영업,2025-04-28 09:42:10,,2011-09-28,1368.84,,경상남도 창원시 성산구 반지동 23 대동아파트,2011567024107500014,5670000,"경상남도 창원시 성산구 창원천로 288, 대동그린코아상가 (반지동)",51423,,01,영업/정상,준대규모점포,,,055-276-8600
홈플러스테스코(주)울산북구점,대형마트,,412349.300490111,239222.450142668,2026-05-06 22:48:25,I,4,직권취소,2023-11-10 11:17:57,,2011-09-28,0,,울산광역시 북구 상안동 322번지 9호,1998372007007500001,3720000,울산광역시 북구 신답로 26 (상안동),,,04,취소/말소/만료/정지/중지,대규모점포,,,
(주)서원유통 탑마트 반송점,구분없음,,395714.790504686,194386.451574466,2026-05-10 22:54:14,I,1,정상영업,2025-05-20 17:44:51,,2011-09-28,1255,612-806,부산광역시 해운대구 반송3동 278번지 1호,2011333010307500007,3330000,부산광역시 해운대구 윗반송로 8 (반송동),,,01,영업/정상,준대규모점포,,,051-545-3200
(주)서원유통 탑마트 해운대점,구분없음,,397738.771338927,187669.399370135,2026-05-10 22:54:13,I,1,정상영업,2025-05-20 17:45:20,,2011-09-28,1241,612-011,부산광역시 해운대구 중1동 301번지 1호,2011333010307500006,3330000,부산광역시 해운대구 좌동로 38 (중동),,,01,영업/정상,준대규모점포,,,051-704-9009
(주)서원유통 탑마트 사직점,구분없음,,387382.80631291,190792.095628039,2025-12-15 16:15:28,I,1,정상영업,2025-05-02 17:36:45,,2011-09-28,553.12,607-766,부산광역시 동래구 사직2동 28번지 9호,2011330007907500005,3300000,부산광역시 동래구 사직북로33번길 34 (사직동),,,01,영업/정상,준대규모점포,,,051-501-5810
(주)서원유통 탑마트 온천점,구분없음,2025-10-22,388076.155285291,191335.618126583,2025-12-15 16:15:28,U,3,폐업처리,2025-10-22 20:56:37,,2011-09-28,791.93,607-839,부산광역시 동래구 온천3동 1250번지 1호,2011330007907500004,3300000,부산광역시 동래구 아시아드대로 215 (온천동),,,03,폐업,준대규모점포,,,051-504-8100
(주)농협유통 하나로마트 사직점,구분없음,,387327.322631986,190681.018919181,2025-12-15 16:15:28,I,1,정상영업,2024-11-28 14:01:44,,2011-09-28,627.98,,부산광역시 동래구 사직동 43-9,2011330007907500003,3300000,부산광역시 동래구 사직로70번길 56(사직동),47864,,01,영업/정상,준대규모점포,,,051-506-4100
롯데쇼핑(주)롯데슈퍼독산점,구분없음,2021-02-16,190901.481378795,441536.391463324,2026-05-07 22:30:13,I,3,폐업처리,2021-02-18 13:43:13,,2011-09-28,175.6,153-011,서울특별시 금천구 독산1동 145번지 8호,2011317014207500001,3170000,서울특별시 금천구 시흥대로 473 (독산동),,,03,폐업,준대규모점포,,,22925853
롯데쇼핑(주)롯데슈퍼상남점,구분없음,,353991.929834837,192136.233221503,2026-04-30 22:00:15,U,1,정상영업,2026-04-16 11:33:08,,2011-09-27,1693,642-829,경상남도 창원시 성산구 상남동 45번지 1호 스카이웰빙파크,2011567024107500012,5670000,"경상남도 창원시 성산구 동산로 122-0 (상남동, 스카이웰빙파크)",,,01,영업/정상,준대규모점포,,,055-267-5601
(주)이마트에브리데이 형곡동점,그 밖의 대규모점포,,320332.482703667,291158.238362821,2025-12-15 16:15:28,I,1,정상영업,2021-05-14 09:25:32,,2011-09-27,1595,730-927,경상북도 구미시 형곡1동 143번지 19호 외 2필지,2011508013307500004,5080000,"경상북도 구미시 경은로 88 (형곡동, 20,21)",,,01,영업/정상,준대규모점포,,,054-452-7007
롯데슈퍼암사가맹점,대형마트,2012-03-22,211466.885452018,450264.276387605,2026-05-06 22:47:35,I,3,폐업처리,2012-03-26 16:00:26,,2011-09-27,369,134-857,서울특별시 강동구 암사1동 461번지 외6필지,2011324013907500009,3240000,,,,03,폐업,준대규모점포,,,
(주)이마트에브리데이 명일동점,구분없음,2026-08-20,213048.692179757,450124.105734971,2026-09-08 22:20:50,U,3,폐업처리,2026-09-07 10:24:28,,2011-09-27,1056.33,,서울특별시 강동구 명일동 15 삼익그린맨션,2011324013907500008,3240000,"서울특별시 강동구 명일로 375, 삼익그린맨션 지하1층 (명일동)",05267,,03,폐업,준대규모점포,,,
홈플러스(주) 익스프레스 성내점,대형마트,,211185.497701374,447670.852055872,2026-08-07 22:18:15,U,1,정상영업,2026-08-06 08:57:40,,2011-09-27,189.1,134-850,서울특별시 강동구 성내1동 521번지,2011324013907500007,3240000,서울특별시 강동구 풍성로 138 (성내동),,,01,영업/정상,준대규모점포,,,
홈플러스(주) 익스프레스 암사점,구분없음,,211868.244314608,450020.355211693,2026-08-07 22:18:15,U,1,정상영업,2026-08-06 08:57:26,,2011-09-27,324,134-857,서울특별시 강동구 암사1동 473번지 3호,2011324013907500006,3240000,서울특별시 강동구 고덕로24길 50 (암사동),,,01,영업/정상,준대규모점포,,,
(주)지에스리테일 암사캐슬점,구분없음,,212334.9584644,450346.790651613,2026-05-06 22:47:34,I,1,정상영업,2025-06-06 12:10:33,,2011-09-27,1127.88,134-716,서울특별시 강동구 암사3동 414번지 18호 강동롯데캐슬퍼스트아파트,2011324013907500005,3240000,서울특별시 강동구 고덕로 133 (암사동),,,01,영업/정상,준대규모점포,,,69332502
(주)지에스리테일 암사점,구분없음,2017-03-19,211856.46923171,449540.660436957,2026-05-06 22:47:34,I,3,폐업처리,2017-03-21 15:35:12,,2011-09-27,585.01,134-859,서울특별시 강동구 암사1동 488번지 21호,2011324013907500004,3240000,서울특별시 강동구 구천면로 317 (암사동),,,03,폐업,준대규모점포,,,
(주)지에스리테일 주양점,구분없음,2017-03-29,213493.90717524,450038.847319845,2026-05-06 22:47:34,I,3,폐업처리,2017-03-29 15:49:30,,2011-09-27,1111.79,134-832,서울특별시 강동구 명일동 48번지 지하1층,2011324013907500003,3240000,"서울특별시 강동구 고덕로62길 55, 지하1층 (명일동)",,,03,폐업,준대규모점포,,,
(주)지에스리테일 명일점,구분없음,,212676.162193508,449910.881572138,2026-05-06 22:47:34,I,1,정상영업,2025-06-09 14:57:27,,2011-09-27,1494.61,134-830,서울특별시 강동구 명일1동 312번지 99호,2011324013907500002,3240000,서울특별시 강동구 양재대로 1630 (명일동),,,01,영업/정상,준대규모점포,,,
(주)지에스리테일 둔촌점,구분없음,2017-10-12,211979.520569314,446932.653730601,2026-05-06 22:47:34,I,3,폐업처리,2018-03-26 08:46:26,,2011-09-27,1153.33,134-819,서울특별시 강동구 둔촌1동 172번지 1호,2011324013907500001,3240000,서울특별시 강동구 양재대로 1330 (둔촌동),,,03,폐업,준대규모점포,,,
롯데쇼핑(주)롯데슈퍼형곡점,그 밖의 대규모점포,2020-03-09,320147.221331596,290613.237041108,2025-12-15 16:15:28,I,3,폐업처리,2020-03-10 16:53:47,,2011-09-26,957.45,730-929,"경상북도 구미시 형곡2동 252번지 ,252-1",2011508013307500003,5080000,경상북도 구미시 형곡서로 74 (형곡동),,,03,폐업,준대규모점포,,,054-451-5603
코스트코 홀세일 울산점,대형마트,,413746.941446528,233371.380234952,2026-05-06 22:48:27,I,1,정상영업,2015-12-07 16:47:03,,2011-09-26,12588.13,683-350,울산광역시 북구 진장동 283번지 3호,2011372011607500001,3720000,,,,01,영업/정상,대규모점포,,,02-2630-1234
홈플러스 인천숭의점,대형마트,,,,2026-03-26 22:48:22,I,1,정상영업,2021-06-04 16:19:01,,2011-09-26,19460.55,402-010,인천광역시 남구 숭의동 393번지 3호,2011351009207500004,3510500,인천광역시 남구 석정로 51 (숭의동),,,01,영업/정상,대규모점포,,,032-719-2000
(주)에브리데이리테일 창동점,구분없음,,203027.627111443,460124.418353378,2025-12-15 16:15:28,I,1,정상영업,2014-09-25 13:41:44,,2011-09-26,1095.47,132-042,서울특별시 도봉구 창2동 628번지 20호,2011309013407500001,3090000,서울특별시 도봉구 도봉로104길 53 (창동),,,01,영업/정상,준대규모점포,,,
홈플러스(주) 익스프레스 이문점,그 밖의 대규모점포,2014-08-28,205403.77766039,455220.257356121,2025-12-15 16:15:28,I,3,폐업처리,2014-08-29 09:23:48,,2011-09-26,410.9,130-081,서울특별시 동대문구 이문1동 258번지 24호,2011305014007500005,3050000,서울특별시 동대문구 이문로 144 (이문동),,,03,폐업,준대규모점포,,,
이마트에브리데이 답십리점,구분없음,,204638.486386691,451699.765836365,2025-12-15 16:15:28,I,1,정상영업,2024-07-23 15:23:57,,2011-09-26,967.51,130-031,서울특별시 동대문구 답십리1동 530번지 11호  외1필지 지층1호~13호,2011305014007500004,3050000,서울특별시 동대문구 고미술로 49 (답십리동),,,01,영업/정상,준대규모점포,,,02-2246-7292
롯데쇼핑(주)롯데슈퍼서상점,복합쇼핑몰,2017-11-15,347160.254548975,197200.75106049,2026-04-30 22:00:15,I,3,폐업처리,2017-11-15 17:36:42,,2011-09-23,982,641-500,경상남도 창원시 의창구 서상동 349번지 1호,2011567024107500013,5670000,경상남도 창원시 의창구 서상로 46 (서상동),,,03,폐업,준대규모점포,,,055-256-5601
롯데쇼핑(주)롯데슈퍼분당서현점,구분없음,,211634.947468641,430700.43371996,2026-04-24 21:48:23,U,1,정상영업,2026-04-22 16:33:20,,2011-09-23,915.7,463-050,경기도 성남시 분당구 서현동 94번지 3호 우성종합상가  49동 지층2호호,2011378019307500006,3780000,"경기도 성남시 분당구 중앙공원로40번길 42, 49동 지층2호호 (서현동,우성종합상가)",,,01,영업/정상,준대규모점포,,,
롯데쇼핑(주)롯데슈퍼수진점(Mareket999),구분없음,,211397.775782995,436910.315190825,2025-12-15 16:15:28,I,1,정상영업,2017-04-14 16:59:40,,2011-09-23,96.9,461-182,경기도 성남시 수정구 수진2동 4518번지,2011378019307500005,3780000,,,,01,영업/정상,준대규모점포,,,031-752-5601
롯데쇼핑(주)롯데슈퍼모란점,구분없음,2019-12-09,211335.395913077,436495.735614396,2025-12-15 16:15:28,I,3,폐업처리,2019-12-11 15:54:27,,2011-09-23,300.5,462-130,경기도 성남시 중원구 성남동 4180번지,2011378019307500004,3780000,경기도 성남시 중원구 성남대로 1129 (성남동),,,03,폐업,준대규모점포,,,031-702-5602
소래포구종합어시장,그 밖의 대규모점포,,176653.982245213,432995.634967439,2026-03-26 22:49:56,I,1,정상영업,2023-12-07 14:50:12,,2011-09-23,12219.02,405-825,인천광역시 남동구 논현동 680번지 1호,2011353010407500003,3530000,인천광역시 남동구 소래역로 12 (논현동),,,01,영업/정상,대규모점포,,,032-421-7100
(주)이마트에브리데이 중곡동점,구분없음,,207114.498872176,451296.049443757,2025-12-15 16:15:28,I,1,정상영업,2024-07-25 13:06:17,,2011-09-22,662.55,143-903,서울특별시 광진구 중곡1동 229번지 5호,2011304015507500002,3040000,서울특별시 광진구 긴고랑로11길 11 (중곡동),,,01,영업/정상,준대규모점포,,,02-463-1903
롯데쇼핑(주)롯데슈퍼 중곡점,구분없음,2020-04-30,207235.581247334,451072.124043842,2025-12-15 16:15:28,I,3,폐업처리,2022-09-28 15:14:37,,2011-09-22,133.4,143-885,서울특별시 광진구 중곡2동 41번지 1호,2011304015507500001,3040000,서울특별시 광진구 긴고랑로 60 (중곡동),,,03,폐업,준대규모점포,,,02-0453-5605
(주)농협유통 하나로마트 주례점,복합쇼핑몰,,383394.643145604,185210.631075375,2025-12-15 16:15:28,I,1,정상영업,2025-03-12 19:34:44,,2011-09-21,1230.24,617-833,부산광역시 사상구 주례2동 55번지 139호,2011339008307500005,3390000,부산광역시 사상구 냉정로 120 (주례동),,,01,영업/정상,준대규모점포,,,051-325-8585
롯데쇼핑(주)롯데슈퍼동소문점,그 밖의 대규모점포,2022-02-23,201358.893989884,454439.085102224,2025-12-15 16:15:28,I,3,폐업처리,2025-08-14 14:51:09,,2011-09-21,739,,서울특별시 성북구 동소문동5가 75 메디컬센터빌딩,2011307005007500001,3070000,"서울특별시 성북구 동소문로 98, 메디컬센터빌딩 (동소문동5가)",02846,,03,폐업,준대규모점포,,,22905853
(주)이마트 에브리데이 불광동점,그 밖의 대규모점포,2012-10-04,193936.125681025,456673.805557751,2026-05-06 22:48:30,I,3,폐업처리,2012-10-05 15:52:37,,2011-09-20,685.45,122-870,서울특별시 은평구 불광1동 554번지 1호,2011311013107500004,3110000,서울특별시 은평구 불광로 60 (불광동),,,03,폐업,준대규모점포,,,02-2275-3651
DISCOUNT STORE 광주 역동점,대형마트,2021-12-30,222633.617392729,433785.581476378,2026-03-26 22:01:54,I,3,폐업처리,2021-12-30 15:30:35,,2011-09-19,887.6,464-807,경기도 광주시 역동 50번지 36호 외 1필지,2011554012307500001,5540000,경기도 광주시 경안로25번길 43 (역동),,,03,폐업,준대규모점포,,,
이마트 서북점,대형마트,,210827.459637775,370795.653061274,2025-12-15 16:15:28,I,1,정상영업,2024-04-19 17:47:23,,2011-09-19,14805.79,331-300,충청남도 천안시 서북구 성성동 천안물류단지 상A4-1,2011449023407500002,4490000,충청남도 천안시 서북구 삼성대로 20 (백석동),,,01,영업/정상,대규모점포,,,02-380-9422
롯데슈퍼 해운대점,대형마트,,398179.9667568,187816.286955829,2026-05-10 22:54:12,I,1,정상영업,2014-09-18 16:52:27,,2011-09-19,1259.5,612-031,부산광역시 해운대구 좌1동 1467번지 2호,2011333010307500005,3330000,부산광역시 해운대구 해운대로 799 (좌동),,,01,영업/정상,준대규모점포,,,051-703-5602
롯데슈퍼 좌1동점,대형마트,,398114.725350373,188646.73136878,2026-05-10 22:54:11,I,1,정상영업,2014-09-18 16:55:30,,2011-09-19,299.2,612-031,부산광역시 해운대구 좌1동 1289번지 4호,2011333010307500004,3330000,부산광역시 해운대구 좌동순환로 178 (좌동),,,01,영업/정상,준대규모점포,,,051-702-5603
(주)이마트에브리데이 개봉동점,구분없음,,187009.804317689,443285.606966752,2026-05-01 22:42:20,I,1,정상영업,2025-01-23 15:05:02,,2011-09-19,860,152-814,"서울특별시 구로구 개봉동 324-1, 324-11,324-13  1층",2011316015907500002,3160000,서울특별시 구로구 개봉로17길 34 (개봉동),,,01,영업/정상,준대규모점포,,,02-2684-2013
(주) 이랜드리테일 강서점,백화점,,185824.428508883,450866.252126246,2026-05-12 22:18:10,U,1,정상영업,2026-05-11 09:05:26,,2011-09-19,34547.21,157-930,서울특별시 강서구 등촌3동 689번지 외 2,2011315012307500005,3150000,서울특별시 강서구 강서로56길 17 (등촌동),,,01,영업/정상,대규모점포,,,
(주)지에스리테일 GS수퍼 구미형곡점,구분없음,2020-03-03,320398.906692341,291000.763134341,2025-12-15 16:15:28,I,3,폐업처리,2020-03-04 14:24:28,,2011-09-16,1073.22,,경상북도 구미시 형곡동 145번지 17호 외 2필지,2011508013307500002,5080000,경상북도 구미시 형곡중앙로 55 (형곡동),39294,,03,폐업,준대규모점포,,,054-452-0100
GS더프레시 구월점,구분없음,,174431.49712362,439194.306759719,2026-03-26 22:49:56,I,1,정상영업,2025-05-13 15:15:43,,2011-09-16,639,,인천광역시 남동구 구월동 23번지 힐캐슬프라자,2011353010407500002,3530000,"인천광역시 남동구 구월로 212, 힐캐슬프라자 지하층 (구월동)",21561,,01,영업/정상,준대규모점포,,,032-710-5300
롯데쇼핑(주)롯데슈퍼연신내점,그 밖의 대규모점포,2016-09-28,192859.341264055,457545.793599332,2026-05-06 22:48:30,I,3,폐업처리,2016-09-28 16:27:37,,2011-09-16,255.8,122-808,서울특별시 은평구 갈현1동 395번지 6호,2012311013107500004,3110000,서울특별시 은평구 통일로 867 (갈현동),,,03,폐업,준대규모점포,,,
롯데쇼핑(주)롯데슈퍼갈현점,그 밖의 대규모점포,2017-06-30,192809.366974137,457275.285596868,2026-05-06 22:48:30,I,3,폐업처리,2017-07-31 09:17:13,,2011-09-16,434.1,122-959,서울특별시 은평구 갈현2동 456번지 27호,2012311013107500003,3110000,서울특별시 은평구 연서로 215 (갈현동),,,03,폐업,준대규모점포,,,02-388-5601
롯데쇼핑(주)롯데슈퍼범서점,그 밖의 대규모점포,,193035.279146132,457365.911737494,2026-05-06 22:48:30,U,1,정상영업,2026-04-23 16:25:00,,2011-09-16,1508.4,122-859,서울특별시 은평구 불광1동 308번지 1호,2012311013107500001,3110000,서울특별시 은평구 통일로 842 (불광동),,,01,영업/정상,준대규모점포,,,02-2290-5853
롯데쇼핑(주)롯데슈퍼삼양점,대형마트,2020-07-04,201731.684416461,457219.335594234,2026-04-30 22:35:18,I,3,폐업처리,2021-04-29 09:26:11,,2011-09-16,226.1,142-731,서울특별시 강북구 삼각산동 812번지 삼성래미안트리베라2차아파트 상가 204동 115-119,2011308013907500007,3080000,서울특별시 강북구 삼양로27길 19 (미아동),,,03,폐업,준대규모점포,,,
롯데쇼핑(주)롯데슈퍼수유점,대형마트,2022-01-15,201956.180985499,458714.365820521,2026-04-30 22:35:18,I,3,폐업처리,2022-01-19 11:02:32,,2011-09-16,1662.2,142-071,서울특별시 강북구 수유1동 54번지 5호,2011308013907500006,3080000,서울특별시 강북구 도봉로67길 18 (수유동),,,03,폐업,준대규모점포,,,22905853
홈플러스(주)익스프레스 목동2점,구분없음,,187788.82257199,449204.635182585,2026-07-10 22:18:10,U,1,정상영업,2026-07-09 07:39:53,,2011-09-15,244.9,158-053,서울특별시 양천구 목3동 657번지 21호,2011314011407500007,3140000,서울특별시 양천구 등촌로 172 (목동),,,01,영업/정상,준대규모점포,,,20628546
(주)지에스리테일 GS수퍼 목동오거리점,구분없음,2022-04-13,187670.416423662,447030.560396528,2025-12-15 16:15:28,I,3,폐업처리,2022-04-15 16:25:11,,2011-09-15,406.21,158-074,서울특별시 양천구 신정4동 988번지 5호,2011314011407500006,3140000,,,,03,폐업,준대규모점포,,,26956131
(주)지에스리테일 신정2점,구분없음,,187954.189632117,445124.131588947,2025-12-15 16:15:28,I,1,정상영업,2025-04-21 13:01:27,,2011-09-15,346,,서울특별시 양천구 신정동 201번지 1호 세양청마루2차 지상1층,2011314011407500005,3140000,"서울특별시 양천구 목동남로4길 2 (신정동, 세양청마루2차주상복합)",08104,,01,영업/정상,준대규모점포,,,20062637
롯데쇼핑(주)롯데슈퍼신정점,구분없음,2014-11-30,187769.95711697,447053.907321165,2025-12-15 16:15:28,I,3,폐업처리,2014-12-17 14:56:00,,2011-09-15,199.3,158-074,서울특별시 양천구 신정4동 991번지 5호,2011314011407500004,3140000,서울특별시 양천구 오목로 224 (신정동),,,03,폐업,준대규모점포,,,02-2290-5853
롯데쇼핑(주)롯데슈퍼목동점,구분없음,2020-09-30,187889.318611598,447351.606624409,2025-12-15 16:15:28,I,3,폐업처리,2022-01-28 16:29:26,,2011-09-15,123,158-074,서울특별시 양천구 신정4동 899번지 7호,2011314011407500003,3140000,서울특별시 양천구 목동로 223 (신정동),,,03,폐업,준대규모점포,,,02-2290-5853
트레이더스 홀세일 클럽 천안아산점,대형마트,,209360.843218577,366129.793611595,2026-05-06 22:48:26,I,1,정상영업,2024-04-22 10:21:58,,2011-09-14,11107.3,336-857,충청남도 아산시 배방읍 장재리 1760번지,2011452022507500003,4520000,충청남도 아산시 배방읍 고속철대로 133,,,01,영업/정상,대규모점포,,,02-380-9422
롯데쇼핑(주)롯데슈퍼동두천점,구분없음,2017-09-07,204926.887212884,488565.873404122,2025-12-15 16:15:28,I,3,폐업처리,2017-11-24 10:29:22,,2011-09-14,1838.4,483-030,경기도 동두천시 생연동 722번지,2011392005707500001,3920000,경기도 동두천시 평화로 2375 (생연동),,,03,폐업,준대규모점포,,,
롯데쇼핑(주)롯데슈퍼천안성환점,그 밖의 대규모점포,2016-08-22,211309.297811917,379137.23718117,2025-12-15 16:15:28,I,3,폐업처리,2016-08-22 09:08:46,,2011-09-09,792.07,331-805,충청남도 천안시 서북구 성환읍 성환리 449번지 333호,2011449023407500001,4490000,충청남도 천안시 서북구 성환읍 성환1로 213,,,03,폐업,준대규모점포,,,041-583-5601
롯데쇼핑(주) 롯데마트 삼양점,복합쇼핑몰,,201494.627293774,458136.342274236,2026-05-15 03:03:03,U,1,정상영업,2026-05-14 13:22:50,,2011-09-09,8319.26,142-100,서울특별시 강북구 미아동 1359번지,2011308013907500005,3080000,서울특별시 강북구 삼양로 247 (미아동),,,01,영업/정상,대규모점포,,,02-0944-1510
GS더프레시 성북돈암점,구분없음,,201501.474496909,455061.698603977,2025-12-15 16:15:28,I,1,정상영업,2025-05-13 15:57:03,,2011-09-08,331,136-062,서울특별시 성북구 돈암2동 636번지,2011307018907500002,3070000,"서울특별시 성북구 북악산로 844 (돈암동, 돈암이수브라운스톤아파트)",,,01,영업/정상,준대규모점포,,,02-3291-3333
주식회사 홈플러스 익스프레스 광안점,복합쇼핑몰,,392508.316542961,186777.560618109,2026-07-04 22:18:10,U,1,정상영업,2026-07-03 09:37:49,,2011-09-07,1739,,부산광역시 수영구 광안동 491번지 1호,2013338006207500001,3380000,부산광역시 수영구 수영로 625 (광안동),48253,,01,영업/정상,준대규모점포,,,051-756-2277
홈플러스(주) 익스프레스 광안점,그 밖의 대규모점포,2016-01-19,392508.316542961,186777.560618109,2025-12-15 16:15:28,I,3,폐업처리,2016-01-19 14:20:20,,2011-09-07,1739.1,613-807,부산광역시 수영구 광안1동 491번지 1호,2011338006207500002,3380000,부산광역시 수영구 수영로 625 (광안동),,,03,폐업,준대규모점포,,,051-756-5015
탑마트 에누리장터 남산점,구분없음,2017-11-17,390243.955026194,197876.850318508,2025-12-15 16:15:28,I,3,폐업처리,2023-02-07 19:06:45,,2011-09-07,982.1,609-340,부산광역시 금정구 남산동 68번지 1호 남산프라자 1층,2011335008507500003,3350000,"부산광역시 금정구 중앙대로 1989, 1층 (남산동)",,,03,폐업,준대규모점포,,,051-515-9696
(주)서원유통 탑마트 금사점,구분없음,,392147.885346321,192919.364133221,2025-12-15 16:15:28,I,1,정상영업,2025-04-30 17:00:17,,2011-09-07,4546.16,609-410,부산광역시 금정구 금사동 85번지 7호,2011335008507500002,3350000,부산광역시 금정구 공단서로 22 (금사동),,,01,영업/정상,준대규모점포,,,051-527-2222
롯데쇼핑(주) 롯데슈퍼 장안점,복합쇼핑몰,,206176.178625746,453248.09724644,2026-04-21 03:03:03,U,1,정상영업,2026-04-20 14:03:04,,2011-09-07,769.5,130-835,서울특별시 동대문구 장안동 94번지 27호 외1필지 예신프라자,2011305014007500003,3050000,서울특별시 동대문구 한천로46길 42 (장안동),,,01,영업/정상,준대규모점포,,,02-2242-5611
롯데쇼핑(주) 롯데슈퍼 전농점,구분없음,,205271.704936121,452706.897879436,2026-04-21 03:03:03,U,1,정상영업,2026-04-20 14:41:36,,2011-09-07,1701.2,130-020,서울특별시 동대문구 전농동 10번지 외7필지 전농sk아파트 주상가동,2011305014007500002,3050000,"서울특별시 동대문구 사가정로 148 (전농동, SK아파트)",,,01,영업/정상,준대규모점포,,,02-2248-7800
롯데쇼핑(주)롯데마켓999 수택점,그 밖의 대규모점포,2017-07-12,211977.33994739,455281.752740031,2025-12-15 16:15:28,I,3,폐업처리,2017-07-27 16:56:54,,2011-09-06,110.9,471-815,경기도 구리시 수택1동,2011398010807500001,3980000,경기도 구리시 체육관로 170 (수택동),,,03,폐업,준대규모점포,,,031-558-5604
홈플러스 익스프레스 중리점,대형마트,2013-09-30,339735.102655433,264105.413123567,2026-05-06 22:35:25,I,3,폐업처리,2013-10-08 12:33:34,,2011-09-05,213.6,703-090,대구광역시 서구 중리동 26번지 1호 중리롯데캐슬아파트 상가,2011343006707500001,3430000,"대구광역시 서구 국채보상로34길 12 (중리동,중리롯데캐슬아파트 상가)",,,03,폐업,준대규모점포,,,053-524-8593
홈플러스 익스프레스 송파점,구분없음,,210252.90673883,444914.307440685,2026-08-28 22:18:10,U,1,정상영업,2026-08-27 16:03:33,,2011-09-05,398.6,,,2013323019807500004,3230000,서울특별시 송파구 가락로28길 7 (송파동),,,01,영업/정상,준대규모점포,,,02-3431-8545
주식회사 홈플러스 익스프레스 잠실점,구분없음,,208045.233042977,445054.410833743,2026-09-04 22:18:10,U,1,정상영업,2026-09-03 17:59:14,,2011-09-05,213.2,138-933,서울특별시 송파구 잠실4동 44번지 1호,2013323019807500003,3230000,서울특별시 송파구 석촌호수로 133 (잠실동),,,01,영업/정상,준대규모점포,,,02-418-8545
롯데쇼핑(주)롯데슈퍼방이점,구분없음,2026-04-14,209576.621957045,445779.100983519,2026-05-22 03:03:03,U,3,폐업처리,2026-05-21 13:48:44,,2011-09-05,172.8,138-828,서울특별시 송파구 방이2동 63번지 11호,2011323019807500005,3230000,서울특별시 송파구 올림픽로32길 20 (방이동),,,03,폐업,준대규모점포,,,34315602
롯데쇼핑(주)롯데슈퍼 안양점,구분없음,,192239.486759078,433247.024065133,2026-04-21 03:03:03,U,1,정상영업,2026-04-20 10:19:49,,2011-09-02,1365.5,430-013,경기도 안양시 만안구 안양3동 900번지 10호 101,2011383018607500001,3830000,경기도 안양시 만안구 안양로329번길 108 (안양동),,,01,영업/정상,준대규모점포,,,031-464-5603
주식회사 홈플러스익스프레스 유천점,구분없음,,235271.554635198,313449.152345815,2026-05-03 22:38:33,U,1,정상영업,2026-07-15 09:05:35,,2011-09-02,373.8,,대전광역시 중구 유천동 322번지 13호 동양빌딩,2011365011507500004,3650000,"대전광역시 중구 평촌로 58, 동양빌딩 (유천동)",34887,,01,영업/정상,준대규모점포,,,042-528-8543
주식회사 홈플러스익스프레스 오류점,복합쇼핑몰,,236729.864926468,313791.240075357,2026-05-03 22:38:33,U,1,정상영업,2026-07-15 13:15:56,,2011-09-02,462.8,301-829,대전광역시 중구 오류동 175번지 8호,2011365011507500003,3650000,대전광역시 중구 계룡로 858 (오류동),,,01,영업/정상,준대규모점포,,,042-525-8847
농협하나로마트 용호점,그 밖의 대규모점포,,392349.348327263,181234.845528669,2026-05-06 22:35:19,I,1,정상영업,2025-03-07 13:02:55,,2011-09-02,1552.99,608-838,부산광역시 남구 용호4동 541번지 18호,2011331008207500006,3310000,부산광역시 남구 용호로 228 (용호동),,,01,영업/정상,준대규모점포,,,051-621-3200
GS더프레시 동소문점,구분없음,,200841.726990037,454721.505180141,2025-12-15 16:15:28,I,1,정상영업,2025-05-13 15:57:29,,2011-09-02,1202,,,2011307018907500001,3070000,"서울특별시 성북구 성북로4길 52 (돈암동, 한진아파트)",,,01,영업/정상,준대규모점포,,,
GS THE FRESH 낙성대점,구분없음,,196501.159765837,441640.881044209,2025-12-15 16:15:28,I,1,정상영업,2025-08-01 18:04:52,,2011-09-01,529,151-818,서울특별시 관악구 봉천동 1629번지 2호,2011320019107500002,3200000,서울특별시 관악구 봉천로 576 (봉천동),,,01,영업/정상,준대규모점포,,,02-2039-8215
경성쇼핑상가,그 밖의 대규모점포,,233760.108129755,316051.323101169,2026-05-07 22:30:16,I,1,정상영업,2024-05-16 20:26:09,,2011-08-31,6573,,,2011366012507500001,3660000,대전광역시 서구 대덕대로 150 (갈마동),,,01,영업/정상,대규모점포,,,042-522-5532
롯데쇼핑(주)롯데슈퍼 다대점,그 밖의 대규모점포,2021-05-18,379672.134128232,174638.869997904,2026-05-07 22:31:32,I,3,폐업처리,2021-05-18 13:47:33,,2011-08-31,810.9,604-824,부산광역시 사하구 다대1동 649번지,2011334008007500004,3340000,부산광역시 사하구 윤공단로 4 (다대동),,,03,폐업,준대규모점포,,,
롯데쇼핑(주)롯데슈퍼 당리점,그 밖의 대규모점포,,380034.928521695,180376.056556666,2026-05-20 03:03:03,U,1,정상영업,2026-05-19 17:53:10,,2011-08-31,437.4,604-828,부산광역시 사하구 당리동 115번지,2011334008007500003,3340000,부산광역시 사하구 제석로 68 (당리동),,,01,영업/정상,준대규모점포,,,
(주)서원유통 탑마트 다대점,그 밖의 대규모점포,,379679.239411081,174871.825606384,2026-05-07 22:31:32,I,1,정상영업,2025-04-26 16:09:10,,2011-08-31,786.92,604-823,부산광역시 사하구 다대1동 943번지 8호,2011334008007500002,3340000,부산광역시 사하구 다대로554번길 7 (다대동),,,01,영업/정상,준대규모점포,,,051-330-1501
(주)지에스리테일 문정점,구분없음,2016-03-22,211350.099419457,442328.447083979,2025-12-15 16:15:28,I,3,폐업처리,2016-03-22 11:19:37,,2011-08-31,224,,,2014323019807500002,3230000,서울특별시 송파구 새말로 136 (문정동),,,03,폐업,준대규모점포,,,02-409-8880
반송아이필프라자,그 밖의 대규모점포,,352078.381388973,194234.704691712,2026-04-30 22:00:15,I,1,정상영업,2023-04-12 10:25:59,,2011-08-30,3169.54,642-818,경상남도 창원시 성산구 반림동 17번지 9호,2011567024107500011,5670000,경상남도 창원시 성산구 반송로 148-9 (반림동),,,01,영업/정상,대규모점포,,,055-274-3413
안동봉화축산업협동조합 하나로마트,대형마트,,350799.243155088,342655.597379063,2026-03-11 01:24:08,I,1,정상영업,2015-04-28 11:41:44,,2011-08-30,4209.73,760-300,경상북도 안동시 송현동 564번지,2011507017807500001,5070000,경상북도 안동시 경동로 220 (송현동),,,01,영업/정상,대규모점포,,,
롯데슈퍼태안동문점,그 밖의 대규모점포,,137793.003461125,361266.412968466,2026-03-26 22:48:23,I,4,직권취소,2014-01-19 10:09:46,,2011-08-30,909.12,357-905,충청남도 태안군 태안읍 동문리 340번지 15호,2011462007607500001,4620000,,,,04,취소/말소/만료/정지/중지,준대규모점포,,,
롯데쇼핑(주)롯데슈퍼대연2동점,그 밖의 대규모점포,2021-02-16,390195.849928706,183602.493480861,2026-05-06 22:35:19,I,3,폐업처리,2021-02-16 17:17:48,,2011-08-29,1107.8,608-816,부산광역시 남구 대연2동 1756번지 9호,2011331008207500005,3310000,부산광역시 남구 천제등로 11 (대연동),,,03,폐업,준대규모점포,,,051-633-5601
롯데쇼핑(주)롯데슈퍼 대연점,그 밖의 대규모점포,,390512.228639238,183862.718098719,2026-05-20 03:03:03,U,1,정상영업,2026-05-19 17:33:00,,2011-08-29,710.4,608-807,부산광역시 남구 대연5동 1742번지 4호 외 1필지,2011331008207500004,3310000,"부산광역시 남구 못골로 78 (대연동,외 1필지)",,2026-02-01,01,영업/정상,준대규모점포,2025-12-31,2026-01-31,
롯데쇼핑(주)롯데슈퍼잠실3동점,구분없음,,207553.918225133,445383.338011122,2026-05-16 03:03:03,U,1,정상영업,2026-05-15 18:10:51,,2011-08-29,288,138-915,서울특별시 송파구 잠실3동 35번지 2호,2011323019807500004,3230000,서울특별시 송파구 석촌호수로 61 (잠실동),,,01,영업/정상,준대규모점포,,,22905853
롯데쇼핑(주)롯데슈퍼신천점,구분없음,,207270.219021574,445550.277249649,2026-05-16 03:03:03,U,1,정상영업,2026-05-15 18:11:29,,2011-08-29,300.01,138-908,서울특별시 송파구 잠실2동 19번지 8호,2011323019807500003,3230000,서울특별시 송파구 올림픽로 111 (잠실동),,,01,영업/정상,준대규모점포,,,22905853
홈플러스(주)익스프레스 부산하단점,그 밖의 대규모점포,2023-04-26,378440.378781483,179570.672411706,2026-05-07 22:31:32,I,3,폐업처리,2023-04-26 18:17:05,,2011-08-26,339,604-858,부산광역시 사하구 하단1동 1184번지 1호,2011334008007500001,3340000,부산광역시 사하구 하신번영로201번길 10 (하단동),,,03,폐업,준대규모점포,,,051-207-5839
주식회사 홈플러스익스프레스 남성점,복합쇼핑몰,,,,2026-07-01 03:03:03,U,1,정상영업,2026-06-30 09:21:04,,2011-08-26,978.3,156-819,서울특별시 동작구 사당3동 252번지 22호,2011319012807500003,3190000,서울특별시 동작구 사당로 215 (사당동),,,01,영업/정상,준대규모점포,,,02-3481-8542
탑마트 감만점,그 밖의 대규모점포,2023-10-04,389699.055973041,181675.810892818,2026-05-06 22:35:18,I,3,폐업처리,2023-10-04 15:04:38,,2011-08-24,1081.62,608-801,부산광역시 남구 감만1동 163번지 10호,2011331008207500003,3310000,부산광역시 남구 홍곡로 3 (감만동),,,03,폐업,준대규모점포,,,051-635-8580
㈜지에스리테일 GS수퍼 강북미아점,구분없음,,201602.577531291,457290.100695375,2026-04-30 22:35:18,I,1,정상영업,2025-05-23 12:05:15,,2011-08-23,490,142-100,서울특별시 강북구 미아동 1357번지 6호,2011308013907500004,3080000,서울특별시 강북구 삼양로27길 35-21 (미아동),,,01,영업/정상,준대규모점포,,,69338701
(주)지에스리테일번동점,대형마트,2016-11-30,202888.313576922,459197.373185929,2026-04-30 22:35:18,I,3,폐업처리,2017-04-11 14:13:41,,2011-08-23,870,142-866,서울특별시 강북구 번2동 433번지 1호,2011308013907500003,3080000,서울특별시 강북구 덕릉로 176 (번동),,,03,폐업,준대규모점포,,,
GS수퍼마켓 강서방화점,그 밖의 대규모점포,2012-07-27,183106.102043946,451758.106858582,2025-12-15 16:15:28,I,3,폐업처리,2012-07-30 16:31:04,,2011-08-19,410,157-851,서울특별시 강서구 방화2동 589번지 21호,2011315012307500004,3150000,,,,03,폐업,준대규모점포,,,02-666-6606
롯데쇼핑(주)롯데슈퍼 감삼점,대형마트,2018-05-08,339153.892739569,262422.712704336,2025-12-15 16:15:28,I,3,폐업처리,2018-05-08 17:35:13,,2011-08-18,275.5,704-953,대구광역시 달서구 감삼동 69번지 8호,2014347011707500002,3470000,대구광역시 달서구 달구벌대로 1599 (감삼동),,,03,폐업,준대규모점포,,,
롯데쇼핑(주) 롯데슈퍼남산점,복합쇼핑몰,,342303.123487642,263634.294525217,2026-05-08 22:34:09,U,1,정상영업,2026-04-17 10:40:05,,2011-08-17,870.7,700-808,대구광역시 중구 남산4동 2971번지 11호,2011341007107500002,3410000,대구광역시 중구 달구벌대로 1936 (남산동),,,01,영업/정상,준대규모점포,,,053-252-5601
롯데슈퍼 남포동점,그 밖의 대규모점포,2016-08-23,384798.705877111,179647.549138984,2025-12-15 16:15:28,I,3,폐업처리,2016-08-23 11:06:09,,2011-08-17,521.4,600-805,부산광역시 중구 부평동1가,2011325008307500002,3250000,부산광역시 중구 중구로 13 (부평동1가),,,03,폐업,준대규모점포,,,02-2290-5853
(주)이마트에브리데이 감삼동점,대형마트,2023-02-15,338567.066452569,261520.851015673,2025-12-15 16:15:28,I,3,폐업처리,2023-02-15 14:57:15,,2011-08-16,1412.83,704-905,대구광역시 달서구 감삼동 507번지 1호,2014347011707500009,3470000,대구광역시 달서구 장기로 238 (감삼동),,,03,폐업,준대규모점포,,,
주식회사 홈플러스익스프레스 숭인점,구분없음,,201359.53353905,452395.659064842,2026-07-09 22:48:10,U,1,정상영업,2026-07-08 10:16:06,,2011-08-16,273.3,,서울특별시 종로구 숭인동 76 롯데캐슬 천지인,2011300012907500001,3000000,"서울특별시 종로구 종로 347, 1층 (숭인동, 롯데캐슬 천지인)",03113,,01,영업/정상,준대규모점포,,,02-743-8545
롯데쇼핑(주) 롯데슈퍼 화서3점,구분없음,2020-05-31,199473.580177915,419997.304971529,2026-03-11 01:45:41,I,3,폐업처리,2022-01-06 20:49:24,,2011-08-12,356.6,,,2011374017307500011,3740000,경기도 수원시 팔달구 동말로25번길 100 (화서동),,,03,폐업,준대규모점포,,,031-422-5601
(주)지에스리테일지에스슈퍼 대전태평점,구분없음,2014-02-10,235551.453072937,313526.538289997,2026-05-03 22:38:33,I,3,폐업처리,2014-04-07 13:58:17,,2011-08-12,1097,301-842,대전광역시 중구 유천2동 196번지 지하1층,2011365011507500002,3650000,"대전광역시 중구 평촌로 84 (유천동,지하1층)",,,03,폐업,준대규모점포,,,
(주)지에스리테일 지에스슈퍼 대전세이점,구분없음,2015-04-30,236652.169401097,313435.556285727,2026-05-03 22:38:32,I,3,폐업처리,2015-05-04 11:17:07,,2011-08-12,1102,301-710,대전광역시 중구 문화1동 1번지 16호 세이백화점 지하1층,2011365011507500001,3650000,"대전광역시 중구 계백로 1700 (문화동,세이백화점 지하1층)",,,03,폐업,준대규모점포,,,
GS더프레시 만수점,구분없음,,176600.648268113,439685.968559441,2026-03-26 22:49:56,I,1,정상영업,2025-05-13 15:31:10,,2011-08-12,356.08,405-854,인천광역시 남동구 만수4동 18번지 제가동 제121호 제207호 제109호 제119호,2011353010407500001,3530000,"인천광역시 남동구 만수로50번길 53 (만수동,제가동 제121호 제207호 제109호 제119호)",,,01,영업/정상,준대규모점포,,,032-461-3417
홈플러스익스프레스 문현점,그 밖의 대규모점포,,388708.504493627,184607.683566291,2026-07-14 22:18:10,U,1,정상영업,2026-07-13 18:41:17,,2011-08-12,383.9,608-821,부산광역시 남구 문현1동 127번지 59호,2011331008207500002,3310000,부산광역시 남구 고동골로 66 (문현동),,,01,영업/정상,준대규모점포,,,051-638-8545
홈플러스(주) 익스프레스 밀리오레점,구분없음,2011-11-10,387920.292113406,186157.316240541,2025-12-15 16:15:28,I,3,폐업처리,2019-01-07 15:33:58,,2011-08-12,1203.5,614-772,부산광역시 부산진구 전포1동 668번지 1호 밀리오레 1층,2011329008507500009,3290000,"부산광역시 부산진구 동천로 92 (전포동,밀리오레 1층)",,,03,폐업,준대규모점포,,,051-922-5101
탑마트 에누리장터 범천점,구분없음,2018-06-08,387258.90102301,184673.757596692,2025-12-15 16:15:28,I,3,폐업처리,2024-01-12 13:45:29,,2011-08-12,802.09,614-833,부산광역시 부산진구 범천2동 1298번지 9호,2011329008507500008,3290000,부산광역시 부산진구 신암로 21 (범천동),,,03,폐업,준대규모점포,,,051-330-2555
(주)홈플러스익스프레스 산본점,구분없음,,,,2026-07-01 03:03:03,U,1,정상영업,2026-06-30 10:00:19,,2011-08-11,397,435-040,경기도 군포시 산본동 1060번지 2호,2011402010807500001,4020000,경기도 군포시 고산로 691 (산본동),,,01,영업/정상,준대규모점포,,,02-3459-8000
GS수퍼마켓 미래점,구분없음,,212277.21202208,429964.013853484,2025-12-15 16:15:28,I,1,정상영업,2025-04-24 16:11:39,,2011-08-11,670,463-819,경기도 성남시 분당구 서현동 312번지 3호 (312-4),2011378019307500003,3780000,"경기도 성남시 분당구 불정로376번길 37 (서현동,(312-4))",,,01,영업/정상,준대규모점포,,,031-701-1913
GS수퍼마켓 분당시범단지점,구분없음,,211043.779309531,431230.68949626,2025-12-15 16:15:28,I,1,정상영업,2025-04-24 16:23:56,,2011-08-11,555,463-050,"경기도 성남시 분당구 서현동 89번지 서현파크 제158호,제159호",2011378019307500002,3780000,"경기도 성남시 분당구 중앙공원로31번길 42 (서현동,서현파크 제158호,제159호)",,,01,영업/정상,준대규모점포,,,031-781-2141
(주)지에스리테일 분당서현점,그 밖의 대규모점포,2017-07-03,211747.991008008,430553.98474372,2025-12-15 16:15:28,I,3,폐업처리,2017-07-04 11:45:35,,2011-08-11,846,463-050,경기도 성남시 분당구 서현동 298번지 3호 지하1층,2011378019307500001,3780000,"경기도 성남시 분당구 돌마로 478 (서현동,지하1층)",,,03,폐업,준대규모점포,,,031-8023-5041
(주)지에스리테일 수영점,구분없음,2018-11-15,392819.209113096,187998.404942507,2025-12-15 16:15:28,I,3,폐업처리,2018-11-16 15:51:50,,2011-08-10,685,,부산광역시 수영구 수영동 483번지 7호,2011338006207500001,3380000,부산광역시 수영구 구락로 61 (수영동),48225,,03,폐업,준대규모점포,,,051-711-2206
(주)지에스리테일 송파점,구분없음,,211259.909777857,443711.702922024,2025-12-15 16:15:28,I,1,정상영업,2025-04-21 18:37:17,,2011-08-10,883,,,2014323019807500001,3230000,"서울특별시 송파구 동남로 189 (가락동, 쌍용아파트)",,,01,영업/정상,준대규모점포,,,02-3401-6251
GS THE FRESH 관악점,구분없음,,195431.465419568,441896.302934956,2025-12-15 16:15:28,I,1,정상영업,2025-08-01 18:06:19,,2011-08-10,1203,151-836,서울특별시 관악구 봉천동 1567번지 1호,2011320019107500001,3200000,서울특별시 관악구 쑥고개로 111 (봉천동),,,01,영업/정상,준대규모점포,,,02-873-0637
주식회사 현대백화점 디큐브시티,백화점,2025-06-30,190107.045415333,445157.626366229,2026-05-01 22:42:20,I,3,폐업처리,2025-07-18 09:34:08,,2011-08-10,38414.15,152-888,서울특별시 구로구 신도림동 692번지,2011316015907500001,3160000,서울특별시 구로구 경인로 662 (신도림동),,,03,폐업,대규모점포,,,02-3416-5282
(주)GS지에스리테일 진해여좌점,그 밖의 대규모점포,,351335.420325117,185009.790493375,2026-04-30 22:00:15,I,1,정상영업,2025-04-16 09:44:37,,2011-08-09,958.37,645-806,경상남도 창원시 진해구 여좌동 761번지 46호,2011567024107500010,5670000,경상남도 창원시 진해구 충장로 87 (여좌동),,,01,영업/정상,준대규모점포,,,055-552-8867
(주)지에스리테일 창원남양점,그 밖의 대규모점포,2018-08-29,355035.945871211,191663.616439782,2026-04-30 22:00:15,I,3,폐업처리,2018-08-29 10:14:51,,2011-08-09,977,642-803,경상남도 창원시 성산구 남양동 22번지 운동시설동,2011567024107500009,5670000,"경상남도 창원시 성산구 가음로15번길 50 (남양동, 성원2차아파트 운동시설)",,,03,폐업,준대규모점포,,,055-266-5560
(주)지에스리테일 대방점,그 밖의 대규모점포,,355398.667712291,191281.336947593,2026-04-30 22:00:15,I,1,정상영업,2025-04-11 10:10:43,,2011-08-09,1543.2,642-805,경상남도 창원시 성산구 대방동 363번지 2호,2011567024107500008,5670000,경상남도 창원시 성산구 가양로124번길 5-12 (대방동),,,01,영업/정상,준대규모점포,,,055-263-4665
(주)지에스리테일창원팔용점,그 밖의 대규모점포,2020-03-21,346765.107975381,196304.368084454,2026-04-30 22:00:15,I,3,폐업처리,2020-09-04 17:45:38,,2011-08-09,872,641-848,경상남도 창원시 의창구 팔용동 101번지 팔용종합상가,2011567024107500007,5670000,"경상남도 창원시 의창구 팔용로 438 (팔용동,팔용종합상가)",,,03,폐업,준대규모점포,,,
(주)GS지에스리테일 마산회원점,구분없음,,342974.493761506,192263.611428005,2026-04-30 22:00:15,I,1,정상영업,2025-04-17 11:28:48,,2011-08-09,677,630-820,경상남도 창원시 마산회원구 회원동 50번지 5호 천지리치빌,2011567024107500006,5670000,"경상남도 창원시 마산회원구 북성로 138, 101호 (회원동, 천지리치빌)",,,01,영업/정상,준대규모점포,,,055-715-7030
(주)서원유통 탑마트 마산해운점,그 밖의 대규모점포,,342105.127165045,187860.660953508,2026-04-30 22:00:15,U,1,정상영업,2026-02-11 17:26:48,,2011-08-09,1795,631-872,경상남도 창원시 마산합포구 해운동 34번지,2011567024107500005,5670000,경상남도 창원시 마산합포구 월영동서로 20 (해운동),,,01,영업/정상,준대규모점포,,,
(주)지에스리테일 명장점,구분없음,,391333.589418805,191690.582020606,2025-12-15 16:15:28,I,1,정상영업,2025-05-02 14:35:32,,2011-08-09,1733,607-112,부산광역시 동래구 명장2동 23번지 2호,2011330007907500001,3300000,부산광역시 동래구 반송로 291 (명장동),,,01,영업/정상,준대규모점포,,,051-524-4944
주식회사 홈플러스익스프레스 망우점,구분없음,,208781.999418607,454740.62692431,2026-08-26 22:48:10,U,1,정상영업,2026-08-25 11:26:21,,2011-08-09,364.6,131-233,서울특별시 중랑구 망우3동 410번지 1호,2011306009507500003,3060000,서울특별시 중랑구 용마산로 494 (망우동),,,01,영업/정상,준대규모점포,,,02-434-8545
주식회사 홈플러스익스프레스 면목점,구분없음,,207708.364765906,453525.741161528,2026-08-12 22:48:10,U,1,정상영업,2026-08-11 17:30:02,,2011-08-09,361.1,131-812,서울특별시 중랑구 면목3.8동 499번지 4호,2011306009507500002,3060000,서울특별시 중랑구 면목로 357 (면목동),,,01,영업/정상,준대규모점포,,,02-493-8545
롯데쇼핑(주) 롯데슈퍼 수원세류점,대형마트,2019-08-27,,,2026-03-11 01:45:41,I,3,폐업처리,2019-08-27 10:08:46,,2011-08-05,180,,,2011374017307500008,3740000,경기도 수원시 권선구 세류로 328-8 (세류동),,,03,폐업,준대규모점포,,,031-898-5602
GS THE FRESH 학익점,그 밖의 대규모점포,,170216.500357923,437843.275382345,2026-03-26 22:48:22,I,1,정상영업,2025-04-21 15:26:06,,2011-08-05,1489,,인천광역시 미추홀구 학익동 256-19,2011351009207500003,3510500,인천광역시 미추홀구 소성로 146 (학익동),22224,,01,영업/정상,준대규모점포,,,032-874-1476
지에스 더프레시(GS THE FRESH) 토월점,구분없음,,353991.929834837,192136.233221503,2026-04-30 22:00:15,I,1,정상영업,2025-04-11 09:09:07,,2011-08-04,1474,642-915,경상남도 창원시 성산구 상남동 45번지 1호 성원주상가,2011567024107500004,5670000,"경상남도 창원시 성산구 동산로 124 (상남동, 성원종합상가)",,,01,영업/정상,준대규모점포,,,055-267-2853
홈플러스익스프레스 메트로시티점,그 밖의 대규모점포,,392474.578116018,183052.21115244,2026-07-14 22:18:10,U,1,정상영업,2026-07-13 18:09:37,,2011-08-04,1141.9,,부산광역시 남구 용호동 176-30 엘지메트로시티,2011331008207500001,3310000,"부산광역시 남구 분포로 113, 1005동 201호 (용호동, 엘지메트로시티)",48516,,01,영업/정상,준대규모점포,,,051-612-8005
(주)지에스리테일 포항두호점,복합쇼핑몰,,414597.491507994,287486.804858091,2026-05-07 22:37:44,I,1,정상영업,2025-05-08 09:30:46,,2011-08-02,1002,791-803,경상북도 포항시 북구 두호동 1087번지,2011502018807500004,5020000,경상북도 포항시 북구 용두산길 3 (두호동),,,01,영업/정상,준대규모점포,,,054-251-6213
(주)지에스리테일 포항창포점,복합쇼핑몰,,413632.851469078,287436.511484075,2026-05-07 22:37:44,I,1,정상영업,2025-05-08 09:34:17,,2011-08-02,1475.63,791-804,경상북도 포항시 북구 두호동 1103번지 2호,2011502018807500003,5020000,경상북도 포항시 북구 새천년대로1076번길 4 (두호동),,,01,영업/정상,준대규모점포,,,054-256-9666
(주)지에스리테일 포항죽도점,복합쇼핑몰,,412682.393387098,283074.461465934,2026-05-07 22:37:43,I,1,정상영업,2025-05-08 08:55:25,,2011-08-02,1974,791-843,경상북도 포항시 북구 죽도동 607번지 1호,2011502018807500002,5020000,경상북도 포항시 북구 중흥로 244 (죽도동),,,01,영업/정상,준대규모점포,,,054-278-1448
매일종합상가,그 밖의 대규모점포,2020-11-04,201024.481364815,445492.334204608,2025-12-15 16:15:28,I,3,폐업처리,2020-11-06 09:33:52,,2011-08-02,3917,,서울특별시 서초구 잠원동 60번지 3호,2011321012207500001,3210000,"서울특별시 서초구 잠원로4길 54 (잠원동, 매일종합상가)",06522,,03,폐업,대규모점포,,,
(주)지에스리테일 재송점,그 밖의 대규모점포,2014-04-03,393767.387550068,190085.274360331,2026-05-10 22:54:10,I,3,폐업처리,2014-04-03 10:21:18,,2011-08-01,439,612-832,부산광역시 해운대구 재송2동 1145번지 1호 보라스카이타운 202호,2011333010307500003,3330000,"부산광역시 해운대구 재반로 150, 202호 (재송동,보라스카이타운)",,,03,폐업,준대규모점포,,,051-782-1666
GS THE FRESH 대동점,구분없음,,397869.026215714,188558.251043043,2026-05-10 22:54:10,I,1,정상영업,2025-05-20 17:22:54,,2011-08-01,540,,부산광역시 해운대구 좌동 1228번지 대동타운상가 지하1층,2011333010307500002,3330000,"부산광역시 해운대구 대천로103번길 29 (좌동, 대동타운 대동상가)",48078,,01,영업/정상,준대규모점포,,,051-701-0191
YZ Park 홍대점,전문점,,193296.791432042,450562.931242819,2025-12-15 16:15:28,I,1,정상영업,2020-03-30 14:19:59,,2011-07-29,22471.9,121-818,서울특별시 마포구 동교동 166번지 15호,2011313011807500002,3130000,서울특별시 마포구 양화로 176 (동교동),,,01,영업/정상,대규모점포,,,02-517-7885
(주)지에스리테일거제신현점,구분없음,2023-02-09,348155.835262682,155727.366439313,2025-12-15 16:15:28,I,3,폐업처리,2023-02-09 09:47:26,,2011-07-26,1128,,경상남도 거제시 고현동 970번지 10호,2011537016507500004,5370000,경상남도 거제시 서문로 51 (고현동),53252,,03,폐업,준대규모점포,,,055-736-5001
(주)지에스리테일거제옥포점,구분없음,,354809.000928396,156307.929239522,2025-12-15 16:15:28,I,1,정상영업,2023-02-09 09:42:54,,2011-07-26,2167,,,2011537016507500003,5370000,"경상남도 거제시 옥포대첩로 62 (옥포동, 영남실업㈜)",53229,,01,영업/정상,준대규모점포,,,055-736-5070
(주)지에스리테일거제신현점,구분없음,,348155.835262682,155727.366439313,2025-12-15 16:15:28,I,1,정상영업,2025-04-10 10:41:32,,2011-07-26,1128,656-304,경상남도 거제시 고현동 970번지 10호,2011537016507500002,5370000,경상남도 거제시 서문로 51 (고현동),,2010-04-10,01,영업/정상,준대규모점포,,,055-736-5001
(주)서원유통 탑마트 거제 옥포점,구분없음,,354809.000928396,156307.929239522,2025-12-15 16:15:28,I,1,정상영업,2025-04-24 10:23:58,,2011-07-26,2167,656-130,경상남도 거제시 옥포동 533번지 3호 외 5필지,2011537016507500001,5370000,경상남도 거제시 옥포대첩로 62 (옥포동),,2009-08-10,01,영업/정상,준대규모점포,,,051-330-2583
홈플러스(주) 전주효자점,대형마트,,210232.852798594,256286.73889888,2025-12-15 16:15:28,I,1,정상영업,2024-03-04 11:08:21,,2011-07-26,22657,560-856,전북특별자치도 전주시 완산구 효자동1가 431번지 5호,2011464036307500003,4641000,전북특별자치도 전주시 완산구 용머리로 31 (효자동1가),,,01,영업/정상,대규모점포,,,063-281-8125
롯데슈퍼안면도점,그 밖의 대규모점포,,141107.847258754,334985.259300004,2026-03-26 22:48:23,I,1,정상영업,2014-11-25 16:37:52,,2011-07-26,617,357-961,충청남도 태안군 안면읍 승언리 1277번지 1호,2011462006607500001,4620000,충청남도 태안군 안면읍 방포로 35,,,01,영업/정상,준대규모점포,,,
(주)지에스리테일홍천점,그 밖의 대규모점포,,277870.200862898,465464.803193958,2025-12-15 16:15:28,I,1,정상영업,2016-02-05 14:23:14,,2011-07-26,1441,250-805,강원특별자치도 홍천군 홍천읍 신장대리 62번지 1호,2011425009607500001,4251000,강원특별자치도 홍천군 홍천읍 홍천로 344,,,01,영업/정상,준대규모점포,,,033-435-0085
(주)지에스리테일신주례점,복합쇼핑몰,,383384.19405997,185715.842995396,2025-12-15 16:15:28,I,1,정상영업,2025-04-20 16:08:45,,2011-07-26,558,617-832,부산광역시 사상구 주례2동 10번지 4호 엘지신주례아파트 상가동 제지하층 제1호,2011339008307500003,3390000,"부산광역시 사상구 백양대로342번길 17, 상가동 지하1호 (주례동, 신주례엘지아파트)",,,01,영업/정상,준대규모점포,,,051-326-6690
(주)지에스리테일주례점,복합쇼핑몰,,382436.672627765,185119.096733246,2025-12-15 16:15:28,I,1,정상영업,2025-04-20 16:17:08,,2011-07-26,745,617-010,부산광역시 사상구 주례동 595번지 럭키종합상가 제18동 제지하층,2011339008307500002,3390000,"부산광역시 사상구 가야대로284번길 2, 18동 지하층 (주례동, 럭키종합상가)",,,01,영업/정상,준대규모점포,,,
홈플러스(주)익스프레스 부전점,구분없음,,387908.119183991,186683.255444045,2026-07-04 22:18:10,U,1,정상영업,2026-07-03 13:20:43,,2011-07-26,357.35,614-042,부산광역시 부산진구 전포2동 876번지 4호,2011329008507500007,3290000,부산광역시 부산진구 중앙대로 786 (전포동),,,01,영업/정상,준대규모점포,,,051-806-8547
(주)지에스리테일 부암점,구분없음,,385570.015221682,187424.7082035,2025-12-15 16:15:28,I,1,정상영업,2019-01-07 15:30:58,,2011-07-26,836.2,614-840,부산광역시 부산진구 부암동 500번지 외 4필지,2011329008507500006,3290000,"부산광역시 부산진구 당감서로80번길 19, 21동 상가층 (부암동)",,,01,영업/정상,준대규모점포,,,051-802-4944
(주)지에스리테일 개금점,구분없음,,385002.870304631,186361.24583842,2025-12-15 16:15:28,I,1,정상영업,2025-04-14 10:11:02,,2011-07-26,580.3,614-810,부산광역시 부산진구 개금3동 53번지 3호 지하 1층,2011329008507500005,3290000,부산광역시 부산진구 백양관문로 3 (개금동),,,01,영업/정상,준대규모점포,,,051-895-5161
(주)지에스리테일 초읍점,구분없음,,386532.400526395,188444.325227743,2025-12-15 16:15:28,I,1,정상영업,2025-04-14 10:09:53,,2011-07-26,1203,614-080,부산광역시 부산진구 초읍동 275번지 4호,2011329008507500004,3290000,"부산광역시 부산진구 새싹로 244, 1~2층 (초읍동)",,,01,영업/정상,준대규모점포,,,051-895-5161
(주)지에스리테일 GS더프레시 울산태화점,구분없음,,409276.15205248,230745.196101658,2026-05-06 22:48:24,I,1,정상영업,2025-04-18 13:09:27,,2011-07-25,418,,울산광역시 중구 태화동 37-29,2014369009907500001,3690000,울산광역시 중구 명륜로 23 (태화동),44452,,01,영업/정상,준대규모점포,,,052-246-8116
(주)서원유통 부곡점,구분없음,,390264.860389309,193541.558799919,2025-12-15 16:15:28,I,1,정상영업,2025-04-30 17:48:10,,2011-07-25,1495,609-320,부산광역시 금정구 부곡동 333번지 1호,2011335008507500001,3350000,부산광역시 금정구 부곡로 79 (부곡동),,,01,영업/정상,준대규모점포,,,051-583-1501
홈플러스(주)익스프레스구산점,그 밖의 대규모점포,,192563.874496397,456570.084566278,2026-08-08 22:48:10,U,1,정상영업,2026-08-07 10:20:55,,2011-07-25,510,122-819,서울특별시 은평구 구산동 1번지 24호,2011311013107500002,3110000,서울특별시 은평구 서오릉로 145 (구산동),,,01,영업/정상,준대규모점포,,,02-358-8546
이마트 서산점,대형마트,,153402.526239337,365343.26499901,2026-03-26 22:48:23,I,1,정상영업,2024-04-24 09:01:48,,2011-07-22,9972.4,356-040,충청남도 서산시 잠홍동 463번지 외 7필지,2011453021107500001,4530000,"충청남도 서산시 서해로 3685 (잠홍동,외 7필지)",,,01,영업/정상,대규모점포,,,041-670-1271
(주)지에스리테일 GS수퍼 월성점,대형마트,2021-07-22,338254.888490236,260132.208009865,2025-12-15 16:15:28,I,3,폐업처리,2021-07-22 11:09:52,,2011-07-21,611,704-828,대구광역시 달서구 월성동 273번지 4호,2014347011707500008,3470000,"대구광역시 달서구 월성로 42, 115호 117호 (월성동)",,,03,폐업,준대규모점포,,,
(주)지에스리테일 GS수퍼 대구월곡점,대형마트,,339656.946917105,258136.225468779,2025-12-15 16:15:28,I,1,정상영업,2025-05-29 11:18:51,,2011-07-21,313,704-818,대구광역시 달서구 상인동 1527번지 3호,2014347011707500007,3470000,대구광역시 달서구 상화북로 187 (상인동),,,01,영업/정상,준대규모점포,,,
(주)지에스리테일 GS수퍼 대구월서점,대형마트,2017-10-24,338300.745101101,259066.123687973,2025-12-15 16:15:28,I,3,폐업처리,2017-10-26 13:47:40,,2011-07-21,718,704-819,대구광역시 달서구 상인동 1595번지,2014347011707500006,3470000,"대구광역시 달서구 조암남로 17, 101~103호 (상인동)",,,03,폐업,준대규모점포,,,
(주)지에스리테일 GS수퍼 대구상인점,대형마트,2017-10-24,,,2025-12-15 16:15:28,I,3,폐업처리,2017-10-26 13:47:20,,2011-07-21,676,704-758,대구광역시 달서구 상인동 1475번지,2014347011707500005,3470000,"대구광역시 달서구 상화북로 160, A동 101호 (상인동, 백조아파트상가)",,,03,폐업,준대규모점포,,,
(주)지에스리테일 GS수퍼 본리점,대형마트,,339230.845140453,261410.555121064,2025-12-15 16:15:28,I,1,정상영업,2025-05-29 11:08:23,,2011-07-21,311,704-912,대구광역시 달서구 본리동 76번지 2호,2014347011707500004,3470000,"대구광역시 달서구 장기로 167, 223동 118~122호 (본리동, 성당래미안이편한세상)",,,01,영업/정상,준대규모점포,,,
홈플러스(주)익스프레스 당감점,구분없음,2012-04-13,385629.575505364,187249.168576442,2025-12-15 16:15:28,I,3,폐업처리,2019-01-07 15:33:25,,2011-07-19,296.3,614-100,부산광역시 부산진구 당감동 734번지 21호,2011329008507500003,3290000,부산광역시 부산진구 당감서로80번길 22 (당감동),,,03,폐업,준대규모점포,,,051-892-8543
(주)지에스리테일GS수퍼 인천병방점,그 밖의 대규모점포,2016-11-21,177256.178239344,449391.039560674,2026-05-10 23:19:02,I,3,폐업처리,2016-11-21 09:48:19,,2011-07-18,988,407-320,인천광역시 계양구 병방동 167번지 2호,2011355005907500001,3550000,인천광역시 계양구 병방로 27 (병방동),,,03,폐업,준대규모점포,,,032-542-9552
홈플러스(주) 익스프레스 상도점,쇼핑센터,2025-05-31,194064.994071226,444089.838269412,2026-05-03 22:37:50,I,3,폐업처리,2025-05-29 17:08:56,,2011-07-14,304.1,156-843,서울특별시 동작구 상도4동 255번지 4호,2011319012807500002,3190000,서울특별시 동작구 성대로 43 (상도동),,,03,폐업,준대규모점포,,,
씨에스유통 (롯데슈퍼화곡2점),구분없음,,187464.403178638,447877.710664426,2026-02-24 22:18:10,U,1,정상영업,2026-02-23 17:38:08,,2011-07-14,1524.6,157-900,서울특별시 강서구 화곡4동 830번지 1호,2011315012307500003,3150000,서울특별시 강서구 등촌로5길 80 (화곡동),,,01,영업/정상,준대규모점포,,,02-2643-2211
(주)지에스리테일 군산나운점,그 밖의 대규모점포,2024-03-18,172990.997205494,274037.79526228,2026-05-06 22:48:23,I,3,폐업처리,2024-03-18 11:02:08,,2011-07-13,819.33,573-866,전북특별자치도 군산시 나운동 486번지 1호,2011467017707500001,4671000,전북특별자치도 군산시 수송로 50 (나운동),,,03,폐업,준대규모점포,,,063-734-3005
해가든프라자,그 밖의 대규모점포,,196587.030630143,444939.455414947,2026-08-22 22:18:10,U,1,정상영업,2026-08-21 14:26:22,,2011-07-13,5051.61,156-070,서울특별시 동작구 흑석동 332번지,2011319012807500001,3190000,서울특별시 동작구 서달로 150 (흑석동),,,01,영업/정상,대규모점포,,,
롯데쇼핑(주)롯데수퍼효자점,그 밖의 대규모점포,,211378.359542979,256160.998856098,2026-04-21 03:03:03,U,1,정상영업,2026-04-20 16:47:28,,2011-07-07,934.9,,전북특별자치도 전주시 완산구 효자동1가 197번지 2호,2011464036307500002,4641000,전북특별자치도 전주시 완산구 효동2길 8 (효자동1가),55093,,01,영업/정상,준대규모점포,,,063-224-4545
주식회사 홈플러스익스프레스 모라점,그 밖의 대규모점포,,381395.589872007,189216.398760621,2026-07-14 22:18:10,U,1,정상영업,2026-07-13 08:34:15,,2011-07-07,1928,617-081,부산광역시 사상구 모라1동 425번지 2호,2011339008307500001,3390000,부산광역시 사상구 모라로 116 (모라동),,,01,영업/정상,준대규모점포,,,051-328-2862
홈플러스 대구스타디움점,대형마트,2021-07-01,352335.045028381,260158.750203679,2026-05-03 22:40:51,I,3,폐업처리,2021-07-06 17:04:25,,2011-07-06,11065,706-130,대구광역시 수성구 대흥동 504번지,2011346011707500001,3460000,대구광역시 수성구 유니버시아드로 140 (대흥동),,,03,폐업,대규모점포,,,053-664-8124
(주)지에스리테일 청주사직점,구분없음,,241739.269410736,347853.672122816,2026-05-06 22:48:33,I,1,정상영업,2025-04-22 10:49:25,,2011-07-05,447.1,361-833,충청북도 청주시 서원구 사창동 357-8번지,2014436020307500003,5710000,충청북도 청주시 서원구 창직로55번길 7 (사창동),,,01,영업/정상,준대규모점포,,,043-263-4600
(주)지에스리테일 청주점,구분없음,,242170.204013064,346191.916777315,2026-05-06 22:48:33,I,1,정상영업,2025-04-22 10:37:47,,2011-07-05,980.28,361-151,충청북도 청주시 서원구 수곡동 904번지,2014436020307500002,5710000,충청북도 청주시 서원구 구룡산로 242 (수곡동),,,01,영업/정상,준대규모점포,,,043-292-1888
롯데슈퍼추부가맹점,그 밖의 대규모점포,2013-12-31,242444.61753194,298990.524793339,2026-05-06 22:48:23,I,3,폐업처리,2013-12-31 13:30:32,,2011-07-05,493,312-941,충청남도 금산군 추부면 마전리 427번지,2011455001007500001,4550000,충청남도 금산군 추부면 하마전로 56-7,,,03,폐업,준대규모점포,,,041-751-4333
농협중앙회 옹진군지부 하나로마트,,2012-04-12,,,2026-03-26 22:48:22,I,3,폐업처리,2012-04-12 14:08:57,,2011-07-05,242.52,402-835,인천광역시 남구 주안1동 195번지,2011351009207500002,3510500,,,,03,폐업,준대규모점포,,,032-860-3560
롯데쇼핑(주) 롯데슈퍼 이천갈산점,구분없음,2021-01-01,240460.438731023,420391.082149565,2026-05-09 22:02:22,I,3,폐업처리,2022-01-10 15:59:21,,2011-07-04,615,,경기도 이천시 갈산동 592번지 43호,2018407008807500002,4070000,경기도 이천시 증신로 83 (갈산동),17359,,03,폐업,준대규모점포,,,031-637-5603
주식회사 홈플러스익스프레스 태릉점,구분없음,,206771.217305763,455221.989517331,2026-08-25 22:48:10,U,1,정상영업,2026-08-24 18:25:50,,2011-07-04,466.1,131-122,서울특별시 중랑구 중화2동 314번지 1호,2011306009507500001,3060000,서울특별시 중랑구 동일로129길 35 (중화동),,,01,영업/정상,준대규모점포,,,02-491-8545
주식회사 홈플러스익스프레스 화곡점,구분없음,,185681.122656637,448813.441620263,2026-07-14 22:18:10,U,1,정상영업,2026-07-13 16:30:43,,2011-07-01,236,157-924,서울특별시 강서구 화곡3동 1065번지 8호,2011315012307500002,3150000,서울특별시 강서구 화곡로 153 (화곡동),,,01,영업/정상,준대규모점포,,,02-2065-8534
롯데슈퍼 유진점,구분없음,,194850.361025035,454344.432517428,2026-05-06 22:37:16,U,1,정상영업,2026-02-23 16:05:33,,2011-07-01,2040,,서울특별시 서대문구 홍제동 294번지 46호 유진상가,2018312018307500002,3120000,"서울특별시 서대문구 통일로 484, 유진상가 1층 (홍제동)",03628,,01,영업/정상,준대규모점포,,,02-395-3674
롯데쇼핑(주) 롯데마트 아산점,대형마트,,,,2026-05-06 22:48:25,U,2,휴업처리,2026-05-04 10:56:56,,2011-06-30,13738,336-857,충청남도 아산시 배방읍 장재리 13번지 1호 택지개발지구M-1블럭Y시티주상복합상가1층,2011452022507500002,4520000,충청남도 아산시 배방읍 광장로 210,,,02,휴업,대규모점포,2026-06-23,2027-06-22,041-539-2520
주식회사 홈플러스익스프레스 주안점,그 밖의 대규모점포,,173092.342931106,439957.957398464,2026-07-29 22:48:10,U,1,정상영업,2026-07-28 11:06:15,,2011-06-30,501,,인천광역시 미추홀구 주안동 892-1 두산주상복합아파트,2011351009207500001,3510500,"인천광역시 미추홀구 석산로 42 (주안동, 두산주상복합아파트)",22144,,01,영업/정상,준대규모점포,,,032-441-8546
주식회사 홈플러스익스프레스 도림점,구분없음,,191157.139334361,444953.005202762,2026-08-12 22:18:10,U,1,정상영업,2026-08-11 13:08:11,,2011-06-30,240.5,150-833,서울특별시 영등포구 도림동 251번지 5호,2011318016307500002,3180000,서울특별시 영등포구 도신로 75 (도림동),,,01,영업/정상,준대규모점포,,,02-833-8535
주식회사 홈플러스익스프레스 신정점,구분없음,,186934.14769332,446336.680481997,2026-07-03 22:18:10,U,1,정상영업,2026-07-02 16:29:15,,2011-06-30,213,158-073,서울특별시 양천구 신정3동 1183번지 12호,2011314011407500002,3140000,서울특별시 양천구 중앙로 255-1 (신정동),,,01,영업/정상,준대규모점포,,,26968546
홈플러스익스프레스 마산호계점,구분없음,,338565.952032288,197423.081824261,2026-06-30 03:03:03,U,1,정상영업,2026-06-29 11:04:27,,2011-06-29,479.7,630-856,경상남도 창원시 마산회원구 내서읍 호계리 65번지,2011567024107500003,5670000,경상남도 창원시 마산회원구 내서읍 광려천북로 198-2,,,01,영업/정상,준대규모점포,,,055-232-8052
홈플러스익스프레스 석전점,복합쇼핑몰,,343608.326889913,193632.616766862,2026-06-30 03:03:03,U,1,정상영업,2026-06-29 11:34:23,,2011-06-29,363.3,630-807,경상남도 창원시 마산회원구 석전2동 245번지 3호,2011567024107500002,5670000,경상남도 창원시 마산회원구 양덕서8길 10 (석전동),,,01,영업/정상,준대규모점포,,,055-255-8545
홈플러스(주) 익스프레스 월영점,그 밖의 대규모점포,2021-02-25,341862.565103268,187325.561449479,2026-04-30 22:00:14,I,3,폐업처리,2021-02-25 20:51:35,,2011-06-29,229,,경상남도 창원시 마산합포구 월영동 703번지 2호 대동아파트,2011567024107500001,5670000,"경상남도 창원시 마산합포구 월영남로 42, 상가동 201~203호 (월영동)",51771,,03,폐업,준대규모점포,,,055-221-8545
GS슈퍼 경주현곡점,그 밖의 대규모점포,,398879.500226616,265357.666514351,2025-12-15 16:15:28,I,1,정상영업,2021-07-26 15:52:28,,2011-06-28,0,,경상북도 경주시 현곡면 금장리 442-1 gs슈퍼마켓,2021505035207500008,5050000,"경상북도 경주시 현곡면 안현로 8, gs슈퍼마켓",38051,,01,영업/정상,준대규모점포,,,054-774-8534
주식회사 롯데슈퍼 무안점,그 밖의 대규모점포,,151821.824787706,165412.261458537,2026-07-14 11:38:15,I,1,정상영업,2018-04-17 13:35:07,,2011-06-27,901,,전남광주통합특별시 무안군 무안읍 성남리 813번지 18호,2011495009707500001,5880000,전남광주통합특별시 무안군 무안읍 면성1길 131,58529,,01,영업/정상,준대규모점포,,,061-454-9400
롯데슈퍼 강서점,구분없음,,238386.711216501,347101.987654595,2026-05-06 22:48:30,I,4,직권취소,2018-04-05 16:25:09,,2011-06-27,942.45,,,2012436012407500001,5710000,충청북도 청주시 흥덕구 서현동로 20 (강서동),,,04,취소/말소/만료/정지/중지,준대규모점포,,,043-232-6580
롯데슈퍼강서점,구분없음,2022-10-05,238386.711216501,347101.987654595,2026-05-06 22:48:30,I,3,폐업처리,2022-10-06 09:50:37,,2011-06-27,942.45,,,2011436020307500001,5710000,충청북도 청주시 흥덕구 서현동로 20 (강서동),,,03,폐업,준대규모점포,,,043-232-6580
롯데쇼핑(주)롯데슈퍼신현점,그 밖의 대규모점포,,,,2026-07-01 13:36:35,I,1,정상영업,2026-05-04 13:54:10,,2011-06-27,1579,404-240,인천광역시 서해구 신현동 134번지 25호,2011356010207500002,3561000,인천광역시 서해구 염곡로 351 (신현동),,,01,영업/정상,준대규모점포,,,
(주)농협유통 하나로마트 가좌점,그 밖의 대규모점포,,,,2026-07-01 13:36:35,I,1,정상영업,2024-09-10 14:58:45,,2011-06-27,1369.7,,인천광역시 서해구 가좌동 가좌한신휴플러스2차아파트 단지내상가,2011356010207500001,3561000,"인천광역시 서해구 장고개로337번길 16 (가좌동, 가좌한신 휴아파트 상가)",22810,,01,영업/정상,준대규모점포,,,032-573-8288
롯데쇼핑(주) 롯데슈퍼 영월점,그 밖의 대규모점포,,329961.246335626,410133.019258366,2026-04-24 21:18:11,U,1,정상영업,2026-04-22 14:34:01,,2011-06-24,764.5,230-808,강원특별자치도 영월군 영월읍 하송리 251번지 2호,2011427005907500001,4271000,강원특별자치도 영월군 영월읍 중앙로 5-10,,,01,영업/정상,준대규모점포,,,033-373-5601
홈플러스(주) 익스프레스 동부점,대형마트,2023-12-23,398320.448936443,188713.364513609,2026-05-10 22:54:10,I,3,폐업처리,2023-12-22 14:41:02,,2011-06-24,212,612-778,부산광역시 해운대구 좌4동 1412번지 동부아파트 상가동 103호,2011333010307500001,3330000,"부산광역시 해운대구 세실로 158, 상가동 103호 (좌동,동부아파트)",,,03,폐업,준대규모점포,,,051-701-8521
주식회사 홈플러스익스프레스 토곡점,그 밖의 대규모점포,,391426.197700912,189675.658843247,2026-06-30 03:03:03,U,1,정상영업,2026-06-29 15:11:45,,2011-06-23,224.3,611-817,부산광역시 연제구 연산9동 399번지 10호,2011337006907500002,3370000,부산광역시 연제구 과정로 226 (연산동),,,01,영업/정상,준대규모점포,,,051-751-8565
영동전통시장,그 밖의 대규모점포,,202023.395227792,445302.915908145,2025-12-15 16:15:28,I,1,정상영업,2019-08-31 10:59:45,,2011-06-23,0,135-011,서울특별시 강남구 논현1동 140번지 외 44필지,2011322016207500003,3220000,"서울특별시 강남구 강남대로124길 22, 3층 301호 (논현동)",,,01,영업/정상,대규모점포,,,
트레이더스 홀세일클럽 안산점,대형마트,,180873.786214121,425492.088360076,2025-12-15 16:15:28,I,1,정상영업,2023-06-30 17:46:41,,2011-06-22,9207.06,,경기도 안산시 단원구 신길동 1687번지 이마트트레이더스,2011393027607500003,3930000,"경기도 안산시 단원구 중앙대로 397, 이마트트레이더스 (신길동)",15402,,01,영업/정상,대규모점포,,,02-380-9422
홈플러스(주) 익스프레스 대구월촌점,대형마트,2013-10-02,339246.994532553,258241.360670906,2025-12-15 16:15:28,I,3,폐업처리,2013-10-04 10:49:30,,2011-06-22,428.9,704-371,대구광역시 달서구 상인1동 518번지 2호,2013347011707500007,3470000,대구광역시 달서구 월곡로 219 (상인동),,,03,폐업,준대규모점포,,,053-639-0434
홈플러스(주) 익스프레스 이곡점,대형마트,2015-11-29,335728.273516917,262684.165543172,2025-12-15 16:15:28,I,3,폐업처리,2015-12-11 17:37:18,,2011-06-22,464.42,704-939,대구광역시 달서구 이곡동 1196번지 3호,2013347011707500006,3470000,대구광역시 달서구 계대동문로 102 (이곡동),,,03,폐업,준대규모점포,,,053-591-8547
(주)홈플러스익스프레스 감삼점,대형마트,,339440.669923424,261637.957403825,2026-07-14 22:18:10,U,1,정상영업,2026-07-13 14:21:36,,2011-06-22,339.1,,대구광역시 달서구 감삼동 206-75,2013347011707500005,3470000,대구광역시 달서구 당산로 83 (감삼동),42653,,01,영업/정상,준대규모점포,,,053-553-8546
(주)홈플러스익스프레스 용산점,대형마트,,338205.215347484,262968.826072739,2026-07-14 22:18:10,U,1,정상영업,2026-07-13 14:22:26,,2011-06-22,282.2,704-936,대구광역시 달서구 용산동 934번지 1호,2013347011707500004,3470000,대구광역시 달서구 용산로 220 (용산동),,,01,영업/정상,준대규모점포,,,053-525-8546
(주)홈플러스익스프레스 상인점,대형마트,,339717.020272848,258942.835947393,2026-07-14 22:18:10,U,1,정상영업,2026-07-13 14:23:10,,2011-06-22,211.24,704-371,대구광역시 달서구 상인1동 860번지 3호,2013347011707500003,3470000,대구광역시 달서구 송현로7길 19 (상인동),,,01,영업/정상,준대규모점포,,,053-631-8545
(주)홈플러스익스프레스 용산2점,대형마트,,337097.037439529,262588.592202503,2026-07-14 22:18:10,U,1,정상영업,2026-07-13 14:23:50,,2011-06-22,308,704-131,대구광역시 달서구 용산1동 414번지 5호,2013347011707500002,3470000,대구광역시 달서구 성지로 27 (용산동),,,01,영업/정상,준대규모점포,,,053-586-8545
홈플러스(주)익스프레스 월성점,대형마트,2025-06-24,338293.861580158,259678.714163609,2025-12-15 16:15:28,I,3,폐업처리,2025-09-26 10:06:29,,2011-06-22,189,704-401,대구광역시 달서구 월성1동 89번지 2호,2013347011707500001,3470000,대구광역시 달서구 학산로 17 (월성동),,,03,폐업,준대규모점포,,,053-642-8545
(주)지에스리테일 GS수퍼상계중앙점,대형마트,2011-07-19,206033.023278317,461935.33920381,2025-12-15 16:15:28,I,3,폐업처리,2011-12-28 11:16:03,,2011-06-21,515.6,139-202,서울특별시 노원구 상계2동 1318번지 노원아이파크 지하1층,2011310018407500003,3100000,,,,03,폐업,준대규모점포,,,69333041
롯데쇼핑(주) 롯데슈퍼공릉점,구분없음,,206952.444113646,457814.529614419,2026-05-07 03:03:03,U,1,정상영업,2026-05-06 16:07:32,,2011-06-21,397.7,,서울특별시 노원구 공릉동 238번지 53호,2011310018407500002,3100000,"서울특별시 노원구 공릉로 144 (공릉동, 공릉빌딩)",01819,,01,영업/정상,준대규모점포,,,02-971-5601
(주)지에스리테일 GS수퍼상계점,구분없음,,205715.538939251,462416.211580109,2025-12-15 16:15:28,I,1,정상영업,2025-05-21 09:44:13,,2011-06-21,1505.36,139-826,서울특별시 노원구 상계동 684번지,2011310018407500001,3100000,서울특별시 노원구 한글비석로 471 (상계동),,,01,영업/정상,준대규모점포,,,20910011
주식회사 홈플러스익스프레스 부산연제점,그 밖의 대규모점포,,390616.441119873,188113.291136994,2026-06-30 03:03:03,U,1,정상영업,2026-06-29 15:14:26,,2011-06-20,375,611-836,부산광역시 연제구 연산6동 2133번지 8호,2011337006907500001,3370000,부산광역시 연제구 배산로 10 (연산동),,,01,영업/정상,준대규모점포,,,051-867-8548
(주)홈플러스익스프레스 도원점,복합쇼핑몰,,338706.883294401,257347.594572499,2026-07-14 22:18:10,U,1,정상영업,2026-07-13 14:20:37,,2011-06-17,567.74,704-802,대구광역시 달서구 도원동 1442번지 1호,2013347011707500008,3470000,대구광역시 달서구 도원로 36 (도원동),,,01,영업/정상,준대규모점포,,,053-632-8544
홈플러스(주) 고양터미널점,대형마트,,181369.967204096,460117.354561195,2025-12-15 16:15:28,I,1,정상영업,2024-03-04 10:37:27,,2011-06-15,18422.06,410-816,경기도 고양시 일산동구 백석동 1242번지,2011394025707500001,3940000,경기도 고양시 일산동구 중앙로 1036-0 (백석동),,2014-10-16,01,영업/정상,대규모점포,2014-07-25,2014-12-15,031-960-8264
홈플러스(주) 동청주점,대형마트,2017-05-01,244184.944567344,351834.595747257,2026-05-06 22:48:30,U,3,폐업처리,2026-01-09 17:16:33,,2011-06-10,15531,,충청북도 청주시 청원구 율량동 500-3번지,2011436012407500001,5710000,충청북도 청주시 청원구 충청대로 114 (율량동),,,03,폐업,대규모점포,,,043-290-8000
(주)이마트 아산점,대형마트,,201878.423890349,363909.743136977,2026-05-06 22:48:24,I,1,정상영업,2024-04-22 10:24:08,,2011-06-09,7087.63,336-060,충청남도 아산시 풍기동 192번지 2호 외 7필지,2006452011607500001,4520000,충청남도 아산시 온천대로 1678 (풍기동),,,01,영업/정상,대규모점포,,,041-422-1052
롯데쇼핑(주)롯데슈퍼 오천점,구분없음,2018-03-07,417815.456129428,276545.396098292,2026-05-07 22:37:43,I,3,폐업처리,2018-03-12 18:04:10,,2011-06-08,1463.3,,경상북도 포항시 남구 오천읍 세계리 857번지 1호 외 2필지,2011502018807500001,5020000,경상북도 포항시 남구 오천읍 세계길 33,37912,2011-08-05,03,폐업,준대규모점포,2011-02-14,2011-09-29,054-293-5601
(주)이마트 신제주점,대형마트,,151626.960526165,-1123.90701929614,2025-12-15 16:15:28,I,1,정상영업,2024-04-29 13:19:24,,2011-05-31,7148.4,,,2011651001907500001,6510000,제주특별자치도 제주시 1100로 3348 (노형동),,,01,영업/정상,대규모점포,,,
롯데쇼핑(주)롯데마트 아산점,대형마트,,,,2026-05-06 22:48:24,I,1,정상영업,2011-05-30 11:01:41,,2011-05-30,15518,336-850,충청남도 아산시 배방읍 택지개발지구 M-1블럭 Y시티주상복합상가1층,2011452022507500001,4520000,,,,01,영업/정상,,,,041-539-2520
홈플러스 인천연수점,대형마트,,171926.076708191,433811.136423145,2026-05-11 23:16:51,I,1,정상영업,2024-02-29 12:16:31,,2011-05-30,27543,406-827,인천광역시 연수구 동춘3동 926번지,2011352006807500001,3520000,인천광역시 연수구 청능대로 210 (동춘동),,,01,영업/정상,대규모점포,,,032-430-8123
(주)이마트 여의도점,대형마트,,193393.096553574,446218.443828439,2026-05-11 22:40:06,I,1,정상영업,2024-04-19 17:32:27,,2011-05-23,3536.87,,,2011318016307500001,3180000,서울특별시 영등포구 여의동로3길 10 (여의도동),,,01,영업/정상,대규모점포,,,02-2280-1234
(주)이마트 제천점,대형마트,,308612.065962418,403106.413353613,2026-01-08 22:48:10,U,1,정상영업,2026-01-07 09:29:31,,2011-05-20,8257.41,390-160,충청북도 제천시 강제동 684번지,2011440018107500001,4400000,충청북도 제천시 장평천로 11 (강제동),,,01,영업/정상,대규모점포,,,043-641-1051
(주)이마트 안성점,대형마트,,222711.793919182,390149.787207476,2026-05-10 22:09:12,I,4,직권취소,2012-07-27 17:05:27,2011-05-20,2011-05-20,10035.66,456-240,경기도 안성시 석정동 149번지 3호,2011408014107500001,4080000,경기도 안성시 중앙로 246 (석정동),,,04,취소/말소/만료/정지/중지,대규모점포,,,
(주)이마트 목동점,대형마트,,188551.299139509,447076.288051741,2025-12-15 16:15:28,I,1,정상영업,2024-04-23 09:29:35,,2011-05-20,14074.76,158-766,서울특별시 양천구 목1동 962번지 1호 목동트라팰리스 내,2011314011407500001,3140000,서울특별시 양천구 오목로 299 (목동),,,01,영업/정상,대규모점포,,,02-6923-1234
트레이더스 홀세일 클럽 월평점,복합쇼핑몰,,232507.184505762,317488.107936776,2026-05-07 22:30:16,I,1,정상영업,2024-04-30 17:46:07,,2011-05-19,11319,302-280,대전광역시 서구 월평동 510번지,2008366011107500001,3660000,대전광역시 서구 한밭대로 580 (월평동),,,01,영업/정상,대규모점포,,,
(주)이마트 산본점,대형마트,,193861.874466854,428787.505318045,2025-12-15 16:15:28,I,1,정상영업,2024-04-17 17:54:35,,2011-05-17,12198,435-040,경기도 군포시 산본동 1123번지,2010402010807500001,4020000,경기도 군포시 산본로 347 (산본동),,,01,영업/정상,대규모점포,,,031-450-1053
(주)이마트,대형마트,2021-04-28,192659.77458798,184961.882216707,2026-07-14 11:38:15,I,3,폐업처리,2021-06-07 10:03:38,,2011-05-16,6100,501-802,전남광주통합특별시 동구 계림2동 100번지 11호,2011359008107500001,5805000,전남광주통합특별시 동구 중앙로 358 (계림동),,,03,폐업,대규모점포,,,
롯데아울렛 이시아폴리스점,복합쇼핑몰,,347690.434441289,270271.225719383,2026-04-30 22:30:10,U,1,정상영업,2026-04-14 15:16:43,,2011-04-26,27231.15,701-170,대구광역시 동구 봉무동 1545번지,2011342011107500001,3420000,대구광역시 동구 팔공로49길 16 (봉무동),,,01,영업/정상,대규모점포,,,
롯데쇼핑(주) 롯데키즈마트 부산점,대형마트,,386646.262710145,186822.941472238,2026-07-04 22:18:10,U,1,정상영업,2026-07-03 13:21:10,,2011-04-22,15674.78,614-091,부산광역시 부산진구 부암1동 257번지,2011329008507500002,3290000,부산광역시 부산진구 신천대로 241 (부암동),,,01,영업/정상,대규모점포,,,051-608-2500
롯데쇼핑(주)롯데마트 홍성점,대형마트,,170963.816189316,344485.565134627,2026-05-06 22:48:25,I,1,정상영업,2025-05-16 11:04:49,,2011-04-19,6086,350-801,충청남도 홍성군 홍성읍 고암리 1042번지,2011460009107500001,4600000,충청남도 홍성군 홍성읍 조양로247번길 9,,,01,영업/정상,대규모점포,,,041-339-2500
하우스오브신세계 청담,백화점,,203789.588128352,446796.128299612,2025-12-15 16:15:28,U,1,정상영업,2025-12-05 16:01:59,,2011-04-12,3386.04,135-948,서울특별시 강남구 청담동 4번지 1호 외 9필지,2011322016207500002,3220000,서울특별시 강남구 도산대로 442 (청담동),,,01,영업/정상,대규모점포,,,02-6947-1234
SSG Food Market 백화점,백화점,2019-08-31,203789.588128352,446796.128299612,2025-12-15 16:15:28,I,3,폐업처리,2019-08-31 10:57:33,,2011-04-12,3200.38,135-948,서울특별시 강남구 청담동 4번지 1호 외 9필지,2011322016207500001,3220000,서울특별시 강남구 도산대로 442 (청담동),,,03,폐업,대규모점포,,,02-727-1381
롯데쇼핑(주) 롯데슈퍼 수원경기대점,구분없음,2021-04-15,202606.581997861,421964.960096269,2026-03-11 01:45:41,I,3,폐업처리,2022-01-06 20:48:57,,2011-04-11,118,,,2011374017307500005,3740000,경기도 수원시 장안구 광교산로 138 (연무동),,,03,폐업,준대규모점포,,,031-243-5601
서창원농협 호계지점,복합쇼핑몰,,338496.366235131,196791.994015258,2026-05-22 03:03:03,U,1,정상영업,2026-05-21 14:43:06,,2011-04-01,166.16,,경상남도 창원시 마산회원구 내서읍 호계리 182 서창원농협 호계지점,2015567047107500004,5670000,"경상남도 창원시 마산회원구 내서읍 호원로 307, 서창원농협 호계지점",51214,,01,영업/정상,준대규모점포,,,055-231-5005
서창원농협 삼계지점,구분없음,,336799.865560792,193535.088102868,2026-05-21 03:03:03,U,1,정상영업,2026-05-20 10:04:51,,2011-04-01,286.65,,경상남도 창원시 마산회원구 내서읍 삼계리 33-1,2015567047107500003,5670000,경상남도 창원시 마산회원구 내서읍 삼계로 13,51237,,01,영업/정상,준대규모점포,,,055-232-8980
롯데마트 삼계점,그 밖의 대규모점포,,336854.926637507,193664.997477032,2026-04-30 22:00:15,U,1,정상영업,2026-04-28 15:40:09,,2011-04-01,2459.5,,,2015567047107500002,5670000,경상남도 창원시 마산회원구 내서읍 경남대로 927 (롯데마트 삼계점),51236,,01,영업/정상,준대규모점포,,,055-719-5213
내서농협상곡지점,구분없음,,336735.622136942,194760.065788554,2026-04-30 22:00:15,I,4,직권취소,2018-07-27 17:01:10,2017-07-24,2011-04-01,72,,,2015567047107500001,5670000,경상남도 창원시 마산회원구 내서읍 상곡로 22,51218,,04,취소/말소/만료/정지/중지,준대규모점포,,,055-231-3961
홈플러스 평택안중,대형마트,,192485.121561252,387625.950254015,2025-12-15 16:15:28,I,1,정상영업,2024-02-29 10:50:31,,2011-03-28,16000,,경기도 평택시 안중읍 현화리 산 274번지,2011391024407500001,3910000,경기도 평택시 안중읍 서동대로 1489,17816,,01,영업/정상,대규모점포,,,031-8046-8200
홈플러스(주)보령점,복합쇼핑몰,,165267.663548079,315975.315462083,2026-05-06 22:48:24,I,1,정상영업,2024-02-28 14:57:40,,2011-03-21,8967,,충청남도 보령시 명천동 129번지,2011451016407500001,4510000,"충청남도 보령시 명암1길 17 (명천동, 홈플러스)",33430,,01,영업/정상,대규모점포,,,041-939-8000
홈플러스(주) 동대전점,대형마트,,239185.900858619,317088.412646934,2026-05-03 22:32:21,I,1,정상영업,2016-02-11 17:44:44,,2011-03-17,16908.55,300-824,대전광역시 동구 용전동 65번지 1호,2011364010307500001,3640000,대전광역시 동구 한밭대로 1282 (용전동),,,01,영업/정상,대규모점포,,,042-608-8124
장안위더스빌,그 밖의 대규모점포,,205423.969491537,451556.210578255,2025-12-15 16:15:28,I,1,정상영업,2014-10-29 16:21:25,,2011-03-15,5746.45,130-100,서울특별시 동대문구 장안동 580번지,2011305010007500001,3050000,서울특별시 동대문구 한천로 42 (장안동),,,01,영업/정상,대규모점포,,,02-840-3210
현대백화점 대구점,복합쇼핑몰,,343588.735554802,264119.010750105,2026-05-08 22:34:09,I,1,정상영업,2024-03-26 13:55:11,,2011-03-08,36820,,대구광역시 중구 계산동2가 200 현대백화점,2011341007107500001,3410000,대구광역시 중구 달구벌대로 2077 (계산동2가),41936,,01,영업/정상,대규모점포,,,053-245-2233
중앙제일시장,그 밖의 대규모점포,,185571.417328567,423617.16637322,2025-12-15 16:15:28,I,1,정상영업,2011-03-07 10:31:41,,2011-03-04,5641.73,425-809,경기도 안산시 단원구 고잔동 729번지 2호,2011393027607500002,3930000,경기도 안산시 단원구 광덕4로 230 (고잔동),,,01,영업/정상,,,,031-411-7733
홈플러스(주) 광주하남점,대형마트,,182200.812320705,186547.650146985,2026-07-14 11:38:15,I,1,정상영업,2024-08-09 10:02:45,,2011-03-02,10086,506-250,전남광주통합특별시 광산구 하남동 831번지,2009363015207500001,5825000,전남광주통합특별시 광산구 용아로 390 (하남동),,,01,영업/정상,대규모점포,,,062-616-8125
춘천서부시장,그 밖의 대규모점포,,263675.833817836,487157.336209289,2026-05-10 21:30:38,I,1,정상영업,2019-10-15 15:09:47,,2011-02-25,8086,200-112,강원특별자치도 춘천시 소양로2가 172번지 1호,2011418018507500001,4181000,"강원특별자치도 춘천시 서부대성로 12 (소양로2가, 서부시장)",,,01,영업/정상,대규모점포,,,
부산 서면 센트럴스퀘어,그 밖의 대규모점포,,387748.383011444,185533.437357236,2025-12-15 16:15:28,I,1,정상영업,2023-02-09 09:53:41,,2011-02-24,22124,614-032,부산광역시 부산진구 부전2동 537번지 9호,2011329008507500001,3290000,부산광역시 부산진구 중앙대로666번길 50 (부전동),,,01,영업/정상,대규모점포,,,051-949-1515
(주)이마트 동구미점,대형마트,,326413.552127775,290452.303117835,2025-12-15 16:15:28,I,1,정상영업,2024-04-18 15:17:34,,2011-02-23,12976.74,,경상북도 구미시 임수동 92-28,2011508013307500001,5080000,경상북도 구미시 이계북로 23 (임수동),39393,,01,영업/정상,대규모점포,,,054-480-1234
홈플러스(주) 화성향남점,대형마트,,192983.340400871,403222.825363217,2026-02-01 10:52:12,I,1,정상영업,2024-03-13 11:11:00,,2011-02-07,16403,445-926,경기도 화성시 만세구 향남읍 행정리 487번지 1호,2011553021407500001,5530000,경기도 화성시 만세구 향남읍 향남로 402,,,01,영업/정상,대규모점포,,,031-8059-8722
(주)세이브존아이앤씨 전주코아점,쇼핑센터,,213010.115138226,258388.283849404,2025-12-15 16:15:28,I,1,정상영업,2024-06-10 21:38:29,,2011-01-26,18741,,전북특별자치도 전주시 완산구 서노송동 627번지 1호,2011464036307500001,4641000,"전북특별자치도 전주시 완산구 팔달로 262-6 (서노송동, 세이브존)",54995,,01,영업/정상,대규모점포,,,
부일프라자,그 밖의 대규모점포,,184252.314410349,423707.368637448,2025-12-15 16:15:28,I,1,정상영업,2011-02-21 13:23:03,,2011-01-26,5320.93,425-906,경기도 안산시 단원구 고잔동 681번지 2호,2011393027607500001,3930000,경기도 안산시 단원구 광덕4로 96 (고잔동),,,01,영업/정상,,,,031-405-1658
팅스(tings),쇼핑센터,,200062.986060285,418636.066514036,2026-03-11 01:45:41,I,1,정상영업,2014-10-06 11:47:21,,2011-01-25,24843.88,442-081,경기도 수원시 팔달구 매산로1가 23번지,2011374017307500001,3740000,경기도 수원시 팔달구 갓매산로 85 (매산로1가),,,01,영업/정상,대규모점포,,,
강북 북부시장,그 밖의 대규모점포,,202608.934103734,459320.030764534,2026-04-30 22:35:18,I,1,정상영업,2024-03-20 21:36:36,,2011-01-24,2736.8,142-061,서울특별시 강북구 번1동 413번지 3호,2011308013907500002,3080000,서울특별시 강북구 한천로123길 26 (번동),,,01,영업/정상,대규모점포,,,02-902-1683
롯데슈퍼 일동점,그 밖의 대규모점포,,227938.673401934,495257.859851673,2026-04-01 22:05:15,I,4,직권취소,2022-01-12 15:27:15,2022-01-05,2011-01-21,716,,경기도 포천시 일동면 기산리 82-26,2011560012907500001,5600000,경기도 포천시 일동면 화동로 1079,11116,,04,취소/말소/만료/정지/중지,준대규모점포,,,031-536-5601
롯데몰 김포공항,쇼핑센터,,182524.823835629,451438.25089679,2026-04-16 03:03:03,U,1,정상영업,2026-04-15 13:17:35,,2011-01-18,77670,157-222,서울특별시 강서구 방화2동 886번지 외6필지,2011315012307500001,3150000,"서울특별시 강서구 하늘길 38 (방화동, 롯데몰 김포공항)",,,01,영업/정상,대규모점포,,,02-6116-4000
홈플러스 합정점,대형마트,,192311.642580307,449855.643910445,2025-12-15 16:15:28,I,1,정상영업,2024-03-04 18:02:32,,2011-01-06,14201,,서울특별시 마포구 서교동 490번지 1호,2011313011807500001,3130000,"서울특별시 마포구 양화로 45 (서교동, 메세나폴리스)",04036,,01,영업/정상,대규모점포,,,34598000
롯데마트 광복점,대형마트,,385590.814676765,179553.867031936,2026-06-18 03:03:03,U,1,정상영업,2026-06-17 09:28:52,,2011-01-05,12347,600-017,부산광역시 중구 중앙동7가 20번지 1호,2011325008307500001,3250000,부산광역시 중구 중앙대로 2 (중앙동7가),,,01,영업/정상,대규모점포,,,051-678-2500
강북종합시장,그 밖의 대규모점포,,,,2026-04-30 22:35:18,I,1,정상영업,2011-12-19 13:41:27,,2011-01-03,2837,142-073,서울특별시 강북구 수유3동 179번지 5호,2011308013907500001,3080000,서울특별시 강북구 한천로148길 12-43 (수유동),,,01,영업/정상,대규모점포,,,02-994-3989
(주)홈플러스익스프레스 군포수리산역점,구분없음,,,,2026-07-01 03:03:03,U,1,정상영업,2026-06-30 09:58:38,,2011-01-01,264,,경기도 군포시 산본동 1156번지 8호 한라1차아파트 상가,2017402010807500003,4020000,"경기도 군포시 번영로 380-1, 한라1차아파트 상가 상가동 110호 (산본동)",15870,,01,영업/정상,준대규모점포,,,031-398-8545
삼성동 신도브래뉴 주상복합 상가,그 밖의 대규모점포,,204652.111034177,445353.174360925,2025-12-15 16:15:28,I,1,정상영업,2013-12-30 10:34:39,,2010-12-30,0,135-509,서울특별시 강남구 삼성2동 121번지 38호,2010322016207500002,3220000,서울특별시 강남구 삼성로103길 12 (삼성동),,,01,영업/정상,대규모점포,,,34536499
홈플러스(주) 서울 상봉점,대형마트,,207923.745922676,455090.718335439,2025-12-15 16:15:28,I,1,정상영업,2024-02-29 18:12:48,,2010-12-29,22618.65,131-221,서울특별시 중랑구 상봉1동 500번지,2010306009507500003,3060000,"서울특별시 망우로 353-0 (상봉동, 프레미어스 엠코)",,,01,영업/정상,대규모점포,,,02-6922-8100
롯데쇼핑(주) 롯데마트 동인천역점,쇼핑센터,2022-05-17,,,2026-07-01 09:42:12,I,3,폐업처리,2022-05-17 10:36:50,,2010-12-28,15072,400-706,인천광역시 제물포구 인현동 1번지 13호 동인천역사,1989349001207500000,3501000,"인천광역시 제물포구 참외전로 125-0 (인현동, 엔조이쇼핑몰)",,,03,폐업,대규모점포,,,032-763-9211
(주)이마트 마포점,대형마트,,195808.904523588,448910.741283532,2025-12-15 16:15:28,I,1,정상영업,2020-04-29 13:50:50,,2010-12-23,5687.96,121-852,서울특별시 마포구 신공덕동 173번지,2010313011807500002,3130000,서울특별시 마포구  백범로  212 (신공덕동),,,01,영업/정상,대규모점포,,,21971234
(주)이마트 마포점,대형마트,,195808.904523588,448910.741283532,2025-12-15 16:15:28,I,1,정상영업,2024-04-25 13:14:17,,2010-12-23,5687.96,121-802,서울특별시 마포구 공덕동 173번지 대우월드마크마포,2010313011807500001,3130000,서울특별시 마포구 백범로 212 (신공덕동),,,01,영업/정상,대규모점포,,,
메타폴리스몰(METAPOLIS MALL),복합쇼핑몰,,206044.332509042,411453.905695269,2026-08-06 21:48:10,U,1,정상영업,2026-08-05 17:57:12,,2010-12-22,36585.2,445-160,"경기도 화성시 동탄구 반송동 96, 98번지",2010553021407500002,5530000,경기도 화성시 동탄구 동탄중앙로 220 (반송동),,,01,영업/정상,대규모점포,,,031-371-7000
롯데쇼핑(주) 롯데마트 아산점,그 밖의 대규모점포,,,,2026-05-06 22:48:24,I,1,정상영업,2010-12-22 09:47:32,,2010-12-22,15517.5,336-850,충청남도 아산시 배방읍 택지개발지구 M-1블럭 Y시티주상복합상가1층,2010452018707500001,4520000,,,,01,영업/정상,,,,041-621-8910
동두천농협하나로마트,대형마트,,204525.719674795,488583.056118126,2025-12-15 16:15:28,I,1,정상영업,2025-09-19 10:56:59,,2010-12-20,3713.88,483-030,경기도 동두천시 생연동 698번지 11호,2010392005707500001,3920000,경기도 동두천시 중앙로 207 (생연동),,,01,영업/정상,대규모점포,,,031-861-3300
홈플러스 부산 연산점,대형마트,2023-06-15,390220.95452402,189976.508572936,2026-05-04 22:36:26,I,3,폐업처리,2023-06-15 17:39:03,,2010-12-17,20510,611-811,부산광역시 연제구 연산1동 105번지 1호 외19필지,2010337006907500001,3370000,"부산광역시 연제구 반송로 88 (연산동,외19필지)",,,03,폐업,대규모점포,,,051-867-8580
롯데쇼핑(주) 롯데마트맥스 창원중앙점,복합쇼핑몰,,352898.792946041,193096.389570807,2026-05-07 21:48:19,U,1,정상영업,2025-12-31 07:31:40,,2010-12-15,13646,642-030,경상남도 창원시 성산구 중앙동 92번지,2010567002307500001,5670000,경상남도 창원시 성산구 중앙대로 123 (중앙동),,,01,영업/정상,대규모점포,,,055-240-2500
이마트  천안터미널점,대형마트,,213910.850637373,368774.087611534,2025-12-15 16:15:28,I,1,정상영업,2024-04-19 17:52:41,,2010-12-10,6138.86,330-160,충청남도 천안시 동남구 신부동 354번지 1호,2010449023407500003,4490000,충청남도 천안시 동남구 만남로 43 (신부동),,,01,영업/정상,대규모점포,,,041-411-1234
(주)세이브존아이앤씨부천상동점,그 밖의 대규모점포,,178164.089422238,444938.813535045,2025-12-15 16:15:28,I,1,정상영업,2024-04-30 16:46:30,,2010-12-10,7769.7,420-747,"경기도 부천시 원미구 상3동 535번지 5, 6, 7호",2010386021207500002,3860000,경기도 부천시 원미구 길주로 105 (상동),,,01,영업/정상,대규모점포,,,
(주)이마트 파주운정점,대형마트,,177453.945515036,467576.438594292,2026-05-02 22:04:32,I,1,정상영업,2024-04-18 10:28:36,,2010-12-09,10417.88,413-100,경기도 파주시 동패동 1763번지,2010406011007500001,4060000,경기도 파주시 한울로 123 (동패동),,,01,영업/정상,대규모점포,,,031-941-2150
천혜그레이스,그 밖의 대규모점포,,185689.81761758,423609.133118183,2025-12-15 16:15:28,I,1,정상영업,2010-12-09 13:16:25,,2010-12-08,6105.58,425-020,경기도 안산시 단원구 고잔동 729번지 5호,2010393027607500001,3930000,경기도 안산시 단원구 광덕4로 244 (고잔동),,,01,영업/정상,,,,031-411-7733
홈플러스(주) 경기하남점,대형마트,,218722.326285059,448437.965903226,2025-12-15 16:15:28,I,1,정상영업,2024-03-26 09:21:04,,2010-12-07,10650,465-821,경기도 하남시 신장1동 570번지,2010404008507500001,4040000,"경기도 하남시 하남대로 747 (신장동, 홈플러스 하남점)",,,01,영업/정상,대규모점포,,,031-777-7015
홈플러스 부산정관점,대형마트,,397835.275062345,204802.042928644,2026-05-03 22:38:29,I,1,정상영업,2024-03-05 11:38:17,,2010-12-02,7556.89,,부산광역시 기장군 정관읍 매학리 712-1 정관 홈플러스,2010340004407500002,3400000,"부산광역시 기장군 정관읍 정관5로 50, 정관 홈플러스",46015,,01,영업/정상,대규모점포,,,051-519-8224
도봉한양프라자,그 밖의 대규모점포,,204136.58447783,463573.102150294,2025-12-15 16:15:28,I,1,정상영업,2014-09-26 16:13:22,,2010-11-30,3629.76,132-010,서울특별시 도봉구 도봉동 657번지,2010309013407500001,3090000,서울특별시 도봉구 마들로 724 (도봉동),,,01,영업/정상,대규모점포,,,
한화갤러리아(주) 센터시티,백화점,,209271.952837052,366567.801041603,2025-12-15 16:15:28,I,1,정상영업,2023-11-29 09:54:46,,2010-11-29,45344.53,331-230,충청남도 천안시 서북구 불당동 1299번지,2010449023407500002,4490000,충청남도 천안시 서북구 공원로 227 (불당동),,,01,영업/정상,대규모점포,,,041-411-5018
롯데쇼핑(주)롯데마트 마석점,대형마트,,227234.544976879,460930.696005881,2026-06-03 03:03:03,U,1,정상영업,2026-06-02 09:41:53,,2010-11-12,8090.9,472-845,경기도 남양주시 화도읍 마석우리 255번지 24호,2010399021407500001,3990000,경기도 남양주시 화도읍 경춘로 1992,,,01,영업/정상,대규모점포,,,031-748-2500
대림가구타워,전문점,,236803.283781057,313821.111537942,2026-05-03 22:38:32,I,1,정상영업,2014-09-30 08:52:05,,2010-11-09,5502.07,301-830,대전광역시 중구 용두동 23번지 1호 골든타워빌딩 10층,1998365009107500001,3650000,"대전광역시 중구 계룡로 861 (용두동,골든타워빌딩 10층)",,,01,영업/정상,대규모점포,,,042-224-2599
노벨리나,쇼핑센터,,212912.859277727,257618.73045152,2025-12-15 16:15:28,I,1,정상영업,2018-06-11 10:08:30,,2010-10-26,5449.29,560-803,전북특별자치도 전주시 완산구 고사동 412번지 2호 외 9필지,2010464036307500001,4641000,"전북특별자치도 전주시 완산구 전주객사4길 19 (고사동,외 9필지)",,,01,영업/정상,대규모점포,,,063-715-6100
(주)지에스리테일 삼전점,구분없음,2017-03-08,208265.829073588,444957.463368081,2025-12-15 16:15:28,I,3,폐업처리,2017-03-10 17:21:04,,2010-10-25,593.5,,,2014323019807500006,3230000,서울특별시 송파구 석촌호수로 156 (삼전동),,,03,폐업,준대규모점포,,,02-2138-8841
선사엔조이,그 밖의 대규모점포,,233892.359009175,317905.159444619,2026-05-07 22:30:16,I,1,정상영업,2024-05-16 20:32:12,,2010-10-21,6219,302-847,대전광역시 서구 월평2동 245번지,2010366011107500001,3660000,대전광역시 서구 대덕대로317번길 20 (월평동),,,01,영업/정상,대규모점포,,,042-483-2123
홈플러스 대구 수성점,대형마트,,346586.097961164,261066.09520777,2026-05-03 22:40:51,I,1,정상영업,2024-03-04 13:22:21,,2010-10-14,7281,706-080,대구광역시 수성구 두산동 113호  SK리더스뷰 지하1층,2010346011707500001,3460000,대구광역시 수성구 동대구로 95 (두산동),,,01,영업/정상,대규모점포,,,
맥스타일,전문점,,200863.594130764,451837.481623546,2026-03-26 22:48:22,I,1,정상영업,2023-01-02 08:56:55,,2010-10-08,17758.45,100-451,서울특별시 중구 신당1동 773번지,2010301010007500004,3010000,서울특별시 중구 마장로 3 (신당동),,,01,영업/정상,대규모점포,,,22380981
(주)신세계사이먼 파주점,전문점,,173172.828879481,474158.9428211,2026-05-02 22:04:32,I,1,정상영업,2023-01-12 14:06:52,,2010-09-17,52503,413-841,경기도 파주시 탄현면 법흥리 1790번지 8호,2010406017607500002,4060000,경기도 파주시 탄현면 필승로 200,,,01,영업/정상,대규모점포,,,031-8071-7001
속초농협하나로마트엑스포지점,대형마트,,338253.717723804,522445.158586875,2025-12-15 16:15:28,I,1,정상영업,2021-11-24 09:38:31,,2010-09-15,6813.14,217-060,강원특별자치도 속초시 교동 673번지 1호,2010423006407500001,4231000,강원특별자치도 속초시 동해대로 4202 (교동),,,01,영업/정상,대규모점포,,,033-637-1501
뉴코아아울렛 괴정점,쇼핑센터,,381751.00317294,179575.519981971,2026-05-07 22:31:32,I,4,직권취소,2014-01-02 13:35:06,2010-09-10,2010-09-10,13140.93,604-811,부산광역시 사하구 괴정3동 961번지 1호,2010334006607500001,3340000,부산광역시 사하구 사하로 190 (괴정동),,,04,취소/말소/만료/정지/중지,대규모점포,,,
(주)이마트 성남점,쇼핑센터,,212442.882832125,438023.009514472,2025-12-15 16:15:28,I,1,정상영업,2024-04-17 12:56:40,,2010-08-31,14172.39,461-826,경기도 성남시 수정구 태평4동 7336번지,2010378019307500001,3780000,경기도 성남시 수정구 수정로 201 (태평동),,,01,영업/정상,대규모점포,,,031-8023-1200
레이킨스몰,그 밖의 대규모점포,,178006.080301401,462865.812502378,2025-12-15 16:15:28,I,1,정상영업,2016-02-02 10:11:59,,2010-08-26,7121,411-410,경기도 고양시 일산서구 대화동 2602번지,2010394021807500003,3940000,경기도 고양시 일산서구 호수로 817 (대화동),,,01,영업/정상,대규모점포,,,031-912-1170
롯데프레시 분당이매점,구분없음,,211079.124182939,432158.013981543,2025-12-15 16:15:28,I,1,정상영업,2023-06-14 09:52:45,,2010-08-24,300.2,463-060,경기도 성남시 분당구 이매동 120번지 4호,2010378021907500002,3780000,경기도 성남시 분당구 양현로94번길 15 (이매동),,,01,영업/정상,준대규모점포,,,031-707-5602
남해전통시장,그 밖의 대규모점포,,281725.527169139,149528.417258255,2026-05-07 22:00:26,I,1,정상영업,2023-07-11 10:38:17,,2010-08-23,2589,,경상남도 남해군 남해읍 북변리 282번지 11호,2005543004507500001,5430000,경상남도 남해군 남해읍 화전로 110,,,01,영업/정상,대규모점포,,,055-864-3592
롯데쇼핑(주)롯데마트 청량리점,백화점,,204081.282117393,453187.395154017,2026-05-11 03:03:03,U,1,정상영업,2026-05-10 15:26:02,,2010-08-11,10910.6,130-851,서울특별시 동대문구 전농1동 591번지 53호,2010305010007500002,3050000,서울특별시 동대문구 왕산로 214 (전농동),,,01,영업/정상,대규모점포,,,02-3706-4710
중앙상가,그 밖의 대규모점포,,185736.057614723,423607.180837891,2025-12-15 16:15:28,I,1,정상영업,2019-12-26 11:42:08,,2010-08-06,6759,425-020,경기도 안산시 단원구 고잔동 729번지 6호,2010393021207500001,3930000,경기도 안산시 단원구 광덕4로 246 (고잔동),,,01,영업/정상,대규모점포,,,
홈플러스(주) 킨텍스점,대형마트,,178006.080301401,462865.812502378,2025-12-15 16:15:28,I,1,정상영업,2024-03-04 10:30:57,,2010-08-04,20138,411-410,경기도 고양시 일산서구 대화동 2602번지,2010394021807500002,3940000,경기도 고양시 일산서구 호수로 817 (대화동),,,01,영업/정상,대규모점포,,,031-932-1558
홈플러스익스프레스 마산양덕점,복합쇼핑몰,,344191.811954823,193346.155529709,2026-06-30 03:03:03,U,1,정상영업,2026-06-29 11:31:50,,2010-07-30,390.8,630-811,경상남도 창원시 마산회원구 양덕2동 59번지 1호,2010567024107500001,5670000,경상남도 창원시 마산회원구 율림교로 12 (양덕동),,,01,영업/정상,준대규모점포,,,055-297-8593
울산진장디플렉스,전문점,,413726.417438045,232770.876692856,2026-05-06 22:48:27,I,1,정상영업,2011-10-30 13:19:27,,2010-07-30,15554.23,683-350,울산광역시 북구 진장동 285번지 3호,2010372009807500001,3720000,울산광역시 북구 진장유통로 16 (진장동),,,01,영업/정상,대규모점포,,,
(주)이마트 사천점,대형마트,,298325.164351214,161845.029914848,2026-05-08 22:02:24,I,1,정상영업,2013-01-02 15:42:11,,2010-07-23,6659.99,664-130,경상남도 사천시 좌룡동 388번지 10호 외 9필지,2010534001607500001,5340000,경상남도  삼천포대교로 591 (외 9필지),,,01,영업/정상,대규모점포,,,02-382-9426
롯데백화점 청량리역사점,복합쇼핑몰,,204081.282117393,453187.395154017,2026-04-28 03:03:03,U,1,정상영업,2026-04-27 09:13:11,,2010-07-23,40346.6,130-851,서울특별시 동대문구 전농1동 591번지 53호,2010305010007500001,3050000,서울특별시 동대문구 왕산로 214 (전농동),,,01,영업/정상,대규모점포,,,02-3707-2903
신세계 이마트 묵동점,대형마트,,206777.731391054,456837.219624564,2025-12-15 16:15:28,I,4,직권취소,2013-05-31 09:30:58,,2010-07-21,5100.83,131-141,서울특별시 중랑구 묵1동 170번지 1호 외 35필지,2010306009507500004,3060000,,,,04,취소/말소/만료/정지/중지,대규모점포,,,02-380-9426
주식회사 이마트 묵동점,대형마트,,206777.731391054,456837.219624564,2025-12-15 16:15:28,I,1,정상영업,2024-04-18 13:11:10,,2010-07-21,5100.83,131-141,서울특별시 중랑구 묵1동 170번지 1호 외 35필지,2010306009507500002,3060000,서울특별시 중랑구 동일로 932 (묵동),,,01,영업/정상,대규모점포,,,02-380-9426
패션아일랜드 대전점,전문점,,241064.767614979,311893.45796323,2026-05-07 03:03:03,U,1,정상영업,2026-05-06 13:38:01,,2010-07-16,14657.44,300-050,대전광역시 동구 가오동 557번지,2010364010407500001,3640000,대전광역시 동구 은어송로 72 (가오동),,,01,영업/정상,대규모점포,,,042-280-9073
현대백화점 킨텍스점,백화점,,178006.080301401,462865.812502378,2025-12-15 16:15:28,I,1,정상영업,2024-04-15 13:21:48,,2010-07-13,37832.73,,경기도 고양시 일산서구 대화동 2602번지,2010394021807500001,3940000,경기도 고양시 일산서구 호수로 817 (대화동),10391,,01,영업/정상,대규모점포,,,031-822-2233
롯데쇼핑프라자 율하점,쇼핑센터,,352868.53664899,264480.565484064,2026-07-24 22:18:10,U,1,정상영업,2026-07-23 14:23:31,,2010-07-13,25448.82,701-220,대구광역시 동구 율하동 1117번지,2010342009007500001,3420000,대구광역시 동구 안심로 80 (율하동),,,01,영업/정상,대규모점포,,,053-965-9250
노원아이파크 상가,그 밖의 대규모점포,,206033.023278317,461935.33920381,2025-12-15 16:15:28,I,1,정상영업,2014-10-28 14:37:30,,2010-07-09,4572.81,139-816,서울특별시 노원구 상계동 1318번지,2010310010907500001,3100000,서울특별시 노원구 상계로23다길 13-8 (상계동),,,01,영업/정상,대규모점포,,,02-936-9006
동명종합어시장,그 밖의 대규모점포,,143977.77642581,143467.66935328,2026-07-14 11:38:15,I,1,정상영업,2010-07-06 13:15:48,,2010-07-06,4784.18,530-192,전남광주통합특별시 목포시 축복동2가 1번지 1호,2010480013207500001,5780000,전남광주통합특별시 목포시 수강로12번길 42 (축복동2가),,,01,영업/정상,,,,061-247-0440
홈플러스 익스프레스 송현점,그 밖의 대규모점포,,,,2026-07-01 09:42:12,I,1,정상영업,2022-05-11 16:01:15,,2010-07-05,0,,인천광역시 제물포구 송현동 66-26 동부센트레빌 상가,2010350013207500001,3501000,"인천광역시 제물포구 화수로 18, 동부센트레빌 상가 (송현동)",22522,,01,영업/정상,준대규모점포,,,
이마트 하월곡점,대형마트,,202667.468802014,455858.920803881,2025-12-15 16:15:28,I,1,정상영업,2014-02-24 13:42:32,,2010-06-30,19201,136-735,서울특별시 성북구 길음2동 230번지 동일하이빌뉴시티아파트,2010307013407500003,3070000,"서울특별시 성북구 종암로 167,  동 (하월곡동)",,,01,영업/정상,대규모점포,,,02-944-1051
리빙파워센터 인천논현점,전문점,,175633.883082614,433196.453155142,2026-03-26 22:49:56,I,1,정상영업,2025-10-14 15:30:52,,2010-06-24,8147.48,405-300,인천광역시 남동구 논현동 650번지 1호,2010353007007500001,3530000,인천광역시 남동구 청능대로 596 (논현동),,,01,영업/정상,대규모점포,,,02-6263-7500
주식회사 메트로몰,쇼핑센터,2022-02-17,176465.263097413,447989.64173985,2026-05-10 23:19:02,I,3,폐업처리,2022-05-30 16:01:10,,2010-06-21,11548.75,407-060,인천광역시 계양구 작전동 899번지 1호 외 1필지,2010355005907500002,3550000,인천광역시 계양구 장제로 738 (작전동),,2017-01-27,03,폐업,대규모점포,2016-09-01,2017-08-31,032-550-5000
대성종합상가시장,그 밖의 대규모점포,,395615.201853958,186406.750870936,2026-05-10 22:54:10,I,1,정상영업,2010-06-08 11:19:57,,2010-06-08,0,612-021,부산광역시 해운대구 우1동 1434번지,2010333010307500004,3330000,부산광역시 해운대구 마린시티3로 1 (우동),,,01,영업/정상,,,,051-747-0211
롯데쇼핑(주)롯데마트 석사점,복합쇼핑몰,,266737.880921009,485159.020559127,2026-06-05 03:03:03,U,1,정상영업,2026-06-04 09:24:01,,2010-06-01,6272,,강원특별자치도 춘천시 석사동 27-2 롯데마트 석사점,2010418016607500003,4181000,"강원특별자치도 춘천시 세실로 108, 롯데마트 석사점 (석사동)",24315,,01,영업/정상,대규모점포,,,033-260-7781
주식회사 이마트 진접점,복합쇼핑몰,,215971.923346848,467391.99875644,2025-12-15 16:15:28,I,1,정상영업,2024-04-22 16:40:38,,2010-06-01,10148.33,,경기도 남양주시 진접읍 연평리 101번지 14호 진접이마트,2010399015407500001,3990000,"경기도 남양주시 진접읍 금강로유연들1길 154, 진접이마트",12073,,01,영업/정상,대규모점포,,,031-522-1234
롯데쇼핑(주) 롯데마트 동대전점,쇼핑센터,,239596.386064403,314379.091676888,2026-05-03 22:32:20,I,1,정상영업,2010-06-01 18:04:29,,2010-06-01,4464.1,300-070,대전광역시 동구 대동 160번지 1호,2009364010407500003,3640000,대전광역시 동구 동대전로 67 (대동),,,01,영업/정상,,,,042-607-7700
주식회사 케이씨씨글라스 홈씨씨 인천점,전문점,,,,2026-07-01 13:36:35,I,1,정상영업,2024-05-31 15:34:56,,2010-05-25,9649.88,,인천광역시 서해구 원창동 379번지 1호,2010356006807500001,3561000,인천광역시 서해구 중봉대로393번길 16 (원창동),22769,,01,영업/정상,대규모점포,,,032-570-7031
세류종합상가(주),그 밖의 대규모점포,,200802.325197708,417542.339695722,2026-03-11 01:45:41,I,4,직권취소,2019-11-18 17:24:54,,2010-05-20,4055.23,441-110,경기도 수원시 권선구 세류동 1255번지 외 1필지,2010374011007500001,3740000,"경기도 수원시 권선구 세권로43번길 26-6 (세류동,외 1필지)",,,04,취소/말소/만료/정지/중지,대규모점포,,,031-232-8287
홈플러스 월곡점,대형마트,,203502.004139568,455500.568972657,2025-12-15 16:15:28,I,1,정상영업,2025-05-08 19:21:06,,2010-05-19,17817,,서울특별시 성북구 하월곡동 46-73 코업스타클래스,2010307013407500002,3070000,"서울특별시 성북구 화랑로 76, 코업스타클래스 (하월곡동)",02751,,01,영업/정상,대규모점포,,,02-3669-8000
이마트 대전터미널점,대형마트,,239122.638390937,316705.693668735,2026-05-03 22:32:21,I,1,정상영업,2020-04-23 16:18:46,,2010-05-17,23787.54,300-200,대전광역시 동구 용전동 63번지 3호 외 2필지,2009364010407500014,3640000,"대전광역시 동구 동서대로 1689 (용전동,외 2필지)",,,01,영업/정상,대규모점포,,,042-615-1234
수성하이츠 쇼핑몰,복합쇼핑몰,,345663.599838521,263506.500129769,2026-05-03 22:40:51,I,1,정상영업,2024-10-23 17:17:55,,2010-05-14,10707,706-777,대구광역시 수성구 수성동4가 1090번지 8호 수성하이츠 쇼핑몰,2010346010207500002,3460000,"대구광역시 수성구 수성로 393 (수성동4가,수성하이츠 쇼핑몰)",,2010-05-14,01,영업/정상,대규모점포,,,053-754-2031
동아백화점 수성점,복합쇼핑몰,,348194.499420792,259144.519321173,2026-05-03 22:40:51,U,1,정상영업,2026-04-30 11:12:06,,2010-05-14,14398,706-723,대구광역시 수성구 범물1동 1273번지 동아백화점수성점,2010346010207500001,3460000,"대구광역시 수성구 지범로 191 (범물동,동아백화점수성점)",,2010-05-14,01,영업/정상,대규모점포,,,053-780-2210
울산원예농업협동조합 하나로마트,그 밖의 대규모점포,,404308.732486682,230986.181612496,2026-03-26 22:48:20,I,1,정상영업,2023-04-27 14:56:57,,2010-05-11,10382,689-853,울산광역시 울주군 범서읍 굴화리 295번지 1호,2010373010207500001,3730000,울산광역시 울주군 범서읍 장검길 10,,,01,영업/정상,대규모점포,,,052-220-6500
롯데쇼핑(주) 구리점,백화점,,212647.021160325,455616.655198478,2025-12-15 16:15:28,I,1,정상영업,2017-04-27 10:55:00,,2010-05-07,30010.78,471-010,경기도 구리시 인창동 677번지  롯데스퀘어(주)구리점,2010398007807500001,3980000,경기도 구리시 경춘로 261 (인창동),,,01,영업/정상,대규모점포,,,
(주)메가마트 기장점,대형마트,,402168.69425719,197304.274454258,2026-05-07 03:03:03,U,1,정상영업,2026-05-06 10:38:57,,2010-05-07,7372.53,,부산광역시 기장군 일광읍 삼성리 547-6,2010340004407500001,3400000,부산광역시 기장군 일광읍 기장대로 673,46048,,01,영업/정상,대규모점포,,,051-290-6000
동서울오네뜨상가,그 밖의 대규모점포,,212624.891449347,448937.811380947,2026-05-06 22:47:34,I,1,정상영업,2014-10-07 20:38:06,,2010-05-06,3620.92,134-811,서울특별시 강동구 길동 339번지 1호,2010324013907500001,3240000,서울특별시 강동구 양재대로124길 32 (길동),,,01,영업/정상,대규모점포,,,02-470-9205
뉴코아 덕천점,복합쇼핑몰,,382731.210151804,192059.745558294,2026-05-07 03:03:03,U,1,정상영업,2026-05-06 18:13:40,,2010-04-30,7653.57,,부산광역시 북구 덕천동 398-2 폴라렉스,2010332007907500001,3320000,"부산광역시 북구 만덕대로 23, 폴라렉스 (덕천동)",46548,,01,영업/정상,대규모점포,,,051-366-2007
(주)한화갤러리아 천안점,백화점,2010-11-23,213601.761090866,368566.902192329,2025-12-15 16:15:28,I,3,폐업처리,2010-11-23 17:19:00,,2010-04-28,6558,330-993,충청남도 천안시 동남구 신부동 451번지 2호,2010449023407500001,4490000,,,,03,폐업,,,,041-559-9011
이마트 미아점,대형마트,,202555.30089577,456503.066230481,2025-12-15 16:15:28,I,1,정상영업,2020-04-22 10:13:56,,2010-04-28,10006,,서울특별시 성북구 길음동 25번지 2호 신세계 이마트 미아점,2010307013407500001,3070000,"서울특별시 성북구 도봉로 17, 신세계 이마트 미아점 (길음동)",02729,,01,영업/정상,대규모점포,,,
(주)농협하나로유통 하나로마트 인천점,대형마트,2021-11-16,176114.824512262,447137.570329776,2026-05-10 23:19:02,I,3,폐업처리,2021-11-22 15:23:48,,2010-04-26,11966,407-061,인천광역시 계양구 작전1동 286번지 2호 외 3필지,2010355005907500001,3550000,인천광역시 계양구 아나지로 341 (작전동),,2022-04-06,03,폐업,대규모점포,2021-04-06,2022-04-05,032-500-9000
롯데쇼핑(주)롯데슈퍼거여점,구분없음,2016-05-31,212769.337053978,443460.333645388,2025-12-15 16:15:28,I,3,폐업처리,2017-04-14 10:15:12,,2010-04-24,311.4,138-814,서울특별시 송파구 거여2동 37번지 3호,2010323019807500001,3230000,서울특별시 송파구 오금로 507 (거여동),,,03,폐업,준대규모점포,,,22905853
아름다운아울렛,전문점,2018-12-26,186966.036176588,451047.287263879,2025-12-15 16:15:28,I,3,폐업처리,2018-12-27 17:19:43,,2010-04-15,17623.04,157-030,서울특별시 강서구 등촌동 73번지 1호 외 3필지,2010315012307500002,3150000,,,,03,폐업,대규모점포,,,02-2169-8000
신세계 이마트 군산점,대형마트,,176003.990213014,275855.723670155,2026-05-06 22:48:23,I,4,직권취소,2017-06-22 09:29:21,,2010-04-14,10020.32,573-860,전북특별자치도 군산시 경암동 590번지 296호,2010467017707500001,4671000,전북특별자치도 군산시 구암3.1로 137 (경암동),,,04,취소/말소/만료/정지/중지,대규모점포,,,063-472-1053
(주)이마트중동점,복합쇼핑몰,,179059.890468202,444675.160533494,2025-12-15 16:15:28,I,1,정상영업,2024-05-03 09:53:00,,2010-04-14,12833.18,420-021,경기도 부천시 원미구 중1동 1157번지,2010386021207500001,3860000,경기도 부천시 원미구 석천로 188 (중동),,,01,영업/정상,대규모점포,,,032-718-1053
(주)이마트 해운대점,대형마트,,397397.832766508,187354.835259297,2026-05-10 22:54:10,I,1,정상영업,2024-04-24 14:31:09,,2010-04-14,11193,612-011,부산광역시 해운대구 중1동 1767번지,2010333010307500003,3330000,부산광역시 해운대구 좌동순환로 511 (중동),,,01,영업/정상,대규모점포,,,051-608-1053
(주) 이마트 충주점,대형마트,,282189.198577445,386015.218668088,2025-12-15 16:15:28,I,1,정상영업,2024-04-19 10:29:53,,2010-04-06,8429.86,,충청북도 충주시 문화동 1024번지 이마트,2010439010307500001,4390000,"충청북도 충주시 중원대로 3420, 이마트 (문화동)",27407,,01,영업/정상,대규모점포,,,043-841-1052
(주)이마트 동광주점,그 밖의 대규모점포,,192659.77458798,184961.882216707,2026-07-14 11:38:15,I,1,정상영업,2014-10-10 15:10:54,,2010-04-05,6100,501-081,전남광주통합특별시 동구 계림1동 100번지 11호,2010359008107500001,5805000,전남광주통합특별시 동구 중앙로 358 (계림동),,,01,영업/정상,준대규모점포,,,
(주)신세계이마트 목동점,대형마트,2011-05-19,188551.299139509,447076.288051741,2025-12-15 16:15:28,I,3,폐업처리,2014-02-18 14:39:56,,2010-04-05,14074.76,158-051,서울특별시 양천구 목1동 962번지 1호  목동트라팰리스 내,2010314011407500001,3140000,"서울특별시 양천구 오목로 299 (목동,목동트라팰리스 내)",,,03,폐업,대규모점포,,,69231053
(주) 이마트 창동점,복합쇼핑몰,,204107.090272108,461072.642448925,2025-12-15 16:15:28,I,1,정상영업,2024-04-15 10:29:06,,2010-04-02,4297.5,132-904,서울특별시 도봉구 창동 135번지 26호,2010309010507500001,3090000,서울특별시 도봉구 노해로65길 4 (창동),,,01,영업/정상,대규모점포,,,02-901-1050
대백아울렛 통영점,그 밖의 대규모점포,,330722.011290641,152093.427869446,2026-05-04 22:00:47,I,1,정상영업,2015-08-07 11:31:35,,2010-04-01,9415,650-800,경상남도 통영시 무전동 986번지,2010533010507500001,5330000,경상남도 통영시 안개로 37 (무전동),,,01,영업/정상,대규모점포,,,055-640-8891
(주)이마트 전주점,대형마트,,210795.594377656,259168.919302767,2025-12-15 16:15:28,I,1,정상영업,2024-04-17 10:17:10,,2010-03-31,6571.04,560-821,전북특별자치도 전주시 완산구 서신동 767번지,2010464032407500001,4641000,전북특별자치도 전주시 완산구 당산로 111 (서신동),,,01,영업/정상,대규모점포,,,063-259-1050
안성축산농협 하나로마트,대형마트,,223771.205358289,387484.797282739,2026-05-10 22:09:12,I,1,정상영업,2018-08-10 10:15:27,,2010-03-29,4326.62,456-280,경기도 안성시 계동 85번지 3호,2010408014107500001,4080000,경기도 안성시 안성맞춤대로 833 (계동),,,01,영업/정상,대규모점포,,,031-8046-8000
(주)이마트파주점,대형마트,,178030.82794167,471632.260930404,2026-05-02 22:04:32,I,1,정상영업,2024-04-18 10:32:55,,2010-03-24,9184.17,413-835,경기도 파주시 교하읍 야당1리 195번지 5호,2010406017607500001,4060000,경기도 파주시 당하길 10 (당하동),,,01,영업/정상,대규모점포,,,031-950-1053
공장용품상가,그 밖의 대규모점포,,172845.980584101,434224.322056537,2026-03-26 22:49:55,I,1,정상영업,2023-01-13 15:19:14,,2010-03-24,3269.88,,인천광역시 남동구 논현동 450호,2000353000007500017,3530000,인천광역시 남동구 남동서로 226 (논현동),,,01,영업/정상,대규모점포,,,032-819-1345
주식회사 홈플러스익스프레스,그 밖의 대규모점포,,398001.743686098,280216.893306033,2026-07-08 21:48:10,U,1,정상영업,2026-07-07 09:26:00,,2010-03-15,0,,경상북도 경주시 안강읍 산대리 2397-2,2021505035207500002,5050000,경상북도 경주시 안강읍 구부랑4길 2,38011,,01,영업/정상,준대규모점포,,,054-761-8545
홈플러스(주)춘천점,대형마트,,264597.191878957,483368.29049207,2026-05-10 21:30:37,I,1,정상영업,2024-03-05 19:20:31,,2010-03-11,12426,200-943,강원특별자치도 춘천시 퇴계동 141번지,2010418016607500002,4181000,"강원특별자치도 춘천시 김유정로 1840 (퇴계동, 홈플러스 춘천점)",,,01,영업/정상,대규모점포,,,033-269-8000
(주)파라다이스면세점,그 밖의 대규모점포,,397114.551436907,186672.768207318,2026-05-10 22:54:10,I,1,정상영업,2010-03-02 11:57:15,,2010-03-02,0,612-011,부산광역시 해운대구 중1동 1411번지 1호,2010333010307500001,3330000,부산광역시 해운대구 해운대해변로 296 (중동),,,01,영업/정상,,,,051-743-0181
롯데쇼핑(주) 롯데슈퍼 우만점,구분없음,,202779.748295951,419781.817002439,2026-05-12 21:48:10,U,1,정상영업,2026-05-11 17:24:55,,2010-02-27,253.8,,,2011374017307500012,3740000,경기도 수원시 팔달구 중부대로143번길 39 (우만동),,,01,영업/정상,준대규모점포,,,
롯데쇼핑(주)롯데슈퍼 분당점,구분없음,2025-02-24,212588.645719491,429536.610567501,2025-12-15 16:15:28,I,3,폐업처리,2025-03-10 15:27:18,,2010-02-25,418.8,463-030,경기도 성남시 분당구 분당동 161번지 2호,2010378021907500001,3780000,경기도 성남시 분당구 장안로16번길 14 (분당동),,,03,폐업,준대규모점포,,,02-2290-5853
세운스퀘어,그 밖의 대규모점포,,199670.979884558,452221.775006084,2026-05-06 22:48:29,I,1,정상영업,2024-10-14 10:32:03,,2010-02-18,8390.2,110-410,서울특별시 종로구 인의동 112번지 2호,2010300012907500001,3000000,서울특별시 종로구 창경궁로 109 (인의동),,,01,영업/정상,대규모점포,,,34130276
롯데쇼핑(주)롯데마트 춘천점,대형마트,,263109.175778889,485355.40305733,2026-06-05 03:03:03,U,1,정상영업,2026-06-04 09:22:59,,2010-02-04,14598.79,200-190,강원특별자치도 춘천시 온의동 6번지 25호,2010418016607500001,4181000,"강원특별자치도 춘천시 방송길 84 (온의동, 롯데마트 춘천점)",,,01,영업/정상,대규모점포,,,033-240-2500
패션아일랜드 대전점,전문점,,241064.767614979,311893.45796323,2026-05-03 22:32:20,I,1,정상영업,2010-01-29 16:30:20,,2010-01-26,9678.76,300-050,대전광역시 동구 가오동 557번지,2008364010407500001,3640000,대전광역시 동구 은어송로 72 (가오동),,2010-02-01,01,영업/정상,,2010-01-10,2010-02-25,042-280-9004
(주)빅마트 화순점,그 밖의 대규모점포,,198302.004767124,172996.695098741,2026-07-14 11:38:15,I,4,직권취소,2013-05-30 18:16:42,,2010-01-21,4530.23,519-807,전남광주통합특별시 화순군 화순읍 삼천리 703번지,2010490004007500001,5855000,전남광주통합특별시 화순군 화순읍 충의로 43,,,04,취소/말소/만료/정지/중지,대규모점포,,,062-650-2217
(주)홈플러스익스프레스 군포부곡점,구분없음,,,,2026-07-01 03:03:03,U,1,정상영업,2026-06-30 10:05:46,,2010-01-01,265,,경기도 군포시 부곡동 1120번지 1호 거성프라자1,2017402010807500002,4020000,"경기도 군포시 번영로28번길 37-12, 거성프라자1 1층 (부곡동)",15880,,01,영업/정상,준대규모점포,,,031-462-8545
롯데쇼핑(주) 롯데마트 김포점,대형마트,2017-08-14,170799.828335658,461633.544598275,2025-12-15 16:15:28,I,3,폐업처리,2017-08-14 16:38:55,,2009-12-30,6985.45,415-807,경기도 김포시 운양동 1077번지 2호,2009409020407500001,4090000,경기도 김포시 김포대로 1466-34 (운양동),,,03,폐업,대규모점포,,,031-931-2500
(주)이마트 대전터미널점,대형마트,,239122.638390937,316705.693668735,2026-05-03 22:32:21,I,1,정상영업,2012-01-11 18:13:11,,2009-12-30,23787,300-200,대전광역시 동구 용전동 63번지 3호 외 2필지,2009364010407500013,3640000,대전광역시 동구 동서대로 1689 (용전동),,,01,영업/정상,대규모점포,,,
로얄쇼핑,쇼핑센터,,180657.771489919,442562.696376175,2025-12-15 16:15:28,I,1,정상영업,2014-09-30 10:11:47,,2009-12-29,4423,420-823,경기도 부천시 원미구 심곡2동 174번지 1호,2009386021207500003,3860000,경기도 부천시 원미구 부천로 7 (심곡동),,,01,영업/정상,대규모점포,,,02-3147-2981
롯데마트 검단점,대형마트,,,,2026-07-01 10:07:52,I,1,정상영업,2026-03-09 16:26:02,,2009-12-22,10964.68,,인천광역시 검단구 마전동 1031-1 롯데마트,2009356021707500001,3565000,"인천광역시 검단구 원당대로 581, 롯데마트 (마전동)",22637,,01,영업/정상,대규모점포,,,
롯데쇼핑 (주) 롯데마트 검단점,대형마트,,,,2026-07-01 10:07:52,I,4,직권취소,2022-12-25 14:11:24,,2009-12-22,10964.68,,인천광역시 검단구 마전동 1031번지 1호 롯데마트,2009356006807500002,3565000,"인천광역시 검단구 원당대로 581, 롯데마트 (마전동)",22637,,04,취소/말소/만료/정지/중지,대규모점포,,,032-560-2500
롯데쇼핑(주) 롯데마트 정읍점,대형마트,,185466.212511596,231110.263474669,2026-04-30 22:48:24,I,1,정상영업,2025-05-12 13:10:47,,2009-12-18,11219.01,580-090,전북특별자치도 정읍시 농소동 446번지 1호 외 15필지,2009469019307500001,4691000,"전북특별자치도 정읍시 벚꽃로 85 (농소동,외 15필지)",,,01,영업/정상,대규모점포,,,063-570-2500
주식회사 신세계,그 밖의 대규모점포,,308612.065962418,403106.413353613,2025-12-15 16:15:28,I,1,정상영업,2009-12-24 09:19:51,,2009-12-17,8257.41,390-160,충청북도 제천시 강제동 684번지,2009440014607500001,4400000,충청북도 제천시 장평천로 11 (강제동),,,01,영업/정상,,,,043-653-3021
흥구삼덕빌딩,전문점,,344203.891808536,264147.064731126,2026-05-08 22:34:09,I,1,정상영업,2022-12-13 11:24:06,,2009-11-30,4194,700-739,"대구광역시 중구 삼덕동1가 15-1, 3",2009341007107500001,3410000,대구광역시 중구 동성로3길 35 (삼덕동1가),,,01,영업/정상,대규모점포,,,053-424-5585
롯데백화점 광복점,백화점,,385590.814676765,179553.867031936,2026-04-18 03:03:03,U,1,정상영업,2026-04-17 13:14:27,,2009-11-30,104322,600-017,부산광역시 중구 중앙동7가,2009325008307500001,3250000,부산광역시 중구 중앙대로 2 (중앙동7가),,,01,영업/정상,대규모점포,,,
(주)메가마트 엠 춘천점,복합쇼핑몰,,264033.833068137,486464.959442249,2026-06-05 03:03:03,U,1,정상영업,2026-06-04 09:25:03,,2009-11-27,9687.55,200-070,강원특별자치도 춘천시 조양동 34번지,2009418016607500001,4181000,강원특별자치도 춘천시 금강로 68-9 (조양동),,,01,영업/정상,대규모점포,,,033-248-7016
홈플러스(주)남양주진접점,그 밖의 대규모점포,,216587.285919176,468805.572134094,2025-12-15 16:15:28,I,1,정상영업,2024-02-29 14:37:31,,2009-11-26,9041,472-865,경기도 남양주시 진접읍 장현리 216번지 1호,2009399015407500001,3990000,경기도 남양주시 진접읍 금강로 1447,,,01,영업/정상,대규모점포,,,031-570-8000
슈마프라자,그 밖의 대규모점포,,184396.666284407,423698.166827741,2025-12-15 16:15:28,I,1,정상영업,2009-11-25 09:32:39,,2009-11-24,7483,425-802,경기도 안산시 단원구 고잔동 681번지 6호,2009393021207500001,3930000,경기도 안산시 단원구 광덕4로 112 (고잔동),,,01,영업/정상,,,,031-480-1314
성산프라자(마포영화블렌하임),그 밖의 대규모점포,,191651.529315787,450694.803472189,2025-12-15 16:15:28,I,1,정상영업,2020-04-22 13:40:11,,2009-11-12,3060.29,121-827,서울특별시 마포구 망원2동 517번지,2009313011807500010,3130000,서울특별시 마포구 월드컵로25길 26 (망원동),,,01,영업/정상,대규모점포,,,
(주) 신세계 사우스시티,백화점,,209514.367988403,424782.528523847,2026-04-01 22:14:02,I,1,정상영업,2024-12-06 10:43:39,,2009-11-09,50586,448-702,경기도 용인시 수지구 죽전2동 (주)신세계백화점죽전점,2009405024007500002,4050000,경기도 용인시 수지구 포은대로 536 (죽전동),,,01,영업/정상,대규모점포,,,
홈플러스익스프레스 도곡2점,구분없음,2025-08-31,203764.786572817,442286.229201457,2025-12-15 16:15:28,I,3,폐업처리,2025-09-01 09:29:44,,2009-11-09,223,,서울특별시 강남구 도곡동 518-8 유진빌딩,2009322024907500001,3220000,"서울특별시 강남구 논현로28길 9, 유진빌딩 (도곡동)",06301,,03,폐업,준대규모점포,,,34638545
서부종합시장,그 밖의 대규모점포,,192773.974598512,455630.884111772,2026-05-06 22:48:30,I,1,정상영업,2022-12-22 14:37:32,,2009-11-05,3003.51,122-070,서울특별시 은평구 역촌동 31번지 6호,2011311013107500001,3110000,서울특별시 은평구 진흥로1길 28 (역촌동),,,01,영업/정상,대규모점포,,,02-359-6466
새만금종합수산시장,그 밖의 대규모점포,,157913.334174405,271057.413258608,2026-05-06 22:48:23,I,1,정상영업,2009-11-03 13:32:47,,2009-11-03,3337.78,573-450,전북특별자치도 군산시 비응도동 78번지,2009467017707500001,4671000,전북특별자치도 군산시 비응남로 111 (비응도동),,,01,영업/정상,,,,063-461-9112
롯데쇼핑(주) 롯데마트 동두천점,대형마트,,204589.217640042,486451.318446758,2026-05-14 03:03:03,U,1,정상영업,2026-05-13 13:46:44,,2009-10-15,8798.06,483-010,경기도 동두천시 송내동 551번지,2009392005707500001,3920000,경기도 동두천시 평화로2169번길 21 (송내동),,,01,영업/정상,대규모점포,,,031-830-2521
GNG쇼핑몰,그 밖의 대규모점포,2017-07-06,198997.171789812,273321.907687201,2026-05-06 22:48:23,I,3,폐업처리,2017-07-11 11:25:13,,2009-10-09,4028.52,,전북특별자치도 익산시 부송동 1102번지 1호,2009468022707500001,4681000,전북특별자치도 익산시 부송로 95 (부송동),54554,,03,폐업,대규모점포,,,063-838-8000
논현웰스톤상가,그 밖의 대규모점포,,203292.307005445,446247.511537864,2025-12-15 16:15:28,I,1,정상영업,2013-12-27 13:45:22,,2009-09-30,3273.17,135-820,서울특별시 강남구 논현2동 108번지,2009322012707500001,3220000,서울특별시 강남구 학동로43길 38 (논현동),,,01,영업/정상,대규모점포,,,02-545-1579
뉴코아아울렛평택점,구분없음,,209947.80648191,388208.048761482,2026-05-07 03:03:03,U,1,정상영업,2026-05-06 18:29:18,,2009-09-29,14648.42,450-150,경기도 평택시 비전동 830번지 1호,2009391018107500001,3910000,경기도 평택시 경기대로 279 (비전동),,,01,영업/정상,대규모점포,,,031-650-6720
(주)이마트 수색점,대형마트,,190977.850603548,453037.787995874,2026-05-06 22:48:30,I,1,정상영업,2024-04-16 13:24:14,,2009-09-28,6881.2,122-090,서울특별시 은평구 수색동 75번지,2009311013107500001,3110000,서울특별시 은평구 수색로 217 (수색동),,,01,영업/정상,대규모점포,,,02-6943-1052
강릉 씨네몰,복합쇼핑몰,,367257.089561415,474274.357968797,2025-12-15 16:15:28,I,1,정상영업,2024-03-13 13:29:34,,2009-09-24,16617,210-933,강원특별자치도 강릉시 옥천동 189번지,2009420011507500002,4201000,강원특별자치도 강릉시 경강로 2120 (옥천동),,,01,영업/정상,대규모점포,,,033-649-8000
광주터미널이프라자,그 밖의 대규모점포,,223061.389182349,434193.70905707,2026-03-26 22:01:54,I,1,정상영업,2022-11-28 10:08:29,,2009-09-23,3977.2,464-801,경기도 광주시 경안동 25번지 3호,2009554012307500002,5540000,경기도 광주시 광주대로 30 (경안동),,,01,영업/정상,대규모점포,,,031-799-7991
뉴코아부천점,쇼핑센터,,178411.442079953,444684.405331659,2026-05-07 03:03:03,U,1,정상영업,2026-05-06 17:08:44,,2009-09-23,25023.5,,경기도 부천시 원미구 상동 539-1 소풍(부천터미널),2009386021207500004,3860000,"경기도 부천시 원미구 송내대로 239, 소풍(부천터미널) (상동)",14545,,01,영업/정상,대규모점포,,,
뉴코아 부천점,쇼핑센터,,178411.442079953,444684.405331659,2025-12-15 16:15:28,I,4,직권취소,2014-01-27 16:57:20,,2009-09-23,23107.98,420-031,경기도 부천시 원미구 상1동 539번지 1호,2009386021207500002,3860000,경기도 부천시 원미구 송내대로 239 (상동),,,04,취소/말소/만료/정지/중지,대규모점포,,,02-530-5000
롯데쇼핑(주) 롯데마트 수완점,대형마트,,,,2026-07-01 10:27:55,I,1,정상영업,2026-05-04 16:02:17,,2009-09-22,8499,506-251,전남광주통합특별시 광산구 장덕동 1678번지 1호,2009363008007500002,5825000,전남광주통합특별시 광산구 장신로 98 (장덕동),,,01,영업/정상,대규모점포,,,062-975-2522
성북프라자,그 밖의 대규모점포,2014-12-22,202266.448738483,457691.802407444,2026-04-30 22:35:18,I,3,폐업처리,2014-12-23 13:39:50,,2009-09-22,2384.99,142-815,서울특별시 강북구 송천동,2009308009207500002,3080000,서울특별시 강북구 도봉로33길 18 (미아동),,,03,폐업,대규모점포,,,
이천일아울렛 중계점,복합쇼핑몰,,205931.05327036,459884.197207567,2026-05-07 03:03:03,U,1,정상영업,2026-05-06 16:08:36,,2009-09-21,12287,139-726,서울특별시 노원구 중계2.3동 509번지 2001아울렛,2009310010907500001,3100000,서울특별시 노원구 동일로204가길 46 (중계동),,,01,영업/정상,대규모점포,,,02-948-2100
신세계 이마트 경기 광주점,그 밖의 대규모점포,2013-03-19,223061.389182349,434193.70905707,2026-03-26 22:01:54,I,3,폐업처리,2023-12-11 10:57:11,,2009-09-15,6259.17,464-801,경기도 광주시 경안동 20번지 46호,2009554012307500001,5540000,경기도 광주시 광주대로 30 (경안동),,,03,폐업,대규모점포,,,031-8026-1234
롯데쇼핑(주) 롯데슈퍼 송정점,구분없음,,238563.750432498,421703.583393763,2026-05-09 22:02:22,I,1,정상영업,2022-01-17 10:19:02,,2009-09-12,0,,경기도 이천시 송정동 317번지 3호,2018407008807500003,4070000,경기도 이천시 증신로291번길 82 (송정동),17344,,01,영업/정상,준대규모점포,,,031-638-5601
(주) 이마트 경기광주점,대형마트,,223061.389182349,434193.70905707,2026-03-26 22:01:54,I,1,정상영업,2024-04-16 14:01:40,,2009-09-11,6673.32,464-801,경기도 광주시 경안동 20번지 46호,2009554012307500003,5540000,경기도 광주시 광주대로 30 (경안동),,,01,영업/정상,대규모점포,,,80261052
트레지오,복합쇼핑몰,,202642.446045912,456636.308192293,2026-04-30 22:35:17,I,1,정상영업,2022-01-18 13:00:14,,2009-09-10,4834.6,142-804,서울특별시 강북구 송중동,2009308009207500001,3080000,서울특별시 강북구 도봉로 34 (미아동),,,01,영업/정상,대규모점포,,,
우일타운,전문점,,201390.623455546,451682.924382048,2026-03-26 22:48:21,I,1,정상영업,2016-04-20 17:57:02,,2009-09-08,4097.54,100-430,서울특별시 중구 흥인동 3번지 4호,1994301010007500001,3010000,서울특별시 중구 다산로 274 (흥인동),,,01,영업/정상,대규모점포,,,22368027
롯데쇼핑(주)롯데슈퍼 야탑점,구분없음,2022-11-15,211948.108011518,434685.457915843,2025-12-15 16:15:28,I,3,폐업처리,2022-11-16 10:28:03,,2009-08-28,185.12,463-070,경기도 성남시 분당구 야탑동 215번지,2009378021907500001,3780000,경기도 성남시 분당구 장미로 139 (야탑동),,,03,폐업,준대규모점포,,,02-2290-5853
NC 부산대점,쇼핑센터,,389314.662086382,194669.898821674,2026-05-04 03:03:03,U,1,정상영업,2026-05-03 18:21:57,,2009-07-24,44990.18,,부산광역시 금정구 장전동 40,2009335008007500001,3350000,부산광역시 금정구 부산대학로63번길 2(장전동),46241,,01,영업/정상,대규모점포,,,051-509-7005
용당시장,그 밖의 대규모점포,,144650.162105168,144961.567623383,2026-07-14 11:38:15,I,1,정상영업,2012-01-05 20:35:31,,2009-07-15,3031.33,530-833,전남광주통합특별시 목포시 용당1동 1133번지 1호,2009480013207500001,5780000,전남광주통합특별시 목포시 산정로128번길 33 (용당동),,,01,영업/정상,대규모점포,,,
(주)이마트 흥덕점,대형마트,,206434.251915465,419314.165365317,2026-04-01 22:14:01,I,1,정상영업,2024-05-20 14:05:35,,2009-07-14,9170.24,446-908,경기도 용인시 기흥구 영덕동 985번지 3호,2009405024007500001,4050000,경기도 용인시 기흥구 흥덕중앙로 60 (영덕동),,,01,영업/정상,대규모점포,,,031-8021-1051
롯데쇼핑(주) 롯데슈퍼 인계점,구분없음,,203100.01965872,418750.284714679,2026-05-12 21:48:10,U,1,정상영업,2026-05-11 17:26:15,,2009-07-10,402,442-828,경기도 수원시 팔달구 인계동 362번지,2011374017307500010,3740000,경기도 수원시 팔달구 권광로 262 (인계동),,,01,영업/정상,준대규모점포,,,
농협 하나로마트 사파점,전문점,,354106.484714682,192692.678529828,2026-04-30 22:00:15,I,1,정상영업,2025-02-11 12:17:26,,2009-07-09,649.6,,경상남도 창원시 성산구 사파동 141 삼익종합상가,2014567046507500002,5670000,"경상남도 창원시 성산구 동산로 156, 삼익종합상가 지하 1층 (사파동)",51449,,01,영업/정상,준대규모점포,,,055-283-0455
올림픽파크동부센트레빌 상가,그 밖의 대규모점포,,211217.0019233,445334.151660974,2025-12-15 16:15:28,I,1,정상영업,2011-12-21 14:50:36,,2009-06-30,3004,138-130,서울특별시 송파구 오금동 615번지  올림픽파크동부센트레빌 상가,2009323013107500003,3230000,서울특별시 송파구 양재대로72길 5 (오금동),,,01,영업/정상,대규모점포,,,
코스트코 홀세일 부산점,대형마트,,392622.306077375,188645.622106447,2025-12-15 16:15:28,I,1,정상영업,2015-12-08 12:58:50,,2009-06-26,11001.87,,부산광역시 수영구 망미동 195번지 1호,2009338006207500001,3380000,"부산광역시 수영구 구락로 137 (망미동, 코스트코홀세일 부산점)",48212,,01,영업/정상,대규모점포,,,051-757-7100
탑마트 창녕점,복합쇼핑몰,,335591.640835764,227470.7830844,2026-03-30 21:48:59,I,1,정상영업,2025-04-28 13:39:27,,2009-06-18,759.55,635-807,경상남도 창녕군 창녕읍 술정리 137번지,2014541009107500001,5410000,경상남도 창녕군 창녕읍 술정동탑길 4,,,01,영업/정상,준대규모점포,,,055-533-4664
롯데슈퍼 신촌점,구분없음,2022-01-19,194219.19139038,450346.609802096,2025-12-15 16:15:28,I,3,폐업처리,2022-01-19 14:59:49,,2009-06-18,206.9,,,2014313011807500003,3130000,서울특별시 마포구 신촌로 88 (노고산동),,,03,폐업,준대규모점포,,,
씨유쇼핑몰,그 밖의 대규모점포,2026-05-28,243706.729688486,348414.0138691,2026-06-19 03:03:03,U,3,폐업처리,2026-06-18 11:27:20,,2009-06-11,4885.58,360-011,충청북도 청주시 상당구 북문로1가 90-1번지,2009436012407500001,5710000,충청북도 청주시 상당구 성안로 13 (북문로1가),,,03,폐업,대규모점포,,,22325867
롯데슈퍼 동천점,그 밖의 대규모점포,,401109.495875639,263819.584364432,2025-12-15 16:15:28,I,1,정상영업,2021-07-26 15:22:30,,2009-06-01,0,,경상북도 경주시 동천동 825,2021505035207500006,5050000,경상북도 경주시 동천로 70(동천동),38108,,01,영업/정상,준대규모점포,,,054-742-5603
홈플러스 송탄점,대형마트,,205228.393696342,393704.000108834,2025-12-15 16:15:28,I,1,정상영업,2024-02-29 10:52:08,,2009-05-29,10343.35,459-020,경기도 평택시 장당동 390번지 1호,2009391018107500004,3910000,경기도 평택시 경기대로 1103 (장당동),,,01,영업/정상,대규모점포,,,031-8053-8000
롯데프리미엄푸드마켓 공덕점,구분없음,,195564.375757848,449186.933273231,2026-09-01 22:21:01,U,2,휴업처리,2026-08-31 09:44:39,,2009-05-29,1335.9,,,2014313011807500001,3130000,"서울특별시 마포구 마포대로 109 (공덕동, 롯데캐슬프레지던트)",,,02,휴업,준대규모점포,2026-09-01,2026-10-31,
롯데쇼핑(주) 롯데마트 평택점,전문점,,209876.420133429,387425.098329575,2026-05-07 03:03:03,U,1,정상영업,2026-05-06 17:59:10,,2009-05-28,11450.91,450-020,경기도 평택시 합정동 968번지 1호,2009391018107500003,3910000,경기도 평택시 평택5로 30 (합정동),,,01,영업/정상,대규모점포,,,031-8053-2521
가든파이브 라이프,그 밖의 대규모점포,,210986.460698452,441725.293491662,2025-12-15 16:15:28,I,1,정상영업,2015-04-17 09:53:53,,2009-05-11,145244.54,138-200,서울특별시 송파구 문정동 516번지,2009323013107500002,3230000,서울특별시 송파구 충민로 66 (문정동),,,01,영업/정상,대규모점포,,,21570118
가든파이브 툴,쇼핑센터,,210480.282018702,441833.16323518,2025-12-15 16:15:28,I,1,정상영업,2023-01-16 17:51:49,,2009-05-11,84471,138-200,서울특별시 송파구 문정동 292번지 외 29필지,2009323013107500001,3230000,서울특별시 송파구 충민로 10 (문정동),,,01,영업/정상,대규모점포,,,02-2157-4024
뉴코아순천점,복합쇼핑몰,,247410.736823692,163957.828214531,2026-07-14 11:38:15,I,1,정상영업,2026-05-12 16:09:19,,2009-05-07,16761.49,540-715,전남광주통합특별시 순천시 조례동 766번지,2009482015207500002,5790000,전남광주통합특별시 순천시  비봉2길  22 (조례동),,,01,영업/정상,대규모점포,,,061-720-5000
(주)메가마트 동래점,대형마트,,389455.109101676,191427.549247975,2026-05-07 03:03:03,U,1,정상영업,2026-05-06 14:33:19,,2009-04-29,13191.43,607-011,부산광역시 동래구 명륜1동 506번지 3호,2009330006407500001,3300000,부산광역시 동래구 충렬대로 197 (명륜동),,2004-04-29,01,영업/정상,대규모점포,,,051-550-6020
홈플러스 마산점,대형마트,,344300.256802514,192639.515073523,2026-04-30 22:00:14,I,1,정상영업,2021-06-15 10:01:48,,2009-04-27,27678.74,630-811,경상남도 창원시 마산회원구 양덕2동 151번지 1호,2009528017007500003,5670000,경상남도 창원시 마산회원구 삼호로 56 (양덕동),,,01,영업/정상,대규모점포,,,055-259-8124
홈플러스(주)계림점,복합쇼핑몰,2024-12-07,192333.816487533,184703.518867664,2026-07-14 11:38:15,I,3,폐업처리,2024-12-26 14:33:36,,2009-04-23,11182,501-081,전남광주통합특별시 동구 계림1동 505번지 900호,2009359008107500001,5805000,전남광주통합특별시 동구 무등로 314 (계림동),,,03,폐업,대규모점포,,,062-530-8124
AK PLAZA 평택점,백화점,,207523.442711596,387674.877266816,2025-12-15 16:15:28,I,1,정상영업,2024-12-24 10:25:07,,2009-04-22,31750,450-827,경기도 평택시 평택동 185번지 568호,2009391018107500002,3910000,경기도 평택시 평택로 51 (평택동),,,01,영업/정상,대규모점포,,,031-615-1296
삼성데스코 홈플러스 삼척점,그 밖의 대규모점포,,,,2025-12-15 16:15:28,I,1,정상영업,2011-10-31 14:21:29,,2009-04-17,27420,245-070,강원특별자치도 삼척시 당저동,2009424011307500001,4241000,,,,01,영업/정상,,,,
(주)현대백화점 동구점,백화점,,420520.452195917,227362.248793607,2026-05-06 22:48:25,I,1,정상영업,2024-04-01 13:58:14,,2009-04-09,13544,,울산광역시 동구 서부동 105번지 3호,2007371006707500001,3710000,울산광역시 동구 방어진순환도로 899 (서부동),,,01,영업/정상,대규모점포,,,052-0250-4604
(사)풍기선비골인삼시장,그 밖의 대규모점포,,337271.366066649,377263.393452408,2025-12-15 16:15:28,I,1,정상영업,2024-07-31 15:30:55,,2009-04-06,3096.69,750-802,경상북도 영주시 풍기읍 산법리 446번지 4호  외 1필,2009509007907500001,5090000,경상북도 영주시 풍기읍 소백로 2156,,,01,영업/정상,대규모점포,,,054-636-3450
롯데쇼핑(주) 롯데슈퍼 파장점,대형마트,2018-12-10,199344.315744548,422597.665456616,2026-03-11 01:45:41,I,3,폐업처리,2018-12-10 17:40:07,,2009-03-31,283.1,,,2011374017307500007,3740000,경기도 수원시 장안구 정자로 164 (정자동),,,03,폐업,준대규모점포,,,031-226-5601
신세계 이마트 목동점,대형마트,2011-05-19,,,2025-12-15 16:15:28,I,3,폐업처리,2014-02-18 11:01:29,,2009-03-23,14074.76,158-051,"서울특별시 양천구 목1동 926번지 9261호 목동트라팰리스 내(지하1,2층)",2009314011407500001,3140000,,,,03,폐업,대규모점포,,,
이문동웰츠타워,그 밖의 대규모점포,,205396.363734301,455131.683241064,2025-12-15 16:15:28,I,1,정상영업,2014-09-26 13:26:40,,2009-03-20,8286.24,130-826,서울특별시 동대문구 이문동 292번지 10호,2014305014007500002,3050000,서울특별시 동대문구 이문로 136 (이문동),,,01,영업/정상,대규모점포,,,
대규모점포 개설등록,그 밖의 대규모점포,,205396.363734301,455131.683241064,2025-12-15 16:15:28,I,1,정상영업,2009-03-20 17:54:01,,2009-03-20,8286.24,130-081,서울특별시 동대문구 이문1동 292번지 10호 (주)이문종합상가 이문동웰츠타워,2009305010007500001,3050000,,,,01,영업/정상,,,,
홈플러스(주) 분당오리점,대형마트,2026-09-08,209409.160207927,426451.358939753,2026-09-10 21:48:14,U,3,폐업처리,2026-09-09 16:07:30,,2009-03-12,8854,,경기도 성남시 분당구 구미동 159호,2009378019307500001,3780000,경기도 성남시 분당구 탄천상로151번길 20 (구미동),13636,,03,폐업,대규모점포,,,031-884-2080
송화시장,그 밖의 대규모점포,,185431.066605778,449714.813765198,2025-12-15 16:15:28,I,1,정상영업,2014-09-26 19:26:13,,2009-03-05,3378.74,157-835,서울특별시 강서구 내발산동 719번지 6호,2009315012307500001,3150000,서울특별시 강서구 강서로 267 (내발산동),,,01,영업/정상,대규모점포,,,26022801
(주)신세계 센텀시티점,백화점,,393952.264486105,187602.933160728,2026-05-10 22:54:10,I,1,정상영업,2024-04-24 14:40:32,,2009-02-28,139892,612-892,부산광역시 해운대구 우2동 1495번지,2010333010307500002,3330000,부산광역시 해운대구 센텀남대로 35 (우동),,,01,영업/정상,대규모점포,,,1688-1234
주)신세계 / 백화점 센텀시티점,백화점,2009-02-28,393952.264486105,187602.933160728,2026-05-10 22:54:10,I,3,폐업처리,2021-12-02 13:40:07,,2009-02-28,88953.19,612-022,부산광역시 해운대구 우2동 1495번지,2009333008207500001,3330000,부산광역시 해운대구 센텀남대로 35 (우동),,,03,폐업,대규모점포,,,
(주)서원유통 탑마트 동읍점,그 밖의 대규모점포,,353068.491917347,198881.48638142,2026-04-30 22:00:15,I,1,정상영업,2025-05-08 11:24:35,,2009-02-19,696,,경상남도 창원시 의창구 동읍 용잠리 418번지 3호,2011567024107500020,5670000,경상남도 창원시 의창구 동읍 동읍로 1-10,51132,,01,영업/정상,준대규모점포,,,055-299-1991
(주)신세계이마트마산점,대형마트,,342886.064848583,189864.336045851,2026-04-30 22:00:14,I,1,정상영업,2009-02-16 18:28:32,,2009-02-16,0,631-870,경상남도 마산시 중앙동3가 4번지 1호,2009528017007500001,5670000,경상남도 창원시 마산합포구 서성로 3 (중앙동3가),,,01,영업/정상,,,,
타임스트림,복합쇼핑몰,,193754.427350029,442407.201247108,2025-12-15 16:15:28,I,1,정상영업,2021-10-18 11:07:16,,2009-02-04,16025.6,151-930,서울특별시 관악구 서원동 1641번지 2호,2009320013107500001,3200000,서울특별시 관악구 신림로 330 (신림동),,,01,영업/정상,대규모점포,,,02-881-8004
덕천지하상가 태아쇼핑,쇼핑센터,,382592.874906377,191951.764364841,2026-05-03 22:39:04,I,1,정상영업,2022-08-05 11:33:35,,2009-01-22,4785.59,616-817,부산광역시 북구 덕천동 327번지 덕천 숙등역간 지하구간,2009332007907500001,3320000,부산광역시 북구 만덕대로 지하 39 (덕천동),,,01,영업/정상,대규모점포,,,051-317-3222
하나로마트 봉담점,복합쇼핑몰,2025-12-31,196298.667303854,412856.90918779,2026-02-01 10:52:12,U,3,폐업처리,2026-01-07 09:07:51,,2008-12-17,5233,445-893,경기도 화성시 효행구 봉담읍 동화리 597번지 1호,2008553018707500001,5530000,경기도 화성시 효행구 봉담읍 동화길 81-16,,,03,폐업,대규모점포,,,031-8012-6613
롯데쇼핑(주)롯데마트맥스 송천점,그 밖의 대규모점포,,210806.895238058,261606.503373051,2026-05-05 03:03:03,U,1,정상영업,2026-05-04 15:00:25,,2008-12-17,10386.54,561-301,전북특별자치도 전주시덕진구 송천동1가 281번지 1호,2008464032407500004,4641000,전북특별자치도 전주시 덕진구 송천중앙로 82 (송천동1가),,,01,영업/정상,대규모점포,,,063-276-7350
춘천철원화천양구축산농협 하나로마트(퇴계점),대형마트,,264838.52203719,483744.542704867,2026-05-10 21:30:39,I,1,정상영업,2020-06-17 16:05:20,,2008-12-17,6447.28,,,2013418022907500001,4181000,강원특별자치도 춘천시 지석로 11 (퇴계동),,,01,영업/정상,대규모점포,,,033-264-3802
보성산업 주식회사(구미역사지점),쇼핑센터,2022-12-31,319791.670828281,292767.76066196,2025-12-15 16:15:28,I,3,폐업처리,2024-01-11 13:50:55,,2008-12-10,13562.72,730-011,경상북도 구미시 원평동 1008번지 1호,2008508013307500001,5080000,,,,03,폐업,대규모점포,,,054-444-5221
씨유 쇼핑몰,그 밖의 대규모점포,,243706.729688486,348414.0138691,2026-05-06 22:48:30,I,4,직권취소,2014-04-10 16:09:42,,2008-12-04,4885.58,360-011,충청북도 청주시 상당구 북문로1가 90-1번지,2008436012407500001,5710000,충청북도 청주시 상당구 성안로 13 (북문로1가),,,04,취소/말소/만료/정지/중지,준대규모점포,,,043-224-9650
롯데쇼핑(주)롯데마트 와~스타디움점,대형마트,2016-05-20,183897.629119608,424184.561226779,2025-12-15 16:15:28,I,3,폐업처리,2016-05-20 17:57:54,,2008-12-03,8834,425-866,경기도 안산시 단원구 초지동 666번지 1호,2008393021207500002,3930000,경기도 안산시 단원구 화랑로 260 (초지동),,,03,폐업,대규모점포,,,031-0411-3804
롯데쇼핑(주) 프리미엄아울렛김해점,쇼핑센터,,366527.647820362,188848.193746372,2026-04-30 03:03:03,U,1,정상영업,2026-04-29 11:21:44,,2008-12-02,45952,621-832,경상남도 김해시 장유면 신문리 1B 4L,2008535016407500001,5350000,경상남도 김해시 장유로 469 (신문동),,,01,영업/정상,대규모점포,,,055-900-2209
농협하나로마트,그 밖의 대규모점포,,,,2026-07-01 13:57:55,I,1,정상영업,2008-12-09 17:08:14,,2008-12-01,0,515-801,전남광주통합특별시 장성군 장성읍 영천리 1040번지,2008498006307500001,5895000,,,,01,영업/정상,,,,061-390-7777
롯데백화점 마산점,백화점,2024-06-30,343212.800421554,190266.65987154,2026-04-30 22:00:14,I,3,폐업처리,2024-07-16 14:45:09,,2008-11-26,29243.56,631-712,경상남도 마산시 신포동2가 28번지 대우백화점,2008528017007500004,5670000,경상남도 창원시 마산합포구 동서동로 18 (신포동2가),,,03,폐업,대규모점포,,,
탑마트 통영죽림점,구분없음,,329345.087263931,154002.19245445,2026-05-04 22:00:47,I,1,정상영업,2015-09-22 11:30:19,,2008-11-20,0,,경상남도 통영시 광도면 죽림리 1584번지 5호,2008533015707500001,5330000,경상남도 통영시 광도면 신죽1길 18,53017,,01,영업/정상,준대규모점포,,,055-643-5112
(주)모다이노칩 대전점,복합쇼핑몰,,228575.081238186,312477.879878724,2025-12-15 16:15:28,I,1,정상영업,2024-05-13 17:32:08,,2008-11-20,15896.83,305-251,대전광역시 유성구 대정동 303번지 2호,2008367009007500003,3670000,대전광역시 유성구 대정로 5 (대정동),,,01,영업/정상,대규모점포,,,042-546-0363
롯데쇼핑(주) 롯데마트 전주점,대형마트,,209193.584320494,257365.921223342,2026-05-05 03:03:03,U,1,정상영업,2026-05-04 15:01:31,,2008-11-19,10429,560-242,전북특별자치도 전주시완산구 효자동2가 1234번지 3호,2008464032407500003,4641000,전북특별자치도 전주시 완산구 우전로 240 (효자동2가),,,01,영업/정상,대규모점포,,,063-249-2500
서안성농협 하나로마트,대형마트,,215254.109871143,389810.889681838,2026-05-10 22:09:12,I,1,정상영업,2015-04-17 17:03:50,,2008-11-14,5620.51,456-823,경기도 안성시 공도읍 만정리 381번지 1호,2008408014107500002,4080000,경기도 안성시 공도읍 덕봉서원로 68,,,01,영업/정상,대규모점포,,,
롯데쇼핑(주) 롯데마트 당진점,대형마트,,168374.445833845,378301.437167256,2026-05-08 03:03:03,U,1,정상영업,2026-05-07 09:43:51,,2008-11-10,10356.86,343-090,충청남도 당진시 원당동 824번지,2008463008007500002,5680000,충청남도 당진시 정안로 20 (원당동),,,01,영업/정상,대규모점포,,,041-350-7021
홈플러스 강동점,대형마트,,212501.369116329,449282.31038379,2026-05-06 22:47:34,I,1,정상영업,2024-03-06 17:08:54,,2008-11-07,14176,134-861,서울특별시 강동구 천호동 42번지,2009324013907500001,3240000,서울특별시 강동구 양재대로 1571 (천호동),,,01,영업/정상,대규모점포,,,02-3400-8000
삼성테드크(주)홈플러스강동점,대형마트,,212501.369116329,449282.31038379,2026-05-06 22:47:34,I,4,직권취소,2011-04-28 15:00:17,2008-11-07,2008-11-07,14176,134-020,서울특별시 강동구 천호동 42번지,2008324013907500001,3240000,,,,04,취소/말소/만료/정지/중지,,,,34008000
홈플러스(주) 인하점,대형마트,,169028.062637712,438450.444079289,2026-03-26 22:48:22,I,1,정상영업,2021-06-04 16:28:16,,2008-11-06,15198,402-024,인천광역시 남구 용현동 648번지,2008351009207500002,3510500,인천광역시 남구 소성로 6 (용현동),,,01,영업/정상,대규모점포,,,032-763-2080
대구종합유통단지 일반의류관,그 밖의 대규모점포,,345320.332290336,268402.372721347,2026-05-03 22:36:11,I,1,정상영업,2024-04-11 09:33:49,,2008-11-03,14925.65,702-716,대구광역시 북구 산격2동 1668번지 일반의류관,2008345009907500001,3450000,대구광역시 북구 유통단지로14길 22 (산격동),,,01,영업/정상,대규모점포,,,053-601-2000
홈플러스(주)목동점,쇼핑센터,2024-06-01,188729.190478822,447572.610039376,2025-12-15 16:15:28,I,3,폐업처리,2024-05-31 13:08:02,,2008-11-03,19765.04,158-051,서울특별시 양천구 목동 919번지 7호,2008314011407500002,3140000,서울특별시 양천구 목동서로 170 (목동),,,03,폐업,대규모점포,,,02-2644-2080
(주)이마트 보라점,대형마트,,209257.142312204,416191.247743094,2026-04-01 22:14:01,I,1,정상영업,2024-12-06 10:44:07,,2008-10-31,7116.1,446-904,경기도 용인시 기흥구 보라동 623번지 1호,2008405024007500002,4050000,경기도 용인시 기흥구 한보라1로 92 (보라동),,,01,영업/정상,대규모점포,,,031-8009-1051
홈플러스(주) 가양점,대형마트,2026-07-14,186687.131804431,451342.773451086,2026-01-02 02:40:00,U,3,폐업처리,2026-07-16 13:02:35,,2008-10-31,10037,157-202,서울특별시 강서구 가양동 18번지 24호,2008315012307500001,3150000,"서울특별시 강서구 양천로 431 (가양동, 홈플러스)",,,03,폐업,대규모점포,2025-12-28,2026-12-27,02-2063-2080
홈플러스 주식회사 동촌점,대형마트,2026-07-15,349426.805402323,266377.854783573,2026-04-30 22:30:10,U,3,폐업처리,2026-07-15 10:16:24,,2008-10-28,11787.54,701-860,대구광역시 동구 검사동 908번지 5호,2008342009007500001,3420000,대구광역시 동구 동촌로 127 (검사동),,,03,폐업,대규모점포,2026-02-01,2027-01-31,053-559-2080
종암우림카이저팰리스주상복합,그 밖의 대규모점포,,202887.735294472,455516.204264925,2025-12-15 16:15:28,I,1,정상영업,2016-03-10 13:18:37,,2008-10-27,4382.65,,서울특별시 성북구 종암동 132번지,2008307013407500002,3070000,"서울특별시 성북구 종암로 132 (종암동, 종암우림카이저팰리스)",02797,,01,영업/정상,대규모점포,,,02-0941-3506
홈플러스 시흥점,대형마트,2026-07-14,191152.432649234,438865.160717275,2026-07-10 22:18:10,U,3,폐업처리,2026-07-15 16:53:06,,2008-10-24,14972,153-031,서울특별시 금천구 시흥동 992번지 47호,2008317010507500002,3170000,서울특별시 금천구 시흥대로 201 (시흥동),,,03,폐업,대규모점포,2026-04-01,2027-03-31,
예산홍성패션타운,그 밖의 대규모점포,,180297.347241328,352230.337405422,2025-12-15 16:15:28,I,1,정상영업,2011-10-30 13:39:36,,2008-10-22,3570.43,340-913,충청남도 예산군 오가면 월곡리 142번지 1호,2008461007607500001,4610000,충청남도 예산군 오가면 충서로 381,,,01,영업/정상,대규모점포,,,041-621-0540
홈플러스테스코(주) 상주점,그 밖의 대규모점포,2008-12-11,303243.580883618,324856.00039883,2025-12-15 16:15:28,I,3,폐업처리,2009-05-03 11:09:15,,2008-10-21,8053,742-906,경상북도 상주시 무양동 291번지,2008511012407500001,5110000,경상북도 상주시 삼백로 71 (무양동),,,03,폐업,,,,
신정동세양청마루2차상가,그 밖의 대규모점포,,187954.189632117,445124.131588947,2025-12-15 16:15:28,I,1,정상영업,2024-04-09 09:10:58,,2008-10-16,3143.65,158-077,서울특별시 양천구 신정동 201번지 1호,2008314011407500001,3140000,서울특별시 양천구 목동남로4길 2 (신정동),,,01,영업/정상,대규모점포,,,02-2061-3585
롯데쇼핑(주)롯데마트 노은점,대형마트,,228791.561904026,320417.927035738,2026-05-09 03:03:03,U,1,정상영업,2026-05-08 08:49:27,,2008-10-15,10119.72,305-358,대전광역시 유성구 하기동 519번지,2008367009007500002,3670000,대전광역시 유성구 북유성대로 206 (하기동),,,01,영업/정상,대규모점포,,,042-820-8321
홈플러스 주식회사 부천여월점,대형마트,,182455.521209906,445978.59662723,2025-12-15 16:15:28,I,1,정상영업,2024-03-11 17:48:13,,2008-10-10,16035.41,421-220,경기도 부천시 오정구 여월동 301번지,2008386012607500003,3860000,경기도 부천시 오정구 소사로 663 (여월동),,,01,영업/정상,대규모점포,,,
홈플러스(주) 오창점,대형마트,,238188.127636011,356944.128244481,2026-05-06 22:48:30,I,1,정상영업,2024-03-06 11:24:02,,2008-09-24,10672,363-883,충청북도 청주시 청원구 오창읍 양청리 820번지,2008441006707500001,5710000,충청북도 청주시 청원구 오창읍 중심상업1로 8-11,,,01,영업/정상,대규모점포,,,043-249-8124
홈플러스(주) 문경점,그 밖의 대규모점포,,306449.794700085,343567.171140178,2026-01-07 17:29:46,I,1,정상영업,2024-02-29 10:03:29,,2008-09-22,9503.99,745-883,경상북도 문경시 모전동 859번지 2호,2008512001207500001,5120000,경상북도 문경시 모전로 65 (모전동),,,01,영업/정상,대규모점포,,,054-559-8000
(주) 이마트 보령점,복합쇼핑몰,,163004.078094159,315990.484664465,2026-05-06 22:48:23,I,1,정상영업,2024-04-19 17:20:36,,2008-09-19,8061.15,355-060,충청남도 보령시 궁촌동 340번지 1호,2010451013607500001,4510000,충청남도 보령시 해안로 25 (궁촌동),,2008-09-19,01,영업/정상,대규모점포,,,041-640-1052
굿모닝시티 쇼핑몰,쇼핑센터,,200573.641273539,451621.036467544,2026-03-26 22:48:22,U,1,정상영업,2025-10-31 17:54:29,,2008-09-16,40302.01,100-729,서울특별시 중구 을지로6가 18번지 21호 굿모닝시티쇼핑몰,2008301010007500005,3010000,"서울특별시 중구 장충단로 247 (을지로6가,굿모닝시티쇼핑몰)",,,01,영업/정상,대규모점포,,,02-2118-8700
홈플러스(주)서대전점,대형마트,2024-08-23,228575.260565526,312601.12043091,2025-12-15 16:15:28,I,3,폐업처리,2024-08-23 16:48:03,,2008-09-05,15013,305-251,대전광역시 유성구 대정동 303번지 1호,2008367009007500001,3670000,대전광역시 유성구 대정로 23 (대정동),,,03,폐업,대규모점포,,,042-540-8000
파크에비뉴,그 밖의 대규모점포,,206212.244268239,449577.174890763,2025-12-15 16:15:28,I,1,정상영업,2012-01-04 11:10:42,,2008-09-03,3741.82,143-150,서울특별시 광진구 군자동 503번지,2008304010307500002,3040000,서울특별시 광진구 광나루로 369 (군자동),,,01,영업/정상,대규모점포,,,02-466-6767
홈플러스(주)파주문산점,대형마트,,181002.777532337,485203.012122524,2026-05-02 22:04:32,I,1,정상영업,2024-03-05 15:10:55,,2008-09-01,10326.4,413-902,경기도 파주시 문산읍 당동리 산업단지내 지원시설용지 1-1,2008406017607500001,4060000,경기도 파주시 문산읍 방촌로 1759,,,01,영업/정상,대규모점포,,,031-960-8000
ENTER-6,그 밖의 대규모점포,,203321.562330114,451001.868687869,2026-05-07 22:31:40,I,1,정상영업,2021-12-01 14:07:47,,2008-08-28,7960,,서울특별시 성동구 행당동 168번지 151호 왕십리민자역사,2008303010307500003,3030000,"서울특별시 성동구 왕십리광장로 17, 왕십리민자역사 (행당동)",04750,,01,영업/정상,대규모점포,,,02-2200-6000
(주)이마트 안성점,대형마트,,222711.793919182,390149.787207476,2026-05-10 22:09:12,I,1,정상영업,2023-07-26 18:34:31,,2008-08-27,10035.66,456-240,경기도 안성시 석정동 149번지 3호,2008408014107500001,4080000,경기도 안성시 중앙로 246 (석정동),,,01,영업/정상,대규모점포,,,
엠플라자(M plaza),쇼핑센터,,198619.38819773,451135.740279961,2026-03-26 22:48:22,I,1,정상영업,2016-07-04 14:41:05,,2008-08-27,5835.93,,서울특별시 중구 명동2가 31번지 1호,2008301010007500004,3010000,"서울특별시 중구 명동8길 27 (명동2가, 엠 플라자)",04536,,01,영업/정상,대규모점포,,,02-318-8322
롯데백화점 건대스타시티점,백화점,,206217.434726027,448506.218743834,2026-04-16 03:03:03,U,1,정상영업,2026-04-15 17:23:13,,2008-08-22,26203.17,143-003,서울특별시 광진구 자양동 227번지 342호 롯데백화점 스타시티점,2008304010307500001,3040000,서울특별시 광진구 능동로 92 (자양동),,,01,영업/정상,대규모점포,,,02-2218-2995
홈플러스(주) 대전가오점,대형마트,,241064.767614979,311893.45796323,2026-05-03 22:32:20,I,1,정상영업,2011-10-30 15:28:34,,2008-08-19,8435.05,300-050,대전광역시 동구 가오동 557번지 토마토쇼핑센터 지하 1층,2008364008907500002,3640000,대전광역시 동구 은어송로 72 (가오동),,,01,영업/정상,대규모점포,,,042-281-8120
롯데슈퍼 대흥점,복합쇼핑몰,,194648.759340948,449239.314703653,2026-05-08 03:03:03,U,1,정상영업,2026-05-07 12:33:20,,2008-08-12,414.5,,,2014313011807500002,3130000,서울특별시 마포구 큰우물로 3 (대흥동),,,01,영업/정상,준대규모점포,,,
홈플러스 천안점,대형마트,,214695.358784324,366435.793995253,2026-04-21 03:03:03,U,2,휴업처리,2026-04-20 16:19:03,,2008-08-08,10350,,충청남도 천안시 동남구 구성동 50-3 외 8필지,2008449023407500001,4490000,"충청남도 천안시 동남구 천안대로 574, 홈플러스 (구성동)",31069,,02,휴업,대규모점포,2026-04-17,2027-04-16,041-731-8152
홈플러스 주식회사 울산동구점,복합쇼핑몰,,420194.506233977,224850.32369301,2026-05-06 22:48:25,I,1,정상영업,2024-03-04 16:38:32,,2008-08-06,12494,682-050,울산광역시 동구 일산동 577번지 1호,2008371006707500001,3710000,울산광역시 동구 방어진순환도로 637 (일산동),,,01,영업/정상,대규모점포,,,052-230-8124
서울풍물시장,그 밖의 대규모점포,,202186.468072494,452282.607415166,2025-12-15 16:15:28,I,1,정상영업,2024-01-19 17:46:11,,2008-08-06,2448,130-813,서울특별시 동대문구 신설동 109번지 5호,2014305014007500001,3050000,서울특별시 동대문구 천호대로4길 21 (신설동),,,01,영업/정상,대규모점포,,,22382600
전자상가협동조합,그 밖의 대규모점포,,344879.421493561,268476.874902975,2026-05-03 22:36:11,I,1,정상영업,2020-06-15 09:18:50,,2008-07-31,10519.8,702-012,대구광역시 북구 산격동 1626번지,2008345009907500002,3450000,대구광역시 북구 유통단지로 25 (산격동),,,01,영업/정상,대규모점포,,,
오산 파크스퀘어,그 밖의 대규모점포,2013-01-31,206118.273622077,404474.595570101,2025-12-15 16:15:28,I,3,폐업처리,2013-02-05 12:41:26,,2008-07-22,6023.48,447-060,경기도 오산시 원동 841번지,2008400005007500001,4000000,경기도 오산시 원동로 6 (원동),,,03,폐업,대규모점포,,,031-378-5225
(주)군자포커스프라자,그 밖의 대규모점포,,181845.332285791,425523.446902785,2025-12-15 16:15:28,I,1,정상영업,2008-07-24 11:35:16,,2008-07-22,5397.23,425-130,경기도 안산시단원구 원곡동 762번지,2008393021207500001,3930000,경기도 안산시 단원구 화랑로 32 (원곡동),,,01,영업/정상,,,,031-494-3771
베네치아메가몰,그 밖의 대규모점포,,201823.908977364,452076.818664092,2026-03-26 22:48:22,I,1,정상영업,2017-08-03 13:28:26,,2008-07-18,27653.82,100-440,서울특별시 중구 황학동 2545번지,2008301010007500003,3010000,서울특별시 중구 청계천로 400 (황학동),,,01,영업/정상,대규모점포,,,02-2048-8231
홈플러스(주) 평촌점,복합쇼핑몰,,195583.711564712,432382.548041467,2025-12-15 16:15:28,I,1,정상영업,2024-02-27 14:01:49,,2008-07-10,6389.5,,경기도 안양시 동안구 비산동 1109번지 3호,2008383006207500001,3830000,"경기도 안양시 동안구 동안로 162 (비산동, 홈플러스)",14046,,01,영업/정상,대규모점포,,,031-470-8000
수유북부시장,그 밖의 대규모점포,,201354.553491054,459317.583083716,2026-04-30 22:35:17,I,1,정상영업,2021-12-20 09:39:17,,2008-07-10,1698.5,142-870,서울특별시 강북구 수유동 405번지 5호,2008308009207500001,3080000,서울특별시 강북구 삼양로91길 11-12 (수유동),,,01,영업/정상,대규모점포,,,02-903-5546
곡성농협,대형마트,,,,2026-07-01 13:02:37,I,1,정상영업,2009-03-19 11:20:58,,2008-07-07,0,516-800,전남광주통합특별시 곡성군 곡성읍,2009486008107500001,5835000,,,,01,영업/정상,,,,061-362-3612
신세계 이마트 청계천점,그 밖의 대규모점포,2015-08-27,201823.908977364,452076.818664092,2026-03-26 22:48:23,I,3,폐업처리,2015-08-27 09:19:02,,2008-07-04,15861,,,2014301013007500019,3010000,서울특별시 중구 청계천로 400 (황학동),,,03,폐업,대규모점포,,,02-2290-1052
(주)지에스리테일 GS더프레시 진해자은점,그 밖의 대규모점포,,355375.865963172,184627.955500469,2026-04-30 22:00:14,I,5,영업개시전,2025-04-08 15:58:13,,2008-07-03,1209,,경상남도 창원시 진해구 자은동 924-2,2008567057407500002,5670000,경상남도 창원시 진해구 덕산로61번길 31 (자은동),51647,,01,영업/정상,준대규모점포,,,080-345-7700
태흥프라자,그 밖의 대규모점포,,172489.409517819,439631.056179383,2026-03-26 22:48:21,I,1,정상영업,2020-01-07 15:27:25,,2008-07-03,2230.46,402-206,"인천광역시 남구 주안동 956번지 1호 지하1층,지하2층",2008351009207500001,3510500,인천광역시 남구 경원대로 848 (주안동),,,01,영업/정상,대규모점포,,,032-433-7219
(주)이마트 왕십리점,대형마트,,203292.151783332,451267.730992123,2026-05-07 22:31:40,I,1,정상영업,2024-04-26 10:27:13,,2008-06-27,11573,133-071,서울특별시 성동구 행당동 168번지 1호,2008303010307500001,3030000,서울특별시 성동구 왕십리광장로 17 (행당동),,,01,영업/정상,대규모점포,,,02-2200-1234
주식회사 이마트 청계천점,대형마트,,201823.908977364,452076.818664092,2026-03-26 22:48:22,I,1,정상영업,2024-11-19 09:48:29,,2008-06-26,20144.48,100-899,서울특별시 중구 황학동 2545번지,2008301010007500002,3010000,서울특별시 중구 청계천로 400-0 (황학동),,,01,영업/정상,대규모점포,,,02-2290-1234
삼익아파트상가,그 밖의 대규모점포,2025-08-08,205020.608686581,456783.766604012,2025-12-15 16:15:28,I,3,폐업처리,2025-08-11 14:53:11,,2008-06-20,3583,136-143,서울특별시 성북구 장위동 60번지 1호,2008307013407500001,3070000,,,,03,폐업,준대규모점포,,,
롯데백화점 센텀시티점,백화점,,394083.501537578,187707.586117775,2026-05-10 22:54:10,I,1,정상영업,2014-09-18 16:29:06,,2008-06-18,43777.66,612-022,부산광역시 해운대구 우동 1496번지,2008333008207500001,3330000,부산광역시 해운대구 센텀남대로 59 (우동),,,01,영업/정상,대규모점포,,,051-730-2500
시화공작기계 스텐레스판매조합,전문점,,175342.113845703,427240.561121589,2026-05-11 22:05:13,I,1,정상영업,2018-06-28 09:21:29,,2008-06-16,19599.9,429-450,경기도 시흥시 정왕동 2166번지 2호,2008401016707500002,4010000,경기도 시흥시 산기대학로 115 (정왕동),,,01,영업/정상,대규모점포,,,
홈플러스 진해점,대형마트,,354027.572779734,185091.047013466,2026-04-30 22:00:14,I,1,정상영업,2021-06-15 09:49:42,,2008-06-11,12780,645-808,경상남도 창원시 진해구 이동 536번지 10호,2008532011007500001,5670000,경상남도 창원시 진해구 충장로 356 (이동),,,01,영업/정상,대규모점포,,,055-540-8124
City7 Mall,그 밖의 대규모점포,,350381.455011533,194669.203835745,2026-04-30 22:00:14,I,1,정상영업,2025-05-16 09:21:55,,2008-06-02,25143.94,,경상남도 창원시 성산구 대원동 121 더시티세븐,2008527018207500002,5670000,"경상남도 창원시 성산구 원이대로 320, 더시티세븐 (대원동)",51408,,01,영업/정상,대규모점포,,,055-600-5100
롯데쇼핑(주) 롯데마트 시티세븐점,대형마트,,350381.455011533,194669.203835745,2026-05-07 21:48:19,U,1,정상영업,2025-12-31 07:26:57,,2008-06-02,10040.05,,경상남도 창원시 성산구 대원동 121 더시티세븐,2008527018207500001,5670000,"경상남도 창원시 성산구 원이대로 320, 더시티세븐 (대원동)",51408,,01,영업/정상,대규모점포,,,055-385-2500
이마트 미아점,대형마트,,202555.30089577,456503.066230481,2025-12-15 16:15:28,I,1,정상영업,2024-04-29 13:49:19,,2008-05-29,10006,136-800,서울특별시 성북구 길음동 25번지 2호,2014307021607500001,3070000,서울특별시 성북구 도봉로 17 (길음동),,,01,영업/정상,대규모점포,,,02-944-1052
신세계이마트미아점,대형마트,,202555.30089577,456503.066230481,2025-12-15 16:15:28,I,1,정상영업,2008-06-01 10:57:11,,2008-05-29,10006,,서울특별시 성북구 길음동 25번지 2호,2004307009907500001,3070000,,,,01,영업/정상,,,,02-0380-5234
롯데쇼핑(주) 롯데마트 동래점,대형마트,,389097.800933845,192260.811648263,2026-04-29 03:03:03,U,1,정상영업,2026-04-28 11:50:36,,2008-05-26,11436.38,607-060,부산광역시 동래구 온천동 502번지 3호,2008330006407500001,3300000,부산광역시 동래구 중앙대로 1393 (온천동),,,01,영업/정상,대규모점포,,,
이마트 하남점,대형마트,,218076.91973786,450073.163619109,2025-12-15 16:15:28,I,1,정상영업,2024-05-14 15:55:57,,2008-05-20,14148.62,465-010,경기도 하남시 덕풍동 736번지,2008404008507500001,4040000,경기도 하남시 덕풍서로 70 (덕풍동),,,01,영업/정상,대규모점포,,,02-380-5234
홈플러스(주) 조치원점,대형마트,,226564.668968332,342839.206240872,2026-04-12 03:03:03,U,1,정상영업,2026-04-11 12:31:22,,2008-05-09,8459.4,339-804,세종특별자치시 조치원읍 번암리 53번지,2008456001007500001,5690000,세종특별자치시 조치원읍 허만석로 60,,,01,영업/정상,대규모점포,2026-04-15,2026-10-14,044-861-8124
신세계 이마트 여의도점,대형마트,,193393.096553574,446218.443828439,2026-05-11 22:40:06,I,1,정상영업,2010-04-14 15:20:28,,2008-05-07,3536.87,150-010,서울특별시 영등포구 여의도동 47번지 여의도자이(아) 지하 1층,2008318011707500002,3180000,"서울특별시 영등포구 여의동로3길 10 (여의도동,여의도자이(아) 지하 1층)",,,01,영업/정상,,,,
GS THE FRESH 장유삼문점,구분없음,2025-05-20,364869.833042472,190643.314316385,2025-12-15 16:15:28,I,3,폐업처리,2025-08-20 14:28:44,,2008-04-24,426.6,,경상남도 김해시 부곡동 1163-1,2025535037407500003,5350000,경상남도 김해시 월산로 3 (부곡동),50983,,03,폐업,준대규모점포,,,055-724-3001
룩스쇼핑센터,전문점,,191087.758954321,446157.437289242,2026-05-11 22:40:06,I,1,정상영업,2020-09-07 17:34:45,,2008-04-24,9563.3,,서울특별시 영등포구 문래동3가 55-16 영등포 SK 리더스뷰,2008318011707500001,3180000,"서울특별시 영등포구 문래로 164, 영등포 SK 리더스뷰 (문래동3가)",07297,,01,영업/정상,대규모점포,,,02-2634-7654
폴라렉스 아울렛,쇼핑센터,,382731.210151804,192059.745558294,2026-05-03 22:39:04,I,1,정상영업,2008-04-16 11:22:58,,2008-04-15,5110.52,616-816,부산광역시 북구 덕천동 398번지 2호 외 3필지,2008332007907500001,3320000,"부산광역시 북구 만덕대로 23 (덕천동,외 3필지)",,,01,영업/정상,,,,051-341-0566
디큐브거제백화점,백화점,,347704.205856611,155893.001589544,2025-12-15 16:15:28,I,1,정상영업,2017-02-01 16:21:14,,2008-03-31,41597.88,656-305,경상남도 거제시 장평동 1211번지,2008537011107500001,5370000,경상남도 거제시 장평로 12 (장평동),,,01,영업/정상,대규모점포,,,
스타피카소 아울렛,전문점,,193282.130799848,450549.280167182,2025-12-15 16:15:28,I,1,정상영업,2008-04-03 18:10:02,,2008-03-31,6884.25,121-200,서울특별시 마포구 동교동 166번지 14호,2008313011807500001,3130000,서울특별시 마포구 양화로 176 (동교동),,,01,영업/정상,,,,02-333-3666
(주)농협유통하나로클럽 용인점,대형마트,,211994.061448131,418246.880193391,2026-07-31 21:48:10,U,1,정상영업,2026-07-30 17:17:10,,2008-03-28,4792.69,446-516,경기도 용인시기흥구 상하동 351번지,2008405024007500001,4050000,경기도 용인시 기흥구 중부대로 682 (상하동),,,01,영업/정상,대규모점포,,,031-289-0604
(주)이마트 다산점,복합쇼핑몰,,213941.170509698,456267.182532575,2025-12-15 16:15:28,I,1,정상영업,2024-04-22 16:40:22,,2008-03-28,10760,,경기도 남양주시 다산동 4001번지 29호,2008399008907500001,3990000,"경기도 남양주시 도농로 24 (다산동, 부영애시앙)",12256,,01,영업/정상,대규모점포,,,031-579-1052
(유)전주마트,그 밖의 대규모점포,,210396.713757185,256203.674495787,2025-12-15 16:15:28,I,2,휴업처리,2013-01-04 10:04:07,,2008-03-21,3858,560-241,전북특별자치도 전주시완산구 효자동1가 444번지,2008464032407500001,4641000,전북특별자치도 전주시 완산구 용머리로 46 (효자동1가),,,02,휴업,대규모점포,2012-06-15,2012-08-31,063-222-6425
크레타 망고 아울렛,전문점,2014-11-26,201273.887781838,452163.292543039,2026-05-06 22:48:28,I,3,폐업처리,2014-11-27 09:20:40,,2008-03-05,18776.28,110-841,서울특별시 종로구 창신동 328번지 18호,2008300012907500001,3000000,,,,03,폐업,,,,02-2171-3182
지산목련시장,그 밖의 대규모점포,,347420.400131212,259103.97403926,2026-05-03 22:40:51,I,1,정상영업,2015-09-18 16:24:32,,2008-02-27,735,706-090,대구광역시 수성구 지산동 1199번지 10호,2008346010207500001,3460000,대구광역시 수성구 용학로42길 9 (지산동),,,01,영업/정상,대규모점포,,,
스틸랜드 관리단,전문점,,173354.884787312,426990.403993901,2026-05-11 22:05:13,I,1,정상영업,2024-12-11 10:33:52,,2008-02-20,214876.79,429-450,"경기도 시흥시 정왕동 2210,2212,2213번지",2008401016707500001,4010000,경기도 시흥시 오이도로 21 (정왕동),,,01,영업/정상,대규모점포,,,031-8041-4500
시장로타리 지하상가,그 밖의 대규모점포,,,,2026-05-06 22:48:30,I,1,정상영업,2015-12-15 16:18:18,,2008-02-19,3209,403-010,인천광역시 부평구 부평동 224번지 1호,2008354006107500001,3540000,,,,01,영업/정상,대규모점포,,,032-506-7766
알파와오메가(주),쇼핑센터,,192137.42359477,183426.517448351,2026-07-14 11:38:15,I,1,정상영업,2013-12-31 09:38:14,,2008-02-14,3916.73,501-014,전남광주통합특별시 동구 충장로4가 14번지,2008359006007500001,5805000,,,,01,영업/정상,대규모점포,,,062-222-0600
(주) 이마트 마산점,구분없음,,342886.064848583,189864.336045851,2026-04-30 22:00:14,I,1,정상영업,2023-07-04 17:30:37,,2008-02-11,11192,631-870,경상남도 창원시 마산합포구 중앙동3가 4번지 1호,2008528017007500002,5670000,경상남도 창원시 마산합포구 서성로 3 (중앙동3가),,,01,영업/정상,대규모점포,,,055-711-1052
캐럿21,쇼핑센터,,213543.702684353,368568.407776592,2025-12-15 16:15:28,I,1,정상영업,2010-05-17 10:25:33,,2008-02-11,5174,330-943,충청남도 천안시 신부동 451번지 1호,2008449013107500001,4490000,,,,01,영업/정상,,,,
(주)LF네트웍스 연수점,전문점,,170626.761484147,435307.361190444,2026-05-11 23:16:51,I,1,정상영업,2011-10-30 13:38:46,,2008-01-26,13540,406-120,인천광역시 연수구 청학동 455번지 연수1차 하나아파트 상가동,2008352006807500001,3520000,인천광역시 연수구 청능대로23번길 11 (청학동),,,01,영업/정상,대규모점포,,,032-819-2330
중앙데파트,대형마트,,238439.32948411,314486.941893639,2026-05-03 22:32:20,I,4,직권취소,2010-01-13 11:24:43,,2008-01-25,6326,300-720,대전광역시 동구 중동 318번지 1호 중앙데파트,2008364008907500001,3640000,,,,04,취소/말소/만료/정지/중지,,,,042-606-4522
홈플러스(주) 목포점,대형마트,,144991.481278312,145423.716150726,2026-07-14 11:38:15,I,1,정상영업,2024-03-06 08:37:53,,2008-01-15,13780.4,530-360,전남광주통합특별시 목포시 용당동 1087번지 1호,2008480013207500001,5780000,전남광주통합특별시 목포시 영산로 313 (용당동),,,01,영업/정상,대규모점포,,,
(주)신세계마트 이마트 송림점,대형마트,2011-05-23,,,2026-07-01 09:42:12,I,3,폐업처리,2012-04-19 11:32:41,,2008-01-09,0,401-070,인천광역시 제물포구 송림동 296번지 2호,2008350005107500001,3501000,인천광역시 제물포구 봉수대로 82 (송림동),,,03,폐업,대규모점포,,,032-722-1234
(주)신세계 이마트 중동점,대형마트,,179059.890468202,444675.160533494,2025-12-15 16:15:28,I,4,직권취소,2014-01-27 16:42:29,,2008-01-03,12833.18,420-020,경기도 부천시 원미구중동 1157번지 (주)신세계 이마트 중동점,2008386012607500001,3860000,"경기도 부천시 원미구 석천로 188 (중동,(주)신세계 이마트 중동점)",,,04,취소/말소/만료/정지/중지,대규모점포,,,
코스트코 홀세일 일산점,대형마트,,181269.282136063,459854.286250466,2025-12-15 16:15:28,I,1,정상영업,2015-12-04 16:30:57,,2008-01-02,14989,410-360,경기도 고양시일산동구 백석동 1312번지,2008394015907500003,3940000,,,,01,영업/정상,대규모점포,,,031-904-3300
홈플러스 주식회사(계룡점),대형마트,,223032.827784192,308171.543487808,2025-12-15 16:15:28,I,1,정상영업,2024-02-27 16:21:20,,2007-12-26,7521,321-900,충청남도 계룡시 금암동 21번지 5호,2007558000907500001,5580000,충청남도 계룡시 계룡대로 304 (금암동),,,01,영업/정상,대규모점포,,,042-550-8114
롯데쇼핑(주)롯데마트삼산점,대형마트,,176238.624820895,445107.924835985,2026-05-12 22:48:10,U,1,정상영업,2026-05-11 15:58:10,,2007-12-20,15652.92,,인천광역시 부평구 삼산동 465-1 대덕리치아노,2007354006107500003,3540000,"인천광역시 부평구 길주로 623, 대덕리치아노 (삼산동)",21344,,01,영업/정상,대규모점포,,,
한신공영(주),그 밖의 대규모점포,,340718.253608761,272659.975074019,2026-05-03 22:36:11,I,1,정상영업,2024-04-19 14:56:45,,2007-12-20,16272.6,702-250,대구광역시 북구 동천동 894번지 1호,2007345009907500002,3450000,대구광역시 북구 동암로 90 (동천동),,,01,영업/정상,대규모점포,,,053-310-8891
(주)이마트 스타필드 마켓 동탄점,대형마트,,207005.769592372,412503.434111401,2026-02-01 10:52:12,I,1,정상영업,2025-08-27 15:26:30,,2007-12-18,16336.64,445-170,경기도 화성시 동탄구 석우동 44번지,2007553018707500001,5530000,경기도 화성시 동탄구 동탄중앙로 376 (석우동),,,01,영업/정상,대규모점포,,,02-380-5234
파보레 쇼핑몰,쇼핑센터,2022-07-31,188175.807511909,441461.454807111,2025-12-15 16:15:28,I,3,폐업처리,2022-12-05 17:32:37,,2007-12-17,8812,423-030,경기도 광명시 철산동 261번지,2005390007907500013,3900000,경기도 광명시 철산로 4 (철산동),,,03,폐업,대규모점포,,,02-2067-7080
홈플러스 센텀시티점,대형마트,,394314.881157365,187833.00164775,2026-05-10 22:54:10,I,1,정상영업,2024-03-05 16:17:10,,2007-12-12,17827,612-022,부산광역시 해운대구 우2동 1499번지,2007333008207500003,3330000,부산광역시 해운대구 센텀동로 6 (우동),,,01,영업/정상,대규모점포,,,051-709-8123
삼성테스코(주) 홈플러스 계림점,대형마트,,192333.816487533,184703.518867664,2026-07-14 11:38:15,I,1,정상영업,2013-05-24 13:48:19,,2007-12-06,11182,501-080,전남광주통합특별시 동구 계림동 505번지 900호,2007359006007500001,5805000,전남광주통합특별시 동구 무등로 314 (계림동),,,01,영업/정상,대규모점포,,,
탑마트 김해외동점,구분없음,,369095.360190715,193951.15676439,2025-12-15 16:15:28,I,1,정상영업,2025-04-29 17:22:06,,2007-11-29,1261.13,,경상남도 김해시 외동 529-4,2025535037407500007,5350000,경상남도 김해시 분성로 104 (외동),50960,,01,영업/정상,준대규모점포,,,055-339-5900
(주)이마트 여주점,복합쇼핑몰,,256448.248498212,420406.438944007,2026-03-11 01:22:21,I,1,정상영업,2024-04-22 13:40:15,,2007-11-20,7955.23,469-806,경기도 여주시 홍문동 384-1번지 외 9필지,2007411000907500002,5700000,경기도 여주시 세종로 151,,,01,영업/정상,대규모점포,,,031-887-6052
신도림 테크노마트,그 밖의 대규모점포,,190232.524534335,444978.682746138,2026-05-01 22:42:19,I,1,정상영업,2017-05-26 08:58:14,,2007-11-19,45744,152-050,서울특별시 구로구 구로동 3번지 25호 외 31필지,2007316011707500006,3160000,"서울특별시 구로구 새말로 97 (구로동,외 31필지)",,,01,영업/정상,대규모점포,,,34247800
롯데쇼핑(주) TRU구로점,전문점,2012-05-02,188669.484398215,444010.738380277,2026-05-01 22:42:19,I,3,폐업처리,2012-05-02 15:16:00,,2007-11-19,3352,152-050,서울특별시 구로구 구로동 636번지 89호 롯데마트 지하1층,2007316011707500005,3160000,"서울특별시 구로구 경인로 482 (구로동,롯데마트 지하1층)",,,03,폐업,대규모점포,,,02-2639-2500
삼성테스코(주)홈플러스 광주하남점,그 밖의 대규모점포,,182200.812320705,186547.650146985,2026-07-14 11:38:15,I,1,정상영업,2011-10-30 14:16:35,,2007-11-14,9993,506-250,전남광주통합특별시 광산구 하남동 831번지,2007363008007500002,5825000,전남광주통합특별시 광산구 용아로 390 (하남동),,,01,영업/정상,대규모점포,,,062-616-8125
롯데쇼핑(주)롯데마트 대덕테크노밸리점,대형마트,,234616.595769579,325170.14934764,2026-05-09 03:03:03,U,1,정상영업,2026-05-08 08:54:47,,2007-11-14,18409.34,305-509,대전광역시 유성구 관평동 887번지,2007367007507500001,3670000,대전광역시 유성구 테크노중앙로 14 (관평동),,,01,영업/정상,대규모점포,,,042-930-2521
삼성테스코(주) 홈플러스 광주하남점,그 밖의 대규모점포,,,,2026-07-01 10:27:55,I,1,정상영업,2011-10-30 14:18:47,,2007-11-09,9993,506-250,전남광주통합특별시 광산구 하남동 하남2지구 택지개발사업지구 3-1블록,2007363008007500001,5825000,전남광주통합특별시 광산구 용아로 390 (하남동),,,01,영업/정상,대규모점포,,,062-616-8000
나인스에비뉴,그 밖의 대규모점포,,189682.799434964,444193.860003095,2026-05-01 22:42:19,I,1,정상영업,2014-09-25 08:50:05,,2007-11-08,15624,152-050,서울특별시 구로구 구로동 501번지,2007316011707500004,3160000,서울특별시 구로구 구로중앙로 134 (구로동),,,01,영업/정상,대규모점포,,,
농협 하나로클럽 기흥점,대형마트,,211994.061448131,418246.880193391,2026-04-01 22:14:01,I,4,직권취소,2014-12-15 16:02:18,,2007-11-02,3184.69,446-515,경기도 용인시 기흥구 상하동 351번지,2007405024007500002,4050000,경기도 용인시 기흥구 중부대로 682 (상하동),,,04,취소/말소/만료/정지/중지,대규모점포,,,031-289-0600
롯데백화점 센텀시티점,복합쇼핑몰,,394083.501537578,187707.586117775,2026-05-10 22:54:15,U,1,정상영업,2026-04-13 14:04:53,,2007-10-31,43777.66,612-022,부산광역시 해운대구 우동 1496번지,2017333013207500008,3330000,부산광역시 해운대구 센텀남대로 59-0 (우동),,,01,영업/정상,대규모점포,,,051-730-2212
롯데쇼핑주식회사,백화점,,394083.501537578,187707.586117775,2026-05-10 22:54:10,I,1,정상영업,2007-10-31 16:37:23,,2007-10-31,0,612-770,부산광역시 해운대구 우동 1496번지,2007333008207500002,3330000,부산광역시 해운대구 센텀남대로 59 (우동),,,01,영업/정상,,,,02-771-2500
청주파비뇽아울렛,쇼핑센터,,240618.093580519,350373.725552173,2026-05-06 22:48:30,I,1,정상영업,2016-02-17 14:23:40,,2007-10-29,13694,361-300,충청북도 청주시 흥덕구 봉명동 2449번지,2007436009207500001,5710000,충청북도 청주시 흥덕구 월명로 212  (봉명동),,,01,영업/정상,,,,
NC고잔점,복합쇼핑몰,,184953.121683517,423556.960051606,2026-04-30 03:03:03,U,1,정상영업,2026-04-29 13:48:41,,2007-10-29,15823.57,,경기도 안산시 단원구 고잔동 725번지 1호,2007393017607500002,3930000,경기도 안산시 단원구 광덕대로 194 (고잔동),15462,,01,영업/정상,대규모점포,,,031-405-2001
세븐밸리,그 밖의 대규모점포,,340718.253608761,272659.975074019,2026-05-03 22:36:11,I,1,정상영업,2012-05-24 17:23:33,,2007-10-22,16272.6,702-250,대구광역시 북구 동천동 894번지 1호,2007345009907500003,3450000,대구광역시 북구 동암로 90 (동천동),,,01,영업/정상,대규모점포,,,
(주)패션플러스,전문점,2018-06-29,238672.425808478,314248.04947107,2026-05-03 22:32:20,I,3,폐업처리,2018-06-19 17:15:04,,2007-10-19,2328.9,300-010,대전광역시 동구 원동 62번지 4호,2007364008907500001,3640000,대전광역시 동구 대전천동로 528 (원동),,,03,폐업,대규모점포,,,042-255-7711
부천터미널 소풍,쇼핑센터,,178411.442079953,444684.405331659,2025-12-15 16:15:28,I,1,정상영업,2011-05-24 11:03:57,,2007-10-18,67922.98,,경기도 부천시 원미구상동 539번지 1호,2007386012607500001,3860000,경기도 부천시 원미구 송내대로 239 (상동),,,01,영업/정상,,,,032-624-6100
HomeCC(목포점),전문점,2016-03-07,,,2026-07-01 11:52:35,I,3,폐업처리,2016-03-09 11:11:54,,2007-10-17,3506.5,530-826,전남광주통합특별시 목포시 상동 1115번지 5호,2007480013207500001,5780000,,,,03,폐업,대규모점포,,,061-280-5900
(주) 이마트 신도림점,대형마트,,190232.524534335,444978.682746138,2026-05-01 22:42:19,I,1,정상영업,2024-04-24 09:39:06,,2007-09-27,7337,,서울특별시 구로구 구로동 3번지 25호 외 31필지,2007316011707500003,3160000,"서울특별시 구로구 새말로 97 (구로동,외 31필지)",,,01,영업/정상,대규모점포,,,
예스홈마트,대형마트,,382703.070316607,192096.317910797,2026-05-03 22:39:04,I,1,정상영업,2015-01-06 17:06:46,,2007-09-21,3909.34,616-100,부산광역시 북구 덕천동 397번지 1호 아남프라자 지하1층호,2007332007907500001,3320000,"부산광역시 북구 금곡대로8번길 33, 지하1층호 (덕천동,아남프라자)",,,01,영업/정상,,,,051-929-8600
롯데쇼핑(주) 팩토리아울렛인천점,복합쇼핑몰,2021-01-18,,,2026-07-01 09:42:12,I,3,폐업처리,2021-01-18 14:10:26,,2007-09-12,18182,400-037,인천광역시 제물포구 항동7가 76번지 2호,2007349007507500001,3501000,인천광역시 제물포구 서해대로209번길 2 (항동7가),,,03,폐업,대규모점포,,,032-728-2508
홈플러스(주) 일산점,대형마트,2026-07-13,179536.212704008,461876.531597015,2026-07-14 21:18:10,U,3,폐업처리,2026-07-13 16:51:13,,2007-09-11,12885,410-837,경기도 고양시 일산동구 장항동 755번지,2007394015907500003,3940000,경기도 고양시 일산동구 중앙로1275번길 64 (장항동),,,03,폐업,대규모점포,2025-12-28,2026-12-27,031-926-8035
롯데슈퍼 경주점,그 밖의 대규모점포,,400801.659691291,264740.573428483,2025-12-15 16:15:28,I,1,정상영업,2021-07-26 15:14:59,,2007-09-09,0,,경상북도 경주시 용강동 1329,2021505035207500005,5050000,경상북도 경주시 양정로 330(용강동),38095,,01,영업/정상,준대규모점포,,,054-744-5609
브라운스톤 창신상가,그 밖의 대규모점포,,201258.062657124,452787.132831042,2026-05-06 22:48:28,I,1,정상영업,2019-01-31 14:46:28,,2007-09-07,3393.77,,서울특별시 종로구 창신동 23번지 76호 브라운스톤 창신,2007300012907500001,3000000,"서울특별시 종로구 지봉로 81 (창신동, 브라운스톤 창신)",03095,,01,영업/정상,준대규모점포,,,
그랜드애비뉴,복합쇼핑몰,,411699.716488058,281700.620899084,2026-05-07 22:37:42,I,1,정상영업,2024-04-26 14:40:59,,2007-08-30,19688.71,790-828,경상북도 포항시남구 상도동 582번지,2007502016507500001,5020000,경상북도 포항시 남구 중흥로 77 (상도동),,,01,영업/정상,대규모점포,,,054-256-8888
서산농업협동조합 하나로마트,그 밖의 대규모점포,2014-04-24,151123.238669277,362915.483553412,2026-03-26 22:48:23,I,3,폐업처리,2014-04-24 10:58:08,,2007-08-30,3342.82,356-110,충청남도 서산시 석남동 128번지,2009453021107500001,4530000,충청남도 서산시 동서1로 157 (석남동),,,03,폐업,대규모점포,,,
(주)에센트리 파티몰,그 밖의 대규모점포,2022-09-23,391258.869903051,184039.539974912,2026-05-06 22:35:18,I,3,폐업처리,2022-09-23 11:15:05,,2007-08-30,10561.2,608-020,부산광역시 남구 대연동 73번지 15호,2007331007107500001,3310000,부산광역시 수영로 305,,,03,폐업,대규모점포,,,070-8650-2378
홈플러스영주점,복합쇼핑몰,,344613.93540275,368751.265419564,2025-12-15 16:15:28,I,1,정상영업,2024-02-29 09:05:38,,2007-08-28,9940,750-050,경상북도 영주시 휴천동 329번지 1호,2007509007907500002,5090000,경상북도 영주시 대학로 29 (휴천동),,,01,영업/정상,대규모점포,,,
롯데쇼핑(주) 롯데마트 구로점,대형마트,2020-12-27,188669.484398215,444010.738380277,2026-05-01 22:42:19,I,3,폐업처리,2020-12-30 09:28:43,,2007-08-28,15852.3,,서울특별시 구로구 구로동 636번지 89호,2007316011707500002,3160000,서울특별시 구로구 경인로 482 (구로동),,,03,폐업,대규모점포,,,02-2639-2500
동성로 파티,쇼핑센터,2020-12-18,343932.188380264,264630.94487331,2026-05-08 22:34:09,I,3,폐업처리,2020-12-18 17:16:32,,2007-08-23,15668.17,,대구광역시 중구 사일동 15번지 1호 동성로파티,2007341007107500001,3410000,대구광역시 중구 국채보상로 585 (사일동),41909,,03,폐업,대규모점포,,,053-609-1400
홈플러스(주)포항점,대형마트,,411699.716488058,281700.620899084,2026-05-07 22:37:42,I,1,정상영업,2024-03-05 10:48:21,,2007-08-17,8903.45,790-828,경상북도 포항시남구 상도동 582번지,2008502016507500002,5020000,경상북도 포항시 남구 중흥로 77 (상도동),,,01,영업/정상,대규모점포,,,054-559-8014
홈플러스(주)  상인점,대형마트,,338508.039690504,258645.860959228,2025-12-15 16:15:28,I,1,정상영업,2024-03-07 18:43:07,,2007-08-14,12332,704-370,대구광역시 달서구 상인동 171번지 1호,2007347011707500001,3470000,대구광역시 달서구 월배로 183 (상인동),,,01,영업/정상,대규모점포,,,053-380-8124
쥬네브썬월드,쇼핑센터,,213383.977793755,419575.34117754,2026-04-01 22:14:01,I,1,정상영업,2024-12-16 10:07:09,,2007-08-13,14835.21,446-528,경기도 용인시 기흥구 중동 833번지,2007405024007500003,4050000,경기도 용인시 기흥구 동백죽전대로 444 (중동),,,01,영업/정상,대규모점포,,,
쥬네브쇼핑몰,쇼핑센터,,213383.977793755,419575.34117754,2026-04-01 22:14:01,I,4,직권취소,2014-12-15 16:12:43,,2007-08-13,14835.21,446-765,경기도 용인시 기흥구 중동 쥬네브썬월드빌딩,2007405024007500001,4050000,경기도 용인시 기흥구 동백죽전대로 444 (중동),,,04,취소/말소/만료/정지/중지,대규모점포,,,031-679-0001
홈플러스(주) 신도림점,대형마트,,190005.132500398,445250.538868558,2026-05-01 22:42:19,I,1,정상영업,2024-03-05 16:34:52,,2007-08-13,11914,,서울특별시 구로구 신도림동 337번지 신도림1차푸르지오,2007316011707500001,3160000,"서울특별시 구로구 경인로 661, 신도림1차푸르지오 (신도림동)",08208,,01,영업/정상,대규모점포,,,02-2618-2080
롯데쇼핑(주) 롯데마트 그랑그로서리 구리점,대형마트,,212367.118425352,456712.576784184,2026-07-07 10:07:40,U,1,정상영업,2026-07-06 17:36:13,,2007-08-09,10498.3,471-010,경기도 구리시 인창동 430번지,2007398007807500001,3980000,경기도 구리시 동구릉로136번길 57 (인창동),,,01,영업/정상,대규모점포,,,02-2145-8000
예스에이피엠,그 밖의 대규모점포,,195063.820722531,450597.874088644,2026-05-06 22:37:15,I,1,정상영업,2008-09-18 17:17:57,,2007-08-09,14133.01,120-808,서울특별시 서대문구 대현동 145번지,2007312010707500001,3120000,서울특별시 서대문구 이화여대1길 10 (대현동),,,01,영업/정상,,,,02-6373-7009
롯데쇼핑(주) 롯데마트제주점,대형마트,,151724.182129656,-1426.12446748641,2026-05-19 03:03:03,U,1,정상영업,2026-05-18 15:57:01,,2007-08-08,11235.53,,제주특별자치도 제주시 노형동 708번지 외 2필지,2007651001907500002,6510000,"제주특별자치도 제주시 연북로 1 (노형동,외 2필지)",,,01,영업/정상,대규모점포,,,064-798-2500
세이브존,그 밖의 대규모점포,,206044.776421388,459360.877718439,2025-12-15 16:15:28,I,1,정상영업,2024-05-21 14:32:22,,2007-08-06,10209,,서울특별시 노원구 하계동 284번지 2호,2007310010907500002,3100000,"서울특별시 노원구 한글비석로 57 (하계동, 세이브존)",01784,,01,영업/정상,대규모점포,,,
홈플러스 삼천포점,대형마트,,298587.268961901,160715.237733786,2026-05-08 22:02:24,I,1,정상영업,2016-01-26 15:43:16,,2007-08-03,13008,664-834,경상남도 사천시 벌리동 58번지 3호,2007534001607500001,5340000,경상남도 사천시 중앙로 165 (벌리동),,,01,영업/정상,대규모점포,,,055-831-8124
에이치에스인베스트먼트(주),그 밖의 대규모점포,,194195.312327268,187128.395406826,2026-07-14 11:38:15,I,1,정상영업,2022-06-27 16:36:13,,2007-08-02,3104.84,500-120,전남광주통합특별시 북구 각화동 320번지 6호,2007362007207500001,5820000,전남광주통합특별시 북구 동문대로248번길 39 (각화동),,,01,영업/정상,대규모점포,,,062-675-8900
동마산시장,그 밖의 대규모점포,,,,2026-04-30 22:00:14,I,1,정상영업,2007-07-27 15:35:38,,2007-07-27,813.19,630-520,경상남도 마산시 합성동 326-1번지,2007528015507500003,5670000,,,,01,영업/정상,,,,
영주농협 파머스마켓,대형마트,,345554.361214286,367260.361864504,2025-12-15 16:15:28,I,1,정상영업,2014-10-14 10:40:35,,2007-07-26,3514,750-120,경상북도 영주시 조암동 962번지 5호,2007509007907500001,5090000,경상북도 영주시 구성로 25 (조암동),,,01,영업/정상,대규모점포,,,054-639-3000
엘루체,그 밖의 대규모점포,,198791.788015494,444392.672548989,2025-12-15 16:15:28,I,1,정상영업,2013-03-16 15:26:02,,2007-07-20,4950,,서울특별시 서초구 반포동 1141번지,2007321010807500001,3210000,서울특별시 서초구 신반포로 23 (반포동),,,01,영업/정상,대규모점포,,,34777637
푸른터시장,그 밖의 대규모점포,,191210.51770388,441768.833867706,2026-05-07 22:30:12,I,1,정상영업,2007-07-19 16:43:26,,2007-07-19,4079.41,153-010,서울특별시 금천구 독산동 957번지,2007317010507500003,3170000,서울특별시 금천구 남부순환로120길 23 (독산동),,,01,영업/정상,,,,
삼천포종합시장번영회,그 밖의 대규모점포,,298477.346461359,159786.940020628,2026-05-08 22:02:24,I,1,정상영업,2025-09-01 16:04:54,,2007-07-14,7662.42,,경상남도 사천시 동금동 88-4호,2000534001607500001,5340000,경상남도 사천시 동금2길 15 (동금동),,,01,영업/정상,대규모점포,,,055-833-0662
부천역사쇼핑몰,쇼핑센터,,180724.703317877,442449.069631369,2025-12-15 16:15:28,I,1,정상영업,2025-08-26 14:10:06,,2007-07-09,24748.62,,경기도 부천시 소사구심곡본동 316번지 2호,1999386000007500001,3860000,경기도 부천시 소사구 부천로 1 (심곡본동),,,01,영업/정상,대규모점포,,,032-656-4111
홈플러스(주)잠실점,대형마트,,209039.148023482,446007.966801057,2025-12-15 16:15:28,I,1,정상영업,2024-03-05 15:16:33,,2007-07-09,13934.64,,서울특별시 송파구 신천동 7번지 12  호,2007323013107500001,3230000,서울특별시 송파구 올림픽로35가길 16 (신천동),,,01,영업/정상,대규모점포,,,02-3468-8122
GS슈퍼 경주 현곡푸르지오점,그 밖의 대규모점포,,396325.084403915,267737.194004599,2025-12-15 16:15:28,I,1,정상영업,2021-07-26 11:43:09,,2007-07-07,0,,경상북도 경주시 현곡면 하구리 375-17,2021505035207500003,5050000,경상북도 경주시 현곡면 용담로 538-17,38048,,01,영업/정상,준대규모점포,,,054-743-0550
철산중앙시장,그 밖의 대규모점포,,188464.627805727,441403.83267633,2025-12-15 16:15:28,I,1,정상영업,2025-08-06 15:27:53,,2007-07-06,3779.85,,경기도 광명시 철산동 440 중앙시장,2005390007907500001,3900000,"경기도 광명시 철산로30번길 19, 중앙시장 (철산동)",14239,,01,영업/정상,대규모점포,,,02-2060-5966
뉴코아아울렛울산점,쇼핑센터,,411305.368983537,229038.602247804,2026-05-14 03:03:03,U,1,정상영업,2026-05-13 16:10:45,,2007-07-05,12526,,울산광역시 남구 달동 1360-3,2007370005307500001,3700000,울산광역시 남구 삼산로 217 (달동),44703,,01,영업/정상,대규모점포,,,
효성주얼리시티,그 밖의 대규모점포,,199812.609633255,452132.648343993,2026-05-06 22:48:28,I,1,정상영업,2021-05-02 13:31:32,,2007-07-04,9370.53,,서울특별시 종로구 인의동 48번지 2호,2007300010107500001,3000000,"서울특별시 종로구 종로 183 (인의동, 효성주얼리시티)",03130,,01,영업/정상,대규모점포,,,02-743-5390
정남진장흥토요시장,그 밖의 대규모점포,,191026.805323719,130893.036231361,2026-07-14 11:38:15,I,1,정상영업,2019-03-12 10:42:38,,2007-06-30,7854,,전남광주통합특별시 장흥군 장흥읍 예양리 158번지 1  호,2007491004507500001,5860000,전남광주통합특별시 장흥군 장흥읍 토요시장1길 53,,,01,영업/정상,대규모점포,,,061-864-7002
(주)이마트 상주점,대형마트,,303160.698546531,325823.257676029,2025-12-15 16:15:28,I,1,정상영업,2014-04-09 08:45:59,,2007-06-30,6771,,,2007511017907500001,5110000,경상북도 상주시 경상대로 3141 (만산동),,,01,영업/정상,대규모점포,,,054-537-1052
이마트 봉선점,대형마트,,192271.788165678,180371.789080786,2026-07-14 11:38:15,I,1,정상영업,2024-11-20 18:14:35,,2007-06-27,10855.91,,전남광주통합특별시 남구 봉선동 1064호,2007361006407500001,5815000,전남광주통합특별시 남구 봉선로 198 (봉선동),,,01,영업/정상,대규모점포,,,062-611-1234
케이플러스,그 밖의 대규모점포,,185825.827615102,423600.945837679,2025-12-15 16:15:28,I,1,정상영업,2018-01-02 10:18:13,,2007-06-26,7343,,경기도 안산시 단원구 고잔동 729번지 8호,2007393017607500001,3930000,경기도 안산시 단원구 광덕4로 256 (고잔동),15464,,01,영업/정상,대규모점포,,,031-0475-3301
엠프라자,쇼핑센터,,207757.770973839,388080.83595037,2025-12-15 16:15:28,I,1,정상영업,2014-10-06 11:33:21,,2007-06-26,12090.32,450-010,경기도 평택시 평택동 35번지 3호,2007391018107500001,3910000,경기도 평택시 중앙로 46 (평택동),,,01,영업/정상,대규모점포,,,031-652-6644
수원종합공구단지,전문점,,198613.570371955,417039.040348815,2026-03-11 01:45:41,I,1,정상영업,2024-06-10 19:34:56,,2007-06-22,26247.28,441-813,경기도 수원시 권선구 고색동 986번지,2007374001107500001,3740000,경기도 수원시 권선구 권선로 308-18 (고색동),,,01,영업/정상,대규모점포,,,031-291-0945
롯데쇼핑(주) 롯데슈퍼 봉선점,대형마트,2024-01-01,,,2026-07-01 10:52:05,I,3,폐업처리,2024-01-05 10:36:42,,2007-06-08,1872.1,,,2007361012607500001,5815000,전남광주통합특별시 남구 유안초등북길 1 (봉선동),,,03,폐업,준대규모점포,,,062-654-0077
강동한신휴플러스,그 밖의 대규모점포,,212081.019857419,448209.124823551,2026-05-06 22:47:33,I,1,정상영업,2015-11-26 18:04:34,,2007-06-05,3513.8,134-814,서울특별시 강동구 길동 414번지 10호,2007324013907500001,3240000,서울특별시 강동구 진황도로 99 (길동),,,01,영업/정상,대규모점포,,,02-3393-3466
홈플러스 진주점,대형마트,,301729.02108352,188168.815314509,2025-12-15 16:15:28,I,1,정상영업,2011-11-09 11:21:08,,2007-05-31,10708.3,,경상남도 진주시 상대동 181번지 1   호,2007531001307500001,5310000,경상남도 진주시 대신로 181-1 (하대동),,,01,영업/정상,대규모점포,,,055-771-8000
(주)신세계사이먼 여주점,전문점,,254263.945020146,415664.62885435,2026-03-11 01:22:21,I,1,정상영업,2023-01-25 13:46:21,,2007-05-22,53948,,경기도 여주시 상거동 15-1번지,2007411000907500001,5700000,경기도 여주시 명품로 360,,,01,영업/정상,대규모점포,,,031-880-1242
트레지오,쇼핑센터,,,,2026-04-30 22:35:16,I,2,휴업처리,2007-06-30 10:46:45,,2007-05-17,3553.11,,서울특별시 강북구 미아동 35번지 4   호 도봉로32,2007308009207500001,3080000,,,,02,휴업,,,,02-986-7000
불로장생타워,전문점,,203155.504921512,452914.607542858,2025-12-15 16:15:28,I,1,정상영업,2022-02-18 16:30:15,,2007-05-09,13762.35,130-864,서울특별시 동대문구 제기동 1140번지 5호,2007305010007500002,3050000,서울특별시 동대문구 왕산로 117 (제기동),,,01,영업/정상,대규모점포,,,02-907-0135
대동GVZONE,쇼핑센터,,330294.376288722,151877.485030261,2026-05-04 22:00:47,I,2,휴업처리,2012-04-19 11:19:58,,2007-05-07,3251.48,,경상남도 통영시 북신동 698번지 1호,2007533009207500001,5330000,경상남도 통영시 원문로 27 (북신동),,,02,휴업,대규모점포,2011-12-30,2014-06-30,055-641-1202
마포종합시장(서강한화오벨리스크),그 밖의 대규모점포,,193905.437192262,449372.496499689,2025-12-15 16:15:28,I,1,정상영업,2020-04-22 13:38:55,,2007-05-07,3992,121-190,서울특별시 마포구 창전동 442번지,2007313011807500001,3130000,서울특별시 마포구 창전로 45 (창전동),,2007-05-07,01,영업/정상,대규모점포,,,31415262
롯데쇼핑(주) 롯데백화점 일산점,백화점,,179812.331183859,462059.506265122,2026-05-07 03:03:03,U,1,정상영업,2026-05-06 11:31:18,,2007-05-01,34419,,경기도 고양시 일산동구 장항동 784 롯데백화점일산점,2007394015907500002,3940000,"경기도 고양시 일산동구 중앙로 1283, 롯데백화점 일산점 (장항동)",10401,,01,영업/정상,대규모점포,,,031-909-2714
강화풍물시장,그 밖의 대규모점포,,155147.449793177,471189.321483902,2026-03-26 22:48:23,I,1,정상영업,2018-03-20 14:25:47,,2007-05-01,3797,,인천광역시 강화군 강화읍 갑곳리 849번지 강화풍물시장,2007357003507500001,3570000,"인천광역시 강화군 강화읍 중앙로 17-9, 강화풍물시장",23027,,01,영업/정상,대규모점포,,,
현대시장,그 밖의 대규모점포,,191224.607415902,439247.719038249,2026-05-07 22:30:12,I,2,휴업처리,2007-07-07 11:59:15,,2007-05-01,10298,,서울특별시 금천구 시흥동 879호 외 87필지,2007317010507500002,3170000,"서울특별시 금천구 시흥대로62길 18 (시흥동,외 87필지)",,,02,휴업,,,,02-855-5645
투나,쇼핑센터,,178293.171843054,442988.573692305,2025-12-15 16:15:28,I,4,직권취소,2014-01-27 16:58:22,,2007-04-27,45275.97,420-713,경기도 부천시 원미구상동 461번지 투나,2007386012607500002,3860000,"경기도 부천시 원미구 부일로 223 (상동,투나)",,,04,취소/말소/만료/정지/중지,대규모점포,,,032-250-5000
아이온시티,그 밖의 대규모점포,2018-07-27,387469.584540928,186168.671007785,2025-12-15 16:15:28,I,3,폐업처리,2018-07-27 09:16:25,,2007-04-24,3065.75,,부산광역시 부산진구 부전동 257번지 3호,2007329008507500001,3290000,부산광역시 부산진구 서면로 74 (부전동),,2008-10-31,03,폐업,대규모점포,2008-05-16,2008-10-31,051-803-2288
예스아울렛,쇼핑센터,2009-09-17,382703.070316607,192096.317910797,2026-05-03 22:39:04,I,3,폐업처리,2010-01-14 11:38:14,,2007-04-23,0,,부산광역시 북구 덕천동 397번지 1호 아남프라자상가,2007332007207500001,3320000,"부산광역시 북구 금곡대로8번길 33 (덕천동,아남프라자상가)",,,03,폐업,,,,
(주)지투마트,그 밖의 대규모점포,,234839.52283825,314801.489816511,2026-05-07 22:30:16,I,2,휴업처리,2011-10-30 14:40:27,,2007-04-19,1021.69,,대전광역시 서구 가장동 52번지 1호,2007366009507500001,3660000,대전광역시 서구 도산로314번길 19 (가장동),,,02,휴업,대규모점포,2007-04-19,2007-04-30,042-523-5001
건영옴니백화점,백화점,,205645.891969072,459609.012509743,2025-12-15 16:15:28,I,1,정상영업,2015-03-25 10:23:13,,2007-04-19,10292,,서울특별시 노원구 중계동 506번지 1   호,2007310010907500001,3100000,,,,01,영업/정상,대규모점포,,,02-971-9000
투나,쇼핑센터,,178293.171843054,442988.573692305,2025-12-15 16:15:28,I,1,정상영업,2015-09-18 18:07:02,,2007-04-17,45275.97,420-713,경기도 부천시 원미구상동 461번지 투나,2007386012607500003,3860000,"경기도 부천시 원미구 부일로 223 (상동,투나)",,,01,영업/정상,대규모점포,,,032-250-5000
에스케이허브스카이위아,쇼핑센터,,389816.233000769,193329.605871168,2025-12-15 16:15:28,I,1,정상영업,2018-05-08 13:54:41,,2007-04-17,15651.17,,부산광역시 동래구 온천동 153번지 8호,2007330006407500001,3300000,부산광역시 동래구 중앙대로 1523 (온천동),,,01,영업/정상,대규모점포,,,051-559-6106
웨스턴돔,쇼핑센터,,179810.178969729,461526.164368873,2025-12-15 16:15:28,I,1,정상영업,2009-01-15 18:20:17,,2007-04-16,32905.73,,경기도 고양시일산동구 장항동 867호,2007394015907500001,3940000,,,,01,영업/정상,,,,031-932-8408
엔씨백화점 불광점,쇼핑센터,,193661.732383169,456379.193899276,2026-05-07 03:03:03,U,1,정상영업,2026-05-06 16:52:53,,2007-04-11,16972.65,,서울특별시 은평구 대조동 240호,2007311011107500001,3110000,서울특별시 은평구 불광로 20 (대조동),,,01,영업/정상,대규모점포,,,02-3417-2001
오렌지 씨네스타,쇼핑센터,,213170.605218936,367376.081706936,2025-12-15 16:15:28,I,2,휴업처리,2007-06-30 10:52:49,,2007-04-06,6437.07,,충청남도 천안시 대흥동 102번지 10호,2007449013107500001,4490000,충청남도 천안시 동남구 명동길 47 (대흥동),,,02,휴업,,,,041-622-3699
(주)이마트 상주점,대형마트,,303160.698546531,325823.257676029,2025-12-15 16:15:28,I,1,정상영업,2024-04-18 09:04:22,,2007-04-02,6771,742-260,경상북도 상주시 만산동 693번지 29호,2007511012407500001,5110000,경상북도 상주시 경상대로 3141 (만산동),,,01,영업/정상,대규모점포,,,054-537-1052
성동삼성쉐르빌상가,그 밖의 대규모점포,,203017.021457357,451346.281102634,2026-05-07 22:31:40,I,1,정상영업,2014-10-12 17:05:12,,2007-03-23,7717.09,133-040,서울특별시 성동구 왕십리도선동 69번지,2007303010307500001,3030000,서울특별시 성동구 무학로6길 50 (도선동),,,01,영업/정상,대규모점포,,,33959336
영신상가,그 밖의 대규모점포,,191691.167905721,446411.007064006,2026-05-11 22:40:06,I,1,정상영업,2019-08-20 08:55:48,,2007-03-22,6567,,서울특별시 영등포구 영등포동5가 18번지 1호,2007318011707500001,3180000,서울특별시 영등포구 영등포로 225 (영등포동5가),07250,,01,영업/정상,대규모점포,,,02-2634-0602
엘리오스구월,쇼핑센터,2025-07-02,173523.274957491,438366.029400914,2026-03-26 22:49:55,I,3,폐업처리,2025-07-02 16:52:42,,2007-03-21,35636,,인천광역시 남동구 구월동 1455호,2007353007007500001,3530000,인천광역시 남동구 예술로 148 (구월동),,,03,폐업,대규모점포,,,032-450-3903
홈플러스(주)송우점,복합쇼핑몰,,212370.178657853,480201.182904,2026-04-01 22:05:15,I,1,정상영업,2024-02-27 16:34:32,,2007-03-12,10845,487-823,경기도 포천시 소흘읍 송우리 760번지 60호,2011560008907500001,5600000,경기도 포천시 소흘읍 솔모루로 9,,2007-07-21,01,영업/정상,대규모점포,,,031-540-7121
홈플러스(주),그 밖의 대규모점포,,212370.178657853,480201.182904,2026-04-01 22:05:13,I,1,정상영업,2011-04-27 11:54:07,,2007-03-12,10845,,경기도 포천시 소흘읍 송우리 730번지 60호,2007560004507500001,5600000,경기도 포천시 소흘읍 솔모루로 9,,,01,영업/정상,,,,031-540-7182
더샵 스타파크 쇼핑몰,그 밖의 대규모점포,,209246.187569379,428774.799450215,2025-12-15 16:15:28,I,1,정상영업,2025-04-03 15:51:22,,2007-03-09,13912,,경기도 성남시 분당구 정자동 174번지 1호 더샵스타파크,2007378010607500001,3780000,"경기도 성남시 분당구 정자일로 121 (정자동, 더샵스타파크)",13560,,01,영업/정상,대규모점포,,,031-8022-5111
(주)신세계백화점 죽전점,백화점,,,,2026-04-01 22:14:01,I,2,휴업처리,2007-07-21 11:11:05,,2007-03-08,0,,경기도 용인시수지구 죽전동 1285번지 1289호,2007405016307500002,4050000,,,,02,휴업,,,,
(주)쥬네브문월드,쇼핑센터,2021-01-28,213356.807704504,419341.204287297,2026-04-01 22:14:01,I,3,폐업처리,2021-01-31 19:53:36,,2007-02-28,10973.41,446-528,경기도 용인시 기흥구 중동 838번지,2007405016307500001,4050000,경기도 용인시 기흥구 동백5로 22 (중동),,,03,폐업,대규모점포,,,031-679-0505
홈플러스(주)죽도점,대형마트,,413111.190838679,283750.326688713,2026-05-07 22:37:42,I,1,정상영업,2024-03-05 10:35:58,,2007-02-23,5748.53,,경상북도 포항시 북구 죽도동 50-1,2007502013207500001,5020000,경상북도 포항시 북구 중흥로 328 (죽도동),37773,,01,영업/정상,대규모점포,,,054-288-8125
롯데쇼핑(주)롯데마트군산점,대형마트,,174344.898655429,273872.128355095,2026-06-09 03:03:03,U,1,정상영업,2026-06-08 17:43:36,,2007-02-20,14381,,전북특별자치도 군산시 수송동 833,2007467011207500001,4671000,전북특별자치도 군산시 수송로 185(수송동),54091,,01,영업/정상,대규모점포,,,063-441-2520
홈플러스(주) 김포풍무점,대형마트,,175533.126928566,456437.773530883,2025-12-15 16:15:28,I,1,정상영업,2024-02-21 18:11:03,,2007-02-20,14125.61,415-070,경기도 김포시 풍무동 38번지 1호 외4필지,2007409012307500001,4090000,경기도 김포시 풍무로 167 (풍무동),,,01,영업/정상,대규모점포,,,031-999-0000
허브아울렛,쇼핑센터,,303243.580883618,324856.00039883,2025-12-15 16:15:28,I,2,휴업처리,2007-06-30 11:57:40,,2007-02-12,7596.9,,경상북도 상주시 무양동 291호,2007511009507500002,5110000,경상북도 상주시 삼백로 71 (무양동),,,02,휴업,,,,054-531-3600
(주)이랜드리테일 홈에버 상주점,대형마트,2008-10-23,303243.580883618,324856.00039883,2025-12-15 16:15:28,I,3,폐업처리,2009-05-03 10:42:56,,2007-02-08,1173.5,,경상북도 상주시 무양동 291호,2007511009507500001,5110000,경상북도 상주시 삼백로 71 (무양동),,,03,폐업,,,,054-532-9600
주식회사현대백화점,백화점,,387539.767677801,184402.96650913,2025-12-15 16:15:28,I,4,직권취소,2021-03-30 15:02:30,2010-04-05,2007-02-08,18959.51,,부산광역시 동구 범일동 62-5 현대백화점 부산점,2007327007107500001,3270000,"부산광역시 동구 범일로 125, 현대백화점 부산점 (범일동)",48735,,04,취소/말소/만료/정지/중지,대규모점포,,,051-667-2233
(주)원신더블유몰,쇼핑센터,2023-07-01,189997.455663258,441687.841171831,2026-05-07 22:30:12,I,3,폐업처리,2023-07-05 18:01:07,,2007-02-08,21378,,서울특별시 금천구 가산동 60번지 27호,2007317010507500001,3170000,서울특별시 금천구 디지털로 188 (가산동),,,03,폐업,대규모점포,,,02-2081-0114
성지아울렛,전문점,2012-11-15,342378.579896692,188083.159055956,2026-04-30 22:00:14,I,3,폐업처리,2012-11-16 10:53:22,,2007-02-07,8481.78,,경상남도 마산시 해운동 68호,2007528015507500002,5670000,경상남도 창원시 마산합포구 해안대로 51 (해운동),,,03,폐업,대규모점포,,,055-249-9000
서창원농협 하나로마트,대형마트,,337551.466399911,196032.212570051,2026-04-30 22:00:14,I,1,정상영업,2025-09-05 21:10:20,,2007-02-06,5335.55,,경상남도 마산시 내서읍 중리 695호,2007528015507500001,5670000,경상남도 창원시 마산회원구 내서읍 유통단지로 23,,,01,영업/정상,대규모점포,,,055-232-0114
동부청과(주),그 밖의 대규모점포,2021-11-01,203728.022004023,452778.965235022,2025-12-15 16:15:28,I,3,폐업처리,2021-11-19 12:48:40,,2007-02-05,0,,서울특별시 동대문구 용두동 39번지 1호,2007305010007500001,3050000,"서울특별시 동대문구 왕산로34길 26 (용두동, 청량리동부청과시장)",02561,,03,폐업,대규모점포,,,02-967-9009
(주)대우인터내서널 대우백화점,백화점,,343212.800421554,190266.65987154,2026-04-30 22:00:14,I,1,정상영업,2008-09-24 17:17:11,,2007-02-02,0,631-712,경상남도 마산시 신포동2가 28번지 대우백화점,2008528017007500003,5670000,"경상남도 창원시 마산합포구 동서동로 18 (신포동2가,대우백화점)",,,01,영업/정상,,,,
롯데쇼핑(주)청주 영플라자,백화점,2020-05-25,243779.902916027,348124.186559157,2026-05-06 22:48:30,I,3,폐업처리,2020-05-25 16:17:04,,2007-01-26,6008.88,,충청북도 청주시 상당구 남문로2가 1-2번지,2007436000907500001,5710000,충청북도 청주시 상당구 상당로 55 (남문로2가),,,03,폐업,대규모점포,,,043-255-1611
마도공구유통상가,전문점,,181324.988086745,409385.427774213,2026-02-01 10:52:12,I,4,직권취소,2012-12-17 17:22:59,,2007-01-18,0,,경기도 화성시 만세구 마도면 쌍송리 662호,2007553016707500001,5530000,,,,04,취소/말소/만료/정지/중지,준대규모점포,,,02-575-5434
롯데쇼핑(주)롯데마트 월드컵점,그 밖의 대규모점포,,188791.275961965,181590.099672513,2026-07-14 11:38:15,I,1,정상영업,2026-05-07 17:15:25,,2007-01-11,13031,,전남광주통합특별시 서구 풍암동 423번지 2   호 월드컵경기장내,2007360006807500001,5810000,전남광주통합특별시 서구 금화로 240 (풍암동),,,01,영업/정상,대규모점포,,,062-610-2500
롯데쇼핑(주)롯데마트 영종도점,구분없음,,,,2026-07-01 09:22:38,I,1,정상영업,2026-05-07 17:09:28,,2007-01-02,8621.42,,인천광역시 영종구 운서동 2803번지 2호,2007349006707500001,3491000,인천광역시 영종구 흰바위로 51 (운서동),,,01,영업/정상,대규모점포,,,032-746-2501
롯데마트장암점,대형마트,,204630.543411273,469034.163890834,2026-05-11 22:02:24,U,1,정상영업,2026-04-20 13:47:37,,2006-12-27,6406.64,,경기도 의정부시 장암동 38번지 10  호,2006382013107500001,3820000,경기도 의정부시 장곡로 224 (장암동),,,01,영업/정상,대규모점포,,,031-849-2520
홈플러스(주)장림점,대형마트,2026-07-14,380356.697150584,177733.129142587,2026-07-15 22:18:10,U,3,폐업처리,2026-07-14 15:32:11,,2006-12-27,7485.44,,부산광역시 사하구 장림동 185호,2000334001707500024,3340000,부산광역시 사하구 다대로 225 (장림동),,2026-12-26,03,폐업,대규모점포,2026-06-18,2026-12-25,051-466-2080
롯데쇼핑(주)롯데마트부평점,대형마트,,173767.426219215,444794.439991356,2026-05-12 22:48:10,U,1,정상영업,2026-05-11 15:53:42,,2006-12-22,1606.6,,인천광역시 부평구 산곡동 159-52 롯데마트 부평점,2006354006107500001,3540000,"인천광역시 부평구 마장로 296, 롯데마트 부평점 (산곡동)",21362,,01,영업/정상,대규모점포,,,
롯데백화점 미아점,복합쇼핑몰,,202625.646264572,456875.973976242,2026-04-30 22:35:16,U,1,정상영업,2026-04-21 13:22:47,,2006-12-14,45651.37,,서울특별시 강북구 미아동 70번지 6   호,2006308009207500001,3080000,서울특별시 강북구 도봉로 62 (미아동),,,01,영업/정상,대규모점포,,,02-944-2500
(주)이마트 자양점,대형마트,,206349.675048285,448396.939704285,2025-12-15 16:15:28,I,1,정상영업,2025-04-01 10:12:15,,2006-12-14,11320.4,,서울특별시 광진구 자양동 227번지 7호,2006304007307500002,3040000,서울특별시 광진구 아차산로 272 (자양동),,,01,영업/정상,대규모점포,,,02-6742-1234
롯데쇼핑(주) 롯데마트 포항점,대형마트,,409480.142751731,283289.316547036,2026-05-09 03:03:03,U,1,정상영업,2026-05-08 09:25:39,,2006-12-01,3411.57,,경상북도 포항시남구 지곡동 481번지 1호,2006502013207500001,5020000,경상북도 포항시 남구 지곡로 237 (지곡동),,,01,영업/정상,대규모점포,,,054-222-2500
반송아이필프라자,그 밖의 대규모점포,,352078.381388973,194234.704691712,2026-04-30 22:00:14,I,1,정상영업,2011-06-15 10:25:46,,2006-11-25,3382.79,642-818,경상남도 창원시 성산구 반림동 17번지 9호 10호,2006527012907500002,5670000,"경상남도 창원시 성산구 반송로 148-9 (반림동,10호)",,,01,영업/정상,,,,
홈플러스 주식회사 전주점,대형마트,,213740.884762631,260828.803055357,2025-12-15 16:15:28,I,1,정상영업,2024-03-04 11:07:11,,2006-11-17,8890.4,561-825,전북특별자치도 전주시 덕진구 우아동3가 733번지 1호,2009464032407500001,4641000,전북특별자치도 전주시 덕진구 백제대로 771 (우아동3가),,,01,영업/정상,대규모점포,,,063-249-8120
삼성테스코(주) 홈플러스전주점,대형마트,,,,2025-12-15 16:15:28,I,2,휴업처리,2008-10-24 09:51:07,,2006-11-17,8471.02,,전북특별자치도 전주시덕진구 우아동3가 733번지 1  호,2006464027907500001,4641000,,,,02,휴업,,,,063-249-8124
주식회사 이랜드리테일,대형마트,,179536.212704008,461876.531597015,2025-12-15 16:15:28,I,2,휴업처리,2007-06-30 13:26:54,,2006-11-03,12733.77,,경기도 고양시일산동구 장항동 755호,2006394011407500001,3940000,,,,02,휴업,,,,
(주)이랜드리테일,쇼핑센터,2008-10-31,188729.190478822,447572.610039376,2025-12-15 16:15:28,I,3,폐업처리,2014-02-18 14:29:22,,2006-11-01,0,,서울특별시 양천구 목동 919번지 7호,2006314011407500001,3140000,서울특별시 양천구 목동서로 170 (목동),,,03,폐업,대규모점포,,,02-3016-1500
홈플러스(주) 해운대점,대형마트,2023-09-23,395506.531175571,186442.190386792,2026-05-10 22:54:10,I,3,폐업처리,2023-09-26 09:32:41,,2006-10-31,44290,,부산광역시 해운대구 우동 1406번지 2호,2006333008207500002,3330000,부산광역시 해운대구 해운대해변로 140 (우동),,,03,폐업,대규모점포,,,051-532-2080
(주)이마트,그 밖의 대규모점포,,374110.235734391,412725.109444359,2025-12-15 16:15:28,I,1,정상영업,2024-04-15 14:05:58,,2006-10-30,3123,,강원특별자치도 태백시 화전동 113호,2006422001007500001,4221000,강원특별자치도 태백시 굴거랑길 4 (화전동),,,01,영업/정상,대규모점포,,,033-554-0672
홈플러스(주)면목점,대형마트,2026-08-06,207090.86716546,453072.936040777,2026-08-08 22:48:10,U,3,폐업처리,2026-08-07 09:36:33,,2006-10-26,8128.82,,서울특별시 중랑구 면목동 168번지 2호,2006306009507500002,3060000,서울특별시 중랑구 사가정로 332 (면목동),,,03,폐업,대규모점포,,,02-437-2080
삼성테스코(주)홈플러스삼척점,대형마트,,391815.78579528,440452.323948572,2025-12-15 16:15:28,I,1,정상영업,2011-10-31 14:27:41,,2006-10-24,13710.13,,강원특별자치도 삼척시 당저동 33번지 3  호,2006424001007500002,4241000,강원특별자치도 삼척시 중앙로 258 (당저동),,,01,영업/정상,,,,033-573-6972
(주)이마트 역삼점,대형마트,,204213.643236507,444113.028210915,2025-12-15 16:15:28,I,1,정상영업,2024-04-17 14:56:28,,2006-10-24,5174,135-080,서울특별시 강남구 역삼동 755번지,2006322012707500001,3220000,서울특별시 강남구 역삼로 310 (역삼동),,,01,영업/정상,대규모점포,,,02-6908-1051
올레오,쇼핑센터,,201040.352596045,451852.142613352,2026-03-26 22:48:22,I,1,정상영업,2023-03-10 13:30:31,,2006-10-23,8119,100-451,서울특별시 중구 신당1동 213번지 8호,2010301010007500003,3010000,서울특별시 중구 마장로1길 22 (신당동),,,01,영업/정상,대규모점포,,,02-2230-8200
(주)이마트 학성점,대형마트,2017-11-29,411286.398998118,230936.514095559,2026-05-06 22:48:24,I,3,폐업처리,2017-11-29 08:50:31,,2006-10-18,11618,681-822,울산광역시 중구 학성동 349번지 15호,2008369006707500001,3690000,울산광역시 중구 구교로 59 (학성동),,,03,폐업,대규모점포,,,052-701-1234
(주)신세계 면세점 부산점,그 밖의 대규모점포,2017-11-21,393825.0775182,187704.240302956,2026-05-10 22:54:10,I,3,폐업처리,2017-11-21 11:20:13,,2006-10-18,8705,,부산광역시 해운대구 우동 1493번지,2006333008207500001,3330000,부산광역시 해운대구 센텀4로 15 (우동),48058,,03,폐업,대규모점포,,,051-743-0181
(주)신세계마트 이마트 역삼점,대형마트,2019-08-31,204213.643236507,444113.028210915,2025-12-15 16:15:28,I,3,폐업처리,2019-08-31 10:56:55,,2006-10-18,0,135-080,서울특별시 강남구 역삼동 755번지,2008322012707500001,3220000,서울특별시 강남구 역삼로 310 (역삼동),,,03,폐업,대규모점포,,,02-6908-1051
(주)신세계마트 이마트 마산점,대형마트,,342886.064848583,189864.336045851,2026-04-30 22:00:14,I,1,정상영업,2008-01-24 17:29:43,,2006-10-16,0,631-423,경상남도 마산시 중앙동3가 4번지 1호,2008528017007500001,5670000,경상남도 창원시 마산합포구 서성로 3 (중앙동3가),,,01,영업/정상,,,,055-711-1052
홈플러스(주) 동래점,대형마트,,389816.233000769,193329.605871168,2025-12-15 16:15:28,I,1,정상영업,2024-02-29 13:30:26,,2006-10-13,13895,,부산광역시 동래구 온천동 153번지 8   호,2006330006407500001,3300000,부산광역시 동래구 중앙대로 1523 (온천동),,,01,영업/정상,대규모점포,,,051-559-8000
(주)이마트 시지점,전문점,2018-05-16,353893.90529968,261327.132869664,2026-05-03 22:40:51,I,3,폐업처리,2018-06-08 17:25:01,,2006-10-12,13043,706-170,대구광역시 수성구 신매동 566번지 3호,2008346008107500001,3460000,대구광역시 수성구 고산로 101 (신매동),,,03,폐업,대규모점포,,,053-0718-1234
트레이더스 홀세일 클럽 비산점,복합쇼핑몰,,340409.451859605,266639.73934924,2026-05-06 22:35:25,I,1,정상영업,2024-04-23 15:02:26,,2006-10-12,9375.95,703-047,대구광역시 서구 비산7동 1610번지 3호,2007343006707500001,3430000,대구광역시 서구 팔달로 54 (비산동),,,01,영업/정상,대규모점포,,,053-714-1052
롯데쇼핑(주)롯데마트안성점,쇼핑센터,2010-10-10,,,2026-05-10 22:09:12,I,3,폐업처리,2012-05-07 13:35:12,,2006-10-10,2605.63,,경기도 안성시 공도읍 양기리 산2번지 13호,2006408014107500001,4080000,,,,03,폐업,대규모점포,,,031-659-9220
롯데쇼핑(주)롯데마트안성점,대형마트,,217695.637116434,389592.895375219,2026-05-10 22:09:12,U,1,정상영업,2026-04-27 10:10:45,,2006-10-04,13587.5,456-824,경기도 안성시 공도읍 양기리 산 2번지 13호,2006408014107500002,4080000,경기도 안성시 공도읍 서동대로 4478,,,01,영업/정상,대규모점포,,,031-691-2500
홈플러스(주) 익산점,대형마트,,197427.898529025,273180.627096081,2026-08-28 22:48:10,U,2,휴업처리,2026-08-27 14:05:42,,2006-10-02,20617,570-982,전북특별자치도 익산시 영등동,2006468012007500002,4681000,전북특별자치도 익산시 무왕로 1035 (영등동),,,02,휴업,대규모점포,2026-07-22,2027-07-20,063-540-8287
(주)이마트 익산점,대형마트,,196136.263287508,270040.176346396,2026-05-06 22:48:23,I,1,정상영업,2024-05-13 11:06:18,,2006-10-02,12344,,전북특별자치도 익산시 동산동 호 667-53 외 4필지,2006468012007500001,4681000,전북특별자치도 익산시 평동로 705 (동산동),,,01,영업/정상,대규모점포,,,063-860-1052
디퍼아울렛타운,그 밖의 대규모점포,,193959.422006292,429040.455261927,2025-12-15 16:15:28,U,1,정상영업,2025-11-25 13:39:33,,2006-10-02,6867,,경기도 군포시 산본동 1096번지 2호,2006402008107500001,4020000,경기도 군포시 산본천로 99 (산본동),,2006-10-02,01,영업/정상,대규모점포,,,031-391-4589
포르모 큐브,그 밖의 대규모점포,,147387.700646288,145561.081821084,2026-07-14 11:38:15,I,1,정상영업,2014-09-17 13:18:47,,2006-09-21,18651.38,,전남광주통합특별시 목포시 상동 860번지 1호,2006480013207500002,5780000,전남광주통합특별시 목포시 옥암로 95 (상동),,,01,영업/정상,대규모점포,,,02-3455-7724
(유)대송유통,그 밖의 대규모점포,,147308.268442546,145515.822359967,2026-07-14 11:38:15,I,1,정상영업,2007-10-29 11:39:15,,2006-09-21,843.09,,전남광주통합특별시 목포시 상동 860호,2006480013207500001,5780000,,,,01,영업/정상,,,,061-287-9600
비앤큐 홈(구리점),전문점,2007-08-03,212367.118425352,456712.576784184,2025-12-15 16:15:28,I,3,폐업처리,2007-08-06 21:49:26,,2006-09-20,0,,경기도 구리시 인창동 430호  아울렛,2006398005007500001,3980000,"경기도 구리시 동구릉로136번길 57, 아울렛동 (인창동)",,,03,폐업,,,,02-569-6300
남대전 종합시장,그 밖의 대규모점포,2026-07-30,239003.298529847,312741.523674219,2026-07-31 22:18:10,U,3,폐업처리,2026-07-30 15:09:03,,2006-09-20,3557.9,301-030,대전광역시 중구 부사동 101번지 1호,2006365007907500001,3650000,"대전광역시 중구 대종로316번길 19 (부사동, 남대전 종합시장 아이비)",,,03,폐업,대규모점포,,,042-223-6419
홈플러스거제점,대형마트,,347704.205856611,155893.001589544,2025-12-15 16:15:28,I,1,정상영업,2024-02-26 09:32:12,,2006-09-19,7936,656-928,경상남도 거제시 장평동 1211번지 외 1,2006537001007500001,5370000,경상남도 거제시 장평로 12 (장평동),,,01,영업/정상,대규모점포,,,055-686-8100
신촌 밀리오레,그 밖의 대규모점포,,194798.458435966,450837.051726331,2026-05-06 22:37:15,I,1,정상영업,2008-02-11 14:26:13,,2006-09-19,13436.59,,서울특별시 서대문구 신촌동 74번지 12  호,2006312009307500001,3120000,서울특별시 서대문구 신촌역로 30 (신촌동),,,01,영업/정상,,,,02-2124-2148
유플러스,전문점,,344075.95360592,264266.216086833,2026-05-08 22:34:09,I,4,직권취소,2020-10-08 17:57:24,2020-10-08,2006-09-15,3804.08,,대구광역시 중구 삼덕동1가 5번지 2   호,2006341001307500002,3410000,대구광역시 중구 동성로5길 25 (삼덕동1가),,,04,취소/말소/만료/정지/중지,대규모점포,,,053-421-9323
패션메카브(주),전문점,2010-05-07,176465.263097413,447989.64173985,2026-05-10 23:19:02,I,3,폐업처리,2011-02-22 13:21:39,,2006-09-11,8013.81,407-063,인천광역시 계양구 작전동 899번지 1호,20061,3550000,인천광역시 계양구 장제로 738 (작전동),,,03,폐업,,,,
CGV Square,그 밖의 대규모점포,2022-08-08,209409.160207927,426451.358939753,2025-12-15 16:15:28,I,3,폐업처리,2022-09-01 14:53:24,,2006-09-08,13385.2,463-500,경기도 성남시 분당구 구미동 159번지,2006378010607500002,3780000,경기도 성남시 분당구 탄천상로151번길 20 (구미동),,,03,폐업,대규모점포,,,031-728-5802
세정아울렛부산점,쇼핑센터,,380314.898569747,177865.132769233,2026-05-07 22:31:32,I,1,정상영업,2014-02-24 13:57:23,,2006-09-05,5483.73,,부산광역시 사하구 장림동 1055호,2006334006607500002,3340000,부산광역시 사하구 다대로 207 (장림동),,,01,영업/정상,대규모점포,,,051-207-0075
삼익쇼핑,그 밖의 대규모점포,,203220.921406024,459746.924430501,2025-12-15 16:15:28,I,1,정상영업,2014-09-29 17:07:06,,2006-09-04,5648.26,132-918,서울특별시 도봉구 창동 581번지 28호,2007309010507500001,3090000,서울특별시 도봉구 덕릉로57길 30 (창동),,,01,영업/정상,대규모점포,,,02-907-0033
조아아울렛,전문점,,356547.495675322,260770.159857966,2025-12-15 16:15:28,I,1,정상영업,2012-09-14 16:15:09,,2006-08-29,4651.84,712-130,경상북도 경산시 대평동 439번지 7호,2006513001707500002,5130000,경상북도 경산시 강변동로 278 (대평동),,,01,영업/정상,대규모점포,,,053-811-4924
(주) 이마트 검단점,대형마트,,,,2026-07-01 10:07:52,I,1,정상영업,2024-07-12 14:33:38,,2006-08-29,9722.72,,인천광역시 검단구 당하동 1065-1,2006356006807500001,3565000,인천광역시 검단구 서곶로 754(당하동),22686,,01,영업/정상,대규모점포,,,032-440-1054
홈플러스 신내점,대형마트,,208208.786684767,457054.793655589,2025-12-15 16:15:28,I,1,정상영업,2024-03-04 14:56:59,,2006-08-28,11101,131-132,서울특별시 중랑구 신내2동 645번지,2006306009507500001,3060000,서울특별시 중랑구 신내로 201 (신내동),,,01,영업/정상,대규모점포,,,02-2024-8124
주식회사 라붐아울렛,쇼핑센터,,195703.043681259,442094.085759338,2026-07-09 22:18:10,U,1,정상영업,2026-07-08 13:17:19,,2006-08-25,3608.51,,서울특별시 관악구 봉천동 862번지 1호,2006320008007500001,3200000,서울특별시 관악구 남부순환로 1820 (봉천동),,,01,영업/정상,대규모점포,,,02-6276-8006
아이파크(I PARK)백화점,백화점,,196762.077394917,447480.039577359,2026-05-06 22:48:28,U,1,정상영업,2026-04-16 15:25:27,,2006-08-25,17898.53,,서울특별시 용산구 한강로3가 40번지 999호,2006302007407500004,3020000,서울특별시 용산구 한강대로23길 55 (한강로3가),,,01,영업/정상,대규모점포,,,02-2012-0101
뉴코아아울렛 울산성남점,쇼핑센터,,410428.96363435,230775.002193437,2026-05-08 03:03:03,U,1,정상영업,2026-05-07 09:13:16,,2006-08-17,7177.98,,울산광역시 중구 성남동 249번지 1호,2006369006007500002,3690000,울산광역시 중구 시계탑거리 20 (성남동),,,01,영업/정상,대규모점포,,,
롯데쇼핑(주)롯데슈퍼송내점,대형마트,2020-10-19,179023.696566379,442495.591143613,2025-12-15 16:15:28,I,3,폐업처리,2020-10-19 16:13:19,,2006-08-16,4137,422-816,경기도 부천시 소사구 송내1동 352번지,2011386021207500004,3860000,경기도 부천시 소사구 경인로 71 (송내동),,,03,폐업,대규모점포,,,02-2290-5853
홈플러스(주)삼척점,대형마트,,391815.78579528,440452.323948572,2025-12-15 16:15:28,I,1,정상영업,2024-03-05 09:03:48,,2006-08-14,13710.13,,강원특별자치도 삼척시 당저동 33번지 3호,2006424001007500001,4241000,강원특별자치도 삼척시  중앙로  258 (당저동),,,01,영업/정상,대규모점포,,,033-571-8000
폭스존 첨단점,전문점,,186484.103902583,191340.95957597,2026-07-14 11:38:15,I,4,직권취소,2018-03-05 10:31:46,,2006-08-09,0,,전남광주통합특별시 광산구 쌍암동 688번지 4호 폭스존,2006363004107500001,5825000,"전남광주통합특별시 광산구 앰코로 35, 폭스존 (쌍암동)",62278,,04,취소/말소/만료/정지/중지,대규모점포,,,062-611-8156
메사,그 밖의 대규모점포,2015-08-27,198129.435542814,450900.239718295,2026-03-26 22:48:22,I,3,폐업처리,2015-08-27 14:05:53,,2006-08-07,10395.41,,,2006301013007500005,3010000,서울특별시 중구 남대문시장10길 2 (회현동1가),,,03,폐업,대규모점포,,,02-2128-5067
이안강동주상복합상가,그 밖의 대규모점포,,211238.661063855,448150.595848877,2026-05-06 22:47:33,I,1,정상영업,2014-10-15 13:36:10,,2006-07-21,3295.46,134-840,서울특별시 강동구 성내동 25번지 1호,2006324011907500003,3240000,서울특별시 강동구 천호대로162길 34 (성내동),,,01,영업/정상,대규모점포,,,02-3431-9000
영클리오,대형마트,2006-07-19,262048.100945884,140801.210097628,2026-07-14 11:38:15,I,3,폐업처리,2008-12-10 14:12:40,,2006-07-19,0,,전남광주통합특별시 여수시 신기동 11호,2000481000007500001,5785000,전남광주통합특별시 여수시 쌍봉로 208 (신기동),,,03,폐업,,,,061-690-2412
(주)이마트 동백점,대형마트,,213383.977793755,419575.34117754,2026-04-01 22:14:01,I,1,정상영업,2024-04-22 17:23:35,,2006-07-18,6797.48,446-528,경기도 용인시 기흥구 중동 833번지,2006405016307500002,4050000,경기도 용인시 기흥구 동백죽전대로 444 (중동),,,01,영업/정상,대규모점포,,,031-0546-1052
홈플러스(주) 부산감만점,대형마트,,389751.844562041,182245.608330959,2026-05-06 22:35:18,U,2,휴업처리,2026-02-05 09:39:06,,2006-07-13,9882,,부산광역시 남구 감만동 8호,2006331001607500001,3310000,부산광역시 남구 우암로 124 (감만동),,,02,휴업,대규모점포,2026-02-12,2027-02-10,051-609-8124
홈플러스(주) 밀양점,대형마트,,357864.797458156,222457.808113413,2025-12-15 16:15:28,I,1,정상영업,2024-02-27 17:39:10,,2006-07-10,8136.4,627-802,경상남도 밀양시 내이동 1403번지 11호,2009536008207500001,5360000,경상남도 밀양시 점필재로 45 (내이동),,,01,영업/정상,대규모점포,,,055-359-8121
삼성테스코(주),대형마트,,357864.797458156,222457.808113413,2025-12-15 16:15:28,I,2,휴업처리,2007-07-14 11:16:31,,2006-07-10,7936,,경상남도 밀양시 내이동 1403번지 11호,2006536005507500001,5360000,경상남도 밀양시 점필재로 45 (내이동),,,02,휴업,,,,055-0356-0795
로데오프라자,그 밖의 대규모점포,,185617.609879423,423614.052555144,2025-12-15 16:15:28,I,1,정상영업,2010-07-18 09:51:52,,2006-07-10,5854,,경기도 안산시단원구 고잔동 729번지 3호,2006393017607500001,3930000,경기도 안산시 단원구 광덕4로 234 (고잔동),,,01,영업/정상,,,,031-411-7733
홈플러스 김제점,대형마트,,,,2026-05-03 22:50:53,I,1,정상영업,2011-04-15 13:35:15,,2006-07-05,13766.59,,전북특별자치도 김제시 검산동 841번지 16호 외 12필지,2006471001107500001,4711000,,,,01,영업/정상,,,,063-540-8000
이마트 광주점,그 밖의 대규모점포,,189175.074193215,184413.56266082,2026-07-14 11:38:15,I,1,정상영업,2024-04-22 09:20:23,,2006-06-27,13309,,전남광주통합특별시 서구 화정동 12번지 13호 광주 이마트,2006360010607500004,5810000,"전남광주통합특별시 서구 죽봉대로 61, 광주 이마트 (화정동)",61937,,01,영업/정상,대규모점포,,,062-360-1042
(주)광주신세계이마트,대형마트,,189175.074193215,184413.56266082,2026-07-14 11:38:15,I,1,정상영업,2016-04-14 22:40:13,,2006-06-27,13309,,전남광주통합특별시 서구 화정동 12번지 13 호,2006360001207500002,5810000,전남광주통합특별시 서구 죽봉대로 61 (화정동),,,01,영업/정상,대규모점포,,,062-360-1042
순천원예농협 하나로마트,대형마트,,,,2026-07-01 12:27:46,I,1,정상영업,2013-01-07 17:00:41,,2006-06-21,416.63,,전남광주통합특별시 순천시 남정동 10호,2006482011807500005,5790000,전남광주통합특별시 순천시 남산로 46 (남정동),,,01,영업/정상,대규모점포,,,
부전상가상인회,그 밖의 대규모점포,,,,2025-12-15 16:15:28,I,2,휴업처리,2007-07-14 10:43:12,,2006-06-19,0,,부산광역시 부산진구 부전동 265번지 25  호,2006329001307500011,3290000,,,,02,휴업,,,,
신영시장상인회,시장,,,,2025-12-15 16:15:28,I,1,정상영업,2009-11-16 15:03:21,,2006-06-07,0,158-827,"서울특별시 양천구 신월1동 105번지 ,106,113,114,115,118,119일대",2009314011407500007,3140000,,,2006-06-07,01,영업/정상,,,,02-2604-3319
라모도쇼핑몰,그 밖의 대규모점포,,200673.011457453,451443.279894262,2026-03-26 22:48:23,I,4,직권취소,2014-12-16 16:31:01,2014-11-10,2006-06-07,9782,,,2014301013007500021,3010000,서울특별시 중구 을지로 276 (을지로6가),,,04,취소/말소/만료/정지/중지,대규모점포,,,02-2200-5000
라모도 쇼핑몰,그 밖의 대규모점포,,200673.011457453,451443.279894262,2026-03-26 22:48:22,I,2,휴업처리,2007-07-07 11:22:15,,2006-06-07,9782.03,,서울특별시 중구 을지로7가 105호,2006301007107500003,3010000,서울특별시 중구 을지로 276 (을지로7가),,,02,휴업,,,,02-2200-5000
(주)이마트경산점,대형마트,,355355.508106476,260760.335978186,2025-12-15 16:15:28,I,1,정상영업,2024-04-19 11:11:56,,2006-06-05,15129,712-280,경상북도 경산시 중산동 623번지,2006513001707500001,5130000,경상북도 옥산로 227,,2006-06-05,01,영업/정상,대규모점포,,,053-940-1052
이천일아울렛 천호점,그 밖의 대규모점포,,211055.486155787,448786.697371515,2026-05-07 03:03:03,U,1,정상영업,2026-05-06 14:09:04,,2006-05-25,17600,134-873,서울특별시 강동구 천호동 563번지,2006324011907500002,3240000,서울특별시 강동구 구천면로 189 (천호동),,,01,영업/정상,대규모점포,,,02-2224-6600
이천일아울렛 천호점,그 밖의 대규모점포,,211055.486155787,448786.697371515,2026-05-06 22:47:33,I,2,휴업처리,2007-06-30 10:04:31,,2006-05-25,17600,,서울특별시 강동구 천호동 563호,2006324011907500001,3240000,,,2006-05-31,02,휴업,,,,02-426-2001
에이피엠,그 밖의 대규모점포,,243634.980121389,348136.333182883,2026-05-06 22:48:30,I,2,휴업처리,2007-07-21 10:53:51,,2006-05-22,3284.44,,충청북도 청주시 상당구 남문로2가 81번지,2006436000907500002,5710000,충청북도 청주시 상당구 상당로59번길 37-1  (남문로2가),,,02,휴업,,,,
(주)이마트 서귀포점,대형마트,,154149.891505173,-27413.998305054,2026-05-02 22:48:39,I,1,정상영업,2024-04-22 16:50:20,,2006-05-19,7537.19,,제주특별자치도 서귀포시 법환동 841-2 이마트서귀포점,2006550001307500001,6520000,"제주특별자치도 서귀포시 일주동로 9209, 이마트서귀포점 (법환동)",63572,,01,영업/정상,대규모점포,,,064-797-1051
스페이스프라자,그 밖의 대규모점포,,188692.033242329,449699.83258499,2025-12-15 16:15:28,I,1,정상영업,2012-07-17 13:11:32,,2006-05-19,3563,,서울특별시 강서구 염창동 264번지 18호,2006315010007500002,3150000,서울특별시 강서구 공항대로71길 49 (염창동),,,01,영업/정상,대규모점포,,,02-3663-6562
서문시장2지구종합상가,시장,,341860.419648281,264004.459308992,2026-05-06 22:35:25,I,1,정상영업,2009-11-13 15:32:12,,2006-05-17,6367.08,,대구광역시 서구 내당동 965번지,2006343006707500001,3430000,대구광역시 서구 달서로 42 (내당동),,,01,영업/정상,,,,053-252-0843
서문시장2지구종합상가,시장,,341860.419648281,264004.459308992,2026-05-06 22:35:25,I,1,정상영업,2007-09-18 14:37:35,,2006-05-17,0,,대구광역시 서구 내당동 965호,2006343005007500001,3430000,대구광역시 서구 달서로 42 (내당동),,,01,영업/정상,,,,053-252-0843
롯데쇼핑(주)롯데마트사상점,복합쇼핑몰,,379352.805619145,182712.079140728,2026-05-23 03:03:03,U,1,정상영업,2026-05-22 20:00:35,,2006-05-16,14645,617-830,부산광역시 사상구 엄궁동 690번지,2006339001507500001,3390000,부산광역시 사상구 낙동대로 733 (엄궁동),,,01,영업/정상,대규모점포,,,051-329-2511
마포트라팰리스 아케이드,그 밖의 대규모점포,2015-11-18,195266.07314617,448799.641804029,2025-12-15 16:15:28,I,3,폐업처리,2015-11-20 09:37:21,,2006-05-16,3185.1,121-815,서울특별시 마포구 도화동 559번지,2009313011807500007,3130000,서울특별시 마포구 마포대로 53 (도화동),,,03,폐업,대규모점포,,,
롯데쇼핑(주) 롯데몰 여수점,대형마트,,,,2026-07-01 12:22:56,U,1,정상영업,2026-07-15 09:22:46,,2006-05-12,14477,,전남광주통합특별시 여수시 국동 호 37-100번지 외4필지,2006481001907500001,5785000,"전남광주통합특별시 여수시 국포1로 36 (국동, 외 4필지)",,,01,영업/정상,대규모점포,,,061-640-2500
롯데쇼핑(주)롯데마트 진장점,대형마트,,413714.69829242,233252.48521044,2026-05-22 03:03:03,U,1,정상영업,2026-05-21 11:13:01,,2006-05-04,17669.2,,울산광역시 북구 진장동 호 유통단지 9블럭,2006372003907500001,3720000,울산광역시 북구 진장유통로 64 (진장동),,,01,영업/정상,대규모점포,,,052-240-2500
뉴코아 아울렛 울산점,대형마트,,,,2025-12-15 16:15:28,I,2,휴업처리,2007-06-23 10:47:47,,2006-05-02,14357.62,,울산광역시 남구 달동 호 1360-3,2006370000907500002,3700000,,,,02,휴업,,,,052-228-5000
수협다대회센터,그 밖의 대규모점포,,379838.84991767,174797.65636454,2026-05-07 22:31:32,I,1,정상영업,2014-02-24 14:35:30,,2006-04-27,6688.82,,부산광역시 사하구 다대동 820번지 1   호,2006334001707500002,3340000,부산광역시 사하구 다대동로 30 (다대동),,,01,영업/정상,대규모점포,,,051-261-2655
건강백화점 동의보감,전문점,,203258.377206168,452834.064124525,2025-12-15 16:15:28,I,1,정상영업,2014-10-29 14:53:02,,2006-04-24,6986.87,130-723,서울특별시 동대문구 용두동 787번지 동의보감타워,2007305010007500003,3050000,,,,01,영업/정상,대규모점포,,,32994700
건강백화점 동의보감,전문점,,203258.377206168,452834.064124525,2025-12-15 16:15:28,I,4,직권취소,2014-10-29 14:57:10,,2006-04-24,0,,서울특별시 동대문구 용두동 787호,2006305008207500001,3050000,,,,04,취소/말소/만료/정지/중지,대규모점포,,,02-3299-4700
부산중앙시장임시시장,그 밖의 대규모점포,2014-04-14,,,2025-12-15 16:15:28,I,3,폐업처리,2014-04-14 17:36:05,,2006-04-21,0,,"부산광역시 부산진구 범천동 842호 (842-5,28,32,39,27,40)",2006329001307500007,3290000,,,,03,폐업,,,,051-634-8458
패션몰 유어스,그 밖의 대규모점포,,200999.356221857,451654.418167327,2026-03-26 22:48:22,I,4,직권취소,2017-03-23 13:37:14,2016-12-19,2006-04-21,13006.43,100-889,서울특별시 중구 신당동 22번지,2006301007107500002,3010000,서울특별시 중구 마장로 22 (신당동),,,04,취소/말소/만료/정지/중지,대규모점포,,,02-2250-2002
뉴코아 아울렛 괴정점,그 밖의 대규모점포,,381751.00317294,179575.519981971,2026-05-07 22:31:32,U,1,정상영업,2026-05-04 09:35:39,,2006-04-19,8342.23,,부산광역시 사하구 괴정동 961번지 1호,2006334001707500001,3340000,부산광역시 사하구 사하로 190 (괴정동),,,01,영업/정상,대규모점포,,,051-209-5000
(주)농협유통 하나로마트 부전점,대형마트,,387835.925160286,186795.116897803,2025-12-15 16:15:28,I,1,정상영업,2024-10-02 09:44:31,,2006-04-18,4373.5,,부산광역시 부산진구 부전동 53호,2006329001307500006,3290000,부산광역시 부산진구 중앙대로783번길 14 (부전동),,,01,영업/정상,대규모점포,,,051-801-9005
홈프러스대구점,대형마트,,344041.493561539,265698.789666102,2026-05-03 22:36:11,I,2,휴업처리,2011-04-25 09:46:37,,2006-04-17,9441,,대구광역시 북구 칠성동2가 378번지 23호,2006345008907500002,3450000,대구광역시 북구 중앙대로 543 (칠성동2가),,,02,휴업,,,,053-350-8124
삼성테스코(주)홈프러스 칠곡점,대형마트,,340320.722709596,272735.675659876,2026-05-03 22:36:11,I,2,휴업처리,2007-07-07 12:21:29,,2006-04-17,14022,,대구광역시 북구 동천동 968호,2006345008907500001,3450000,대구광역시 북구 동암로12길 8 (동천동),,,02,휴업,,,,053-607-8000
홈플러스 주식회사 울산남구점,대형마트,,410624.959296763,227668.041604165,2026-02-20 22:48:12,U,2,휴업처리,2026-02-19 16:03:10,,2006-04-14,28885,,울산광역시 남구 야음동 789번지 91호,2006370000907500001,3700000,울산광역시 남구 수암로 148 (야음동),,,02,휴업,대규모점포,2026-02-11,2026-12-30,052-270-8124
디오트,그 밖의 대규모점포,,201236.031514508,451872.409388295,2026-03-26 22:48:21,I,1,정상영업,2022-08-05 13:57:43,,2006-04-14,18815.13,,서울특별시 중구 신당동 193번지 2 호,2006301007107500001,3010000,서울특별시 중구 다산로 293 (신당동),,,01,영업/정상,대규모점포,,,02-2232-0040
엔포드,복합쇼핑몰,,244184.944567344,351834.595747257,2026-05-09 03:03:03,U,1,정상영업,2026-05-08 11:02:37,,2006-04-10,48731,360-817,충청북도 청주시 청원구 율량동 500-3번지,2006436000907500001,5710000,충청북도 청주시 청원구 충청대로 114  (율량동),,,01,영업/정상,대규모점포,,,043-290-1000
삼성테스코(주)홈플러스 순천점,대형마트,,,,2026-07-01 12:27:46,I,2,휴업처리,2007-07-21 11:08:49,,2006-04-04,18447.62,,전남광주통합특별시 순천시 조례동 975번지 1 호,2006482011807500004,5790000,,,,02,휴업,,,,02-3459-8000
삼성테스코(주),대형마트,,,,2026-07-01 12:27:46,I,2,휴업처리,2007-07-21 11:08:49,,2006-04-04,0,,전남광주통합특별시 순천시 조례동 975번지 1   호,2006482011807500003,5790000,,,,02,휴업,,,,02-3459-8000
삼성테스코(주),대형마트,,,,2026-07-01 12:27:46,I,2,휴업처리,2007-07-21 11:08:49,,2006-04-04,18447.62,,전남광주통합특별시 순천시 조례동 975번지 1   호,2006482011807500002,5790000,,,,02,휴업,,,,
신한이모르젠상가,그 밖의 대규모점포,,187955.121454906,449649.016215774,2025-12-15 16:15:28,I,2,휴업처리,2007-07-21 10:47:58,,2006-03-28,0,,서울특별시 양천구 목동 960호,2006314010207500001,3140000,서울특별시 양천구 목동중앙북로 7 (목동),,,02,휴업,,,,02-2642-4071
(주)광주신세계,백화점,,189004.968212655,184579.553645425,2026-07-14 11:38:15,I,1,정상영업,2020-05-06 14:25:42,,2006-03-23,26906,,전남광주통합특별시 서구 광천동 49번지 1호 신세계백화점,2006360010607500003,5810000,"전남광주통합특별시 서구 무진대로 932, 신세계백화점 (광천동)",61937,,01,영업/정상,대규모점포,,,062-360-1042
(주)광주신세계,백화점,,,,2026-07-01 10:55:09,I,1,정상영업,2016-04-15 16:41:09,,2006-03-23,0,,,2006360010607500002,5810000,"전남광주통합특별시 서구 무진대로 932 (광천동, 신세계백화점)",61937,,01,영업/정상,대규모점포,,,
(주)광주신세계이마트,대형마트,,189175.074193215,184413.56266082,2026-07-14 11:38:15,I,1,정상영업,2016-04-15 13:59:05,,2006-03-23,13309,,전남광주통합특별시 서구 화정동 12번지 13호,2006360010607500001,5810000,"전남광주통합특별시 서구 죽봉대로 61 (화정동, 광주 이마트)",61937,,01,영업/정상,대규모점포,,,
(주)광주신세계,백화점,,189004.968212655,184579.553645425,2026-07-14 11:38:15,I,1,정상영업,2016-04-14 22:38:47,,2006-03-23,26906,,전남광주통합특별시 서구 광천동 49번지 1   호,2006360001207500001,5810000,"전남광주통합특별시 서구 무진대로 932 (광천동, 외1필지)",,,01,영업/정상,대규모점포,,,062-360-1042
빅시티,대형마트,,190591.067479962,180601.219288553,2026-07-14 11:38:15,I,2,휴업처리,2013-12-23 17:56:22,,2006-03-21,5035.59,,전남광주통합특별시 남구 진월동 313호,2006361001207500001,5815000,전남광주통합특별시 남구 서문대로 729 (진월동),,,02,휴업,,,,062-650-2281
(주)데카플러스,쇼핑센터,,,,2025-12-15 16:15:28,I,BBBB,,2007-06-30 10:52:49,,2006-03-21,0,,충청남도 천안시 사직동 55번지 2   호,2006449013107500001,4490000,,,,01,영업/정상,,,,041-522-6020
마장축산물시장,시장,,203323.787758273,451940.205444395,2026-05-07 22:31:40,I,1,정상영업,2017-07-31 10:28:52,,2006-03-20,25910,133-050,서울특별시 성동구 마장동 510번지 3호 일대,2006303010307500001,3030000,"서울특별시 성동구 마장로31길 40 (마장동,일대)",,,01,영업/정상,,,,22814446
하이해리엇,그 밖의 대규모점포,,198636.2503948,451005.721641592,2026-03-26 22:48:23,I,1,정상영업,2020-04-30 15:47:31,,2006-03-17,4944.51,,,2014301013007500018,3010000,서울특별시 중구 퇴계로 123 (충무로2가),,,01,영업/정상,대규모점포,,,02-2079-0950
SC아울렛,전문점,,246595.81940639,160387.285370863,2026-07-14 11:38:15,I,1,정상영업,2019-05-09 10:53:53,,2006-03-06,19612.32,540-120,전남광주통합특별시 순천시 덕암동 151번지,2006482011807500001,5790000,전남광주통합특별시 순천시 충효로 15 (덕암동),,,01,영업/정상,대규모점포,,,061-741-0015
프라젠 스파,그 밖의 대규모점포,,207368.624495222,447632.296040333,2025-12-15 16:15:28,I,1,정상영업,2013-12-26 14:29:25,,2006-02-28,3004.13,,서울특별시 광진구 자양동 663번지 21  호,2006304007307500001,3040000,서울특별시 광진구 자양로5길 33 (자양동),,,01,영업/정상,대규모점포,,,02-3436-0005
온천시장,시장,2019-06-28,389539.18205554,193427.379866164,2025-12-15 16:15:28,I,3,폐업처리,2024-06-12 08:47:46,,2006-02-21,3242,,부산광역시 동래구 온천동 147번지 6호,2006330001607500001,3300000,부산광역시 동래구 온천장로119번길 48 (온천동),,,03,폐업,대규모점포,,,051-555-8231
홈플러스 영도점,대형마트,,386335.80960303,179336.483175733,2026-05-02 22:32:47,I,2,휴업처리,2007-07-21 10:01:37,,2006-02-20,5340.15,,부산광역시 영도구 봉래동2가 151번지 1호,2006328001507500001,3280000,부산광역시 영도구 대교로14번길 57 (봉래동2가),,,02,휴업,,,,051-419-5000
사단법인 부산남문시장번영회,그 밖의 대규모점포,,387566.848456349,183802.134192251,2026-01-06 22:18:10,U,1,정상영업,2026-01-05 09:48:52,,2006-02-16,2511.4,601-806,부산광역시 동구 범일2동 290번지 3호,2006327006407500001,3270000,부산광역시 동구 범일로65번길 8 (범일동),,1979-12-24,01,영업/정상,대규모점포,,,051-645-9691
죽전패션타운,그 밖의 대규모점포,,209534.186914691,425290.470135945,2026-04-01 22:14:01,I,1,정상영업,2012-08-27 10:02:56,,2006-02-14,0,,경기도 용인시수지구 죽전동 1003번지 13호,2006405016307500001,4050000,경기도 용인시 수지구 용구대로 2729 (죽전동),,,01,영업/정상,대규모점포,,,031-266-0455
에이치비 스위티마트,그 밖의 대규모점포,2008-06-05,211651.11473902,436497.22522918,2025-12-15 16:15:28,I,3,폐업처리,2009-06-12 14:15:27,,2006-02-14,3519.96,,경기도 성남시중원구 성남동 4031호,2006378010607500001,3780000,경기도 성남시 중원구 성남대로1130번길 26 (성남동),,,03,폐업,,,,031-753-6392
삼성테스코(주)홈플러스강서점,대형마트,,187119.948165892,450691.593173724,2025-12-15 16:15:28,I,2,휴업처리,2007-07-14 13:55:24,,2006-02-10,0,,서울특별시 강서구 등촌동 639번지 11호,2006315010007500001,3150000,,,,02,휴업,,,,02-2660-8000
삼성테스코(주),대형마트,,344300.256802514,192639.515073523,2026-04-30 22:00:14,I,2,휴업처리,2007-06-30 10:28:07,,2006-02-09,9776,,경상남도 마산시 양덕동 151번지 1호,2006528015507500001,5670000,경상남도 창원시 마산회원구 삼호로 56 (양덕동),,,02,휴업,,,,055-259-8000
중앙시민전통시장,시장,,284072.32267231,428160.288733114,2025-12-15 16:15:28,I,1,정상영업,2021-03-12 16:40:13,,2006-02-08,2809.46,220-903,강원특별자치도 원주시 중앙동 42번지 3호,2006419015307500001,4191000,강원특별자치도 원주시 자유시장길 28 (중앙동),,,01,영업/정상,대규모점포,,,033-732-6501
세파월드,그 밖의 대규모점포,,202733.785602761,417547.639611992,2026-03-11 01:45:41,I,4,직권취소,2008-05-01 14:59:04,,2006-01-25,3423.73,,경기도 수원시팔달구 인계동 1131호,2006374001107500001,3740000,경기도 수원시 팔달구 권광로 138 (인계동),,,04,취소/말소/만료/정지/중지,,,,031-233-6102
탑스빌웰빙타운,쇼핑센터,,,,2026-07-01 10:07:52,I,2,휴업처리,2007-07-14 10:13:03,,2006-01-24,3933.58,,인천광역시 검단구 마전동 호 검단2지구 24블럭 18롯트,2006356005407500002,3565000,,,,02,휴업,,,,032-873-8341
탑스빌웰빙타운,쇼핑센터,,,,2026-07-01 10:07:52,I,2,휴업처리,2007-07-14 10:13:03,,2006-01-24,3933.58,,인천광역시 검단구 마전동 호 검단2지구 24블럭 18롯트,2006356005407500001,3565000,,,,02,휴업,,,,032-873-8341
이랜드 리테일 해운대점,백화점,,398269.05154158,187874.778091232,2026-05-12 22:18:10,U,1,정상영업,2026-05-11 18:31:01,,2006-01-24,21774.4,,부산광역시 해운대구 좌동 1467-4 지팝건축물,2006333001507500001,3330000,부산광역시 해운대구 해운대로 813 (좌동),48106,,01,영업/정상,대규모점포,,,051-323-0456
홈플러스(주) 병점점,대형마트,,203188.196856075,411313.309756104,2026-02-01 10:52:12,I,1,정상영업,2025-06-26 18:07:49,,2006-01-20,13591.83,,경기도 화성시 병점구 병점동 399번지 4호 외2필지,2006553018707500001,5530000,경기도 화성시 병점구 경기대로 985 (병점동),,,01,영업/정상,대규모점포,,,031-283-2080
뉴코아순천아울렛킴스,전문점,,247589.899439906,163955.515824998,2026-07-14 11:38:15,I,1,정상영업,2026-05-12 16:02:04,,2006-01-19,7061.29,540-320,전남광주통합특별시 순천시 조례동 758번지,2006482015207500001,5790000,전남광주통합특별시 순천시 비봉2길 4-12 (조례동),,,01,영업/정상,대규모점포,,,061-752-5800
뉴코아 아울렛 광명점,복합쇼핑몰,,189263.01222247,439900.832910796,2026-05-27 03:03:03,U,1,정상영업,2026-05-26 14:31:09,,2006-01-11,13047.87,,경기도 광명시 하안동 38호,2006390007907500001,3900000,경기도 광명시 하안로287번길 8 (하안동),,,01,영업/정상,대규모점포,,,02-3397-2500
농축수산물유통센터,그 밖의 대규모점포,,,,2025-12-15 16:15:28,I,2,휴업처리,2007-07-14 11:14:27,,2005-12-29,13419,,경기도 부천시 소사구소사본동 133번지 14호,2005386012607500009,3860000,,,,02,휴업,,,,
주식회사 부방유통,대형마트,,,,2025-12-15 16:15:28,I,1,정상영업,2024-10-22 11:02:06,,2005-12-29,8992.69,,경기도 안양시 동안구 비산동 411-8 부방유통,2005383006207500002,3830000,"경기도 안양시 동안구 관악대로 104, 부방유통 (비산동)",13954,,01,영업/정상,대규모점포,,,031-380-3353
홈플러스(주) 서귀포점,대형마트,,158926.90550064,-26074.3935350279,2026-05-02 22:48:39,I,1,정상영업,2024-03-08 10:44:03,,2005-12-27,6441,,제주특별자치도 서귀포시 동홍동 1560번지 1호,2005550001307500002,6520000,제주특별자치도 서귀포시 중앙로 180 (동홍동),,,01,영업/정상,대규모점포,,,064-731-8000
메가마트 남천점,대형마트,,392321.102334852,184041.758684038,2025-12-15 16:15:28,I,2,휴업처리,2007-07-21 10:49:51,,2005-12-23,19226.83,,부산광역시 수영구 남천동 545번지 2호,2005338001507500002,3380000,,,,02,휴업,,,,
롯데쇼핑(주)롯데마트구미점,복합쇼핑몰,,322854.380277954,291225.602303128,2026-05-01 03:03:03,U,1,정상영업,2026-04-30 13:51:30,,2005-12-21,21521,,경상북도 구미시 신평동 465호,2005508013307500003,5080000,경상북도 구미시 구미대로22길 11 (신평동),,,01,영업/정상,대규모점포,,,054-440-2501
강릉서부시장,그 밖의 대규모점포,,366564.34266928,474192.135182166,2025-12-15 16:15:28,I,2,휴업처리,2007-07-14 11:05:40,,2005-12-19,5462,,강원특별자치도 강릉시 용강동 29호,2005420008507500002,4201000,강원특별자치도 강릉시 임영로155번길 6 (용강동),,,02,휴업,,,,033-648-9136
강릉서부시장,그 밖의 대규모점포,,366564.34266928,474192.135182166,2025-12-15 16:15:28,I,2,휴업처리,2007-07-14 11:05:40,,2005-12-19,5462,,강원특별자치도 강릉시 용강동 29호,2005420008507500001,4201000,강원특별자치도 강릉시 임영로155번길 6 (용강동),,,02,휴업,,,,033-648-9136
D-마트,그 밖의 대규모점포,,338339.974552757,521995.523480661,2025-12-15 16:15:28,I,BBBB,,2007-07-14 10:50:08,,2005-12-13,3385.42,,강원특별자치도 속초시 조양동 1498번지 2호,2005423005107500001,4231000,강원특별자치도 속초시 조양상가길 25 (조양동),,,01,영업/정상,,,,033-635-5000
홈플러스(주) 구미점,대형마트,,322735.286027559,290001.107358242,2025-12-15 16:15:28,I,1,정상영업,2024-03-13 09:44:55,,2005-12-09,15376,,경상북도 구미시 광평동 792-21 홈플러스 구미광평점,2005508013307500002,5080000,"경상북도 구미시 구미대로 174, 홈플러스 구미광평점 (광평동)",39347,,01,영업/정상,대규모점포,,,054-459-8000
롯데캐슬플라자,쇼핑센터,,208836.192051204,445807.727388799,2026-04-19 03:03:03,U,1,정상영업,2026-04-17 18:07:16,,2005-12-09,13400,,서울특별시 송파구 신천동 7번지 18호,2005323007807500003,3230000,서울특별시 송파구 올림픽로 269 (신천동),,,01,영업/정상,대규모점포,,,02-2146-2003
홈플러스(주)안산선부점,대형마트,2025-09-04,183322.266879279,425768.716754194,2025-12-15 16:15:28,I,3,폐업처리,2025-09-09 14:43:38,,2005-12-07,9350.94,,경기도 안산시 단원구 선부동 1077번지 1호 홈플러스,2005393017607500007,3930000,경기도 안산시 단원구 삼일로 316 (선부동),15368,,03,폐업,대규모점포,,,031-400-8000
과천제일쇼핑센터시장,그 밖의 대규모점포,,199310.960632204,436133.924232434,2025-12-15 16:15:28,I,2,휴업처리,2007-07-14 10:27:44,,2005-12-02,8577.32,,경기도 과천시 별양동 1번지 13호,2005397003207500001,3970000,경기도 과천시 별양상가2로 14 (별양동),,,02,휴업,,,,
와우패션클럽,복합쇼핑몰,2026-08-10,205557.013355638,461441.687971047,2026-08-11 22:18:10,U,3,폐업처리,2026-08-10 18:00:02,,2005-12-02,9769.24,139-816,서울특별시 노원구 상계동 292번지 1호,2005310009607500005,3100000,서울특별시 노원구 노해로 507 (상계동),,,03,폐업,대규모점포,,,
니즈,그 밖의 대규모점포,,211415.246751948,436591.639138549,2025-12-15 16:15:28,I,1,정상영업,2007-07-19 15:04:20,,2005-12-01,11615.33,,경기도 성남시중원구 성남동 3499호,2005378010607500014,3780000,경기도 성남시 중원구 성남대로 1136 (성남동),,,01,영업/정상,,,,031-729-1000
영등포 점프밀라노,쇼핑센터,,191580.646388785,446320.718339983,2026-05-11 22:40:06,I,4,직권취소,2020-08-11 14:48:41,2020-03-31,2005-12-01,5983.25,,서울특별시 영등포구 영등포동3가 7호,2005318007607500004,3180000,서울특별시 영등포구 영중로 28 (영등포동3가),,,04,취소/말소/만료/정지/중지,대규모점포,,,21666800
뉴코아 모란점,전문점,2020-12-28,211415.246751948,436591.639138549,2025-12-15 16:15:28,I,3,폐업처리,2021-02-22 09:05:22,,2005-11-30,13184,462-130,경기도 성남시 중원구 성남동 3499번지,2005378010607500017,3780000,경기도 성남시 중원구 성남대로 1136 (성남동),,,03,폐업,대규모점포,,,031-729-5000
관악종합시장,그 밖의 대규모점포,,193580.366498464,442144.670802989,2025-12-15 16:15:28,I,2,휴업처리,2007-06-30 10:48:16,,2005-11-29,1274,,서울특별시 관악구 신림동 1602번지 2호,2005320008007500003,3200000,,,,02,휴업,,,,02-856-4355
제이갤러리,그 밖의 대규모점포,2006-03-31,155796.698946473,2121.53276606539,2025-12-15 16:15:28,I,3,폐업처리,2010-07-28 13:37:52,,2005-11-28,0,,제주특별자치도 제주시 일도일동 1298번지 28호,2005549012307500004,6510000,제주특별자치도 제주시 관덕로11길 17 (일도일동),,,03,폐업,,,,064-755-1400
리뷰백화점,백화점,,381751.00317294,179575.519981971,2026-05-07 22:31:32,I,2,휴업처리,2007-07-07 10:06:17,,2005-11-24,10266.8,,부산광역시 사하구 괴정동 961번지 1호,2005334001707500002,3340000,부산광역시 사하구 사하로 190 (괴정동),,,02,휴업,,,,051-290-3310
(주)이마트 용인점,대형마트,,216717.733040208,414404.502750642,2026-04-01 22:14:01,I,1,정상영업,2024-04-22 17:18:13,,2005-11-22,6252.59,,경기도 용인시처인구 역북동 586-6 외 1필지호,2005405016307500001,4050000,경기도 용인시 처인구 명지로 53 (역북동),,,01,영업/정상,대규모점포,,,031-0326-1052
중앙도매시장,그 밖의 대규모점포,,,,2026-05-03 22:32:20,I,2,휴업처리,2007-06-30 10:25:41,,2005-11-22,2547.6,,대전광역시 동구 가양동 38-1호,2005364005807500001,3640000,,,,02,휴업,,,,042-257-5513
이천일아울렛구로점,그 밖의 대규모점포,,187785.840457798,443997.135869884,2026-05-01 22:42:19,I,2,휴업처리,2007-07-07 09:54:17,,2005-11-18,9711,,서울특별시 구로구 고척동 76번지 41호,2005316009307500007,3160000,서울특별시 구로구 중앙로1길 36 (고척동),,,02,휴업,,,,02-2604-2001
(주)이마트 오산점,그 밖의 대규모점포,,206383.775609107,404319.688193021,2025-12-15 16:15:28,I,1,정상영업,2024-11-05 13:50:02,,2005-11-17,11742,447-060,경기도 오산시 원동 360번지 6호,2005400005007500001,4000000,경기도 오산시 경기대로 181 (원동),,,01,영업/정상,대규모점포,,,031-369-7052
코스트코홀세일,대형마트,,346013.651465394,268532.189935562,2026-05-03 22:36:11,I,2,휴업처리,2007-07-07 12:21:29,,2005-11-17,11525,,대구광역시 북구 산격동 1817호,2005345008907500005,3450000,대구광역시 북구 검단로 97 (산격동),,,02,휴업,,,,053-380-1050
이천일 아울렛 구로점,그 밖의 대규모점포,2024-11-20,187785.840457798,443997.135869884,2026-05-01 22:42:19,I,3,폐업처리,2024-11-20 13:10:28,,2005-11-17,13043.88,152-080,서울특별시 구로구 고척동 76번지 41호,2007316011707500009,3160000,서울특별시 구로구 중앙로1길 36 (고척동),,,03,폐업,대규모점포,,,02-2093-5072
(주)이마트 남양주점,그 밖의 대규모점포,,221378.987723763,461433.576798678,2025-12-15 16:15:28,I,1,정상영업,2024-04-22 16:39:17,,2005-11-15,10925.67,472-120,경기도 남양주시 호평동 637번지,2005399008907500002,3990000,경기도 남양주시 늘을2로 27 (호평동),,,01,영업/정상,대규모점포,,,031-590-1234
일이삼전자타운,그 밖의 대규모점포,,187756.919450472,443962.832747371,2026-05-01 22:42:19,I,2,휴업처리,2007-07-07 09:54:17,,2005-11-15,11562,,서울특별시 구로구 고척동 75번지 1호,2005316009307500006,3160000,서울특별시 구로구 중앙로1길 42 (고척동),,,02,휴업,,,,02-701-1137
네스앙스,쇼핑센터,,,,2025-12-15 16:15:28,I,2,휴업처리,2017-08-10 11:16:24,,2005-11-14,8602.8,,경기도 안산시단원구 고잔동 703-4호,2005393017607500005,3930000,,,2018-12-31,02,휴업,대규모점포,2017-08-09,2018-12-31,031-481-0500
코스트코 홀세일,대형마트,,190408.509134733,447298.022173646,2026-05-11 22:40:06,I,1,정상영업,2017-07-07 10:36:41,,2005-11-11,8724.73,,서울특별시 영등포구 양평동3가 65호,2005318007607500003,3180000,서울특별시 영등포구 선유로 156 (양평동3가),,,01,영업/정상,대규모점포,,,02-2630-2651
토우마트마축일시장,그 밖의 대규모점포,2014-04-10,203576.594691866,452041.559037331,2026-05-07 22:31:40,I,3,폐업처리,2022-04-01 10:03:56,,2005-11-11,5607.62,,서울특별시 성동구 마장동 439번지 1호,2005303007407500006,3030000,서울특별시 성동구 마장로35길 68 (마장동),,,03,폐업,대규모점포,,,02-2293-6767
도계전두시장,시장,,381204.855770761,415937.465434592,2025-12-15 16:15:28,I,1,정상영업,2022-04-05 13:37:54,,2005-11-10,2845,,,2014424011307500003,4241000,강원특별자치도 삼척시 도계읍 도계로 199,,,01,영업/정상,대규모점포,,,
금호종합시장,시장,2005-11-08,210266.615561066,430478.681449364,2025-12-15 16:15:28,I,3,폐업처리,2007-11-29 09:54:32,,2005-11-08,0,,경기도 성남시분당구 수내동 32호,2005378010607500013,3780000,경기도 성남시 분당구 내정로165번길 38 (수내동),,,03,폐업,,,,031-711-7268
킴스클럽순천점,대형마트,,247589.899439906,163955.515824998,2026-07-14 11:38:15,I,2,휴업처리,2007-07-21 11:08:49,,2005-11-07,7062.99,,전남광주통합특별시 순천시 조례동 758호,2005482011807500003,5790000,전남광주통합특별시 순천시 비봉2길 4-12 (조례동),,,02,휴업,,,,061-720-5503
킴스클럽순천점,대형마트,,247589.899439906,163955.515824998,2026-07-14 11:38:15,I,2,휴업처리,2007-07-21 11:08:49,,2005-11-07,7062.99,,전남광주통합특별시 순천시 조례동 758호,2005482011807500002,5790000,전남광주통합특별시 순천시 비봉2길 4-12 (조례동),,,02,휴업,,,,061-720-5503
(주)이마트 춘천점,대형마트,,263141.943193102,484821.289677657,2026-05-10 21:30:36,I,1,정상영업,2024-04-16 18:10:47,,2005-11-03,9722.01,200-938,강원특별자치도 춘천시 온의동 511번지,2005418016607500001,4181000,강원특별자치도 춘천시 경춘로 2353 (온의동),,,01,영업/정상,대규모점포,,,033-240-1052
롯데쇼핑(주) 롯데마트 여천점,대형마트,,259541.66563628,142254.373781411,2026-07-14 11:38:15,I,1,정상영업,2026-01-14 15:50:55,,2005-11-02,7900,,전남광주통합특별시 여수시 선원동 1268번지 2호,2005481001907500002,5785000,전남광주통합특별시 여수시 무선로 187 (선원동),,,01,영업/정상,대규모점포,,,
뉴코아아울렛 산본점,그 밖의 대규모점포,,193729.872096481,428221.430499605,2026-05-05 03:03:03,U,1,정상영업,2026-05-04 16:05:41,,2005-10-28,11180,435-045,경기도 군포시 산본동 1231번지,2005402008107500001,4020000,경기도 군포시 번영로 504 (산본동),,,01,영업/정상,대규모점포,,,031-390-5000
화성공구유통밸리(주),그 밖의 대규모점포,,,,2026-02-01 10:52:12,I,2,휴업처리,2007-07-21 09:58:51,,2005-10-20,0,,경기도 화성시 효행구 봉담읍 동화리 139-1호,2005553012207500003,5530000,,,,02,휴업,,,,031-230-9442
(유) 에브라임이노베이션 울산지점,쇼핑센터,,410346.764882793,230634.46944722,2026-05-06 22:48:23,I,1,정상영업,2021-12-29 15:04:42,,2005-10-14,12046.4,,울산광역시 중구 성남동 256번지 24호,2005369006007500002,3690000,울산광역시 중구 젊음의2거리 33 (성남동),,,01,영업/정상,대규모점포,,,052-243-2911
(주)이랜드리테일홈에버인하점,그 밖의 대규모점포,,169028.062637712,438450.444079289,2026-03-26 22:48:21,I,2,휴업처리,2007-06-30 12:25:07,,2005-10-11,15197.55,,인천광역시 남구 용현동 648호,2005351007107500002,3510500,인천광역시 남구 소성로 6 (용현동),,,02,휴업,,,,032-876-4108
프라임아울렛,그 밖의 대규모점포,,188175.807511909,441461.454807111,2025-12-15 16:15:28,I,2,휴업처리,2007-06-30 13:48:41,,2005-10-07,8812,,경기도 광명시 철산동 261호,2005390007907500004,3900000,,,,02,휴업,,,,02-2067-7000
신교시장,그 밖의 대규모점포,2015-04-16,192577.990805265,450569.670545853,2025-12-15 16:15:28,I,3,폐업처리,2015-04-16 15:08:27,,2005-10-07,3166.75,,서울특별시 마포구 서교동 487호,2005313009907500004,3130000,서울특별시 마포구 월드컵북로5나길 18 (서교동),,,03,폐업,대규모점포,,,
(주)미래도시(경동윈츠빌),그 밖의 대규모점포,,383394.643145604,185210.631075375,2025-12-15 16:15:28,I,1,정상영업,2011-11-14 14:24:31,,2005-09-30,565.76,,부산광역시 사상구 주례동 55번지 139호,2005339001507500004,3390000,부산광역시 사상구 냉정로 120 (주례동),,,01,영업/정상,대규모점포,,,051-322-1871
에쉐르아이시네마쇼핑몰,쇼핑센터,,,,2026-05-11 22:40:06,I,4,직권취소,2009-10-23 17:32:43,,2005-09-29,0,,서울특별시 영등포구 당산동 9번지 13호,2005318007607500001,3180000,,,,04,취소/말소/만료/정지/중지,,,,02-2633-7338
천호시장,그 밖의 대규모점포,,211196.195653708,448722.851784118,2026-05-06 22:47:33,I,2,휴업처리,2007-06-30 10:04:31,,2005-09-27,1735,,서울특별시 강동구 천호동 421번지 1호,2005324011907500010,3240000,,,,02,휴업,,,,02478219
연수구옥련시장상점가사업협동조합,시장,,168668.458147027,435891.753284698,2026-05-11 23:16:51,I,1,정상영업,2018-03-09 09:06:42,,2005-09-26,3673,406-774,인천광역시 연수구 옥련2동 462번지 32호,2005352004707500003,3520000,인천광역시 연수구 독배로40번길 35 (옥련동),,,01,영업/정상,대규모점포,,,032-833-8640
연수구옥련시장,시장,,,,2026-05-11 23:16:51,I,1,정상영업,2012-04-30 17:41:54,,2005-09-26,0,,인천광역시 연수구 동춘동 462번지 32호,2005352004707500002,3520000,,,,01,영업/정상,대규모점포,,,032-833-8640
세이브존 성남점,복합쇼핑몰,,213499.485770645,437994.885930918,2025-12-15 16:15:28,I,1,정상영업,2024-04-23 13:45:03,,2005-09-20,13715.2,,경기도 성남시수정구 신흥동 2463번지 5호,2005378010607500012,3780000,경기도 성남시 수정구 산성대로 337 (신흥동),,,01,영업/정상,대규모점포,,,031-737-8603
롯데쇼핑(주)롯데마트안산점,쇼핑센터,,186396.067737112,423947.236380533,2026-04-28 03:03:03,U,1,정상영업,2026-04-27 13:19:04,,2005-09-13,15987.56,,경기도 안산시상록구 성포동 590호,2005393017607500001,3930000,경기도 안산시 상록구 항가울로 422 (성포동),,,01,영업/정상,대규모점포,,,031-412-8811
만수종합쇼핑,그 밖의 대규모점포,,176260.455257872,439821.045270727,2026-03-26 22:49:55,I,2,휴업처리,2007-07-14 10:42:02,,2005-09-13,8076.4,,인천광역시 남동구 만수동 73번지 18호,2005353004907500001,3530000,,,,02,휴업,,,,032-000-0000
삼정프라자,그 밖의 대규모점포,,183315.556652953,452204.165533971,2025-12-15 16:15:28,I,1,정상영업,2014-09-29 10:40:19,,2005-09-07,5163.3,157-847,서울특별시 강서구 방화동 567번지 4호,2005315010007500002,3150000,서울특별시 강서구 방화동로 126 (방화동),,,01,영업/정상,대규모점포,,,02-2663-1978
아울렛쇼핑몰스타,대형마트,,410428.96363435,230775.002193437,2026-05-06 22:48:23,I,2,휴업처리,2007-06-23 10:12:32,,2005-09-05,5230.94,,울산광역시 중구 성남동 249번지 1호,2005369006007500001,3690000,울산광역시 중구 시계탑거리 20 (성남동),,,02,휴업,,,,052-241-2030
(주)이마트 스타필드 마켓 죽전점,대형마트,,209673.343954233,424823.677745145,2026-04-01 22:14:00,I,1,정상영업,2024-08-02 10:15:31,,2005-09-02,13659.57,448-811,경기도 용인시 수지구 죽전1동 1282번지,2005405008307500008,4050000,경기도 용인시 수지구 포은대로 552 (죽전동),,,01,영업/정상,대규모점포,,,031-0888-1052
신세계 이마트 죽전점,그 밖의 대규모점포,,,,2026-04-01 22:14:00,I,2,휴업처리,2007-07-21 11:11:05,,2005-09-02,13659.57,,경기도 용인시수지구 죽전동 호 죽전택지개발사업지구 1703블럭,2005405008307500007,4050000,,,,02,휴업,,,,02-380-5234
팜스퀘어,쇼핑센터,,193661.732383169,456379.193899276,2026-05-06 22:48:30,I,1,정상영업,2014-10-14 20:16:34,,2005-09-01,9350.53,,서울특별시 은평구 대조동 240호,2005311009907500002,3110000,서울특별시 은평구 불광로 20 (대조동),,,01,영업/정상,대규모점포,,,02-350-7032
홈플러스 광양점,대형마트,,263409.919971471,159060.647898764,2026-07-14 11:38:15,I,1,정상영업,2024-03-14 17:32:08,,2005-08-31,13558.2,545-827,전남광주통합특별시 광양시 중동 1811번지 1호,2006484005107500001,5800000,전남광주통합특별시 광양시 항만11로 70 (중동),,,01,영업/정상,대규모점포,,,061-760-8122
아카데미프라자,그 밖의 대규모점포,,204538.144891563,442942.853505354,2025-12-15 16:15:28,I,1,정상영업,2013-12-27 13:43:01,,2005-08-29,12645.92,135-856,"서울특별시 강남구 도곡2동 467번지 7호 아카데미스위트 에이동B101,B102,B201",2010322016207500001,3220000,"서울특별시 강남구 남부순환로 2804 (도곡동, 아카데미스위트)",,,01,영업/정상,대규모점포,,,
대한통운마트 대전점,대형마트,,238027.354947962,320279.99970216,2025-12-15 16:15:28,I,2,휴업처리,2007-07-07 09:18:01,,2005-08-26,5984.77,,대전광역시 대덕구 읍내동 100호,2000368000007500001,3680000,대전광역시 대덕구 신탄진로 1 (읍내동),,,02,휴업,,,,042-636-7961
남문시장,그 밖의 대규모점포,,191127.423978879,441203.919968343,2026-05-07 22:30:12,I,2,휴업처리,2007-07-07 11:59:15,,2005-08-26,3745.05,,서울특별시 금천구 독산동 988번지 7호 외 27,2005317009407500001,3170000,"서울특별시 금천구 시흥대로142길 24 (독산동,외 27)",,,02,휴업,,,,02-868-9727
홈플러스(주) 강서점,대형마트,,187119.948165892,450691.593173724,2025-12-15 16:15:28,I,1,정상영업,2024-02-29 08:58:35,,2005-08-26,22173,157-840,서울특별시 강서구 등촌동 639번지 11호,2005315010007500001,3150000,서울특별시 강서구  화곡로  398 (등촌동),,,01,영업/정상,대규모점포,,,02-2660-8121
롯데백화점 노원점,복합쇼핑몰,,205320.28476675,461419.881795004,2026-04-15 03:03:03,U,1,정상영업,2026-04-14 15:30:43,,2005-08-26,48227.17,,서울특별시 노원구 상계동 713호,2005310009607500004,3100000,서울특별시 노원구 동일로 1414 (상계동),,,01,영업/정상,대규모점포,,,02-950-2500
테마폴리스지하1층점,그 밖의 대규모점포,,211202.148849893,434560.911834998,2025-12-15 16:15:28,I,1,정상영업,2008-11-28 10:37:25,,2005-08-23,4575.76,,경기도 성남시분당구 야탑동 341호,2005378010607500010,3780000,경기도 성남시 분당구 성남대로925번길 16 (야탑동),,,01,영업/정상,,,,031-0725-0131
(주)이마트 서수원점,대형마트,,197288.720762935,420051.3394073,2026-03-11 01:45:41,I,1,정상영업,2024-04-29 10:38:45,,2005-08-18,14301,441-819,경기도 수원시 권선구 구운동 925번지,2005374001107500002,3740000,경기도 수원시 권선구 수인로 291 (구운동),,,01,영업/정상,대규모점포,,,031-895-1052
사단법인 송남시장번영회,그 밖의 대규모점포,,383876.253980499,177352.593969904,2026-05-07 22:30:26,I,2,휴업처리,2007-07-07 09:49:01,,2005-08-17,974.5,,부산광역시 서구 암남동 346번지 2호,2005326004907500002,3260000,,,,02,휴업,,,,051-255-4059
홈플러스 주식회사 전주완산점,대형마트,,213487.497985724,258187.996076138,2026-02-13 22:48:10,U,2,휴업처리,2026-02-12 17:16:27,,2005-08-05,12591,,전북특별자치도 전주시완산구 중노송동 495번지 6호,2005464016207500002,4641000,전북특별자치도 전주시 완산구 기린대로 170 (중노송동),,,02,휴업,대규모점포,2026-02-12,2027-02-11,063-263-2080
탑스빌웰빙타운,쇼핑센터,,,,2026-07-01 10:07:52,I,1,정상영업,2022-12-25 14:04:54,,2005-08-05,0,,인천광역시 검단구 마전동 호 검단2지구 24블럭 18롯트,2005356005407500001,3565000,,,,01,영업/정상,대규모점포,,,032-873-8341
세인트폴백화점(주),백화점,2006-04-13,381751.00317294,179575.519981971,2026-05-07 22:31:32,I,3,폐업처리,2008-03-13 11:12:59,,2005-07-28,0,,부산광역시 사하구 괴정동 961번지 1호,2005334001707500001,3340000,부산광역시 사하구 사하로 190 (괴정동),,,03,폐업,,,,051-290-3310
테마폴리스 지하2층점,그 밖의 대규모점포,,211202.148849893,434560.911834998,2025-12-15 16:15:28,I,1,정상영업,2018-02-12 11:48:13,,2005-07-25,6288.98,,경기도 성남시분당구 야탑동 341호,2005378010607500008,3780000,경기도 성남시 분당구 성남대로925번길 16 (야탑동),,,01,영업/정상,대규모점포,,,031-725-0713
테마폴리스지하2층점,그 밖의 대규모점포,,211202.148849893,434560.911834998,2025-12-15 16:15:28,I,2,휴업처리,2007-07-07 11:25:20,,2005-07-25,6288.98,,경기도 성남시분당구 야탑동 341호,2005378010607500007,3780000,경기도 성남시 분당구 성남대로925번길 16 (야탑동),,,02,휴업,,,,
메이드아울렛,대형마트,,338560.694882634,261656.240623114,2025-12-15 16:15:28,I,2,휴업처리,2007-07-14 12:20:22,,2005-07-22,6239,,대구광역시 달서구 감삼동 521호,2005347007507500001,3470000,,,,02,휴업,,,,053-521-8370
(주)엔터,그 밖의 대규모점포,2007-09-19,203772.831832169,470619.109108938,2026-05-11 22:02:23,I,3,폐업처리,2007-07-09 14:43:50,,2005-07-21,938.5,,경기도 의정부시 의정부동 494호,2005382007907500001,3820000,경기도 의정부시 시민로 80 (의정부동),,2006-03-17,03,폐업,,,,031-870-2000
(사단법인)사천읍시장 번영회,그 밖의 대규모점포,,299178.592821795,176672.740296306,2026-05-08 22:02:24,I,1,정상영업,2014-03-18 17:13:31,,2005-07-20,2717,,경상남도 사천시 사천읍 정의리 394호,2000534001607500002,5340000,경상남도 사천시 사천읍 시장1길 16,,,01,영업/정상,대규모점포,,,055-000-0000
동아코아,쇼핑센터,,211055.486155787,448786.697371515,2026-05-06 22:47:33,I,2,휴업처리,2007-06-30 10:04:31,,2005-07-20,3223.68,,서울특별시 강동구 천호동 563호,2005324011907500009,3240000,,,,02,휴업,,,,02-485-9001
동아코아,쇼핑센터,,211055.486155787,448786.697371515,2026-05-06 22:47:33,I,2,휴업처리,2007-06-30 10:04:31,,2005-07-20,3223.68,,서울특별시 강동구 천호동 563호,2005324011907500008,3240000,,,,02,휴업,,,,02-485-9001
동아코아,쇼핑센터,,211055.486155787,448786.697371515,2026-05-06 22:47:33,I,2,휴업처리,2007-06-30 10:04:31,,2005-07-20,3223.68,,서울특별시 강동구 천호동 563호,2005324011907500007,3240000,,,,02,휴업,,,,02-485-9001
동아코아,쇼핑센터,,211055.486155787,448786.697371515,2026-05-06 22:47:33,I,2,휴업처리,2007-06-30 10:04:31,,2005-07-20,3223.68,,서울특별시 강동구 천호동 563호,2005324011907500006,3240000,,,,02,휴업,,,,02-485-9001
동아코아,쇼핑센터,,211055.486155787,448786.697371515,2026-05-06 22:47:32,I,2,휴업처리,2007-06-30 10:04:31,,2005-07-20,3223.68,,서울특별시 강동구 천호동 563호,2005324011907500005,3240000,,,,02,휴업,,,,02-485-9001
동아코아,쇼핑센터,,211055.486155787,448786.697371515,2026-05-06 22:47:32,I,2,휴업처리,2007-06-30 10:04:31,,2005-07-20,3223.68,,서울특별시 강동구 천호동 563호,2005324011907500004,3240000,,,,02,휴업,,,,02-485-9001
"불광시장(법인, 대표자, 관리자변경)",그 밖의 대규모점포,,,,2026-05-06 22:48:29,I,2,휴업처리,2007-07-14 10:16:27,,2005-07-15,2776.5,,서울특별시 은평구 대조동 14번지 24호,2005311009907500001,3110000,,,,02,휴업,,,,02-352-8325
롯데쇼핑(주) 롯데마트 금정점,대형마트,2021-01-12,390319.153767106,195305.783615841,2025-12-15 16:15:28,I,3,폐업처리,2021-01-13 09:48:47,,2005-06-30,12953,,부산광역시 금정구 부곡동 223번지 1호,2005335001507500002,3350000,부산광역시 금정구 중앙대로 1731 (부곡동),,,03,폐업,대규모점포,2020-09-28,2021-09-27,051-580-7711
한국까르푸칠곡점,대형마트,,338898.15784325,271593.897503132,2026-05-03 22:36:11,I,2,휴업처리,2007-07-07 12:21:29,,2005-06-27,4680.75,,대구광역시 북구 관음동 1369번지 1호,2005345008907500003,3450000,대구광역시 북구 관음로 43 (관음동),,,02,휴업,,,,
메트로프라자,그 밖의 대규모점포,,344083.488662959,263931.20586801,2026-05-08 22:34:09,I,1,정상영업,2025-04-10 14:51:08,,2005-06-20,4319.4,700-823,대구광역시 중구 봉산동 127번지 1호 외,2005341001307500002,3410000,"대구광역시 중구 달구벌대로 지하 2160 (봉산동,외)",,,01,영업/정상,대규모점포,,,053-657-2560
(주) 이마트 통영점,복합쇼핑몰,,329522.977138462,155160.704055243,2026-05-04 22:00:47,I,1,정상영업,2024-04-29 16:44:15,,2005-06-17,8958.72,,경상남도 통영시 광도면 죽림리 1566번지 2호,2005533006807500001,5330000,경상남도 통영시 광도면 죽림4로 9,,,01,영업/정상,대규모점포,,,02-380-5234
송현시장,시장,,,,2026-07-01 09:42:12,I,1,정상영업,2024-04-30 17:46:14,,2005-06-15,3864,,인천광역시 제물포구 송현동 88-19,2005350008307500001,3501000,"인천광역시 제물포구 화도진로44번길 18, 3층 (송현동)",22551,,01,영업/정상,대규모점포,,,032-773-2368
몰에이지일공삼공주식회사,쇼핑센터,2010-03-29,298620.498895169,188831.385790328,2025-12-15 16:15:28,I,3,폐업처리,2011-11-09 11:24:02,,2005-06-14,0,,경상남도 진주시 대안동 13번지 13호,2005531001307500002,5310000,경상남도 진주시 진주대로 1057 (대안동),,,03,폐업,대규모점포,,,055-753-7552
한국까르푸(주) 강북점,그 밖의 대규모점포,,338898.15784325,271593.897503132,2026-05-03 22:36:11,I,2,휴업처리,2007-07-07 12:21:29,,2005-06-10,4680.75,,대구광역시 북구 관음동 1369번지 1호,2005345008907500002,3450000,대구광역시 북구 관음로 43 (관음동),,,02,휴업,,,,
Issue Nine(이슈나인),쇼핑센터,2008-04-02,197415.841321941,421942.320630788,2026-03-11 01:45:41,I,3,폐업처리,2008-04-04 09:40:31,,2005-06-08,0,,경기도 수원시장안구 율전동 285번지 2호,2005374001107500001,3740000,경기도 수원시 장안구 서부로 2139 (율전동),,,03,폐업,,,,031-293-0701
중마시장,시장,,263800.078421747,160116.633852747,2026-07-14 11:38:15,I,1,정상영업,2009-02-09 11:19:49,,2005-06-03,2057,545-886,전남광주통합특별시 광양시 중동 1732번지 3호,2009484009207500001,5800000,전남광주통합특별시 광양시 중마중앙로 88 (중동),,,01,영업/정상,,,,
동서울시장,그 밖의 대규모점포,,211246.37178295,448940.301250547,2026-05-06 22:47:32,I,2,휴업처리,2007-06-30 10:04:31,,2005-06-02,4350,,서울특별시 강동구 천호동 422번지 1호,2005324011907500003,3240000,,,,02,휴업,,,,
(주)세이브존아이앤시 부천상동점,대형마트,,178164.089422238,444938.813535045,2025-12-15 16:15:28,I,2,휴업처리,2007-07-14 11:14:27,,2005-06-01,7769.7,,경기도 부천시 원미구상동 535번지 5호,2005386012607500008,3860000,경기도 부천시 원미구 길주로 105 (상동),,,02,휴업,,,,
월마트슈퍼센터 중동점,대형마트,,179059.890468202,444675.160533494,2025-12-15 16:15:28,I,2,휴업처리,2007-07-14 11:14:27,,2005-06-01,13770.32,,경기도 부천시 원미구중동 1157호,2005386012607500007,3860000,경기도 부천시 원미구 석천로 188 (중동),,,02,휴업,,,,032-320-0114
(주)GS리테일GS스퀘어부천점,백화점,,180053.344972882,444507.865626959,2025-12-15 16:15:28,I,2,휴업처리,2007-07-14 11:14:27,,2005-06-01,41622.46,,경기도 부천시 원미구중동 1140호,2005386012607500006,3860000,경기도 부천시 원미구 길주로 300 (중동),,,02,휴업,,,,
(주)GS리테일GS스퀘어부천점,백화점,,180053.344972882,444507.865626959,2025-12-15 16:15:28,I,2,휴업처리,2007-07-14 11:14:27,,2005-06-01,41622.46,,경기도 부천시 원미구중동 1140호,2005386012607500005,3860000,경기도 부천시 원미구 길주로 300 (중동),,,02,휴업,,,,
(주)GS리테일GS스퀘어부천점,백화점,,180053.344972882,444507.865626959,2025-12-15 16:15:28,I,2,휴업처리,2007-07-14 11:14:27,,2005-06-01,41622.46,,경기도 부천시 원미구중동 1140호,2005386012607500004,3860000,경기도 부천시 원미구 길주로 300 (중동),,,02,휴업,,,,
(주)GS리테일GS스퀘어부천점,백화점,,180053.344972882,444507.865626959,2025-12-15 16:15:28,I,2,휴업처리,2007-07-14 11:14:27,,2005-06-01,41622.46,,경기도 부천시 원미구중동 1140호,2005386012607500003,3860000,경기도 부천시 원미구 길주로 300 (중동),,,02,휴업,,,,
비엔큐홈(구로점),대형마트,,188669.484398215,444010.738380277,2026-05-01 22:42:19,I,2,휴업처리,2007-07-07 09:54:17,,2005-06-01,6745,,서울특별시 구로구 구로동 636번지 89호,2005316009307500005,3160000,서울특별시 구로구 경인로 482 (구로동),,,02,휴업,,,,02-769-5828
롯데마트 구로점,대형마트,,188669.484398215,444010.738380277,2026-05-01 22:42:19,I,2,휴업처리,2007-07-07 09:54:17,,2005-06-01,10502,,서울특별시 구로구 구로동 636번지 89호,2005316009307500004,3160000,서울특별시 구로구 경인로 482 (구로동),,,02,휴업,,,,02-2639-2500
롯데마트 구로점,대형마트,,188669.484398215,444010.738380277,2026-05-01 22:42:19,I,2,휴업처리,2007-07-07 09:54:17,,2005-06-01,10502,,서울특별시 구로구 구로동 636번지 89호,2005316009307500003,3160000,서울특별시 구로구 경인로 482 (구로동),,,02,휴업,,,,02-2639-2500
부평중앙지하상가,그 밖의 대규모점포,,,,2026-05-06 22:48:30,I,1,정상영업,2015-12-22 16:22:37,,2005-05-30,4989.27,,인천광역시 부평구 부평동 224번지 1호,2005354006107500003,3540000,,,,01,영업/정상,대규모점포,,,032-523-9992
"테마폴리스 지상1,2층",그 밖의 대규모점포,,211202.148849893,434560.911834998,2025-12-15 16:15:28,I,1,정상영업,2018-02-12 11:46:35,,2005-05-27,7440.61,463-828,"경기도 성남시분당구 야탑동 341번지 테마폴리스 지상1,2층",2005378010607500015,3780000,"경기도 성남시 분당구 성남대로925번길 16 (야탑동,테마폴리스 지상1,2층)",,,01,영업/정상,대규모점포,,,031-702-5574
세이브존,대형마트,,205994.811815848,459502.645279682,2025-12-15 16:15:28,I,2,휴업처리,2007-06-30 10:05:38,,2005-05-27,10209,,서울특별시 노원구 하계동 284호,2005310009607500003,3100000,,,,02,휴업,,,,02-985-9000
세이브존 울산점,쇼핑센터,,410733.680320371,230071.566791713,2025-12-15 16:15:28,I,1,정상영업,2024-12-13 08:56:24,,2005-05-18,15753,,울산광역시 남구 삼산동 1377-8호,2005370000907500040,3700000,울산광역시 남구 번영로250번길 9 (삼산동),,,01,영업/정상,대규모점포,,,052-261-9000
월마트코리아(주)구성점,그 밖의 대규모점포,2006-10-16,209055.866253282,423099.978718931,2026-04-01 22:14:00,I,3,폐업처리,2011-10-30 14:49:12,,2005-05-12,0,,경기도 용인시기흥구 보정동 1019-237호 외31필지,2005405008307500006,4050000,경기도 용인시 기흥구 용구대로 2457 (보정동),,,03,폐업,대규모점포,,,031-289-0210
트레이더스 홀세일 클럽 구성점,대형마트,,209271.840918768,422612.412300721,2026-04-01 22:14:00,I,1,정상영업,2024-04-18 09:01:17,,2005-05-12,10715,,경기도 용인시기흥구 보정동 1019번지 237호,2005405008307500005,4050000,경기도 용인시 기흥구 용구대로 2457 (보정동),,2006-10-20,01,영업/정상,대규모점포,,,031-0327-1234
홈플러스(주)경주점,대형마트,,400842.311928564,265950.991877537,2025-12-15 16:15:28,I,1,정상영업,2024-03-13 20:55:21,,2005-05-11,3144.51,780-950,경상북도 경주시 용강동 800번지 11호,2005505010007500001,5050000,경상북도 경주시  공단로  97 (용강동),,,01,영업/정상,대규모점포,,,054-770-8000
월마트슈퍼센터포항점,그 밖의 대규모점포,,410758.267998621,283785.013352991,2026-05-07 22:37:42,I,2,휴업처리,2007-06-30 12:09:18,,2005-05-11,12257.09,,경상북도 포항시북구 득량동 305호,2005502013207500001,5020000,경상북도 포항시 북구 대이로 188 (득량동),,,02,휴업,,,,02-3468-1346
동부시장,그 밖의 대규모점포,,213592.435541353,257789.483361644,2025-12-15 16:15:28,I,2,휴업처리,2007-06-30 17:13:15,,2005-05-11,1563,,전북특별자치도 전주시완산구 경원동3가 90번지 13호,2005464016207500001,4641000,전북특별자치도 전주시 완산구 충경로 109 (경원동3가),,,02,휴업,,,,063-288-4487
부산컴퓨터도매상가,그 밖의 대규모점포,2025-06-27,389289.767473942,192509.994182307,2025-12-15 16:15:28,I,3,폐업처리,2025-06-27 16:10:31,,2005-05-11,3598.24,,호,2005330001607520051,3300000,부산광역시 동래구 온천장로 20 (온천동),,,03,폐업,대규모점포,,,051-553-1472
온천시장,시장,2019-06-28,389539.18205554,193427.379866164,2025-12-15 16:15:28,I,3,폐업처리,2024-06-12 08:49:13,,2005-05-11,3242,,부산광역시 동래구 온천동 147번지 6호,2005330001607500054,3300000,부산광역시 동래구 온천장로119번길 48 (온천동),,,03,폐업,준대규모점포,,,051-555-8231
온천시장,그 밖의 대규모점포,,389539.18205554,193427.379866164,2025-12-15 16:15:28,I,2,휴업처리,2007-07-14 10:35:50,,2005-05-11,3342,,부산광역시 동래구 온천동 147번지 6호,2005330001607500053,3300000,부산광역시 동래구 온천장로119번길 48 (온천동),,,02,휴업,,,,
부산컴퓨터도매상가,그 밖의 대규모점포,,389289.767473942,192509.994182307,2025-12-15 16:15:28,I,2,휴업처리,2007-07-14 10:35:50,,2005-05-11,5563.65,,부산광역시 동래구 온천동 456번지 29호,2005330001607500052,3300000,부산광역시 동래구 온천장로 20 (온천동),,,02,휴업,,,,051-553-1472
갤러리아백화점,백화점,,213910.850637373,368774.087611534,2025-12-15 16:15:28,I,2,휴업처리,2007-06-30 10:52:49,,2005-05-09,8388.54,,충청남도 천안시 신부동 354번지 1호,2005449013107500002,4490000,충청남도 천안시 동남구 만남로 43 (신부동),,,02,휴업,,,,041-559-9010
천호신시장,시장,2026-02-12,211252.735515916,448823.39875114,2026-05-06 22:47:32,U,3,폐업처리,2026-02-13 13:23:04,,2005-05-09,5374.49,,서울특별시 강동구 천호동 422번지 2호,2005324011907500002,3240000,,,,03,폐업,대규모점포,,,02-485-0731
천호신시장,그 밖의 대규모점포,,211252.735515916,448823.39875114,2026-05-06 22:47:32,I,2,휴업처리,2007-06-30 10:04:31,,2005-05-09,4310.62,,서울특별시 강동구 천호동 422번지 2호,2005324011907500001,3240000,,,,02,휴업,,,,02-485-0731
진흥종합시장,그 밖의 대규모점포,,175759.712089269,443897.95359347,2026-05-06 22:48:30,I,1,정상영업,2011-06-01 17:25:08,,2005-05-07,0,,인천광역시 부평구 부평동 252번지 52호,2005354006107500002,3540000,,,,01,영업/정상,,,,032-502-8874
월마트슈퍼센터 평촌점,그 밖의 대규모점포,,196699.264690575,432538.509415803,2025-12-15 16:15:28,I,2,휴업처리,2007-06-23 14:33:26,,2005-05-04,10130.95,,경기도 안양시동안구 관양동 1608-3호,2005383006207500001,3830000,,,,02,휴업,,,,
경창시장상인회,시장,,,,2025-12-15 16:15:28,I,1,정상영업,2009-11-16 14:51:20,,2005-05-04,0,158-834,"서울특별시 양천구 신월2동 446번지 ,447,484,463, 신월4동427,428번지일대",2009314011407500005,3140000,,,2005-05-04,01,영업/정상,,,,02-2606-5988
목4동시장상인회,시장,,,,2025-12-15 16:15:28,I,1,정상영업,2014-08-05 10:06:43,,2005-05-04,0,158-814,"서울특별시 양천구 목4동 727번지 ,736,726,738,725,739,724,723일대",2009314011407500004,3140000,,,2005-05-04,01,영업/정상,,,,02-2647-9191
(주)이랜드리테일 홈에버인하점,대형마트,2008-10-27,169028.062637712,438450.444079289,2026-03-26 22:48:21,I,3,폐업처리,2014-07-07 13:33:04,,2005-05-03,15197.55,,인천광역시 남구 용현동 648번지,2005351007107500001,3510500,인천광역시 남구 소성로 6 (용현동),,2007-03-09,03,폐업,대규모점포,,,032-870-3300
(주)신세계마트이마트 비산점,대형마트,,,,2026-05-06 22:35:25,I,2,휴업처리,2007-06-30 11:12:41,,2005-05-03,9375.95,,대구광역시 서구 비산동 1612번지 3호,2005343005007500003,3430000,,,2006-10-12,02,휴업,,,,053-608-9114
(주)평해종합건설,대형마트,,,,2026-02-01 10:52:12,I,2,휴업처리,2007-07-21 09:58:51,,2005-05-02,19250.39,,경기도 화성시 효행구 봉담읍 동화리 139-1호,2005553012207500002,5530000,,,,02,휴업,,,,031-421-5504
월마트슈퍼센터,그 밖의 대규모점포,,185226.158241731,458936.976683497,2025-12-15 16:15:28,I,2,휴업처리,2007-06-30 13:26:54,,2005-04-29,0,,경기도 고양시덕양구 화정동 976호,2005394011407500002,3940000,,,,02,휴업,,,,
월마트코리아,그 밖의 대규모점포,,178760.034309099,465096.559170889,2025-12-15 16:15:28,I,2,휴업처리,2007-06-30 13:26:54,,2005-04-29,0,,경기도 고양시일산서구 덕이동 203번지 1호,2005394011407500001,3940000,,,,02,휴업,,,,
(주)형지쇼핑 아트몰링 장안점,그 밖의 대규모점포,,206325.349431713,452184.2101607,2025-12-15 16:15:28,I,1,정상영업,2017-11-22 16:23:50,,2005-04-29,11167.69,130-840,서울특별시 동대문구 장안동 368번지 1호,2005305008207500002,3050000,서울특별시 동대문구 답십리로 288 (장안동),,,01,영업/정상,대규모점포,,,02-2215-1000
바우하우스,대형마트,,206325.349431713,452184.2101607,2025-12-15 16:15:28,I,4,직권취소,2014-10-29 16:24:49,,2005-04-29,1461,,서울특별시 동대문구 장안동 368번지 1호,2005305008207500001,3050000,,,,04,취소/말소/만료/정지/중지,대규모점포,,,02-2215-1000
(주)서귀포상설시장,그 밖의 대규모점포,,159345.349472114,-27404.3676122491,2026-05-02 22:48:39,I,2,휴업처리,2007-06-30 12:02:53,,2005-04-28,1880,,제주특별자치도 서귀포시 서귀동 273번지 4호,2005550001307500001,6520000,제주특별자치도 서귀포시 중앙로42번길 26 (서귀동),,,02,휴업,,,,064-762-3142
증평장뜰재래시장,그 밖의 대규모점포,,,,2026-05-06 22:48:24,I,2,휴업처리,2007-06-30 10:50:44,,2005-04-28,0,,충청북도 증평군 증평읍 신동리 호,2005557001707500001,5570000,,,,02,휴업,,,,
(주)신세계마트 이마트 송림점,대형마트,,,,2026-07-01 09:42:12,I,2,휴업처리,2007-06-23 09:54:21,,2005-04-27,0,,인천광역시 제물포구 송림동 296번지 2호,2005350000907500001,3501000,,,,02,휴업,,,,032-580-1190
트레이더스 홀세일 클럽 서면점,대형마트,,386948.954199558,186897.053699125,2025-12-15 16:15:28,I,1,정상영업,2024-04-16 10:10:43,,2005-04-27,11498.58,,부산광역시 부산진구 부암동 93호,2005329001307500002,3290000,부산광역시 부산진구 시민공원로 31 (부암동),,2006-10-13,01,영업/정상,대규모점포,,,051-718-1052
주식회사 에어포트로얄프라자,쇼핑센터,,,,2026-07-01 09:22:38,I,4,직권취소,2024-02-07 17:09:13,2021-05-04,2005-04-25,26359.24,,인천광역시 영종구 운서동 2850번지 국제업무단지 씨블럭,2005349001207500001,3491000,"인천광역시 영종구 공항로424번길 47 (운서동,국제업무단지 씨블럭)",,,04,취소/말소/만료/정지/중지,대규모점포,,,032-743-9000
월마트코리아(주)시지점,대형마트,2005-04-25,353893.90529968,261327.132869664,2026-05-03 22:40:51,I,3,폐업처리,2015-09-18 16:08:59,,2005-04-25,0,,대구광역시 수성구 신매동 566번지 3호,2005346006807500003,3460000,대구광역시 수성구 고산로 101 (신매동),,,03,폐업,대규모점포,,,053-790-1190
이천일아울렛 광명점,그 밖의 대규모점포,,189263.01222247,439900.832910796,2025-12-15 16:15:28,I,2,휴업처리,2007-06-30 13:48:41,,2005-04-20,9475.16,,경기도 광명시 하안동 38호,2005390007907500003,3900000,,,,02,휴업,,,,02-899-2001
홈플러스(주),그 밖의 대규모점포,2025-08-13,341183.300058144,263371.670936427,2026-05-06 22:35:25,I,3,폐업처리,2025-09-01 12:58:13,,2005-04-19,8916.96,,대구광역시 서구 내당동 65번지 8   호,2005343005007500002,3430000,대구광역시 서구 달구벌대로 1821 (내당동),,,03,폐업,대규모점포,,,053-567-2080
(주)신세계 이마트 충주점,대형마트,,282189.198577445,386015.218668088,2025-12-15 16:15:28,I,2,휴업처리,2007-06-30 11:35:13,,2005-04-15,0,,충청북도 충주시 문화동 1024호,2005439010307500001,4390000,,,,02,휴업,,,,043-841-1234
(주)이마트 울산점,구분없음,,412914.802999794,229015.430064688,2025-12-15 16:15:28,I,1,정상영업,2024-04-24 09:32:49,,2005-04-15,12242.17,,울산광역시 남구 삼산동 1646호,2005370000907500039,3700000,울산광역시 남구 남중로 48 (삼산동),,,01,영업/정상,대규모점포,,,052-220-1052
현대D.S.F 현대백화점 울산점,백화점,,,,2025-12-15 16:15:28,I,2,휴업처리,2009-04-02 15:43:49,,2005-04-15,26010.15,,울산광역시 남구 삼산동 1521-1호,2005370000907500001,3700000,,,,02,휴업,,,,
이마트 연수점,대형마트,,171698.988312684,433623.667155133,2026-05-11 23:16:50,I,1,정상영업,2024-04-18 10:30:43,,2005-04-15,18016,,인천광역시 연수구 동춘동 926번지 9호,2005352004707500001,3520000,인천광역시 연수구 경원대로 184 (동춘동),,,01,영업/정상,대규모점포,,,032-820-1052
(주)이마트 금정점,대형마트,,390208.09260128,196546.356333373,2025-12-15 16:15:28,I,1,정상영업,2024-05-01 15:42:30,,2005-04-15,14644.91,,부산광역시 금정구 구서동 368호,2005335001507500001,3350000,부산광역시 금정구 중앙대로1841번길 24 (구서동),,,01,영업/정상,대규모점포,,,051-606-1052
(주)이마트 부평점,대형마트,,175692.267024162,446088.959564706,2026-05-06 22:48:30,I,1,정상영업,2011-05-20 15:06:43,,2005-04-14,0,,인천광역시 부평구 갈산동 171호,2005354006107500001,3540000,,,,01,영업/정상,,,,032-500-1052
(주)금호계림주상복합상가,쇼핑센터,2025-05-01,192659.77458798,184961.882216707,2026-07-14 11:38:15,I,3,폐업처리,2025-04-29 10:44:30,,2005-04-13,4707,,전남광주통합특별시 동구 계림동 100번지 11호 (2층),2005359001107500002,5805000,"전남광주통합특별시 동구 중앙로 358 (계림동,(2층))",,,03,폐업,대규모점포,,,062-522-5522
신세계 이마트 창원점,대형마트,,352870.655048828,193192.657445858,2026-04-30 22:00:14,I,1,정상영업,2008-11-19 11:36:46,,2005-04-13,10909,,경상남도 창원시 중앙동 91호,2005527012907500001,5670000,경상남도 창원시 성산구 원이대로 608 (중앙동),,,01,영업/정상,,,,055-211-1053
(주)이마트 안동점,대형마트,,352071.498057006,341053.155066362,2026-03-11 01:24:08,I,1,정상영업,2024-04-25 13:43:42,,2005-04-12,7639.69,,경상북도 안동시 옥동 796번지 1호,2005507010207500002,5070000,경상북도 안동시 옥동1길 2 (옥동),,,01,영업/정상,대규모점포,,,054-850-1250
신세계이마트안동점,대형마트,,352071.498057006,341053.155066362,2026-03-11 01:24:08,I,2,휴업처리,2007-06-23 10:20:20,,2005-04-12,6809.93,,경상북도 안동시 옥동 796번지 1호,2005507010207500001,5070000,경상북도 안동시 옥동1길 2 (옥동),,,02,휴업,,,,054-850-1250
(주)이마트영천점,대형마트,,372336.077241114,274785.0162073,2025-12-15 16:15:28,I,1,정상영업,2024-04-16 14:38:44,,2005-04-11,4970.27,,경상북도 영천시 오수동 286호,2005510007207500001,5100000,경상북도 영천시 최무선로 83 (오수동),,,01,영업/정상,대규모점포,,,054-330-1252
(주)신세계 이마트 천안점,대형마트,,,,2025-12-15 16:15:28,I,2,휴업처리,2007-06-30 10:52:49,,2005-04-11,11786.13,,충청남도 천안시 쌍용동 191호,2005449013107500001,4490000,,,,02,휴업,,,,041-620-1234
롯데쇼핑(주) 롯데마트 수지점,대형마트,2019-11-24,208744.181347972,424312.39111545,2026-04-01 22:13:59,I,3,폐업처리,2019-12-05 09:56:23,,2005-04-11,15563,,경기도 용인시기흥구 보정동 266번지 4호,2005405008307500004,4050000,경기도 용인시 기흥구 진산로 116 (보정동),,,03,폐업,대규모점포,,,031-266-2500
롯데쇼핑(주) 롯데마트 수지점,쇼핑센터,,208744.181347972,424312.39111545,2026-04-01 22:13:58,I,2,휴업처리,2007-07-21 11:11:05,,2005-04-11,11771.78,,경기도 용인시기흥구 보정동 266번지 4호,2005405008307500003,4050000,경기도 용인시 기흥구 진산로 116 (보정동),,,02,휴업,,,,031-272-1746
(주)이마트 수지점,대형마트,,207318.572861803,424204.581779995,2026-04-01 22:13:56,I,1,정상영업,2024-04-22 17:49:50,,2005-04-11,11448.84,,경기도 용인시수지구 신봉동 909호,2005405008307500002,4050000,경기도 용인시 수지구 수지로 203 (신봉동),,,01,영업/정상,대규모점포,,,031-0270-1052
신세계이마트 수지점,대형마트,,207318.572861803,424204.581779995,2026-04-01 22:13:55,I,2,휴업처리,2007-07-21 11:11:05,,2005-04-11,11448.84,,경기도 용인시수지구 신봉동 909호,2005405008307500001,4050000,경기도 용인시 수지구 수지로 203 (신봉동),,,02,휴업,,,,
(주)신세계 이마트 신제주점,대형마트,,,,2025-12-15 16:15:28,I,4,직권취소,2010-07-28 13:46:16,,2005-04-08,0,,제주특별자치도 제주시 삼도이동 919호,2005549012307500003,6510000,,,,04,취소/말소/만료/정지/중지,,,,064-729-1053
(주)이마트 서부산점,대형마트,2019-10-29,379554.826788489,184301.128962727,2025-12-15 16:15:28,I,3,폐업처리,2020-04-22 16:11:50,,2005-04-06,8306,617-723,부산광역시 사상구 감전동 502번지 1호,2005339001507500003,3390000,부산광역시 사상구 낙동대로 910 (감전동),,,03,폐업,대규모점포,,,051-310-1051
(주)이마트 사상점,구분없음,,380225.635402132,186791.51940672,2025-12-15 16:15:28,I,1,정상영업,2024-04-18 15:57:49,,2005-04-06,17652,617-808,부산광역시 사상구 괘법동 531번지 2호,2005339001507500002,3390000,부산광역시 사상구 광장로 17 (괘법동),,,01,영업/정상,대규모점포,,,051-329-1053
(주) 이마트 문현점,대형마트,,388052.381944481,184747.385931209,2026-05-06 22:35:18,I,1,정상영업,2024-12-26 16:04:07,,2005-04-06,12661.45,,부산광역시 남구 문현동 751호,2005331001607500001,3310000,부산광역시 남구 전포대로91번길 47 (문현동),,,01,영업/정상,대규모점포,,,051-609-1052
(주)신세계 이마트,대형마트,,,,2025-12-15 16:15:28,I,2,휴업처리,2007-07-14 10:52:12,,2005-04-02,8889.61,,경기도 양주시 회정동 98번지 5호,2005559004007500001,5590000,,,,02,휴업,,,,031-860-0053
주식회사 이마트 광산점,대형마트,,182489.563842998,184569.695359578,2026-07-14 11:38:15,I,1,정상영업,2024-04-23 11:17:44,,2005-04-01,9342,506-813,전남광주통합특별시 광산구 우산동 1598번지 3호,2005363012107500001,5825000,전남광주통합특별시 광산구 사암로 172 (우산동),,,01,영업/정상,대규모점포,,,062-949-1051
신세계 이마트 광산점,대형마트,,182489.563842998,184569.695359578,2026-07-14 11:38:15,I,2,휴업처리,2007-07-14 10:49:00,,2005-04-01,9342.19,,전남광주통합특별시 광산구 우산동 1598번지 3호,2005363004107500001,5825000,,,,02,휴업,,,,062-949-1052
울산세양공구타운,그 밖의 대규모점포,2009-06-15,414549.983104301,233731.209406328,2026-05-06 22:48:26,I,3,폐업처리,2009-12-15 12:20:04,,2005-04-01,151.2,,울산광역시 북구 연암동 507번지 4호,2005372003907500001,3720000,,,,03,폐업,,,,052-289-8871
신세계이마트군산점,대형마트,,176003.990213014,275855.723670155,2026-05-06 22:48:22,I,4,직권취소,2017-06-22 09:31:51,,2005-03-31,0,,전북특별자치도 군산시 경암동 590번지 296호,2005467011207500001,4671000,전북특별자치도 군산시 구암3.1로 137 (경암동),,,04,취소/말소/만료/정지/중지,대규모점포,,,063-472-1053
신세계 이마트 파주점,대형마트,,,,2026-05-02 22:04:32,I,1,정상영업,2020-10-01 14:25:34,,2005-03-31,0,,경기도 파주시 교하읍 당하리 195번지 5호,2005406011007500001,4060000,,,,01,영업/정상,대규모점포,,,031-950-1234
롯데쇼핑(주) 롯데마트 시화점,대형마트,,176013.580530478,426137.322631345,2026-05-15 03:03:03,U,1,정상영업,2026-05-14 13:07:56,,2005-03-31,2512,,경기도 시흥시 정왕동 1366번지 4호,2005401011307500001,4010000,경기도 시흥시 마유로238번길 26 (정왕동),,,01,영업/정상,대규모점포,,,031-496-7722
신세계이마트천호점,그 밖의 대규모점포,,,,2026-05-06 22:47:32,I,2,휴업처리,2007-06-30 10:04:31,,2005-03-31,8659,,서울특별시 강동구 명일동 52번지 5호,2005324010607500003,3240000,,,,02,휴업,,,,
(주)이마트천호점,대형마트,,211025.924972294,448495.189151526,2026-05-06 22:47:31,I,1,정상영업,2024-05-10 13:13:11,,2005-03-31,9081,,서울특별시 강동구 천호동 454번지 1호,2005324010607500002,3240000,서울특별시 강동구 천호대로 1017 (천호동),,,01,영업/정상,대규모점포,,,22241053
(주)신세계이마트구로점,대형마트,,190901.977946718,442466.813410528,2026-05-01 22:42:19,I,2,휴업처리,2007-07-07 09:54:17,,2005-03-31,8555,,서울특별시 구로구 구로동 188번지 26호,2005316009307500002,3160000,서울특별시 구로구 디지털로32길 43 (구로동),,,02,휴업,,,,
(주)신세계이마트구로점,대형마트,,190901.977946718,442466.813410528,2026-05-01 22:42:19,I,2,휴업처리,2007-07-07 09:54:17,,2005-03-31,8555,,서울특별시 구로구 구로동 188번지 26호,2005316009307500001,3160000,서울특별시 구로구 디지털로32길 43 (구로동),,,02,휴업,,,,
(주)이마트 성수점,대형마트,2023-05-19,204614.272744322,448607.441251647,2026-05-07 22:31:40,I,3,폐업처리,2023-05-19 12:53:54,,2005-03-31,17318,133-120,서울특별시 성동구 성수동2가 333번지 16호,2005303007407500001,3030000,서울특별시 뚝섬로 379,,,03,폐업,대규모점포,,,02-3408-1234
(주)이마트 양재점,대형마트,,203204.755637424,440136.781183797,2025-12-15 16:15:28,I,1,정상영업,2024-04-17 14:50:48,,2005-03-30,9250,,서울특별시 서초구 양재동 215호 하이브랜드 지하1층,2005321007607500005,3210000,"서울특별시 서초구 매헌로 16 (양재동,하이브랜드 지하1층)",,,01,영업/정상,대규모점포,,,02-2155-1052
(주)신세계이마트 동광주점,대형마트,,192659.77458798,184961.882216707,2026-07-14 11:38:15,I,2,휴업처리,2007-06-23 10:57:03,,2005-03-29,11391.17,,전남광주통합특별시 동구 계림동 100번지 11호,2005359001107500001,5805000,전남광주통합특별시 동구 중앙로 358 (계림동),,,02,휴업,,,,062-519-1054
신세계 이마트 월계점,대형마트,,205391.070378059,458333.989216339,2025-12-15 16:15:28,I,2,휴업처리,2010-04-13 10:49:49,,2005-03-29,16179.91,,서울특별시 노원구 월계동 333번지 1호,2005310009607500002,3100000,,,,02,휴업,,2010-04-13,2015-04-30,02-2092-1234
신세계 이마트 월계덤,그 밖의 대규모점포,,205391.070378059,458333.989216339,2025-12-15 16:15:28,I,2,휴업처리,2010-04-12 17:17:02,,2005-03-29,16179.91,,서울특별시 노원구 월계동 333번지 1호,2005310009607500001,3100000,,,,02,휴업,,,,02-2092-1234
(주)이마트상무점,대형마트,2020-03-05,186638.794934674,184073.933211657,2026-07-14 11:38:15,I,3,폐업처리,2020-03-05 16:42:35,,2005-03-28,15306.29,,전남광주통합특별시 서구 치평동 1208번지 5호,2005360010607500001,5810000,전남광주통합특별시 서구 운천로 263-0 (치평동),,,03,폐업,대규모점포,,,062-610-1252
(주)이마트 상무점,대형마트,2020-03-05,186638.794934674,184073.933211657,2026-07-14 11:38:15,I,3,폐업처리,2020-03-05 16:26:42,,2005-03-28,15306.29,502-270,전남광주통합특별시 서구 치평동 1208번지 5호,2005360001207500001,5810000,"전남광주통합특별시 서구 운천로 263 (치평동, 이마트 상무점)",,,03,폐업,대규모점포,,,062-610-1052
(주)신세계이마트만촌점,대형마트,2007-07-14,347757.985568431,264692.744180043,2026-05-03 22:40:51,I,3,폐업처리,2015-09-18 16:06:47,,2005-03-25,0,,대구광역시 수성구 만촌동 1356번지 5호,2005346006807500002,3460000,대구광역시 수성구 동원로 136 (만촌동),,,03,폐업,대규모점포,,,053-602-1052
롯데쇼핑(주)롯데마트덕소점,대형마트,,218882.001813215,453620.325834171,2026-06-03 03:03:03,U,1,정상영업,2026-06-02 09:36:04,,2005-03-24,7642,,경기도 남양주시 와부읍 덕소리 501-3호,2005399008907500001,3990000,경기도 남양주시 와부읍 월문천로 33,,,01,영업/정상,대규모점포,,,031-579-7700
메트로센터,그 밖의 대규모점포,,343820.407679695,264018.876070282,2026-05-08 22:34:09,I,1,정상영업,2025-04-10 14:50:25,,2005-03-24,13085.83,,대구광역시 중구 덕산동 88 반월당역,2005341001307500003,3410000,"대구광역시 중구 달구벌대로 지하 2100, 반월당역 (덕산동)",41957,,01,영업/정상,대규모점포,,,053-657-2560
메트로센터,그 밖의 대규모점포,,343820.407679695,264018.876070282,2026-05-08 22:34:09,I,2,휴업처리,2007-07-14 13:31:56,,2005-03-24,13089,,대구광역시 중구 덕산동 88호 번지외,2005341001307500001,3410000,,,,02,휴업,,,,053-422-9733
온천인정시장,그 밖의 대규모점포,,389612.648895356,193489.193637487,2025-12-15 16:15:28,I,1,정상영업,2017-01-17 15:16:53,,2005-03-24,0,,부산광역시 동래구 온천동 147번지 14호,2005330007907500001,3300000,부산광역시 동래구 온천장로119번길 44-27 (온천동),,,01,영업/정상,대규모점포,,,051-517-8802
(주)신세계이마트울산점,대형마트,,412914.802999794,229015.430064688,2025-12-15 16:15:28,I,1,정상영업,2010-04-06 16:11:42,,2005-03-22,0,,울산광역시 남구 삼산동 1646호,2005370000907500038,3700000,울산광역시 남구 남중로 48 (삼산동),,,01,영업/정상,,,,052-220-1052
휴앤락몰,쇼핑센터,,370012.372982264,195252.446912028,2025-12-15 16:15:28,I,1,정상영업,2020-12-07 20:34:50,,2005-03-10,17300.07,,,2014535019607500001,5350000,경상남도 김해시 내외중앙로 137 (내동),,,01,영업/정상,대규모점포,,,
철산중앙시장,그 밖의 대규모점포,,188464.627805727,441403.83267633,2025-12-15 16:15:28,I,1,정상영업,2009-09-01 16:25:15,,2005-03-10,0,,경기도 광명시 철산동 440호,2005390007907500002,3900000,,,,01,영업/정상,,,,02-2687-8624
롯데쇼핑(주)롯데마트진해점,대형마트,,354711.697540492,185657.659582022,2026-05-07 03:03:03,U,1,정상영업,2026-05-06 18:07:03,,2005-03-04,11630.56,,경상남도 진해시 석동 543-5호,2005532006207500001,5670000,경상남도 창원시 진해구 진해대로 762 (석동),,,01,영업/정상,대규모점포,,,055-540-7050
홈플러스(주) 부천소사점,대형마트,2026-08-31,183505.044366024,442533.953044508,2026-09-02 21:18:10,U,3,폐업처리,2026-09-01 11:15:06,,2005-02-28,17585.32,,경기도 부천시 소사구 괴안동 129-1 HOME PLUS 소사점,2009386021207500001,3860000,"경기도 부천시 소사구 경인로 532, HOME PLUS 소사점 (괴안동)",14676,,03,폐업,대규모점포,,,032-650-8124
홈플러스 주식회사 부천소사점,대형마트,,183505.044366024,442533.953044508,2025-12-15 16:15:28,I,4,직권취소,2014-09-29 17:29:19,2011-09-29,2005-02-28,17585.32,,경기도 부천시 소사구괴안동 129번지 1호,2005386012607500002,3860000,경기도 부천시 소사구 경인로 532 (괴안동),,,04,취소/말소/만료/정지/중지,대규모점포,,,032-610-8000
광성상가,그 밖의 대규모점포,,180646.039198885,444837.957807423,2025-12-15 16:15:28,I,2,휴업처리,2007-07-14 11:14:27,,2005-02-28,3384,,경기도 부천시 원미구춘의동 127호,2005386012607500001,3860000,경기도 부천시 원미구 옥산로138번길 30 (춘의동),,,02,휴업,,,,032-684-5767
하이브랜드,그 밖의 대규모점포,,203204.755637424,440136.781183797,2025-12-15 16:15:28,I,1,정상영업,2013-03-16 17:17:23,,2005-02-28,34765,,,2013321012207500014,3210000,서울특별시 서초구 매헌로 16 (양재동),,,01,영업/정상,대규모점포,,,02-523-0081
아크로비스타 아케이드,그 밖의 대규모점포,,201107.634736928,443999.067092566,2025-12-15 16:15:28,I,1,정상영업,2013-03-16 17:04:36,,2005-02-25,6973,,,2013321012207500013,3210000,서울특별시 서초구 서초중앙로 188 (서초동),,,01,영업/정상,대규모점포,,,02-597-2222
갤러리아팰리스 아케이드,그 밖의 대규모점포,,208233.926974585,445435.257647797,2025-12-15 16:15:28,I,1,정상영업,2011-12-21 14:59:19,,2005-02-24,7383.45,,서울특별시 송파구 잠실동 40호,2005323007807500002,3230000,서울특별시 송파구 올림픽로 212 (잠실동),,,01,영업/정상,대규모점포,,,02-2145-4942
마포농수산물시장,그 밖의 대규모점포,,190931.000875925,451427.722144609,2025-12-15 16:15:28,I,2,휴업처리,2007-06-30 10:17:05,,2005-02-24,12337.24,,서울특별시 마포구 성산동 533번지 1호,2005313009907500001,3130000,서울특별시 마포구 월드컵로 235 (성산동),,,02,휴업,,,,02-300-5062
홈플러스 영도점,대형마트,,386335.80960303,179336.483175733,2026-05-02 22:32:47,I,2,휴업처리,2007-07-21 10:01:37,,2005-02-23,5340.15,,부산광역시 영도구 봉래동2가 151번지 1호,2005328001507500001,3280000,부산광역시 영도구 대교로14번길 57 (봉래동2가),,,02,휴업,,,,051-418-2000
코즈니,그 밖의 대규모점포,2010-04-15,,,2025-12-15 16:15:28,I,3,폐업처리,2010-06-26 16:20:18,,2005-02-21,7183,,경기도 안산시단원구 고잔동 539-10호,2005393015607500001,3930000,,,,03,폐업,,,,031-508-7597
종로세운상가,그 밖의 대규모점포,,,,2026-05-06 22:48:28,I,2,휴업처리,2007-07-21 10:27:56,,2005-02-18,6638,,서울특별시 종로구 종로3가 175번지 4호,2005300007607500002,3000000,,,,02,휴업,,,,22785356
삼성테스코(주)홈플러스서면점,대형마트,,386796.187014436,186648.134649002,2025-12-15 16:15:28,I,2,휴업처리,2007-07-14 10:43:12,,2005-02-17,0,,부산광역시 부산진구 부암동 123번지 6호,2005329001307500001,3290000,부산광역시 부산진구 신천대로 222 (부암동),,,02,휴업,,,,051-819-8383
르네상스쇼핑몰(주),쇼핑센터,,193746.833837509,442510.775085572,2025-12-15 16:15:28,I,2,휴업처리,2007-06-30 10:48:16,,2005-02-15,5697,,서울특별시 관악구 신림동 1422번지 5호,2005320008007500002,3200000,,,,02,휴업,,,,02-889-2003
르네상스쇼핑몰(주),쇼핑센터,,193746.833837509,442510.775085572,2025-12-15 16:15:28,I,2,휴업처리,2007-06-30 10:48:16,,2005-02-15,5697,,서울특별시 관악구 신림동 1422번지 5호,2005320008007500001,3200000,,,,02,휴업,,,,02-889-2003
두류1번가,대형마트,,340869.708954376,263229.33695147,2026-05-06 22:35:25,I,1,정상영업,2025-09-15 15:04:53,,2005-01-28,6395.12,,대구광역시 서구 내당동 1290번지외1번지,2005343005007500001,3430000,대구광역시 서구 달구벌대로 1760 (내당동),41855,,01,영업/정상,대규모점포,,,053-656-8232
종로세운상가,대형마트,,,,2026-05-06 22:48:28,I,1,정상영업,2007-07-21 10:27:56,,2005-01-27,,,호,2005300007607500001,3000000,,,,01,영업/정상,,,,02-2278-5356
주식회사 에이치비,그 밖의 대규모점포,,211651.11473902,436497.22522918,2025-12-15 16:15:28,I,2,휴업처리,2007-07-07 11:25:20,,2005-01-26,3519.96,,경기도 성남시중원구 성남동 4031호,2005378010607500002,3780000,경기도 성남시 중원구 성남대로1130번길 26 (성남동),,,02,휴업,,,,
(주)메가마트 양평점,시장,,244268.697648456,443204.514085558,2026-05-09 03:03:03,U,1,정상영업,2026-05-08 10:04:03,,2005-01-20,2188.06,476-801,경기도 양평군 양평읍 공흥리 441번지 1호,2012417008307500001,4170000,경기도 양평군 양평읍 남북로 79-1,,2026-10-22,01,영업/정상,준대규모점포,2022-10-26,2026-10-22,031-775-0002
서울노량진종합시장,그 밖의 대규모점포,,194807.845295028,445901.413432497,2026-05-03 22:37:50,I,2,휴업처리,2007-07-07 15:19:10,,2005-01-19,4382.15,,서울특별시 동작구 노량진동 13번지 0008호,2005319007207500001,3190000,,,,02,휴업,,,,02-548-1448
(주)남천해변시장,그 밖의 대규모점포,,,,2025-12-15 16:15:28,I,2,휴업처리,2007-07-21 10:49:51,,2005-01-18,5873.75,,부산광역시 수영구 남천동 호 556,2005338001507500001,3380000,,,,02,휴업,,,,
아산원예농협하나로클럽,대형마트,2013-08-19,198725.020879886,364775.637989325,2026-05-06 22:48:23,I,3,폐업처리,2013-08-19 09:38:11,,2005-01-13,3295,336-070,충청남도 아산시 방축동 101번지 4호,2005452018707500001,4520000,,,,03,폐업,,,,041-538-5000
골드마트,대형마트,,204558.385732362,480550.606085097,2025-12-15 16:15:28,I,1,정상영업,2024-03-07 16:06:16,,2005-01-12,8925.62,,경기도 양주시 회정동 351번지 2호 외 2필지,2005559001407500001,5590000,경기도 양주시 평화로 1547 (회정동),,,01,영업/정상,대규모점포,,,
테마폴리스,그 밖의 대규모점포,,211202.148849893,434560.911834998,2025-12-15 16:15:28,I,2,휴업처리,2007-07-07 11:25:20,,2005-01-12,7440.61,,경기도 성남시분당구 야탑동 341호,2005378010607500001,3780000,경기도 성남시 분당구 성남대로925번길 16 (야탑동),,,02,휴업,,,,031-702-5574
홈플러스(주)남대구점,대형마트,,341799.016824881,261012.250978533,2025-12-15 16:15:28,I,1,정상영업,2024-03-06 09:45:34,,2005-01-12,8262,,대구광역시 남구 대명동 959번지 1호,2005344001407500001,3440000,대구광역시 남구 대명로 116 (대명동),,,01,영업/정상,대규모점포,,,053-659-8000
천호신시장,그 밖의 대규모점포,,211252.735515916,448823.39875114,2026-05-06 22:47:31,I,2,휴업처리,2007-06-30 10:04:31,,2005-01-12,4310.62,,서울특별시 강동구 천호동 422번지 2호,2005324010607500001,3240000,,,,02,휴업,,,,02-485-0731
아산원예농협 하나로 클럽,대형마트,,198725.020879886,364775.637989325,2026-05-06 22:48:23,I,2,휴업처리,2007-06-23 10:11:01,,2005-01-11,3295,,충청남도 아산시 방축동 101번지 4호,2005452001807500001,4520000,,,,02,휴업,,,,041-538-5000
현대부평몰,백화점,2005-12-31,174296.583284585,443196.9838165,2026-05-06 22:48:30,I,3,폐업처리,2008-03-27 14:24:22,,2004-12-28,4278.46,,인천광역시 부평구 산곡동 311번지 151호,2004354006107500001,3540000,,,,03,폐업,,,,032-521-3777
(주)동보올리브백화점,백화점,,174172.521279,439905.780965785,2026-03-26 22:49:55,I,1,정상영업,2017-05-08 09:43:11,,2004-12-27,15746.86,,인천광역시 남동구 간석동 205번지 1호,2004353004907500005,3530000,인천광역시 남동구 남동대로 880 (간석동),,,01,영업/정상,대규모점포,,,032-434-1234
롯데쇼핑(주) 롯데마트 웅상점,대형마트,,396764.399355907,214721.460538956,2026-04-29 03:03:03,U,1,정상영업,2026-04-28 17:43:04,,2004-12-24,8595.08,626-270,경상남도 양산시 삼호동 7B-1L외18필지,2004538012907500001,5380000,경상남도 양산시 삼호1길 34 (삼호동),,,01,영업/정상,대규모점포,,,055-379-2500
롯데쇼핑(주)롯데마트 웅상점,대형마트,,,,2025-12-15 16:15:28,I,1,정상영업,2012-03-15 17:24:15,,2004-12-24,0,,경상남도 양산시 삼호동 7B-1L호,2004538001007500005,5380000,,,,01,영업/정상,,,,055-379-2500
원주원예농협하나로클럽,대형마트,,,,2025-12-15 16:15:28,I,2,휴업처리,2007-07-21 10:32:58,,2004-12-22,3466.43,,강원특별자치도 원주시 단계동 803-2호,2004419011507500003,4191000,,,,02,휴업,,,,033-749-8832
원주원예농협하나로클럽,대형마트,,,,2025-12-15 16:15:28,I,2,휴업처리,2007-07-21 10:32:58,,2004-12-22,3466.43,,강원특별자치도 원주시 단계동 803-2호,2004419011507500002,4191000,,,,02,휴업,,,,033-749-8832
원주원예농협하나로클럽,대형마트,,,,2025-12-15 16:15:28,I,2,휴업처리,2007-07-21 10:32:58,,2004-12-22,4627.34,,강원특별자치도 원주시 단계동 803-2호,2004419011507500001,4191000,,,,02,휴업,,,,033-749-8832
LS Avenue,그 밖의 대규모점포,,197099.381481836,447328.548832245,2026-05-06 22:48:26,I,1,정상영업,2012-10-15 09:45:52,,2004-12-22,6876.34,,서울특별시 용산구 한강로2가 191호,2004302007407500002,3020000,서울특별시 용산구 한강대로 92 (한강로2가),,,01,영업/정상,대규모점포,,,02-799-7114
서울노량진종합시장,그 밖의 대규모점포,,194571.152376388,445790.549860682,2026-05-03 22:37:50,I,2,휴업처리,2007-07-07 15:19:10,,2004-12-18,4382.15,,서울특별시 동작구 노량진동 16번지 0001호,2004319007207500001,3190000,,,,02,휴업,,,,02-548-1448
(주)이랜드리테일,쇼핑센터,,174296.583284585,443196.9838165,2026-05-06 22:48:30,I,1,정상영업,2010-09-26 15:08:25,,2004-12-16,10506.81,403-020,인천광역시 부평구 산곡동 311번지 151호,2009354006107500001,3540000,,,,01,영업/정상,,,,
제이에스인터내셔날,그 밖의 대규모점포,,355857.357218327,264781.41070211,2026-04-30 22:30:10,I,1,정상영업,2018-05-08 09:13:10,,2004-12-14,0,,대구광역시 동구 신서동 521번지 39호,2004342005807500003,3420000,대구광역시 동구 안심로 389-3 (신서동),41083,,01,영업/정상,대규모점포,,,053-213-5225
롯데마트 중계점,대형마트,,206132.432496938,460549.311157153,2026-05-19 03:03:03,U,1,정상영업,2026-05-18 13:43:16,,2004-12-13,10479,,서울특별시 노원구 중계동 517호,2004310009607500003,3100000,"서울특별시 노원구 노원로 330 (중계동, 롯데마트)",,,01,영업/정상,대규모점포,,,02-2092-2500
더블럭(The Block),그 밖의 대규모점포,,355855.955513013,264865.695919751,2026-04-30 22:30:10,I,1,정상영업,2018-05-08 09:14:19,,2004-12-10,0,,대구광역시 동구 신서동 521번지 36호 더블럭,2004342005807500002,3420000,"대구광역시 동구 안심로 389-5, 더블럭 (신서동)",41083,,01,영업/정상,대규모점포,,,053-213-5225
동대문종합시장D동상가,그 밖의 대규모점포,,200579.409754868,452035.347658612,2026-05-06 22:48:27,I,1,정상영업,2025-09-03 09:58:23,,2004-12-10,11750,,서울특별시 종로구 종로6가 270번지 3호 동대문종합시장D동상가,2004300007607500018,3000000,"서울특별시 종로구 종로 266, 동대문종합시장D동상가  동 (종로6가)",03198,,01,영업/정상,대규모점포,,,02-2279-8751
광주프리미엄아울렛,대형마트,,186350.816422951,183915.870052556,2026-07-14 11:38:15,I,2,휴업처리,2007-07-21 10:15:34,,2004-12-06,9970.99,,전남광주통합특별시 서구 치평동 1218번지 1호,2004360001207500001,5810000,전남광주통합특별시 서구 시청로 67 (치평동),,,02,휴업,,,,062-375-9339
시화유통상가사업협동조합,그 밖의 대규모점포,,,,2026-05-11 22:05:13,I,2,휴업처리,2007-07-21 10:24:51,,2004-12-03,23740.74,,경기도 시흥시 정왕동 호 시화공단 3다 3다,2004401011307500004,4010000,,,,02,휴업,,,,031-430-3636
시화유통상가사업협동조합,그 밖의 대규모점포,,,,2026-05-11 22:05:13,I,2,휴업처리,2007-07-21 10:24:51,,2004-12-03,23740.74,,경기도 시흥시 정왕동 호 시화공단 3다 3다,2004401011307500003,4010000,,,,02,휴업,,,,031-430-3636
(주)제이인터내셔날,대형마트,,,,2025-12-15 16:15:28,I,2,휴업처리,2007-06-30 13:46:00,,2004-11-22,3963,,제주특별자치도 제주시 일도일동 호,2004549012307500002,6510000,,,,02,휴업,,,,
주-이문종합상가,그 밖의 대규모점포,2005-03-02,205396.363734301,455131.683241064,2025-12-15 16:15:28,I,3,폐업처리,2007-08-13 11:31:39,,2004-11-22,0,,서울특별시 동대문구 이문동 292번지 10호,2004305008207500009,3050000,,,,03,폐업,,,,02-967-0094
주-이문종합상가,그 밖의 대규모점포,2005-03-02,205396.363734301,455131.683241064,2025-12-15 16:15:28,I,3,폐업처리,2007-08-10 17:04:10,,2004-11-22,0,,서울특별시 동대문구 이문동 292번지 10호,2004305008207500008,3050000,,,,03,폐업,,,,02-967-0094
대신시장,시장,,384068.256070915,180895.799571889,2026-05-07 22:30:25,I,1,정상영업,2012-04-27 20:24:59,,2004-11-18,5178.41,,부산광역시 서구 동대신동1가 113호,2004326004907500007,3260000,부산광역시 서구 대영로 78 (동대신동1가),,,01,영업/정상,대규모점포,,,051-242-1459
충무종합시장,시장,2014-12-01,384430.667595597,178981.33160318,2026-05-07 22:30:25,I,3,폐업처리,2025-04-30 15:12:56,,2004-11-18,2560.13,,부산광역시 서구 남부민동 643호,2004326004907500006,3260000,부산광역시 서구 충무대로255번길 9 (남부민동),,,03,폐업,대규모점포,,,051-242-2225
삼성테스코(주) 홈플러스 의정부점,대형마트,,206192.090833323,472186.18249487,2026-05-11 22:02:23,I,2,휴업처리,2007-07-07 10:35:33,,2004-11-17,25774,,경기도 의정부시 금오동 475번지 1호,2004382007907500001,3820000,경기도 의정부시 청사로 38 (금오동),,,02,휴업,,,,031-850-8000
홈플러스(주) 순천점,대형마트,,247445.068249994,162608.714838679,2026-07-14 11:38:15,I,1,정상영업,2024-03-05 11:15:01,,2004-11-16,1489,,전남광주통합특별시 순천시 조례동 975번지 1호 외 39필지,2004482011807500003,5790000,"전남광주통합특별시 순천시 신월큰길 10 (조례동,외 39필지)",,,01,영업/정상,대규모점포,,,061-729-8121
뉴코아 아울렛 창원점,그 밖의 대규모점포,,349399.970745622,194048.334675704,2026-04-30 22:00:14,I,1,정상영업,2024-12-12 13:17:24,,2004-11-08,18434,,경상남도 창원시 의창구 팔용동 30-1 뉴코아아울렛,2004567074607500001,5670000,"경상남도 창원시 의창구 창원대로397번길 6, 뉴코아아울렛 (팔용동)",51393,,01,영업/정상,대규모점포,,,055-270-7131
뉴코아아울렛 창원점,그 밖의 대규모점포,,349399.970745622,194048.334675704,2026-05-08 22:04:13,I,1,정상영업,2024-12-06 17:08:30,,2004-11-08,18434,,경상남도 창원시 의창구 팔용동 30-1 뉴코아아울렛,2004527009307500003,5670000,"경상남도 창원시 의창구 창원대로397번길 6, 뉴코아아울렛 (팔용동)",51393,2006-09-02,01,영업/정상,대규모점포,,,055-270-7000
삼성테스코(주)홈플러스 부천상동점,대형마트,,178267.428293028,444706.144749999,2025-12-15 16:15:28,I,2,휴업처리,2007-07-14 11:14:27,,2004-11-04,21418,,경기도 부천시 원미구상동 540번지 1호,2004386012607500003,3860000,경기도 부천시 원미구 길주로 118 (상동),,,02,휴업,,,,032-650-8000
신세계 이마트 안동점,대형마트,,352071.498057006,341053.155066362,2026-03-11 01:24:08,I,2,휴업처리,2007-06-23 10:20:20,,2004-11-02,6809.93,,경상북도 안동시 옥동 796번지 1호,2004507010207500001,5070000,경상북도 안동시 옥동1길 2 (옥동),,,02,휴업,,,,
부천농축수산물유통센타,그 밖의 대규모점포,,,,2025-12-15 16:15:28,I,2,휴업처리,2007-07-14 11:14:27,,2004-11-01,19840,,경기도 부천시 소사구소사본동 133번지 14호,2004386012607500002,3860000,,,,02,휴업,,,,
부천지하상가,그 밖의 대규모점포,,180538.79329014,442427.872158316,2025-12-15 16:15:28,I,2,휴업처리,2007-07-14 11:14:27,,2004-10-21,4376,,경기도 부천시 소사구심곡본동 544호,2004386012607500001,3860000,경기도 부천시 소사구 자유로 43-8 (심곡본동),,,02,휴업,,,,
동양마트,대형마트,,211994.061448131,418246.880193391,2026-04-01 22:13:54,I,2,휴업처리,2007-07-21 11:11:05,,2004-10-15,4311,,경기도 용인시기흥구 상하동 351호,2004405008307500002,4050000,경기도 용인시 기흥구 중부대로 682 (상하동),,,02,휴업,,,,031-281-1970
시티렉스,쇼핑센터,,190858.649482406,440808.541334678,2026-05-07 22:30:12,I,1,정상영업,2014-10-01 10:27:28,,2004-10-02,15648.38,,서울특별시 금천구 독산동 291번지 5호,2004317008307500001,3170000,서울특별시 금천구 시흥대로 399 (독산동),,,01,영업/정상,대규모점포,,,02-809-7530
올리브백화점,백화점,2004-10-01,174172.521279,439905.780965785,2026-03-26 22:49:55,I,3,폐업처리,2008-12-08 16:02:56,,2004-10-01,3357.68,,인천광역시 남동구 간석동 205번지 1호,2004353004907500004,3530000,인천광역시 남동구 남동대로 880 (간석동),,,03,폐업,,,,032-434-1234
뉴코아아울렛인천점,복합쇼핑몰,,173449.265308514,438055.718667539,2026-05-09 03:03:03,U,1,정상영업,2026-05-08 10:24:31,,2004-10-01,29033.02,,인천광역시 남동구 구월동 1465번지 1호,2004353004907500003,3530000,인천광역시 남동구 인하로 485 (구월동),,,01,영업/정상,대규모점포,,,032-430-5000
르네상스쇼핑몰(주),복합쇼핑몰,,193746.833837509,442510.775085572,2025-12-15 16:15:28,I,1,정상영업,2016-11-17 17:15:18,,2004-09-22,6516.61,,서울특별시 관악구 신림동 1422번지 5호,2004320008007500001,3200000,서울특별시 관악구 신림로 340 (신림동),,,01,영업/정상,대규모점포,,,02-888-0630
이마트 미아점,대형마트,,202555.30089577,456503.066230481,2025-12-15 16:15:28,I,1,정상영업,2014-02-24 13:48:56,,2004-09-22,18964,136-111,서울특별시 성북구 길음동 25번지 2호,2004307018907500001,3070000,서울특별시 성북구  도봉로  17 (길음동),,,01,영업/정상,대규모점포,,,02-944-1234
아이파크몰(I PARK MALL),복합쇼핑몰,,196762.077394917,447480.039577359,2026-05-06 22:48:25,U,1,정상영업,2026-04-15 17:56:36,,2004-09-21,106290.33,,서울특별시 용산구 한강로3가 40번지 999호,2004302007407500001,3020000,서울특별시 용산구 한강대로23길 55 (한강로3가),,,01,영업/정상,대규모점포,,,02-2012-0101
이채쇼핑몰,쇼핑센터,,172401.251761358,467977.5877297,2026-05-02 22:04:32,I,1,정상영업,2013-04-25 16:43:45,,2004-09-20,7776.31,,경기도 파주시 교하읍 문발리 502번지 1호,2004406001307500002,4060000,경기도 파주시 문발로 220 (문발동),,,01,영업/정상,대규모점포,,,031-946-3742
목포종합수산시장,그 밖의 대규모점포,2022-03-22,144096.279329049,143422.805141297,2026-07-14 11:38:15,I,3,폐업처리,2022-03-22 18:22:57,,2004-09-17,3523,,전남광주통합특별시 목포시 광동1가 4번지 12호,2004480001307500001,5780000,전남광주통합특별시 목포시 해안로 267 (광동1가),58752,,03,폐업,대규모점포,,,061-245-0467
파보레쇼핑몰,그 밖의 대규모점포,,188175.807511909,441461.454807111,2025-12-15 16:15:28,I,2,휴업처리,2007-06-30 13:48:41,,2004-09-09,8812.68,,경기도 광명시 철산동 261호,2004390007907500003,3900000,,,,02,휴업,,,,02-2067-7000
파보레쇼핑몰,그 밖의 대규모점포,,188175.807511909,441461.454807111,2025-12-15 16:15:28,I,2,휴업처리,2007-06-30 13:48:41,,2004-09-09,8812.68,,경기도 광명시 철산동 261호,2004390007907500002,3900000,,,,02,휴업,,,,02-2067-7000
한양프라자 부산점,쇼핑센터,,389432.148270227,190572.818373279,2026-05-04 22:36:26,I,1,정상영업,2017-09-05 13:44:58,,2004-09-09,6299.51,,부산광역시 연제구 거제동 129-5호,2004337001407500001,3370000,부산광역시 연제구 명륜로 3 (거제동),,,01,영업/정상,대규모점포,,,051-503-9011
삼성테스코(주)홈플러스시화점,대형마트,,,,2026-05-11 22:05:13,I,2,휴업처리,2007-07-21 10:24:51,,2004-09-08,19305,,경기도 시흥시 정왕동 2166-4호,2004401011307500002,4010000,,,,02,휴업,,,,
휘경시장,그 밖의 대규모점포,2008-01-14,204890.735006949,454315.0261032,2025-12-15 16:15:28,I,3,폐업처리,2008-01-15 18:07:33,,2004-09-08,0,,서울특별시 동대문구 회기동 346번지 17호,2004305008207500005,3050000,,,,03,폐업,,,,02-437-1608
뉴코아백화점,대형마트,,180259.17,461406.409999999,2025-12-15 16:15:28,I,2,휴업처리,2007-06-30 13:26:54,,2004-09-06,0,,경기도 고양시일산동구 마두동 797호,2004394011407500001,3940000,,,,02,휴업,,,,034-4900-5501
이마트타운 월계점,쇼핑센터,,205391.070378059,458333.989216339,2025-12-15 16:15:28,I,1,정상영업,2024-04-16 17:49:11,,2004-09-06,38200.14,,서울특별시 노원구 월계동 333번지 1호,2004310009607500002,3100000,"서울특별시 노원구 마들로3길 15 (월계동, 월계이마트)",,,01,영업/정상,대규모점포,,,02-380-9396
크로앙스,그 밖의 대규모점포,,187160.874188076,441928.353304808,2025-12-15 16:15:28,I,1,정상영업,2014-10-07 15:16:10,,2004-09-03,7765.32,,경기도 광명시 광명동 150번지 19호,2004390007907500001,3900000,경기도 광명시 오리로 970 (광명동),,,01,영업/정상,대규모점포,,,02-2067-8000
춘천철원화천양구축산농협 하나로마트 (공단점),구분없음,2024-04-05,265333.764226926,487564.100535317,2026-05-10 21:30:40,I,3,폐업처리,2024-04-05 16:09:16,,2004-08-31,429,,,2014418027707500002,4181000,강원특별자치도 춘천시 후석로 436 (후평동),,,03,폐업,준대규모점포,,,033-252-3211
춘천철원화천양구축산농협 하나로마트 (강남점),구분없음,2026-03-30,263244.686473259,484697.696269724,2026-05-10 21:30:39,U,3,폐업처리,2026-04-14 19:37:03,,2004-08-31,413.57,,,2014418027707500001,4181000,강원특별자치도 춘천시 경춘로 2342 (온의동),,,03,폐업,준대규모점포,,,033-243-8106
(주)이마트 포항이동점,복합쇼핑몰,,410758.267998621,283785.013352991,2026-05-07 22:37:42,I,1,정상영업,2024-04-19 15:36:08,,2004-08-30,13264.59,,경상북도 포항시 북구 득량동 305 이마트,2008502016507500001,5020000,"경상북도 포항시 북구 대이로 188, 이마트 (득량동)",37694,,01,영업/정상,대규모점포,,,054-721-1052
월마트슈퍼센터포항점,그 밖의 대규모점포,,410758.267998621,283785.013352991,2026-05-07 22:37:42,I,2,휴업처리,2007-06-30 12:09:18,,2004-08-30,12257.29,,경상북도 포항시북구 득량동 305호,2004502010207500001,5020000,경상북도 포항시 북구 대이로 188 (득량동),,,02,휴업,,,,054-280-9219
킴스클럽 순천점,대형마트,,,,2026-07-01 12:27:46,I,2,휴업처리,2007-07-21 11:08:49,,2004-08-26,10833.24,,전남광주통합특별시 순천시 조례동 산89-8외 10필지호,2004482011807500002,5790000,,,,02,휴업,,,,
뉴코아순천점,그 밖의 대규모점포,,247410.736823692,163957.828214531,2026-07-14 11:38:15,I,2,휴업처리,2007-07-21 11:08:49,,2004-08-26,16761.49,,전남광주통합특별시 순천시 조례동 766호,2004482011807500001,5790000,전남광주통합특별시 순천시 비봉2길 22 (조례동),,,02,휴업,,,,
서천 특화시장,그 밖의 대규모점포,,171760.994809093,286084.717439332,2025-12-15 16:15:28,I,2,휴업처리,2007-07-14 10:39:45,,2004-08-26,3383.75,,충청남도 서천군 서천읍 군사리 686번지 1호,2004458006707500001,4580000,,,,02,휴업,,,,
기장시장번영회,시장,,401565.298367879,196053.021231446,2026-05-03 22:38:28,I,1,정상영업,2024-04-08 13:37:07,,2004-08-25,6763,619-903,부산광역시 기장군 기장읍 대라리 72번지 1호,2004340002507500001,3400000,부산광역시 기장군 기장읍 읍내로104번길 16,,,01,영업/정상,대규모점포,,,051-721-3963
씨마1020분당점,쇼핑센터,,,,2025-12-15 16:15:28,I,2,휴업처리,2007-07-07 11:25:20,,2004-08-24,18588.08,,경기도 성남시분당구 서현동 호,2001378010607500001,3780000,,,,02,휴업,,,,
올리브백화점,대형마트,2004-08-24,174172.521279,439905.780965785,2026-03-26 22:49:55,I,3,폐업처리,2008-12-08 16:00:40,,2004-08-24,3357688,,인천광역시 남동구 간석동 205번지 1호,2004353004907500002,3530000,인천광역시 남동구 남동대로 880 (간석동),,,03,폐업,,,,032-434-1234
올리브백화점,대형마트,2004-08-24,174172.521279,439905.780965785,2026-03-26 22:49:55,I,3,폐업처리,2008-12-08 15:58:46,,2004-08-24,3357688,,인천광역시 남동구 간석동 205번지 1호,2004353004907500001,3530000,인천광역시 남동구 남동대로 880 (간석동),,,03,폐업,,,,032-434-1234
(주)이마트 반야월점,대형마트,,355939.362329351,264777.243597576,2026-04-30 22:30:10,I,1,정상영업,2024-05-08 16:44:30,,2004-08-21,16445.98,701-868,대구광역시 동구 신서동 520번지 1호,2004342005807500001,3420000,대구광역시 동구 안심로 389-2 (신서동),,,01,영업/정상,대규모점포,,,053-665-1052
롯데쇼핑(주) 롯데마트장유점,대형마트,,363984.907414338,189687.574572712,2026-05-07 03:03:03,U,1,정상영업,2026-05-06 18:02:20,,2004-08-12,11125.31,,경상남도 김해시 대청동 300 롯데마트,2004535010107500002,5350000,"경상남도 김해시 번화1로56번길 15, 롯데마트 (대청동)",51004,,01,영업/정상,대규모점포,,,055-311-2500
롯데쇼핑(주)VIC마켓 신영통점,대형마트,,205829.064603504,414278.001961156,2026-07-22 21:48:10,U,2,휴업처리,2026-07-21 13:25:42,,2004-08-05,10066,,경기도 화성시 병점구 반월동 123-5호,2005553012207500001,5530000,경기도 화성시 병점구 삼성1로 333 (반월동),,2027-07-17,02,휴업,대규모점포,2026-07-18,2027-07-17,031-695-2522
삼성테스코(주)홈플러스가야점,대형마트,,,,2025-12-15 16:15:28,I,2,휴업처리,2007-07-14 10:43:12,,2004-07-29,0,,부산광역시 부산진구 가야동 620번지 1호,2004329001307500001,3290000,,,,02,휴업,,,,
한솔동의보감,전문점,,203075.098504907,452918.836458244,2025-12-15 16:15:28,I,1,정상영업,2015-04-22 14:23:25,,2004-07-22,7753.13,130-864,서울특별시 동대문구 제기동 892번지 71호,2004305008207500002,3050000,서울특별시 동대문구 왕산로 109 (제기동),,,01,영업/정상,대규모점포,,,02-6370-0050
시농마트,그 밖의 대규모점포,,,,2026-05-10 22:09:12,I,2,휴업처리,2007-06-30 11:18:53,,2004-07-20,3048.06,,경기도 안성시 당왕동 475외5필지호,2004408006707500001,4080000,,,,02,휴업,,,,
하나마트,대형마트,,400927.174799362,266625.858559194,2025-12-15 16:15:28,I,2,휴업처리,2007-07-21 10:52:34,,2004-07-19,3820.8,,경상북도 경주시 용강동 1276번지 7호,2004505010007500001,5050000,,,,02,휴업,,,,054-749-0080
이천일아울렛,대형마트,,209435.930737593,427476.184354786,2025-12-15 16:15:28,I,2,휴업처리,2007-07-07 11:25:20,,2004-07-16,16792.96,,경기도 성남시분당구 구미동 11번지 1호,2004378010607500001,3780000,경기도 성남시 분당구 미금일로154번길 20 (구미동),,,02,휴업,,,,031-719-2001
패션월드,그 밖의 대규모점포,,231596.518599232,316844.754956974,2026-05-07 22:30:16,U,4,직권취소,2025-12-12 15:19:37,2025-09-22,2004-07-09,18437,,대전광역시 서구 월평동 1491번지 패션월드,2004366006807500002,3660000,"대전광역시 서구 월평새뜸로 5, 패션월드 (월평동)",35226,,04,취소/말소/만료/정지/중지,대규모점포,,,042-485-4184
선플렉스미트,대형마트,,,,2025-12-15 16:15:28,I,2,휴업처리,2009-10-22 10:29:42,,2004-07-02,3584.58,,경기도 남양주시 와부읍 덕소리 483 외1호,2004399008907500001,3990000,,,,02,휴업,,,,031-521-3003
동대문신발도매상가,그 밖의 대규모점포,,,,2026-05-06 22:48:27,I,1,정상영업,2007-07-21 10:27:56,,2004-06-30,,,서울특별시 종로구 창신동 436번지 79  호,2004300007607500017,3000000,,,,01,영업/정상,,,,02-3676-0177
둔산더리치빌,그 밖의 대규모점포,2019-09-03,234687.856992032,316678.992775162,2026-05-07 22:30:16,I,3,폐업처리,2019-09-03 11:05:33,,2004-06-24,4663,,대전광역시 서구 둔산동 1417번지 둔산더리치빌,2004366006807500001,3660000,"대전광역시 서구 둔산중로 40, 둔산더리치빌 (둔산동)",35241,,03,폐업,대규모점포,,,042-471-4952
탑마트 김해삼방점,구분없음,,373547.369632847,195538.305245632,2025-12-15 16:15:28,I,1,정상영업,2025-04-29 16:14:00,,2004-06-17,1226.19,,경상남도 김해시 삼방동 178-1,2025535037407500004,5350000,"경상남도 김해시 활천로255번길 16, 1층 (삼방동)",50818,,01,영업/정상,준대규모점포,,,
(주)이마트 양산점,대형마트,,384162.859309528,206040.977485389,2025-12-15 16:15:28,I,1,정상영업,2024-05-03 15:16:36,,2004-06-16,10936,,경상남도 양산시 중부동 705호,2004538001007500004,5380000,경상남도 양산시 양산역6길 12 (중부동),,,01,영업/정상,대규모점포,,,02-380-5678
신세계 이마트 파주점,대형마트,,,,2026-05-02 22:04:32,I,2,휴업처리,2007-06-30 11:36:41,,2004-06-16,9184.17,,경기도 파주시 교하읍 당하리 195번지 5호,2004406001307500001,4060000,,,,02,휴업,,,,
(주)이마트 양주점,대형마트,,,,2025-12-15 16:15:28,I,1,정상영업,2024-04-18 16:18:49,,2004-06-07,8889.61,,경기도 양주시 회정동 98번지 5호,2004559001407500001,5590000,경기도 양주시 평화로 1713 (회정동),,,01,영업/정상,대규모점포,,,031-860-0123
행복한백화점,백화점,,188977.171050288,447466.355031447,2025-12-15 16:15:28,I,1,정상영업,2023-05-04 10:21:49,,2004-06-04,24319,,서울특별시 양천구 목동 917번지 6호,2004314010207599100,3140000,서울특별시 양천구 목동동로 309 (목동),,,01,영업/정상,대규모점포,,,02-6678-9236
현대농수산마트,그 밖의 대규모점포,,,,2026-05-07 22:30:25,I,2,휴업처리,2007-07-07 09:49:01,,2004-06-03,,,호,2004326004907500005,3260000,,,,02,휴업,,,,
홈플러스(주)익스프레스 중계점,구분없음,,206490.247358174,460830.615360327,2026-07-04 22:18:10,U,1,정상영업,2026-07-03 10:01:54,,2004-06-01,1089.67,139-860,서울특별시 노원구 중계동 360번지 2호,2004310018407500002,3100000,서울특별시 노원구 중계로 225 (중계동),,,01,영업/정상,준대규모점포,,,
롯데쇼핑(주)롯데마트 제타플렉스 서울역점,대형마트,,197242.994816102,450658.947895548,2026-08-04 22:48:11,U,1,정상영업,2026-08-03 13:30:26,,2004-06-01,11090.62,,서울특별시 중구 봉래동2가 122호,2004301007107500001,3010000,서울특별시 중구 청파로 426 (봉래동2가),,,01,영업/정상,대규모점포,,,02-390-2521
제이갤러리,전문점,2006-03-31,155796.698946473,2121.53276606539,2025-12-15 16:15:28,I,3,폐업처리,2014-09-19 11:40:02,,2004-05-24,3963,,제주특별자치도 제주시 일도일동 1298번지 28호,2004549012307500001,6510000,제주특별자치도 제주시 관덕로11길 17 (일도일동),,,03,폐업,대규모점포,,,064-755-1400
파크프라자 상가,그 밖의 대규모점포,,211838.35431041,447195.676766748,2026-05-06 22:47:31,I,1,정상영업,2014-10-15 14:25:41,,2004-05-24,4075.83,134-890,서울특별시 강동구 성내동 428번지 2호,2004324010607500001,3240000,서울특별시 강동구 양재대로89길 16 (성내동),,,01,영업/정상,대규모점포,,,02-0478-2635
롯데쇼핑(주) 롯데백화점 전주점,백화점,,210932.176422652,259384.667767568,2026-04-10 03:03:03,U,1,정상영업,2026-04-09 13:17:27,,2004-05-21,28179,,전북특별자치도 전주시완산구 서신동 971호,2004464027907500001,4641000,전북특별자치도 전주시 완산구 온고을로 2 (서신동),,,01,영업/정상,대규모점포,,,063-289-3611
롯데백화점 전주점,백화점,,210932.176422652,259384.667767568,2025-12-15 16:15:28,I,2,휴업처리,2007-06-30 17:13:15,,2004-05-21,28179.22,,전북특별자치도 전주시완산구 서신동 971호,2004464016207500002,4641000,전북특별자치도 전주시 완산구 온고을로 2 (서신동),,,02,휴업,,,,02-771-2500
홈플러스(주)청주점,대형마트,,239497.206513638,346120.918099259,2026-05-06 22:48:30,I,1,정상영업,2024-03-06 11:33:26,,2004-05-20,22763,361-803,충청북도 청주시 흥덕구 가경동 1696번지,2004436000907500004,5710000,충청북도 청주시 흥덕구 서부로 1291  (가경동),,,01,영업/정상,대규모점포,,,043-249-8106
삼성테스코(주)홈플러스청주점,대형마트,,239497.206513638,346120.918099259,2026-05-06 22:48:30,I,4,직권취소,2014-04-10 16:51:18,,2004-05-20,0,,충청북도 청주시 흥덕구 가경동 1696번지 4지구 3블럭,2004436000907500003,5710000,"충청북도 청주시 흥덕구 서부로 1291 (가경동,4지구 3블럭)",,,04,취소/말소/만료/정지/중지,대규모점포,,,043-233-8557
패션일번가,그 밖의 대규모점포,,,,2025-12-15 16:15:28,I,1,정상영업,2018-07-10 17:36:43,,2004-05-19,5237.36,,경기도 안양시만안구 안양동 676번지 6호,2004383006207500002,3830000,경기도 안양시 만안구 안양로 309 (안양동),,,01,영업/정상,대규모점포,,,031-463-5780
(주)농협유통 하나로클럽 부산점,복합쇼핑몰,,382983.91775577,196375.470354374,2026-05-03 22:39:04,I,1,정상영업,2024-10-28 11:22:03,,2004-05-19,9790.33,,부산광역시 북구 금곡동 1874번지 3호,2004332005907500001,3320000,부산광역시 북구 금곡대로 469 (금곡동),,,01,영업/정상,대규모점포,,,051-330-9068
롯데쇼핑(주)롯데마트 서대구점,그 밖의 대규모점포,,341860.419648281,264004.459308992,2026-05-06 22:35:25,I,2,휴업처리,2007-06-30 11:12:41,,2004-05-14,6699.3,,대구광역시 서구 내당동 965호,2004343005007500003,3430000,대구광역시 서구 달서로 42 (내당동),,,02,휴업,,,,053-607-2510
(주)서원유통 탑마트대구점,그 밖의 대규모점포,,,,2026-05-06 22:35:25,I,2,휴업처리,2007-06-30 11:12:41,,2004-05-14,7675,,대구광역시 서구 내당동 65-8호,2004343005007500002,3430000,,,,02,휴업,,,,
월마트비산점,그 밖의 대규모점포,,,,2026-05-06 22:35:25,I,2,휴업처리,2007-06-30 11:12:41,,2004-05-14,9375.95,,대구광역시 서구 비산동 1612-3번지 9호,2004343005007500001,3430000,,,,02,휴업,,,,053-608-9130
신세계 이마트 광산점,대형마트,,182489.563842998,184569.695359578,2026-07-14 11:38:15,I,2,휴업처리,2007-07-14 10:49:00,,2004-05-08,9342.19,,전남광주통합특별시 광산구 우산동 1598번지 3호,2004363004107500001,5825000,,,,02,휴업,,,,02-380-5231
신세계 이마트 창원점,대형마트,,352870.655048828,193192.657445858,2026-04-30 22:00:14,I,1,정상영업,2008-11-19 14:12:45,,2004-05-06,10909,,경상남도 창원시 중앙동 91호,2004527009307500002,5670000,경상남도 창원시 성산구 원이대로 608 (중앙동),,,01,영업/정상,,,,055-211-1053
신세계 이마트 창원점,대형마트,,352870.655048828,193192.657445858,2026-04-30 22:00:14,I,1,정상영업,2008-11-19 10:50:59,,2004-05-06,0,,경상남도 창원시 중앙동 91호,2004527009307500001,5670000,경상남도 창원시 성산구 원이대로 608 (중앙동),,,01,영업/정상,,,,055-211-1053
(주)세이브존아이앤씨 부천상동점,대형마트,,,,2025-12-15 16:15:28,I,2,휴업처리,2007-07-14 11:14:27,,2004-05-06,7769,,"경기도 부천시 원미구상동 535번지호 5,6,7호",2003386010707500005,3860000,,,,02,휴업,,,,032-329-7000
스타게이트씨네몰,그 밖의 대규모점포,,233937.744100362,317963.347889291,2026-05-07 22:30:16,I,1,정상영업,2024-05-16 20:36:36,,2004-05-06,26971.55,,대전광역시 서구 월평동 243,2004366001507500001,3660000,대전광역시 서구 대덕대로 325 (월평동),35214,,01,영업/정상,대규모점포,,,042-488-2062
롯데슈퍼연수점,구분없음,,170938.652786429,433755.427480694,2026-05-11 23:16:50,I,1,정상영업,2017-04-19 11:20:08,,2004-05-06,634,,인천광역시 연수구 동춘동 932호,2004352004707500001,3520000,,,,01,영업/정상,준대규모점포,,,032-815-6114
그랜드백화점(주)마트화곡점,대형마트,,186786.622461585,450297.70265223,2025-12-15 16:15:28,I,2,휴업처리,2007-07-14 13:55:24,,2004-05-03,,,서울특별시 강서구 화곡동 1095호,2004315010007500034,3150000,,,,02,휴업,,,,02-2606-0101
삼영맘모스가구프라자,전문점,2011-06-29,359917.588125961,198501.857336482,2025-12-15 16:15:28,I,3,폐업처리,2011-07-04 16:56:04,,2004-05-01,7058,621-801,경상남도 김해시 진영읍 의전리 23번지 1호,2004535010107500001,5350000,경상남도 김해시 진영읍 서부로298번길 22,,,03,폐업,,2011-05-13,2012-05-12,055-342-3030
롯데쇼핑(주)롯데마트성정점,복합쇼핑몰,,212419.103451336,369433.656719309,2026-05-08 03:03:03,U,1,정상영업,2026-05-07 16:41:43,,2004-04-30,12126.78,331-170,충청남도 천안시 서북구 성정동 1486번지,2004449023407500001,4490000,충청남도 천안시 서북구 성정두정로 1 (성정동),,,01,영업/정상,대규모점포,,,041-629-8511
(주)메가마트 언양점,복합쇼핑몰,,,,2026-05-09 03:03:03,U,1,정상영업,2026-05-08 08:59:26,,2004-04-30,7632.96,,울산광역시 울주군 삼남읍 교동리 619-61,2009373008807500001,3730000,울산광역시 울주군 삼남읍 반구대로 612,44954,,01,영업/정상,대규모점포,,,
메가마트 남천점,대형마트,,,,2025-12-15 16:15:28,I,2,휴업처리,2007-07-21 10:49:51,,2004-04-30,13931,,부산광역시 수영구 남천동 545-2호,2004338001507500002,3380000,,,,02,휴업,,,,051-608-6022
메가마트 남천점,복합쇼핑몰,2024-06-04,392321.102334852,184041.758684038,2025-12-15 16:15:28,I,3,폐업처리,2024-06-07 09:36:52,,2004-04-30,19000.58,,부산광역시 수영구 남천동 545번지 2호 메가마트 남천점,2004338001507500001,3380000,부산광역시 수영구 황령대로 521 (남천동),48313,,03,폐업,대규모점포,,,051-608-6022
LG마트 반여점,대형마트,,393256.458499247,191693.260473461,2026-05-10 22:54:10,I,2,휴업처리,2007-07-07 10:11:47,,2004-04-30,0,,부산광역시 해운대구 반여동 1020호,2005333001507500001,3330000,부산광역시 해운대구 선수촌로 146-4 (반여동),,,02,휴업,,,,
이마트해운대점,대형마트,,397397.832766508,187354.835259297,2026-05-10 22:54:10,I,2,휴업처리,2007-07-07 10:11:47,,2004-04-30,,,부산광역시 해운대구 중동 1767호,2004333001507500020,3330000,부산광역시 해운대구 좌동순환로 511 (중동),,,02,휴업,,,,051-608-1234
(주)세이브존리베라,쇼핑센터,,396855.45107649,186957.424724515,2026-05-10 22:54:10,I,1,정상영업,2014-09-18 16:41:11,,2004-04-30,16645.51,612-721,부산광역시 해운대구 중1동 1380번지 14호,2004333001507500019,3330000,부산광역시 해운대구 구남로29번길 21 (중동),,,01,영업/정상,대규모점포,,,051-740-9710
롯데마트 반여점,대형마트,2016-11-30,393256.458499247,191693.260473461,2026-05-10 22:54:10,I,3,폐업처리,2016-12-16 17:31:03,,2004-04-30,3937.96,612-811,부산광역시 해운대구 반여1동 1020번지,2004333001507500004,3330000,부산광역시 해운대구 선수촌로 146-4 (반여동),,,03,폐업,대규모점포,,,051-520-7019
홈플러스센텀시티점,그 밖의 대규모점포,,,,2026-05-10 22:54:09,I,2,휴업처리,2007-07-07 10:11:47,,2004-04-30,11256,,호,2004333001507500003,3330000,,,,02,휴업,,,,051-709-8000
영풍문고,대형마트,,198351.818737482,451921.60302604,2026-05-06 22:48:27,I,1,정상영업,2007-07-21 10:27:56,,2004-04-30,,,서울특별시 종로구 서린동 33호,2004300007607500003,3000000,,,,01,영업/정상,,,,02-399-5591
종로1번지아케이트,전문점,,197993.904628438,452032.958591394,2026-05-06 22:48:26,I,1,정상영업,2025-04-21 17:34:19,,2004-04-30,4674.66,110-714,서울특별시 종로구 종로1가 1번지,2004300007607500002,3000000,서울특별시 종로구 종로 1 (종로1가),,,01,영업/정상,대규모점포,,,02-397-3445
속초종합중앙시장상인회,그 밖의 대규모점포,,339217.40641696,523592.327071737,2025-12-15 16:15:28,I,1,정상영업,2011-10-30 13:35:32,,2004-04-29,0,,강원특별자치도 속초시 중앙동 471번지 4호,2004423005107500002,4231000,강원특별자치도 속초시 중앙로147번길 12 (중앙동),,,01,영업/정상,대규모점포,,,033-635-3501
(주)아람마트 수퍼센터영도점,대형마트,,386335.80960303,179336.483175733,2026-05-02 22:32:47,I,2,휴업처리,2007-07-21 10:01:37,,2004-04-28,5340.15,,부산광역시 영도구 봉래동2가 151번지 1호,2004328001507500001,3280000,부산광역시 영도구 대교로14번길 57 (봉래동2가),,,02,휴업,,,,051-418-2000
(주)신세계이마트문현점,그 밖의 대규모점포,,388052.381944481,184747.385931209,2026-05-06 22:35:18,I,2,휴업처리,2011-05-16 10:54:08,,2004-04-26,11824.84,,부산광역시 남구 문현동 751호,2004331001607500001,3310000,부산광역시 남구 전포대로91번길 47 (문현동),,,02,휴업,,,,051-609-1234
청정보령 지역특산수산물풍물시장,그 밖의 대규모점포,,155664.029855507,314155.428628585,2026-05-06 22:48:23,I,2,휴업처리,2007-06-23 09:41:03,,2004-04-12,1150,,충청남도 보령시 신흑동 2240호,2004451007907500001,4510000,충청남도 보령시 대천항중앙길 66 (신흑동),,,02,휴업,,,,041-933-6535
광명한진타운시장,그 밖의 대규모점포,,186852.33556751,441740.293414032,2025-12-15 16:15:28,I,1,정상영업,2017-05-24 10:17:36,,2004-04-12,6014.2,423-704,경기도 광명시 광명4동 200번지 6호,2009390012307500001,3900000,경기도 광명시 광명로 877 (광명동),,2004-04-12,01,영업/정상,대규모점포,,,26899232
(주)신세계 이마트 신제주점,대형마트,,151626.960526165,-1123.90701929614,2025-12-15 16:15:28,I,1,정상영업,2014-09-19 11:21:36,,2004-04-09,8014,690-802,제주특별자치도 제주시 노형동 919번지,2005549012307500002,6510000,제주특별자치도 제주시 1100로 3348 (노형동),,,01,영업/정상,대규모점포,,,064-729-1053
전주코아아울렛,그 밖의 대규모점포,,,,2025-12-15 16:15:28,I,2,휴업처리,2007-06-30 17:13:15,,2004-03-30,4802.93,,전북특별자치도 전주시완산구 남노송동 100번지 6호,2004464016207500001,4641000,,,,02,휴업,,,,063-284-1700
롯데슈퍼센터,대형마트,2006-01-06,173767.426219215,444794.439991356,2026-05-06 22:48:29,I,3,폐업처리,2008-03-27 15:21:36,,2004-03-22,1938.78,403-022,인천광역시 부평구 산곡동 159번지 52호,1997354004707500001,3540000,,,,03,폐업,,,,032-509-5102
홈플러스(주)시화점,대형마트,,175571.408649221,427063.061719326,2026-05-11 22:05:13,I,1,정상영업,2024-02-29 18:02:32,,2004-03-17,19305,,경기도 시흥시 정왕동 2166번지 4호,2004401011307500001,4010000,경기도 시흥시 희망공원로 269 (정왕동),,,01,영업/정상,대규모점포,,,031-434-7684
롯데쇼핑(주)롯데슈퍼원주점,복합쇼핑몰,,284548.772950682,427027.162385187,2026-05-30 03:03:03,U,1,정상영업,2026-05-29 11:00:28,,2004-03-16,1877.2,220-930,강원특별자치도 원주시 개운동 118번지 2호 외1,2004419020307500001,4191000,"강원특별자치도 원주시 치악로 1781 (개운동,외1)",,,01,영업/정상,준대규모점포,,,033-764-1262
오피앙,그 밖의 대규모점포,,204772.500639238,464208.305428933,2025-12-15 16:15:28,I,1,정상영업,2024-06-19 14:03:15,,2004-02-26,1615.8,,서울특별시 노원구 상계동 1258 희성오피앙,2004310009607500001,3100000,"서울특별시 노원구 동일로 1701 (상계동, 희성오피앙)",01604,,01,영업/정상,대규모점포,,,02-933-8517
(주)동부시장,그 밖의 대규모점포,,,,2026-05-08 22:34:09,I,2,휴업처리,2007-07-14 13:31:56,,2004-02-24,,,대구광역시 중구 동인동2가 470-2호,2004341001307500001,3410000,,,,02,휴업,,,,
(주)공항시장,그 밖의 대규모점포,,,,2025-12-15 16:15:28,I,2,휴업처리,2007-07-14 13:55:24,,2004-02-19,,,서울특별시 강서구 방화동 620호,2004315010007500001,3150000,,,,02,휴업,,,,02-2662-2751
청안백화점,백화점,,207616.421564919,300437.62989623,2025-12-15 16:15:28,I,1,정상영업,2014-02-26 14:24:21,,2004-02-10,3168.05,320-070,충청남도 논산시 반월동 66번지 1호,2004454007807500001,4540000,충청남도 논산시 중앙로 464 (반월동),,,01,영업/정상,대규모점포,,,041-735-6891
드림플러스,백화점,,238501.339424579,347307.952095035,2026-05-06 22:48:30,I,4,직권취소,2014-04-09 15:23:08,,2004-02-09,11690.18,,충청북도 청주시 흥덕구 가경동 1416-3번지,2004436000907500002,5710000,충청북도 청주시 흥덕구 2순환로 1233 (가경동),,,04,취소/말소/만료/정지/중지,준대규모점포,,,043-236-9933
드림플러스,복합쇼핑몰,,238501.339424579,347307.952095035,2026-05-06 22:48:30,I,1,정상영업,2022-01-12 11:31:25,,2004-02-09,25130.88,,충청북도 청주시 흥덕구 가경동 1416-3번지,2004436000907500001,5710000,충청북도 청주시 흥덕구 2순환로 1233 (가경동),,,01,영업/정상,대규모점포,,,043-236-9933
기타대규모점포,그 밖의 대규모점포,,,,2025-12-15 16:15:28,I,2,휴업처리,2007-07-21 10:33:30,,2004-02-09,,,호,2004305008207500001,3050000,,,,02,휴업,,,,
롯데백화점 상인점,백화점,,339047.793378934,258741.902180368,2026-04-18 03:03:03,U,1,정상영업,2026-04-17 15:42:02,,2004-02-02,21194.09,,,2017347011707500001,3470000,"대구광역시 달서구 월배로 232 (상인동, 롯데백화점상인점)",42809,,01,영업/정상,대규모점포,,,053-258-1606
석바위역지하도상가(주),그 밖의 대규모점포,,172484.939980327,439167.452346601,2026-03-26 22:48:21,I,1,정상영업,2015-02-04 14:46:38,,2004-01-27,3513.73,402-206,인천광역시 남구 주안6동 1541번지,2004351006107500001,3510500,인천광역시 남구 경원대로 지하 848 (주안동),,,01,영업/정상,대규모점포,,,032-422-4976
뉴코아아울렛안산점,쇼핑센터,2020-12-31,185196.01753702,424100.3316153,2025-12-15 16:15:28,I,3,폐업처리,2021-02-03 10:50:01,,2004-01-13,10716,425-020,경기도 안산시단원구 고잔동 533번지,2004393017607500001,3930000,"경기도 안산시 단원구 당곡로 20 (고잔동, 2001아울렛)",,,03,폐업,대규모점포,2008-03-31,2008-06-30,031-8040-8500
(주)지에스리테일  공릉점,구분없음,2016-03-31,207577.515810212,457741.465197875,2025-12-15 16:15:28,I,3,폐업처리,2016-04-12 13:43:36,,2004-01-02,1046.96,139-800,서울특별시 노원구 공릉동 90번지 4호,2004310018407500001,3100000,서울특별시 노원구 노원로 3 (공릉동),,,03,폐업,준대규모점포,,,
(주)에프앤에프용인,전문점,,209558.52502256,425199.371817884,2026-04-01 22:13:54,I,1,정상영업,2017-03-08 15:30:39,,2003-12-31,3006.71,,경기도 용인시수지구 죽전동 1003-175호,2004405008307500001,4050000,경기도 용인시 수지구 용구대로 2725 (죽전동),,,01,영업/정상,대규모점포,,,031-266-6071
(주)이마트 동해점,대형마트,,387085.790410418,448958.829445114,2025-12-15 16:15:28,I,1,정상영업,2024-04-22 14:31:35,,2003-12-24,6585.16,,강원특별자치도 동해시 천곡동 831호,2003421009307500001,4211000,강원특별자치도 동해시 천곡로 100 (천곡동),,,01,영업/정상,대규모점포,,,033-539-7051
코코마트,시장,2008-07-29,204367.347787613,456732.945005445,2025-12-15 16:15:28,I,3,폐업처리,2008-10-07 10:26:51,,2003-12-24,2986,,서울특별시 성북구 장위동 68번지 1014호,2003307009907532101,3070000,,,,03,폐업,,,,02-943-4044
파주 농수산물 물류센타,그 밖의 대규모점포,,176884.275578943,477393.927508944,2026-05-02 22:04:32,I,4,직권취소,2012-08-20 14:47:03,2006-06-21,2003-12-16,0,,경기도 파주시 검산동 448번지 2호,2003406001307500001,4060000,경기도 파주시 검산로 301-22 (검산동),,,04,취소/말소/만료/정지/중지,대규모점포,,,031-949-8000
대구종합유통단지 전기조명관사업협동조합,복합쇼핑몰,,345130.313235816,268448.723535185,2026-05-03 22:36:11,I,1,정상영업,2018-07-10 18:09:46,,2003-12-16,6393.6,,대구광역시 북구 산격동 1666호,2003345007307500001,3450000,대구광역시 북구 유통단지로 50 (산격동),,,01,영업/정상,대규모점포,,,053-604-6114
안양롯데프라자,그 밖의 대규모점포,,,,2025-12-15 16:15:28,I,2,휴업처리,2007-06-23 14:33:26,,2003-12-12,,,호,2003383006207500001,3830000,,,,02,휴업,,,,031-464-0282
롯데쇼핑(주)롯데슈퍼 영화점,구분없음,2025-02-14,200709.103362888,421202.490296752,2026-03-11 01:45:41,I,3,폐업처리,2025-02-17 15:30:30,,2003-12-11,1255.7,,,2011374017307500006,3740000,경기도 수원시 장안구 수성로 337 (정자동),,,03,폐업,준대규모점포,,,031-241-5000
수유프라자,그 밖의 대규모점포,,202000.513660624,458815.97773382,2026-04-30 22:35:16,I,1,정상영업,2015-05-19 11:00:37,,2003-12-09,0,142-874,서울특별시 강북구 수유동 63번지,2003000000007500013,3080000,서울특별시 강북구 도봉로 261 (수유동),,,01,영업/정상,대규모점포,,,
롯데쇼핑(주) 롯데마트 천천점,대형마트,,198351.916669296,421604.975940414,2026-05-12 21:48:10,U,1,정상영업,2026-05-11 17:26:54,,2003-11-20,6535.57,,경기도 수원시장안구 천천동 525호,2003374001107500007,3740000,경기도 수원시 장안구 만석로19번길 25-10 (천천동),,,01,영업/정상,대규모점포,,,
로데오타운,그 밖의 대규모점포,,,,2026-05-07 22:30:16,I,2,휴업처리,2007-06-23 10:15:16,,2003-11-14,0,,대전광역시 서구 가수원동 746호,2003366001507500003,3660000,,,,02,휴업,,,,042-477-3207
로데오타운,그 밖의 대규모점포,,234758.600352414,316344.902398047,2026-05-07 22:30:16,I,1,정상영업,2024-05-16 20:34:56,,2003-11-14,15208,302-857,대전광역시 서구 탄방동 746번지,2003366001507500002,3660000,대전광역시 서구 문정로 77 (탄방동),,,01,영업/정상,대규모점포,,,042-477-3207
신세계E마트속초점,대형마트,,339761.153723826,522089.806016399,2025-12-15 16:15:28,I,2,휴업처리,2007-07-14 10:50:08,,2003-11-06,0,,강원특별자치도 속초시 청호동 459번지 134호,2004423005107500001,4231000,강원특별자치도 속초시 설악금강대교로 12 (청호동),,,02,휴업,,,,02-380-5231
(주)이마트 속초점,대형마트,,339761.153723826,522089.806016399,2025-12-15 16:15:28,I,1,정상영업,2024-04-17 13:22:16,,2003-10-30,9448,,강원특별자치도 속초시 청호동 459-134 E마트,2003423005107500001,4231000,"강원특별자치도 속초시 설악금강대교로 12, E마트 (청호동)",24885,,01,영업/정상,대규모점포,,,033-630-1054
홈플러스(주) 동대문점,대형마트,2025-12-29,203356.957362754,452469.300221465,2025-12-31 02:40:00,U,3,폐업처리,2025-12-29 14:32:06,,2003-10-23,12010,130-817,서울특별시 동대문구 용두동 33번지 1호,2003305008207500001,3050000,서울특별시 동대문구 천호대로 133 (용두동),,,03,폐업,대규모점포,,,02-2173-8121
동대문종합시장 신관,복합쇼핑몰,,200647.01325068,452054.764927519,2026-05-06 22:48:25,U,1,정상영업,2026-01-05 13:50:49,,2003-10-20,4612.66,110-126,서울특별시 종로구 종로6가 289번지 57호,2003300007607500003,3000000,서울특별시 종로구 종로 272 (종로6가),,,01,영업/정상,대규모점포,,,02-2277-0114
삼성테스코(주)홈플러스 금천점,대형마트,,190809.507840375,440728.382273075,2026-05-07 22:30:11,I,BBBB,,2007-07-07 11:59:15,,2003-10-17,26776.55,,서울특별시 금천구 독산동 291번지 7호,2003317008307500003,3170000,서울특별시 금천구 시흥대로 391 (독산동),,,01,영업/정상,,,,02-3459-8000
(주)E-가구랜드,대형마트,,,,2026-05-10 22:09:12,I,2,휴업처리,2007-06-30 11:18:53,,2003-10-14,3078.75,,경기도 안성시 원곡면 외가천리 228번지 12호,2003408006707500001,4080000,경기도 안성시 원곡면 만세로 1413-3,,,02,휴업,,,,031-655-6441
삼성테스코(주)홈플러스 금천점,대형마트,,190809.507840375,440728.382273075,2026-05-07 22:30:11,I,BBBB,,2007-07-07 11:59:15,,2003-10-02,26776,,서울특별시 금천구 독산동 291번지 7호,2003317008307500002,3170000,서울특별시 금천구 시흥대로 391 (독산동),,,01,영업/정상,,,,02-3459-8000
홈플러스(주) 금천점,대형마트,,190809.507840375,440728.382273075,2026-05-07 22:30:11,I,1,정상영업,2024-03-04 13:53:48,,2003-10-02,29885.04,,서울특별시 금천구 독산동 291-7 홈플러스 금천점,2003317008307500001,3170000,"서울특별시 금천구 시흥대로 391, 홈플러스 금천점 (독산동)",08584,,01,영업/정상,대규모점포,,,02-890-8125
광주갤러리존,쇼핑센터,2020-09-23,192326.527727459,183184.269414163,2026-07-14 11:38:15,I,3,폐업처리,2020-09-24 09:18:22,,2003-09-29,7682.3,,전남광주통합특별시 동구 충장로2가 18호,2003359001107500001,5805000,전남광주통합특별시 동구 충장로 90 (충장로2가),,,03,폐업,대규모점포,,,062-236-3311
The SAY,쇼핑센터,2010-09-28,201564.064855874,419154.997264151,2026-03-11 01:45:41,I,3,폐업처리,2010-10-01 15:09:11,,2003-09-18,7107.65,,경기도 수원시팔달구 구천동 10번지 24호,2003374001107500006,3740000,경기도 수원시 팔달구 수원천로231번길 3 (구천동),,,03,폐업,,,,031-229-3000
The SAY,쇼핑센터,,201564.064855874,419154.997264151,2026-03-11 01:45:41,I,4,직권취소,2008-04-04 11:55:22,,2003-09-15,7107.75,442-140,경기도 수원시팔달구 구천동 10번지 24호 외 3필지,2003374011007500001,3740000,"경기도 수원시 팔달구 수원천로231번길 3 (구천동,외 3필지)",,,04,취소/말소/만료/정지/중지,,,,031-229-3000
풍기인삼시장,그 밖의 대규모점포,,335778.940713231,375697.075772226,2025-12-15 16:15:28,I,1,정상영업,2013-12-25 15:44:45,,2003-09-08,0,,경상북도 영주시 풍기읍 서부리 145번지 3호,2003509001407500004,5090000,경상북도 영주시 풍기읍 인삼로 8,,,01,영업/정상,대규모점포,,,054-636-7948
원주 프리미엄 아울렛,전문점,,284818.874360771,425225.032426821,2025-12-15 16:15:28,I,1,정상영업,2011-12-22 14:50:13,,2003-09-05,5669,,강원특별자치도 원주시 단구동 1599-1호,2003419011507500001,4191000,강원특별자치도 원주시 서원대로 500 (단구동),,,01,영업/정상,대규모점포,,,033-761-7902
(주)현대백화점 중동점,백화점,,178901.991280584,444701.557193,2025-12-15 16:15:28,I,1,정상영업,2024-04-05 18:15:23,,2003-09-02,28884.18,,경기도 부천시 원미구중동 1164번지,2003386010707500006,3860000,경기도 부천시 원미구 길주로 180 (중동),,,01,영업/정상,대규모점포,,,032-623-3013
해피니스,쇼핑센터,2018-10-31,201369.907707046,419065.384886772,2026-03-11 01:45:41,I,3,폐업처리,2018-10-31 15:28:14,,2003-08-28,11974.95,,경기도 수원시팔달구 중동 94번지 외 19필지,2003374001107500005,3740000,"경기도 수원시 팔달구 정조로 735 (중동,외 19필지)",,,03,폐업,대규모점포,,,031-267-0913
오이도종합어시장,그 밖의 대규모점포,2024-07-11,172364.612934904,427003.027263832,2026-05-11 22:05:13,I,3,폐업처리,2024-07-12 16:21:19,,2003-08-20,4762,429-867,경기도 시흥시 정왕동 2005번지 3호,2003401011307500002,4010000,경기도 시흥시 오이도어시장로 8 (정왕동),,,03,폐업,대규모점포,,,031-499-3770
센터블SPA,쇼핑센터,,203008.631510845,416482.021790235,2026-03-11 01:45:41,I,1,정상영업,2015-01-19 14:31:57,,2003-08-18,14450,,경기도 수원시권선구 권선동 1296번지 5호,2003374001107500004,3740000,경기도 수원시 권선구 동수원로 232 (권선동),,,01,영업/정상,대규모점포,,,031-229-7700
(주)현대DSF아울렛메이성남점,대형마트,,,,2026-05-06 22:48:23,I,2,휴업처리,2007-06-23 10:12:32,,2003-08-12,,,울산광역시 중구 성남동 249번지 1   호,2003369006007500001,3690000,,,,02,휴업,,,,052-241-2328
주식회사 광주 세정아울렛,쇼핑센터,,186012.472117748,183075.354820897,2026-07-14 11:38:15,I,1,정상영업,2016-06-25 16:34:52,,2003-08-11,20461.51,502-270,전남광주통합특별시 서구 치평동 1326번지,2003360008407500001,5810000,"전남광주통합특별시 서구 상무대로 773 (치평동, 지하관리사무소)",,,01,영업/정상,대규모점포,,,062-370-9000
주식회사 광주세정아울렛,쇼핑센터,,186012.472117748,183075.354820897,2026-07-14 11:38:15,I,1,정상영업,2016-06-27 08:31:14,,2003-08-11,20462,502-270,전남광주통합특별시 서구 치평동 1326번지,2003360001207500002,5810000,전남광주통합특별시 서구 상무대로 773 (치평동),,,01,영업/정상,대규모점포,,,062-370-9000
신세계 이마트 수지점,대형마트,,,,2026-04-01 22:13:53,I,BBBB,,2007-07-21 11:11:05,,2003-08-09,11448,,경기도 용인시수지구 고기동 호 17블럭,2003405008307500002,4050000,,,,01,영업/정상,,,,02-380-5231
신세계이마트수지점,대형마트,,206997.559666667,424474.107666667,2026-04-01 22:13:52,I,2,휴업처리,2007-07-21 11:11:05,,2003-08-09,,,경기도 용인시수지구 신봉동 17호,2003220030807500000,4050000,,,,02,휴업,,,,031-270-1052
드림모아,대형마트,,178165.41102725,444979.593602927,2025-12-15 16:15:28,I,2,휴업처리,2007-07-14 11:14:27,,2003-08-07,7769,,경기도 부천시 원미구상동 535번지 4호,2003386010707500004,3860000,경기도 부천시 원미구 상동로 108 (상동),,,02,휴업,,,,032-329-7000
(주)현대백화점 중동점,백화점,,178901.991280584,444701.557193,2025-12-15 16:15:28,I,1,정상영업,2024-04-05 18:08:59,,2003-08-07,51416.9,,경기도 부천시 원미구중동 1164호,2003386010707500003,3860000,경기도 부천시 원미구 길주로 180 (중동),,,01,영업/정상,대규모점포,,,032-623-3013
강북종합시장,그 밖의 대규모점포,,,,2026-04-30 22:35:16,I,2,휴업처리,2007-06-30 10:46:45,,2003-08-05,,,호,2003308007507500012,3080000,,,,02,휴업,,,,02-994-3989
정왕시장조합,그 밖의 대규모점포,,178415.477913612,429982.431301423,2026-05-11 22:05:13,I,2,휴업처리,2007-07-21 10:24:51,,2003-07-29,3019.99,,경기도 시흥시 정왕동 1호,2003401011307500001,4010000,,,,02,휴업,,,,031-433-5177
증산시장,그 밖의 대규모점포,,191545.050373675,453244.229758597,2026-05-06 22:48:29,I,2,휴업처리,2007-07-14 10:16:27,,2003-07-22,0,,서울특별시 은평구 증산동 184번지 9호,2001311008807500013,3110000,서울특별시 은평구 증산로3길 12 (증산동),,,02,휴업,,,,02-373-5990
라페스타,그 밖의 대규모점포,,,,2025-12-15 16:15:28,I,2,휴업처리,2007-06-30 13:26:54,,2003-07-21,28608.65,,경기도 고양시일산동구 장항동 766외 23필지호,2003394011407500001,3940000,,,,02,휴업,,,,
라페스타,그 밖의 대규모점포,,179468.243313613,462123.032607408,2025-12-15 16:15:28,I,1,정상영업,2018-07-18 14:19:55,,2003-07-01,28608,410-380,경기도 고양시 일산동구 장항동 765번지 라페스타 쇼핑몰  D동 301-1호,200300000000000001,3940000,"경기도 고양시 일산동구 중앙로 1305-56, D동 3층 1호 (장항동)",,,01,영업/정상,대규모점포,,,031-920-9600
홈플러스(주)방학점,대형마트,,203790.013568785,462495.417040876,2025-12-15 16:15:28,I,1,정상영업,2024-02-23 17:58:32,,2003-06-25,15851.56,132-854,서울특별시 도봉구 방학동 707번지 7호,2003309008707500846,3090000,서울특별시 도봉구 도봉로 678 (방학동),,,01,영업/정상,대규모점포,,,02-0912-2080
대동백화점,백화점,,353660.889782198,192440.577505521,2026-04-30 22:00:14,I,1,정상영업,2018-09-20 20:31:26,,2003-06-23,8123,,경상남도 창원시 성산구 상남동 44번지 1호 대동백화점,2003527018207500001,5670000,"경상남도 창원시 성산구 원이대로 730, 대동백화점 1층 (상남동)",51498,,01,영업/정상,대규모점포,,,055-212-8063
국동항 유통타운,그 밖의 대규모점포,,,,2026-07-01 12:22:56,I,BBBB,,2007-07-21 13:39:11,,2003-06-18,4677.01,,"전남광주통합특별시 여수시 봉산동 100-3, 100-15호",2003481001907500001,5785000,,,,01,영업/정상,,,,061-744-3040
홈플러스(주)유성점,대형마트,,231731.951925609,317572.617410814,2025-12-15 16:15:28,I,1,정상영업,2024-03-14 16:35:46,,2003-06-18,21569.82,,대전광역시 유성구 봉명동 669호,2003367001407500002,3670000,대전광역시 유성구 한밭대로 502 (봉명동),,,01,영업/정상,대규모점포,,,042-841-2080
(주)이마트 안산고잔점,대형마트,,183256.582373298,422372.55371816,2025-12-15 16:15:28,I,1,정상영업,2024-05-02 17:29:21,,2003-06-13,13872,425-080,경기도 안산시 단원구 초지동 742번지 4호,2003393014107500001,3930000,경기도 안산시 단원구 원포공원1로 46-0 (초지동),,,01,영업/정상,대규모점포,,,031-599-1051
LG마트 덕소점,대형마트,2005-03-24,,,2025-12-15 16:15:28,I,3,폐업처리,2010-05-24 16:42:49,,2003-06-11,750,,경기도 남양주시 와부읍 덕소리 501-3호,2003399008907526651,3990000,,,,03,폐업,,,,
쥬디스태화,시장,,387614.533809734,185917.833557478,2025-12-15 16:15:28,I,1,정상영업,2023-09-27 10:59:05,,2003-06-07,22042,,부산광역시 부산진구 부전동 192번지 2호,2003329001307500001,3290000,부산광역시 부산진구 중앙대로 694 (부전동),,,01,영업/정상,대규모점포,,,051-667-7000
홈플러스 주식회사 대전둔산점,대형마트,2022-01-12,234850.944872391,317347.417971154,2026-05-07 22:30:16,I,3,폐업처리,2022-01-12 09:11:55,,2003-06-05,15442,,대전광역시 서구 둔산동 1380번지 2호,2006366006807500001,3660000,"대전광역시 서구 문예로 107 (둔산동, 홈플러스대전둔산점)",35236,,03,폐업,대규모점포,,,042-611-8124
동산오차드힐 상가,그 밖의 대규모점포,2026-04-13,390158.945016973,199237.917206525,2026-04-15 03:03:03,U,3,폐업처리,2026-04-14 09:45:48,,2003-06-02,3198.24,,부산광역시 금정구 청룡동 33번지 4호,2003335001507500001,3350000,부산광역시 금정구 청룡예전로 17 (청룡동),,,03,폐업,대규모점포,,,
(주)서원유통 탑마트대구점,대형마트,,,,2026-05-06 22:35:25,I,2,휴업처리,2007-06-30 11:12:41,,2003-05-30,7675,,대구광역시 서구 내당동 65-8호,2003343005007500001,3430000,,,,02,휴업,,,,053-555-3000
홈플러스(주)월드컵점,대형마트,,,,2025-12-15 16:15:28,I,1,정상영업,2024-03-05 10:20:33,,2003-05-21,17687.3,,서울특별시 마포구 성산동 515호 월드컵경기장내,2003313009907500001,3130000,"서울특별시 마포구 월드컵로 240 (성산동,월드컵경기장내)",,,01,영업/정상,대규모점포,,,02-312-2080
롯데마트연수점,대형마트,,171173.885129435,434824.628551534,2026-05-11 23:16:51,I,1,정상영업,2012-04-30 13:55:55,,2003-05-16,9196.74,406-120,인천광역시 연수구 청학동 502번지 4호,2012352006807500001,3520000,인천광역시 연수구 청능대로 87 (청학동),,,01,영업/정상,대규모점포,,,032-810-2500
롯데쇼핑(주)마그넷서대구점,대형마트,,,,2026-05-06 22:35:25,I,2,휴업처리,2007-06-30 11:12:41,,2003-05-14,,,대구광역시 서구 내당동 호 965,2000343001007500001,3430000,,,,02,휴업,,,,053-607-2500
(주)프리미엄아울렛,전문점,,206698.825871309,418302.265469101,2026-04-01 22:13:52,I,4,직권취소,2021-03-17 19:03:03,,2003-05-12,10202.07,,경기도 용인시기흥구 영덕동 517호,2003405008307500001,4050000,경기도 용인시 기흥구 중부대로 64 (영덕동),,,04,취소/말소/만료/정지/중지,대규모점포,,,031-204-2006
교보타워 지하아케이드,전문점,,202058.674687128,444618.16731522,2025-12-15 16:15:28,I,1,정상영업,2013-03-16 17:35:20,,2003-05-01,5546,,,2013321012207500015,3210000,서울특별시 서초구 강남대로 465 (서초동),,,01,영업/정상,대규모점포,,,02-3480-4700
북수원 패션아울렛,쇼핑센터,,200590.511692153,422392.384620274,2026-03-11 01:45:41,I,1,정상영업,2024-04-06 20:16:12,,2003-04-25,19103.46,,경기도 수원시장안구 조원동 893호,2003374001107500003,3740000,경기도 수원시 장안구 경수대로 950 (조원동),,,01,영업/정상,대규모점포,,,031-303-0000
숭인시장,그 밖의 대규모점포,,202558.581755334,456709.916330722,2026-04-30 22:35:16,I,1,정상영업,2019-03-11 19:22:07,,2003-04-25,9258,,서울특별시 강북구 미아동 58호,2003308007507500005,3080000,서울특별시 강북구 도봉로 45 (미아동),,,01,영업/정상,대규모점포,,,02-988-1430
(주)현대백화점 동호스토아,백화점,,202485.226490575,447521.520319158,2025-12-15 16:15:28,I,2,휴업처리,2007-07-14 10:53:01,,2003-04-18,21237.74,,서울특별시 강남구 압구정동 456호,2003322008307500002,3220000,,,,02,휴업,,,,02-549-2233
(주)빅마트풍암점,그 밖의 대규모점포,,188875.632035508,180897.678717452,2026-07-14 11:38:15,I,2,휴업처리,2018-05-02 15:24:57,,2003-04-17,6629.79,,전남광주통합특별시 서구 풍암동 1109호,2003360001207500001,5810000,전남광주통합특별시 서구 풍암2로 2 (풍암동),,,02,휴업,,,,062-650-2281
홈플러스의정부점,복합쇼핑몰,,206192.090833323,472186.18249487,2026-05-11 22:02:23,I,1,정상영업,2024-03-12 16:46:46,,2003-04-16,32677.65,,경기도 의정부시 금오동 475번지 1호,2003382007907500001,3820000,경기도 의정부시 청사로 38 (금오동),,,01,영업/정상,대규모점포,,,031-850-8000
구리아울렛 The Box,쇼핑센터,2008-11-10,212800.919305349,455610.47833689,2025-12-15 16:15:28,I,3,폐업처리,2008-11-13 14:04:40,,2003-04-11,4860,,경기도 구리시 수택동 562호,2003398005007500001,3980000,경기도 구리시 경춘로 282 (수택동),,,03,폐업,,,,031-553-6060
(사)한국수산업경영인보령시연합회,그 밖의 대규모점포,,155664.029855507,314155.428628585,2026-05-06 22:48:23,I,BBBB,,2007-06-23 09:41:03,,2003-04-08,1280,,충청남도 보령시 신흑동 2240호,2003451007907500003,4510000,충청남도 보령시 대천항중앙길 66 (신흑동),,,01,영업/정상,,,,041-933-3473
(사)한국수산업경영인보령시연합회,그 밖의 대규모점포,,155664.029855507,314155.428628585,2026-05-06 22:48:23,I,BBBB,,2007-06-23 09:41:03,,2003-04-08,1280,,충청남도 보령시 신흑동 2240호,2003451007907500002,4510000,충청남도 보령시 대천항중앙길 66 (신흑동),,,01,영업/정상,,,,041-933-3473
테크노스카이시티,그 밖의 대규모점포,2016-04-01,182735.786874703,451591.610813727,2025-12-15 16:15:28,I,3,폐업처리,2016-04-01 14:21:24,,2003-04-03,15317,157-220,서울특별시 강서구 방화동 712번지 1호,2014315014507500001,3150000,서울특별시 강서구 하늘길 38 (방화동),,2003-04-03,03,폐업,대규모점포,,,02-6343-5000
로데오 왁,전문점,,190644.120684734,446104.925181837,2026-05-11 22:40:06,I,1,정상영업,2014-11-26 17:55:53,,2003-03-31,10000.33,,서울특별시 영등포구 문래동3가 55호,2003318007607500001,3180000,서울특별시 영등포구 당산로 34 (문래동3가),,,01,영업/정상,대규모점포,,,02-2635-2040
홈플러스 주식회사 아시아드점,대형마트,,387686.194940483,189911.430545728,2026-05-04 22:36:26,I,1,정상영업,2024-02-27 10:42:00,,2003-03-26,32040,,부산광역시 연제구 거제동 1208호,2003337001407500003,3370000,부산광역시 연제구 종합운동장로 7 (거제동),,,01,영업/정상,대규모점포,,,051-500-8000
해운대상설할인타운,그 밖의 대규모점포,,397619.609350381,187004.870496308,2026-05-10 22:54:14,I,1,정상영업,2012-04-17 13:18:31,,2003-03-26,11992.85,612-851,부산광역시 해운대구 중1동 1775번지 7호,2012333010307500007,3330000,부산광역시 해운대구 좌동순환로 473 (중동),,,01,영업/정상,대규모점포,,,051-741-8841
(주)대현프리몰 창원점,쇼핑센터,,343996.417072118,194413.871669486,2026-04-30 22:00:14,I,1,정상영업,2014-04-02 09:21:15,,2003-03-20,5515.51,630-816,경상남도 창원시 마산회원구 합성1동 586번지,2009528017007500002,5670000,경상남도 창원시 마산회원구 3·15대로 지하 758 (합성동),,2014-04-01,01,영업/정상,대규모점포,,,
광장주식회사,시장,,199837.41426735,451974.128468485,2026-05-06 22:48:25,I,1,정상영업,2007-08-01 17:39:46,,2003-03-04,16128.75,110-833,서울특별시 종로구 예지동 6번지 1호,2003300012907500001,3000000,,,,01,영업/정상,,,,22670291
한양브라자 분당점,그 밖의 대규모점포,,210421.232418185,430307.058659489,2025-12-15 16:15:28,I,2,휴업처리,2007-07-07 11:25:20,,2003-03-03,,,경기도 성남시분당구 수내동 29호,2003378010607500001,3780000,경기도 성남시 분당구 내정로173번길 11 (수내동),,,02,휴업,,,,
천안산업기자재유통단지,그 밖의 대규모점포,,210769.482928735,365154.552924088,2025-12-15 16:15:28,I,2,휴업처리,2007-06-30 10:52:49,,2003-02-20,29438,,충청남도 천안시 동남구 신방동 784번지 1호,2003449013107500002,4490000,충청남도 천안시 동남구 신촌로 24 (신방동),,,02,휴업,,,,041-570-8000
AK플라자수원점,복합쇼핑몰,,199920.194662903,418246.927112644,2026-03-11 01:45:41,I,1,정상영업,2024-12-27 09:21:24,,2003-02-11,54303.8,,경기도 수원시팔달구 매산로1가 18호,2003374001107500002,3740000,경기도 수원시 팔달구 덕영대로 924 (매산로1가),,,01,영업/정상,대규모점포,,,031-240-0602
수원역사(주),백화점,,199920.194662903,418246.927112644,2026-03-11 01:45:41,I,4,직권취소,2008-04-04 11:09:08,,2003-02-11,0,,경기도 수원시팔달구 매산로1가 18호,2003374001107500001,3740000,,,,04,취소/말소/만료/정지/중지,,,,
길음시장,그 밖의 대규모점포,,201876.521665604,455664.635302013,2025-12-15 16:15:28,I,2,휴업처리,2007-07-07 10:47:37,,2003-02-10,6058.38,,서울특별시 성북구 길음동 540번지 2호,2003307009907500002,3070000,,,,02,휴업,,,,02-943-6563
길음시장,시장,,201852.588541848,455598.947533777,2025-12-15 16:15:28,I,1,정상영업,2017-04-20 18:08:30,,2003-02-10,2973.4,136-802,서울특별시 성북구 길음동 535번지 8호,2003307009907500001,3070000,서울특별시 성북구 동소문로 227 (길음동),,2003-02-10,01,영업/정상,대규모점포,,,02-943-6563
롯데백화점 대구점,쇼핑센터,,344052.576927614,265131.653371228,2026-05-03 22:36:11,U,1,정상영업,2026-04-21 16:18:02,,2003-02-05,34827.86,702-746,대구광역시 북구 칠성동2가 302번지 155호 롯데백화점,2005345008907500004,3450000,대구광역시 북구 태평로 161 (칠성동2가),,,01,영업/정상,대규모점포,,,053-660-1610
리베르떼,쇼핑센터,,180695.690645126,442609.650907377,2025-12-15 16:15:28,I,2,휴업처리,2007-07-14 11:14:27,,2003-02-03,5582,,경기도 부천시 원미구심곡동 175번지 6호,2003386010707500002,3860000,경기도 부천시 원미구 부천로 11 (심곡동),,,02,휴업,,,,032-651-6233
도봉한신쇼핑상가,복합쇼핑몰,,204169.847670316,464814.717432497,2025-12-15 16:15:28,I,1,정상영업,2025-05-16 11:25:29,,2003-02-03,4036.49,132-731,서울특별시 도봉구 도봉동 30번지 1호 도봉한신쇼핑상가,2003309008707500845,3090000,서울특별시 도봉구 도봉로180나길 41 (도봉동),,,01,영업/정상,대규모점포,,,02-954-6442
천안산업기자재유통단지,그 밖의 대규모점포,,210769.482928735,365154.552924088,2025-12-15 16:15:28,I,1,정상영업,2011-06-13 15:38:05,,2003-01-29,29438,,충청남도 천안시 동남구 신방동 784번지 1  호,2003449013107500001,4490000,충청남도 천안시 동남구 신촌로 24 (신방동),,,01,영업/정상,,,,041-570-8000
남서울종합상가,그 밖의 대규모점포,,,,2025-12-15 16:15:28,I,2,휴업처리,2013-12-30 13:55:03,,2003-01-28,,,"서울특별시 강남구 대치동 623,624호",2003322008307500004,3220000,,,,02,휴업,,,,02-556-0604
금강상가,그 밖의 대규모점포,,202485.226490575,447521.520319158,2025-12-15 16:15:28,I,1,정상영업,2023-12-12 09:38:20,,2003-01-28,1255,135-510,서울특별시 강남구 압구정1동 456번지,2003322008307500001,3220000,서울특별시 압구정로 201 (구현대아파트),,,01,영업/정상,대규모점포,,,02-3416-5828
(주)이마트 공항점,대형마트,2014-10-16,182141.205465089,451078.47991,2025-12-15 16:15:28,I,3,폐업처리,2014-12-01 16:08:47,,2003-01-23,18461.49,157-823,서울특별시 강서구 과해동 676번지,2010315012307500001,3150000,"서울특별시 강서구 하늘길 70 (공항동, (주)이마트 공항점)",,,03,폐업,대규모점포,,,02-2166-1052
신세계이마트(공항점),대형마트,,,,2025-12-15 16:15:28,I,2,휴업처리,2007-07-14 13:55:24,,2003-01-23,,,서울특별시 강서구 과해동 272호,2003315010007500030,3150000,,,,02,휴업,,,,02-2166-1052
지오디페,그 밖의 대규모점포,,175127.311445245,439299.829381154,2026-03-26 22:49:55,I,2,휴업처리,2007-07-14 10:42:02,,2003-01-22,7681.47,,인천광역시 남동구 구월동 1264호,2003353004907500001,3530000,인천광역시 남동구 호구포로 818 (구월동),,,02,휴업,,,,
동부시장,그 밖의 대규모점포,,163745.104091836,316582.584889214,2026-05-06 22:48:23,I,1,정상영업,2012-03-08 15:46:48,,2003-01-14,1922.2,355-010,충청남도 보령시 대천동 618번지 64호,2003451007907500001,4510000,충청남도 보령시 구상가길 22-8 (대천동),,,01,영업/정상,준대규모점포,,,041-932-2336
(주)우남산업 센트럴프라자,전문점,2025-05-28,410611.641058791,230826.405302134,2026-05-06 22:48:23,I,3,폐업처리,2025-05-28 14:37:31,,2003-01-13,8154.01,,울산광역시 중구 옥교동 120번지 2  호,2006369006007500003,3690000,울산광역시 중구 번영로 329 (옥교동),,,03,폐업,대규모점포,,,052-241-5000
홈플러스(주)부천상동점,대형마트,2025-07-31,178267.428293028,444706.144749999,2025-12-15 16:15:28,I,3,폐업처리,2025-08-29 10:29:26,,2003-01-10,43872,,경기도 부천시 원미구상동 540번지 1호,2003386010707500001,3860000,경기도 부천시 원미구 길주로 118 (상동),,,03,폐업,대규모점포,,,032-650-8124
(주)유레스세이브존대전점,대형마트,,233792.003547033,317006.541836558,2026-05-07 22:30:16,I,2,휴업처리,2007-06-23 10:15:16,,2003-01-04,17344.03,,대전광역시 서구 둔산동 991호,2003366001507500001,3660000,대전광역시 서구 둔산로31번길 35 (둔산동),,,02,휴업,,,,042-479-9000
롯데쇼핑(주) 롯데슈퍼 이천점,구분없음,2022-04-28,242016.421941572,417771.647304977,2026-05-09 22:02:22,I,3,폐업처리,2022-04-28 15:51:27,,2002-12-26,1586,,경기도 이천시 부발읍 신하리 399번지 1호 롯데프라자,2018407008807500001,4070000,"경기도 이천시 부발읍 경충대로 2269, 롯데프라자",17328,,03,폐업,준대규모점포,,,031-634-6747
애플존,대형마트,,282066.471631431,387630.151701596,2025-12-15 16:15:28,I,BBBB,,2007-06-30 11:35:13,,2002-12-17,,,충청북도 충주시 칠금동 598호,2002439002407500002,4390000,,,,01,영업/정상,,,,043-842-6000
필마트,대형마트,2004-11-03,341799.016824881,261012.250978533,2025-12-15 16:15:28,I,3,폐업처리,2014-03-20 12:55:18,,2002-12-17,0,,대구광역시 남구 대명동 959번지 1호,2002344001407500001,3440000,대구광역시 남구 대명로 116 (대명동),,,03,폐업,대규모점포,,,053-609-9000
월마트코리아(주),대형마트,,342886.064848583,189864.336045851,2026-04-30 22:00:14,I,2,휴업처리,2007-06-30 10:28:07,,2002-12-13,0,,경상남도 마산시 중앙동3가 4번지 1호,2002528011707500006,5670000,경상남도 창원시 마산합포구 서성로 3 (중앙동3가),,,02,휴업,,,,055-220-9190
(주)이마트강릉점,대형마트,,369334.629080122,475954.381315576,2025-12-15 16:15:28,I,1,정상영업,2024-04-22 16:13:29,,2002-12-13,8263.39,210-140,강원특별자치도 강릉시 송정동 1008번지 7호,2010420011507500001,4201000,강원특별자치도 강릉시 경강로 2398-10 (송정동),,2002-12-13,01,영업/정상,대규모점포,,,033-649-1052
월마트슈퍼센타,대형마트,,342886.064848583,189864.336045851,2026-04-30 22:00:14,I,2,휴업처리,2007-06-30 10:28:07,,2002-12-10,10264,,경상남도 마산시 중앙동3가 4번지 1호,2002528011707500003,5670000,경상남도 창원시 마산합포구 서성로 3 (중앙동3가),,,02,휴업,,,,055-220-9190
월마트슈퍼센타,대형마트,,342886.064848583,189864.336045851,2026-04-30 22:00:14,I,2,휴업처리,2007-06-30 10:28:07,,2002-12-10,10264,,경상남도 마산시 중앙동3가 4번지 1호,2002528011707500002,5670000,경상남도 창원시 마산합포구 서성로 3 (중앙동3가),,,02,휴업,,,,055-220-9190
롯데쇼핑(주) 롯데슈퍼 정자점,구분없음,,199524.963492432,421620.627876998,2026-05-12 21:48:10,U,1,정상영업,2026-05-11 17:25:55,,2002-12-05,1482.6,,,2011374017307500004,3740000,경기도 수원시 장안구 정자천로 187 (정자동),,,01,영업/정상,준대규모점포,,,
홈플러스(주) 성서점,대형마트,,337916.079938251,262111.061697986,2025-12-15 16:15:28,I,1,정상영업,2024-03-07 18:34:53,,2002-12-04,18179,,대구광역시 달서구 용산동 230번지 11호,2002347001307500003,3470000,대구광역시 달서구 달구벌대로 1467 (용산동),,,01,영업/정상,대규모점포,,,
(주)킴스클럽마트 군산점,그 밖의 대규모점포,,173015.244506711,273432.17647701,2026-05-06 22:48:23,I,1,정상영업,2012-02-29 18:49:28,,2002-12-03,1622,,,2012467017707500001,4671000,전북특별자치도  하나운로 32 (세경아파트단지 상가지하 1층),,,01,영업/정상,준대규모점포,,,
삼정타워,복합쇼핑몰,,387608.014165034,185703.079007724,2025-12-15 16:15:28,I,1,정상영업,2024-03-04 13:21:34,,2002-12-03,33576.23,614-032,부산광역시 부산진구 부전2동 227번지 2호,2002329008507500001,3290000,부산광역시 부산진구 중앙대로 672 (부전동),,,01,영업/정상,대규모점포,,,051-520-3614
(주)에프샵,백화점,,,,2025-12-15 16:15:28,I,2,휴업처리,2007-06-30 13:46:00,,2002-11-26,4065,,제주특별자치도 제주시 일도일동 1298-28호,2002549007507500004,6510000,,,,02,휴업,,,,
홍천시장,시장,,278125.615018782,465735.074155747,2025-12-15 16:15:28,I,1,정상영업,2017-11-17 09:24:13,,2002-11-26,3334,250-805,강원특별자치도 홍천군 홍천읍 신장대리 8번지 130호,2013425009607500001,4251000,강원특별자치도 홍천군 홍천읍 홍천로8길 13,,,01,영업/정상,대규모점포,,,033-434-2689
홍천시장,그 밖의 대규모점포,,,,2025-12-15 16:15:28,I,BBBB,,2007-06-30 10:43:21,,2002-11-26,3334,,강원특별자치도 홍천군 홍천읍 신장대리 8-130호,2002425004207500001,4251000,,,,01,영업/정상,,,,033-434-2960
신세계 이마트 명일점,대형마트,,213700.877714971,450278.100930843,2026-05-06 22:47:31,I,BBBB,,2007-06-30 10:04:31,,2002-11-20,8659.77,,서울특별시 강동구 명일동 46번지 4호,2002324007307500001,3240000,,,,01,영업/정상,,,,02-0429-6240
(주)이마트명일점,그 밖의 대규모점포,,213700.877714971,450278.100930843,2026-05-06 22:47:30,I,1,정상영업,2024-05-10 13:02:40,,2002-11-20,8659,,서울특별시 강동구 명일동 46번지 4 호,2002324007307500000,3240000,서울특별시 강동구 고덕로 276 (명일동),,,01,영업/정상,대규모점포,,,02-2145-1051
세이브존,대형마트,,205994.811815848,459502.645279682,2025-12-15 16:15:28,I,2,휴업처리,2007-06-30 10:05:38,,2002-11-14,10209,,서울특별시 노원구 하계동 284호,2002310009607500001,3100000,,,,02,휴업,,,,02-985-9000
(주)미도파마트,대형마트,2003-04-01,203075.098504907,452918.836458244,2025-12-15 16:15:28,I,3,폐업처리,2007-08-13 15:52:20,,2002-11-12,0,,서울특별시 동대문구 제기동 892번지 71호,2002305008207500018,3050000,,,,03,폐업,,,,02-960-2222
홈플러스(주) 청주성안점,대형마트,,243392.101658257,348454.159533439,2026-05-06 22:48:30,I,1,정상영업,2024-03-06 11:24:48,,2002-11-11,9830.56,,충청북도 청주시 상당구 서문동 157-14번지,2002436000907500004,5710000,충청북도 청주시 상당구 사직대로 346  (서문동),,,01,영업/정상,대규모점포,,,043-259-2080
대지종합유통물류시장,그 밖의 대규모점포,2018-02-01,185994.964119824,451596.45849391,2025-12-15 16:15:28,I,3,폐업처리,2018-02-02 15:10:42,,2002-10-25,3011.65,,서울특별시 강서구 등촌동 685번지,2014315014507500002,3150000,서울특별시 강서구  강서로68길  23 (등촌동),,,03,폐업,대규모점포,,,36634314
삼성홈플러스 동광주점,대형마트,,193592.366836384,186709.260367801,2026-07-14 11:38:15,I,2,휴업처리,2013-12-30 10:42:33,,2002-10-24,12724.02,,전남광주통합특별시 북구 두암동 575번지 1호,2002362001207500001,5820000,전남광주통합특별시 북구 동문대로 200 (두암동),,,02,휴업,,,,
플라자 카멜리아,그 밖의 대규모점포,2012-11-23,191823.026849977,438834.378061101,2026-05-07 22:30:11,I,3,폐업처리,2012-11-26 16:39:00,,2002-10-24,8642.24,,서울특별시 금천구 시흥동 831번지 6호,2002317006707500003,3170000,서울특별시 금천구 금하로 705 (시흥동),,,03,폐업,대규모점포,,,02-890-5015
홈플러스(주) 동광주점,대형마트,,193592.366836384,186709.260367801,2026-07-14 11:38:15,I,1,정상영업,2024-02-29 13:53:21,,2002-10-23,15111,500-102,전남광주통합특별시 북구 두암2동 575번지 1호,2004362007207500001,5820000,전남광주통합특별시 북구 동문대로 200 (두암동),,,01,영업/정상,대규모점포,,,062-250-8015
세이브존 광명점,쇼핑센터,,189007.530744206,441119.378939224,2025-12-15 16:15:28,I,1,정상영업,2024-05-08 10:58:15,,2002-10-23,9403,,경기도 광명시 철산동 367번지,2002390001307500001,3900000,"경기도 광명시 철망산로 87 (철산동, 세이브존)",14243,,01,영업/정상,대규모점포,,,02-6332-9000
쉐르빌쇼핑타운,그 밖의 대규모점포,2007-01-02,206101.9138443,452155.691148899,2025-12-15 16:15:28,I,3,폐업처리,2007-08-13 15:55:50,,2002-10-22,0,,서울특별시 동대문구 장안동 371번지 0001호,2002305008207500001,3050000,,,,03,폐업,,,,02-2216-6500
롯데쇼핑(주)롯데마트첨단점,복합쇼핑몰,,186442.331564071,190821.237685395,2026-07-14 11:38:15,I,1,정상영업,2026-05-04 16:00:12,,2002-10-18,8467.14,,전남광주통합특별시 광산구 쌍암동 694번지 3호,2002363004107500001,5825000,"전남광주통합특별시 광산구 첨단강변로99번길 22 (쌍암동, 롯데마트)",62279,,01,영업/정상,대규모점포,,,062-962-2500
모다아울렛(MODAoutlet),전문점,,334682.626097655,260547.895903711,2025-12-15 16:15:28,I,1,정상영업,2024-05-10 11:22:19,,2002-10-18,8423.26,,대구광역시 달서구 호림동 16번지,2002347001307500002,3470000,"대구광역시 달서구 달서대로 411 (호림동, 모다아울렛)",42714,,01,영업/정상,대규모점포,,,053-589-6015
디지털타운,그 밖의 대규모점포,2026-02-26,234081.538141573,318785.224164759,2026-05-07 22:30:16,U,3,폐업처리,2026-02-26 08:58:21,,2002-10-17,3325.74,,대전광역시 서구 만년동 303호,2002366001507500003,3660000,대전광역시 서구 만년로67번길 36 (만년동),,,03,폐업,대규모점포,,,042-366-0002
(주)대지털타운,그 밖의 대규모점포,,234081.538141573,318785.224164759,2026-05-07 22:30:16,I,2,휴업처리,2007-06-23 10:15:16,,2002-10-17,3325.74,,대전광역시 서구 만년동 303호,2002366001507500002,3660000,대전광역시 서구 만년로67번길 36 (만년동),,,02,휴업,,,,042-471-2681
홈플러스테스코(주)문화점,대형마트,,236541.282086201,313349.96682002,2026-05-03 22:38:33,I,4,직권취소,2016-01-25 14:02:18,2015-11-18,2002-10-15,11745.57,301-131,대전광역시 중구 문화1동 1번지 17호,2013365011507500001,3650000,대전광역시 중구 계백로 1690 (문화동),,,04,취소/말소/만료/정지/중지,대규모점포,,,042-226-2080
홈플러스(주) 문화점,대형마트,,236541.282086201,313349.96682002,2026-05-03 22:38:32,U,2,휴업처리,2026-02-10 22:11:28,,2002-10-15,11745.57,,대전광역시 중구 문화동 1번지 17  호,2002365007907500001,3650000,대전광역시 중구 계백로 1690 (문화동),,,02,휴업,대규모점포,2026-02-12,2027-02-11,042-226-2080
삼성테스코(주) 홈플러스 동대전점,대형마트,,239185.900858619,317088.412646934,2026-05-03 22:32:20,I,1,정상영업,2009-04-21 14:45:43,,2002-10-15,11572.63,,대전광역시 동구 용전동 65번지 1호 외 25필지,2002364005807500019,3640000,"대전광역시 동구 한밭대로 1282 (용전동,외 25필지)",,,01,영업/정상,,,,042-608-8124
(주)이마트 감삼점,대형마트,2021-08-09,338560.694882634,261656.240623114,2025-12-15 16:15:28,I,3,폐업처리,2021-08-09 16:06:29,,2002-10-14,9013.42,704-735,대구광역시 달서구 감삼동 521번지,2002347001307500001,3470000,대구광역시 달서구 와룡로 143 (감삼동),,,03,폐업,대규모점포,,,
뉴코아백화점,백화점,,,,2025-12-15 16:15:28,I,1,정상영업,2014-11-25 17:00:57,,2002-09-27,25571.68,,경기도 성남시분당구 야탑동 357-1호,2002378007607500003,3780000,,,,01,영업/정상,대규모점포,,,031-780-3000
한림민속오일시장,시장,,132399.520321752,-8185.09501195922,2025-12-15 16:15:28,I,1,정상영업,2010-06-23 13:50:57,,2002-09-24,2900,695-925,제주특별자치도 제주시 한림읍 대림리 1698번지 4호,2010651001907500002,6510000,제주특별자치도 제주시 한림읍 한수풀로4길 10,,,01,영업/정상,,,,064-796-8830
D-마트,대형마트,2006-11-01,338339.974552757,521995.523480661,2025-12-15 16:15:28,I,3,폐업처리,2008-06-25 14:49:35,,2002-09-23,0,,강원특별자치도 속초시 조양동 1498번지 2호,2002423004307500002,4231000,강원특별자치도 속초시 조양상가길 25 (조양동),,,03,폐업,,,,033-635-5000
(주) 세이브존 아이엔시 성남점,그 밖의 대규모점포,,,,2025-12-15 16:15:28,I,2,휴업처리,2013-05-09 15:40:42,,2002-09-18,12491.63,,경기도 성남시수정구 신흥동 2463-5호,2002378007607500002,3780000,,,2013-05-09,02,휴업,대규모점포,2013-05-09,2013-05-09,031-745-9000
주식회사글로리아,대형마트,,244812.178450948,345318.85442766,2026-05-06 22:48:30,I,4,직권취소,2014-02-27 18:33:01,2016-01-05,2002-09-12,0,,충청북도 청주시 상당구 용암동 1587번지,2002436000907500003,5710000,충청북도 청주시 상당구 중흥로 17 (용암동),,,04,취소/말소/만료/정지/중지,대규모점포,,,043-111-1111
롯데쇼핑(주) 롯데마트 오산점,대형마트,,206416.225089197,405292.957866229,2025-12-15 16:15:28,I,1,정상영업,2025-04-30 16:55:38,,2002-09-06,8575,,경기도 오산시 오산동 868호,2002400005007500001,4000000,경기도 오산시 경기대로 271 (오산동),,,01,영업/정상,대규모점포,,,
노원휴먼프라자,그 밖의 대규모점포,,341718.457695127,266864.901911211,2026-05-03 22:36:11,I,BBBB,,2007-07-07 12:21:29,,2002-09-06,4488,,대구광역시 북구 노원동3가 1022호,2002345007307500003,3450000,대구광역시 북구 팔달로35길 69 (노원동3가),,,01,영업/정상,,,,
스펙트럼시티,그 밖의 대규모점포,,,,2026-05-03 22:36:11,I,2,휴업처리,2007-07-07 12:21:29,,2002-09-06,12333,,대구광역시 북구 칠성동2가 20-1호,2002345007307500002,3450000,,,,02,휴업,,,,
아울렛 아이즈빌,그 밖의 대규모점포,,,,2026-05-06 22:48:29,I,1,정상영업,2012-05-02 13:40:33,,2002-09-04,7425.33,,"인천광역시 부평구 청천동 386, 386-1,2호",2002354004707500002,3540000,,,,01,영업/정상,대규모점포,,,032-522-7621
(주)이마트평촌점,대형마트,,196752.332727486,432521.042909087,2025-12-15 16:15:28,I,1,정상영업,2024-04-18 11:26:27,,2002-08-29,10130,431-060,경기도 안양시동안구 관양동 1608번지 3호,2002383006207500003,3830000,경기도 안양시 동안구 시민대로 300 (관양동),,,01,영업/정상,대규모점포,,,031-687-1052
월마트슈퍼센터 평촌점,대형마트,,196752.332727486,432521.042909087,2025-12-15 16:15:28,I,2,휴업처리,2007-06-23 14:33:26,,2002-08-29,10130.95,,경기도 안양시동안구 관양동 1608번지 3호,2002383006207500002,3830000,경기도 안양시 동안구 시민대로 300 (관양동),,,02,휴업,,,,031-381-6004
가구갤러리,전문점,,237039.506909715,313572.660234705,2026-05-03 22:38:32,U,1,정상영업,2025-11-05 13:43:31,,2002-08-29,4061.38,,대전광역시 중구 문화동 1번지 19호,2002365001507500001,3650000,대전광역시 중구 중앙로 8 (문화동),,,01,영업/정상,대규모점포,,,042-223-9736
롯데쇼핑(주) 롯데마트상당점,대형마트,,246099.20063665,346706.33715352,2026-05-12 22:48:11,U,1,정상영업,2026-05-11 16:53:57,,2002-08-22,7957,360-100,충청북도 청주시 상당구 용암동 2634번지,2010436012407500001,5710000,충청북도 청주시 상당구 용암북로160번길 60 (용암동),,,01,영업/정상,대규모점포,,,043-290-7000
엘지마트 상당점,그 밖의 대규모점포,,245406.566833259,346480.868334899,2026-05-06 22:48:30,I,BBBB,,2007-07-21 10:53:51,,2002-08-22,7957.09,,충청북도 청주시 상당구 용암동 2419번지,2002436000907500002,5710000,충청북도 청주시 상당구 용암북로84번길 13-2  (용암동),,,01,영업/정상,,,,02-2006-2679
홈플러스(주) 가야점,그 밖의 대규모점포,2022-06-10,384668.520460332,185579.964272171,2025-12-15 16:15:28,I,3,폐업처리,2022-06-15 10:21:20,,2002-08-20,10062.81,,부산광역시 부산진구 가야동 624번지 7호,2006329001307500001,3290000,부산광역시 부산진구 가야대로 506 (가야동),,,03,폐업,대규모점포,,,051-890-8023
삼성테스코(주)홈플러스 가야점,대형마트,2011-03-08,,,2025-12-15 16:15:28,I,3,폐업처리,2011-09-21 16:03:23,,2002-08-20,10063,,부산광역시 부산진구 가야동 620번지 1호,2002329001307500020,3290000,,,,03,폐업,대규모점포,,,051-890-8023
현대백화점목동점,백화점,,188884.075622342,447186.888604306,2025-12-15 16:15:28,I,1,정상영업,2024-05-08 09:19:59,,2002-08-09,38258,,서울특별시 양천구 목동 916호,2002314011407500001,3140000,서울특별시 양천구 목동동로 257 (목동),,2002-08-09,01,영업/정상,대규모점포,,,02-2163-2233
홈플러스 가좌점,대형마트,,,,2026-07-01 13:36:35,I,1,정상영업,2024-03-06 08:47:07,,2002-08-01,14700.94,404-251,인천광역시 서해구 가좌1동 118번지,2009356006807500001,3561000,인천광역시 서해구 가정로151번길 11 (가좌동),,,01,영업/정상,대규모점포,,,032-453-8124
방신종합시장 재건축조합,그 밖의 대규모점포,,183315.556652953,452204.165533971,2025-12-15 16:15:28,I,2,휴업처리,2007-07-14 13:55:24,,2002-08-01,0,,서울특별시 강서구 방화동 567번지 4호,2002315007407500001,3150000,,,,02,휴업,,,,
홈플러스(주)안산고잔점,대형마트,2026-07-14,184766.070784522,423338.223688148,2026-07-15 21:48:10,U,3,폐업처리,2026-07-14 16:31:56,,2002-07-24,15909.39,425-807,경기도 안산시 단원구 고잔동 707번지 2호,2002393011407500003,3930000,경기도 안산시 단원구 광덕대로 175 (고잔동),,,03,폐업,대규모점포,2026-02-01,2027-01-31,031-445-2080
남정종합상가,그 밖의 대규모점포,,197843.820719318,450717.353642797,2026-03-26 22:48:23,I,1,정상영업,2020-04-30 15:37:57,,2002-07-22,6752.63,,,2014301013007500025,3010000,서울특별시 중구 소월로 9 (남창동),,,01,영업/정상,대규모점포,,,02-757-3541
헬로에이피엠,그 밖의 대규모점포,,200649.776732085,451689.785216541,2026-07-08 22:48:11,U,1,정상영업,2026-07-07 09:21:34,,2002-07-22,13941.72,100-951,서울특별시 중구 을지로6가 18번지 35호,2002301007107500009,3010000,서울특별시 중구 장충단로 253 (을지로6가),,,01,영업/정상,대규모점포,,,02-6388-1100
(주)마트링크,대형마트,,,,2025-12-15 16:15:28,I,BBBB,,2007-07-14 10:36:00,,2002-07-10,5791,,경기도 남양주시 오남읍 오남리 203번지 7호,2002399008907500001,3990000,,,,01,영업/정상,,,,031-575-3900
(주)세계유통,그 밖의 대규모점포,,,,2026-03-26 22:48:23,I,BBBB,,2007-06-23 10:45:46,,2002-06-25,5952,,충청남도 서산시 갈산동 222호,2002453011607500001,4530000,,,,01,영업/정상,,,,041-668-2103
롯데쇼핑(주)VIC마켓도봉점,대형마트,2020-11-30,203920.444016775,462830.484935873,2025-12-15 16:15:28,I,3,폐업처리,2020-12-18 08:16:49,,2002-06-20,10840.62,132-854,서울특별시 도봉구 방학동 717번지 6호,2002309008707500001,3090000,서울특별시 도봉구 마들로 645 (방학동),,,03,폐업,대규모점포,,,02-2289-2523
(주)지에스리테일 포항연일점,전문점,2022-11-30,411373.719048196,280230.21441873,2026-05-07 22:37:39,I,3,폐업처리,2022-12-20 17:44:46,,2002-06-19,2909.4,790-883,경상북도 포항시 남구 연일읍 생지리 408번지,2000502007107500003,5020000,경상북도 포항시 남구 연일읍 연일로 123,,,03,폐업,준대규모점포,,,054-277-2111
(주)이랜드리테일 홈에버 시흥점,대형마트,,191152.432649234,438865.160717275,2026-05-07 22:30:11,I,2,휴업처리,2007-07-07 11:59:15,,2002-06-18,14972.02,,서울특별시 금천구 시흥동 992번지 47호 외 1,2002317006707500002,3170000,"서울특별시 금천구 시흥대로 201 (시흥동,외 1)",,,02,휴업,,,,02-3016-1500
롯데쇼핑(주) 롯데마트맥스 금천점,대형마트,,190704.904312713,440940.384414334,2026-05-09 03:03:03,U,1,정상영업,2026-05-08 16:45:11,,2002-06-18,12561,,서울특별시 금천구 독산동 295-10 롯데마트 맥스 금천점,2002317006707500001,3170000,"서울특별시 금천구 두산로 71, 롯데마트 맥스 금천점 (독산동)",08524,2012-06-25,01,영업/정상,대규모점포,2012-01-30,2012-06-24,02-809-2500
롯데쇼핑(주)롯데마트 의왕점,대형마트,,197598.213989563,430907.769943711,2025-12-15 16:15:28,I,2,휴업처리,2007-07-21 10:09:54,,2002-06-17,0,,경기도 의왕시 내손동 743호,2004403007007500001,4030000,,,,02,휴업,,,,
롯데쇼핑(주)롯데마트 의왕점,대형마트,,197598.213989563,430907.769943711,2025-12-15 16:15:28,I,2,휴업처리,2007-07-21 10:09:54,,2002-06-17,,,경기도 의왕시 내손동 743호,2002403008007500001,4030000,,,,02,휴업,,,,
롯데쇼핑(주) 롯데마트 의왕점,대형마트,,197598.213989563,430907.769943711,2026-05-07 03:03:03,U,1,정상영업,2026-05-06 14:53:26,,2002-06-17,11672,,경기도 의왕시 내손동 743호,2002403006007500003,4030000,"경기도 의왕시 계원대학로 7 (내손동, 롯데마트)",,,01,영업/정상,대규모점포,,,031-471-2521
롯데쇼핑(주) 롯데마트 의왕점,대형마트,,197598.213989563,430907.769943711,2025-12-15 16:15:28,I,BBBB,,2007-07-21 10:09:54,,2002-06-17,11003.35,,경기도 의왕시 내손동 743호,2002403006007500002,4030000,,,,01,영업/정상,,,,
롯데쇼핑(주) 롯데마트 의왕점,대형마트,,,,2025-12-15 16:15:28,I,BBBB,,2007-07-21 10:09:54,,2002-06-17,11003.35,,경기도 의왕시 고천동 호,2002403006007500001,4030000,,,,01,영업/정상,,,,
롯데쇼핑(주)롯데슈퍼 송내점,대형마트,,179023.696566379,442495.591143613,2025-12-15 16:15:28,I,2,휴업처리,2007-07-14 11:14:27,,2002-06-17,3149.27,,경기도 부천시 소사구송내동 352호,2002386010707500002,3860000,,,,02,휴업,,,,032-614-3111
해운대로데오아울렛,그 밖의 대규모점포,,397589.4275008,187097.471409001,2026-05-10 22:54:09,I,1,정상영업,2012-04-17 10:17:18,,2002-06-14,4539.76,,부산광역시 해운대구 중동 1774번지 5호,2002333001507500002,3330000,부산광역시 해운대구 좌동순환로 473 (중동),,,01,영업/정상,대규모점포,,,051-743-2234
에이피엠패션몰,그 밖의 대규모점포,,201031.479363871,451759.262402974,2026-03-26 22:48:21,I,1,정상영업,2021-05-11 10:16:57,,2002-06-12,9067.72,,서울특별시 중구 신당동 193번지 3호,2002301007107500007,3010000,서울특별시 중구 마장로 40 (신당동),,,01,영업/정상,대규모점포,,,02-2250-2002
대동LG마트,그 밖의 대규모점포,,,,2026-05-03 22:32:20,I,2,휴업처리,2007-06-30 10:25:41,,2002-06-11,4464.1,,대전광역시 동구 대동 160번지 7호,2002364005807500001,3640000,,,,02,휴업,,,,042-628-7633
부평건영상가,그 밖의 대규모점포,2006-07-27,,,2026-05-06 22:48:29,I,3,폐업처리,2008-03-27 14:35:53,,2002-06-11,0,,인천광역시 부평구 부평동 252-39호,2002354004707500001,3540000,,,,03,폐업,,,,02-369-7114
신세계이마트 구성점,대형마트,,209271.840918768,422612.412300721,2026-04-01 22:13:51,I,4,직권취소,2014-12-15 15:52:38,,2002-05-31,10715.38,446-913,경기도 용인시기흥구 보정동 1019번지 237호 외 31필지,2002405024007500001,4050000,"경기도 용인시 기흥구 용구대로 2457 (보정동,외 31필지)",,,04,취소/말소/만료/정지/중지,대규모점포,,,031-327-1052
스펙트럼시티,시장,,343510.573192364,266134.259920881,2026-05-03 22:36:11,I,1,정상영업,2017-07-17 18:18:32,,2002-05-27,12333.11,702-062,대구광역시 북구 칠성동2가 20번지 1호,2008345009907500003,3450000,대구광역시 북구 침산로 93 (칠성동2가),,,01,영업/정상,대규모점포,,,
(주)스펙트럼시티,그 밖의 대규모점포,,343510.573192364,266134.259920881,2026-05-03 22:36:11,I,1,정상영업,2017-07-17 17:58:37,,2002-05-27,12588.21,702-062,대구광역시 북구 칠성동2가 20번지 1호,2002345009907500001,3450000,대구광역시 북구 침산로 93 (칠성동2가),,,01,영업/정상,대규모점포,,,
충북산업용재유통단지,전문점,,,,2026-05-06 22:48:29,U,1,정상영업,2026-04-08 09:13:26,,2002-05-22,14012,,충청북도 청주시 청원구 사천동 48-1번지,2002436000907500001,5710000,충청북도 청주시 청원구 2순환로 364 (사천동),,,01,영업/정상,대규모점포,,,043-218-6900
시티코아,그 밖의 대규모점포,,398179.9667568,187816.286955829,2026-05-10 22:54:09,I,1,정상영업,2007-07-07 10:11:47,,2002-05-17,,,부산광역시 해운대구 좌동 1467번지 2호,2002333001507500001,3330000,부산광역시 해운대구 해운대로 799 (좌동),,,01,영업/정상,,,,051-709-1710
롯데쇼핑(주)롯데마트맥스 목포점,대형마트,,147706.171172646,144446.120390505,2026-07-14 11:38:15,I,1,정상영업,2025-12-31 15:18:37,,2002-05-16,10361.1,,전남광주통합특별시 목포시 상동 1134호,2002480001307500012,5780000,전남광주통합특별시 목포시 원형서로 15 (상동),,,01,영업/정상,대규모점포,2021-09-23,2022-01-30,061-280-2542
인천송림공구시장,그 밖의 대규모점포,,,,2026-07-01 09:42:12,I,2,휴업처리,2007-06-23 09:54:21,,2002-05-10,10757,,인천광역시 제물포구 송림동 296호,2002350000907500001,3501000,,,,02,휴업,,,,032-582-4057
대원마트,대형마트,2005-08-24,,,2025-12-15 16:15:28,I,3,폐업처리,2008-06-25 14:54:10,,2002-05-02,4101.24,,강원특별자치도 속초시 조양동 663-1호,2002423004307500001,4231000,,,,03,폐업,,,,033-637-1100
(주)뉴월드,대형마트,2006-09-18,151724.182129656,-1426.12446748641,2025-12-15 16:15:28,I,3,폐업처리,2010-07-28 15:38:30,,2002-04-25,0,,제주특별자치도 제주시 노형동 708호,2002549007507500003,6510000,제주특별자치도 제주시 연북로 1 (노형동),,,03,폐업,,,,
(주)뉴월드,대형마트,,151724.182129656,-1426.12446748641,2025-12-15 16:15:28,I,BBBB,,2007-06-30 13:46:00,,2002-04-25,0,,제주특별자치도 제주시 노형동 708호,2002549007507500002,6510000,제주특별자치도 제주시 연북로 1 (노형동),,,01,영업/정상,,,,
이천일아울렛 분당점,복합쇼핑몰,,209436.079182931,427437.237499513,2026-05-08 03:03:03,U,1,정상영업,2026-05-07 15:08:27,,2002-04-20,20698.77,,경기도 성남시 분당구 구미동 11번지 4호 2001아울렛,2002378007607500001,3780000,"경기도 성남시 분당구 미금일로154번길 20, 2001아울렛 (구미동)",13630,,01,영업/정상,대규모점포,,,031-786-2001
(주)이마트 계양점,대형마트,,176674.935225112,447677.795056986,2026-05-10 23:19:02,I,1,정상영업,2020-05-01 12:57:04,,2002-04-19,13534,407-063,인천광역시 계양구 작전동 911번지 1호,200235501270751,3550000,인천광역시 계양구 봉오대로 785 (작전동),,,01,영업/정상,대규모점포,,,032-717-1052
(주)이마트 계양점,대형마트,,176674.935225112,447677.795056986,2026-05-10 23:19:02,I,1,정상영업,2020-05-01 13:24:00,,2002-04-19,13534,407-063,인천광역시 계양구 작전동 911번지 1호,200235501270750001,3550000,인천광역시 계양구 봉오대로 785 (작전동),,,01,영업/정상,대규모점포,,,032-717-1052
(주)이마트 계양점,대형마트,,176674.935225112,447677.795056986,2026-05-10 23:19:02,I,1,정상영업,2020-05-01 11:38:09,,2002-04-19,13534,407-063,인천광역시 계양구 작전동 911번지 1호,20023550127075,3550000,인천광역시 계양구 봉오대로 785 (작전동),,,01,영업/정상,대규모점포,,,032-717-1052
(주)이마트 계양점,대형마트,,176674.935225112,447677.795056986,2026-05-10 23:19:02,I,1,정상영업,2024-04-25 15:53:07,,2002-04-19,13534,407-063,인천광역시 계양구 작전동 911번지 1호,20021,3550000,인천광역시 계양구 봉오대로 785 (작전동),,,01,영업/정상,대규모점포,,,032-717-1052
(주)이마트 구미점,그 밖의 대규모점포,,322824.51490748,290746.468249832,2025-12-15 16:15:28,I,1,정상영업,2024-04-19 11:14:31,,2002-04-17,9551.12,,경상북도 구미시 광평동 65번지 1호,2005508010807500001,5080000,경상북도 구미시 구미대로 256 (광평동),,,01,영업/정상,대규모점포,,,054-467-1053
롯데쇼핑(주) 롯데마트 마산점,구분없음,,342094.201087284,188019.880247417,2026-05-07 21:48:19,U,1,정상영업,2025-12-31 07:24:32,,2002-04-13,9420.86,,경상남도 마산시 창포동1가 8번지 1호,2002528011707500001,5670000,경상남도 창원시 마산합포구 신마산시장길 33 (창포동3가),,,01,영업/정상,대규모점포,,,055-230-2523
메트로,쇼핑센터,,192998.202204135,457479.99522553,2026-05-06 22:48:29,I,1,정상영업,2014-10-14 09:06:06,,2002-04-09,5042.9,,서울특별시 은평구 불광동 311번지 13호,2002311008807500001,3110000,서울특별시 은평구 통일로 856 (불광동),,,01,영업/정상,대규모점포,,,02-389-1100
롯데쇼핑(주) 롯데백화점 안양점,백화점,2019-12-05,,,2025-12-15 16:15:28,I,3,폐업처리,2019-12-06 09:45:55,,2002-04-04,23552.51,430-011,경기도 안양시 만안구 안양1동 88번지 1호,2002383006207500001,3830000,경기도 안양시 만안구 만안로 244-0 (안양동),,,03,폐업,대규모점포,,,031-463-2800
월마트슈퍼센타 중동점,대형마트,,179059.890468202,444675.160533494,2025-12-15 16:15:28,I,BBBB,,2007-07-14 11:14:27,,2002-03-29,13770,,경기도 부천시 원미구중동 1157호,2002386010707500001,3860000,경기도 부천시 원미구 석천로 188 (중동),,,01,영업/정상,,,,02-3468-1110
호텔신라아케이트,그 밖의 대규모점포,2015-08-27,200463.625303538,450497.460903907,2026-03-26 22:48:21,I,3,폐업처리,2015-08-27 14:07:02,,2002-03-28,1210.07,,,2002301013007500006,3010000,서울특별시 중구 동호로 249 (장충동2가),,,03,폐업,대규모점포,,,02-2230-3222
제이유백화점,백화점,2006-11-14,204198.987235386,470177.902472181,2026-05-11 22:02:23,I,3,폐업처리,2007-07-09 14:18:17,,2002-03-21,0,,경기도 의정부시 의정부동 100번지 1호,2005382007907500002,3820000,경기도 의정부시 평화로 472 (의정부동),,,03,폐업,,,,031-0877-5000
제이유백화점,백화점,2006-11-14,,,2026-05-11 22:02:23,U,3,폐업처리,2026-04-20 13:40:31,,2002-03-21,755,,경기도 의정부시 의정부동 100-1호,2002382007907500001,3820000,경기도 의정부시 평화로 472 (의정부동),,,03,폐업,대규모점포,2006-11-14,2006-11-14,031-877-5000
동대문패션몰 대규모점포(시장)개설등록 수리,그 밖의 대규모점포,2002-11-11,152608.497386254,-1090.32833329682,2025-12-15 16:15:28,I,3,폐업처리,2010-07-29 10:58:17,,2002-03-19,6747,,제주특별자치도 제주시 연동 274번지 16호,2002549007507500001,6510000,제주특별자치도 제주시 노연로 100 (연동),,,03,폐업,,,,
(주) 이마트 창원점,대형마트,,352870.655048828,193192.657445858,2026-04-30 22:00:14,I,1,정상영업,2023-07-04 17:31:23,,2002-03-15,10909,642-845,경상남도 창원시 성산구 중앙동 91번지,2002527002207500001,5670000,경상남도 창원시 성산구 원이대로 608 (중앙동),,,01,영업/정상,대규모점포,,,055-211-1052
삼성테스코(주)홈플러스서면점,대형마트,2010-06-30,386796.187014436,186648.134649002,2025-12-15 16:15:28,I,3,폐업처리,2011-12-08 16:00:43,,2002-03-14,6079.83,,부산광역시 부산진구 부암동 123번지 6호,2006329001307500002,3290000,부산광역시 부산진구 신천대로 222 (부암동),,,03,폐업,대규모점포,,,051-605-8000
월마트코리아(주) 서면점,그 밖의 대규모점포,2005-04-26,386948.954199558,186897.053699125,2025-12-15 16:15:28,I,3,폐업처리,2008-06-16 11:21:58,,2002-03-14,0,,부산광역시 부산진구 부암동 93호,2002329001307500000,3290000,,,,03,폐업,,,,051-810-9114
롯데쇼핑(주)롯데마트서산점,대형마트,,149832.159460757,363740.98236237,2026-04-30 03:03:03,U,1,정상영업,2026-04-29 17:26:02,,2002-03-06,8324.71,,충청남도 서산시 예천동 508-10,2014453023307500001,4530000,충청남도 서산시 충의로 27 (예천동),31988,,01,영업/정상,대규모점포,,,041-661-0005
롯데쇼핑(주)롯데마트서산점,대형마트,,149769.23191319,363714.668155441,2026-03-26 22:48:23,I,2,휴업처리,2007-06-23 10:45:46,,2002-03-06,0,,충청남도 서산시 예천동 508호,2004453011607500001,4530000,,,,02,휴업,,,,
롯데쇼핑(주)롯데마트서산점,대형마트,,149769.23191319,363714.668155441,2026-03-26 22:48:23,I,2,휴업처리,2007-06-23 10:45:46,,2002-03-06,,,충청남도 서산시 예천동 508호,2002453011607500003,4530000,,,,02,휴업,,,,
홈플러스(주) 동수원점,대형마트,,202602.629959972,417869.723857315,2026-03-11 01:45:41,I,1,정상영업,2024-03-06 09:01:58,,2002-02-26,16703.75,,경기도 수원시팔달구 인계동 1045호,2002374001107500001,3740000,경기도 수원시 팔달구 효원로 257 (인계동),,,01,영업/정상,대규모점포,,,031-231-8128
용인골드타워모드빌,그 밖의 대규모점포,2025-05-15,218077.759335427,414900.572821014,2026-04-01 22:13:50,I,3,폐업처리,2025-05-16 10:54:01,,2002-02-25,5595,449-925,경기도 용인시 처인구 김량장동 254번지 51호,2002405008307500001,4050000,경기도 용인시 처인구 금령로71번길 8 (김량장동),,,03,폐업,대규모점포,,,031-339-3430
(주)이마트 칠성점,대형마트,,343510.573192364,266134.259920881,2026-05-03 22:36:11,I,1,정상영업,2024-04-30 16:09:16,,2002-02-08,8651.61,,대구광역시 북구 칠성동2가 20번지 1호,2005345008907500001,3450000,대구광역시 북구 침산로 93 (칠성동2가),,,01,영업/정상,대규모점포,,,053-609-1050
신세계이마트 칠성점,대형마트,,343510.573192364,266134.259920881,2026-05-03 22:36:11,I,1,정상영업,2010-06-04 13:55:00,,2002-02-08,8651.61,702-851,대구광역시 북구 칠성동2가 20번지 1호,2002345007307500001,3450000,대구광역시 북구 침산로 93 (칠성동2가),,,01,영업/정상,,,,053-609-1052
서소문화훼종합물류센터,그 밖의 대규모점포,2015-08-27,197222.297956737,450920.003506418,2026-03-26 22:48:21,I,3,폐업처리,2015-08-27 14:07:38,,2002-02-01,6274.38,,,2002301013007500002,3010000,서울특별시 중구 칠패로 5 (의주로2가),,,03,폐업,대규모점포,,,02-364-1277
아바타,그 밖의 대규모점포,2015-08-27,198418.741655644,451237.168596152,2026-03-26 22:48:21,I,3,폐업처리,2015-08-27 14:06:32,,2002-02-01,18414.89,,,2002301013007500001,3010000,서울특별시 중구 명동길 14 (명동2가),,,03,폐업,대규모점포,,,02-3783-5055
주식회사 이마트 둔산점,구분없음,,233873.025973088,317345.757178114,2026-05-07 22:30:16,I,1,정상영업,2024-05-16 20:14:14,,2002-01-19,9623.17,302-121,대전광역시 서구 둔산1동 959번지 2호,2002366001507500001,3660000,대전광역시 서구 둔산북로 41 (둔산동),,,01,영업/정상,대규모점포,,,042-479-1053
눈스퀘어,그 밖의 대규모점포,,198418.741655644,451237.168596152,2026-03-26 22:48:22,U,1,정상영업,2026-03-09 14:59:59,,2002-01-15,21481.63,100-810,서울특별시 중구 명동2가 83번지 5호,2009301010007500003,3010000,서울특별시 중구 명동길 14 (명동2가),,,01,영업/정상,대규모점포,,,37835204
롯데쇼핑(주)롯데마트충주점,대형마트,,281360.558407973,387072.883137435,2026-05-16 03:03:03,U,1,정상영업,2026-05-15 15:55:53,,2002-01-08,9854.37,,충청북도 충주시 칠금동 849번지 00호,2002439002407500001,4390000,충청북도 충주시 봉계1길 49 (칠금동),,,01,영업/정상,대규모점포,,,043-841-2500
안산의류상설할인매장 B동,전문점,,186273.656995747,422561.165688697,2025-12-15 16:15:28,I,1,정상영업,2014-10-22 11:52:47,,2002-01-04,5729.77,,경기도 안산시상록구 사동 1531호,2002393011407500002,3930000,경기도 안산시 상록구 삼리로 49 (사동),,,01,영업/정상,대규모점포,,,031-0417-3737
안산의류상설할인매장 A동,전문점,,186111.597633757,422567.088892419,2025-12-15 16:15:28,I,1,정상영업,2018-12-21 15:13:52,,2002-01-03,5277.71,,경기도 안산시상록구 사동 1530호,2002393011407500001,3930000,경기도 안산시 상록구 삼리로 45 (사동),,,01,영업/정상,준대규모점포,,,031-0417-9700
롯데백화점 창원점,백화점,,353052.944834244,192993.337825028,2026-04-30 22:00:14,U,1,정상영업,2025-12-31 07:50:22,,2001-12-24,27497.64,,경상남도 창원시 상남동 79호,2001527018207500001,5670000,경상남도 창원시 성산구 중앙대로 124 (상남동),,,01,영업/정상,대규모점포,,,055-279-2500
(주)이마트여수점,복합쇼핑몰,,,,2026-07-01 12:22:56,I,1,정상영업,2024-04-19 09:04:31,,2001-12-20,8991,,전남광주통합특별시 여수시 오림동 405-1호,2005481001907500001,5785000,전남광주통합특별시 여수시 좌수영로 277 (오림동),,,01,영업/정상,대규모점포,,,061-650-1053
신세계 이마트 여수점,대형마트,,265386.473014616,140174.042858943,2026-07-14 11:38:15,I,BBBB,,2007-07-21 13:39:11,,2001-12-20,8619,,전남광주통합특별시 여수시 오림동 405번지 1호,2001481001907500002,5785000,전남광주통합특별시 여수시 좌수영로 277 (오림동),,,01,영업/정상,,,,061-650-1001
리틀파워존,그 밖의 대규모점포,2025-09-22,230055.811814155,311179.718881691,2026-05-07 22:30:16,I,3,폐업처리,2025-09-22 16:18:30,,2001-12-13,4506.64,,대전광역시 서구 관저동 1008호,2001366001507500003,3660000,대전광역시 서구 관저중로 98 (관저동),,,03,폐업,대규모점포,,,042-542-0991
새부산타운,쇼핑센터,2009-10-05,385102.447573369,179784.976689843,2026-06-18 03:03:03,U,3,폐업처리,2026-06-17 09:21:58,,2001-12-12,3807,600-061,부산광역시 중구 신창동1가 8번지,2010325008307500001,3250000,부산광역시 중구 광복중앙로 9 (신창동1가),,,03,폐업,대규모점포,,,
새부산타운,그 밖의 대규모점포,2009-10-05,385102.447573369,179784.976689843,2025-12-15 16:15:28,I,3,폐업처리,2011-11-16 13:53:05,,2001-12-12,3744.86,,부산광역시 중구 신창동1가 8-3호,2001325001407500046,3250000,부산광역시 중구 광복중앙로 9 (신창동1가),,,03,폐업,대규모점포,,,051-242-8787
코오롱타운상가,그 밖의 대규모점포,,338761.968966371,197499.570390955,2026-04-30 22:00:14,I,2,휴업처리,2007-06-30 10:28:07,,2001-12-07,3.27,,경상남도 마산시 내서읍 호계리 10호,2001528011707500001,5670000,,,,02,휴업,,,,
홈플러스(주) 중계점,대형마트,,205985.953324881,459730.43776924,2025-12-15 16:15:28,I,1,정상영업,2025-08-24 08:48:54,,2001-12-07,12840,139-926,서울특별시 노원구 중계동 509번지 2호,1999310009607500002,3100000,서울특별시 노원구 동일로204가길 12 (중계동),,,01,영업/정상,대규모점포,,,02-986-2080
홈플러스(주) 영등포점,대형마트,,190729.506453391,446227.07504062,2026-05-11 22:40:06,I,1,정상영업,2024-03-06 16:33:10,,2001-12-03,35687.74,150-991,서울특별시 영등포구 문래동3가 55번지 3호,2001318007607500032,3180000,서울특별시 영등포구  당산로  42 (문래동3가),,,01,영업/정상,대규모점포,,,02-2165-8101
셀비즈백화점,백화점,,152495.151347759,-885.089142987237,2025-12-15 16:15:28,I,1,정상영업,2010-07-29 10:38:31,,2001-11-29,5071,,제주특별자치도 제주시 연동 262번지 5호,2001549007507500003,6510000,제주특별자치도 제주시 신광로 52 (연동),,,01,영업/정상,,,,064-713-0500
코리아마트,대형마트,,224788.908585668,461612.798454074,2025-12-15 16:15:28,I,4,직권취소,2021-09-13 09:24:37,2021-01-15,2001-11-28,0,,경기도 남양주시 화도읍 묵현리 368번지 2호,2001399008907500001,3990000,경기도 남양주시 화도읍 경춘로 1725,,,04,취소/말소/만료/정지/중지,대규모점포,,,031-558-7000
자어언트가구프라자,전문점,,367827.085312216,198885.087624095,2025-12-15 16:15:28,I,1,정상영업,2007-09-03 10:11:50,,2001-11-22,9986,,경상남도 김해시 한림면 신천리 170번지 1호,2001535008707500001,5350000,경상남도 김해시 한림면 김해대로 1591,,,01,영업/정상,,,,055-343-1231
(주)이마트 포항점,복합쇼핑몰,,416216.471156814,279431.541837674,2026-05-07 22:37:42,I,1,정상영업,2024-04-29 16:37:28,,2001-11-21,12499.62,790-350,경상북도 포항시 남구 인덕동 161번지 176호,2005502010207500001,5020000,경상북도 포항시 남구 냉천로 10 (인덕동),,,01,영업/정상,대규모점포,,,054-223-1052
롯데쇼핑(주) 롯데마트 영통점,대형마트,,206280.421991805,416752.265654667,2026-03-11 01:45:41,I,1,정상영업,2022-05-10 11:58:19,,2001-11-17,30647,,경기도 수원시영통구 영통동 960번지 1호,2001374001107500003,3740000,경기도 수원시 영통구 봉영로 1579 (영통동),,,01,영업/정상,대규모점포,,,031-201-7283
(주)이마트 연제점,대형마트,,389532.511756755,188309.453546847,2026-05-04 22:36:26,I,1,정상영업,2024-04-17 09:57:05,,2001-11-17,13800,,부산광역시 연제구 연산동 822-7호,2005337001407500001,3370000,부산광역시 연제구 연수로 89 (연산동),,,01,영업/정상,대규모점포,,,051-860-1050
이-마트 연제점,그 밖의 대규모점포,,,,2026-05-04 22:36:26,I,2,휴업처리,2007-07-07 10:19:37,,2001-11-17,,,부산광역시 연제구 연산동 822번지 7   호,2001337001407500002,3370000,,,,02,휴업,,,,
선사엔조이,그 밖의 대규모점포,,233938.009918025,317914.570670685,2026-05-07 22:30:16,I,2,휴업처리,2007-06-23 10:15:16,,2001-11-14,6219.2,,대전광역시 서구 월평동 244호,2001366001507500002,3660000,대전광역시 서구 대덕대로 319 (월평동),,,02,휴업,,,,042-488-1133
밀라노21 운영관리위원회,그 밖의 대규모점포,,238293.956646246,314320.979241088,2026-05-03 22:38:32,I,1,정상영업,2016-06-16 21:45:59,,2001-11-10,3375,,대전광역시 중구 은행동 48번지 1호,2001365001507500001,3650000,"대전광역시 중구 중앙로 160 (은행동, 밀라노21)",34921,,01,영업/정상,대규모점포,2011-01-18,2012-01-15,
홈플러스(주) 울산점,대형마트,,411601.338446216,231915.243733168,2026-05-06 22:48:23,I,1,정상영업,2024-03-06 16:12:33,,2001-11-06,17700,681-809,울산광역시 중구 복산2동 100번지,2006369006007500001,3690000,울산광역시 중구 번영로 475 (복산동),,,01,영업/정상,대규모점포,,,052-702-8087
삼성테스코(주)홈플러스울산점,그 밖의 대규모점포,,411601.338446216,231915.243733168,2026-05-06 22:48:23,I,2,휴업처리,2009-11-11 10:44:23,,2001-11-06,0,,울산광역시 중구 복산동 100호,2001369006007500001,3690000,울산광역시 중구 번영로 475 (복산동),,,02,휴업,,2004-04-29,2004-04-29,052-290-8123
신세계이마트 은평점,대형마트,,192882.837727443,455340.54056388,2026-05-06 22:48:29,I,2,휴업처리,2007-07-14 10:16:27,,2001-11-01,0,,서울특별시 은평구 응암동 90번지 1호,2004311009907500001,3110000,서울특별시 은평구 은평로 111 (응암동),,,02,휴업,,,,02-3484-5153
신세계이마트 은평점,대형마트,,192882.837727443,455340.54056388,2026-05-06 22:48:29,I,2,휴업처리,2007-07-14 10:16:27,,2001-11-01,10966.73,,서울특별시 은평구 응암동 90번지 1호,2001311008807500020,3110000,서울특별시 은평구 은평로 111 (응암동),,,02,휴업,,,,02-3484-5153
(주)이마트 은평점,대형마트,,192882.837727443,455340.54056388,2026-05-06 22:48:30,I,1,정상영업,2024-04-16 13:18:26,,2001-10-31,16105.48,122-010,서울특별시 은평구 응암동 90번지 1호,2010311013107500001,3110000,서울특별시 은평구 은평로 111 (응암동),,,01,영업/정상,대규모점포,,,02-380-1054
테크노월드,그 밖의 대규모점포,,,,2026-05-07 22:30:16,I,BBBB,,2007-06-23 10:15:16,,2001-10-22,12057,,대전광역시 서구 만년동 299호,2001366001507500001,3660000,,,,01,영업/정상,,,,042-483-5005
(주)홈플러스 칠곡점,대형마트,,340320.722709596,272735.675659876,2026-05-03 22:36:11,I,1,정상영업,2024-03-07 16:00:34,,2001-10-22,14022,,대구광역시 북구 동천동 968호,2001345007307500028,3450000,대구광역시 북구 동암로12길 8 (동천동),,,01,영업/정상,대규모점포,,,053-607-8000
롯데쇼핑(주) 롯데마트 서대전점,대형마트,,228962.548245134,311265.617953081,2026-05-09 03:03:03,U,1,정상영업,2026-05-08 08:44:04,,2001-10-16,16205.68,,대전광역시 유성구 원내동 33호 외 19필지,2001367001407500001,3670000,대전광역시 유성구 유성대로 26-37 (원내동),,,01,영업/정상,대규모점포,,,042-540-2500
주식회사지마트(G-MART),대형마트,,338678.797272666,260540.364298043,2025-12-15 16:15:28,I,2,휴업처리,2007-07-14 12:20:22,,2001-10-16,5022,,대구광역시 달서구 본동 881호,2001347001307500001,3470000,대구광역시 달서구 와룡로5길 20 (본동),,,02,휴업,,,,053-629-6768
한양2차상가,그 밖의 대규모점포,,179379.074360347,462805.739928927,2025-12-15 16:15:28,I,2,휴업처리,2007-06-30 13:26:54,,2001-10-15,,,경기도 고양시일산서구 주엽동 75호,2000394000007500020,3940000,,,,02,휴업,,,,
아워스몰,그 밖의 대규모점포,,180539.609005671,460835.850681465,2025-12-15 16:15:28,I,2,휴업처리,2007-06-30 13:26:54,,2001-10-15,,,경기도 고양시일산동구 마두동 806호,2000394000007500019,3940000,,,,02,휴업,,,,
부림BM(주) 클레프 여수점,대형마트,2006-06-14,259541.66563628,142254.373781411,2026-07-14 11:38:15,I,3,폐업처리,2008-12-12 11:06:04,,2001-10-13,1046,,전남광주통합특별시 여수시 선원동 1268번지 2호,2001481001907500001,5785000,전남광주통합특별시 여수시 무선로 187 (선원동),,,03,폐업,,,,062-690-8000
NC WAVE 충장점,쇼핑센터,,192005.763977005,183296.861295777,2026-07-14 11:38:15,I,1,정상영업,2026-05-12 09:12:55,,2001-10-10,18487,,전남광주통합특별시 동구 충장로4가 29번지 2호 외3필지,2001359001107500001,5805000,전남광주통합특별시 동구 중앙로 163 (충장로4가),,,01,영업/정상,대규모점포,,,062-718-9331
(주)이마트수원점,대형마트,,201782.733115582,416501.699707548,2026-03-11 01:45:41,I,4,직권취소,2014-10-15 17:49:41,,2001-10-05,0,441-390,경기도 수원시 권선구 권선동 1189번지,2001374001107500001,3740000,경기도 수원시 권선구 경수대로 270 (권선동),,,04,취소/말소/만료/정지/중지,대규모점포,,,031-207-1051
롯데쇼핑(주) 롯데마트맥스 영등포점,구분없음,,191503.386111551,447289.548355449,2026-05-11 22:40:06,U,1,정상영업,2026-05-04 10:15:11,,2001-09-25,12066.16,,서울특별시 영등포구 영등포동8가 62번지 1호,2001318007607500031,3180000,서울특별시 영등포구 영중로 125 (영등포동8가),,,01,영업/정상,대규모점포,,,02-2165-2521
신세계이마트충주점,대형마트,,,,2025-12-15 16:15:28,I,2,휴업처리,2007-06-30 11:35:13,,2001-09-24,,,충청북도 충주시 문화동 호 1024,2001439002407500002,4390000,,,,02,휴업,,,,
롯데백화점 동래점,백화점,,389097.800933845,192260.811648263,2026-04-29 03:03:03,U,1,정상영업,2026-04-28 13:02:57,,2001-09-17,29893.22,,,2012330007907500001,3300000,부산광역시 동래구 중앙대로 1393 (온천동),,,01,영업/정상,대규모점포,,,051-668-2202
(주)이마트 수원점,대형마트,,201782.733115582,416501.699707548,2026-03-11 01:45:41,I,1,정상영업,2024-04-29 10:48:09,,2001-09-13,10907.67,,,2013374017307500001,3740000,경기도 수원시 권선구 경수대로 270 (권선동),,,01,영업/정상,대규모점포,,,031-207-1054
NC수원 터미널점,그 밖의 대규모점포,,201782.733115582,416501.699707548,2026-05-12 21:48:10,U,1,정상영업,2026-05-11 17:26:34,,2001-09-13,26072.06,,경기도 수원시권선구 권선동 1189호,2001374001107500002,3740000,경기도 수원시 권선구 경수대로 270 (권선동),,,01,영업/정상,대규모점포,,,
성동마트,그 밖의 대규모점포,,205260.827743854,448399.948660115,2026-05-07 22:31:40,I,4,직권취소,2017-03-08 15:17:20,2017-03-08,2001-09-13,8495.01,133-120,서울특별시 성동구 성수동2가 231번지 1호,2001303010307500002,3030000,,,,04,취소/말소/만료/정지/중지,대규모점포,,,
제페(JEFE),그 밖의 대규모점포,,,,2025-12-15 16:15:28,I,2,휴업처리,2007-06-23 14:33:26,,2001-09-10,6987.46,,경기도 안양시만안구 안양동 668번지 33호,2001383006207500001,3830000,경기도 안양시 만안구 안양로 316 (안양동),,,02,휴업,,,,031-443-0171
월마트코리아(주)중앙점,그 밖의 대규모점포,,411286.398998118,230936.514095559,2026-05-06 22:48:23,I,2,휴업처리,2007-06-23 10:12:32,,2001-09-08,11618.29,,울산광역시 중구 학성동 349번지 15호,2001369006007500002,3690000,울산광역시 중구 구교로 59 (학성동),,,02,휴업,,,,052-290-9190
롯데쇼핑(주)롯데마트 익산점,전문점,,197583.920751451,273199.222864609,2026-05-06 22:48:23,U,1,정상영업,2026-04-29 14:52:18,,2001-08-28,11765,,전북특별자치도 익산시 영등동 833번지 2호,2001468002007500001,4681000,전북특별자치도 익산시 무왕로 1053 (영등동),,,01,영업/정상,대규모점포,,,063-830-2500
(주)금보유통 LG 신제주점,대형마트,,151626.960526165,-1123.90701929614,2025-12-15 16:15:28,I,2,휴업처리,2007-06-30 13:46:00,,2001-08-27,6836,,제주특별자치도 제주시 노형동 919호,2001549007507500002,6510000,제주특별자치도 제주시 1100로 3348 (노형동),,,02,휴업,,,,064-711-6300
월마트 비산점,대형마트,,,,2026-05-06 22:35:25,I,BBBB,,2007-06-30 11:12:41,,2001-08-27,9375,,대구광역시 서구 비산동 1612번지 3호 외9필지,2001343001007500001,3430000,,,,01,영업/정상,,,,053-608-9130
E-PLAZA,그 밖의 대규모점포,,186638.794934674,184073.933211657,2026-07-14 11:38:15,I,BBBB,,2007-07-21 10:15:34,,2001-08-22,3596,,전남광주통합특별시 서구 치평동 1208번지 5호,2001360001207500002,5810000,전남광주통합특별시 서구 운천로 263 (치평동),,,01,영업/정상,,,,062-375-2032
씨마1020 분당점,쇼핑센터,,,,2025-12-15 16:15:28,I,2,휴업처리,2007-07-07 11:25:20,,2001-08-20,18266.71,,경기도 성남시분당구 서현동 호,2001378007607500001,3780000,,,,02,휴업,,,,
대구밀리오레,그 밖의 대규모점포,2007-09-04,344223.636477027,264597.611088657,2026-05-08 22:34:09,I,3,폐업처리,2010-11-02 14:59:06,,2001-08-20,0,,대구광역시 중구 문화동 11번지 1호,2001341001307500012,3410000,대구광역시 중구 국채보상로 611 (문화동),,,03,폐업,,,,02-6373-1117
현대백화점 미아점,백화점,,202466.801084521,456227.571720914,2025-12-15 16:15:28,I,1,정상영업,2024-04-08 17:44:03,,2001-08-11,36583,,서울특별시 성북구 길음동 20번지 1호,2001307013407500001,3070000,"서울특별시 성북구 동소문로 315 (길음동, 현대백화점미아점)",,,01,영업/정상,대규모점포,,,02-2117-3014
삼성테마트,그 밖의 대규모점포,2014-04-02,195547.140326252,447976.775939762,2026-05-06 22:48:25,I,3,폐업처리,2014-04-03 09:51:54,,2001-08-04,3386,,서울특별시 용산구 산천동 202호,2001302007407500002,3020000,서울특별시 용산구 원효로 51 (산천동),,,03,폐업,대규모점포,,,02-718-9555
씨마1020,쇼핑센터,2005-09-14,,,2025-12-15 16:15:28,I,3,폐업처리,2007-07-26 14:47:24,,2001-08-03,18516.8,,경기도 성남시분당구 서현동 166-1.2호,2005378010607500011,3780000,,,,03,폐업,,,,031-600-1092
홈플러스 주식회사 김포점,대형마트,,173328.23709684,457991.128265107,2025-12-15 16:15:28,I,1,정상영업,2024-02-21 18:08:15,,2001-08-01,12971,415-010,경기도 김포시 감정동 692번지,2001409006507500004,4090000,경기도 김포시 중봉로 14 (감정동),,,01,영업/정상,대규모점포,,,031-999-8000
삼성홈플러스 김포점,대형마트,,173328.23709684,457991.128265107,2025-12-15 16:15:28,I,2,휴업처리,2007-02-24 21:00:58,,2001-08-01,12971,,경기도 김포시 감정동 692호,2001409006507500001,4090000,경기도 김포시 중봉로 14 (감정동),,,02,휴업,,,,02-3459-8001
주)이마트평택점,대형마트,,206675.071220529,391060.040415712,2025-12-15 16:15:28,I,1,정상영업,2024-04-17 10:52:34,,2001-07-30,9364,,경기도 평택시 지제동 50호,2001391014907500001,3910000,경기도 평택시 영신로 29 (지제동),,,01,영업/정상,대규모점포,,,031-371-1234
(주)부귀,쇼핑센터,2001-11-20,152495.151347759,-885.089142987237,2025-12-15 16:15:28,I,3,폐업처리,2010-07-29 10:32:27,,2001-07-28,0,,제주특별자치도 제주시 연동 262번지 5호,2001549007507500001,6510000,제주특별자치도 제주시 신광로 52 (연동),,,03,폐업,,,,064-713-0500
금호그랜드,그 밖의 대규모점포,,385962.216302965,186038.510981912,2025-12-15 16:15:28,I,1,정상영업,2018-10-05 14:16:35,,2001-07-27,3540.51,614-102,부산광역시 부산진구 당감동 109번지 4호,2008329008507500004,3290000,부산광역시 부산진구 가야대로 635-12 (당감동),,,01,영업/정상,대규모점포,,,
신세계이마트상무점,대형마트,,186638.794934674,184073.933211657,2026-07-14 11:38:15,I,1,정상영업,2010-04-05 14:22:56,,2001-07-24,15306,,전남광주통합특별시 서구 치평동 1208번지 5호,2001360001207500001,5810000,전남광주통합특별시 서구 운천로 263 (치평동),,,01,영업/정상,,,,062-610-1050
롯데백화점 울산점,백화점,,412001.966655452,229039.563308072,2026-04-17 03:03:03,U,1,정상영업,2026-04-16 15:16:27,,2001-07-20,29960,680-746,울산광역시 남구 삼산동 1480번지 1호 롯데백화점,2009370005307500001,3700000,울산광역시 남구 삼산로 288 (삼산동),,,01,영업/정상,대규모점포,,,052-960-2812
이스테이션,그 밖의 대규모점포,2007-02-07,344182.11757593,264325.505091991,2026-05-08 22:34:09,I,3,폐업처리,2010-11-02 15:13:35,,2001-07-04,0,,대구광역시 중구 공평동 55번지 54  호,2001341001307520011,3410000,대구광역시 중구 동성로6길 36 (공평동),,,03,폐업,,,,053-428-4300
원주원예농협하나로클럽,쇼핑센터,,283125.943357781,426975.404734288,2025-12-15 16:15:28,I,1,정상영업,2019-08-23 09:23:10,,2001-06-27,3495.91,,강원특별자치도 원주시 단계동 803번지 2호 원주원예농협하나로클럽,2001419000007500001,4191000,"강원특별자치도 원주시 무실로 182, 원주원예농협하나로클럽 (단계동)",26434,,01,영업/정상,대규모점포,,,033-749-8888
홈플러스(주) 작전점,대형마트,,175291.982296046,447141.041163927,2026-05-10 23:19:02,I,1,정상영업,2024-02-28 17:19:13,,2001-06-27,18735,407-062,인천광역시 계양구 작전동 448번지 7호,20013,3550000,인천광역시 계양구 계양대로 27 (작전동),,,01,영업/정상,대규모점포,,,032-540-8124
이랜드리테일 당산점,그 밖의 대규모점포,,191177.584475692,447965.645513185,2026-05-11 22:40:05,U,1,정상영업,2026-05-04 10:14:01,,2001-06-20,4447.16,,서울특별시 영등포구 당산동5가 16번지 7호,2001318007607500030,3180000,서울특별시 영등포구 양평로 47 (당산동5가),,,01,영업/정상,대규모점포,2019-07-01,2020-06-30,02-2630-0220
삼성테스코(주)홈플러스간석점,그 밖의 대규모점포,,172419.743721009,440865.63488269,2026-03-26 22:49:55,I,2,휴업처리,2007-07-14 10:42:02,,2001-06-13,17373,,인천광역시 남동구 간석동 616번지 3호 외 2,2001353004907500002,3530000,"인천광역시 남동구 경원대로 971 (간석동,외 2)",,,02,휴업,,,,032-870-8124
GS THE FRESH 장유점,구분없음,,364626.145566326,190853.956405169,2025-12-15 16:15:28,I,5,영업개시전,2025-04-16 16:41:43,,2001-06-03,1265.9,,경상남도 김해시 부곡동 1160-2,2025535037407500002,5350000,경상남도 김해시 능동로167번길 7 (부곡동),50981,,01,영업/정상,준대규모점포,,,
롯데쇼핑(주) 롯데마트 화정점,대형마트,,185024.681774615,458969.125315118,2026-05-22 03:03:03,U,1,정상영업,2026-05-21 16:47:45,,2001-05-26,6916.04,,경기도 고양시덕양구 화정동 982호,2001394005707500024,3940000,경기도 고양시 덕양구 화중로 66 (화정동),,,01,영업/정상,대규모점포,,,
터미널전자상가,전문점,2013-12-20,196610.663839509,447742.348636253,2026-05-06 22:48:24,I,3,폐업처리,2013-12-20 16:12:19,,2001-05-24,14561.78,,서울특별시 용산구 한강로3가 40번지 969호,2001302007407500001,3020000,서울특별시 용산구 청파로20길 83 (한강로3가),,,03,폐업,대규모점포,,,02-704-5858
대구종합유통단지 섬유제품관,그 밖의 대규모점포,,345250.756579118,268519.387279206,2026-05-03 22:36:11,I,1,정상영업,2025-05-19 16:32:33,,2001-05-22,12937.27,,대구광역시 북구 산격동 1667호,2001345007307500032,3450000,대구광역시 북구 유통단지로 60 (산격동),,,01,영업/정상,대규모점포,,,053-601-1500
NC 경산점,쇼핑센터,,356401.773686684,259344.674567842,2026-05-08 03:03:03,U,1,정상영업,2026-05-07 16:34:39,,2001-05-12,12133,,경상북도 경산시 중방동 332번지 13호,2001513001707500001,5130000,경상북도 경산시 중앙로 39 (중방동),,,01,영업/정상,대규모점포,,,02-2012-5805
코스트코홀세일 상봉점,대형마트,,207897.260402153,454953.363448013,2025-12-15 16:15:28,I,1,정상영업,2015-12-03 17:54:05,,2001-04-18,9776.28,,서울특별시 중랑구 상봉동 81호,2005306007507500001,3060000,서울특별시 중랑구 망우로 336 (상봉동),,,01,영업/정상,대규모점포,,,02-439-1144
(주)이마트 월배점,대형마트,,337647.188646821,258512.316695219,2025-12-15 16:15:28,I,1,정상영업,2024-04-18 18:34:31,,2001-04-14,16163.35,704-330,대구광역시 달서구 대천동 555번지,2011347011707500001,3470000,대구광역시 달서구 진천로 92 (대천동),,,01,영업/정상,대규모점포,,,
이마트 천안점,대형마트,,211285.641300884,366082.226799409,2025-12-15 16:15:28,I,1,정상영업,2024-04-19 17:53:00,,2001-04-13,11786,,충청남도 천안시 서북구 쌍용동 191번지 E 마트,2001449013107500007,4490000,"충청남도 천안시 서북구 충무로 187, E 마트 (쌍용동)",31180,,01,영업/정상,대규모점포,,,041-620-1052
프라이비트 대구점,그 밖의 대규모점포,2008-05-22,343957.894411338,264325.130246658,2026-05-08 22:34:09,I,3,폐업처리,2010-11-02 14:43:54,,2001-03-30,0,,대구광역시 중구 동성로2가 125호,1997341005107500001,3410000,대구광역시 중구 동성로 17 (동성로2가),,,03,폐업,,,,053-428-3000
동성타워프라자,복합쇼핑몰,,208520.092335397,456195.877460936,2025-12-15 16:15:28,I,1,정상영업,2012-11-05 14:23:19,,2001-03-28,4136,131-867,서울특별시 중랑구 신내1동 786번지 동성타워프라자,2011306009507500006,3060000,서울특별시 중랑구 봉화산로 221 (신내동),,,01,영업/정상,대규모점포,,,34232975
이마트천호점,대형마트,,211025.924972294,448495.189151526,2026-05-06 22:47:30,I,2,휴업처리,2007-06-30 10:04:31,,2001-03-27,,,서울특별시 강동구 천호동 454번지 0001호,2001324010607500001,3240000,,,,02,휴업,,,,02-2224-1053
(주)신세계 마산점,백화점,,344361.357213009,192302.09720122,2026-04-30 22:00:14,I,1,정상영업,2022-04-26 15:41:41,,2001-03-26,26674.69,,경상남도 마산시 산호동 10번지 3 호,2001528015507500020,5670000,경상남도 창원시 마산합포구 합포로 251 (산호동),,,01,영업/정상,대규모점포,,,055-240-1041
롯데쇼핑(주)롯데마트화명점,대형마트,,383175.025396512,194733.01249893,2026-05-14 03:03:03,U,1,정상영업,2026-05-13 10:39:15,,2001-03-24,8579.51,,부산광역시 북구 화명동 2273호,2001332005907500001,3320000,"부산광역시 북구 화명대로 47 (화명동, 롯데마트(화명점))",,,01,영업/정상,대규모점포,,,
샤크존,그 밖의 대규모점포,,195769.966943865,432304.250823794,2025-12-15 16:15:28,I,1,정상영업,2007-06-23 14:33:26,,2001-03-16,,,경기도 안양시동안구 비산동 1110번지 1호,2001383000007500002,3830000,경기도 안양시 동안구 평촌대로243번길 30 (비산동),,,01,영업/정상,,,,031-345-6903
안양국제유통단지,그 밖의 대규모점포,,195688.283843608,429949.927810159,2025-12-15 16:15:28,I,1,정상영업,2014-10-28 14:14:57,,2001-03-15,108067,431-763,경기도 안양시 동안구 호계동 555번지 9호,2001383000007500001,3830000,"경기도 안양시 동안구 엘에스로 92 (호계동, 안양국제유통단지)",,,01,영업/정상,대규모점포,,,031-479-3000
(주)이마트군산점,대형마트,,176003.990213014,275855.723670155,2026-05-06 22:48:22,I,1,정상영업,2024-04-16 16:25:19,,2001-03-05,13871,,전북특별자치도 군산시 경암동 590번지 296 호,2001467011207500002,4671000,전북특별자치도 군산시 구암3.1로 137 (경암동),,,01,영업/정상,대규모점포,,,063-472-1053
권선종합프라자,그 밖의 대규모점포,,,,2026-03-11 01:45:41,I,4,직권취소,2019-11-18 17:35:27,,2001-03-03,0,,경기도 수원시권선구 곡반정동 485번지 8호,2001374001107500004,3740000,,,,04,취소/말소/만료/정지/중지,대규모점포,,,031-221-7083
홈플러스 익스프레스 신정4점,구분없음,2021-09-28,188554.940218695,446701.745114511,2025-12-15 16:15:28,I,3,폐업처리,2022-04-13 11:37:49,,2001-03-01,225.64,,서울특별시 양천구 신정동 1297,2022314016707500001,3140000,"서울특별시 양천구 목동동로 190(신정동, 길훈로즈빌)",08010,,03,폐업,준대규모점포,,,
(주)이마트만촌점,대형마트,2001-02-19,347499.572047759,264675.115032709,2026-05-03 22:40:51,I,3,폐업처리,2015-09-18 16:22:50,,2001-02-19,0,,"대구광역시 수성구 만촌동 1356-5, 1343-3호",2001346005507500021,3460000,대구광역시 수성구 동원로 136 (만촌동),,,03,폐업,대규모점포,,,053-602-1050
(주)이마트 만촌점,대형마트,,347757.985568431,264692.744180043,2026-05-03 22:40:51,I,1,정상영업,2024-04-22 15:51:43,,2001-02-12,10578.56,706-803,대구광역시 수성구 만촌1동 1356번지 5호,2001346010207500001,3460000,대구광역시 수성구 동원로 136 (만촌동),,,01,영업/정상,대규모점포,,,053-602-1052
(주)뉴월드 삼화점,쇼핑센터,2016-01-20,160005.882138562,2662.09187626899,2025-12-15 16:15:28,I,3,폐업처리,2016-01-20 15:20:02,,2001-01-30,3136,,제주특별자치도 제주시 화북일동 1244번지 1호,2001549000007500001,6510000,제주특별자치도 제주시 일주동로 233 (화북일동),,,03,폐업,대규모점포,,,064-726-4600
김제쇼핑센터,그 밖의 대규모점포,,,,2026-05-03 22:50:53,I,2,휴업처리,2007-07-07 11:05:41,,2001-01-11,,,전북특별자치도 김제시 요촌동 423번지 2   호,2001471001107500001,4711000,,,,02,휴업,,,,063-540-3879
(주)이마트  동인천점,대형마트,,,,2026-07-01 09:42:12,I,1,정상영업,2024-04-18 09:55:24,,2001-01-06,10337,,인천광역시 제물포구 신생동 38호,2001349001207500012,3501000,인천광역시 제물포구 인중로 134 (신생동),,,01,영업/정상,대규모점포,,,032-451-1053
코스트코코리아,대형마트,,203123.870437513,439984.847528537,2025-12-15 16:15:28,I,1,정상영업,2015-12-09 17:24:01,,2000-12-09,9977.11,,,2013321012207500016,3210000,서울특별시 서초구 양재대로 159 (양재동),,,01,영업/정상,대규모점포,,,1899-9900
롯데마트의정부점,대형마트,2022-03-08,207357.633104922,471153.493650556,2026-05-11 22:02:21,I,3,폐업처리,2022-03-11 15:30:19,,2000-12-08,10990,480-859,경기도 의정부시 용현동 527번지 1호,20001208,3820000,경기도 의정부시 산단로76번길 116 (용현동),,,03,폐업,대규모점포,,,031-850-2500
롯데쇼핑(주) 마그넷 의정부점,대형마트,2020-07-31,207357.633104922,471153.493650556,2026-05-11 22:02:22,U,3,폐업처리,2026-04-20 13:46:59,,2000-12-07,1273.1,,경기도 의정부시 용현동 527번지 1호,2000382007907500002,3820000,경기도 의정부시 산단로76번길 116 (용현동),,,03,폐업,준대규모점포,,,031-850-2511
한일밀라노존,전문점,2010-05-10,344009.240935636,264537.611181944,2026-05-08 22:34:09,I,3,폐업처리,2010-05-11 10:08:42,,2000-12-07,3238.4,,대구광역시 중구 동성로2가 88번지 22호,2006341001307500001,3410000,대구광역시 중구 동성로 39 (동성로2가),,,03,폐업,,,,053-421-5658
한일밀라노존,전문점,2010-05-10,,,2026-05-08 22:34:09,I,3,폐업처리,2011-03-11 15:07:22,,2000-12-07,0,,대구광역시 중구 동성로2가 88-22호,2000341005107500001,3410000,,,,03,폐업,,,,053-421-5658
EXCO Mall,그 밖의 대규모점포,,345549.110170479,268620.845678103,2026-05-03 22:36:11,I,1,정상영업,2025-07-14 15:42:41,,2000-12-01,5600,,대구광역시 북구 산격동 1676 대구전시컨벤션센터,2007345009907500001,3450000,"대구광역시 북구 엑스코로 10, 대구전시컨벤션센터 (산격동)",41515,,01,영업/정상,대규모점포,,,
베네시움,그 밖의 대규모점포,,342873.708751435,264097.482094432,2026-05-08 22:34:09,I,1,정상영업,2007-07-14 13:31:56,,2000-11-22,,,대구광역시 중구 동산동 562호,2000341004607500001,3410000,대구광역시 중구 달성로 18 (동산동),,,01,영업/정상,,,,053-211-0001
(주)이마트목포점,복합쇼핑몰,,147330.159338132,146042.70347835,2026-07-14 11:38:15,I,1,정상영업,2024-05-09 14:44:11,,2000-11-16,10629.42,,전남광주통합특별시 목포시 옥암동 915번지 25호,2005480009307500002,5780000,전남광주통합특별시 목포시 옥암로 138 (옥암동),,,01,영업/정상,대규모점포,,,061-260-1053
홈플러스(주) 원천점,대형마트,2026-07-14,205572.586871555,418683.704929064,2026-07-15 21:48:10,U,3,폐업처리,2026-07-14 09:59:12,,2000-11-13,9326.64,,경기도 수원시 영통구 원천동 177번지 1호,2015374030907500004,3740000,경기도 수원시 영통구 중부대로 437 (원천동),16513,,03,폐업,대규모점포,2025-12-28,2026-12-25,031-252-2080
홈플러스테스코(주) 원천점,대형마트,2015-11-09,205572.586871555,418683.704929064,2026-03-11 01:45:41,I,3,폐업처리,2015-11-09 10:05:52,,2000-11-13,9326.64,,경기도 수원시영통구 원천동 177번지 1호,2004374001107500002,3740000,경기도 수원시 영통구 중부대로 437 (원천동),,,03,폐업,대규모점포,,,031-217-6345
한국까르푸(주) 원천점,쇼핑센터,,205572.586871555,418683.704929064,2026-03-11 01:45:40,I,4,직권취소,2008-04-04 11:11:59,,2000-11-13,0,,경기도 수원시영통구 원천동 177번지 1호,2000374001107500024,3740000,경기도 수원시 영통구 중부대로 437 (원천동),,,04,취소/말소/만료/정지/중지,,,,
롯데백화점 포항점,백화점,,413457.339843014,285842.648592678,2026-05-07 22:37:42,U,1,정상영업,2026-04-20 11:05:39,,2000-11-10,24902.88,791-710,경상북도 포항시북구 학산동 127번지 9호 롯데백화점,2000502016507500001,5020000,경상북도 포항시 북구 학산로 62 (학산동),,,01,영업/정상,대규모점포,,,054-230-1000
케이프타운,그 밖의 대규모점포,2021-10-18,351260.497721082,194674.701177344,2026-04-30 22:00:14,I,3,폐업처리,2021-10-18 17:41:58,,2000-11-04,23014,,경상남도 창원시 반지동 78호,2000527002207500005,5670000,경상남도 창원시 성산구 원이대로393번길 25 (반지동),,,03,폐업,대규모점포,,,055-276-1412
대구종합유통단지 일반의류관,그 밖의 대규모점포,,345320.332290336,268402.372721347,2026-05-03 22:36:09,I,2,휴업처리,2007-07-07 12:21:29,,2000-11-03,14926,,대구광역시 북구 산격동 1668호,2000345000007500001,3450000,대구광역시 북구 유통단지로14길 22 (산격동),,,02,휴업,,,,053-381-1700
홈플러스(주) 김해점,대형마트,,370158.843415118,195217.779643226,2025-12-15 16:15:28,I,1,정상영업,2024-02-27 14:02:52,,2000-10-21,31040.36,621-746,경상남도 김해시 내동 1131-2,2000535016407500001,5350000,경상남도 김해시 김해대로 2078 (내동),,,01,영업/정상,대규모점포,,,055-320-8023
NC WAVE 객사점,복합쇼핑몰,,213034.495714735,257726.858521044,2026-05-05 03:03:03,U,1,정상영업,2026-05-04 14:57:08,,2000-10-12,7721,560-060,전북특별자치도 전주시 완산구 고사동 96번지 1호 고사동 105번지,2013464036307500001,4641000,전북특별자치도 전주시 완산구 전주객사5길 35 (고사동),,,01,영업/정상,대규모점포,,,063-285-0012
홈플러스 창원점,대형마트,,349554.531300316,193997.823602934,2026-04-30 22:00:14,I,1,정상영업,2021-06-15 09:47:01,,2000-10-06,30100,641-847,경상남도 창원시 의창구 팔용동 30번지 3호,2000527002207500004,5670000,경상남도 창원시 의창구 창원대로 415 (팔용동),,,01,영업/정상,대규모점포,,,055-270-8124
가음시장대상가,그 밖의 대규모점포,,354464.882255751,191175.033160605,2026-04-30 22:00:14,I,1,정상영업,2017-06-29 08:33:21,,2000-10-06,9663,,경상남도 창원시 성산구 가음동 21-20번지,2000527002207500003,5670000,"경상남도 창원시 성산구 원이대로883번길 15-24 (가음동, 가음시장대상가)",51492,,01,영업/정상,대규모점포,,,055-264-5920
(주)이랜드리테일홈에버가양점,쇼핑센터,,186687.131804431,451342.773451086,2025-12-15 16:15:28,I,2,휴업처리,2007-07-14 13:55:24,,2000-10-06,0,,서울특별시 강서구 가양동 18번지 24호,2000315010007500001,3150000,,,,02,휴업,,,,02-3664-9400
수협바다마트 쇼핑몰,쇼핑센터,2009-08-26,175300.492202442,455067.898518183,2025-12-15 16:15:28,I,3,폐업처리,2010-11-04 13:22:41,,2000-09-28,0,,경기도 김포시 풍무동 595호,2000409004407500003,4090000,경기도 김포시 풍무로 20 (풍무동),,,03,폐업,,,,031-998-1003
롯데쇼핑(주) 롯데마트 사하점,대형마트,,379719.031458622,177973.843364907,2026-05-13 22:18:10,U,1,정상영업,2026-05-12 16:10:11,,2000-09-26,9547.15,,부산광역시 사하구 장림동 1033-2 롯데마트,2012334008007500009,3340000,"부산광역시 사하구 을숙도대로 610, 롯데마트 (장림동)",49472,,01,영업/정상,대규모점포,,,051-603-2522
주식회사 신세계마트,대형마트,2007-07-14,199145.32420106,451040.432662092,2026-05-03 22:40:51,I,3,폐업처리,2015-09-18 16:14:36,,2000-09-22,0,,서울특별시 중구 충무로3가 60번지 1호,2001346005507500020,3460000,서울특별시 중구 퇴계로 173 (충무로3가),,2006-12-15,03,폐업,대규모점포,,,02-3468-1034
상남시장,그 밖의 대규모점포,,353189.423782494,192735.097969597,2026-04-30 22:00:14,U,1,정상영업,2026-04-20 15:45:43,,2000-09-19,24036.6,641-832,경상남도 창원시 상남동 16번지,2000527002207500002,5670000,경상남도 창원시 성산구 마디미로 28 (상남동),,,01,영업/정상,대규모점포,,,055-262-1494
팜스프링상가,그 밖의 대규모점포,,180301.586510037,474515.966540523,2026-05-02 22:04:32,I,1,정상영업,2013-11-20 17:26:25,,2000-09-15,10000,,경기도 파주시 아동동 산6-1호,2000406000007500001,4060000,경기도 파주시 송화로 13 (금촌동),,,01,영업/정상,대규모점포,,,
롯데쇼핑(주)롯데마트맥스 상무점,그 밖의 대규모점포,,186476.010874769,183702.292924632,2026-07-14 11:38:15,I,1,정상영업,2026-05-07 17:13:46,,2000-09-04,14073,,전남광주통합특별시 서구 치평동 1239호,2000360001207500001,5810000,"전남광주통합특별시 서구 시청로 40 (치평동, 롯데마트 상무점)",,,01,영업/정상,대규모점포,,,062-0602-2520
롯데쇼핑(주)롯데마트천안점,대형마트,,210350.365980618,366539.832359485,2025-12-15 16:15:28,I,1,정상영업,2020-02-25 15:07:24,,2000-09-04,1023.7,331-090,충청남도 천안시 서북구 쌍용동 1367번지,2000449011907500011,4490000,충청남도 천안시 서북구 월봉로 95 (쌍용동),,,01,영업/정상,대규모점포,,,041-585-2500
신세계백화점 천안아산점,백화점,,213910.850637373,368774.087611534,2025-12-15 16:15:28,I,1,정상영업,2021-12-01 13:36:04,,2000-09-01,63095,,충청남도 천안시 동남구 신부동 354-1 신세계백화점 천안아산점,2000449011907500009,4490000,"충청남도 천안시 동남구 만남로 43, 신세계백화점 천안아산점  (신부동)",31120,,01,영업/정상,대규모점포,,,041-620-7000
엔씨서면점,쇼핑센터,2024-06-17,387920.292113406,186157.316240541,2025-12-15 16:15:28,I,3,폐업처리,2024-06-18 09:14:27,,2000-09-01,33480,,부산광역시 부산진구 전포동 668-1호,2000329000107500040,3290000,부산광역시 부산진구 동천로 92 (전포동),,,03,폐업,대규모점포,,,051-794-7020
(주)이마트 진주점,대형마트,,298054.527527208,188573.551987221,2025-12-15 16:15:28,I,1,정상영업,2015-03-12 13:36:00,,2000-08-29,10370,,,2014531014307500001,5310000,경상남도 진주시 진양호로 477-0 (인사동),,,01,영업/정상,대규모점포,,,055-749-1234
삼성테스코(주)홈플러스 북수원점,대형마트,,200709.882380059,422304.072402192,2026-03-11 01:45:40,I,4,직권취소,2014-10-14 11:15:14,,2000-08-26,0,440-200,경기도 수원시 장안구 조원동 896번지,2000374000007500001,3740000,경기도 수원시 장안구 경수대로 930 (조원동),,,04,취소/말소/만료/정지/중지,대규모점포,,,031-0259-8124
홈플러스(주) 영통점,대형마트,,206365.525651714,416652.30156114,2026-03-11 01:45:41,I,1,정상영업,2024-03-06 09:00:34,,2000-08-25,16100,,경기도 수원시영통구 영통동 994번지 2호,2004374001107500004,3740000,경기도 수원시 영통구 봉영로 1576 (영통동),,,01,영업/정상,대규모점포,,,031-201-8000
홈플러스(주) 북수원점,대형마트,,200709.882380059,422304.072402192,2026-03-11 01:45:41,I,1,정상영업,2024-03-06 08:52:29,,2000-08-25,20000.14,440-201,경기도 수원시 장안구 조원1동 896번지,2004374001107500001,3740000,경기도 수원시 장안구 경수대로 930 (조원동),,,01,영업/정상,대규모점포,,,031-259-8000
삼성테스코(주)홈플러스 영통점,대형마트,,206365.525651714,416652.30156114,2026-03-11 01:45:40,I,4,직권취소,2016-01-25 11:19:07,,2000-08-25,16100,,경기도 수원시영통구 영통동 994번지 2호,2000374001107500026,3740000,경기도 수원시 영통구 봉영로 1576 (영통동),,,04,취소/말소/만료/정지/중지,대규모점포,,,031-201-8000
삼성홈플러스영통점,그 밖의 대규모점포,,206365.525651714,416652.30156114,2026-03-11 01:45:40,I,4,직권취소,2011-04-18 15:31:43,,2000-08-25,9964.65,,경기도 수원시영통구 영통동 994번지 2   호,2000374001107500025,3740000,경기도 수원시 영통구 봉영로 1576 (영통동),,,04,취소/말소/만료/정지/중지,,,,031-223-5743
(주)아람마트 창원점,대형마트,,351260.497721082,194674.701177344,2026-04-30 22:00:14,I,1,정상영업,2009-05-15 15:18:15,,2000-08-23,0,,경상남도 창원시 반지동 78호,2000527002207500001,5670000,경상남도 창원시 성산구 원이대로393번길 25 (반지동),,,01,영업/정상,,,,055-276-3535
신세계백화점메사점,쇼핑센터,2025-02-14,198129.435542814,450900.239718295,2026-03-26 22:48:22,I,3,폐업처리,2025-02-18 17:22:14,,2000-08-21,12585.13,100-881,서울특별시 중구 회현동1가 204번지 메사빌딩,2010301010007500002,3010000,"서울특별시 중구 남대문시장10길 2 (회현동1가,메사빌딩)",,,03,폐업,대규모점포,,,02-727-1471
(주)아이존,그 밖의 대규모점포,,,,2026-03-26 22:48:21,I,1,정상영업,2007-06-30 12:25:07,,2000-08-16,,,인천광역시 남구 주안동 30번지 1   호,2000351001307500010,3510500,,,,01,영업/정상,,,,032-876-7321
한국까르푸주식회사순천점,쇼핑센터,,246427.675879142,160255.485969845,2026-07-14 11:38:15,I,1,정상영업,2007-07-21 11:08:49,,2000-08-01,,,전남광주통합특별시 순천시 풍덕동 300호,2000482000007500024,5790000,전남광주통합특별시 순천시 팔마로 222 (풍덕동),,,01,영업/정상,,,,061-745-7092
로얄(ROYAL),쇼핑센터,,180651.538092321,442519.201363166,2025-12-15 16:15:28,I,4,직권취소,2014-02-11 13:45:01,,2000-07-19,0,,경기도 부천시 원미구심곡동 173번지 1호,2000386000007500002,3860000,경기도 부천시 원미구 부천로 3-1 (심곡동),,,04,취소/말소/만료/정지/중지,대규모점포,,,032-226-2604
롯데쇼핑(주)롯데마트 송파점,대형마트,,210343.699256005,443288.284974717,2026-05-27 03:03:03,U,1,정상영업,2026-05-26 13:36:04,,2000-07-13,17693,,서울특별시 송파구 문정동 150번지 2호,2002323007807500002,3230000,서울특별시 송파구 중대로 80 (문정동),,,01,영업/정상,대규모점포,,,02-2006-7710
홈플러스(주) 안산점,대형마트,2021-12-11,186639.994472089,423921.240397456,2025-12-15 16:15:28,I,3,폐업처리,2022-01-13 13:39:32,,2000-07-07,18793,,경기도 안산시상록구 성포동 586호,2000393009207500015,3930000,경기도 안산시 상록구 충장로 432 (성포동),,,03,폐업,대규모점포,,,031-412-8088
남산타운2상가,그 밖의 대규모점포,,200750.455125653,449638.824308081,2026-03-26 22:48:23,I,1,정상영업,2016-04-10 18:30:01,,2000-07-07,5268.33,,,2014301013007500016,3010000,서울특별시 중구 다산로 32 (신당동),,,01,영업/정상,대규모점포,,,02-2256-3500
남산타운5상가,그 밖의 대규모점포,,200750.455125653,449638.824308081,2026-03-26 22:48:23,I,1,정상영업,2015-01-30 14:59:15,,2000-07-07,6954.85,,,2014301013007500015,3010000,서울특별시 중구 다산로 32 (신당동),,,01,영업/정상,대규모점포,,,02-2256-3500
롯데백화점(강남점),백화점,,204669.543366778,443873.621189048,2026-04-10 03:03:03,U,1,정상영업,2026-04-09 15:46:05,,2000-06-16,26532,,서울특별시 강남구 대치동 937호,2001322008307500029,3220000,서울특별시 강남구 도곡로 401 (대치동),,,01,영업/정상,대규모점포,,,02-531-2015
킴스클럽,대형마트,,211750.89622364,448202.632546787,2026-05-06 22:47:30,I,2,휴업처리,2007-06-30 10:04:31,,2000-06-14,,,서울특별시 강동구 천호동 565호,2000324007307500002,3240000,,,,02,휴업,,,,02-0488-7244
메르존,그 밖의 대규모점포,,189263.01222247,439900.832910796,2025-12-15 16:15:28,I,2,휴업처리,2007-06-30 13:48:41,,2000-06-09,,,경기도 광명시 하안동 38호,2000390000007500015,3900000,,,,02,휴업,,,,02-3397-7007
밀리오레명동,그 밖의 대규모점포,,198562.632745775,450975.116406048,2026-03-26 22:48:21,I,4,직권취소,2019-06-14 11:19:21,2019-06-14,2000-05-30,12619,,서울특별시 중구 충무로1가 24번지 1호,2002301007107500000,3010000,"서울특별시 중구 퇴계로 115 (충무로1가, 밀레오레 명동)",04536,,04,취소/말소/만료/정지/중지,대규모점포,,,02-2124-1510
(주)이마트이천점,복합쇼핑몰,,240622.258190291,421449.129399305,2026-05-09 22:02:22,I,1,정상영업,2024-04-17 13:19:02,,2000-05-22,8879,,경기도 이천시 증포동 47-4번지 13호,2000407001707500001,4070000,경기도 이천시 이섭대천로 1440-50 (증포동),,,01,영업/정상,대규모점포,,,031-644-8053
(주)메가마트 신선도원몰,복합쇼핑몰,,413563.965527814,231761.714847983,2026-05-14 03:03:03,U,1,정상영업,2026-05-13 18:37:56,,2000-05-19,38183.15,,"울산광역시 북구 진장동 진장명촌지구 54B 1N, 53B 4~11N",2009372007007500001,3720000,"울산광역시 북구 진장17길 10 (진장동, 메가마트)",44250,,01,영업/정상,대규모점포,,,
확산마트,대형마트,,,,2026-04-30 22:30:10,I,1,정상영업,2007-07-14 11:21:18,,2000-05-18,200,,대구광역시 동구 각산동 호,2000342000007500003,3420000,,,,01,영업/정상,,,,
동대구,그 밖의 대규모점포,,,,2026-04-30 22:30:10,I,1,정상영업,2007-07-14 11:21:18,,2000-05-18,8,,대구광역시 동구 각산동 호,2000342000007500002,3420000,,,,01,영업/정상,,,,
확산대형마트,대형마트,,,,2026-04-30 22:30:10,I,1,정상영업,2007-07-14 11:21:18,,2000-05-18,200,,대구광역시 동구 각산동 호,2000342000007500001,3420000,,,,01,영업/정상,,,,
노바가구,대형마트,,,,2025-12-15 16:15:28,I,1,정상영업,2007-07-07 10:38:36,,2000-05-12,,,경상남도 김해시 한림면 신천리 736번지 1   호,2000535001407500016,5350000,,,,01,영업/정상,,,,055-343-0100
(주)이마트 이천점,대형마트,,240622.258190291,421449.129399305,2026-05-09 22:02:22,I,4,직권취소,2018-11-30 13:58:13,,2000-05-03,0,,경기도 이천시 증포동 47번지 4호,2000407001707500002,4070000,경기도 이천시 이섭대천로 1440-50 (증포동),,,04,취소/말소/만료/정지/중지,대규모점포,,,031-644-8053
코엑스 몰,복합쇼핑몰,,205340.631121567,445354.571117445,2025-12-15 16:15:28,I,1,정상영업,2024-04-03 09:54:25,,2000-05-03,80038,135-731,서울특별시 강남구 삼성동 159번지 1호 외,2001322008307500032,3220000,서울특별시 강남구 영동대로 513 (삼성동),,,01,영업/정상,대규모점포,,,02-6002-5309
주식회사 이마트 상봉점,대형마트,2024-05-14,208183.558935157,454911.24852306,2025-12-15 16:15:28,I,3,폐업처리,2024-05-14 10:35:54,,2000-05-03,9961.6,131-230,서울특별시 중랑구 망우동 506번지 1호,2010306009507500001,3060000,서울특별시 중랑구 상봉로 118 (망우동),,,03,폐업,대규모점포,,,02-490-1052
쥬네쓰시장,그 밖의 대규모점포,,243582.088026347,348339.218504478,2026-05-06 22:48:29,I,1,정상영업,2021-09-24 15:11:41,,2000-05-02,3990,,충청북도 청주시 상당구 북문로1가 170-1번지,2000436000907500022,5710000,충청북도 청주시 상당구 상당로81번길 33 (북문로1가),,,01,영업/정상,대규모점포,,,043-258-5000
지지아나,쇼핑센터,,180657.771489919,442562.696376175,2025-12-15 16:15:28,I,4,직권취소,2014-02-11 13:11:58,,2000-05-02,0,,경기도 부천시 원미구심곡동 174번지 1   호,2000386000007500001,3860000,경기도 부천시 원미구 부천로 7 (심곡동),,,04,취소/말소/만료/정지/중지,대규모점포,,,032-612-2533
웨스틴 서울 파르나스 아케이드,쇼핑센터,,205130.591678902,445590.096837802,2025-12-15 16:15:28,I,1,정상영업,2025-08-11 16:11:16,,2000-05-01,5683.94,,서울특별시 강남구 삼성동 159호,2001322008307500031,3220000,서울특별시 강남구 봉은사로 524 (삼성동),,,01,영업/정상,대규모점포,,,02-559-7049
성담스퀘어,쇼핑센터,,176599.546077229,427145.740913738,2026-05-11 22:05:13,I,1,정상영업,2024-04-19 14:16:58,,2000-04-12,12684.89,429-450,경기도 시흥시 정왕동 1734번지 1호,2000401007807500002,4010000,경기도 시흥시 정왕대로 210 (정왕동),,,01,영업/정상,대규모점포,,,031-365-5050
파라다이스명품관,대형마트,,,,2026-05-10 22:54:09,I,2,휴업처리,2007-07-07 10:11:47,,2000-04-12,,,부산광역시 해운대구 중동 1411번지 1   호,2000333001507500001,3330000,,,,02,휴업,,,,051-742-2121
홈플러스(주) 야탑점,대형마트,,211202.148849893,434560.911834998,2025-12-15 16:15:28,I,1,정상영업,2024-02-29 16:08:00,,2000-04-01,10370,,경기도 성남시분당구 야탑동 341호,2000378000007520005,3780000,경기도 성남시 분당구 성남대로925번길 16 (야탑동),,,01,영업/정상,대규모점포,,,031-705-2080
한진종합상가,그 밖의 대규모점포,,202511.142930696,450401.303715561,2026-05-07 22:31:40,I,1,정상영업,2024-01-22 16:10:33,,2000-03-31,5873.69,,서울특별시 성동구 행당동 346번지 행당 한진타운 종합상가,2000303010307500001,3030000,"서울특별시 성동구 행당로 84, 행당 한진타운 종합상가 (행당동)",04717,,01,영업/정상,대규모점포,,,02-2281-7003
(주)마트앤마트,그 밖의 대규모점포,,190724.076411401,189336.911607023,2026-07-14 11:38:15,I,1,정상영업,2007-06-16 11:13:33,,2000-03-28,,,전남광주통합특별시 북구 일곡동 839번지 1호,2000362001207500017,5820000,전남광주통합특별시 북구 설죽로 490 (일곡동),,,01,영업/정상,,,,062-0574-9368
세창쇼핑몰,쇼핑센터,2015-07-01,,,2026-05-07 22:30:16,I,3,폐업처리,2015-07-01 16:00:28,,2000-03-17,0,,대전광역시 서구 괴정동 423-1호,2000366001507500028,3660000,,,,03,폐업,,,,042-601-3101
지오플레이스,그 밖의 대규모점포,,388011.197829908,185310.70532509,2025-12-15 16:15:28,I,1,정상영업,2018-10-05 11:27:29,,2000-03-15,25577.86,,부산광역시 부산진구 전포동 892-20호,2000329000107500039,3290000,부산광역시 부산진구 동천로 4 (전포동),,,01,영업/정상,대규모점포,,,051-818-2588
롯데쇼핑(주) 롯데마트 시흥점,대형마트,,181520.673307238,437898.181862031,2026-05-15 03:03:03,U,1,정상영업,2026-05-14 13:17:27,,2000-02-26,7480,429-874,경기도 시흥시 대야동 542번지,2000401007807500001,4010000,경기도 시흥시 비둘기공원로 28 (대야동),,2012-09-12,01,영업/정상,대규모점포,2012-01-30,2012-09-19,031-435-7500
(주)네오스포,그 밖의 대규모점포,,387101.414314415,185755.075318015,2025-12-15 16:15:28,I,1,정상영업,2018-07-17 15:34:15,,2000-02-24,65648,,부산광역시 부산진구 부전동 450호,2000329000107500038,3290000,부산광역시 부산진구 신천대로 122 (부전동),,,01,영업/정상,대규모점포,,,051-804-0245
롯데백화점 대전점,백화점,,234901.193914174,315605.266030179,2026-05-07 22:30:16,U,1,정상영업,2026-04-27 15:18:28,,2000-02-21,29063.89,302-794,대전광역시 서구 괴정동 423번지 1호,2000366001507500033,3660000,대전광역시 서구 계룡로 598 (괴정동),,,01,영업/정상,대규모점포,,,042-601-3102
한양프라자 평촌점,그 밖의 대규모점포,,195502.868856258,432568.804625745,2025-12-15 16:15:28,I,2,휴업처리,2007-06-23 14:33:26,,2000-02-09,6167.92,,경기도 안양시동안구 비산동 1109호,2000383000007500003,3830000,경기도 안양시 동안구 달안로 62 (비산동),,,02,휴업,,,,031-381-0022
롯데쇼핑(주)롯데마트부평역점,대형마트,,175405.11373693,443089.591009306,2026-05-12 22:48:10,U,1,정상영업,2026-05-11 15:57:21,,2000-02-08,8082,,인천광역시 부평구 부평동 738-21 부평민자역사,2000354004707500001,3540000,인천광역시 부평구 광장로 16(부평동),21404,,01,영업/정상,대규모점포,,,032-506-2500
마트크럽,쇼핑센터,,,,2026-05-03 22:50:53,I,1,정상영업,2007-07-07 11:05:41,,2000-02-07,,,전북특별자치도 김제시 서암동 397번지 1  호,2000471001107500003,4711000,,,,01,영업/정상,,,,063-545-2441
(주)네오스포,그 밖의 대규모점포,,387101.414314415,185755.075318015,2025-12-15 16:15:28,I,4,직권취소,2011-12-08 16:44:29,2008-04-11,2000-02-04,0,,부산광역시 부산진구 부전동 450호,2005329001307500003,3290000,부산광역시 부산진구 신천대로 122 (부전동),,,04,취소/말소/만료/정지/중지,대규모점포,,,051-816-6781
블루마트,그 밖의 대규모점포,,248717.499864558,161072.786856417,2026-07-14 11:38:15,I,1,정상영업,2007-07-21 11:08:49,,2000-02-02,,,전남광주통합특별시 순천시 해룡면 상삼리 426호,2000482000007500023,5790000,,,,01,영업/정상,,,,061-721-9001
성황리마트,그 밖의 대규모점포,,380187.188805508,183935.965594738,2025-12-15 16:15:28,I,1,정상영업,2011-11-14 14:28:28,,2000-01-25,42.96,,부산광역시 사상구 학장동 797번지 1   호,2000339001507500021,3390000,부산광역시 사상구 대동로 95 (학장동),,,01,영업/정상,대규모점포,,,051-312-1500
서원유통탑마트신평점,대형마트,,378825.263743941,179326.096542535,2026-05-07 22:31:32,I,1,정상영업,2024-06-04 17:19:38,,2000-01-25,3793,,부산광역시 사하구 신평동 452-1호,2000334001707500015,3340000,부산광역시 사하구 하신중앙로 210 (신평동),,,01,영업/정상,대규모점포,,,051-0293-8484
수성하이츠쇼핑몰,그 밖의 대규모점포,2000-01-21,,,2026-05-03 22:40:51,I,3,폐업처리,2015-09-18 16:48:27,,2000-01-21,1669,,대구광역시 수성구 수성동4가 1090-8호,2000346005507500019,3460000,,,,03,폐업,대규모점포,,,053-0252-2111
양산신도시 대동황토방아파트상가,그 밖의 대규모점포,,,,2025-12-15 16:15:28,I,1,정상영업,2007-07-14 13:41:39,,2000-01-20,,,경상남도 양산시 중부동 696-1호,2000538001007500014,5380000,,,,01,영업/정상,,,,
대산종합시장,그 밖의 대규모점포,,149499.617092301,381981.091395062,2026-03-26 22:48:23,I,1,정상영업,2007-06-23 10:45:46,,2000-01-13,,,충청남도 서산시 대산읍 대산리 119호,2000453011607500002,4530000,충청남도 서산시 대산읍 충의로 1942,,,01,영업/정상,,,,
홈플러스(주) 천안신방점,대형마트,2026-07-13,210681.520347633,365092.813367026,2026-07-14 22:48:10,U,3,폐업처리,2026-07-13 18:39:03,,2000-01-12,14350,,충청남도 천안시 동남구 신방동 784번지 9   호,2000449011907500001,4490000,충청남도 천안시 동남구 신촌1길 23 (신방동),,2027-01-31,03,폐업,대규모점포,2026-02-01,2027-01-30,041-552-2080
롯데쇼핑(주) 롯데마트 주엽점,대형마트,,178348.883331191,463464.183725362,2026-05-07 03:03:03,U,1,정상영업,2026-05-06 11:32:18,,2000-01-10,9665,,경기도 고양시일산서구 주엽동 15호,2000394000007500023,3940000,"경기도 고양시 일산서구 중앙로 1496 (주엽동, 문촌마을11단지아파트)",,,01,영업/정상,대규모점포,,,
(주)이마트 제주점,대형마트,,155386.294321155,2511.37601255475,2025-12-15 16:15:28,I,1,정상영업,2024-04-30 09:04:39,,1999-12-29,8014.22,,제주특별자치도 제주시 삼도이동 1259호,2005549012307500001,6510000,제주특별자치도 제주시 탑동로 38 (삼도이동),,,01,영업/정상,대규모점포,,,064-729-1053
이마트,대형마트,,155386.294321155,2511.37601255475,2025-12-15 16:15:28,I,1,정상영업,2007-06-30 13:46:00,,1999-12-29,,,제주특별자치도 제주시 삼도이동 1259호,1999549000007500000,6510000,제주특별자치도 제주시 탑동로 38 (삼도이동),,,01,영업/정상,,,,064-729-1050
롯데백화점 상계점,백화점,,205320.28476675,461419.881795004,2025-12-15 16:15:28,I,2,휴업처리,2007-06-30 10:05:38,,1999-12-29,23654,,서울특별시 노원구 상계동 713호,1999310009607500012,3100000,,,,02,휴업,,,,02-950-2500
(주)이마트 가양점,대형마트,2022-09-27,187761.194273879,450640.214509068,2025-12-15 16:15:28,I,3,폐업처리,2022-09-27 15:44:47,,1999-12-28,17262.29,,서울특별시 강서구 가양동 449번지 19  호,2004315010007500033,3150000,서울특별시 양천로 559 (가양이마트(E-MART)),,,03,폐업,대규모점포,,,02-2101-1053
이마트부평점,대형마트,,175692.267024162,446088.959564706,2026-05-06 22:48:29,I,2,휴업처리,2007-06-23 11:59:41,,1999-12-21,,,인천광역시 부평구 갈산동 171호,1999354004707500001,3540000,,,,02,휴업,,,,032-580-1234
르씨엘 패션 쇼핑블럭,그 밖의 대규모점포,,213134.202092253,367288.368967386,2025-12-15 16:15:28,I,1,정상영업,2007-06-30 10:52:49,,1999-12-16,,,충청남도 천안시 대흥동 165호,2000449011907500015,4490000,충청남도 천안시 동남구 옛시청길 6 (대흥동),,,01,영업/정상,,,,041-562-4880
그랜드백화점(주)마트강서점,대형마트,2012-02-01,185732.424363656,450884.528795882,2025-12-15 16:15:28,I,3,폐업처리,2012-02-10 10:47:31,,1999-12-16,8762,,서울특별시 강서구 등촌동 678번지 14호,2004315010007500035,3150000,,,,03,폐업,대규모점포,,,02-2657-2126
디씨몰,쇼핑센터,,,,2026-05-03 22:50:53,I,1,정상영업,2007-07-07 11:05:41,,1999-12-07,,,전북특별자치도 김제시 요촌동 272번지 1   호,2000471001107500005,4711000,,,,01,영업/정상,,,,063-545-5855
(주)천성세이브마트,그 밖의 대규모점포,,192674.94071058,441352.713136511,2025-12-15 16:15:28,I,1,정상영업,2014-09-24 09:55:36,,1999-12-07,3383.98,151-888,서울특별시 관악구 미성동 607번지 73호,2012320019107500001,3200000,서울특별시 관악구 난곡로 220 (신림동),,,01,영업/정상,대규모점포,,,02-856-6022
돈암시장,시장,2008-01-07,,,2025-12-15 16:15:28,I,3,폐업처리,2008-10-07 11:00:47,,1999-12-07,1845,,서울특별시 성북구 삼선동5가 55번지 1  호,2000307009907500003,3070000,,,,03,폐업,,,,
롯데쇼핑(주) 안산점,백화점,,185262.981866275,424012.30109378,2026-04-07 03:03:03,U,1,정상영업,2026-04-06 20:41:09,,1999-12-01,25462,,경기도 안산시단원구 고잔동 536번지 2   호,1999393000007500001,3930000,경기도 안산시 단원구 고잔1길 12 (고잔동),,,01,영업/정상,대규모점포,,,031-412-1085
미즘,그 밖의 대규모점포,2008-11-03,204512.615931336,470761.056699486,2026-05-11 22:02:22,I,3,폐업처리,2014-03-12 09:26:56,,1999-11-19,1039,,"경기도 의정부시 의정부동 125-5,6호",2001382007907500003,3820000,경기도 의정부시 태평로 76 (의정부동),,,03,폐업,대규모점포,,,031-845-6465
(주)메가마트 메가도매센터 천안점,대형마트,,213510.454224013,373363.361136626,2026-05-08 03:03:03,U,1,정상영업,2026-05-07 16:06:20,,1999-11-18,9626,331-280,충청남도 천안시 서북구 신당동 452번지 3호,2000449011907500002,4490000,충청남도 천안시 서북구 천안대로 1348 (신당동),,,01,영업/정상,대규모점포,,,041-589-6019
샤크존,그 밖의 대규모점포,,234593.397738403,316446.414298776,2026-05-07 22:30:16,I,1,정상영업,2024-05-16 20:27:11,,1999-11-17,9817,,대전광역시 서구 탄방동 590호,1999366001507500027,3660000,대전광역시 서구 둔산중로 19 (탄방동),,,01,영업/정상,대규모점포,,,042-489-1553
대구종합유통단지 전자관,그 밖의 대규모점포,,344997.585301435,268604.350565685,2026-05-03 22:36:11,I,1,정상영업,2021-03-31 15:57:20,,1999-11-15,18869.54,,대구광역시 북구 산격동 1621번지,2000345001207500019,3450000,"대구광역시 북구 유통단지로 45 (산격동, 유통단지전자관)",41505,,01,영업/정상,대규모점포,,,053-604-2000
(주)이마트 성서점,대형마트,,336343.945542934,262554.743800908,2025-12-15 16:15:28,I,1,정상영업,2024-04-18 18:40:50,,1999-11-05,10162.4,,대구광역시 달서구 이곡동 1254호,2000347000007500022,3470000,대구광역시 달서구 이곡동로 24 (이곡동),,,01,영업/정상,대규모점포,,,
이-마트 산본점,대형마트,2005-03-25,193861.874466854,428787.505318045,2025-12-15 16:15:28,I,3,폐업처리,2011-10-30 13:49:32,,1999-10-30,0,,경기도 군포시 산본동 호,1999402000007500001,4020000,경기도 군포시 산본로 347 (산본동),,,03,폐업,대규모점포,,,034-3450-1050
두진쇼핑,그 밖의 대규모점포,,183421.497797273,442584.46085947,2025-12-15 16:15:28,I,4,직권취소,2014-02-11 13:17:03,,1999-10-20,1618.89,,경기도 부천시 소사구괴안동 128번지 2   호,1999386000007500004,3860000,경기도 부천시 소사구 경인로 527 (괴안동),,,04,취소/말소/만료/정지/중지,준대규모점포,,,032-348-0293
한창정보타운,그 밖의 대규모점포,2009-07-14,389796.453846771,189535.801850121,2026-05-04 22:36:26,I,3,폐업처리,2009-07-24 16:45:24,,1999-10-13,2771.87,,부산광역시 연제구 연산동 603번지 7호,2000337001407500010,3370000,부산광역시 연제구 고분로13번길 25 (연산동),,,03,폐업,,,,051-860-7200
코리아밀라노,그 밖의 대규모점포,,192398.498903508,182578.610869629,2026-07-14 11:38:15,I,1,정상영업,2007-06-23 10:57:03,,1999-10-08,,,"전남광주통합특별시 동구 금동 211번지 11호 금동 211-10, 211-11",2000359001107500015,5805000,"전남광주통합특별시 동구 천변우로 453 (금동,금동 211-10, 211-11)",,,01,영업/정상,,,,062-226-9000
화천읍5일장터,그 밖의 대규모점포,,,,2025-12-15 16:15:28,I,1,정상영업,2007-07-21 10:47:01,,1999-10-08,,,호,1999431000707500001,4311000,,,,01,영업/정상,,,,
네오시티프라자,시장,,339707.01597482,271331.088251183,2026-05-03 22:36:11,I,1,정상영업,2008-04-02 09:17:17,,1999-10-05,0,,대구광역시 북구 태전동 993호,2000345001207500018,3450000,대구광역시 북구 칠곡중앙대로 412 (태전동),,,01,영업/정상,,,,
씨마1020패션쇼핑몰,쇼핑센터,,178293.171843054,442988.573692305,2025-12-15 16:15:28,I,4,직권취소,2014-02-11 13:37:01,,1999-10-04,15001.3,,경기도 부천시 원미구상동 461호,1999386000007500003,3860000,경기도 부천시 원미구 부일로 223 (상동),,,04,취소/말소/만료/정지/중지,대규모점포,,,032-320-5000
자유시장,그 밖의 대규모점포,,145294.931733194,143982.39193346,2026-07-14 11:38:15,I,1,정상영업,2012-01-05 20:05:13,,1999-09-21,472,,전남광주통합특별시 목포시 산정동 1383호,2005480011707500001,5780000,전남광주통합특별시 목포시 자유로 122 (산정동),,,01,영업/정상,대규모점포,,,
청호시장,그 밖의 대규모점포,,,,2026-07-01 11:52:35,I,1,정상영업,2012-01-05 20:03:55,,1999-09-21,0,,전남광주통합특별시 목포시 석현동 1171번지 3   호,2000480000007500009,5780000,,,,01,영업/정상,대규모점포,,,
롯데백화점 일산점,백화점,,,,2025-12-15 16:15:28,I,1,정상영업,2007-06-30 13:26:54,,1999-09-20,,,경기도 고양시일산동구 장항동 784-2호,2000394000007500022,3940000,,,,01,영업/정상,,,,031-909-2701
N마트,쇼핑센터,,,,2026-05-03 22:50:53,I,1,정상영업,2007-07-07 11:05:41,,1999-09-18,,,전북특별자치도 김제시 옥산동 286번지 3   호,2000471001107500002,4711000,,,,01,영업/정상,,,,063-545-0411
동방마트,대형마트,,238392.327746889,314532.983017399,2026-05-03 22:32:20,I,2,휴업처리,2007-06-30 10:25:41,,1999-09-17,,,대전광역시 동구 중동 318호,1999364005807500004,3640000,,,,02,휴업,,,,042-606-4520
조은프라자,그 밖의 대규모점포,,247450.192106173,161754.944671884,2026-07-14 11:38:15,I,1,정상영업,2007-07-21 11:08:49,,1999-09-14,,,전남광주통합특별시 순천시 연향동 1327호,2000482000007500022,5790000,전남광주통합특별시 순천시 연향상가길 41 (연향동),,,01,영업/정상,,,,061-723-1578
삼척중앙시장,시장,,391554.434447351,439972.918024365,2025-12-15 16:15:28,I,1,정상영업,2022-02-22 08:49:42,,1999-09-14,21365,,,2014424011307500001,4241000,"강원특별자치도 삼척시 진주로 12-21 (남양동, 중앙시장)",,,01,영업/정상,대규모점포,,,
(주)프라자2000,그 밖의 대규모점포,,239629.266702268,419598.835872292,2026-05-09 22:02:21,I,1,정상영업,2007-07-07 09:50:12,,1999-09-13,,,경기도 이천시 중리동 220호,1999407001707500001,4070000,경기도 이천시 중리천로 98 (중리동),,,01,영업/정상,,,,031-367-1677
AK PLAZA,백화점,2020-06-05,210853.833466798,431447.85813153,2025-12-15 16:15:28,I,3,폐업처리,2023-06-26 09:12:19,,1999-09-06,35453.64,463-721,경기도 성남시 분당구 서현동 263번지 삼성플라자,1999378010607500001,3780000,경기도 성남시 분당구 황새울로360번길 42 (서현동),,,03,폐업,대규모점포,,,031-0780-8322
그린프라자,그 밖의 대규모점포,,,,2026-05-07 22:37:39,I,1,정상영업,2007-06-30 12:09:18,,1999-09-02,,,경상북도 포항시남구 지곡동 481-1호,2000502007107500004,5020000,,,,01,영업/정상,,,,
롯데아울렛 서울역점,쇼핑센터,,197229.761422932,450418.159244379,2026-03-26 22:48:22,I,1,정상영업,2022-02-10 09:34:02,,1999-09-01,11576.19,100-162,서울특별시 중구 봉래동2가 120번지 11호,2012301010007500005,3010000,서울특별시 중구 한강대로 405 (봉래동2가),,2013-01-18,01,영업/정상,대규모점포,,,02-390-4015
농협중앙회 하나로클럽 김포점,대형마트,2008-12-31,,,2025-12-15 16:15:28,I,3,폐업처리,2009-02-06 15:08:12,,1999-08-27,3513,,경기도 김포시 운양동 124-1호,1999409004407500002,4090000,,,,03,폐업,,,,031-998-6500
동아26센타,그 밖의 대규모점포,,,,2026-05-06 22:48:22,I,1,정상영업,2007-07-21 10:38:09,,1999-08-24,,,전북특별자치도 군산시 나운동 805-1호,1999467011207500001,4671000,,,,01,영업/정상,,,,063-468-2960
오산종합시장,그 밖의 대규모점포,2009-12-01,206283.681928175,404797.016340247,2025-12-15 16:15:28,I,3,폐업처리,2019-01-03 09:15:56,,1999-08-14,8201,,경기도 오산시 원동 771번지 2호,1999400000007500008,4000000,경기도 오산시 오산로198번길 30 (원동),18141,,03,폐업,대규모점포,,,031-0375-1616
새하나 백화점,백화점,,,,2025-12-15 16:15:28,I,1,정상영업,2007-06-30 17:13:15,,1999-08-01,,,호,1999160000007500000,4641000,,,,01,영업/정상,,,,063-230-1142
(주)이마트 구로점,대형마트,,190901.977946718,442466.813410528,2026-05-01 22:42:19,I,1,정상영업,2024-04-24 09:37:26,,1999-07-27,9927.72,152-050,서울특별시 구로구 구로동 188번지 26호,2007316011707500007,3160000,서울특별시 구로구 디지털로32길 43 (구로동),,,01,영업/정상,대규모점포,,,20091001
이마트구로점,대형마트,,,,2026-05-01 22:42:19,I,BBBB,,2007-07-07 09:54:17,,1999-07-27,7671,,서울특별시 구로구 구로동 188번지 26  호,1999316007107500001,3160000,,,,01,영업/정상,,,,
c-mart,대형마트,,,,2025-12-15 16:15:28,I,1,정상영업,2007-06-30 11:35:13,,1999-07-23,200,,충청북도 충주시 가금면 가흥리 호,1999439000007500002,4390000,,,,01,영업/정상,,,,044-1234-4567
(주)뉴코아아울렛 평촌점,복합쇼핑몰,,195607.793974827,431900.704084955,2026-05-01 03:03:03,U,1,정상영업,2026-04-30 10:14:13,,1999-07-22,41816,,경기도 안양시동안구 호계동 1039번지 3호,1999383000007500004,3830000,경기도 안양시 동안구 동안로 119 (호계동),,,01,영업/정상,대규모점포,,,031-380-7536
롯데마트 울산점,대형마트,,409970.39080848,228450.864733161,2026-05-15 03:03:03,U,1,정상영업,2026-05-14 09:32:37,,1999-07-14,10704,680-030,울산광역시 남구 달동 830번지 1호,2010370005307500001,3700000,울산광역시 남구 삼산로 74 (달동),,,01,영업/정상,대규모점포,,,052-228-2511
(주)신세계마트 이마트 역삼점,대형마트,,204213.643236507,444113.028210915,2025-12-15 16:15:28,I,2,휴업처리,2007-07-14 10:53:01,,1999-07-14,5174,,서울특별시 강남구 역삼동 755호 한솔필리아지층,2001322008307500034,3220000,,,,02,휴업,,,,02-569-6396
대구종합유통단지 전기재료관,그 밖의 대규모점포,,345062.754181615,268408.951404422,2026-05-03 22:36:10,I,1,정상영업,2020-07-17 10:18:38,,1999-07-12,10568.69,702-845,대구광역시 북구 산격2동 1665번지,2000345001207500017,3450000,대구광역시 북구 유통단지로 38 (산격동),,,01,영업/정상,대규모점포,,,053-604-4114
한아름유통,대형마트,,,,2026-05-02 22:48:39,I,1,정상영업,2007-06-30 12:02:53,,1999-07-09,500,,제주특별자치도 서귀포시 남원읍 남원리 호,1999552000007500001,6520000,,,,01,영업/정상,,,,064-123-1234
롯데쇼핑(주) 롯데마트 구리점,대형마트,2021-03-31,212367.118425352,456712.576784184,2025-12-15 16:15:28,I,3,폐업처리,2021-04-06 16:28:05,,1999-07-09,17880.19,,경기도 구리시 인창동 430호,2000398001707500001,3980000,경기도 구리시 동구릉로136번길 57 (인창동),,,03,폐업,대규모점포,,,031-550-9613
신동해프라자,그 밖의 대규모점포,2018-03-28,387364.862935738,448530.798942451,2025-12-15 16:15:28,I,3,폐업처리,2020-08-24 09:55:46,,1999-07-07,5173.85,,강원특별자치도 동해시 천곡동 942호,1999421000007500004,4211000,강원특별자치도 동해시 동굴로 149 (천곡동),,,03,폐업,대규모점포,,,033-533-3997
홈플러스(주) 서면점,대형마트,2024-02-15,388095.097363087,185326.192499392,2025-12-15 16:15:28,I,3,폐업처리,2024-02-27 13:58:22,,1999-07-06,11036.25,614-043,부산광역시 부산진구 전포동 891번지 38호,2008329008507500003,3290000,부산광역시 부산진구 동천로 4 (전포동),,,03,폐업,대규모점포,,,051-644-2080
한국까프푸,쇼핑센터,,,,2025-12-15 16:15:28,I,BBBB,,2007-07-14 10:43:12,,1999-07-06,50469,,부산광역시 부산진구 전포동 891-38호,2000329000107500037,3290000,,,,01,영업/정상,,,,051-605-1000
한국까르푸(주)서면점,대형마트,,,,2025-12-15 16:15:28,I,2,휴업처리,2007-07-14 10:43:12,,1999-07-06,,,부산광역시 부산진구 전포동 891번지 38  호,1999329001307500001,3290000,,,,02,휴업,,,,051-605-1000
(주)하남거평마트,대형마트,2006-02-28,182750.09823146,184628.072601633,2026-07-14 11:38:15,I,3,폐업처리,2017-04-19 11:22:41,,1999-06-30,0,,전남광주통합특별시 광산구 우산동 1589번지 1호,2000363004107500002,5825000,"전남광주통합특별시 광산구 무진대로 282 (우산동, 광주무역회관빌딩)",62364,,03,폐업,대규모점포,,,062-940-8800
동북프라자,대형마트,,282088.444481745,387609.78628381,2025-12-15 16:15:28,I,1,정상영업,2007-06-30 11:35:13,,1999-06-29,1002,,충청북도 충주시 칠금동 600호,1999439000007500001,4390000,,,,01,영업/정상,,,,044-1850-8500
(주)빅마트첨단점,대형마트,2007-03-15,185535.301050736,191365.241058844,2026-07-14 11:38:15,I,3,폐업처리,2017-04-13 21:35:17,,1999-06-23,0,,전남광주통합특별시 광산구 쌍암동 654번지 2호,2000363004107500001,5825000,"전남광주통합특별시 광산구 첨단중앙로182번길 8 (쌍암동, 롯데슈퍼)",62274,,03,폐업,대규모점포,,,062-972-6900
대구기계공구상협동조합,시장,,344912.358902194,268253.830252935,2026-05-03 22:36:10,I,1,정상영업,2019-04-16 10:22:35,,1999-06-12,200.49,,대구광역시 북구 산격동 1629호,2000345001207500016,3450000,대구광역시 북구 유통단지로 16 (산격동),,2019-04-15,01,영업/정상,대규모점포,,,053-604-0700
상록프라자,대형마트,,,,2025-12-15 16:15:28,I,1,정상영업,2007-06-30 13:46:00,,1999-06-11,,,제주특별자치도 제주시 이도일동 1292번지 3 호,1999549000007500001,6510000,,,,01,영업/정상,,,,064-720-1530
대우메가폴리스시장,쇼핑센터,,238449.433440246,347396.698510935,2026-05-06 22:48:29,I,1,정상영업,2017-03-14 11:38:34,,1999-06-10,15387.06,,충청북도 청주시 흥덕구 가경동 1416-2번지,2000436000907500021,5710000,충청북도 청주시 흥덕구 풍산로 15 (가경동),,,01,영업/정상,대규모점포,,,043-236-2000
롯데마그넷청주점,대형마트,,238449.433440246,347396.698510935,2026-05-06 22:48:29,I,4,직권취소,2014-04-10 16:57:24,,1999-06-05,0,,충청북도 청주시 흥덕구 가경동 1416-2번지,2000436000907500029,5710000,,,,04,취소/말소/만료/정지/중지,대규모점포,,,043-230-1050
롯데마그넷청주점,대형마트,,238449.433440246,347396.698510935,2026-05-06 22:48:29,I,4,직권취소,2014-05-19 16:56:05,,1999-06-05,0,,충청북도 청주시 흥덕구 가경동 1416-2번지,2000436000907500020,5710000,,,,04,취소/말소/만료/정지/중지,대규모점포,,,043-230-1050
롯데쇼핑(주)롯데마트 청주점,대형마트,,238567.758443885,347375.787333102,2026-05-12 22:48:11,U,1,정상영업,2026-05-11 16:51:18,,1999-06-05,6409.18,,충청북도 청주시 흥덕구 가경동 1416-2번지,1999436000907500004,5710000,충청북도 청주시 흥덕구 풍산로 15 (가경동),,,01,영업/정상,대규모점포,,,043-236-2500
영등포유통상가,그 밖의 대규모점포,,190555.768991595,446698.814322782,2026-05-11 22:40:05,I,1,정상영업,2023-03-09 15:28:54,,1999-05-31,41973.81,150-723,서울특별시 영등포구 당산동2가 30번지 2호,2001318007607500029,3180000,서울특별시 영등포구 영등포로 109 (당산동2가),,,01,영업/정상,대규모점포,,,02-2679-3350
콘티코,그 밖의 대규모점포,2003-04-30,380225.635402132,186791.51940672,2025-12-15 16:15:28,I,3,폐업처리,2009-02-20 17:35:59,,1999-05-28,3506.93,,부산광역시 사상구 괘법동 531번지 2호,2000339001507500020,3390000,부산광역시 사상구 광장로 17 (괘법동),,,03,폐업,,,,02-3668-0300
농협 하나로마트 반림점,복합쇼핑몰,,352378.974082944,194366.627904443,2026-04-30 22:00:15,U,1,정상영업,2026-01-20 09:18:13,,1999-05-27,602.28,642-768,경상남도 창원시 성산구 반림동 4번지 1호 현대2차아파트,2014567046507500001,5670000,"경상남도 창원시 성산구 반송로 177-0 (반림동, 현대아파트상가)",,,01,영업/정상,준대규모점포,,,055-275-4437
(주)투마트,대형마트,2009-12-10,206817.265008302,406565.211787749,2025-12-15 16:15:28,I,3,폐업처리,2019-01-03 09:11:36,,1999-05-08,5853,,경기도 오산시 은계동 7번지,1999400000007500006,4000000,경기도 오산시 현충로 95 (은계동),18131,,03,폐업,대규모점포,,,031-0376-3171
L마트,그 밖의 대규모점포,2014-05-12,151377.256953313,364285.197751335,2026-03-26 22:48:23,I,3,폐업처리,2014-05-12 15:21:09,,1999-05-01,0,,충청남도 서산시 동문동 1031번지 1   호 외 3필지,2000453011607500008,4530000,,,,03,폐업,대규모점포,,,041-000-0000
연희슈퍼마켓,시장,,193716.339877929,451653.563671802,2026-05-06 22:37:15,I,1,정상영업,2017-10-31 16:46:32,,1999-04-29,3305,120-110,서울특별시 서대문구 연희동 131번지 1호,2011312014507500001,3120000,서울특별시 서대문구 연희맛로 23 (연희동),,,01,영업/정상,대규모점포,,,
팜스프링상가,그 밖의 대규모점포,,,,2026-05-02 22:04:32,I,1,정상영업,2007-06-30 11:36:41,,1999-04-16,,,경기도 파주시 금촌동 5-1호,2000406001307500005,4060000,,,,01,영업/정상,,,,031-943-1231
현대백화점 천호점,백화점,,210929.919693661,448537.406728283,2026-05-06 22:47:30,I,1,정상영업,2024-03-11 17:26:40,,1999-04-12,36175,,서울특별시 강동구 천호동 455번지 8호,1999324013907500001,3240000,"서울특별시 강동구 천호대로 1005 (천호동, 현대백화점)",,,01,영업/정상,대규모점포,,,02-2225-8702
크레바스마트,대형마트,2014-05-12,150878.333044417,364446.170648853,2026-03-26 22:48:23,I,3,폐업처리,2014-05-12 15:23:10,,1999-04-09,0,,충청남도 서산시 읍내동 144번지 1   호 서부종합시장내 지하층,2000453011607500007,4530000,,,,03,폐업,대규모점포,,,041-669-3311
구리농수산물소매시장,그 밖의 대규모점포,,212367.118425352,456712.576784184,2025-12-15 16:15:28,I,1,정상영업,2007-06-23 09:43:48,,1999-03-30,,,경기도 구리시 인창동 430호,2000398001707500002,3980000,경기도 구리시 동구릉로136번길 57 (인창동),,,01,영업/정상,,,,031-560-5121
월드아파트 상가,그 밖의 대규모점포,2010-04-07,,,2025-12-15 16:15:28,I,3,폐업처리,2010-04-07 10:04:21,,1999-03-26,4661,,경기도 김포시 장기동 556호,1999409004407500001,4090000,,,,03,폐업,,,,
롯데백화점 분당점,백화점,2026-03-30,210053.033510874,430715.591035213,2026-05-12 21:48:12,U,3,폐업처리,2026-05-11 10:54:04,,1999-03-26,22347.85,,경기도 성남시 분당구 수내동 14번지,2000378000007530007,3780000,"경기도 성남시 분당구 황새울로200번길 45 (수내동, 롯데백화점)",13595,,03,폐업,대규모점포,,,
롯데마트 서현점,대형마트,2020-08-31,210610.797991188,431555.137739279,2025-12-15 16:15:28,I,3,폐업처리,2021-01-07 12:52:50,,1999-03-25,7298.26,,경기도 성남시분당구 서현동 275호,2000378000007520004,3780000,경기도 성남시 분당구 황새울로311번길 28 (서현동),,,03,폐업,대규모점포,,,031-789-2500
(주)건영상가시장,그 밖의 대규모점포,,244989.781943442,345848.992476668,2026-05-06 22:48:29,I,1,정상영업,2014-04-02 17:21:04,,1999-03-13,0,,충청북도 청주시 상당구 용암동 2099번지,2000436000907500019,5710000,"충청북도 청주시 상당구 중흥로 71 (용암동, 건영아파트)",,,01,영업/정상,대규모점포,,,043-294-7746
화목데파트상가,쇼핑센터,,398320.764293408,187928.258297607,2026-05-10 22:54:09,I,1,정상영업,2014-09-18 16:42:24,,1999-03-02,4159.89,612-031,부산광역시 해운대구 좌1동 1314번지 2호,1999333001507500002,3330000,부산광역시 해운대구 대천로 187 (좌동),,,01,영업/정상,대규모점포,,,051-702-3703
미아시장,그 밖의 대규모점포,,,,2025-12-15 16:15:28,I,1,정상영업,2007-07-07 10:47:37,,1999-02-25,,,서울특별시 성북구 하월곡동 88번지 345호,2000307009907500004,3070000,,,,01,영업/정상,,,,02-913-5724
신도시시장,그 밖의 대규모점포,2023-05-31,398628.503470003,188364.542636541,2026-05-10 22:54:09,I,3,폐업처리,2023-05-31 10:34:13,,1999-02-22,0,,부산광역시 해운대구 좌동 1429번지 1   호,1999333001507500001,3330000,부산광역시 해운대구 좌동로 152 (좌동),,,03,폐업,,,,051-0701-0202
전주중앙시장,그 밖의 대규모점포,,212782.608277532,258307.533556245,2026-03-26 03:03:03,U,1,정상영업,2026-03-25 14:50:56,,1999-02-12,10248,560-773,전북특별자치도 전주시 완산구 태평동 36번지 1호,1999150000007500000,4641000,전북특별자치도 전주시 완산구 태평3길 70 (태평동),,,01,영업/정상,대규모점포,,,063-275-5285
하나프러스,그 밖의 대규모점포,,341722.529953022,266512.649171281,2026-05-03 22:36:10,I,1,정상영업,2007-07-07 12:21:29,,1999-02-11,,,대구광역시 북구 노원동2가 381호,2000345001207500015,3450000,대구광역시 북구 팔달로 183 (노원동2가),,,01,영업/정상,,,,
까르푸 안양하이퍼마켓,대형마트,,,,2025-12-15 16:15:28,I,2,휴업처리,2007-06-23 14:33:26,,1999-02-10,0,,경기도 안양시동안구 호계동 555-9호,2004383006207500001,3830000,,,,02,휴업,,,,031-479-1276
홈플러스(주) 안양점,복합쇼핑몰,2024-08-31,195688.283843608,429949.927810159,2025-12-15 16:15:28,I,3,폐업처리,2024-09-12 13:21:53,,1999-02-10,11034.15,,경기도 안양시 동안구 호계동 555번지 9호,1999383000007500003,3830000,경기도 안양시 동안구 엘에스로 92 (호계동),14117,,03,폐업,대규모점포,,,031-459-6135
메리움,그 밖의 대규모점포,2014-06-11,386810.051216696,186879.357527916,2025-12-15 16:15:28,I,3,폐업처리,2014-06-11 15:01:38,,1999-01-30,8114.77,,부산광역시 부산진구 부암동 69-5호,2000329000107500035,3290000,부산광역시 부산진구 신천대로 246 (부암동),,,03,폐업,대규모점포,,,051-816-4331
미도파마트,대형마트,2003-04-01,203075.098504907,452918.836458244,2025-12-15 16:15:28,I,3,폐업처리,2007-08-13 15:49:38,,1999-01-26,0,,서울특별시 동대문구 제기동 892번지 71 호,2000305008207500018,3050000,,,,03,폐업,,,,02-960-2222
석관시장,그 밖의 대규모점포,,,,2025-12-15 16:15:28,I,1,정상영업,2007-07-07 10:47:37,,1999-01-21,,,서울특별시 성북구 석관동 270호,2000307009907500007,3070000,,,,01,영업/정상,,,,02-967-5571
홈플러스(주) 영도점,복합쇼핑몰,,386335.80960303,179336.483175733,2026-07-21 22:18:20,U,2,휴업처리,2026-07-20 17:06:15,,1999-01-14,5340.15,606-062,부산광역시 영도구 봉래동2가 151번지 1호,1999328009207500001,3280000,부산광역시 영도구 대교로14번길 57 (봉래동2가),,,02,휴업,대규모점포,2026-07-04,2026-12-30,051-419-8124
(주)르네시떼,그 밖의 대규모점포,,380128.339808992,186803.363627799,2025-12-15 16:15:28,I,1,정상영업,2024-04-08 17:35:15,,1999-01-08,23091.56,,부산광역시 사상구 괘법동 529번지 1호,2005339001507500001,3390000,부산광역시 사상구 광장로 7 (괘법동),,,01,영업/정상,대규모점포,,,051-319-5000
홈플러스(주)서부산점,대형마트,,380128.339808992,186803.363627799,2026-07-03 22:18:10,U,2,휴업처리,2026-07-02 17:02:14,,1999-01-08,10310,,부산광역시 사상구 괘법동 529번지 1   호,2000339001507500019,3390000,부산광역시 사상구 광장로 7 (괘법동),,,02,휴업,대규모점포,2026-07-04,2026-10-03,051-609-8094
르네시떼,그 밖의 대규모점포,,380128.339808992,186803.363627799,2025-12-15 16:15:28,I,4,직권취소,2011-11-14 15:36:04,,1999-01-08,2494.7,,부산광역시 사상구 괘법동 529번지 1   호,2000339001507500018,3390000,부산광역시 사상구 광장로 7 (괘법동),,,04,취소/말소/만료/정지/중지,대규모점포,,,051-0319-5000
두타몰,그 밖의 대규모점포,,200703.625559248,451836.458256618,2026-03-26 22:48:22,I,1,정상영업,2025-04-21 13:58:36,,1999-01-05,15695.63,,,2014301013007500007,3010000,서울특별시 중구 장충단로 275 (을지로6가),,,01,영업/정상,대규모점포,,,02-3396-1657
상계역전종합상가,쇼핑센터,,206280.789903642,462002.498987713,2026-04-28 03:03:03,U,1,정상영업,2026-04-27 13:37:32,,1998-12-31,7863.67,139-748,서울특별시 노원구 상계동 173번지,1998310009607500001,3100000,서울특별시 노원구 한글비석로 396 (상계동),,,01,영업/정상,대규모점포,,,02-931-4825
(주)더블유웨딩시티누리엔,쇼핑센터,,387778.879751482,184455.754008589,2025-12-15 16:15:28,I,1,정상영업,2025-04-11 10:33:47,,1998-12-15,15286,614-826,부산광역시 부산진구 범천동 839번지 48호,2006329001307500010,3290000,부산광역시 부산진구 자유평화로 11 (범천동),,,01,영업/정상,대규모점포,,,051-639-3800
성보쇼핑,쇼핑센터,2005-01-01,,,2025-12-15 16:15:28,I,3,폐업처리,2008-06-16 11:42:26,,1998-12-15,0,,부산광역시 부산진구 범천동 839-48호,2000329000107500036,3290000,,,,03,폐업,,,,051-636-7093
초원그린타운상가,그 밖의 대규모점포,,,,2025-12-15 16:15:28,I,1,정상영업,2007-06-30 10:52:49,,1998-12-12,,,충청남도 천안시 동남구 신방동 77번지 4호,2000449011907500014,4490000,,,,01,영업/정상,,,,041-574-4811
부평민자역사지하매장,그 밖의 대규모점포,,175405.11373693,443089.591009306,2026-05-06 22:48:29,I,1,정상영업,2008-03-27 14:54:14,,1998-11-27,0,,인천광역시 부평구 부평동 738번지 21호,1998354004707500001,3540000,,,,01,영업/정상,,,,032-515-0151
E 마트,그 밖의 대규모점포,,,,2025-12-15 16:15:28,I,1,정상영업,2007-06-30 17:13:15,,1998-11-26,,,전북특별자치도 전주시완산구 서신동 호 767,1998140000007500000,4641000,,,,01,영업/정상,,,,063-259-1050
일이삼전자타운,복합쇼핑몰,,187826.698183821,443925.52468616,2026-05-01 22:42:20,I,1,정상영업,2025-02-04 17:30:07,,1998-11-26,32678.39,152-080,서울특별시 구로구 고척동 73번지 3호,2007316011707500018,3160000,서울특별시 구로구 경인로 393-7 (고척동),,,01,영업/정상,대규모점포,,,26171237
일이삼전자타운,그 밖의 대규모점포,,187826.698183821,443925.52468616,2026-05-01 22:42:19,I,1,정상영업,2014-01-13 15:35:45,,1998-11-26,0,,서울특별시 구로구 고척동 73번지 3   호,1998316007107500003,3160000,"서울특별시 구로구 경인로 393-7 (고척동, 123전자타운)",,,01,영업/정상,대규모점포,,,02-2617-1237
제주시민속오일시장,시장,,151170.975392618,152.937303781074,2025-12-15 16:15:28,I,1,정상영업,2010-06-23 13:32:03,,1998-11-22,18067,690-241,제주특별자치도 제주시 도두1동 1212번지,1998549000007500001,6510000,제주특별자치도 제주시 오일장서길 26 (도두일동),,,01,영업/정상,,,,064-743-5985
까르푸 동촌 하이퍼마켓,대형마트,,349426.805402323,266377.854783573,2026-04-30 22:30:10,I,2,휴업처리,2007-07-14 11:21:18,,1998-11-02,0,,대구광역시 동구 검사동 908번지 5호,1998342005807500001,3420000,,,,02,휴업,,,,053-984-5415
금호월드,전문점,,189131.91112875,184300.049544546,2026-07-14 11:38:15,I,1,정상영업,2020-10-05 17:41:26,,1998-10-15,24490.56,,전남광주통합특별시 서구 화정동 12번지 17호,1999360000007500004,5810000,전남광주통합특별시 서구 군분2로 54 (화정동),,,01,영업/정상,대규모점포,,,062-367-0608
수유프라자,그 밖의 대규모점포,,202000.513660624,458815.97773382,2026-04-30 22:35:16,I,2,휴업처리,2007-06-30 10:46:45,,1998-10-12,,,서울특별시 강북구 수유동 63호,1998308007507500012,3080000,,,,02,휴업,,,,02-988-0450
부산산업용품상 협동조합,그 밖의 대규모점포,,380291.656000926,186303.922053702,2025-12-15 16:15:28,I,1,정상영업,2011-11-14 14:34:30,,1998-10-10,57094.72,,부산광역시 사상구 괘법동 578호,2000339001507500017,3390000,부산광역시 사상구 괘감로 37 (괘법동),,,01,영업/정상,대규모점포,,,051-319-0900
부산산업용품상협동조합,그 밖의 대규모점포,,380291.656000926,186303.922053702,2025-12-15 16:15:28,I,4,직권취소,2007-08-10 18:15:57,,1998-10-10,0,,부산광역시 사상구 괘법동 578호,1998339001507500017,3390000,부산광역시 사상구 괘감로 37 (괘법동),,,04,취소/말소/만료/정지/중지,,,,051-319-0900
현대베스코아,대형마트,,,,2025-12-15 16:15:28,I,1,정상영업,2007-06-23 11:02:12,,1998-09-24,,,경기도 하남시 신장동 523-1호,1998404000007500006,4040000,,,,01,영업/정상,,,,
세이브존,그 밖의 대규모점포,,185048.426384758,459123.51978397,2025-12-15 16:15:28,I,1,정상영업,2025-01-03 09:11:43,,1998-09-24,13513.27,,경기도 고양시 덕양구 화정동 970번지 세이브존,2000394000007500021,3940000,"경기도 고양시 덕양구 화정로 52, 세이브존 (화정동)",10500,,01,영업/정상,대규모점포,,,031-978-9000
홈플러스테스코 일산점,대형마트,,179536.212704008,461876.531597015,2025-12-15 16:15:28,I,1,정상영업,2008-10-23 16:29:25,,1998-09-17,12733.77,410-380,경기도 고양시일산동구 장항동 755번지,1998394015907500003,3940000,,,,01,영업/정상,,,,031-906-9100
한국까르푸분당점,대형마트,2007-10-16,209409.160207927,426451.358939753,2025-12-15 16:15:28,I,3,폐업처리,2007-11-30 10:05:22,,1998-09-17,0,,경기도 성남시분당구 구미동 159호,2005378010607500004,3780000,경기도 성남시 분당구 탄천상로151번길 20 (구미동),,,03,폐업,,,,031-710-3187
한국까르푸분당점,대형마트,,209409.160207927,426451.358939753,2025-12-15 16:15:28,I,2,휴업처리,2007-07-07 11:25:20,,1998-09-17,9033,,경기도 성남시분당구 구미동 159호,2000378000007520003,3780000,경기도 성남시 분당구 탄천상로151번길 20 (구미동),,,02,휴업,,,,034-2710-3187
(주)이마트분당점,대형마트,,210542.529800466,428535.664844133,2025-12-15 16:15:28,I,1,정상영업,2023-07-05 14:30:01,,1998-09-17,7772.51,,경기도 성남시분당구 정자동 211호,2000378000007520001,3780000,경기도 성남시 분당구 불정로 134 (정자동),,,01,영업/정상,대규모점포,,,031-710-1234
홈플러스테스코(주)분당오리점,대형마트,2009-03-02,209409.160207927,426451.358939753,2025-12-15 16:15:28,I,3,폐업처리,2009-06-02 15:07:12,,1998-09-17,9032.62,463-710,경기도 성남시분당구 구미동 159번지,1998378010607500001,3780000,경기도 성남시 분당구 탄천상로151번길 20 (구미동),,,03,폐업,,,,031-0884-2080
뉴마트,쇼핑센터,,190986.735570165,254921.612295221,2026-05-03 22:50:53,I,1,정상영업,2007-07-07 11:05:41,,1998-09-15,,,전북특별자치도 김제시 신풍동 44번지 6호,2000471001107500007,4711000,,,,01,영업/정상,,,,063-545-1007
롯데쇼핑(주)롯데마트 제타플렉스 잠실점,대형마트,,208589.363343145,445455.90405262,2026-05-08 03:03:03,U,1,정상영업,2026-05-07 20:12:27,,1998-08-19,20982,,서울특별시 송파구 잠실동 40번지 1호,1989323007807500015,3230000,서울특별시 송파구 올림픽로 240 (잠실동),,,01,영업/정상,대규모점포,,,02-411-8411
밀리오레,그 밖의 대규모점포,,200664.582936542,451781.8683954,2026-04-15 03:03:03,U,1,정상영업,2026-04-14 20:38:49,,1998-08-11,17736.37,100-762,서울특별시 중구 을지로6가 18번지 185호,2014301013007500003,3010000,서울특별시 중구 장충단로 263 (을지로6가),,,01,영업/정상,대규모점포,,,02-3393-1500
(사)횡성시장조합,시장,,287192.946947993,443525.36593856,2026-04-08 03:03:03,U,1,정상영업,2026-04-07 13:33:41,,1998-08-04,3174,,강원특별자치도 횡성군 횡성읍 읍상리 277-3,2009426005907500001,4261000,강원특별자치도 횡성군 횡성읍 읍상서로7번길 38-1,25232,2006-05-31,01,영업/정상,대규모점포,,,
서남시장,그 밖의 대규모점포,,339503.176610374,262680.244837841,2025-12-15 16:15:28,I,1,정상영업,2007-07-14 12:20:22,,1998-08-03,,,대구광역시 달서구 감삼동 55번지 5호,2000347000007500002,3470000,대구광역시 달서구 달구벌대로329길 17 (감삼동),,,01,영업/정상,,,,053-565-3226
대림리빙프라자,그 밖의 대규모점포,,202326.503044305,450625.58422744,2026-05-07 22:31:40,I,1,정상영업,2018-10-02 16:57:38,,1998-08-03,4049.55,,서울특별시 성동구 행당동 347번지 행당동 대림아파트,1998303010307500001,3030000,"서울특별시 성동구 행당로 87, 행당동 대림아파트 (행당동)",04713,,01,영업/정상,대규모점포,,,02-2297-6205
김천농협 하나로마트,대형마트,,300544.530835278,292034.065172524,2026-05-05 22:00:12,I,1,정상영업,2022-03-17 18:03:38,,1998-07-29,3679,,경상북도 김천시 평화동 28번지 8   호,1998506001207500001,5060000,경상북도 김천시 자산로 147 (평화동),,,01,영업/정상,대규모점포,,,054-420-2200
마포농수산물시장,그 밖의 대규모점포,,190931.000875925,451427.722144609,2025-12-15 16:15:28,I,1,정상영업,2025-09-12 20:30:04,,1998-07-18,12337.24,,서울특별시 마포구 성산동 533번지 1호,2001313007907500002,3130000,서울특별시 마포구 월드컵로 235 (성산동),,,01,영업/정상,대규모점포,,,
금호계림주상복합상가,쇼핑센터,,192659.77458798,184961.882216707,2026-07-14 11:38:15,I,2,휴업처리,2007-06-23 10:57:03,,1998-07-15,0,,전남광주통합특별시 동구 계림동 100번지 11호 계림동 100의 11외5필지,2000359001107500014,5805000,"전남광주통합특별시 동구 중앙로 358 (계림동,계림동 100의 11외5필지)",,,02,휴업,,,,062-519-1234
(주)신세계이마트동광주점,그 밖의 대규모점포,,192659.77458798,184961.882216707,2026-07-14 11:38:15,I,1,정상영업,2010-03-24 15:30:31,,1998-07-15,0,,전남광주통합특별시 동구 계림동 100번지 11호,1998359001107500001,5805000,전남광주통합특별시 동구 중앙로 358 (계림동),,,01,영업/정상,,,,062-519-1234
삽교호수산물특화시장,전문점,,184214.782743796,376331.403193782,2026-05-08 22:46:57,I,1,정상영업,2011-10-30 13:24:43,,1998-07-06,0,343-816,충청남도 당진군 신평면 운정리 884번지 1호,2008463008007500001,5680000,충청남도 당진군 신평면 삽교천2길 16,,,01,영업/정상,대규모점포,,,
디쟈트,전문점,,212924.239818722,257539.432439917,2025-12-15 16:15:28,I,1,정상영업,2020-08-04 18:23:32,,1998-07-01,6626.97,,전북특별자치도 전주시 완산구 중앙동2가 26-16,1998464047907500001,4641000,전북특별자치도 전주시 완산구 충경로 45 (중앙동2가),54999,,01,영업/정상,대규모점포,,,063-286-3546
유스데스크,그 밖의 대규모점포,,,,2025-12-15 16:15:28,I,1,정상영업,2007-06-30 17:13:15,,1998-07-01,,,전북특별자치도 전주시완산구 고사동 호 1가418,1998130000007500000,4641000,,,,01,영업/정상,,,,063-281-5302
수유프라자,그 밖의 대규모점포,,202000.513660624,458815.97773382,2026-04-30 22:35:16,U,1,정상영업,2026-04-21 13:28:34,,1998-06-25,4239.91,,서울특별시 강북구 수유동 63번지,1998308009207500001,3080000,"서울특별시 강북구 도봉로 261 (수유동, 삼호아파트,수유프라자)",01114,,01,영업/정상,대규모점포,,,02-982-2278
포리치,그 밖의 대규모점포,,179379.074360347,462805.739928927,2025-12-15 16:15:28,I,1,정상영업,2009-01-15 18:06:21,,1998-06-13,7733,411-370,경기도 고양시일산서구 주엽동 75번지,2009394017807500001,3940000,,,,01,영업/정상,,,,
올리브상가,그 밖의 대규모점포,,180539.609005671,460835.850681465,2025-12-15 16:15:28,I,1,정상영업,2017-04-06 18:18:32,,1998-06-13,11890,410-350,경기도 고양시일산동구 마두동 806번지,199800000000000003,3940000,,,,01,영업/정상,대규모점포,,,031-901-5414
금촌타워상가,그 밖의 대규모점포,,180164.400733412,473454.182060402,2026-05-02 22:04:32,I,1,정상영업,2019-05-30 10:35:04,,1998-06-12,7737.81,,경기도 파주시 금촌동 52-39호,2000406001307500004,4060000,경기도 파주시 중앙로 308 (금촌동),,,01,영업/정상,대규모점포,,,031-945-9910
코코마트,그 밖의 대규모점포,,204367.347787613,456732.945005445,2025-12-15 16:15:28,I,2,휴업처리,2007-07-07 10:47:37,,1998-05-22,,,서울특별시 성북구 장위동 68번지 1014호,1998000000007500002,3070000,,,,02,휴업,,,,02-943-4044
삼우프라자,그 밖의 대규모점포,,,,2026-05-03 22:32:20,I,1,정상영업,2007-06-30 10:25:41,,1998-05-16,,,대전광역시 동구 가양동 170번지 1   호,1997364005807500001,3640000,,,,01,영업/정상,,,,042-672-5661
코스트코 홀세일 대전점,대형마트,,236159.496426288,313764.672556515,2026-05-03 22:38:32,I,1,정상영업,2016-06-16 21:55:48,,1998-05-15,13103.77,301-827,대전광역시 중구 오류동 116번지 3호,1998365011507500001,3650000,대전광역시 중구  오류로  41 (오류동),,,01,영업/정상,대규모점포,,,042-539-1060
중앙유통단지,그 밖의 대규모점포,,188840.515865617,444306.771104527,2026-05-01 22:42:19,I,1,정상영업,2015-01-15 18:02:34,,1998-05-12,70845,152-050,서울특별시 구로구 구로동 1258번지,2007316011707500012,3160000,서울특별시 구로구 경인로53길 15 (구로동),,,01,영업/정상,대규모점포,,,26252631
중앙유통단지,그 밖의 대규모점포,,188840.515865617,444306.771104527,2026-05-01 22:42:19,I,2,휴업처리,2007-07-07 09:54:17,,1998-05-12,,,서울특별시 구로구 구로동 1258호,1998316007107500002,3160000,서울특별시 구로구 경인로53길 15 (구로동),,,02,휴업,,,,02-2625-2631
토성상가,시장,,384479.160908971,179674.849130869,2026-05-07 22:30:25,I,5,영업개시전,2020-04-28 21:58:09,,1998-05-08,0,,부산광역시 서구 토성동1가 25번지 1호,1998326004907500001,3260000,,,,01,영업/정상,준대규모점포,2007-08-06,2015-12-31,051-248-1673
부산건재집배송,그 밖의 대규모점포,,379121.358659294,183459.900435184,2025-12-15 16:15:28,I,4,직권취소,2011-11-14 14:38:05,2004-06-19,1998-05-06,0,,부산광역시 사상구 엄궁동 642호,2000339001507500015,3390000,부산광역시 사상구 강변대로 570 (엄궁동),,,04,취소/말소/만료/정지/중지,대규모점포,,,051-0316-5511
일성인포,그 밖의 대규모점포,2012-01-09,386810.051216696,186879.357527916,2025-12-15 16:15:28,I,3,폐업처리,2012-01-09 13:36:44,,1998-04-20,15206.25,,부산광역시 부산진구 부암동 55-6호,2000329000107500034,3290000,부산광역시 부산진구 신천대로 246 (부암동),,,03,폐업,대규모점포,,,051-806-6629
부산광역시철강판매업협동조합,전문점,,379171.834448177,183495.894355047,2025-12-15 16:15:28,I,1,정상영업,2011-11-14 15:13:07,,1998-04-07,0,617-831,부산광역시 사상구 엄궁동 642번지 3호,2000339001507500014,3390000,부산광역시 사상구 강변대로532번길 17-49 (엄궁동),,,01,영업/정상,대규모점포,,,051-0323-4670
대구백화점,백화점,2022-02-23,344047.979265366,264405.128695786,2026-05-08 22:34:09,I,3,폐업처리,2022-02-23 13:10:49,,1998-03-30,22026.27,,,1998341010507500001,3410000,대구광역시 중구 동성로 30 (동성로2가),,,03,폐업,대규모점포,2021-09-15,2022-09-14,053-423-1234
동아아울렛 강북점,복합쇼핑몰,,339731.40434905,271557.940207262,2026-05-03 22:36:10,U,1,정상영업,2026-04-30 16:31:52,,1998-03-28,8723,,대구광역시 북구 읍내동 1343-6호,2000345001207500012,3450000,대구광역시 북구 칠곡중앙대로 416 (읍내동),,,01,영업/정상,대규모점포,,,053-320-3202
롯데쇼핑(주)롯데마트 강변점,대형마트,,208394.416382167,448165.279999905,2026-04-30 03:03:03,U,1,정상영업,2026-04-29 16:45:47,,1998-03-23,4122,,서울특별시 광진구 구의동 546번지 4호,2001304007307500016,3040000,서울특별시 광진구 광나루로56길 85 (구의동),,2004-04-30,01,영업/정상,대규모점포,,,02-3424-2500
테크노-마트21,그 밖의 대규모점포,,208394.416382167,448165.279999905,2025-12-15 16:15:28,I,1,정상영업,2018-09-06 15:42:55,,1998-03-23,49840,,서울특별시 광진구 구의동 546번지 4호,2001304007307500015,3040000,서울특별시 광진구 광나루로56길 85 (구의동),,,01,영업/정상,대규모점포,,,02-3424-0323
송파쇼핑센타,그 밖의 대규모점포,,213279.781081276,443674.682876425,2025-12-15 16:15:28,I,1,정상영업,2023-11-16 11:30:08,,1998-03-17,7961,,서울특별시 송파구 마천동 181호,1981323007807500014,3230000,서울특별시 송파구 마천로 315 (마천동),,,01,영업/정상,대규모점포,,,02-431-0611
롯데백화점 광주점,백화점,,,,2026-07-01 10:38:39,I,1,정상영업,2026-04-15 08:54:15,,1998-03-13,38394.6,,전남광주통합특별시 동구 대인동 호 71의1 외2필지,2000359001107500304,5805000,전남광주통합특별시 동구 독립로 268 (대인동),,,01,영업/정상,대규모점포,,,062-221-0313
(주)지에스리테일 GS스퀘어 구리점,백화점,,212647.021160325,455616.655198478,2025-12-15 16:15:28,I,1,정상영업,2008-10-14 11:32:36,,1998-03-07,24555,,경기도 구리시 인창동 677호,2000398001707500003,3980000,경기도 구리시 경춘로 261 (인창동),,,01,영업/정상,,,,031-550-7114
홍천종합온천장,그 밖의 대규모점포,,273789.496455895,466226.934730527,2025-12-15 16:15:28,I,1,정상영업,2007-06-30 10:43:21,,1998-02-27,,,강원특별자치도 홍천군 북방면 소매곡리 산34호,1998425004207500001,4251000,강원특별자치도 홍천군 북방면 온천길 183,,,01,영업/정상,,,,033-435-5000
동아탑월드,그 밖의 대규모점포,,,,2026-03-26 22:48:21,I,1,정상영업,2007-06-30 12:25:07,,1998-02-10,,,인천광역시 남구 숭의동 294번지 11  호,2000351001307500001,3510500,,,,01,영업/정상,,,,032-888-8441
새서울프라자,그 밖의 대규모점포,,199271.515,436077.66,2025-12-15 16:15:28,I,1,정상영업,2025-05-20 16:56:28,,1998-02-06,0,,경기도 과천시 별양동 1번지 18호,2001397003207500893,3970000,경기도 과천시 별양상가2로 20 (별양동),,,01,영업/정상,대규모점포,,,02-503-5911
한솔코아,그 밖의 대규모점포,,,,2025-12-15 16:15:28,I,1,정상영업,2009-01-15 19:35:28,,1998-02-05,10126.54,,경기도 고양시일산서구 주엽동 72-2호,2000394000007500018,3940000,,,,01,영업/정상,,,,
해태쇼핑타운,그 밖의 대규모점포,2024-07-29,,,2025-12-15 16:15:28,I,3,폐업처리,2024-07-23 08:51:22,,1998-01-17,4609.84,,경기도 고양시일산서구 일산동 1561-1호,2000394000007500017,3940000,,,,03,폐업,,,,
공구상가일번지관리단,복합쇼핑몰,,189134.15447044,444274.729874348,2026-05-01 22:42:20,I,1,정상영업,2024-04-17 10:55:51,,1998-01-14,4881,152-050,서울특별시 구로구 구로동 636번지 62호,2007316011707500017,3160000,서울특별시 구로구 경인로54길 4 (구로동),,,01,영업/정상,대규모점포,,,26310460
공구상가일번지,그 밖의 대규모점포,,,,2026-05-01 22:42:19,I,1,정상영업,2007-07-07 09:54:17,,1998-01-14,,,서울특별시 구로구 구로동 636번지 62  호,1998316007107500001,3160000,,,,01,영업/정상,,,,02-2631-0460
홈플러스(주) 계산점,대형마트,2026-07-14,176616.682613356,448616.432509265,2026-05-10 23:19:02,U,3,폐업처리,2026-07-15 09:12:52,,1998-01-08,16072,407-050,인천광역시 계양구 계산동 1061번지,19983550059075,3550000,인천광역시 계양구 오조산공원로 14 (계산동),,,03,폐업,대규모점포,2026-02-01,2027-01-31,
홈플러스스토어즈(주) 계산점,대형마트,,176616.682613356,448616.432509265,2026-05-10 23:19:02,I,1,정상영업,2017-11-27 17:32:08,,1998-01-08,16072,407-050,인천광역시 계양구 계산동 1061번지,19981,3550000,인천광역시 계양구 오조산공원로 14 (계산동),,,01,영업/정상,대규모점포,,,
대천프라자,쇼핑센터,,,,2026-05-06 22:48:23,I,1,정상영업,2007-06-23 09:41:03,,1998-01-06,,,충청남도 보령시 대천동 828-5호,1998451007907500001,4510000,,,,01,영업/정상,,,,041-934-2801
엘지마트시화점,그 밖의 대규모점포,,,,2026-05-11 22:05:13,I,2,휴업처리,2007-07-21 10:24:51,,1997-12-31,,,호,1997401007807500003,4010000,,,,02,휴업,,,,
킴스클럽순천점,대형마트,,,,2026-07-01 12:27:46,I,1,정상영업,2014-01-03 11:47:03,,1997-12-27,0,,전남광주통합특별시 순천시 조례동 산89-8호,2000482000007500021,5790000,전남광주통합특별시 순천시 비봉2길 11-12 (조례동),,,01,영업/정상,준대규모점포,,,061-720-5000
(주)이마트 김천점,대형마트,,300454.619845122,293292.616281666,2026-05-05 22:00:12,I,1,정상영업,2024-04-16 09:55:50,,1997-12-22,6318,,경상북도 김천시 신음동 990번지 1호,1997506001207500001,5060000,경상북도 김천시 시청로 75 (신음동),,,01,영업/정상,대규모점포,,,054-420-1052
㈜아람마트수퍼센터 연산점,그 밖의 대규모점포,,,,2026-05-04 22:36:24,I,2,휴업처리,2007-07-07 10:19:37,,1997-12-22,,,부산광역시 연제구 연산동 590번지 6   호,1997337001407500001,3370000,,,,02,휴업,,,,
이천일아울렛 안양점,쇼핑센터,,,,2026-05-01 03:03:03,U,1,정상영업,2026-04-30 10:16:38,,1997-12-16,8174,,경기도 안양시만안구 안양동 627번지 287호,1997383006207500002,3830000,경기도 안양시 만안구 안양로 275 (안양동),,,01,영업/정상,대규모점포,,,031-449-2001
양정현대프라자,그 밖의 대규모점포,,387887.847334313,187966.542955161,2025-12-15 16:15:28,I,1,정상영업,2018-10-05 14:26:38,,1997-12-15,14968.65,,부산광역시 부산진구 양정동 458-5호,2000329000107500028,3290000,부산광역시 부산진구 동평로 352 (양정동),,,01,영업/정상,대규모점포,,,051-865-5882
학교법인 송원대학교 송원홈센터,전문점,2022-01-28,187913.223111061,183567.413219229,2026-07-14 11:38:15,I,3,폐업처리,2022-02-03 09:59:52,,1997-12-10,8234.15,,전남광주통합특별시 서구 쌍촌동 997번지 71호,1999360000007500003,5810000,전남광주통합특별시 서구 상무대로 964 (쌍촌동),,,03,폐업,대규모점포,,,062-380-7000
서면지하도상가 중앙몰,시장,,387229.14175083,186077.344735441,2025-12-15 16:15:28,I,1,정상영업,2023-11-09 10:51:40,,1997-12-10,3164,,부산광역시 부산진구 부전동 576번지 1호 가야로상 지하상가,2000329000107500027,3290000,"부산광역시 부산진구 가야대로 지하 777, 가야로상 지하상가 (부전동)",47257,,01,영업/정상,대규모점포,,,051-713-8266
썬마트,쇼핑센터,,,,2026-05-03 22:50:53,I,1,정상영업,2007-07-07 11:05:41,,1997-12-05,,,전북특별자치도 김제시 검산동 820번지 3  호,2000471001107500001,4711000,,,,01,영업/정상,,,,063-546-6000
(주)동방생활산업아산점,대형마트,,,,2026-05-06 22:48:23,I,1,정상영업,2007-06-23 10:11:01,,1997-12-05,,,충청남도 아산시 배방읍 장재리 515번지 2호,1997452001807500001,4520000,,,,01,영업/정상,,,,041-530-4511
두원시장,그 밖의 대규모점포,,346786.913860354,260749.39945393,2026-05-03 22:40:51,I,1,정상영업,2007-07-14 11:13:31,,1997-12-05,,,대구광역시 수성구 지산동 994호,1997346005507500020,3460000,대구광역시 수성구 동대구로12안길 10 (지산동),,,01,영업/정상,,,,053-0761-0204
홈플러스(주)구월점,복합쇼핑몰,,173552.310556009,438905.868022571,2026-03-26 22:49:55,I,1,정상영업,2024-02-29 13:45:12,,1997-12-03,12117.34,,인천광역시 남동구 구월동 1130호,2000353000007500016,3530000,인천광역시 남동구 예술로 198 (구월동),,2007-03-13,01,영업/정상,대규모점포,2007-02-03,2007-03-12,032-428-2080
울산산업공구월드,그 밖의 대규모점포,,412441.258419848,228752.950654464,2025-12-15 16:15:28,I,1,정상영업,2025-04-23 13:44:55,,1997-11-28,10356,680-815,울산광역시 남구 삼산동 1591번지 4호,2010370005307500002,3700000,울산광역시 남구 갈밭로 24 (삼산동),,,01,영업/정상,대규모점포,,,052-266-8796
뉴코아아울렛분당점,대형마트,2002-05-25,211200.046775342,434263.681539619,2025-12-15 16:15:28,I,3,폐업처리,2007-08-06 10:43:15,,1997-11-22,19419.29,,경기도 성남시분당구 야탑동 357번지 1호,2005378010607500005,3780000,경기도 성남시 분당구 야탑로81번길 11 (야탑동),,,03,폐업,,,,031-780-3501
공릉종합상가,그 밖의 대규모점포,,206578.976039388,457736.364674901,2025-12-15 16:15:28,I,1,정상영업,2022-01-14 14:38:53,,1997-11-20,5869.69,,,1997310018407500001,3100000,"서울특별시 노원구 동일로180길 14 (공릉동, 공릉종합상가)",,,01,영업/정상,대규모점포,,,02-972-2027
롯데쇼핑(주)인천점,백화점,,173499.267314606,437739.32138498,2026-04-21 03:03:03,U,1,정상영업,2026-04-20 14:52:38,,1997-11-08,59168.33,,인천광역시 미추홀구 관교동 15번지,2010351009207500001,3510500,인천광역시 미추홀구 연남로 35 (관교동),22242,,01,영업/정상,대규모점포,,,032-728-2221
롯데쇼핑(주) 관악점,백화점,,193301.885808714,443151.561302292,2026-04-07 03:03:03,U,1,정상영업,2026-04-06 13:23:48,,1997-11-07,21711.05,151-718,서울특별시 관악구 보라매동 729호 22통 롯데백화점,2012320019107500002,3200000,서울특별시  봉천로 209,,,01,영업/정상,대규모점포,,,02-3289-8883
반포프라자,그 밖의 대규모점포,,198776.113460442,444432.325191038,2025-12-15 16:15:28,I,1,정상영업,2013-03-18 11:04:22,,1997-10-29,2803,,,2013321012207500017,3210000,서울특별시 서초구 신반포로3길 8 (반포동),,,01,영업/정상,대규모점포,,,02-594-8466
반포프라자,그 밖의 대규모점포,,198776.113460442,444432.325191038,2025-12-15 16:15:28,I,1,정상영업,2013-03-15 18:24:21,,1997-10-29,2803,,,2013321012207500002,3210000,서울특별시 서초구 신반포로3길 8 (반포동),,,01,영업/정상,대규모점포,,,02-591-8081
AK PLAZA 분당점,복합쇼핑몰,,210853.833466798,431447.85813153,2025-12-15 16:15:28,I,1,정상영업,2024-12-17 13:07:04,,1997-10-06,36532.47,,경기도 성남시 분당구 서현동 263번지,2000378000007510053,3780000,"경기도 성남시 분당구 황새울로360번길 42 (서현동, AK플라자)",13591,,01,영업/정상,대규모점포,,,031-779-3500
월마트대전점,대형마트,,232507.184505762,317488.107936776,2026-05-07 22:30:16,I,BBBB,,2007-06-23 10:15:16,,1997-09-30,11335,,대전광역시 서구 월평동 510호,1997366001507500032,3660000,대전광역시 서구 한밭대로 580 (월평동),,,01,영업/정상,,,,042-480-9210
영등포지하상가,그 밖의 대규모점포,,,,2026-05-11 22:40:05,I,1,정상영업,2007-07-07 12:24:36,,1997-09-16,,,서울특별시 영등포구 영등포동5가 20호,2001318007607500003,3180000,,,,01,영업/정상,,,,02-2633-8050
부산산업용재 유통상가,복합쇼핑몰,,380482.767624189,185582.274947583,2025-12-15 16:15:28,I,1,정상영업,2017-01-09 09:53:18,,1997-09-13,14105.77,,부산광역시 사상구 감전동 152번지 2호,2000339001507500012,3390000,부산광역시 사상구 새벽로 131 (감전동),,,01,영업/정상,대규모점포,,,051-324-3913
(주) 한화갤러리아 타임월드,백화점,,233862.052682978,316846.061831289,2026-05-07 22:30:15,I,1,정상영업,2024-05-16 19:53:58,,1997-09-05,55827.81,,대전광역시 서구 둔산동 1038호,1994366001507500031,3660000,대전광역시 서구 대덕대로 211 (둔산동),,,01,영업/정상,대규모점포,,,042-480-5562
홀마트,대형마트,2003-04-16,341891.279802184,261372.777670635,2025-12-15 16:15:28,I,3,폐업처리,2014-03-20 13:00:45,,1997-09-05,0,,대구광역시 남구 대명동 1647-3호,2000344001407500014,3440000,대구광역시 남구 두류공원로 55 (대명동),,,03,폐업,대규모점포,,,053-652-6800
마트월드,구분없음,,379554.826788489,184301.128962727,2026-08-28 22:18:10,U,1,정상영업,2026-08-27 16:52:53,,1997-09-05,25321.54,,부산광역시 사상구 감전동 502번지 1호,2000339001507500016,3390000,부산광역시 사상구 낙동대로 910 (감전동),,,01,영업/정상,대규모점포,,,051-310-0701
동아쇼핑점,쇼핑센터,,343705.561002201,264056.630948974,2026-05-08 22:34:09,U,1,정상영업,2026-04-28 13:18:51,,1997-09-03,25138.34,,대구광역시 중구 덕산동 53-3 동아쇼핑,2010341007107500002,3410000,"대구광역시 중구 달구벌대로 2085, 동아쇼핑 (덕산동)",41936,,01,영업/정상,대규모점포,,,053-251-3391
대백프라자,백화점,,345032.238220744,262949.871621315,2026-05-08 22:34:09,I,1,정상영업,2014-10-15 10:44:08,,1997-09-03,46625.73,,,1997341010507500001,3410000,대구광역시 중구 명덕로 333 (대봉동),,,01,영업/정상,대규모점포,,,053-420-8700
(주)재능스스로마트,그 밖의 대규모점포,2012-12-20,204254.782968629,442744.847670936,2025-12-15 16:15:28,I,3,폐업처리,2012-12-26 18:30:38,,1997-09-02,0,,서울특별시 강남구 도곡동 464호,2001322008307500025,3220000,,,,03,폐업,대규모점포,,,02-574-3600
(주)이마트원주점,대형마트,,281366.703634706,424684.582635502,2025-12-15 16:15:28,I,1,정상영업,2024-05-08 11:10:13,,1997-08-29,8136.9,220-150,강원특별자치도 원주시 무실동 1062번지 1호 외3필지,1997419007907500002,4191000,강원특별자치도 원주시 북원로 1928 (무실동),,,01,영업/정상,대규모점포,,,033-749-1205
야탑에이스코아시장,시장,,211065.544875713,434158.249686234,2025-12-15 16:15:28,I,1,정상영업,2009-06-16 14:47:15,,1997-08-29,10030,,경기도 성남시분당구 야탑동 502호,2005378010607500009,3780000,경기도 성남시 분당구 야탑로 64 (야탑동),,,01,영업/정상,,,,031-702-8170
야탑에이스코아시장,그 밖의 대규모점포,,211065.544875713,434158.249686234,2025-12-15 16:15:28,I,1,정상영업,2007-07-07 11:25:20,,1997-08-29,,,경기도 성남시분당구 야탑동 502호,1997378000007510052,3780000,경기도 성남시 분당구 야탑로 64 (야탑동),,,01,영업/정상,,,,034-2702-8170
동아아울렛 동문본점,백화점,2021-12-30,344148.3520334,264812.353730496,2026-05-08 22:34:09,I,3,폐업처리,2021-12-31 11:08:20,,1997-08-26,9364.27,700-711,대구광역시 중구 동문동 20번지 4호 외 6필지,2010341007107500001,3410000,"대구광역시 중구 경상감영길 171 (동문동,외 6필지)",,,03,폐업,대규모점포,,,053-429-4230
(주)현대백화점 울산점,백화점,,411768.0407494,229164.489593214,2025-12-15 16:15:28,I,1,정상영업,2024-02-29 13:27:07,,1997-08-25,26010.15,,울산광역시 남구 삼산동 1521번지 1   호,1997370000907500022,3700000,울산광역시 남구 삼산로 261 (삼산동),,,01,영업/정상,대규모점포,,,052-228-2233
대한통운마트,그 밖의 대규모점포,2015-08-27,,,2026-03-26 22:48:21,I,3,폐업처리,2015-08-27 14:08:44,,1997-08-22,0,,,1997301013007500004,3010000,서울특별시 중구 세종대로9길 58-12 (서소문동),,,03,폐업,대규모점포,,,02-3782-0114
나산클레프,그 밖의 대규모점포,,,,2026-07-01 12:18:07,I,1,정상영업,2007-06-16 11:13:33,,1997-08-20,,,전남광주통합특별시 북구 유동 87번지 1호,1997362001207500016,5820000,전남광주통합특별시 북구 태봉로 10 (유동),,,01,영업/정상,,,,062-0519-7000
안산시 시민시장,그 밖의 대규모점포,,182678.467316641,424813.191382151,2025-12-15 16:15:28,I,1,정상영업,2025-02-17 09:49:52,,1997-08-14,4748.8,,경기도 안산시 단원구 초지동 604번지 4호,2000393000007500014,3930000,"경기도 안산시 단원구 화랑로 149 (초지동, 안산시민시장)",15387,,01,영업/정상,대규모점포,,,031-411-1040
인천산업유통사업협동조합,그 밖의 대규모점포,,,,2026-07-01 09:42:12,I,1,정상영업,2024-02-02 15:49:40,,1997-08-14,197568.01,,인천광역시 제물포구 송림동 294호,1997350000907500001,3501000,인천광역시 제물포구 방축로83번길 23 (송림동),,,01,영업/정상,대규모점포,,,032-589-0909
E-마트,대형마트,,,,2025-12-15 16:15:28,I,2,휴업처리,2007-06-23 14:33:26,,1997-08-13,8992.69,,경기도 안양시동안구 비산동 411번지 8호,1997383006207500001,3830000,경기도 안양시 동안구 관악대로 104 (비산동),,,02,휴업,,,,031-380-3350
(주)기산프라쟈,대형마트,,343880.183849584,190702.50942653,2026-04-30 22:00:14,I,1,정상영업,2007-06-30 10:28:07,,1997-08-11,,,경상남도 마산시 오동동 18번지 61호,1997528000007500001,5670000,경상남도 창원시 마산합포구 오동동14길 29 (오동동),,,01,영업/정상,,,,055-1243-4577
LG마트춘천점,대형마트,,,,2026-05-10 21:30:35,I,1,정상영업,2007-07-21 10:12:48,,1997-08-08,,,호,1997418001607500001,4181000,,,,01,영업/정상,,,,033-260-7000
홈플러스 대구점,그 밖의 대규모점포,,344041.493561539,265698.789666102,2026-05-03 22:36:10,I,2,휴업처리,2007-07-07 12:21:29,,1997-08-07,0,,대구광역시 북구 칠성동2가 378번지 23호,2000345001207500011,3450000,대구광역시 북구 중앙대로 543 (칠성동2가),,,02,휴업,,,,053-350-8000
홈플러스(주) 대구점,대형마트,2021-12-24,344056.668545503,265774.185888783,2026-05-03 22:36:08,I,3,폐업처리,2021-12-28 11:25:52,,1997-08-07,20207.18,,,1997345009907500001,3450000,대구광역시 북구 중앙대로 543 (칠성동2가),,,03,폐업,대규모점포,,,053-350-8104
한솔프라자시장,그 밖의 대규모점포,,210070.897509839,428945.094477043,2025-12-15 16:15:28,I,1,정상영업,2007-07-07 11:25:20,,1997-07-11,,,경기도 성남시분당구 정자동 127번지 3호,2000378007607510051,3780000,경기도 성남시 분당구 내정로17번길 2 (정자동),,,01,영업/정상,,,,031-715-4122
해미종합시장,그 밖의 대규모점포,,,,2026-03-26 22:48:23,I,1,정상영업,2007-06-23 10:45:46,,1997-07-08,,,충청남도 서산시 해미면 읍내리 184번지 1   호,2000453011607500003,4530000,,,,01,영업/정상,,,,
현대프리젠트프라자,그 밖의 대규모점포,,180301.698161064,461028.179194405,2025-12-15 16:15:28,I,2,휴업처리,2007-06-30 13:26:54,,1997-07-05,,,경기도 고양시일산동구 장항동 895호,2000394000007500016,3940000,,,,02,휴업,,,,034-4901-5678
롯데슈퍼 마산자산점,그 밖의 대규모점포,,341877.6268526,190288.093378016,2026-04-30 22:00:13,I,1,정상영업,2021-05-03 16:50:26,,1997-07-01,396,,경상남도 창원시 마산합포구 자산동 330-1 하얀집,19975670570075,5670000,"경상남도 창원시 마산합포구 자산솔밭로 51, 하얀집 (자산동)",51261,,01,영업/정상,준대규모점포,,,055-224-0426
대전대덕산업용재유통단지사업 협동조합,전문점,,236019.893489066,318423.179224484,2025-12-15 16:15:28,I,1,정상영업,2025-05-01 09:50:07,,1997-07-01,41253,306-754,대전광역시 대덕구 대화동 289-1외18번지,1997368000007500001,3680000,대전광역시 대덕구 대화로 160 (대화동),,,01,영업/정상,대규모점포,,,042-670-6700
서면종합시장번영회,그 밖의 대규모점포,,387528.393422261,186694.666831446,2025-12-15 16:15:28,I,2,휴업처리,2007-07-14 10:43:12,,1997-07-01,0,,부산광역시 부산진구 부전동 347번지 40호,1997329008507500001,3290000,부산광역시 부산진구 부전로162번길 28 (부전동),,,02,휴업,,,,
코스트코 홀세일,대형마트,,346013.651465394,268532.189935562,2026-05-03 22:36:10,I,1,정상영업,2015-12-02 09:53:07,,1997-06-30,11525.46,,대구광역시 북구 산격동 1817호,2000345001207500014,3450000,대구광역시 북구 검단로 97 (산격동),,,01,영업/정상,대규모점포,,,053-383-1234
진솔물산,그 밖의 대규모점포,,202557.007830645,443648.622539856,2025-12-15 16:15:28,I,1,정상영업,2007-07-14 10:53:01,,1997-06-30,,,서울특별시 강남구 역삼동 826번지 14호,2001322008307500024,3220000,,,,01,영업/정상,,,,02-3466-2620
신부시장,그 밖의 대규모점포,,358076.163113185,153475.827008107,2025-12-15 16:15:28,I,1,정상영업,2023-12-12 10:41:28,,1997-06-17,3862.1,,경상남도 거제시 장승포동 283번지 99호,2001537001007500008,5370000,경상남도  장승포로 49,,,01,영업/정상,대규모점포,,,055-635-6001
굿마트,그 밖의 대규모점포,,,,2025-12-15 16:15:28,I,1,정상영업,2007-06-30 17:13:15,,1997-06-13,,,전북특별자치도 전주시덕진구 송천동1가 호 481-4,1997120000007500000,4641000,,,,01,영업/정상,,,,063-250-3304
(주)이마트청주점,대형마트,,,,2026-05-06 22:48:29,I,1,정상영업,2024-04-29 16:07:00,,1997-06-09,9517,,충청북도 청주시 서원구 미평동 123-1번지,2000436000907500018,5710000,충청북도 청주시 서원구 청남로 1853 (미평동),,,01,영업/정상,대규모점포,,,043-210-1234
(주)이마트청주점,대형마트,,242399.096913115,344542.716935815,2026-05-06 22:48:23,I,4,직권취소,2014-04-10 17:06:54,,1997-06-09,9517,361-202,충청북도 청주시 서원구 미평동 123-1번지,1997436020307500001,5710000,충청북도 청주시 서원구 청남로 1853 (미평동),,,04,취소/말소/만료/정지/중지,대규모점포,,,043-210-1051
요진타워,그 밖의 대규모점포,,185166.687145694,459037.825613683,2025-12-15 16:15:28,I,1,정상영업,2017-04-06 14:26:17,,1997-06-09,5371.17,,경기도 고양시덕양구 화정동 973호,2000394000007500015,3940000,,,,01,영업/정상,대규모점포,,,031-978-0030
흥아대림상가,그 밖의 대규모점포,,,,2026-05-03 22:39:04,I,1,정상영업,2007-07-14 11:26:29,,1997-06-07,,,부산광역시 북구 화명동 1170번지 1   호,1997332004207500001,3320000,,,,01,영업/정상,,,,
동우(아)상가,그 밖의 대규모점포,,217238.128327968,363423.789607699,2025-12-15 16:15:28,I,1,정상영업,2007-06-30 10:52:49,,1997-06-04,,,충청남도 천안시 동남구 목천읍 신계리 422호,2000449011907500013,4490000,충청남도 천안시 동남구 목천읍 신계1길 41,,,01,영업/정상,,,,
창원코아상가,그 밖의 대규모점포,,352838.701430316,192537.638974684,2026-04-30 22:00:14,I,1,정상영업,2018-05-09 11:11:17,,1997-06-03,5651,,경상남도 창원시 상남동 73-4호,1997527002207500001,5670000,경상남도 창원시 성산구 상남로 71 (상남동),,,01,영업/정상,대규모점포,,,055-282-0435
보림프라자,그 밖의 대규모점포,2025-04-04,390724.427856927,190387.205145155,2025-12-15 16:15:28,I,3,폐업처리,2025-04-04 09:15:51,,1997-05-26,3696,,부산광역시 동래구 낙민동 84번지 8호,1997330001607500014,3300000,부산광역시 동래구 안남로 23 (낙민동),,,03,폐업,대규모점포,,,051-524-0700
미씨-860,그 밖의 대규모점포,2009-09-22,206970.919291372,443574.411625824,2025-12-15 16:15:28,I,3,폐업처리,2010-08-24 09:23:50,,1997-05-24,0,,서울특별시 강남구 개포동 13번지 3 호,2001322008307500023,3220000,,,,03,폐업,,,,02-3413-5119
(주)상무쇼핑프라자,그 밖의 대규모점포,,185877.657855715,183914.671543206,2026-07-14 11:38:15,I,2,휴업처리,2007-07-21 10:15:34,,1997-05-20,,,전남광주통합특별시 서구 치평동 1168번지 1호,1997360001207500003,5810000,,,,02,휴업,,,,062-383-0050
대한통운(주)코렉스마트,대형마트,,143864.720466958,144135.778691528,2026-07-14 11:38:15,I,3,폐업처리,2007-07-07 20:35:50,,1997-05-06,,,전남광주통합특별시 목포시 호남동 89호,2000480000007500006,5780000,전남광주통합특별시 목포시 영산로110번길 25 (호남동),,,03,폐업,,,,
충주현대타운,그 밖의 대규모점포,2019-11-12,282848.651647227,385942.151488413,2025-12-15 16:15:28,I,3,폐업처리,2019-11-12 12:58:32,,1997-05-06,8928.07,380-020,충청북도 충주시 성서동 163번지,2011439010307500001,4390000,,,1988-11-05,03,폐업,,,,
리치마트 양주점,대형마트,,203707.728341001,479401.14588968,2025-12-15 16:15:28,I,1,정상영업,2025-05-15 08:57:01,,1997-04-26,7154.16,,경기도 양주시 덕계동 694호,1997410001307500001,5590000,경기도 양주시 평화로1413번길 48 (덕계동),,,01,영업/정상,대규모점포,,,031-864-7200
이마트 남원점,대형마트,,233973.177377479,212076.444622392,2026-05-06 22:48:25,I,1,정상영업,2024-05-03 17:31:39,,1997-04-23,2949.75,,전북특별자치도 남원시 왕정동 146-1 금호프라자아파트,1997470101807500001,4701000,"전북특별자치도 남원시 남문로 385-16, 금호프라자아파트 (왕정동)",55764,,01,영업/정상,준대규모점포,,,063-620-3050
뉴코아분당지점,백화점,2001-09-06,,,2025-12-15 16:15:28,I,3,폐업처리,2007-08-06 10:10:14,,1997-04-22,44.23,,"경기도 성남시분당구 구미동 10, 11번지 1   호",2000378000007530972,3780000,,,,03,폐업,,,,034-2738-5502
한국그랜드쇼핑,쇼핑센터,,,,2025-12-15 16:15:28,I,1,정상영업,2007-07-07 10:38:36,,1997-04-11,,,경상남도 김해시 외동 1291번지 9   호,1997535001407500015,5350000,,,,01,영업/정상,,,,055-334-3039
탑마트 구산점,구분없음,,370504.565612363,195968.93245642,2025-12-15 16:15:28,I,1,정상영업,2025-04-29 16:26:19,,1997-04-03,991.8,,경상남도 김해시 구산동 294-1,2025535037407500006,5350000,"경상남도 김해시 구산로 50, 1층 (구산동)",50908,,01,영업/정상,준대규모점포,,,055-325-6283
화승아파트상가,그 밖의 대규모점포,,385570.015221682,187424.7082035,2025-12-15 16:15:28,I,1,정상영업,2018-10-05 14:35:24,,1997-04-02,5599,614-840,부산광역시 부산진구 부암동 500번지,2000329000107500026,3290000,"부산광역시 부산진구 당감서로80번길 19 (부암동, 화승아파트)",,,01,영업/정상,대규모점포,,,051-805-1799
국제전자도매센타,전문점,,201501.672660443,442505.573142545,2025-12-15 16:15:28,I,1,정상영업,2016-03-03 11:07:45,,1997-03-29,33736,,,2013321012207500001,3210000,서울특별시 서초구 효령로 304 (서초동),,,01,영업/정상,대규모점포,,,02-3465-1010
판교시장,그 밖의 대규모점포,,210101.220435375,429851.265918459,2025-12-15 16:15:28,I,2,휴업처리,2007-07-07 11:25:20,,1997-03-28,,,경기도 성남시분당구 정자동 54번지 1호,2000378007607510050,3780000,경기도 성남시 분당구 내정로113번길 4 (정자동),,,02,휴업,,,,031-718-4162
완사시장,그 밖의 대규모점포,,,,2026-05-08 22:02:24,I,1,정상영업,2007-07-14 11:45:51,,1997-03-26,,,경상남도 사천시 곤명면 정곡리 4B호,2000534001607500003,5340000,,,,01,영업/정상,,,,055-830-4501
어방종합시장,그 밖의 대규모점포,,,,2025-12-15 16:15:28,I,1,정상영업,2007-07-07 10:38:36,,1997-03-24,,,경상남도 김해시 어방동 502번지 7   호,1997535001407500014,5350000,,,,01,영업/정상,,,,055-333-3944
동성프라자,그 밖의 대규모점포,,386514.829007717,445508.119238943,2025-12-15 16:15:28,I,1,정상영업,2020-08-24 09:54:38,,1997-03-17,3705.05,,강원특별자치도 동해시 효가동 153번지 1호,1997421000007500003,4211000,강원특별자치도 동해시 효자로 691 (효가동),,,01,영업/정상,대규모점포,2009-07-23,2010-07-22,033-521-9323
시화유통상가사업협동조합,그 밖의 대규모점포,,175751.992022502,425940.901471747,2026-05-11 22:05:13,I,1,정상영업,2025-05-14 09:51:44,,1997-03-17,23740.74,,,2012401019907500001,4010000,"경기도 시흥시 공단1대로 244, 지원상가동 308호 (정왕동)",,,01,영업/정상,대규모점포,,,031-430-0114
시화공구상가사업협동조합,그 밖의 대규모점포,,175470.687063644,426164.742756383,2026-05-11 22:05:13,I,1,정상영업,2025-04-22 14:25:03,,1997-03-17,22877.58,429-879,경기도 시흥시 정왕2동 1364번지,1997401007807500001,4010000,경기도 시흥시 공단1대로 204 (정왕동),,,01,영업/정상,대규모점포,,,031-430-5001
워너비마산점시장,그 밖의 대규모점포,,343640.357498817,190776.85343931,2026-04-30 22:00:14,I,1,정상영업,2007-06-30 10:28:07,,1997-03-06,,,경상남도 마산시 동성동 50호,1997528000007500029,5670000,경상남도 창원시 마산합포구 아구찜길 7 (동성동),,,01,영업/정상,,,,055-1243-2105
서현킴스,백화점,2001-08-16,210704.424973834,431202.672919827,2025-12-15 16:15:28,I,3,폐업처리,2007-08-06 10:27:58,,1997-03-04,20162.4,,경기도 성남시분당구 서현동 266번지 1   호,2000378000007530971,3780000,경기도 성남시 분당구 분당로 55 (서현동),,,03,폐업,,,,034-2779-5501
농협하나로마트,쇼핑센터,,189851.296400918,255603.023408597,2026-05-03 22:50:53,I,1,정상영업,2007-07-07 11:05:41,,1997-02-27,,,전북특별자치도 김제시 요촌동 213번지 4호,2000471001107500006,4711000,전북특별자치도 김제시 동서로 185 (요촌동),,,01,영업/정상,,,,063-544-3700
혜양엘리시움,그 밖의 대규모점포,,201032.188139401,451831.342593242,2026-03-26 22:48:23,I,1,정상영업,2020-04-30 15:40:11,,1997-02-24,5590.74,,,2014301013007500024,3010000,서울특별시 중구 마장로1길 18 (신당동),,,01,영업/정상,대규모점포,,,02-2250-1115
익산송원백화점,백화점,,,,2026-05-06 22:48:23,I,5,영업개시전,2016-03-09 13:49:19,,1997-02-19,58,,전북특별자치도 익산시 창인동1가 152번지 24호,2000468002007500001,4681000,전북특별자치도 익산시 중앙로5길 17-4 (창인동1가),54593,,01,영업/정상,준대규모점포,,,063-840-7000
쌍용프라자 상가,그 밖의 대규모점포,,211259.909777857,443711.702922024,2025-12-15 16:15:28,I,1,정상영업,2017-05-25 14:28:03,,1997-02-18,3719.38,138-808,서울특별시 송파구 가락2동 140번지,2011323019807500002,3230000,서울특별시 송파구 동남로 189 (가락동),,,01,영업/정상,대규모점포,,,02-403-7008
파워마트,대형마트,,,,2026-07-01 10:55:09,I,1,정상영업,2007-07-21 10:15:34,,1997-02-04,,,전남광주통합특별시 서구 쌍촌동 885-11호,1999360000007500011,5810000,,,,01,영업/정상,,,,062-380-2611
웅상상가시장,그 밖의 대규모점포,,,,2025-12-15 16:15:28,I,4,직권취소,2010-08-13 17:18:33,2010-08-02,1997-02-04,2417.11,,경상남도 양산시 덕계동 718-45호,2000538001007500013,5380000,,,,04,취소/말소/만료/정지/중지,,,,
대한통운 마트,그 밖의 대규모점포,,,,2025-12-15 16:15:28,I,1,정상영업,2007-06-30 17:13:15,,1997-01-30,,,전북특별자치도 전주시덕진구 우아동3가 호 753-1,1997110000007500000,4641000,,,,01,영업/정상,,,,063-241-4131
프라임프라자상가,그 밖의 대규모점포,,208558.286631653,448353.905156369,2025-12-15 16:15:28,I,1,정상영업,2012-01-04 15:34:45,,1997-01-30,5880.92,,서울특별시 광진구 구의동 631번지 1호,2001304007307500014,3040000,서울특별시 광진구 광나루로56길 63 (구의동),,,01,영업/정상,대규모점포,,,02-3437-2572
(주)이마트 화정점,그 밖의 대규모점포,,185226.158241731,458936.976683497,2025-12-15 16:15:28,I,1,정상영업,2024-04-22 09:33:38,,1997-01-29,8988,412-270,경기도 고양시덕양구 화정동 976번지,2008394015907500001,3940000,"경기도 고양시 덕양구 백양로 79 (화정동, 이마트)",,,01,영업/정상,대규모점포,,,031-995-1052
월마트슈퍼센터화정점,대형마트,,185226.158241731,458936.976683497,2025-12-15 16:15:28,I,2,휴업처리,2007-06-30 13:26:54,,1997-01-29,,,경기도 고양시덕양구 화정동 976호,2000394000007500014,3940000,,,,02,휴업,,,,031-930-1210
상일연금마트,그 밖의 대규모점포,2013-05-09,,,2026-07-01 10:55:09,I,3,폐업처리,2013-05-29 10:34:57,,1997-01-27,2840,,전남광주통합특별시 서구 농성동 260호,1999360000007500010,5810000,전남광주통합특별시 서구 상무대로 1147 (농성동),,,03,폐업,준대규모점포,,,062-352-5511
빅마트수퍼센타,대형마트,,,,2026-07-01 12:18:07,I,4,직권취소,2014-09-01 16:00:37,2014-09-04,1997-01-24,5850,500-150,전남광주통합특별시 북구 매곡동 45번지 25호,1997362001207500015,5820000,전남광주통합특별시 북구 서하로 97 (매곡동),,,04,취소/말소/만료/정지/중지,대규모점포,,,062-0570-2400
남광주농수산물종합상가,그 밖의 대규모점포,,192676.062082224,182255.968736103,2026-07-14 11:38:15,I,1,정상영업,2013-07-25 10:29:19,,1997-01-10,0,,"전남광주통합특별시 동구 학동 85번지 13호 학동 85-13, 84-20",2000359001107500013,5805000,전남광주통합특별시 동구 양림로 110 (학동),,,01,영업/정상,준대규모점포,,,062-225-9050
삼각그린타운상가,그 밖의 대규모점포,,,,2026-07-01 12:18:07,I,1,정상영업,2013-12-23 09:39:39,,1996-12-31,,,전남광주통합특별시 북구 삼각동 536호,1996362001207500014,5820000,,,,01,영업/정상,,,,062-0573-4648
뉴삼창마트,그 밖의 대규모점포,,,,2025-12-15 16:15:28,I,1,정상영업,2017-04-06 14:34:23,,1996-12-31,5768.57,,"경기도 고양시일산동구 마두동 802,3호",2000394000007500013,3940000,,,,01,영업/정상,대규모점포,,,031-903-7888
월마트코리아(주),대형마트,,,,2025-12-15 16:15:28,I,BBBB,,2007-06-30 13:26:54,,1996-12-31,11810.25,,경기도 고양시일산서구 덕이동 203-3호,2000394000007500012,3940000,,,,01,영업/정상,,,,034-4900-5903
창원그린피아상가,그 밖의 대규모점포,,,,2026-04-30 22:00:14,I,1,정상영업,2009-05-15 15:21:09,,1996-12-27,0,,경상남도 창원시 중앙동 98-6호,1996527002207500002,5670000,,,,01,영업/정상,,,,055-279-0045
(주)이마트 덕이점,대형마트,2019-03-20,178789.757869856,465153.656242302,2025-12-15 16:15:28,I,3,폐업처리,2019-05-01 14:58:22,,1996-12-26,11810.25,411-450,경기도 고양시일산서구 덕이동 203번지,2008394015907500002,3940000,경기도 고양시 일산서구 경의로 798 (덕이동),,,03,폐업,대규모점포,,,031-927-1234
뉴코아아울렛과천지점,쇼핑센터,2014-11-20,199209.021144538,436019.965418918,2025-12-15 16:15:28,I,3,폐업처리,2014-11-20 16:29:34,,1996-12-21,10954,,경기도 과천시 별양동 1번지 19호,2001397003207500961,3970000,"경기도 과천시 별양상가3로 11 (별양동, 뉴코아)",,,03,폐업,대규모점포,,,02-509-5000
돌고래시장,시장,,210747.430620824,429920.004320082,2025-12-15 16:15:28,I,1,정상영업,2009-06-12 13:43:01,,1996-12-20,1645.47,,경기도 성남시분당구 수내동 53호,2000378007607510049,3780000,경기도 성남시 분당구 내정로174번길 42 (수내동),,,01,영업/정상,,,,031-712-0298
코끼리상가,시장,,210620.844064672,430091.101912817,2025-12-15 16:15:28,I,1,정상영업,2007-07-24 14:26:16,,1996-12-20,4128.21,,경기도 성남시분당구 수내동 56호,2000378007607510048,3780000,경기도 성남시 분당구 내정로166번길 7-6 (수내동),,,01,영업/정상,,,,031-714-0212
해태쇼핑,쇼핑센터,,180695.690645126,442609.650907377,2025-12-15 16:15:28,I,4,직권취소,2014-02-11 13:42:36,,1996-12-18,26.7,,경기도 부천시 원미구심곡동 175번지 6호,1996386000007500003,3860000,경기도 부천시 원미구 부천로 11 (심곡동),,,04,취소/말소/만료/정지/중지,대규모점포,,,032-610-2500
천호코오롱상가,그 밖의 대규모점포,,211279.030241561,448548.819716671,2026-05-06 22:47:37,I,5,영업개시전,2022-01-20 14:27:20,,1996-12-12,10180.74,134-871,서울특별시 강동구 천호동 410번지 100호,2014324018907500001,3240000,서울특별시 강동구 진황도로 12 (천호동),,,01,영업/정상,대규모점포,,,02-477-1223
상대동한보아파트단지내상가시장,그 밖의 대규모점포,,,,2025-12-15 16:15:28,I,1,정상영업,2007-06-23 10:43:48,,1996-12-11,,,경상남도 진주시 상대동 304번지 4   호,1996531000007500014,5310000,,,,01,영업/정상,,,,059-1746-7474
농협하나로마트창원점,대형마트,,350325.470568789,195042.161344855,2026-04-30 22:00:15,I,1,정상영업,2021-07-23 10:19:42,,1996-12-10,7033.22,,,2014567042707500001,5670000,경상남도 창원시 의창구 지귀로12번길 31 (봉곡동),,,01,영업/정상,대규모점포,,,055-210-8800
삼한상가시장,대형마트,,396841.065778346,194463.478475608,2026-05-10 22:54:09,I,1,정상영업,2007-07-07 10:11:47,,1996-12-10,,,부산광역시 해운대구 반송동 872호,1996333001507500005,3330000,부산광역시 해운대구 신반송로 102 (반송동),,,01,영업/정상,,,,051-0633-1307
광명한진타운시장,그 밖의 대규모점포,,,,2025-12-15 16:15:28,I,2,휴업처리,2007-06-30 13:48:41,,1996-12-04,,,경기도 광명시 광명동 200번지 4   호,1996390000007504055,3900000,,,,02,휴업,,,,02-689-9232
영등포농축수산물쎈타,그 밖의 대규모점포,,,,2026-05-11 22:40:05,I,1,정상영업,2020-03-17 10:59:47,,1996-12-03,,,서울특별시 영등포구 당산동1가 9번지 1   호,2001318007607500027,3180000,,,,01,영업/정상,,,,02-679-1134
(주)나산백화점,그 밖의 대규모점포,,188175.807511909,441461.454807111,2025-12-15 16:15:28,I,2,휴업처리,2007-06-30 13:48:41,,1996-11-19,,,경기도 광명시 철산동 261호,1996390000007500001,3900000,,,,02,휴업,,,,02-610-7000
(주)지에스리테일지에스마트고양점,그 밖의 대규모점포,,185469.285638831,458105.907013269,2025-12-15 16:15:28,I,2,휴업처리,2007-06-30 13:26:54,,1996-11-15,,,경기도 고양시덕양구 행신동 941호,2000394000007500011,3940000,,,,02,휴업,,,,034-4930-7010
그랜드백화점일산점,백화점,2026-07-10,178859.791398959,463205.227173138,2026-07-14 21:18:10,U,3,폐업처리,2026-07-13 13:33:50,,1996-11-15,18957.13,,경기도 고양시일산서구 주엽동 22호,2000394000007500010,3940000,,,,03,폐업,대규모점포,,,
한솔필리아,그 밖의 대규모점포,,204213.643236507,444113.028210915,2026-07-30 22:18:10,U,1,정상영업,2026-07-29 15:57:22,,1996-11-15,12025.9,135-926,서울특별시 강남구 역삼동 755번지,1996322016207500001,3220000,서울특별시 강남구 역삼로 310 (역삼동),,,01,영업/정상,대규모점포,,,02-550-3090
부산컴푸터도매상가,그 밖의 대규모점포,,389289.767473942,192509.994182307,2025-12-15 16:15:28,I,1,정상영업,2007-07-14 10:35:50,,1996-11-12,,,부산광역시 동래구 온천동 456번지 29호,1996330001607500013,3300000,부산광역시 동래구 온천장로 20 (온천동),,,01,영업/정상,,,,051-556-8261
다대씨파크,그 밖의 대규모점포,,379834.721482881,174676.412428457,2026-05-07 22:31:32,I,4,직권취소,2014-01-02 11:29:34,2006-06-27,1996-11-07,3118,,부산광역시 사하구 다대동 680-2호,2000334001707500014,3340000,부산광역시 사하구 다대동로 20 (다대동),,,04,취소/말소/만료/정지/중지,대규모점포,,,051-0262-0180
까르푸일산점,대형마트,,180458.844874681,460748.278360947,2025-12-15 16:15:28,I,BBBB,,2007-06-30 13:26:54,,1996-11-06,12885.27,,경기도 고양시일산동구 장항동 902호,2000394000007500009,3940000,,,,01,영업/정상,,,,031-906-9100
가락동포스코주상복합상가,그 밖의 대규모점포,2001-07-12,210758.119119654,443662.956402309,2025-12-15 16:15:28,I,3,폐업처리,2008-07-17 16:15:09,,1996-11-05,1,,서울특별시 송파구 가락동 78호,1996323007807500012,3230000,서울특별시 송파구 중대로 135 (가락동),,,03,폐업,,,,
(주)이마트분당점,대형마트,,210542.529800466,428535.664844133,2025-12-15 16:15:28,I,1,정상영업,2024-04-17 10:50:36,,1996-11-02,11371.32,,경기도 성남시분당구 정자동 211호,2005378010607500003,3780000,경기도 성남시 분당구 불정로 134 (정자동),,,01,영업/정상,대규모점포,,,031-710-1052
성지유니코,시장,,155386.294321155,2511.37601255475,2025-12-15 16:15:28,I,1,정상영업,2010-07-28 17:27:56,,1996-10-31,12437,,제주특별자치도 제주시 삼도이동 1259호,1996549000007500003,6510000,제주특별자치도 제주시 탑동로 38 (삼도이동),,,01,영업/정상,,,,064-724-6172
롯데쇼핑(주)  중동점,복합쇼핑몰,,180053.344972882,444507.865626959,2026-04-17 03:03:03,U,1,정상영업,2026-04-16 17:57:00,,1996-10-28,43832.05,,경기도 부천시 원미구중동 1140호,1996386000007500002,3860000,경기도 부천시 원미구 길주로 300 (중동),,,01,영업/정상,대규모점포,,,
뉴월드마트,대형마트,,,,2025-12-15 16:15:28,I,1,정상영업,2007-06-30 13:46:00,,1996-10-22,,,제주특별자치도 제주시 연동 303번지 17  호,1996549000007500002,6510000,,,,01,영업/정상,,,,064-744-4600
분당종합시장,시장,,,,2025-12-15 16:15:28,I,1,정상영업,2009-06-12 17:08:45,,1996-10-19,4017.97,463-020,경기도 성남시 분당구 수내동,2009378019307500009,3780000,,,,01,영업/정상,,,,031-716-9814
분당종합시장,그 밖의 대규모점포,,,,2025-12-15 16:15:28,I,1,정상영업,2007-07-07 11:25:20,,1996-10-19,,,"경기도 성남시분당구 수내동 83-1,2호호",2000378007607510047,3780000,,,,01,영업/정상,,,,031-714-6417
롯데쇼핑(주) 롯데마트 고양점,대형마트,,185469.285638831,458105.907013269,2026-06-19 03:03:03,U,1,정상영업,2026-06-18 10:15:03,,1996-10-10,11214.7,,경기도 고양시 덕양구 행신동 941 롯데마트 고양점,2009394017807500002,3940000,"경기도 고양시 덕양구 충장로 150, 및 중앙로558번길 21 (행신동)",10495,,01,영업/정상,대규모점포,,,031-930-7008
홈플러스 칠곡IC점,그 밖의 대규모점포,,338928.829648415,271647.094222276,2026-05-03 22:36:10,I,1,정상영업,2008-11-03 14:29:29,,1996-10-10,0,,대구광역시 북구 관음동 1369-1호,2000345001207500013,3450000,,,,01,영업/정상,,,,053-320-3000
L.G 상가시장,대형마트,,397926.518365471,188980.774505655,2026-05-10 22:54:09,I,1,정상영업,2007-07-07 10:11:47,,1996-10-02,,,부산광역시 해운대구 좌동 1398호,1996333001507500004,3330000,부산광역시 해운대구 대천로103번길 61 (좌동),,,01,영업/정상,,,,051-0701-6461
대전코아,백화점,,,,2026-05-03 22:38:32,I,1,정상영업,2007-06-30 10:58:52,,1996-09-30,,,대전광역시 중구 대흥동 4-458호,1996365001507500013,3650000,,,,01,영업/정상,,,,
킴스클럽평택점,대형마트,,,,2025-12-15 16:15:28,I,1,정상영업,2007-07-07 10:31:26,,1996-09-23,,,경기도 평택시 비전동 830-2호,2000391001407500002,3910000,,,,01,영업/정상,,,,031-650-6005
주례현대무지개 상가,그 밖의 대규모점포,,382696.80654055,184731.028529187,2025-12-15 16:15:28,I,1,정상영업,2011-11-14 15:48:45,,1996-09-20,2746.95,617-010,부산광역시 사상구 주례동 530번지 5호,2000339001507500013,3390000,부산광역시 사상구 주례로 101 (주례동),,,01,영업/정상,대규모점포,,,051-0324-8891
유경데파트,그 밖의 대규모점포,,206719.586259379,460669.836412326,2025-12-15 16:15:28,I,1,정상영업,2021-12-31 09:18:45,,1996-09-18,0,,서울특별시 노원구 중계동 364번지 17호 유경데파트,1996310018407500001,3100000,"서울특별시 노원구 한글비석로 232 (중계동, 유경데파트)",01734,,01,영업/정상,대규모점포,,,
(주)킴스클럽마트 광주점,대형마트,,,,2026-07-01 10:52:05,I,BBBB,,2007-07-14 11:05:22,,1996-09-17,0,,전남광주통합특별시 남구 진월동 294호 외 5필지,2000361001207500004,5815000,"전남광주통합특별시 남구 서문대로 706 (진월동,외 5필지)",,,01,영업/정상,,,,02-440-0785
신세화백화점괴정점,백화점,2006-04-14,381751.00317294,179575.519981971,2026-05-07 22:31:32,I,3,폐업처리,2012-10-21 19:14:59,,1996-09-16,0,604-811,부산광역시 사하구 괴정3동 961번지 1호,1996334001707500025,3340000,부산광역시 사하구 사하로 190 (괴정동),,,03,폐업,대규모점포,,,051-290-3310
각원사 레저센터,그 밖의 대규모점포,,216933.652630367,370278.99996139,2025-12-15 16:15:28,I,1,정상영업,2007-06-30 10:52:49,,1996-09-14,,,충청남도 천안시 안서동 159번지 10호,2000449011907500012,4490000,충청남도 천안시 동남구 각원사길 191 (안서동),,,01,영업/정상,,,,041-554-1661
대림테크노랜드,그 밖의 대규모점포,,,,2026-07-01 10:38:39,I,1,정상영업,2011-11-21 20:34:57,,1996-09-09,0,,전남광주통합특별시 동구 계림동 386번지 20호,2000359001107500012,5805000,전남광주통합특별시 동구 중앙로 239 (계림동),,,01,영업/정상,준대규모점포,,,062-231-8501
그린종합시장,그 밖의 대규모점포,,,,2026-05-07 22:37:40,I,1,정상영업,2007-06-30 12:09:18,,1996-09-06,,,경상북도 포항시북구 죽도동 2-4호,2000502007107500021,5020000,,,,01,영업/정상,,,,
현대시티타워,쇼핑센터,,,,2026-03-26 22:48:23,I,1,정상영업,2017-05-08 13:51:41,,1996-08-31,33008.72,,,2014301013007500017,3010000,서울특별시 중구 장충단로 13-20 (을지로6가),,,01,영업/정상,대규모점포,,,02-2073-5111
케레스타,그 밖의 대규모점포,2015-08-27,198401.701305913,451374.312212737,2026-03-26 22:48:21,I,3,폐업처리,2015-08-27 09:23:01,,1996-08-31,75439.97,,,1996301013007500001,3010000,서울특별시 중구 남대문로 84 (남대문로2가),,,03,폐업,대규모점포,,,02-2048-4800
회원프라자,그 밖의 대규모점포,,348460.463122398,155679.543784035,2025-12-15 16:15:28,I,1,정상영업,2021-08-19 16:16:37,,1996-08-28,2100.22,,경상남도 거제시 신현읍 고현리 961번지 59호,2001537001007500007,5370000,경상남도 거제시 고현로11길 18 (고현동),,,01,영업/정상,대규모점포,,,055-637-4649
(주)서시장,시장,,266647.089758768,138384.015142656,2026-07-14 11:38:15,I,1,정상영업,2019-12-26 08:34:26,,1996-08-22,5418.5,550-130,전남광주통합특별시 여수시 서교동 280번지,2010481016807500001,5785000,전남광주통합특별시 여수시 좌수영로 16-6 (서교동),,,01,영업/정상,대규모점포,,,061-0642-6720
백화점 세이,백화점,,236652.169401097,313435.556285727,2026-05-03 22:38:32,I,1,정상영업,2025-09-25 20:02:50,,1996-08-19,50499.08,,대전광역시 중구 문화동 1번지 16호,1996365009107500001,3650000,대전광역시 중구 계백로 1700 (문화동),,,01,영업/정상,대규모점포,,,070-4010-2700
홈플러스 스토어즈(주)중동점,대형마트,2018-11-07,180055.338981845,444675.457254185,2025-12-15 16:15:28,I,3,폐업처리,2018-11-07 10:48:10,,1996-07-15,21128.14,420-020,경기도 부천시 원미구 중동 1059번지,1996386000007500001,3860000,경기도 부천시 원미구 길주로 297 (중동),,,03,폐업,대규모점포,,,032-351-2080
부천농축수산물 유통센터,그 밖의 대규모점포,,,,2025-12-15 16:15:28,I,4,직권취소,2014-02-11 13:19:31,,1996-07-05,2864.9,,경기도 부천시 소사구소사본동 133번지 14  호,1996386000007500000,3860000,,,,04,취소/말소/만료/정지/중지,대규모점포,,,032-348-2651
누죤,그 밖의 대규모점포,,201058.678787938,451656.811051215,2026-03-26 22:48:22,I,1,정상영업,2025-02-25 09:09:08,,1996-07-05,21527.19,,,2014301013007500006,3010000,서울특별시 중구 을지로45길 62 (신당동),,,01,영업/정상,대규모점포,,,02-6366-3056
팀204,그 밖의 대규모점포,,201121.306096947,451706.52701165,2026-03-26 22:48:21,I,1,정상영업,2019-05-14 08:46:48,,1996-07-04,6140,,,1968301010007500001,3010000,서울특별시 중구 마장로 30 (신당동),,,01,영업/정상,대규모점포,,,02-2232-3608
서울구로기계공구상가,그 밖의 대규모점포,,189277.761702183,444671.551731639,2026-05-01 22:42:19,I,1,정상영업,2024-10-24 13:14:02,,1996-06-27,27535,152-050,서울특별시 구로구 구로동 604번지 1호,2007316011707500013,3160000,서울특별시 구로구 구로중앙로 198 (구로동),,,01,영업/정상,대규모점포,,,26330081
서울구로기계공구상가,그 밖의 대규모점포,,,,2026-05-01 22:42:19,I,1,정상영업,2007-07-07 09:54:17,,1996-06-27,,,서울특별시 구로구 구로동 604번지 1   호,1996316007107500001,3160000,,,,01,영업/정상,,,,02-2633-0081
신안종합상가,대형마트,,219875.138844448,448305.808523169,2025-12-15 16:15:28,I,1,정상영업,2007-06-23 11:02:12,,1996-06-20,,,경기도 하남시 창우동 521호,1996404000007500005,4040000,,,,01,영업/정상,,,,031-791-5650
남해공용여객터미널상가,그 밖의 대규모점포,,,,2026-05-07 22:00:26,I,1,정상영업,2007-07-14 10:37:55,,1996-06-10,,,경상남도 남해군 남해읍 북변리 316호,1996543000807500001,5430000,,,,01,영업/정상,,,,055-864-7102
서원유통(탑마트),그 밖의 대규모점포,,346839.932141499,196888.256309731,2026-04-30 22:00:14,I,1,정상영업,2010-03-25 10:05:03,,1996-05-30,0,641-851,경상남도 창원시 팔용동 190번지,1996527002207500001,5670000,경상남도 창원시 의창구 남산로17번길 28 (팔용동),,,01,영업/정상,,,,055-251-5311
삼해대림아파트상가시장,대형마트,,,,2026-05-10 22:54:09,I,1,정상영업,2007-07-07 10:11:47,,1996-05-25,,,부산광역시 해운대구 반여동 1199번지 11  호,1996333001507500003,3330000,,,,01,영업/정상,,,,051-0523-9501
대우로얄마트,그 밖의 대규모점포,,180458.844874681,460748.278360947,2025-12-15 16:15:28,I,1,정상영업,2017-04-06 18:05:30,,1996-05-24,4026,,경기도 고양시 일산동구 장항동 902번지,2000394029807500008,3940000,"경기도 고양시 일산동구 중앙로 1129 (장항동, 호수마을1단지아파트)",10422,,01,영업/정상,대규모점포,,,031-905-4501
대우로얄마트,그 밖의 대규모점포,,180458.844874681,460748.278360947,2025-12-15 16:15:28,I,1,정상영업,2009-01-15 18:29:14,,1996-05-24,7133.47,,경기도 고양시일산동구 장항동 902호,2000394000007500008,3940000,,,,01,영업/정상,,,,
대동상가시장,대형마트,,397869.026215714,188558.251043043,2026-05-10 22:54:09,I,1,정상영업,2007-07-07 10:11:47,,1996-05-22,,,부산광역시 해운대구 좌동 1288호,1996333001507500002,3330000,부산광역시 해운대구 대천로103번길 29 (좌동),,,01,영업/정상,,,,051-0701-0158
대성종합상가시장,대형마트,,395615.201853958,186406.750870936,2026-05-10 22:54:09,I,1,정상영업,2007-07-07 10:11:47,,1996-05-22,,,부산광역시 해운대구 우동 1434호,1996333001507500001,3330000,부산광역시 해운대구 마린시티3로 1 (우동),,,01,영업/정상,,,,051-0744-1381
현대프라자시장,그 밖의 대규모점포,,,,2025-12-15 16:15:28,I,1,정상영업,2007-07-07 11:25:20,,1996-05-20,,,경기도 성남시분당구 수내동 79번지 2   호,2000378007607510046,3780000,,,,01,영업/정상,,,,031-717-3044
대유대림상가,그 밖의 대규모점포,,158209.897880665,805.534761921796,2025-12-15 16:15:28,I,1,정상영업,2010-07-28 16:42:40,,1996-05-16,5567,,제주특별자치도 제주시 일도이동 113번지 7 호,1996549000007500001,6510000,,,,01,영업/정상,,,,064-724-0089
탑마트 김해진영점,구분없음,,357925.974034946,201767.002377374,2025-12-15 16:15:28,I,1,정상영업,2025-04-29 17:26:22,,1996-05-14,846.85,,경상남도 김해시 진영읍 여래리 454-10,2025535037407500008,5350000,경상남도 김해시 진영읍 진영로 221,50868,,01,영업/정상,준대규모점포,,,055-345-0388
서해상가,그 밖의 대규모점포,2002-11-29,176990.53220739,449326.569131567,2026-05-10 23:19:02,I,3,폐업처리,2010-11-23 22:51:32,,1996-05-12,0,,인천광역시 계양구 병방동 432번지 2   호,1996355001207500001,3550000,인천광역시 계양구 장제로 894 (병방동),,,03,폐업,,,,032-553-7402
의정부역지하상가,복합쇼핑몰,,203896.021836361,470661.250530153,2026-05-11 22:02:23,I,1,정상영업,2023-04-17 09:47:12,,1996-05-11,8309.93,,경기도 의정부시 의정부동 495번지,2005382007907500003,3820000,"경기도 의정부시 시민로 지하 100 (의정부동, 의정부지하상가)",11696,,01,영업/정상,대규모점포,,,031-870-8704
미즈프라자,그 밖의 대규모점포,,,,2026-07-01 10:38:39,I,1,정상영업,2014-05-12 10:20:38,,1996-05-02,0,,전남광주통합특별시 동구 계림동 386번지 20호,2000359001107500011,5805000,전남광주통합특별시 동구 중앙로 239 (계림동),,,01,영업/정상,준대규모점포,,,062-233-0447
뉴코아 아울렛 일산점,그 밖의 대규모점포,,180259.17,461406.409999999,2026-05-13 21:18:10,U,1,정상영업,2026-05-12 17:48:57,,1996-04-26,22291.47,,경기도 고양시일산동구 마두동 797호,2000394000007500007,3940000,"경기도 고양시 일산동구 중앙로 1206 (마두동, 뉴코아백화점일산점)",,,01,영업/정상,대규모점포,,,
롯데참피온백화점,백화점,,152495.151347759,-885.089142987237,2025-12-15 16:15:28,I,4,직권취소,2010-07-28 17:32:08,2001-07-23,1996-04-17,0,,제주특별자치도 제주시 연동 262번지 5 호,1996549000007500004,6510000,제주특별자치도 제주시 신광로 52 (연동),,,04,취소/말소/만료/정지/중지,,,,064-746-4962
한라프라자,그 밖의 대규모점포,,348344.507100256,155586.071155516,2025-12-15 16:15:28,I,1,정상영업,2012-02-10 10:45:33,,1996-04-12,551.72,656-304,경상남도 거제시 고현동 961번지 153호,2001537001007500006,5370000,경상남도 거제시 거제중앙로 1906 (고현동),,,01,영업/정상,대규모점포,,,055-637-1195
제일가구프라자,전문점,,236882.000944548,313611.288455296,2026-05-03 22:38:32,I,1,정상영업,2021-02-02 17:47:57,,1996-04-08,8938.38,301-740,대전광역시 중구 오류동 152호,1996365011507500001,3650000,대전광역시 중구 계백로 1731 (오류동),,,01,영업/정상,대규모점포,,,042-534-7837
제일가구프라자,쇼핑센터,,,,2026-05-03 22:38:32,I,BBBB,,2007-06-30 10:58:52,,1996-04-08,8983.38,,대전광역시 중구 오류동 152-1호,1996365001507500012,3650000,,,,01,영업/정상,,,,
안양월드,대형마트,2014-09-25,192239.486759078,433247.024065133,2025-12-15 16:15:28,I,3,폐업처리,2014-09-25 14:03:04,,1996-04-03,0,,경기도 안양시만안구 안양동 900번지 10 호,1996383006207500001,3830000,,,,03,폐업,,,,031-442-1600
국제프라자,쇼핑센터,2006-04-25,175798.122322022,443881.134836658,2026-05-06 22:48:29,I,3,폐업처리,2008-03-27 11:45:27,,1996-04-03,0,,인천광역시 부평구 부평동 240번지 7호,1996354004707500001,3540000,,,,03,폐업,,,,032-528-2600
서전타운,그 밖의 대규모점포,,,,2026-05-09 22:02:21,I,1,정상영업,2007-07-07 09:50:12,,1996-03-25,,,경기도 이천시 부발읍 아미리 1006-3호,1996407001707500003,4070000,,,,01,영업/정상,,,,031-637-1864
홈플러스(주)동김해점,대형마트,2018-09-16,373601.142514243,195717.233837676,2025-12-15 16:15:28,I,3,폐업처리,2018-09-18 22:21:56,,1996-03-16,4826.3,,경상남도 김해시 삼방동 175호,1994535001407500013,5350000,경상남도 김해시 활천로267번길 31 (삼방동),,,03,폐업,대규모점포,,,055-321-2943
플라마프라자,백화점,,192198.038722339,183353.909711267,2026-07-14 11:38:15,I,1,정상영업,2014-05-12 09:29:38,,1996-03-13,3066.12,,전남광주통합특별시 동구 충장로3가 6번지 3호,2000359001107500303,5805000,전남광주통합특별시 동구 충장로 67 (충장로3가),,,01,영업/정상,대규모점포,,,062-234-9100
논산청과(주),그 밖의 대규모점포,,,,2025-12-15 16:15:28,I,1,정상영업,2007-07-14 15:45:18,,1996-03-09,,,충청남도 논산시 등화동 439-7호,1996454001207500001,4540000,,,,01,영업/정상,,,,041-0735-8081
와이에스케이개발,그 밖의 대규모점포,,241311.716659959,348256.458841603,2026-05-06 22:48:29,I,4,직권취소,2014-04-03 15:13:34,2014-04-02,1996-03-08,0,,충청북도 청주시 서원구 사창동 261-4번지,2000436000907500017,5710000,충청북도 청주시 서원구 사직대로 140 (사창동),,,04,취소/말소/만료/정지/중지,대규모점포,,,043-273-6562
농협 하나로마트 남양점,그 밖의 대규모점포,,354804.564724267,191785.543736737,2026-04-30 22:00:15,U,1,정상영업,2026-01-20 09:17:07,,1996-03-08,699.93,,,2014567046507500003,5670000,"경상남도 창원시 성산구 대암로 40-18 (남양동, 남양동농협)",,,01,영업/정상,준대규모점포,,,055-279-8122
프라자1번가시장,그 밖의 대규모점포,,343931.914789962,190905.665723726,2026-04-30 22:00:14,I,1,정상영업,2007-06-30 10:28:07,,1996-03-04,,,경상남도 마산시 오동동 12번지 3호,1996528000007500028,5670000,경상남도 창원시 마산합포구 오동동10길 73 (오동동),,,01,영업/정상,,,,055-1222-1301
정우새어시장,그 밖의 대규모점포,,343693.165459163,190571.102877168,2026-04-30 22:00:14,I,1,정상영업,2014-05-28 17:27:44,,1996-03-04,,,경상남도 마산시 동성동 313호,1996528000007500027,5670000,경상남도 창원시 마산합포구 어시장7길 126 (동성동),,,01,영업/정상,,,,055-1241-4420
세파월드,그 밖의 대규모점포,,202733.785602761,417547.639611992,2026-03-11 01:45:40,I,4,직권취소,2019-11-18 17:36:01,,1996-03-04,9181.51,,경기도 수원시팔달구 인계동 1131호,1996374001107500001,3740000,경기도 수원시 팔달구 권광로 138 (인계동),,,04,취소/말소/만료/정지/중지,대규모점포,,,031-806-3000
지곡프라자.,그 밖의 대규모점포,,,,2026-05-07 22:37:40,I,1,정상영업,2007-06-30 12:09:18,,1996-03-02,,,경상북도 포항시북구 죽도동 2-4호,2000502007107500019,5020000,,,,01,영업/정상,,,,
(주)경성건설쇼핑,쇼핑센터,,233760.108129755,316051.323101169,2026-05-07 22:30:16,I,1,정상영업,2007-06-23 10:15:16,,1996-02-29,,,대전광역시 서구 갈마동 1418호,1996366001507500026,3660000,대전광역시 서구 대덕대로 150 (갈마동),,,01,영업/정상,,,,042-5220-8877
두산 그랜드 타운,그 밖의 대규모점포,,,,2025-12-15 16:15:28,I,1,정상영업,2007-06-30 17:13:15,,1996-01-31,,,전북특별자치도 전주시덕진구 금암동 호 1584,1996000001007500000,4641000,,,,01,영업/정상,,,,063-253-4490
백송한신종합상가,대형마트,,,,2025-12-15 16:15:28,I,1,정상영업,2007-06-23 11:02:12,,1996-01-24,,,경기도 하남시 신장동 528-5호,1996404000007500001,4040000,,,,01,영업/정상,,,,031-794-8660
메가플러스,그 밖의 대규모점포,,,,2026-05-03 22:40:51,I,1,정상영업,2007-07-14 11:13:31,,1996-01-17,,,대구광역시 수성구 두산동 743-5호,1996346005507500018,3460000,,,,01,영업/정상,,,,053-0781-4037
트레이더스 홀세일 클럽 송림점,대형마트,,,,2026-07-01 09:42:12,I,1,정상영업,2024-04-12 13:37:42,,1996-01-13,12123,401-074,인천광역시 제물포구 송림동 296번지 2호,1996350005107500001,3501000,인천광역시 제물포구 봉수대로 82 (송림동),,,01,영업/정상,대규모점포,,,032-772-1234
뉴코아아울렛평택점,백화점,,209932.581670857,388254.423734324,2025-12-15 16:15:28,I,2,휴업처리,2007-07-07 10:31:26,,1995-12-29,36624,,경기도 평택시 비전동 830호,1995391001407500002,3910000,경기도 평택시 경기대로 279 (비전동),,,02,휴업,,,,031-650-6501
무학베스코아,쇼핑센터,1996-12-27,175503.629077789,443757.838665163,2026-05-06 22:48:29,I,3,폐업처리,2008-03-27 15:35:55,,1995-12-27,0,,인천광역시 부평구 부평동 205번지 2호,1995354004707500001,3540000,,,,03,폐업,,,,032-517-0090
롯데부산면세점,복합쇼핑몰,2016-11-25,387271.299492377,186099.137533193,2025-12-15 16:15:28,I,3,폐업처리,2016-11-25 10:42:01,,1995-12-27,6242.94,,부산광역시 부산진구 부전동 503번지 15  호,2006329001307500004,3290000,부산광역시 부산진구 가야대로 772 (부전동),,,03,폐업,대규모점포,,,051-810-5000
부산롯데호텔면세점,그 밖의 대규모점포,,,,2025-12-15 16:15:28,I,4,직권취소,2008-06-17 09:51:15,2008-06-17,1995-12-27,5248,,부산광역시 부산진구 부전동 535-15호,2000329000107500033,3290000,,,,04,취소/말소/만료/정지/중지,,,,051-810-2500
샛터코아,그 밖의 대규모점포,,192721.765648479,187459.477636264,2026-07-14 11:38:15,I,1,정상영업,2007-06-16 11:13:33,,1995-12-16,,,전남광주통합특별시 북구 문흥동 998번지 1호,1995362001207500013,5820000,전남광주통합특별시 북구 서하로 369 (문흥동),,,01,영업/정상,,,,062-0266-2566
현대그린프라자,그 밖의 대규모점포,2020-12-23,208580.71713056,424737.738121321,2026-04-01 22:13:50,I,3,폐업처리,2021-01-31 19:52:30,,1995-12-07,0,,경기도 용인시 수지구 풍덕천동 715-2 현대그린프라자,1995405048407500001,4050000,"경기도 용인시 수지구 풍덕천로 149, 현대그린프라자 (풍덕천동)",16837,,03,폐업,대규모점포,,,031-262-4811
롯데백화점부산점,백화점,,387271.299492377,186099.137533193,2026-05-09 03:03:03,U,1,정상영업,2026-05-08 13:49:39,,1995-12-05,101059,,부산광역시 부산진구 부전동 535-15호,2000329000107500031,3290000,부산광역시 부산진구 가야대로 772 (부전동),,,01,영업/정상,대규모점포,,,051-810-2500
그린필백화점,백화점,,,,2026-03-26 22:48:23,I,1,정상영업,2007-06-23 10:45:46,,1995-12-02,,,충청남도 서산시 동문동 888번지 11  호,2000453011607500006,4530000,,,,01,영업/정상,,,,041-669-7390
대우상가,그 밖의 대규모점포,,203242.968498731,460001.081136921,2025-12-15 16:15:28,I,1,정상영업,2022-03-24 11:05:54,,1995-11-29,3364.41,132-784,서울특별시 도봉구 창동 804번지,2012309013407500007,3090000,서울특별시 도봉구 덕릉로63가길 61 (창동),,2012-05-15,01,영업/정상,대규모점포,,,
줄포상설시장,그 밖의 대규모점포,,170632.350106953,232031.741943243,2025-12-15 16:15:28,I,1,정상영업,2022-06-17 15:10:23,,1995-11-25,2005,,전북특별자치도 부안군 줄포면 줄포리 728-3 줄포시장,1995479005307500002,4791000,"전북특별자치도 부안군 줄포면 부안로 865, 줄포시장",56326,,01,영업/정상,대규모점포,,,063-580-4428
분당우성시장,그 밖의 대규모점포,,,,2025-12-15 16:15:28,I,1,정상영업,2007-07-07 11:25:20,,1995-11-22,,,경기도 성남시분당구 서현동 94번지 3   호,2000378007607510043,3780000,,,,01,영업/정상,,,,031-701-3557
현대코아,그 밖의 대규모점포,,192018.138618295,183425.902011735,2026-07-14 11:38:15,I,1,정상영업,2011-11-21 20:36:42,,1995-11-18,0,,전남광주통합특별시 동구 충장로4가 53호,2000359001107500010,5805000,전남광주통합특별시 동구 충장로46번길 3 (충장로4가),,,01,영업/정상,준대규모점포,,,062-234-0411
동소문스카이프라자,그 밖의 대규모점포,,,,2025-12-15 16:15:28,I,1,정상영업,2007-07-07 10:47:37,,1995-11-16,,,서울특별시 성북구 돈암동 609번지 1  호,2000307009907500015,3070000,,,,01,영업/정상,,,,02-926-6405
태평백화점,백화점,,198303.527071078,442742.422887932,2026-05-03 22:37:51,I,2,휴업처리,2025-04-17 18:04:53,,1995-10-20,5776.02,,서울특별시 동작구 사당동 136-1 태평백화점,2021319021607500001,3190000,"서울특별시 동작구 동작대로 115, 태평백화점 (사당동)",07008,,02,휴업,대규모점포,2021-10-31,2028-04-30,02-595-8000
장평종합시장,그 밖의 대규모점포,,348662.053432762,155453.743442308,2025-12-15 16:15:28,I,1,정상영업,2012-02-10 10:47:08,,1995-10-18,4569.54,,경상남도 거제시 신현읍 고현리 56번지 1호,2001537001007500005,5370000,경상남도 거제시 장평로 37 (장평동),,,01,영업/정상,대규모점포,,,055-637-2197
평거한보하이타운상가,그 밖의 대규모점포,,296424.923226344,186452.598636456,2025-12-15 16:15:28,I,1,정상영업,2023-09-20 10:55:16,,1995-10-18,3120,,경상남도 진주시 평거동 301-1 한보하이타운,1995531000007500013,5310000,"경상남도 진주시 순환로553번길 7 (평거동, 한보하이타운)",52678,,01,영업/정상,대규모점포,,,055-748-0640
코리아나프라자,쇼핑센터,,232949.613611143,316644.526968028,2026-05-07 22:30:16,I,4,직권취소,2015-11-20 10:33:41,2007-07-25,1995-10-17,0,302-171,대전광역시 서구 갈마동 316번지 4호,1995366001507525000,3660000,대전광역시 서구  신갈마로  183 (갈마동),,,04,취소/말소/만료/정지/중지,대규모점포,,,042-534-9300
코리아나프라자,쇼핑센터,,232949.613611143,316644.526968028,2026-05-07 22:30:16,I,4,직권취소,2015-11-20 10:36:49,2007-07-25,1995-10-17,0,302-171,대전광역시 서구 갈마동 316번지 4호,1995366001507500025,3660000,대전광역시 서구  신갈마로  183 (갈마동),,,04,취소/말소/만료/정지/중지,대규모점포,,,042-534-9300
한신코아백화점성남점,백화점,2002-09-24,213499.485770645,437994.885930918,2025-12-15 16:15:28,I,3,폐업처리,2007-08-06 11:03:46,,1995-10-14,10244.32,,경기도 성남시수정구 신흥동 2463번지 5   호,2000378000007530052,3780000,경기도 성남시 수정구 산성대로 337 (신흥동),,,03,폐업,,,,034-2730-1961
동성탑스아울렛,그 밖의 대규모점포,,200985.759458979,421034.427622307,2026-03-11 01:45:40,I,2,휴업처리,2007-06-23 14:09:49,,1995-10-07,873,,경기도 수원시장안구 영화동 308번지 1호,1995374001107500005,3740000,경기도 수원시 장안구 정조로 941 (영화동),,,02,휴업,,,,031-220-7000
정자종합시장,그 밖의 대규모점포,,200010.511721975,420969.555008373,2026-03-11 01:45:40,I,2,휴업처리,2007-06-23 14:09:49,,1995-10-07,5111,,경기도 수원시장안구 정자동 73번지 10호,1995374001107500001,3740000,경기도 수원시 장안구 수성로261번길 16 (정자동),,,02,휴업,,,,
서귀포향토오일시장,시장,,160229.829931364,-25330.59852385,2026-05-02 22:48:39,I,1,정상영업,2010-06-23 12:57:29,,1995-09-29,10916,,제주특별자치도 서귀포시 동홍동 774번지 3호,2000550000007500005,6520000,제주특별자치도 서귀포시 토평서로11번길 150 (동홍동),,,01,영업/정상,,,,064-763-0965
(주)미소종합유통,대형마트,,,,2026-05-06 22:48:29,I,1,정상영업,2007-07-14 10:16:27,,1995-09-20,,,서울특별시 은평구 진관내동 500번지 2  호,2001311008807500019,3110000,,,,01,영업/정상,,,,02-385-4902
성남중앙지하시장,시장,,213243.45351077,437926.393730154,2025-12-15 16:15:28,I,1,정상영업,2016-10-10 11:17:03,,1995-09-06,11417.81,,경기도 성남시 수정구 신흥동 2467번지,2009378019307500008,3780000,,,,01,영업/정상,대규모점포,,,031-721-9111
성남중앙지하시장,그 밖의 대규모점포,,213243.45351077,437926.393730154,2025-12-15 16:15:28,I,1,정상영업,2007-07-07 11:25:20,,1995-09-06,,,경기도 성남시수정구 신흥동 2467호 외 10필지,2000378000007510042,3780000,,,,01,영업/정상,,,,034-2721-6111
NC백화점 야탑점,백화점,,211200.046775342,434263.681539619,2026-05-07 03:03:03,U,1,정상영업,2026-05-06 17:51:58,,1995-09-04,25663.32,,경기도 성남시 분당구 야탑동 산 357번지 1호,2000378000007530973,3780000,"경기도 성남시 분당구 야탑로81번길 11 (야탑동, NC백화점)",13497,,01,영업/정상,대규모점포,,,031-780-3502
킴스클럽성남점,백화점,,,,2025-12-15 16:15:28,I,1,정상영업,2007-07-07 11:25:20,,1995-09-04,,,경기도 성남시분당구 야탑동 357번지 1   호,2000378000007530047,3780000,,,,01,영업/정상,,,,034-2780-3501
뉴타운백화점,백화점,2008-08-05,202799.493701955,417412.176785125,2026-03-11 01:45:40,I,3,폐업처리,2010-08-03 13:55:59,,1995-09-04,0,,경기도 수원시팔달구 인계동 1132번지 2   호,1995374001107500004,3740000,경기도 수원시 팔달구 권선로741번길 17 (인계동),,,03,폐업,,,,031-220-7000
(주)부안프라자,그 밖의 대규모점포,1996-12-30,176174.754803561,247475.281676574,2025-12-15 16:15:28,I,3,폐업처리,2021-08-17 15:58:01,,1995-08-31,1924.34,,전북특별자치도 부안군 부안읍 봉덕리 574-94 부안프라자,1995479005307500001,4791000,"전북특별자치도 부안군 부안읍 석정로 209, 부안프라자",56307,,03,폐업,대규모점포,,,063-581-0500
커넥트현대 부산점,쇼핑센터,,387539.767677801,184402.96650913,2025-12-15 16:15:28,I,1,정상영업,2024-11-13 17:10:41,,1995-08-24,20401.54,601-062,부산광역시 동구 범일2동 62번지 5호,2009327007707500001,3270000,부산광역시 동구 범일로 125 (범일동),,,01,영업/정상,대규모점포,,,051-667-0010
(주)한화갤러리아 수원점,백화점,2020-02-12,202789.286726531,417668.604973311,2026-03-11 01:45:40,I,3,폐업처리,2020-02-11 16:48:01,,1995-08-23,26206.49,442-773,경기도 수원시 팔달구 인계동 1125번지 1호,1995374001107500003,3740000,경기도 수원시 팔달구 효원로 282 (인계동),,2007-02-04,03,폐업,대규모점포,,,031-229-7114
한남프라자,시장,2012-11-08,207590.031147049,454599.632823069,2025-12-15 16:15:28,I,3,폐업처리,2013-06-19 10:20:42,,1995-08-23,11554.5,,,2012306009507500002,3060000,서울특별시 중랑구 면목로 470 (상봉동),,,03,폐업,대규모점포,,,02-439-0011
신흥시장,시장,,,,2026-07-01 09:42:12,I,1,정상영업,2018-08-21 11:44:20,,1995-08-17,606.26,,인천광역시 제물포구 선화동 1번지 10호,1995349001207500001,3501000,인천광역시 제물포구 서해대로464번길 10 (선화동),22329,,01,영업/정상,준대규모점포,,,032-883-1213
남동후생시설,그 밖의 대규모점포,,173010.470921381,434072.007471081,2026-03-26 22:49:55,I,1,정상영업,2013-12-30 15:36:15,,1995-07-18,0,,인천광역시 남동구 고잔동 447번지 1   호,2000353000007500019,3530000,인천광역시 남동구 남동대로239번길 68 (논현동),,,01,영업/정상,준대규모점포,,,032-817-2712
관리단대표회의,그 밖의 대규모점포,,379121.358659294,183459.900435184,2025-12-15 16:15:28,I,1,정상영업,2023-02-09 13:33:38,,1995-07-18,20350,617-831,부산광역시 사상구 엄궁동 642번지,2004339001507500001,3390000,부산광역시 사상구 강변대로 570 (엄궁동),,,01,영업/정상,대규모점포,,,051-315-7400
부산광역시건축자재판매업협동조합,그 밖의 대규모점포,,379121.358659294,183459.900435184,2025-12-15 16:15:28,I,4,직권취소,2007-08-10 18:19:53,,1995-07-18,0,,부산광역시 사상구 엄궁동 642호  H 6,1995339001507500015,3390000,"부산광역시 사상구 강변대로 570, H동 6호 (엄궁동)",,,04,취소/말소/만료/정지/중지,,,,051-311-4434
금관시장,그 밖의 대규모점포,,240082.370474204,348165.958733582,2026-05-06 22:48:29,I,1,정상영업,2014-04-02 16:13:35,,1995-07-15,0,,충청북도 청주시 흥덕구 복대동 849-4번지,2000436000907500016,5710000,충청북도 청주시 흥덕구 사직대로 14 (복대동),,,01,영업/정상,대규모점포,,,043-275-9400
국제상가,시장,,384741.923372529,187364.899359566,2025-12-15 16:15:28,I,1,정상영업,2023-09-27 11:00:07,,1995-07-13,3168.81,,부산광역시 부산진구 당감동 791호,2000329000107500025,3290000,부산광역시 부산진구 백양관문로 104 (당감동),,,01,영업/정상,대규모점포,,,051-895-8175
서부공단전시판매센타,그 밖의 대규모점포,,181961.733012032,423615.27638305,2025-12-15 16:15:28,I,1,정상영업,2018-01-02 10:23:59,,1995-07-06,19409.18,,경기도 안산시 단원구 원시동 773번지 9호,2000393000007500012,3930000,경기도 안산시 단원구 동산로 63 (원시동),15433,,01,영업/정상,대규모점포,,,031-495-8460
남동공단산업용품상가,그 밖의 대규모점포,,172797.122604371,433931.185296708,2026-03-26 22:49:55,I,1,정상영업,2013-12-26 14:20:54,,1995-07-05,5.16,,"인천광역시 남동구 고잔동 630,631호",2000353000007500018,3530000,인천광역시 남동구 은청로 4-7 (고잔동),,,01,영업/정상,대규모점포,,,032-816-7133
연동시장,그 밖의 대규모점포,,153051.715057891,-357.23581699094,2025-12-15 16:15:28,I,1,정상영업,2010-07-28 16:48:44,,1995-07-03,3059,,제주특별자치도 제주시 연동 290번지 51  호,1995549000007500001,6510000,제주특별자치도 제주시 삼무로11길 16 (연동),,,01,영업/정상,,,,064-749-0329
법동보람상가,그 밖의 대규모점포,,,,2025-12-15 16:15:28,I,1,정상영업,2011-09-16 13:59:18,,1995-07-03,,,대전광역시 대덕구 법동 191번지 1   호,1990368000007500009,3680000,,,,01,영업/정상,,,,042-624-8799
(주)영해종합시장,그 밖의 대규모점포,,381107.436680001,184203.598938232,2025-12-15 16:15:28,I,1,정상영업,2011-11-14 15:34:13,,1995-06-29,957.7,,부산광역시 사상구 학장동 570번지 2호,2000339001507500011,3390000,부산광역시 사상구 학감대로 109-10 (학장동),,,01,영업/정상,대규모점포,,,051-327-1150
명곡종합상가,그 밖의 대규모점포,,,,2026-04-30 22:00:14,I,1,정상영업,2009-05-15 13:09:42,,1995-06-28,4360,,경상남도 창원시 명서동 75-16호,1995527002207500001,5670000,,,,01,영업/정상,,,,055-265-0852
월드마트,그 밖의 대규모점포,,244238.055511945,161759.709547599,2026-07-14 11:38:15,I,1,정상영업,2007-07-21 11:08:49,,1995-06-23,,,전남광주통합특별시 순천시 남내동 65호,2000482000007500020,5790000,전남광주통합특별시 순천시 별미길 18 (남내동),,,01,영업/정상,,,,
(주)삼우주택 이태수,그 밖의 대규모점포,,368408.132156805,475968.018406903,2025-12-15 16:15:28,I,4,직권취소,2012-05-24 10:07:28,,1995-06-19,0,,강원특별자치도 강릉시 포남동 1292 - 1호,2000420001907500007,4201000,,,,04,취소/말소/만료/정지/중지,대규모점포,,,033-651-5608
서면전자랜드,전문점,2026-01-30,387649.553090689,186199.745562927,2026-01-31 22:18:10,U,3,폐업처리,2026-01-30 10:33:43,,1995-06-07,3563.39,,부산광역시 부산진구 부전동 155-3호,2000329000107500030,3290000,부산광역시 부산진구 서전로 4 (부전동),,,03,폐업,대규모점포,,,051-816-2400
선스포츠프라자,그 밖의 대규모점포,,,,2026-05-03 22:40:51,I,1,정상영업,2007-07-14 11:13:31,,1995-06-02,,,대구광역시 수성구 만촌동 881호,1995346005507500017,3460000,대구광역시 수성구 교학로5길 92-5 (만촌동),,,01,영업/정상,,,,053-0751-5500
팔공보성2차상가아파트,시장,2011-06-21,348108.884172648,272394.00290408,2026-04-30 22:30:10,I,3,폐업처리,2011-06-21 16:45:06,,1995-06-01,0,701-746,대구광역시 동구 지묘동 327번지 팔공보성2차아파트 208동,2011342011107500002,3420000,,,,03,폐업,,,,
(주)이랜드리테일 강남점,대형마트,,200576.608647619,445241.8984183,2026-05-07 03:03:03,U,1,정상영업,2026-05-06 17:40:47,,1995-06-01,3752,,서울특별시 서초구 잠원동 70-2 뉴코아백화점,1995321012207500001,3210000,"서울특별시 서초구 잠원로 51, 뉴코아백화점 (잠원동)",06511,,01,영업/정상,대규모점포,,,
빅마트,대형마트,,190571.312577428,180762.465501101,2026-07-14 11:38:15,I,BBBB,,2007-07-14 11:05:22,,1995-05-27,3558,,전남광주통합특별시 남구 주월동 408번지 1호,2000361001207500003,5815000,전남광주통합특별시 남구 서문대로 745 (주월동),,1995-05-27,01,영업/정상,,,,062-650-2281
벨몽드,대형마트,,,,2026-05-10 21:30:34,I,1,정상영업,2007-07-21 10:12:48,,1995-05-23,,,강원특별자치도 춘천시 효자동 641번지 5   호,1995418001607500004,4181000,,,,01,영업/정상,,,,033-252-6581
금촌신시장,그 밖의 대규모점포,,,,2026-05-02 22:04:32,I,1,정상영업,2007-06-30 11:36:41,,1995-05-12,,,경기도 파주시 금촌동 64-60호,2000406001307500003,4060000,,,,01,영업/정상,,,,031-941-2723
작전동보아파트상가,그 밖의 대규모점포,2003-04-11,175891.757466625,447146.070622545,2026-05-10 23:19:02,I,3,폐업처리,2010-11-23 22:47:44,,1995-05-12,0,,인천광역시 계양구 작전동 388번지 2   호,1995355001207500001,3550000,,,,03,폐업,,,,032-546-7466
그랜드패션아울렛,그 밖의 대규모점포,,186786.622461585,450297.70265223,2025-12-15 16:15:28,I,2,휴업처리,2007-07-14 13:55:24,,1995-05-01,0,,서울특별시 강서구 화곡동 1095호,1995315007407500001,3150000,,,,02,휴업,,,,02-2600-2002
신단지구매시설,그 밖의 대규모점포,,,,2026-05-07 22:37:40,I,1,정상영업,2007-06-30 12:09:18,,1995-04-21,,,경상북도 포항시북구 죽도동 2-4호,2000502007107500018,5020000,,,,01,영업/정상,,,,
벽산그랜드코아,그 밖의 대규모점포,,200619.970409155,421483.365555557,2026-03-11 01:45:40,I,4,직권취소,2019-11-18 17:36:47,,1995-04-18,3185,440-300,경기도 수원시장안구 정자동 9번지 2호 외 1필지,1995374011007500001,3740000,"경기도 수원시 장안구 송정로 96 (정자동,외 1필지)",,,04,취소/말소/만료/정지/중지,대규모점포,,,031-254-7882
벽산그랜드코아,그 밖의 대규모점포,,200619.970409155,421483.365555557,2026-03-11 01:45:40,I,4,직권취소,2008-04-04 15:30:10,,1995-04-18,840.03,,경기도 수원시장안구 정자동 9번지 2호,1995374001107500002,3740000,경기도 수원시 장안구 송정로 96 (정자동),,,04,취소/말소/만료/정지/중지,,,,
대주종합상가,그 밖의 대규모점포,,248216.119095857,162046.773590671,2026-07-14 11:38:15,I,1,정상영업,2007-07-21 11:08:49,,1995-04-03,,,전남광주통합특별시 순천시 조례동 1608호,2000482000007500019,5790000,전남광주통합특별시 순천시 지봉로 485 (조례동),,,01,영업/정상,,,,061-722-7383
선싸인,그 밖의 대규모점포,,198737.553769773,451081.894647871,2026-03-26 22:48:23,I,1,정상영업,2020-04-30 15:43:19,,1995-04-01,3613.39,,,2014301013007500023,3010000,서울특별시 중구 명동8가길 27 (충무로2가),,,01,영업/정상,대규모점포,,,02-757-3421
풍성상가,그 밖의 대규모점포,,195755.705500037,418629.98728721,2026-03-11 01:45:40,I,2,휴업처리,2007-06-23 14:09:49,,1995-03-29,1502,,경기도 수원시권선구 금곡동 262번지 10호,1995374001107500006,3740000,경기도 수원시 권선구 금호로15번길 15 (금곡동),,,02,휴업,,,,
다대자유아파트상가,그 밖의 대규모점포,,379889.658155967,174307.148168245,2026-05-07 22:31:32,I,1,정상영업,2014-02-24 14:44:51,,1995-03-27,2684,,부산광역시 사하구 다대동 382-3호,2000334001707500013,3340000,"부산광역시 사하구 다대로 617 (다대동, 자유아파트)",,,01,영업/정상,대규모점포,,,051-0261-2760
사)청송상가시장,그 밖의 대규모점포,,368582.995749496,476191.948640647,2025-12-15 16:15:28,I,1,정상영업,2007-07-14 11:05:40,,1995-03-25,,,강원특별자치도 강릉시 포남동 1293 - 2호,2000420001907500006,4201000,,,,01,영업/정상,,,,033-651-9622
금당쇼핑센타,쇼핑센터,2017-11-23,265896.964534353,159854.496738762,2026-07-14 11:38:15,I,3,폐업처리,2017-12-11 19:42:13,,1995-03-20,4204,545-875,전남광주통합특별시 광양시 금호동 624번지 12호,1995484001207500002,5800000,전남광주통합특별시 광양시 금호로 26 (금호동),,,03,폐업,대규모점포,,,061-795-1650
동성아파트상가,그 밖의 대규모점포,,247326.676617033,161374.061283529,2026-07-14 11:38:15,I,1,정상영업,2007-07-21 11:08:49,,1995-03-10,,,전남광주통합특별시 순천시 연향동 1347호,2000482000007500018,5790000,전남광주통합특별시 순천시 연향번영길 94 (연향동),,,01,영업/정상,,,,061-722-8217
NC백화점 광주점,복합쇼핑몰,,191482.021147695,184739.201719547,2026-07-14 11:38:15,I,1,정상영업,2026-05-06 10:34:58,,1995-03-09,21532.45,500-827,전남광주통합특별시 북구 신안동 6번지 1호,2011362007907500001,5820000,전남광주통합특별시 북구 경열로 249 (신안동),,,01,영업/정상,대규모점포,,,062-519-2233
아원백화점,백화점,,,,2025-12-15 16:15:28,I,1,정상영업,2007-07-14 15:45:18,,1995-03-07,,,충청남도 논산시 반월동 66-1호,1995454001207500013,4540000,,,,01,영업/정상,,,,041-0735-8975
관보종합시장,시장,,211426.820391674,434400.525152819,2025-12-15 16:15:28,I,4,직권취소,2009-02-10 11:15:51,2009-01-30,1995-02-28,4386.43,463-827,경기도 성남시분당구 야탑동 366번지 1호,2008378010607500001,3780000,경기도 성남시 분당구 성남대로916번길 5 (야탑동),,,04,취소/말소/만료/정지/중지,,,,031-704-9464
월드밸리,그 밖의 대규모점포,,384691.305122868,180070.025389847,2026-07-02 22:18:10,U,1,정상영업,2026-07-01 16:29:24,,1995-02-27,9584.08,,부산광역시 중구 부평동2가 2호,2005325001407500001,3250000,부산광역시 중구 대청로 60 (부평동2가),,,01,영업/정상,대규모점포,,,051-256-7751
월드밸리,그 밖의 대규모점포,,384691.305122868,180070.025389847,2025-12-15 16:15:28,I,1,정상영업,2007-07-07 09:56:14,,1995-02-27,,,부산광역시 중구 부평동2가 2호,1995325001407500017,3250000,부산광역시 중구 대청로 60 (부평동2가),,,01,영업/정상,,,,051-256-7751
우정프라자(주),그 밖의 대규모점포,,,,2026-02-01 10:52:12,I,1,정상영업,2007-07-21 09:58:51,,1995-02-10,,,경기도 화성군 봉담읍 상리 31-3호,1995412001207500001,5530000,,,,01,영업/정상,,,,031-293-8405
부영아파트상가,대형마트,2022-03-15,219844.373408712,448746.945495603,2025-12-15 16:15:28,I,3,폐업처리,2024-02-28 17:06:26,,1995-01-12,2366,,경기도 하남시 창우동 518 부영아파트상가동,1995404000007500004,4040000,"경기도 하남시 대청로 119-1, 부영아파트상가동 (창우동)",12944,,03,폐업,대규모점포,,,
뉴코아백화점,백화점,2016-12-19,173449.265308514,438055.718667539,2026-03-26 22:49:55,I,3,폐업처리,2016-12-19 15:38:27,,1995-01-01,0,,인천광역시 남동구 구월동 1465번지 1   호,2000353000007500003,3530000,인천광역시 남동구 인하로 485 (구월동),,,03,폐업,준대규모점포,,,032-430-5000
원앙아파트상가,그 밖의 대규모점포,,248458.569142408,161027.146173887,2026-07-14 11:38:15,I,1,정상영업,2007-07-21 11:08:49,,1994-12-30,,,전남광주통합특별시 순천시 해룡면 상삼리 657호,2000482000007500017,5790000,전남광주통합특별시 순천시 해룡면 기적의도서관길 90,,,01,영업/정상,,,,061-721-3471
사)노암한라시장,그 밖의 대규모점포,,367565.639850681,473063.933064057,2025-12-15 16:15:28,I,1,정상영업,2007-07-14 11:05:40,,1994-12-30,,,강원특별자치도 강릉시 노암동 390호,2000420001907500008,4201000,,,,01,영업/정상,,,,033-647-6707
문구완구종합상가,대형마트,,188802.92189322,184425.51065458,2026-07-14 11:38:15,I,BBBB,,2018-03-16 13:17:34,,1994-12-24,9198793,,전남광주통합특별시 서구 화정동 23번지 15호,1999360000007500002,5810000,전남광주통합특별시 서구 내방로343번길 19 (화정동),,,01,영업/정상,,,,062-366-4756
동부상설시장,그 밖의 대규모점포,,247544.103970639,161540.303835792,2026-07-14 11:38:15,I,1,정상영업,2007-07-21 11:08:49,,1994-12-22,,,전남광주통합특별시 순천시 연향동 1333호,2000482000007500016,5790000,전남광주통합특별시 순천시 연향상가1길 4 (연향동),,,01,영업/정상,,,,061-722-4779
세신옴니코아시장,그 밖의 대규모점포,2003-04-28,,,2025-12-15 16:15:28,I,3,폐업처리,2007-08-03 10:11:36,,1994-12-20,447.6,,경기도 성남시분당구 야탑동 367-4호,2000378000007510037,3780000,,,,03,폐업,,,,034-2705-6000
제일타워,그 밖의 대규모점포,,199848.613284479,364260.269147754,2026-05-06 22:48:23,I,1,정상영업,2007-06-23 10:11:01,,1994-12-17,,,충청남도 아산시 온천동 194번지 5호,1994452001807500001,4520000,충청남도 아산시 시민로 346 (온천동),,,01,영업/정상,,,,
(주)지에스리테일 노벨리나 대전앤비점,쇼핑센터,2014-02-28,238281.412103474,314245.245763956,2026-05-03 22:38:32,I,3,폐업처리,2014-03-05 09:23:49,,1994-12-09,6076,301-839,대전광역시 중구 은행동 143번지 1호,2010365010507500001,3650000,대전광역시 중구 중앙로156번길 16 (은행동),,,03,폐업,대규모점포,,,
패션엔비,쇼핑센터,,238281.412103474,314245.245763956,2026-05-03 22:38:32,I,1,정상영업,2024-05-09 09:56:11,,1994-12-09,6075.7,301-060,대전광역시 중구 은행동 143번지 1호,1994365011507500001,3650000,대전광역시 중구 중앙로156번길 16 (은행동),,,01,영업/정상,대규모점포,,,042-257-9328
서울프라자,그 밖의 대규모점포,,183276.530808057,425771.686562823,2025-12-15 16:15:28,I,1,정상영업,2016-05-13 14:53:12,,1994-12-06,4901.9,,경기도 안산시단원구 선부동 1077호,2000393000007500011,3930000,경기도 안산시 단원구 삼일로 310 (선부동),,,01,영업/정상,대규모점포,,,031-480-4773
한백마리나타운,그 밖의 대규모점포,,343494.627654055,190294.066276347,2026-04-30 22:00:14,I,4,직권취소,2014-02-26 11:52:16,,1994-12-03,0,,경상남도 마산시 남성동 246번지 1호,1994528000007500002,5670000,경상남도 창원시 마산합포구 해안대로 331 (남성동),,,04,취소/말소/만료/정지/중지,대규모점포,,,055-1244-0700
코코프라자 시장,시장,,210921.448431351,431547.599479153,2025-12-15 16:15:28,I,1,정상영업,2009-06-12 17:37:44,,1994-12-02,3995.75,463-050,경기도 성남시 분당구 서현동 248번지 5호,2009378019307500010,3780000,경기도 성남시 분당구 서현로210번길 20 (서현동),,,01,영업/정상,,,,031-707-7315
미래타운 제1종합시장,시장,,212152.341107485,430133.858908997,2025-12-15 16:15:28,I,1,정상영업,2009-06-12 13:37:58,,1994-12-02,4237.13,463-050,경기도 성남시 분당구 서현동 307번지,2009378019307500006,3780000,경기도 성남시 분당구 불정로386번길 10 (서현동),,,01,영업/정상,,,,031-701-7007
미래타운 제2종합시장,시장,,212239.32415708,430042.370736928,2025-12-15 16:15:28,I,1,정상영업,2009-06-08 16:32:30,,1994-12-02,1567.84,463-050,경기도 성남시 분당구 서현동 311번지,2009378019307500002,3780000,경기도 성남시 분당구 불정로376번길 31 (서현동),,,01,영업/정상,,,,031-704-8151
미래타운제2종합시장,그 밖의 대규모점포,,212239.32415708,430042.370736928,2025-12-15 16:15:28,I,1,정상영업,2007-07-07 11:25:20,,1994-12-02,,,경기도 성남시분당구 서현동 311호,2000378000007510035,3780000,경기도 성남시 분당구 불정로376번길 31 (서현동),,,01,영업/정상,,,,034-2704-8151
미래타운제1종합시장,그 밖의 대규모점포,,212152.341107485,430133.858908997,2025-12-15 16:15:28,I,1,정상영업,2007-07-07 11:25:20,,1994-12-02,,,경기도 성남시분당구 서현동 307호,2000378000007510034,3780000,경기도 성남시 분당구 불정로386번길 10 (서현동),,,01,영업/정상,,,,034-2701-7007
코코프라자시장,그 밖의 대규모점포,,,,2025-12-15 16:15:28,I,1,정상영업,2007-07-07 11:25:20,,1994-12-02,,,경기도 성남시분당구 서현동 248-5.6호,2000378000007510033,3780000,,,,01,영업/정상,,,,034-2707-7315
(주)뉴코아 평촌지점,백화점,2017-09-29,,,2025-12-15 16:15:28,I,3,폐업처리,2017-10-10 13:16:45,,1994-12-01,23229,,경기도 안양시동안구 호계동 1040번지 1호,2004383006207500003,3830000,경기도 안양시 동안구 시민대로 182 (호계동),,,03,폐업,대규모점포,,,031-389-5174
뉴코아백화점 평촌점,백화점,,195664.729348617,432092.866186939,2025-12-15 16:15:28,I,2,휴업처리,2007-06-23 14:33:26,,1994-12-01,23229,,경기도 안양시동안구 호계동 1040호,1994383006207500001,3830000,경기도 안양시 동안구 시민대로 182 (호계동),,,02,휴업,,,,031-380-5000
우성(아)단지상가,그 밖의 대규모점포,,,,2025-12-15 16:15:28,I,1,정상영업,2007-06-30 10:52:49,,1994-11-29,,,충청남도 천안시 서북구 직산읍 부송리 산22호,2000449011907500010,4490000,,,,01,영업/정상,,,,041-553-4781
대우마리나 아파트상가 시장,그 밖의 대규모점포,,,,2025-12-15 16:15:28,I,1,정상영업,2007-07-14 13:41:39,,1994-11-18,,,경상남도 양산시 상북면 소토리 1287-27외2필지호,2000538001007500012,5380000,,,,01,영업/정상,,,,
주안로지하상가,그 밖의 대규모점포,,171639.582162043,439947.418490958,2026-03-26 22:48:21,I,BBBB,,2007-06-30 12:25:07,,1994-11-17,5743,,인천광역시 남구 주안동 188호,2000351001307500008,3510500,인천광역시 남구 경인로 지하 343 (주안동),,,01,영업/정상,,,,032-872-7111
주안시민지하상가,그 밖의 대규모점포,,171639.582162043,439947.418490958,2026-03-26 22:48:21,I,1,정상영업,2016-03-10 16:53:55,,1994-11-17,5473,,인천광역시 남구 주안동 188호,1994351009207500001,3510500,인천광역시 남구 경인로 지하 343 (주안동),,,01,영업/정상,대규모점포,,,032-872-7111
신라쇼핑타운,그 밖의 대규모점포,,177848.103257075,443136.694995493,2025-12-15 16:15:28,I,4,직권취소,2014-02-11 13:21:30,,1994-11-15,1681,,경기도 부천시 원미구상동 399호,1994386000007500003,3860000,,,,04,취소/말소/만료/정지/중지,대규모점포,,,032-321-1193
성서보성화성상가시장,그 밖의 대규모점포,,335707.743212212,262821.993376825,2025-12-15 16:15:28,I,1,정상영업,2007-07-14 12:20:22,,1994-11-10,,,대구광역시 달서구 이곡동 1191호,2000347000007500021,3470000,대구광역시 달서구 계대동문로 99 (이곡동),,,01,영업/정상,,,,053-584-1630
유니코(UNICO),그 밖의 대규모점포,,180731.148172095,460645.088503364,2025-12-15 16:15:28,I,1,정상영업,2019-07-02 15:48:02,,1994-10-11,6360.45,,경기도 고양시일산동구 백석동 1194호,2000394000007500003,3940000,,,,01,영업/정상,대규모점포,,,034-4900-1201
학장반도아파트상가,그 밖의 대규모점포,,380301.405897075,183841.243710233,2025-12-15 16:15:28,I,1,정상영업,2019-09-24 17:45:04,,1994-10-07,4856.96,,부산광역시 사상구 학장동 573번지 1호,2000339001507500010,3390000,부산광역시 사상구 대동로 98 (학장동),,,01,영업/정상,대규모점포,,,051-323-6453
코스트코홀세일,그 밖의 대규모점포,,190408.509134733,447298.022173646,2026-05-11 22:40:05,I,1,정상영업,2007-07-07 12:24:36,,1994-10-07,,,서울특별시 영등포구 양평동3가 65호,2001318007607500002,3180000,서울특별시 영등포구 선유로 156 (양평동3가),,,01,영업/정상,,,,02-2630-2653
엑스포코아,그 밖의 대규모점포,,236327.64761344,322197.703380981,2025-12-15 16:15:28,I,1,정상영업,2023-05-16 15:06:56,,1994-09-16,0,,대전광역시 유성구 전민동 466번지 3   호,1994367001407500002,3670000,대전광역시 유성구 엑스포로 488 (전민동),,,01,영업/정상,대규모점포,,,042-862-8118
아남프라자,그 밖의 대규모점포,,338132.520338395,522766.508207672,2026-04-02 03:03:03,U,2,휴업처리,2026-04-01 17:50:18,,1994-09-12,4093.84,,강원특별자치도 속초시 교동 737번지 7   호,2004423005107500003,4231000,강원특별자치도 속초시 동해대로 4236 (교동),,,02,휴업,대규모점포,2026-04-02,2027-04-01,033-636-2020
양정시장,시장,,388486.657611629,187914.991351658,2025-12-15 16:15:28,I,1,정상영업,2013-06-13 10:47:30,,1994-09-10,7445.4,,부산광역시 부산진구 양정동 608-1호,2000329000107500024,3290000,부산광역시 부산진구 동평로420번길 18 (양정동),,,01,영업/정상,대규모점포,,,051-852-3465
훼밀리코아,그 밖의 대규모점포,2003-04-11,176694.119479296,449254.861161551,2026-05-10 23:19:02,I,3,폐업처리,2010-11-23 22:48:27,,1994-09-07,0,,인천광역시 계양구 임학동 67호,1994355001207500001,3550000,인천광역시 계양구 임학동로 38 (임학동),,,03,폐업,,,,032-543-3055
서도프라자,그 밖의 대규모점포,,210268.023534024,256157.437097099,2025-12-15 16:15:28,I,1,정상영업,2017-06-15 10:32:24,,1994-09-04,10523,,전북특별자치도 전주시 완산구 효자동1가 454번지 1호,1994900000007500000,4641000,"전북특별자치도 전주시 완산구 용머리로 36 (효자동1가, 서도프라자)",55080,,01,영업/정상,대규모점포,,,063-227-0238
디자이너크럽,그 밖의 대규모점포,,201091.341041784,451683.057889184,2026-03-26 22:48:23,I,1,정상영업,2020-04-30 15:46:04,,1994-08-31,7281.04,,,2014301013007500022,3010000,서울특별시 중구 을지로45길 72 (신당동),,,01,영업/정상,대규모점포,,,02-2237-2503
현대상가,대형마트,,219293.47326337,448616.30099642,2025-12-15 16:15:28,I,1,정상영업,2007-06-23 11:02:12,,1994-08-30,,,경기도 하남시 신장동 528호,1994404000007500002,4040000,,,,01,영업/정상,,,,
타임스퀘어,쇼핑센터,,191385.057392247,446098.555926507,2026-05-11 22:40:06,I,1,정상영업,2014-12-11 18:01:54,,1994-08-26,94319.57,150-798,서울특별시 영등포구 영등포동4가 441번지 10호 타임스퀘어,2008318011707500003,3180000,서울특별시 영등포구 영중로 15 (영등포동4가),,,01,영업/정상,대규모점포,2008-05-29,2009-08-29,26382000
금산시장,그 밖의 대규모점포,,,,2025-12-15 16:15:28,I,2,휴업처리,2007-07-07 11:25:20,,1994-08-18,,,경기도 성남시분당구 수내동 63-1호,2000378000007510030,3780000,,,,02,휴업,,,,034-2711-8153
(주)중앙시장동해유통타운,그 밖의 대규모점포,2018-01-01,387316.573717286,448511.524472683,2025-12-15 16:15:28,I,3,폐업처리,2020-08-24 09:54:15,,1994-08-17,7517.59,,강원특별자치도 동해시 천곡동 941호,1994421000007500002,4211000,강원특별자치도 동해시 동굴로 147 (천곡동),,,03,폐업,대규모점포,,,033-533-8303
진주동성상가,그 밖의 대규모점포,,299152.267196173,187400.955998922,2025-12-15 16:15:28,I,1,정상영업,2024-08-27 16:09:24,,1994-07-30,9952,,경상남도 진주시 강남동 219호,1994531000007500012,5310000,경상남도 진주시 진주대로 901 (강남동),,,01,영업/정상,대규모점포,,,055-761-1789
한빛프라자,,,231842.890176546,318271.606516414,2025-12-15 16:15:28,I,1,정상영업,2007-07-07 10:15:08,,1994-07-30,,,대전광역시 유성구 어은동 99호,1994367001407500001,3670000,대전광역시 유성구 어은로 57 (어은동),,,01,영업/정상,,,,042-862-0180
무지개종합시장,그 밖의 대규모점포,2026-02-26,232838.676632205,311703.466638706,2026-05-07 22:30:15,U,3,폐업처리,2026-02-26 08:58:01,,1994-07-26,3179,,대전광역시 서구 정림동 610호,1994366001507500024,3660000,대전광역시 서구 정림동로7번길 22 (정림동),,,03,폐업,대규모점포,,,042-584-0015
김제축협매장,쇼핑센터,,189506.146320053,255935.765577168,2026-05-03 22:50:53,I,1,정상영업,2007-07-07 11:05:41,,1994-07-01,,,전북특별자치도 김제시 요촌동 288호,2000471001107500004,4711000,전북특별자치도 김제시 남북로 218 (요촌동),,,01,영업/정상,,,,063-546-0450
인천송림공구시장,그 밖의 대규모점포,,,,2026-07-01 09:42:12,I,1,정상영업,2024-05-14 10:51:38,,1994-06-28,10757.3,401-721,인천광역시 제물포구 송림동 296번지 송림동공구상가,1994350000907500001,3501000,인천광역시 제물포구 봉수대로 98 (송림동),,,01,영업/정상,대규모점포,,,032-582-4057
성원그랜드종합상가,그 밖의 대규모점포,,353991.929834837,192136.233221503,2026-04-30 22:00:14,I,1,정상영업,2016-02-23 14:56:57,,1994-06-21,25297,,경상남도 창원시 상남동 45-1호,1994527002207500002,5670000,경상남도 창원시 성산구 동산로 124 (상남동),,,01,영업/정상,대규모점포,,,055-267-3196
자산경남상가시장,그 밖의 대규모점포,,342430.153163399,190800.908543699,2026-04-30 22:00:14,I,1,정상영업,2007-06-30 10:28:07,,1994-06-15,,,경상남도 마산시 자산동 17번지 1호 9브록 1롯트,1994528000007500026,5670000,,,,01,영업/정상,,,,
일원마트,그 밖의 대규모점포,,207614.091005038,443297.031452896,2025-12-15 16:15:28,I,4,직권취소,2010-09-08 17:44:37,2010-09-08,1994-06-15,0,,서울특별시 강남구 일원동 647호,2001322008307500022,3220000,,,,04,취소/말소/만료/정지/중지,,,,02-555-0000
수서1-2단지상가,그 밖의 대규모점포,,207748.487100942,443240.945026406,2025-12-15 16:15:28,I,1,정상영업,2013-12-30 10:53:10,,1994-06-15,0,,서울특별시 강남구 일원동 711번지 1호,2001322008307500021,3220000,"서울특별시 강남구 양재대로55길 6 (일원동, 도시개발아파트)",,,01,영업/정상,대규모점포,,,02-459-9891
대치2단지상가,그 밖의 대규모점포,,206581.787067095,443555.991242524,2025-12-15 16:15:28,I,1,정상영업,2013-12-30 11:00:46,,1994-06-15,0,,서울특별시 강남구 개포동 12호,2001322008307500020,3220000,"서울특별시 강남구 개포로109길 21 (개포동, 대청아파트)",,,01,영업/정상,대규모점포,,,02-459-8720
대치1단지상가,그 밖의 대규모점포,,206581.787067095,443555.991242524,2025-12-15 16:15:28,I,1,정상영업,2013-12-30 11:44:18,,1994-06-15,0,,서울특별시 강남구 개포동 12호,2001322008307500019,3220000,"서울특별시 강남구 개포로109길 5 (개포동, 대청아파트)",,,01,영업/정상,대규모점포,,,02-451-1400
수원새로나,그 밖의 대규모점포,,,,2026-03-11 01:45:40,I,2,휴업처리,2007-06-23 14:09:49,,1994-05-20,5459,,경기도 수원시팔달구 지동 371.호,1994374001107500003,3740000,,,,02,휴업,,,,
정도진흥기업(주),그 밖의 대규모점포,,194273.598098938,450318.724130121,2025-12-15 16:15:28,I,1,정상영업,2024-06-13 10:20:10,,1994-05-10,6592.35,,서울특별시 마포구 노고산동 57번지 1호,2009313011807500008,3130000,서울특별시 마포구  신촌로  94 (노고산동),,,01,영업/정상,대규모점포,,,
보성은하상가시장,그 밖의 대규모점포,,338692.161634264,259135.243156101,2025-12-15 16:15:28,I,1,정상영업,2007-07-14 12:20:22,,1994-05-07,,,대구광역시 달서구 상인동 42호,2000347000007500019,3470000,대구광역시 달서구 월곡로 320 (상인동),,,01,영업/정상,,,,053-638-3232
홈플러스스토어즈(주) 대전탄방점,대형마트,2016-04-20,234596.503195932,316328.584092298,2026-05-07 22:30:16,I,3,폐업처리,2016-04-20 17:26:10,,1994-05-01,17098,302-858,대전광역시 서구 탄방동 591번지,2013366013407500001,3660000,대전광역시 서구 둔산중로 1 (탄방동),,,03,폐업,대규모점포,,,042-714-8620
홈플러스(주)대전탄방점,대형마트,2021-02-28,234596.503195932,316328.584092298,2026-05-07 22:30:15,I,3,폐업처리,2021-03-04 09:48:46,,1994-05-01,17098,,대전광역시 서구 탄방동 591호,1994366001507500030,3660000,대전광역시 서구 둔산중로 1 (탄방동),,2009-03-01,03,폐업,대규모점포,2009-02-22,2009-02-28,042-714-8613
코코마트,그 밖의 대규모점포,,204367.347787613,456732.945005445,2025-12-15 16:15:28,I,2,휴업처리,2007-07-07 10:47:37,,1994-04-29,,,서울특별시 성북구 장위동 68번지 1014호,2000307009907500014,3070000,,,,02,휴업,,,,02-943-4044
상지시장,그 밖의 대규모점포,,210266.615561066,430478.681449364,2025-12-15 16:15:28,I,2,휴업처리,2007-07-07 11:25:20,,1994-04-02,0,,경기도 성남시분당구 수내동 32호,2005378010607500006,3780000,경기도 성남시 분당구 내정로165번길 38 (수내동),,,02,휴업,,,,034-2719-3345
라이프공구상가,그 밖의 대규모점포,,188907.966108621,444898.367647601,2026-05-01 22:42:20,I,1,정상영업,2013-12-20 11:11:42,,1994-03-30,4495,152-050,서울특별시 구로구 구로동 614번지 33호,2007316011707500014,3160000,서울특별시 구로구 구로중앙로 237 (구로동),,,01,영업/정상,대규모점포,,,26346460
라이프공구종합상가,그 밖의 대규모점포,,,,2026-05-01 22:42:19,I,1,정상영업,2007-07-07 09:54:17,,1994-03-30,,,서울특별시 구로구 구로동 614번지 33  호,1994316007107500024,3160000,,,,01,영업/정상,,,,02-634-6460
서경백화점,백화점,,,,2026-07-01 13:36:35,I,1,정상영업,2022-12-25 13:50:28,,1994-03-16,7769,,인천광역시 서해구 신현동 272-1 서경 플러스 존,2022356022207500002,3561000,"인천광역시 서해구 가정로 369, 서경 플러스 존 (신현동)",22778,,01,영업/정상,대규모점포,,,032-583-3377
형진프라자,그 밖의 대규모점포,,173968.46714416,440277.353534774,2026-03-26 22:49:55,I,1,정상영업,2013-12-30 15:38:31,,1994-03-16,786,,인천광역시 남동구 간석동 313번지 2   호,2000353000007500015,3530000,인천광역시 남동구 남동대로915번길 25 (간석동),,,01,영업/정상,준대규모점포,,,032-438-0333
유창상가,그 밖의 대규모점포,,190771.595589599,440515.66903538,2026-05-07 22:30:11,I,1,정상영업,2007-07-07 11:59:15,,1994-03-14,,,서울특별시 금천구 독산동 293번지 5호,1993317006707500023,3170000,서울특별시 금천구 범안로 1209 (독산동),,,01,영업/정상,,,,02-893-4527
(주)아남유통,그 밖의 대규모점포,,,,2026-05-07 22:37:40,I,1,정상영업,2007-06-30 12:09:18,,1994-02-28,,,경상북도 포항시북구 죽도동 2-4호,2000502007107500020,5020000,,,,01,영업/정상,,,,
코오롱 상가,그 밖의 대규모점포,,,,2025-12-15 16:15:28,I,1,정상영업,2007-06-30 17:13:15,,1994-02-28,,,전북특별자치도 전주시완산구 전동3가 호 136,1994800000007500000,4641000,,,,01,영업/정상,,,,063-287-0057
황전범어타운 상가시장,그 밖의 대규모점포,,,,2025-12-15 16:15:28,I,1,정상영업,2007-07-14 13:41:39,,1994-02-22,,,호,2000538001007500011,5380000,,,,01,영업/정상,,,,
광성상가,그 밖의 대규모점포,,180646.039198885,444837.957807423,2025-12-15 16:15:28,I,1,정상영업,2014-02-11 13:25:40,,1994-02-19,3893.2,,경기도 부천시 원미구춘의동 127번지 5   호,1994386000007500001,3860000,경기도 부천시 원미구 옥산로138번길 30 (춘의동),,,01,영업/정상,대규모점포,,,032-684-5767
한국상가,그 밖의 대규모점포,,204464.0954091,418391.409333909,2026-03-11 01:45:40,I,2,휴업처리,2007-06-23 14:09:49,,1994-02-19,2496,,경기도 수원시영통구 매탄동 1217호,1994374001107500002,3740000,경기도 수원시 영통구 매영로 84 (매탄동),,,02,휴업,,,,
옥현상가,그 밖의 대규모점포,,354396.150911237,156653.997524302,2025-12-15 16:15:28,I,1,정상영업,2023-02-09 10:59:03,,1994-02-18,1403.9,,경상남도 거제시 옥포동 1293번지 1호,2001537001007500004,5370000,경상남도 거제시 옥포로 250 (옥포동),,,01,영업/정상,대규모점포,,,055-688-1949
대동씨코아종합상가시장,그 밖의 대규모점포,,342254.943847155,187846.078472269,2026-04-30 22:00:14,I,1,정상영업,2007-06-30 10:28:07,,1994-02-15,,,경상남도 마산시 해운동 37번지 4호,1994528000007500025,5670000,경상남도 창원시 마산합포구 월영동로 8 (해운동),,,01,영업/정상,,,,055-1223-4955
봉곡진보프라자상가,그 밖의 대규모점포,,,,2026-04-30 22:00:14,I,1,정상영업,2010-04-06 10:11:47,,1994-01-29,4959.95,,"경상남도 창원시 봉곡동 호 61-10,16,17번지",1994527002207500001,5670000,,,,01,영업/정상,,,,055-265-1237
원천성일상가,그 밖의 대규모점포,,204913.095542541,418779.556612854,2026-03-11 01:45:40,I,2,휴업처리,2007-06-23 14:09:49,,1994-01-27,1628,,경기도 수원시영통구 매탄동 1199호,1994374001107500001,3740000,경기도 수원시 영통구 동탄원천로1109번길 42 (매탄동),,,02,휴업,,,,
법동영구임대시장,그 밖의 대규모점포,,238645.839505301,319004.756382897,2025-12-15 16:15:28,I,1,정상영업,2007-07-07 09:18:01,,1994-01-27,,,대전광역시 대덕구 법동 188호,1994368000007500008,3680000,대전광역시 대덕구 계족로664번길 27 (법동),,,01,영업/정상,,,,042-633-3335
법동삼익소월상가,그 밖의 대규모점포,,238921.950297003,318782.318627397,2025-12-15 16:15:28,I,1,정상영업,2007-07-07 09:18:01,,1994-01-27,,,대전광역시 대덕구 법동 190호,1994368000007500007,3680000,대전광역시 대덕구 동춘당로 160 (법동),,,01,영업/정상,,,,042-625-7177
세기신산시장,그 밖의 대규모점포,,157277.876720252,1635.54726449611,2025-12-15 16:15:28,I,1,정상영업,2010-07-28 16:24:44,,1994-01-19,2057.49,,제주특별자치도 제주시 일도이동 326번지 1호,1994549000007500001,6510000,제주특별자치도 제주시 동광로19길 22 (일도이동),,,01,영업/정상,,,,064-758-9439
진달래시장,그 밖의 대규모점포,2006-10-24,232857.332850423,317638.136491133,2026-05-07 22:30:15,I,3,폐업처리,2015-11-20 10:42:53,,1994-01-18,0,302-281,대전광역시 서구 월평동 312번지 1호,1994366001507500023,3660000,대전광역시 서구  월평동로  45 (월평동),,,03,폐업,대규모점포,,,042-487-5702
법동그린복합상가,그 밖의 대규모점포,,,,2025-12-15 16:15:28,I,1,정상영업,2007-07-07 09:18:01,,1994-01-07,,,대전광역시 대덕구 법동 195번지 1   호,1994368000007500006,3680000,,,,01,영업/정상,,,,042-634-5950
서부코아,대형마트,,188975.873219315,183821.474590052,2026-07-14 11:38:15,I,BBBB,,2007-07-21 10:15:34,,1993-12-28,3087.63,,전남광주통합특별시 서구 화정동 780호,1999360000007500009,5810000,전남광주통합특별시 서구 화운로156번길 29 (화정동),,,01,영업/정상,,,,062-363-2362
다농마트,그 밖의 대규모점포,,186106.832558134,425161.59402192,2025-12-15 16:15:28,I,1,정상영업,2018-07-16 17:58:16,,1993-12-20,13310.36,,경기도 안산시상록구 월피동 445호,2000393000007500008,3930000,경기도 안산시 상록구 예술광장로 1 (월피동),,,01,영업/정상,대규모점포,,,031-410-6666
평화시장,시장,,238934.669454891,315679.2586707,2026-05-03 22:32:20,I,1,정상영업,2009-06-09 10:20:20,,1993-12-20,3852,300-180,대전광역시 동구 성남동 157번지 6호,2009364010407500008,3640000,대전광역시 동구 동서대로1572번길 173 (성남동),,,01,영업/정상,,,,042-630-1010
평화시장,그 밖의 대규모점포,,,,2026-05-03 22:32:20,I,1,정상영업,2007-06-30 10:25:41,,1993-12-20,,,대전광역시 동구 성남동 157번지 6   호,1993364005807500002,3640000,,,,01,영업/정상,,,,042-630-1004
중앙하이츠시장,그 밖의 대규모점포,2014-07-07,187107.678115243,440768.477220721,2025-12-15 16:15:28,I,3,폐업처리,2014-07-07 09:57:50,,1993-12-17,899.44,,경기도 광명시 광명동 732호,1993390000007502280,3900000,,,,03,폐업,,,,02-704-8001
대승하이아트 상가 시장,그 밖의 대규모점포,,395968.842299988,210655.868653986,2025-12-15 16:15:28,I,1,정상영업,2007-07-14 13:41:39,,1993-11-30,,,경상남도 양산시 덕계동 362호,2000538001007500010,5380000,,,,01,영업/정상,,,,
대림쇼핑타운,시장,,193273.484014052,445011.250115029,2026-05-03 22:37:50,I,1,정상영업,2009-04-27 16:30:36,,1993-11-30,0,156-020,서울특별시 동작구 대방동 501번지,2009319009907500001,3190000,,,,01,영업/정상,,,,
현대프라자,그 밖의 대규모점포,,,,2026-03-26 22:48:21,I,1,정상영업,2007-06-30 12:25:07,,1993-11-22,,,인천광역시 남구 주안동 1472번지 1   호,2000351001307500018,3510500,,,,01,영업/정상,,,,
맘모스프라자,그 밖의 대규모점포,,380398.062015138,175314.286676535,2026-05-07 22:31:32,I,1,정상영업,2014-02-24 14:47:02,,1993-11-20,11377,,부산광역시 사하구 다대동 120-1호,2000334001707500012,3340000,"부산광역시 사하구 다대로 473 (다대동, 현대아파트)",,,01,영업/정상,대규모점포,,,051-0264-0588
단대마트시장,시장,,213918.08132177,438064.646460358,2025-12-15 16:15:28,I,1,정상영업,2009-06-16 14:46:24,,1993-11-05,5228.63,462-241,경기도 성남시 중원구 금광1동 10번지,2009378019307500011,3780000,,,,01,영업/정상,,,,031-749-8982
단대마트시장,그 밖의 대규모점포,,213918.08132177,438064.646460358,2025-12-15 16:15:28,I,1,정상영업,2007-07-07 11:25:20,,1993-11-05,,,경기도 성남시중원구 금광동 10호,2000378000007510022,3780000,,,,01,영업/정상,,,,034-2749-8982
운암훼밀리코아,그 밖의 대규모점포,,,,2026-07-01 12:18:07,I,1,정상영업,2018-05-24 10:42:56,,1993-10-13,6960.43,,전남광주통합특별시 북구 운암동 66번지 1호,1993362001207500012,5820000,전남광주통합특별시 북구 북문대로 92 (운암동),,,01,영업/정상,대규모점포,,,062-231-1081
국제타운상가,그 밖의 대규모점포,,373609.137957081,195525.950832808,2025-12-15 16:15:28,I,1,정상영업,2007-07-07 10:38:36,,1993-10-06,,,경상남도 김해시 삼방동 179번지 1호,1993535001407500012,5350000,경상남도 김해시 활천로267번길 13 (삼방동),,,01,영업/정상,,,,055-321-0486
백제종합상가,그 밖의 대규모점포,,,,2025-12-15 16:15:28,I,1,정상영업,2007-07-07 10:38:36,,1993-10-06,,,경상남도 김해시 삼정동 76번지 1   호,1993535001407500011,5350000,,,,01,영업/정상,,,,055-336-1581
동성종합상가,그 밖의 대규모점포,,179570.204103597,444123.104659843,2025-12-15 16:15:28,I,4,직권취소,2014-02-11 13:28:12,,1993-09-28,675.8,,경기도 부천시 원미구중동 1181호,1993386000007500003,3860000,,,,04,취소/말소/만료/정지/중지,대규모점포,,,
창원캔버라타운,그 밖의 대규모점포,,,,2026-04-30 22:00:14,I,1,정상영업,2009-05-15 15:24:42,,1993-09-27,0,,경상남도 창원시 중앙동 97-6호,1993527002207500005,5670000,,,,01,영업/정상,,,,055-268-5260
대동중앙상가,그 밖의 대규모점포,,347001.185926747,196266.657999601,2026-04-30 22:00:14,I,1,정상영업,2009-05-15 15:26:12,,1993-09-27,0,641-849,경상남도 창원시 팔용동 124번지 2호,1993527002207500004,5670000,경상남도 창원시 의창구 반계로 95 (팔용동),,,01,영업/정상,,,,055-297-4582
덕계종합상설시장,그 밖의 대규모점포,,,,2025-12-15 16:15:28,I,1,정상영업,2010-07-21 10:23:09,,1993-09-22,0,,경상남도 양산시 덕계동 745-1호,2004538001007500001,5380000,,,,01,영업/정상,,,,055-387-7414
덕계종합상설시장,그 밖의 대규모점포,,,,2025-12-15 16:15:28,I,1,정상영업,2010-07-21 10:26:00,,1993-09-22,3194.95,,경상남도 양산시 덕계동 745-1호,2000538001007500007,5380000,,,,01,영업/정상,,,,055-387-7414
평거한보타운 상가,그 밖의 대규모점포,2012-06-18,295565.996163516,186086.819692199,2025-12-15 16:15:28,I,3,폐업처리,2012-06-18 11:46:33,,1993-09-22,36,660-991,경상남도 진주시 평거동 737번지,1993531000007500011,5310000,경상남도 진주시 진양호로97번길 19-6 (평거동),,,03,폐업,준대규모점포,,,059-1746-7474
평화프라자,그 밖의 대규모점포,,191654.603512472,185688.713411874,2026-07-14 11:38:15,I,1,정상영업,2007-06-16 11:13:33,,1993-09-21,,,전남광주통합특별시 북구 중흥동 341번지 6호,1993362001207500011,5820000,전남광주통합특별시 북구 우치로27번길 33 (중흥동),,,01,영업/정상,,,,062-0511-0679
삼풍프라자,그 밖의 대규모점포,,200391.817196159,422319.693795832,2026-03-11 01:45:40,I,2,휴업처리,2007-06-23 14:09:49,,1993-09-20,1803.62,,경기도 수원시장안구 송죽동 496번지 24호,1993374001107500007,3740000,경기도 수원시 장안구 만석로210번길 77 (송죽동),,,02,휴업,,,,
봉우아파트 상가시장,그 밖의 대규모점포,,,,2025-12-15 16:15:28,I,1,정상영업,2007-07-14 13:41:39,,1993-09-15,,,경상남도 양산시 평산동 570외 15필지호,2000538001007500009,5380000,,,,01,영업/정상,,,,
태원아파트 상가시장,그 밖의 대규모점포,,,,2025-12-15 16:15:28,I,1,정상영업,2007-07-14 13:41:39,,1993-09-15,,,경상남도 양산시 평산동 산23-3외 12필지호,2000538001007500008,5380000,,,,01,영업/정상,,,,
권선종합상가,그 밖의 대규모점포,,202182.056707379,417106.366537489,2026-03-11 01:45:40,I,2,휴업처리,2007-06-23 14:09:49,,1993-09-14,5139,,경기도 수원시권선구 권선동 1050호,1993374001107500004,3740000,경기도 수원시 권선구 세권로195번길 13 (권선동),,,02,휴업,,,,
한국주택종합상가,그 밖의 대규모점포,,,,2026-03-11 01:45:40,I,2,휴업처리,2007-06-23 14:09:49,,1993-09-13,1616,,경기도 수원시  호,1993374001107500006,3740000,,,,02,휴업,,,,
서사라시장,그 밖의 대규모점포,,155181.355897923,574.952588879066,2025-12-15 16:15:28,I,1,정상영업,2007-06-30 13:46:00,,1993-09-11,,,제주특별자치도 제주시 삼도일동 520호,1993549000007500001,6510000,,,,01,영업/정상,,,,064-757-4643
AK PLAZA,백화점,2019-10-14,189570.360930049,444336.051330144,2026-05-01 22:42:19,I,3,폐업처리,2019-10-15 09:25:30,,1993-08-30,24862.71,152-050,서울특별시 구로구 구로동 573번지,2007316011707500008,3160000,서울특별시 구로구 구로중앙로 152 (구로동),,,03,폐업,대규모점포,,,02-818-0812
애경백화점,백화점,,189570.360930049,444336.051330144,2026-05-01 22:42:19,I,2,휴업처리,2007-07-07 09:54:17,,1993-08-30,24362,,서울특별시 구로구 구로동 573호,1993316007107500001,3160000,서울특별시 구로구 구로중앙로 152 (구로동),,,02,휴업,,,,02-818-1000
만촌중앙시장,그 밖의 대규모점포,2016-03-23,,,2026-05-03 22:40:51,I,3,폐업처리,2022-01-11 14:06:31,,1993-08-13,0,,대구광역시 수성구 만촌동 881호,1992346005507500016,3460000,대구광역시 수성구 교학로5길 92-5 (만촌동),,,03,폐업,대규모점포,,,053-0741-5858
상인영남화성시장,그 밖의 대규모점포,,339393.012573076,258572.019825526,2025-12-15 16:15:28,I,1,정상영업,2007-07-14 12:20:22,,1993-08-06,,,대구광역시 달서구 상인동 1517호,2000347000007500018,3470000,대구광역시 달서구 상인서로 76 (상인동),,,01,영업/정상,,,,053-637-0483
우미프라자,그 밖의 대규모점포,,193307.218180438,186544.10260087,2026-07-14 11:38:15,I,1,정상영업,2013-12-30 16:57:04,,1993-07-16,0,,전남광주통합특별시 북구 우산동 4번지 1   호,1993362001207500010,5820000,전남광주통합특별시 북구 평교로18번길 50 (우산동),,,01,영업/정상,준대규모점포,,,062-0264-9620
동신종합시장,시장,,210818.818495558,429844.390589942,2025-12-15 16:15:28,I,1,정상영업,2009-06-08 17:17:44,,1993-07-14,5931.95,463-020,경기도 성남시 분당구 수내동 63번지 2호,2009378019307500003,3780000,경기도 성남시 분당구 돌마로 361 (수내동),,,01,영업/정상,,,,031-711-8628
동신종합시장,그 밖의 대규모점포,,,,2025-12-15 16:15:28,I,1,정상영업,2007-07-07 11:25:20,,1993-07-14,,,경기도 성남시분당구 수내동 63번지 2   호,2000378000007510021,3780000,,,,01,영업/정상,,,,034-2711-8628
인계종합상가,그 밖의 대규모점포,,202074.573654606,418228.80990094,2026-03-11 01:45:40,I,2,휴업처리,2007-06-23 14:09:49,,1993-07-13,4340,,경기도 수원시팔달구 인계동 997호,1993374001107500005,3740000,경기도 수원시 팔달구 장다리로 179 (인계동),,,02,휴업,,,,
본리시장,그 밖의 대규모점포,,,,2025-12-15 16:15:28,I,1,정상영업,2007-07-14 12:20:22,,1993-07-11,,,대구광역시 달서구 본리동 65번지 3   호,2000347000007500003,3470000,,,,01,영업/정상,,,,053-627-5416
창원기계공구상가,그 밖의 대규모점포,,349308.666401516,193974.505754164,2026-04-30 22:00:14,I,1,정상영업,2017-07-20 09:16:59,,1993-07-05,7446,,경상남도 창원시 팔용동 16-1호,1993527002207500003,5670000,경상남도 창원시 의창구 창원대로 400 (팔용동),,,01,영업/정상,대규모점포,,,055-238-0598
범어대동상가,그 밖의 대규모점포,,,,2025-12-15 16:15:28,I,1,정상영업,2007-07-14 13:41:39,,1993-07-05,,,경상남도 양산시 물금읍 범어리 502-1호,2000538001007500006,5380000,,,,01,영업/정상,,,,
신안프라자,그 밖의 대규모점포,,187960.429281747,421469.517837306,2026-02-14 21:48:10,U,1,정상영업,2026-02-13 16:50:59,,1993-07-01,16480.52,,경기도 안산시 상록구 본오동 871번지,2000393000007500010,3930000,"경기도 안산시 상록구 반석로 54 (본오동, 신안프라자)",15541,,01,영업/정상,대규모점포,,,031-406-2104
신림현대종합상가,시장,,193957.944323928,441437.774867372,2025-12-15 16:15:28,I,1,정상영업,2015-03-03 11:53:12,,1993-07-01,2072,,서울특별시 관악구 신림동 1694호,1993320008007500021,3200000,서울특별시 관악구 신림로29길 8 (신림동),,,01,영업/정상,대규모점포,,,02-885-4271
대동종합상가,그 밖의 대규모점포,,369632.600409243,194295.359792307,2025-12-15 16:15:28,I,1,정상영업,2007-07-07 10:38:36,,1993-06-19,,,경상남도 김해시 외동 1251호,1993535001407500010,5350000,,,,01,영업/정상,,,,055-324-2533
(주)큰길 여산휴게소,대형마트,,,,2026-05-06 22:48:23,I,1,정상영업,2007-07-21 11:08:15,,1993-06-10,,,전북특별자치도 익산시 여산면 호산리 산32번지 6  호,2000468002007500002,4681000,,,,01,영업/정상,,,,063-836-5168
개봉프라자,시장,,186769.616926353,444433.221606826,2026-05-01 22:42:20,I,1,정상영업,2017-07-04 13:11:54,,1993-05-27,3085,152-080,서울특별시 구로구 고척동 269번지 1호,2007316011707500019,3160000,서울특별시 구로구 고척로40길 19 (고척동),,,01,영업/정상,대규모점포,,,02-2619-8068
개봉프라자,그 밖의 대규모점포,,,,2026-05-01 22:42:19,I,1,정상영업,2007-07-07 09:54:17,,1993-05-27,,,서울특별시 구로구 고척동 269번지 1   호,1993316007107500003,3160000,,,,01,영업/정상,,,,02-2619-8068
아리랑프라자,시장,,238503.547815942,316361.20859374,2026-05-03 22:32:20,I,1,정상영업,2013-02-20 09:17:53,,1993-05-12,5352,300-190,대전광역시 동구 홍도동 12번지,2009364010407500007,3640000,대전광역시 동구 홍도로 11 (홍도동),,,01,영업/정상,대규모점포,,,042-633-5889
아리랑프라자,시장,,238503.547815942,316361.20859374,2026-05-03 22:32:20,I,1,정상영업,2009-06-09 10:25:52,,1993-05-12,5915,300-190,대전광역시 동구 홍도동 12번지,2009364010407500004,3640000,대전광역시 동구 홍도로 11 (홍도동),,,01,영업/정상,,,,042-627-6181
아리랑프라자,그 밖의 대규모점포,,238503.547815942,316361.20859374,2026-05-03 22:32:20,I,2,휴업처리,2007-06-30 10:25:41,,1993-05-12,,,대전광역시 동구 홍도동 12호,1993364005807500001,3640000,대전광역시 동구 홍도로 11 (홍도동),,,02,휴업,,,,042-627-8161
의정부역지하상가,그 밖의 대규모점포,,,,2026-05-11 22:02:23,I,2,휴업처리,2007-07-07 10:35:33,,1993-05-11,,,경기도 의정부시 의정부동 99-6호,2001382007907500004,3820000,,,,02,휴업,,,,031-871-8037
전일시장,그 밖의 대규모점포,,,,2025-12-15 16:15:28,I,1,정상영업,2007-06-30 17:13:15,,1993-05-10,,,전북특별자치도 전주시완산구 고사동 호 1가 155-1,1993300000007500000,4641000,,,,01,영업/정상,,,,063-286-6233
이현종합시장,그 밖의 대규모점포,,297025.718897576,188606.434663441,2025-12-15 16:15:28,I,1,정상영업,2015-05-18 09:29:42,,1993-05-01,13322.2,,경상남도 진주시 이현동 21번지 3   호,1993531000007500010,5310000,경상남도 진주시 신안로 165 (이현동),,,01,영업/정상,준대규모점포,,,059-1742-0343
호성상가,그 밖의 대규모점포,,,,2025-12-15 16:15:28,I,1,정상영업,2007-07-07 10:38:36,,1993-04-30,,,경상남도 김해시 삼정동 589번지 1   호,1993535001407500009,5350000,,,,01,영업/정상,,,,
중동한신코아,그 밖의 대규모점포,,179540.644465229,443802.438704689,2025-12-15 16:15:28,I,4,직권취소,2014-02-11 13:30:19,,1993-04-29,723.3,,경기도 부천시 원미구중동 1183호,1993386000007500001,3860000,,,,04,취소/말소/만료/정지/중지,대규모점포,,,
태영상가,그 밖의 대규모점포,,200638.301718618,420786.247360603,2026-03-11 01:45:40,I,4,직권취소,2020-08-24 10:57:39,,1993-04-24,1118.02,,경기도 수원시장안구 영화동 418호,1993374001107500003,3740000,경기도 수원시 장안구 영화로25번길 22 (영화동),,,04,취소/말소/만료/정지/중지,대규모점포,,,031-254-1563
대현프리몰마산점,그 밖의 대규모점포,,343996.417072118,194413.871669486,2026-04-30 22:00:14,I,2,휴업처리,2007-06-30 10:28:07,,1993-04-23,,,경상남도 마산시 합성동 586호,1993528000007500024,5670000,경상남도 창원시 마산회원구 3·15대로 지하 758 (합성동),,,02,휴업,,,,055-1292-7988
맥슨컨설팅,그 밖의 대규모점포,2009-09-01,189427.533159562,440012.60025587,2025-12-15 16:15:28,I,3,폐업처리,2009-09-01 15:57:52,,1993-04-20,1664.12,,경기도 광명시 하안동 61번지 1   호,1993390000007500006,3900000,,,,03,폐업,,,,02-894-0091
전자타운,전문점,,196775.639878418,447984.6345458,2026-05-06 22:48:27,I,1,정상영업,2025-08-12 13:17:30,,1993-04-13,10634.18,,서울특별시 용산구 한강로2가 413호,2005302007407500001,3020000,서울특별시 용산구 청파로 113-12 (한강로2가),,,01,영업/정상,대규모점포,,,02-703-7091
(주)전자타운,그 밖의 대규모점포,,196775.639878418,447984.6345458,2026-05-06 22:48:24,I,1,정상영업,2007-07-21 10:15:07,,1993-04-13,,,서울특별시 용산구 한강로2가 413호,1993302007407500001,3020000,서울특별시 용산구 청파로 113-12 (한강로2가),,,01,영업/정상,,,,02-703-7091
보성황실시장,그 밖의 대규모점포,,,,2026-05-08 22:34:09,I,1,정상영업,2007-07-14 13:31:56,,1993-04-09,,,대구광역시 중구 남산동 2466번지 1   호,1993341004607500001,3410000,,,,01,영업/정상,,,,053-256-7314
동서코아,그 밖의 대규모점포,,185656.844322398,423918.131295682,2025-12-15 16:15:28,I,1,정상영업,2018-04-05 10:58:20,,1993-04-03,3382.93,425-020,경기도 안산시단원구 고잔동 541번지 1호,2000393000007500009,3930000,경기도 안산시 단원구 중앙대로 921 (고잔동),,,01,영업/정상,대규모점포,,,031-484-6000
신미주상가,그 밖의 대규모점포,,199760.784668654,421464.63957104,2026-03-11 01:45:40,I,2,휴업처리,2007-06-23 14:09:49,,1993-03-31,1793.8,,경기도 수원시장안구 정자동 29번지 1호,1993374001107500002,3740000,경기도 수원시 장안구 수성로275번길 133 (정자동),,,02,휴업,,,,031-255-9001
새한주택상가시장,그 밖의 대규모점포,,239041.369922427,347639.360353286,2026-05-06 22:48:29,I,4,직권취소,2014-02-27 18:19:29,2005-03-03,1993-03-30,0,,충청북도 청주시 흥덕구 가경동 1189번지,2000436000907500015,5710000,"충청북도 청주시 흥덕구 가경로 158 (가경동, 형석1차아파트)",,,04,취소/말소/만료/정지/중지,대규모점포,,,043-231-0011
사단법인삼성타워프라자,그 밖의 대규모점포,,330786.410723326,150526.9883686,2026-05-04 22:00:46,I,1,정상영업,2010-08-09 13:26:28,,1993-03-25,,,경상남도 통영시 정량동 1158번지 35호,2000533000007500005,5330000,경상남도 통영시 통영해안로 398 (정량동),,,01,영업/정상,,,,055-7644-1744
새수원리빙타운,그 밖의 대규모점포,,197816.821137049,419948.630574527,2026-03-11 01:45:40,I,2,휴업처리,2007-06-23 14:09:49,,1993-03-16,2564,,경기도 수원시권선구 구운동 463호,1993374001107500001,3740000,경기도 수원시 권선구 수성로 18 (구운동),,,02,휴업,,,,
동성올림픽타운,그 밖의 대규모점포,,352674.65906455,192733.124488156,2026-04-30 22:00:14,I,1,정상영업,2009-05-15 15:31:23,,1993-03-15,0,641-845,경상남도 창원시 중앙동 97번지 2호,1993527002207500002,5670000,경상남도 창원시 성산구 중앙대로 77 (중앙동),,,01,영업/정상,,,,055-268-5605
황금프라자,그 밖의 대규모점포,,,,2026-07-01 12:27:45,I,1,정상영업,2007-07-21 11:08:49,,1993-03-04,,,전남광주통합특별시 순천시 남내동 55-1호,2000482000007500015,5790000,,,,01,영업/정상,,,,061-759-7010
패션마트104,그 밖의 대규모점포,,,,2026-05-03 22:32:20,I,2,휴업처리,2007-06-30 10:25:41,,1993-03-04,,,대전광역시 동구 원동 62번지 4   호,1993364005807500003,3640000,,,,02,휴업,,,,042-255-7711
월성청구시장,그 밖의 대규모점포,,,,2025-12-15 16:15:28,I,1,정상영업,2007-07-14 12:20:22,,1993-02-19,,,대구광역시 달서구 월성동 89번지 3   호,2000347000007500016,3470000,,,,01,영업/정상,,,,053-633-5131
21센츄리시티상가,그 밖의 대규모점포,2005-06-02,391411.179584558,184052.403123326,2026-05-06 22:35:18,I,3,폐업처리,2020-08-14 15:27:18,,1993-02-17,4102,,부산광역시 남구 대연동 55번지 1호,1993331001607500009,3310000,부산광역시 남구 수영로 312 (대연동),,,03,폐업,준대규모점포,,,051-610-1234
한마음상가 시장,그 밖의 대규모점포,,,,2025-12-15 16:15:28,I,1,정상영업,2007-07-14 13:41:39,,1993-02-12,,,경상남도 양산시 신기동 436-2호,2000538001007500005,5380000,,,,01,영업/정상,,,,
사파동성종합상가,그 밖의 대규모점포,,355105.928564878,192476.072037181,2026-04-30 22:00:14,I,1,정상영업,2023-04-25 15:45:55,,1993-02-08,0,,경상남도 창원시 사파동 93호,1993527002207500001,5670000,,,,01,영업/정상,대규모점포,,,055-261-4439
월드코아,시장,2009-06-19,185596.157132447,423922.206261155,2025-12-15 16:15:28,I,3,폐업처리,2010-01-06 15:44:55,,1993-01-29,4893.84,,경기도 안산시단원구 고잔동 541번지 4   호,2000393000007500006,3930000,경기도 안산시 단원구 중앙대로 915 (고잔동),,,03,폐업,,,,
청도훼미리코아,그 밖의 대규모점포,,,,2026-05-02 22:04:32,I,1,정상영업,2013-04-25 17:09:07,,1993-01-28,,,경기도 파주시 문산읍 문산리 17-25호,2000406001307500002,4060000,,,,01,영업/정상,,,,031-953-3860
내외덕산상가,그 밖의 대규모점포,2014-04-28,,,2025-12-15 16:15:28,I,3,폐업처리,2014-04-29 12:04:15,,1993-01-19,1164.3,,경상남도 김해시 외동 호 내외지구 덕산아파트 내,1993535001407500008,5350000,,,,03,폐업,,,,
동국종합상가,그 밖의 대규모점포,,187718.801171032,444056.996752313,2026-05-01 22:42:20,I,1,정상영업,2017-11-09 15:42:41,,1993-01-15,1582,152-080,서울특별시 구로구 고척동 83번지 6호,2007316011707500016,3160000,서울특별시 구로구 중앙로3길 49 (고척동),,,01,영업/정상,대규모점포,,,02-2617-7914
동국종합상가,그 밖의 대규모점포,,187718.801171032,444056.996752313,2026-05-01 22:42:19,I,2,휴업처리,2007-07-07 09:54:17,,1993-01-07,,,서울특별시 구로구 고척동 83번지 6호,1993316007107500015,3160000,서울특별시 구로구 중앙로3길 49 (고척동),,,02,휴업,,,,02-617-7914
북원상가시장,시장,,283930.336891135,431834.400099925,2025-12-15 16:15:28,I,1,정상영업,2021-03-12 16:40:34,,1992-12-31,2075.47,,강원특별자치도 원주시 태장동 1379-23호,1991419007907500001,4191000,강원특별자치도 원주시 북원상가길 13 (태장동),,,01,영업/정상,대규모점포,,,033-731-3491
백운쇼핑센터,쇼핑센터,,266789.909341529,160414.248689205,2026-07-14 11:38:15,I,1,정상영업,2015-02-09 17:38:17,,1992-12-30,8377.02,545-876,전남광주통합특별시 광양시 금호동 716번지,1992484001207500001,5800000,전남광주통합특별시 광양시 폭포사랑길 99 (금호동),,,01,영업/정상,대규모점포,,,061-790-1585
광남백조아파트상가,그 밖의 대규모점포,,,,2025-12-15 16:15:28,I,1,정상영업,2007-07-07 10:38:36,,1992-12-28,,,경상남도 김해시 구산동 호 구획정리지구 20블럭,1992535001407500007,5350000,,,,01,영업/정상,,,,055-334-6501
수서종합상가,그 밖의 대규모점포,2021-05-13,208789.626026494,443219.258555294,2025-12-15 16:15:28,I,3,폐업처리,2021-05-13 14:52:55,,1992-12-26,0,,서울특별시 강남구 수서동 707호,2001322008307500018,3220000,"서울특별시 강남구 광평로51길 49 (수서동, 주공아파트)",,,03,폐업,대규모점포,,,02-459-1567
(주)뉴코아동수원아울렛,복합쇼핑몰,2021-08-18,202973.410322233,418262.114463247,2026-03-11 01:45:41,I,3,폐업처리,2024-02-23 11:28:21,,1992-12-17,0,,경기도 수원시팔달구 인계동 1114번지 1호,2004374001107500005,3740000,경기도 수원시 팔달구 인계로 154 (인계동),,,03,폐업,대규모점포,,,031-231-6500
뉴코아 동수원아울렛,쇼핑센터,,202973.410322233,418262.114463247,2026-05-12 21:48:10,U,1,정상영업,2026-05-11 17:27:11,,1992-12-17,28601.46,,경기도 수원시팔달구 인계동 1114번지 1   호,1992374001107500002,3740000,경기도 수원시 팔달구 인계로 154 (인계동),,,01,영업/정상,대규모점포,,,
한신코아백화점광명점,백화점,2009-09-01,189007.530744206,441119.378939224,2025-12-15 16:15:28,I,3,폐업처리,2009-09-01 16:02:27,,1992-12-15,61,,경기도 광명시 철산동 367호,1992390000007500026,3900000,,,,03,폐업,,,,02-2619-9102
한양프라자서현점,쇼핑센터,,211043.779309531,431230.68949626,2025-12-15 16:15:28,I,2,휴업처리,2007-07-07 11:25:20,,1992-12-10,,,경기도 성남시분당구 서현동 89호,2000378000007540057,3780000,경기도 성남시 분당구 중앙공원로31번길 42 (서현동),,,02,휴업,,,,034-2707-7634
성원3차종합상가,그 밖의 대규모점포,,355345.158946828,191953.984254067,2026-04-30 22:00:14,I,1,정상영업,2022-07-28 08:24:34,,1992-12-09,5720,642-804,경상남도 창원시 성산구 대방동 355번지,1992527002207500004,5670000,경상남도 창원시 성산구 대암로 80 (대방동),,,01,영업/정상,대규모점포,,,055-282-8142
대우상가,그 밖의 대규모점포,,247539.059214258,161225.415681677,2026-07-14 11:38:15,I,1,정상영업,2007-07-21 11:08:49,,1992-12-08,,,전남광주통합특별시 순천시 연향동 1345호,2000482000007500014,5790000,전남광주통합특별시 순천시 연향2로 55 (연향동),,,01,영업/정상,,,,061-721-1491
뉴코아순천점,백화점,,247410.736823692,163957.828214531,2026-07-14 11:38:15,I,1,정상영업,2019-08-26 19:33:43,,1992-12-07,6700,,전남광주통합특별시 순천시 조례동 766번지 시대아파트,2000482000007500013,5790000,"전남광주통합특별시 순천시 비봉2길 22 (조례동, 시대아파트)",57929,,01,영업/정상,대규모점포,,,061-720-5000
동남2차 종합상가,그 밖의 대규모점포,,202973.410322233,418262.114463247,2026-03-11 01:45:40,I,2,휴업처리,2007-06-23 14:09:49,,1992-11-26,3020,,경기도 수원시팔달구 인계동 1114번지 1호,1992374001107500003,3740000,경기도 수원시 팔달구 인계로 154 (인계동),,,02,휴업,,,,
부평경남종합상가,그 밖의 대규모점포,,174309.872152391,444589.076180356,2026-05-06 22:48:29,I,1,정상영업,2012-07-04 10:50:22,,1992-11-19,5133,,인천광역시 부평구 산곡동 142번지 3호,1992354004707500002,3540000,,,,01,영업/정상,대규모점포,,,032-526-1716
현대백화점 신촌점,백화점,,194265.067639805,450433.691021245,2026-05-06 22:37:15,I,1,정상영업,2024-05-23 10:21:58,,1992-11-19,35471.76,120-834,서울특별시 서대문구 창천동 30번지 33호,1992312010707500001,3120000,서울특별시 서대문구 신촌로 83 (창천동),,,01,영업/정상,대규모점포,,,02-3145-3154
대우유토피아상가,그 밖의 대규모점포,,372991.9686119,195432.347859223,2025-12-15 16:15:28,I,1,정상영업,2007-07-07 10:38:36,,1992-11-17,,,경상남도 김해시 어방동 499호,1992535001407500006,5350000,,,,01,영업/정상,,,,055-335-5013
구의현대종합상가,그 밖의 대규모점포,,208403.746065593,448490.239179557,2025-12-15 16:15:28,I,1,정상영업,2021-08-19 10:13:30,,1992-11-05,1707.82,,서울특별시 광진구 구의동 611호,2001304007307500013,3040000,서울특별시 광진구 광나루로56길 34 (구의동),,,01,영업/정상,대규모점포,,,02-454-7529
로얄프라자,그 밖의 대규모점포,,,,2026-07-01 12:27:45,I,1,정상영업,2007-07-21 11:08:49,,1992-11-04,,,전남광주통합특별시 순천시 장천동 39-3호,2000482000007500012,5790000,,,,01,영업/정상,,,,061-743-7000
(주)세이브존아이앤씨대전점,복합쇼핑몰,,235601.966296401,317086.727396939,2026-05-07 22:30:15,I,1,정상영업,2024-05-16 20:40:26,,1992-10-30,11821,302-712,대전광역시 서구 둔산3동 1809번지 세이브존,1992366001507500029,3660000,대전광역시 서구 둔산로 201 (둔산동),,,01,영업/정상,대규모점포,,,042-480-1117
한양프라자 안산점,그 밖의 대규모점포,,183607.833754358,426385.004910461,2025-12-15 16:15:28,I,1,정상영업,2018-01-02 10:30:52,,1992-10-21,10995,,경기도 안산시 단원구 선부동 1086번지 롯데마트,1992393017607500001,3930000,"경기도 안산시 단원구 달미로 64, 롯데마트 (선부동)",15235,,01,영업/정상,대규모점포,,,031-0410-0033
대동상가,그 밖의 대규모점포,2015-12-22,175574.369283876,445603.688666197,2026-05-06 22:48:29,I,3,폐업처리,2015-12-22 10:32:37,,1992-10-15,1951,,인천광역시 부평구 갈산동 361번지 4호,1992354004707500001,3540000,"인천광역시 부평구 주부토로 193 (갈산동, 대동1차아파트)",21332,,03,폐업,대규모점포,,,032-868-8381
(주)화인주택,그 밖의 대규모점포,,341598.060051788,187442.891934775,2026-04-30 22:00:14,I,1,정상영업,2007-06-30 10:28:07,,1992-09-30,,,경상남도 마산시 월영동 593호,1992528000007500023,5670000,,,,01,영업/정상,,,,055-1221-3160
대동훼미리종합상가,그 밖의 대규모점포,,355532.690138971,191537.615415523,2026-04-30 22:00:14,I,1,정상영업,2009-05-15 15:35:38,,1992-09-29,0,641-804,경상남도 창원시 대방동 358번지,1992527002207500003,5670000,,,,01,영업/정상,,,,055-266-3096
송남시장,그 밖의 대규모점포,,,,2025-12-15 16:15:28,I,1,정상영업,2007-07-14 12:20:22,,1992-09-26,,,대구광역시 달서구 송현동 1995번지 3   호,2000347000007500015,3470000,,,,01,영업/정상,,,,053-655-3248
럭키종합상가,대형마트,2007-10-12,,,2025-12-15 16:15:28,I,3,폐업처리,2007-10-12 15:35:25,,1992-09-22,468,,경기도 구리시 수택동 707-1호,2000398001707500005,3980000,,,,03,폐업,,,,031-562-1010
상봉한주타운상가,그 밖의 대규모점포,,297481.979945963,189052.245134973,2025-12-15 16:15:28,I,1,정상영업,2011-11-09 15:18:00,,1992-09-09,103.78,,경상남도 진주시 상봉동 1096호,1992531000007500009,5310000,경상남도 진주시 진주대로1208번길 20 (상봉동),,,01,영업/정상,준대규모점포,,,059-1762-0150
구덕대림상가,그 밖의 대규모점포,,381506.552252139,183534.872535211,2025-12-15 16:15:28,I,1,정상영업,2011-11-14 15:32:17,,1992-09-01,326.5,,부산광역시 사상구 학장동 167번지 3호,2000339001507500009,3390000,부산광역시 사상구 학감대로49번길 56 (학장동),,,01,영업/정상,대규모점포,,,051-312-7960
관악현대상가,그 밖의 대규모점포,,196257.833652996,443341.379446435,2025-12-15 16:15:28,I,1,정상영업,2014-09-24 08:54:47,,1992-08-26,4600.89,,서울특별시 관악구 봉천동 1000호,1992320008007500020,3200000,서울특별시 관악구 관악로40길 47 (봉천동),,,01,영업/정상,대규모점포,,,02-882-0924
가락타운상가시장,시장,,378592.907593612,179817.73255814,2026-05-07 22:31:32,I,1,정상영업,2013-12-11 11:23:21,,1992-08-24,0,,부산광역시 사하구 하단동 1176호,2000334001707500011,3340000,부산광역시 사하구 하신중앙로 265 (하단동),,,01,영업/정상,대규모점포,,,051-0206-9865
대방덕산상가,그 밖의 대규모점포,,355319.149222522,191727.210958567,2026-04-30 22:00:14,I,1,정상영업,2009-05-15 15:36:47,,1992-08-08,0,641-804,경상남도 창원시 대방동 356번지,1992527002207500002,5670000,,,,01,영업/정상,,,,055-284-8262
대백동점,그 밖의 대규모점포,2007-07-14,,,2026-05-03 22:40:51,I,3,폐업처리,2015-09-18 16:34:48,,1992-07-29,0,,대구광역시 수성구 범어동 559번지 5   호,1992346006807500016,3460000,,,,03,폐업,대규모점포,,,
대백가구본점,대형마트,2007-07-14,,,2026-05-03 22:40:51,I,3,폐업처리,2015-09-18 16:16:36,,1992-07-29,0,,대구광역시 수성구 범어동 559-5호,1992346006507500025,3460000,,,,03,폐업,대규모점포,,,053-756-1234
대덕종합시장,그 밖의 대규모점포,,,,2025-12-15 16:15:28,I,1,정상영업,2007-07-07 09:18:01,,1992-07-22,,,대전광역시 대덕구 오정동 495번지 6   호,1992368000007500005,3680000,,,,01,영업/정상,,,,042-623-8091
둔산전자타운,그 밖의 대규모점포,,235283.767089509,315550.420043226,2026-05-07 22:30:15,I,1,정상영업,2024-05-16 20:24:47,,1992-07-04,7252,302-857,대전광역시 서구 탄방동 80번지 1호,1992366001507500020,3660000,대전광역시 서구 도산로403번길 21 (탄방동),,,01,영업/정상,대규모점포,,,042-534-4225
(주)영풍문고,전문점,,198351.818737482,451921.60302604,2026-05-06 22:48:27,I,1,정상영업,2022-04-25 14:14:33,,1992-07-04,6906.53,110-752,서울특별시 종로구 서린동 33번지 영풍빌딩,2004300012907500001,3000000,서울특별시 종로구 청계천로 41 (서린동),,,01,영업/정상,대규모점포,,,02-519-2800
분당 현대시장,시장,,211462.754186616,430856.274957711,2025-12-15 16:15:28,I,1,정상영업,2009-07-17 10:50:54,,1992-07-03,4627.98,463-050,경기도 성남시 분당구 서현동 94번지,2009378019307500005,3780000,경기도 성남시 분당구 중앙공원로40번길 8 (서현동),,,01,영업/정상,,,,031-701-1240
현대시장,그 밖의 대규모점포,,211462.754186616,430856.274957711,2025-12-15 16:15:28,I,1,정상영업,2007-07-07 11:25:20,,1992-07-03,,,경기도 성남시분당구 서현동 94호,2000378000007510001,3780000,경기도 성남시 분당구 중앙공원로40번길 8 (서현동),,,01,영업/정상,,,,034-2701-1240
태영프라자,그 밖의 대규모점포,,179238.725261115,462941.223697841,2025-12-15 16:15:28,I,1,정상영업,2017-04-06 14:45:18,,1992-07-01,2634.86,411-848,경기도 고양시 일산서구 주엽동 73번지,2000394000007500005,3940000,경기도 고양시 일산서구 중앙로 1388 (주엽동),,,01,영업/정상,대규모점포,,,031-915-4147
우신상가,그 밖의 대규모점포,,381376.053716185,189006.221241803,2025-12-15 16:15:28,I,1,정상영업,2016-01-25 13:58:24,,1992-06-18,4137.34,,부산광역시 사상구 모라동 1362호,2000339001507500008,3390000,부산광역시 사상구 백양대로 884 (모라동),,,01,영업/정상,대규모점포,,,051-312-7400
문산시장,그 밖의 대규모점포,,180721.240886153,483823.915592572,2026-05-02 22:04:32,I,1,정상영업,2013-04-25 17:03:09,,1992-06-17,285.75,,경기도 파주시 문산읍 문산리 10-92호,2000406001307500001,4060000,경기도 파주시 문산읍 문산로26번길 14,,,01,영업/정상,준대규모점포,,,031-952-2438
동부종합상가,그 밖의 대규모점포,,,,2025-12-15 16:15:28,I,1,정상영업,2007-07-07 09:18:01,,1992-06-02,,,대전광역시 대덕구 송촌동 299번지 4   호,1992368000007500004,3680000,,,,01,영업/정상,,,,042-632-7572
화북종합시장,그 밖의 대규모점포,,159592.619274843,2994.30406001583,2025-12-15 16:15:28,I,1,정상영업,2007-06-30 13:46:00,,1992-05-20,,,제주특별자치도 제주시 화북일동 1947호,1992549000007500003,6510000,제주특별자치도 제주시 청풍길 14 (화북일동),,,01,영업/정상,,,,064-756-1052
삼성프라자,그 밖의 대규모점포,,,,2025-12-15 16:15:28,I,1,정상영업,2007-06-30 13:46:00,,1992-05-14,,,제주특별자치도 제주시 연동 2628호,1992549000007500002,6510000,,,,01,영업/정상,,,,064-746-7664
골든힐시장,그 밖의 대규모점포,,,,2025-12-15 16:15:28,I,1,정상영업,2007-06-30 13:48:41,,1992-05-11,,,경기도 광명시 하안동 53번지 1   호,1992390000007500371,3900000,,,,01,영업/정상,,,,02-8091-1114
주양쇼핑,그 밖의 대규모점포,,213493.90717524,450038.847319845,2026-05-06 22:47:37,I,1,정상영업,2013-12-23 15:10:48,,1992-05-02,9484.37,134-825,서울특별시 강동구 명일동 48번지,2013324018907500003,3240000,서울특별시 강동구  고덕로62길  55 (명일동),,,01,영업/정상,대규모점포,,,
안산종합유통단지,그 밖의 대규모점포,,181034.70168025,424985.683162494,2025-12-15 16:15:28,I,1,정상영업,2015-06-17 08:04:01,,1992-04-30,18121.96,425-850,경기도 안산시 단원구 원곡동 994번지,2000393000007500004,3930000,경기도 안산시 단원구 산단로 348 (원곡동),,,01,영업/정상,대규모점포,,,031-0494-5787
신산시장,시장,,157365.481432509,1163.5170207328,2025-12-15 16:15:28,I,1,정상영업,2010-07-29 10:27:36,,1992-04-24,1429.74,,제주특별자치도 제주시 일도이동 377번지 11  호,1992549000007500001,6510000,제주특별자치도 제주시 고마로17길 11 (일도이동),,,01,영업/정상,,,,064-757-0153
대자연시장,시장,2007-07-14,346561.761435991,261625.052067447,2026-05-03 22:40:51,I,3,폐업처리,2015-09-18 17:05:01,,1992-03-25,0,,대구광역시 수성구 황금동 837호,1992346005507500015,3460000,대구광역시 수성구 동대구로29길 24 (황금동),,,03,폐업,대규모점포,,,053-0556-7796
안산제일종합시장,그 밖의 대규모점포,,182528.570604292,426722.925669933,2025-12-15 16:15:28,I,1,정상영업,2018-01-22 17:17:55,,1992-03-12,8490.34,,경기도 안산시단원구 선부동 1028호,2000393000007500003,3930000,경기도 안산시 단원구 선이로 14 (선부동),,,01,영업/정상,대규모점포,,,031-401-2240
기린시장,그 밖의 대규모점포,,,,2025-12-15 16:15:28,I,1,정상영업,2007-06-30 17:13:15,,1992-03-03,,,전북특별자치도 전주시덕진구 인후동1가 호 782,1992600000007500000,4641000,,,,01,영업/정상,,,,063-243-2611
화인상가,그 밖의 대규모점포,,373828.422807137,196390.702531138,2025-12-15 16:15:28,I,1,정상영업,2007-07-07 10:38:36,,1992-02-25,,,경상남도 김해시 삼방동 692호,1992535001407500005,5350000,,,,01,영업/정상,,,,
성락시장,그 밖의 대규모점포,,,,2025-12-15 16:15:28,I,1,정상영업,2007-06-30 17:13:15,,1992-02-21,,,전북특별자치도 전주시덕진구 인후동2가 호 1575-1,1992500000007500000,4641000,,,,01,영업/정상,,,,063-246-2543
신성쇼핑센타,쇼핑센터,,171822.184162467,439874.368860222,2026-03-26 22:48:21,I,1,정상영업,2007-06-30 12:25:07,,1992-02-21,,,인천광역시 남구 주안동 169호,2000351001307500006,3510500,인천광역시 남구 주안중로 25 (주안동),,,01,영업/정상,,,,032-420-0440
로얄쇼핑,그 밖의 대규모점포,,,,2025-12-15 16:15:28,I,1,정상영업,2007-06-30 13:46:00,,1992-02-18,,,제주특별자치도 제주시 연동 272번지 33  호,1992549000007500004,6510000,,,,01,영업/정상,,,,064-747-2095
토월복합상가,그 밖의 대규모점포,,,,2026-04-30 22:00:14,I,1,정상영업,2010-02-05 11:04:06,,1992-01-14,7366,,경상남도 창원시 신월동 68-1호,1992527002207500001,5670000,,,,01,영업/정상,,,,055-284-3720
청실프라자,그 밖의 대규모점포,,173946.323388675,440801.417109007,2026-03-26 22:49:55,I,1,정상영업,2013-12-30 15:40:18,,1992-01-08,3.02,,인천광역시 남동구 간석동 229번지 1   호,2000353000007500014,3530000,인천광역시 남동구 동암남로26번길 39 (간석동),,,01,영업/정상,준대규모점포,,,032-428-2828
용봉시장,그 밖의 대규모점포,,190902.562459741,186849.509100461,2026-07-14 11:38:15,I,1,정상영업,2013-12-23 09:45:55,,1992-01-04,0,,전남광주통합특별시 북구 용봉동 1225번지 1   호,1992362001207500009,5820000,전남광주통합특별시 북구 용주로30번길 16 (용봉동),,,01,영업/정상,준대규모점포,,,062-0524-4742
서울상록회관,대형마트,2010-02-10,203746.537598441,444628.07813453,2025-12-15 16:15:28,I,3,폐업처리,2010-02-10 17:46:05,,1991-12-30,0,,서울특별시 강남구 역삼동 701호,2001322008307500033,3220000,,,,03,폐업,,,,02-560-2637
현대아파트상가,그 밖의 대규모점포,,238096.203045118,319832.156553638,2025-12-15 16:15:28,I,1,정상영업,2011-09-16 14:03:15,,1991-12-23,,,대전광역시 대덕구 읍내동 54호,1990368000007500003,3680000,대전광역시 대덕구 계족로761번길 24 (읍내동),,,01,영업/정상,,,,042-626-4898
원종중앙시장,그 밖의 대규모점포,,182454.956756406,446993.732086423,2025-12-15 16:15:28,I,4,직권취소,2014-02-11 14:42:26,,1991-12-18,878.7,,경기도 부천시 오정구원종동 209번지 5호,1991386000007500016,3860000,경기도 부천시 오정구 성오로124번길 47 (원종동),,,04,취소/말소/만료/정지/중지,대규모점포,,,032-672-1991
용흥시장,그 밖의 대규모점포,,411963.592737806,285048.296853377,2026-05-07 22:37:42,I,1,정상영업,2007-06-30 12:09:18,,1991-12-16,,,경상북도 포항시북구 용흥동 366호,2000502007107500035,5020000,,,,01,영업/정상,,,,
죽전시장,그 밖의 대규모점포,,,,2025-12-15 16:15:28,I,1,정상영업,2007-07-14 12:20:22,,1991-12-16,,,대구광역시 달서구 죽전동 410번지 1   호,2000347000007500014,3470000,,,,01,영업/정상,,,,053-558-1998
신수원종합상가,그 밖의 대규모점포,,197816.821137049,419948.630574527,2026-03-11 01:45:40,I,2,휴업처리,2007-06-23 14:09:49,,1991-12-07,3972,,경기도 수원시권선구 구운동 463호,1991374001107500002,3740000,경기도 수원시 권선구 수성로 18 (구운동),,,02,휴업,,,,
이천일아울렛 수원점,구분없음,2022-04-01,201804.810108336,419164.107425875,2026-03-11 01:45:41,I,3,폐업처리,2022-04-05 15:23:58,,1991-12-03,8235.79,442-070,경기도 수원시 팔달구 인계동 754번지 1호,2004374001107500003,3740000,경기도 수원시 팔달구 중부대로 34-15 (인계동),,,03,폐업,대규모점포,,,031-227-2001
뉴코아,백화점,,201804.810108336,419164.107425875,2026-03-11 01:45:40,I,4,직권취소,2008-04-04 11:19:12,,1991-12-03,0,,경기도 수원시팔달구 인계동 754번지 1호,1991374001107500007,3740000,경기도 수원시 팔달구 중부대로34번길 15 (인계동),,,04,취소/말소/만료/정지/중지,,,,031-230-5505
뉴서울프라자,그 밖의 대규모점포,,179290.502288104,462727.239411742,2025-12-15 16:15:28,I,1,정상영업,2017-04-06 14:39:16,,1991-11-18,7334.79,,경기도 고양시일산서구 주엽동 81호,2000394000007500006,3940000,,,,01,영업/정상,대규모점포,,,031-914-0300
뉴코아 한신상가,그 밖의 대규모점포,,,,2026-03-11 01:45:40,I,2,휴업처리,2007-06-23 14:09:49,,1991-11-12,3137,,경기도 수원시팔달구 인계동 319번지 7호,1991374001107500004,3740000,,,,02,휴업,,,,
한일아파트종합상가,그 밖의 대규모점포,,,,2025-12-15 16:15:28,I,1,정상영업,2007-07-07 10:38:36,,1991-10-28,,,경상남도 김해시 삼방동 691번지 2   호,1991535001407500004,5350000,,,,01,영업/정상,,,,055-334-8711
한덕한신타워아파트상가,그 밖의 대규모점포,,,,2025-12-15 16:15:28,I,1,정상영업,2007-07-07 10:38:36,,1991-10-28,,,경상남도 창원시 외동 916호,1991535001407500003,5350000,,,,01,영업/정상,,,,055-337-8682
금남지하상가,그 밖의 대규모점포,,192491.399296278,183217.497229694,2026-07-14 11:38:15,I,1,정상영업,2014-01-04 13:29:19,,1991-10-21,0,,전남광주통합특별시 동구 금남로1가 23호,2000359001107500007,5805000,,,,01,영업/정상,대규모점포,,,062-227-1535
협성상가시장,그 밖의 대규모점포,,,,2025-12-15 16:15:28,I,1,정상영업,2007-07-14 13:41:39,,1991-10-19,,,경상남도 양산시 교동 산85호,2000538001007500004,5380000,,,,01,영업/정상,,,,
현대종합상가,그 밖의 대규모점포,,244914.383657786,347624.978281364,2026-05-06 22:48:28,I,1,정상영업,2015-10-21 20:24:26,,1991-10-17,0,,충청북도 청주시 상당구 금천동 199-1번지,2000436000907500014,5710000,충청북도 청주시 상당구 중고개로337번길 23 (금천동),,,01,영업/정상,대규모점포,,,043-221-0980
봉명상가,그 밖의 대규모점포,,241530.785906701,349080.726358766,2026-05-06 22:48:28,I,1,정상영업,2014-04-02 15:58:09,,1991-10-17,0,,충청북도 청주시 흥덕구 봉명동 826번지,2000436000907500013,5710000,충청북도 청주시 흥덕구 천석로 73 (봉명동),,,01,영업/정상,대규모점포,,,043-279-4228
둥지시장,그 밖의 대규모점포,2006-10-31,235116.92092666,317627.318173984,2026-05-07 22:30:15,I,3,폐업처리,2015-11-20 11:17:30,,1991-10-15,0,,대전광역시 서구 둔산동 912호,1991366001507500019,3660000,대전광역시 서구 청사로 254 (둔산동),,,03,폐업,대규모점포,,,042-486-7776
우산시장,시장,2003-05-16,,,2025-12-15 16:15:28,I,3,폐업처리,2007-09-20 11:28:34,,1991-09-30,1305.07,,강원특별자치도 원주시 우산동 234-2호,1991419007907500002,4191000,,,,03,폐업,,,,033-742-5953
황실코아,그 밖의 대규모점포,,233293.025857215,317853.631178735,2026-05-07 22:30:15,I,1,정상영업,2019-09-03 13:50:17,,1991-09-28,4469,,대전광역시 서구 월평동 302호,1991366001507500017,3660000,대전광역시 서구 청사로 65 (월평동),,,01,영업/정상,대규모점포,,,042-489-1540
다모아시장,그 밖의 대규모점포,2009-12-30,232848.804261447,317964.496231091,2026-05-07 22:30:15,I,3,폐업처리,2015-11-20 11:23:08,,1991-09-28,0,,대전광역시 서구 월평동 311호,1991366001507500016,3660000,대전광역시 서구 월평동로 83 (월평동),,,03,폐업,대규모점포,,,042-489-4933
둔산금성백조프라자,쇼핑센터,2006-11-27,233630.630217326,317795.927129498,2026-05-07 22:30:15,I,3,폐업처리,2015-11-20 11:28:29,,1991-09-20,0,302-281,대전광역시 서구 월평동 266번지 1호,1991366001507500015,3660000,대전광역시 서구  청사서로  29 (월평동),,,03,폐업,대규모점포,,,042-529-1444
드림랜드프라자,그 밖의 대규모점포,,175782.429653535,438650.694768545,2026-03-26 22:49:55,I,4,직권취소,2017-07-10 20:48:23,2007-05-03,1991-09-13,611,,인천광역시 남동구 구월동 1316번지 8   호,2000353000007500013,3530000,인천광역시 남동구 복개서로35번길 27-17 (구월동),,,04,취소/말소/만료/정지/중지,준대규모점포,,,032-471-1681
동대문종합시장,그 밖의 대규모점포,,200717.7490316,452011.865092338,2026-05-06 22:48:24,U,1,정상영업,2026-01-06 13:54:03,,1991-07-31,55081.94,110-784,서울특별시 종로구 종로6가 289번지 3 호,1991300007607500001,3000000,서울특별시 종로구 종로 266 (종로6가),,,01,영업/정상,대규모점포,,,02-2262-0209
한양프라자 반월점,쇼핑센터,,187595.980278835,421479.053985183,2025-12-15 16:15:28,I,1,정상영업,2018-04-09 10:03:29,,1991-07-29,7837,,경기도 안산시 상록구 본오동 880번지 롯데마트,1991393017607500001,3930000,"경기도 안산시 상록구 반석로 20, 롯데마트 (본오동)",15540,,01,영업/정상,대규모점포,,,031-0407-2509
동현종합상가,대형마트,2007-10-12,211883.553917781,454545.440884413,2025-12-15 16:15:28,I,3,폐업처리,2007-10-12 15:36:23,,1991-07-16,788.26,,경기도 구리시 교문동 766호,2000398001707500004,3980000,,,,03,폐업,,,,031-557-3845
대아지하상가,그 밖의 대규모점포,,,,2026-05-06 22:48:28,I,1,정상영업,2008-03-27 16:09:13,,1991-07-06,5345.26,,인천광역시 부평구 부평동 224번지 1호,1991354004707500002,3540000,,,,01,영업/정상,,,,032-513-4911
월드프라자,그 밖의 대규모점포,,187970.805119162,421993.766657779,2025-12-15 16:15:28,I,1,정상영업,2019-01-09 10:00:49,,1991-06-17,4354.31,,경기도 안산시 상록구 본오동 872번지,2000393000007500002,3930000,경기도 안산시 상록구 본오로 60 (본오동),15561,,01,영업/정상,대규모점포,,,031-407-0951
도남시장,시장,,156143.670161049,104.871920474574,2025-12-15 16:15:28,I,1,정상영업,2022-10-13 11:02:22,,1991-06-14,3220,,제주특별자치도 제주시 도남동 923번지 13호,1991549000007500002,6510000,제주특별자치도 제주시 신성로 91 (도남동),,,01,영업/정상,대규모점포,,,064-757-8805
중앙하이츠시장,그 밖의 대규모점포,,,,2025-12-15 16:15:28,I,1,정상영업,2007-06-30 13:46:00,,1991-06-13,,,제주특별자치도 제주시 삼도일동 108번지 17  호,1991549000007500001,6510000,,,,01,영업/정상,,,,064-722-0249
대동그린코아상가,그 밖의 대규모점포,,351929.36688523,195209.158068687,2026-04-30 22:00:14,I,1,정상영업,2009-05-15 15:39:10,,1991-06-04,0,641-769,경상남도 창원시 반지동 23번지 대동아파트,1991527002207500001,5670000,,,,01,영업/정상,,,,055-277-0999
구운종합상사,그 밖의 대규모점포,,197816.821137049,419948.630574527,2026-03-11 01:45:40,I,2,휴업처리,2007-06-23 14:09:49,,1991-05-31,2637,,경기도 수원시권선구 구운동 463호,1991374001107500001,3740000,경기도 수원시 권선구 수성로 18 (구운동),,,02,휴업,,,,
둔산종합시장,그 밖의 대규모점포,,235578.300909883,317656.586787264,2026-05-07 22:30:15,I,1,정상영업,2007-06-23 10:15:16,,1991-05-24,,,대전광역시 서구 둔산동 909호,1991366001507500014,3660000,대전광역시 서구 청사로 282 (둔산동),,,01,영업/정상,,,,042-484-1583
롯데백화점 영등포점,백화점,,191741.345847708,445970.307641467,2026-05-11 22:40:05,U,1,정상영업,2026-04-15 09:38:36,,1991-05-01,53086.27,,서울특별시 영등포구 영등포동 618-496,1991318011707500001,3180000,서울특별시 영등포구 경인로 846 (영등포동),07306,,01,영업/정상,대규모점포,,,02-2670-8832
범서쇼핑,쇼핑센터,,193035.279146132,457365.911737494,2026-05-06 22:48:29,I,1,정상영업,2014-10-08 11:26:16,,1991-04-18,6172.36,,서울특별시 은평구 불광동 308번지 1   호,2001311008807500016,3110000,서울특별시 은평구 통일로 842 (불광동),,,01,영업/정상,대규모점포,,,02-385-0224
크로바시장,그 밖의 대규모점포,2006-10-30,235181.384287654,316915.300561674,2026-05-07 22:30:15,I,3,폐업처리,2016-05-10 09:16:00,,1991-04-17,0,,대전광역시 서구 둔산동 1509호,1991366001507500011,3660000,대전광역시 서구 둔산로 155 (둔산동),,,03,폐업,대규모점포,,,042-483-2018
오치상설시장,그 밖의 대규모점포,,191541.330248277,187701.383895867,2026-07-14 11:38:15,I,1,정상영업,2007-06-16 11:13:33,,1991-04-08,,,전남광주통합특별시 북구 오치동 940번지 1호,1991362001207500008,5820000,전남광주통합특별시 북구 오산정길 15 (오치동),,,01,영업/정상,,,,062-0261-9768
한남시티프라자,쇼핑센터,2008-10-20,175676.403086718,443569.387717134,2026-05-06 22:48:28,I,3,폐업처리,2008-10-20 16:06:07,,1991-03-28,4538,,인천광역시 부평구 부평동 192번지 6호,1991354004707500001,3540000,,,,03,폐업,,,,032-518-1961
도영쇼핑센타,그 밖의 대규모점포,,283499.859175004,426218.270035789,2025-12-15 16:15:28,I,1,정상영업,2011-12-22 14:57:20,,1991-03-26,8120.83,,강원특별자치도 원주시 명륜동 408호,1991419007907500003,4191000,강원특별자치도 원주시 예술관길 10 (명륜동),,,01,영업/정상,준대규모점포,,,033-762-4030
중부농수산물(주),그 밖의 대규모점포,,,,2025-12-15 16:15:28,I,BBBB,,2007-06-23 14:33:26,,1991-03-20,952.53,,경기도 안양시만안구 안양동 622번지 337호,1991383006207500001,3830000,경기도 안양시 만안구 안양로248번길 23 (안양동),,,01,영업/정상,,,,031-449-3430
유천종합시장,그 밖의 대규모점포,,202451.861745607,421775.346882515,2026-03-11 01:45:40,I,2,휴업처리,2007-06-23 14:09:49,,1991-03-19,2282.29,,경기도 수원시장안구 연무동 21호,1999374001107500002,3740000,경기도 수원시 장안구 창훈로66번길 11-3 (연무동),,,02,휴업,,,,031-256-6017
마리나상가시장,대형마트,,395045.091352133,186841.894363811,2026-05-10 22:54:09,I,1,정상영업,2007-07-07 10:11:47,,1991-03-15,,,부산광역시 해운대구 우동 1388호,1991333001507500001,3330000,부산광역시 해운대구 해운대해변로 73 (우동),,,01,영업/정상,,,,051-0741-7209
흥업백화점,백화점,2015-08-06,243688.99000906,348309.294177297,2026-05-06 22:48:28,I,3,폐업처리,2015-08-10 13:38:27,,1991-03-07,4896.08,,충청북도 청주시 상당구 북문로1가 70-1번지,2000436000907500012,5710000,충청북도 청주시 상당구 성안로 19-2 (북문로1가),,,03,폐업,대규모점포,,,043-258-2233
법동영진로얄시장,그 밖의 대규모점포,,238205.300075992,319458.479101871,2025-12-15 16:15:28,I,1,정상영업,2007-07-07 09:18:01,,1991-02-12,,,대전광역시 대덕구 법동 389호,1990368000007500002,3680000,대전광역시 대덕구 아리랑로 211 (법동),,,01,영업/정상,,,,042-625-4545
금광시장,그 밖의 대규모점포,,214080.168412906,438684.633822257,2025-12-15 16:15:28,I,1,정상영업,2007-07-07 11:25:20,,1991-02-05,,,경기도 성남시중원구 금광동 4622호,2000378000007510016,3780000,경기도 성남시 중원구 산성대로426번길 5 (금광동),,,01,영업/정상,,,,034-2731-1520
갈마그랜드프라자,쇼핑센터,2007-09-28,233062.152342427,315824.64914956,2026-05-07 22:30:15,I,3,폐업처리,2015-11-20 11:13:10,,1991-01-30,0,302-171,대전광역시 서구 갈마동 407번지,1991366001507500021,3660000,대전광역시 서구  신갈마로  102 (갈마동),,,03,폐업,대규모점포,,,042-533-3380
임광종합상가,그 밖의 대규모점포,,203351.415403575,417267.714665067,2026-03-11 01:45:40,I,2,휴업처리,2007-06-23 14:09:49,,1991-01-17,3008,,경기도 수원시영통구 매탄동 1162호,1991374001107500003,3740000,,,,02,휴업,,,,
보라시장,그 밖의 대규모점포,,233792.04,317075.55,2026-05-07 22:30:15,I,1,정상영업,2007-06-23 10:15:16,,1990-12-31,,,대전광역시 서구 둔산동 994호,1990366001507500007,3660000,,,,01,영업/정상,,,,042-482-4494
용당한신아파트상가시장,그 밖의 대규모점포,,391103.422349355,182446.170472991,2026-05-06 22:35:18,I,1,정상영업,2013-12-27 14:30:04,,1990-12-29,358,,부산광역시 남구 용당동 산42번지 8호,1990331001607500008,3310000,부산광역시 남구 유엔평화로 150 (용당동),,,01,영업/정상,준대규모점포,,,051-624-2232
중앙로1번가지하상가,쇼핑센터,,,,2026-05-03 22:38:32,I,1,정상영업,2007-06-30 10:58:52,,1990-12-22,,,대전광역시 중구 은행동 330-216호,1990365001507500010,3650000,,,,01,영업/정상,,,,
김해어방동성상가,그 밖의 대규모점포,,373839.122629774,195784.889288604,2025-12-15 16:15:28,I,1,정상영업,2007-07-07 10:38:36,,1990-12-11,,,경상남도 김해시 삼방동 189호,1990535001407500002,5350000,,,,01,영업/정상,,,,
신동아아파트상가,그 밖의 대규모점포,,,,2025-12-15 16:15:28,I,1,정상영업,2007-07-07 09:18:01,,1990-12-11,,,대전광역시 대덕구 오정동 635번지 1   호,1990368000007500001,3680000,,,,01,영업/정상,,,,042-626-0555
현대종합상가,그 밖의 대규모점포,,208644.819209521,448711.725750126,2025-12-15 16:15:28,I,1,정상영업,2012-01-04 16:03:45,,1990-11-17,3625.18,,서울특별시 광진구 광장동 484호,2001304007307500012,3040000,서울특별시 광진구 광나루로 635 (광장동),,,01,영업/정상,대규모점포,,,02-454-3916
간석종합시장,그 밖의 대규모점포,,173223.975812806,440622.812399812,2026-03-26 22:49:55,I,1,정상영업,2013-12-30 15:41:42,,1990-11-12,991,,인천광역시 남동구 간석동 611번지 8   호,2000353000007500012,3530000,인천광역시 남동구 석정로565번길 20-4 (간석동),,,01,영업/정상,준대규모점포,,,032-438-9202
로얄백화점,백화점,,180657.771489919,442562.696376175,2025-12-15 16:15:28,I,4,직권취소,2014-02-11 14:46:17,,1990-09-21,0,,경기도 부천시 원미구심곡동 174번지 1호,1988386000007500010,3860000,경기도 부천시 원미구 부천로 7 (심곡동),,,04,취소/말소/만료/정지/중지,대규모점포,,,032-657-1234
한양프라자둔산,쇼핑센터,,235280.228110408,316409.283202594,2026-05-07 22:30:15,I,2,휴업처리,2007-06-23 10:15:16,,1990-08-01,,,대전광역시 서구 탄방동 835호,1990366001507500010,3660000,대전광역시 서구 문정로 131 (탄방동),,,02,휴업,,,,042-485-5505
태영프라자,시장,2007-04-25,204217.272999911,470950.306957752,2026-05-11 22:02:23,I,3,폐업처리,2014-03-12 09:25:01,,1990-07-19,2243,,경기도 의정부시 의정부동 193-1호,2001382007907500005,3820000,경기도 의정부시 호국로1298번길 55 (의정부동),,,03,폐업,대규모점포,,,031-848-1613
고강제일시장,그 밖의 대규모점포,,183533.515420499,447374.974841422,2025-12-15 16:15:28,I,1,정상영업,2016-07-04 19:40:57,,1990-07-13,1800.4,,경기도 부천시 오정구 고강동 318번지 318,1990386000007500013,3860000,경기도 부천시 오정구  고강로92번길  41 (고강동),,,01,영업/정상,대규모점포,,,032-678-3078
스타프라자,그 밖의 대규모점포,,186091.131285293,424433.703969071,2025-12-15 16:15:28,I,1,정상영업,2024-05-17 10:40:59,,1990-07-02,5227.97,,경기도 안산시상록구 성포동 583호,2000393000007500001,3930000,,,,01,영업/정상,대규모점포,,,031-0482-5067
온누리종합시장,그 밖의 대규모점포,2011-02-01,172902.73437438,440558.877445301,2026-03-26 22:49:55,I,3,폐업처리,2016-12-19 13:56:31,,1990-06-27,1.04,,인천광역시 남동구 간석동 893번지 1호,2000353000007500011,3530000,인천광역시 남동구 방축로 491 (간석동),,,03,폐업,준대규모점포,,,032-428-4191
그레이스쇼핑,쇼핑센터,,180558.547506376,442392.852638174,2025-12-15 16:15:28,I,1,정상영업,2014-02-11 14:40:16,,1990-06-15,16,,경기도 부천시 소사구심곡본동 호 545,1999386000007500002,3860000,"경기도 부천시 소사구 경인로 231 (심곡본동, 아이쇼핑)",,,01,영업/정상,대규모점포,,,032-667-8811
가야벽산상가,시장,,384502.365301052,184924.599813961,2025-12-15 16:15:28,I,1,정상영업,2018-10-05 16:40:19,,1990-06-05,3416.94,,부산광역시 부산진구 가야동 669-9호,2000329000107500023,3290000,부산광역시 부산진구 엄광로 68 (가야동),,,01,영업/정상,대규모점포,,,051-894-9490
아트프라자,그 밖의 대규모점포,,201070.979414952,451874.637536958,2026-03-26 22:48:23,I,1,정상영업,2020-11-03 17:17:27,,1990-06-04,4448,,,2014301013007500013,3010000,서울특별시 중구 마장로1길 28 (신당동),,,01,영업/정상,대규모점포,,,02-2232-2000
현대프라자,그 밖의 대규모점포,2020-05-14,211336.172451748,448556.794492412,2026-05-06 22:47:30,I,3,폐업처리,2020-05-15 09:38:40,,1990-05-28,15055.25,134-871,서울특별시 강동구 천호동 410번지 105호,1990324013907500001,3240000,서울특별시 강동구 진황도로 18 (천호동),,,03,폐업,대규모점포,,,02-485-6644
현대프라자,그 밖의 대규모점포,,211336.172451748,448556.794492412,2026-05-06 22:47:29,I,2,휴업처리,2007-06-30 10:04:31,,1990-05-28,,,서울특별시 강동구 천호동 410번지 105호,1990324007307500003,3240000,,,,02,휴업,,,,02-0479-3424
중앙지하상가,그 밖의 대규모점포,,,,2026-07-01 12:27:45,I,1,정상영업,2007-07-21 11:08:49,,1990-05-25,,,전남광주통합특별시 순천시 남내동 76-1호,2000482000007500011,5790000,,,,01,영업/정상,,,,
동아백화점구미점,대형마트,,321336.908311758,291866.814770578,2026-05-05 03:03:03,U,1,정상영업,2026-05-04 10:30:15,,1990-05-12,5755.53,730-729,경상북도 구미시 송정동 60번지 동아백화점,2009508013307500001,5080000,"경상북도 구미시 송원동로 28 (송정동, 동아백화점)",,,01,영업/정상,대규모점포,,,054-459-0220
가람시장,그 밖의 대규모점포,2006-10-30,233791.972897579,316897.311850863,2026-05-07 22:30:15,I,3,폐업처리,2016-05-10 09:19:10,,1990-05-04,0,,대전광역시 서구 둔산동 986호,1990366001507500009,3660000,대전광역시 서구 둔산로31번길 13 (둔산동),,,03,폐업,대규모점포,,,042-482-0545
한가람시장,그 밖의 대규모점포,2006-10-30,235072.917939033,316407.130555375,2026-05-07 22:30:15,I,3,폐업처리,2016-05-10 09:21:57,,1990-05-04,0,,대전광역시 서구 탄방동 834호,1990366001507500008,3660000,대전광역시 서구 문예로 16 (탄방동),,,03,폐업,대규모점포,,,042-534-9215
한주럭키상가,그 밖의 대규모점포,,299297.334638544,186900.608241316,2025-12-15 16:15:28,I,1,정상영업,2011-11-09 15:22:48,,1990-04-25,150,660-290,경상남도 진주시 주약동 156번지,1990531000007500008,5310000,경상남도 진주시 진주대로 859-1 (주약동),,,01,영업/정상,준대규모점포,,,059-1762-0150
만수중앙시장,그 밖의 대규모점포,,175879.490715335,439475.330166714,2026-03-26 22:49:55,I,1,정상영업,2012-10-17 14:01:22,,1990-04-14,1.25,,인천광역시 남동구 만수동 878호,2000353000007500010,3530000,인천광역시 남동구 만경로28번길 24 (만수동),,,01,영업/정상,대규모점포,,,032-462-7004
그린맨션상가,그 밖의 대규모점포,,199549.06804293,422515.807505301,2026-03-11 01:45:40,I,2,휴업처리,2007-06-23 14:09:49,,1990-02-28,1034,,경기도 수원시장안구 정자동 417호,1990374001107500001,3740000,,,,02,휴업,,,,
지산목련시장,그 밖의 대규모점포,2008-02-27,347420.400131212,259103.97403926,2026-05-03 22:40:51,I,3,폐업처리,2015-09-18 16:33:28,,1990-02-28,735,,대구광역시 수성구 지산동 1199번지 10호,1989346005507500014,3460000,대구광역시 수성구 용학로42길 9 (지산동),,,03,폐업,대규모점포,,,053-784-1543
동암프라자,쇼핑센터,2007-02-12,173428.597988352,441043.126432677,2026-05-06 22:48:28,I,3,폐업처리,2008-03-27 16:19:55,,1990-02-26,0,,인천광역시 부평구 십정동 406번지 3호,1990354004707500001,3540000,,,,03,폐업,,,,032-431-5000
새나드리프라자,그 밖의 대규모점포,2006-07-27,175658.268315376,449209.149467316,2026-05-10 23:19:02,I,3,폐업처리,2010-11-23 22:49:20,,1990-01-31,0,,인천광역시 계양구 계산동 926번지 27  호,1990355001207500001,3550000,인천광역시 계양구 하느재로 14 (계산동),,,03,폐업,,,,032-543-0223
해도5시장,그 밖의 대규모점포,,,,2026-05-07 22:37:42,I,1,정상영업,2007-06-30 12:09:18,,1990-01-13,,,경상북도 포항시남구 대도동 143-1호,2000502007107500034,5020000,,,,01,영업/정상,,,,
갈마한양프라자,쇼핑센터,,,,2026-05-07 22:30:15,I,1,정상영업,2007-06-23 10:15:16,,1989-12-30,,,충청북도 충주시 주덕읍 신양리 854호,1989366001507500006,3660000,,,,01,영업/정상,,,,042-527-7077
(주)큰길 여산휴게소,대형마트,,,,2026-05-06 22:48:23,I,1,정상영업,2007-07-21 11:08:15,,1989-12-27,,,전북특별자치도 익산시 영등동 224번지 2  호,2000468002007500003,4681000,,,,01,영업/정상,,,,063-835-8007
라성프라자,그 밖의 대규모점포,,182294.985340242,425039.319016326,2025-12-15 16:15:28,I,1,정상영업,2019-11-25 10:52:37,,1989-12-26,7033,,경기도 안산시 단원구 원곡동 846번지 3호 라성프라자,2000393000007500007,3930000,"경기도 안산시 단원구 화랑로 103, 라성프라자 (원곡동)",15382,,01,영업/정상,대규모점포,,,031-480-8840
(주) 동아종합시장,그 밖의 대규모점포,,,,2026-05-03 22:32:20,I,1,정상영업,2007-06-30 10:25:41,,1989-12-23,,,대전광역시 동구 가양동 170번지 1   호,1989364005807500001,3640000,,,,01,영업/정상,,,,042-624-7571
장림현대종합상가,그 밖의 대규모점포,,380299.690312901,176893.324496569,2026-05-07 22:31:32,I,1,정상영업,2014-02-24 14:48:52,,1989-12-15,3782,,부산광역시 사하구 장림동 372-4호,2000334001707500010,3340000,부산광역시 사하구 다대로 305 (장림동),,,01,영업/정상,대규모점포,,,051-0261-5804
신대방우성상가,그 밖의 대규모점포,,192113.200600983,443344.373525343,2026-05-03 22:37:50,I,2,휴업처리,2007-07-07 15:19:10,,1989-12-01,,,서울특별시 동작구 신대방동 565호,2001319007207500010,3190000,서울특별시 동작구 여의대방로 22 (신대방동),,,02,휴업,,,,02-846-8258
봉화제2상설시장,그 밖의 대규모점포,,,,2026-05-11 22:03:26,I,1,정상영업,2007-07-21 11:49:13,,1989-11-28,,,경상북도 봉화군 봉화읍 내성리 호 394-1,1989524000807500001,5240000,,,,01,영업/정상,,,,054-673-0061
영동유통상가,그 밖의 대규모점포,,197816.821137049,419948.630574527,2026-03-11 01:45:40,I,2,휴업처리,2007-06-23 14:09:49,,1989-11-26,2512,,경기도 수원시권선구 구운동 463호,1989374001107500003,3740000,경기도 수원시 권선구 수성로 18 (구운동),,,02,휴업,,,,
삼성상가(매탄2차),그 밖의 대규모점포,,203799.904863612,418620.261609977,2026-03-11 01:45:40,I,2,휴업처리,2007-06-23 14:09:49,,1989-10-13,1210,,경기도 수원시영통구 매탄동 810호,1989374001107500005,3740000,경기도 수원시 영통구 매영로 10 (매탄동),,,02,휴업,,,,
금남상가타운,그 밖의 대규모점포,,191914.677747311,183854.207009456,2026-07-14 11:38:15,I,1,정상영업,2014-10-02 11:32:53,,1989-10-11,0,,전남광주통합특별시 동구 금남로5가 1번지 5호,2000359001107500006,5805000,전남광주통합특별시 동구 독립로264번길 12 (금남로5가),,,01,영업/정상,대규모점포,,,062-224-5030
갤러리아백화점,백화점,2010-04-23,213910.850637373,368774.087611534,2025-12-15 16:15:28,I,3,폐업처리,2010-04-27 10:28:34,,1989-09-30,8388,,충청남도 천안시 신부동 354번지 1호,2000449011907500000,4490000,충청남도 천안시 동남구 만남로 43 (신부동),,,03,폐업,,,,041-559-9011
성정프라자,그 밖의 대규모점포,,,,2025-12-15 16:15:28,I,1,정상영업,2007-06-30 10:52:49,,1989-09-19,,,충청남도 천안시 성정동 658번지 1   호,1989449013107500008,4490000,,,,01,영업/정상,,,,041-551-3569
동남종합상가,그 밖의 대규모점포,,203654.140907291,418212.585267662,2026-03-11 01:45:40,I,2,휴업처리,2007-06-23 14:09:49,,1989-09-19,2326,,경기도 수원시영통구 매탄동 810번지 3호,1989374001107500004,3740000,경기도 수원시 영통구 인계로 219 (매탄동),,,02,휴업,,,,
벽산상가,그 밖의 대규모점포,,201816.000340771,421778.168451003,2026-03-11 01:45:40,I,2,휴업처리,2007-06-23 14:09:49,,1989-09-01,1520.42,,경기도 수원시장안구 조원동 510호,1989374001107500002,3740000,경기도 수원시 장안구 조원로 16 (조원동),,,02,휴업,,,,031-251-3149
동서울터미널상가,복합쇼핑몰,,208201.993320839,447967.299542306,2025-12-15 16:15:28,I,1,정상영업,2025-07-02 17:06:29,,1989-08-23,3995.19,,서울특별시 광진구 구의동 546번지 1호,2001304007307500011,3040000,서울특별시 광진구 강변역로 50 (구의동),,,01,영업/정상,대규모점포,,,02-727-3758
신동아프라자,그 밖의 대규모점포,,202326.175760253,462116.40856417,2025-12-15 16:15:28,I,1,정상영업,2014-10-13 14:08:30,,1989-08-04,2775.53,132-828,서울특별시 도봉구 방학동 271번지 2호,2012309013407500008,3090000,서울특별시 도봉구 방학로 223 (방학동),,1986-08-04,01,영업/정상,대규모점포,,,
(주)청주패밀리,백화점,,,,2026-05-06 22:48:28,I,4,직권취소,2014-01-10 17:27:49,2007-01-26,1989-07-05,0,,충청북도 청주시 상당구 남문로2가 1-2번지,2000436000907500011,5710000,,,,04,취소/말소/만료/정지/중지,대규모점포,,,043-253-2222
부천프라자,그 밖의 대규모점포,,182864.113302589,446854.100209084,2025-12-15 16:15:28,I,4,직권취소,2014-02-11 13:32:14,,1989-06-17,5637.4,,경기도 부천시 오정구원종동 313번지 10  호,1989386000007500014,3860000,경기도 부천시 오정구 원종로 64 (원종동),,,04,취소/말소/만료/정지/중지,대규모점포,,,032-682-0273
부평역지하상가,그 밖의 대규모점포,,,,2026-05-06 22:48:28,I,1,정상영업,2012-02-10 14:16:27,,1989-06-07,0,,인천광역시 부평구 부평동 224번지 1호,1989354004707500001,3540000,,,,01,영업/정상,대규모점포,,,032-523-9991
올림픽프라자상가,그 밖의 대규모점포,,211619.368009793,445963.384875409,2025-12-15 16:15:28,I,1,정상영업,2011-12-21 15:00:42,,1989-06-07,10802,,서울특별시 송파구 방이동 89번지 11호 프라자상가,1989323007807500001,3230000,서울특별시 송파구 양재대로 1222 (방이동),,,01,영업/정상,대규모점포,,,02-400-0198
서초쇼핑,그 밖의 대규모점포,,201472.668856726,444193.267014675,2025-12-15 16:15:28,I,1,정상영업,2016-03-03 15:58:31,,1989-06-05,2008,,,2013321012207500006,3210000,서울특별시 서초구 고무래로 90-7 (서초동),,,01,영업/정상,대규모점포,,,02-536-8480
주안역지하도상가,그 밖의 대규모점포,,171659.459026694,440299.018820333,2026-03-26 22:48:21,I,1,정상영업,2025-10-01 13:28:13,,1989-04-18,5056,402-835,인천광역시 남구 주안1동 235번지,2000351001307500007,3510500,인천광역시 남구 주안로 지하 86 (주안동),,,01,영업/정상,대규모점포,,,032-864-9776
과천2차종합상가,그 밖의 대규모점포,,199247.7714676,435394.603870331,2025-12-15 16:15:28,I,1,정상영업,2007-07-14 10:27:44,,1989-04-04,,,경기도 과천시 원문동 4호,2001397003207500892,3970000,,,,01,영업/정상,,,,02-502-0223
사모아종합상가,그 밖의 대규모점포,,189052.101789082,443748.279289935,2026-05-01 22:42:19,I,1,정상영업,2013-12-20 11:12:56,,1989-03-20,2762,152-050,서울특별시 구로구 구로동 685번지 140호,2007316011707500010,3160000,서울특별시 구로구 구일로10길 93 (구로동),,,01,영업/정상,대규모점포,,,
사모아종합상가,그 밖의 대규모점포,,189052.101789082,443748.279289935,2026-05-01 22:42:19,I,1,정상영업,2007-07-07 09:54:17,,1989-03-20,,,서울특별시 구로구 구로동 685번지 140호,1989316007107500020,3160000,서울특별시 구로구 구일로10길 93 (구로동),,,01,영업/정상,,,,02-861-3891
매교상가,그 밖의 대규모점포,,,,2026-03-11 01:45:40,I,2,휴업처리,2007-06-23 14:09:49,,1989-03-16,4969,,경기도 수원시권선구 세류동 351호,1989374001107500001,3740000,,,,02,휴업,,,,
과천3차현대종합상가,그 밖의 대규모점포,,,,2025-12-15 16:15:28,I,1,정상영업,2007-07-14 10:27:44,,1989-03-03,,,경기도 과천시 별양동 52호,2001397003207500891,3970000,,,,01,영업/정상,,,,02-502-2910
영등포기계상가,그 밖의 대규모점포,2020-09-24,,,2026-05-11 22:40:05,I,3,폐업처리,2020-09-24 08:52:46,,1989-02-02,0,,서울특별시 영등포구 양평동1가 247호,2001318007607500025,3180000,서울특별시 영등포구 영등포로 39 (양평동1가),,,03,폐업,,,,02-676-7269
큰고개종합시장,그 밖의 대규모점포,,346783.882397535,266596.575928777,2026-04-30 22:30:10,I,1,정상영업,2019-03-29 10:29:46,,1989-01-18,4626,,대구광역시 동구 신암동 681번지 6호 큰고개상가아파트,2019342013507500001,3420000,"대구광역시 동구 신암북로 101 (신암동, 큰고개상가아파트)",41187,,01,영업/정상,대규모점포,,,053-957-5563
천안역 지하상가,그 밖의 대규모점포,,213180.875172159,367585.212712004,2025-12-15 16:15:28,I,1,정상영업,2011-04-11 17:48:18,,1988-12-12,0,,충청남도 천안시 대흥동 30번지 7호,2000449011907500007,4490000,충청남도 천안시 동남구 버들로 지하 2 (대흥동),,,01,영업/정상,,,,041-563-8742
롯데백화점 잠실점,백화점,,208589.363343145,445455.90405262,2026-04-11 03:03:03,U,1,정상영업,2026-04-10 13:19:59,,1988-11-12,72582.24,,서울특별시 송파구 잠실동 40번지 1호,1998323013107500001,3230000,서울특별시 송파구 올림픽로 240 (잠실동),,,01,영업/정상,대규모점포,,,02-411-5551
송경종합시장,그 밖의 대규모점포,,,,2025-12-15 16:15:28,I,1,정상영업,2007-07-14 12:20:22,,1988-10-24,,,대구광역시 달서구 본동 225번지 1   호,2000347000007500012,3470000,,,,01,영업/정상,,,,053-628-7515
관악프라자,쇼핑센터,,195963.335274799,442381.536010445,2025-12-15 16:15:28,I,1,정상영업,2014-10-17 10:36:45,,1988-10-23,7081.47,151-725,서울특별시 관악구 봉천동 31번지 1호,1988320008007500019,3200000,서울특별시 관악구 관악로 212 (봉천동),,,01,영업/정상,대규모점포,,,02-887-1871
파르나스몰(PARNAS MALL),쇼핑센터,,205314.159889285,445204.709309676,2025-12-15 16:15:28,I,1,정상영업,2022-01-17 18:12:19,,1988-10-19,7940,135-732,서울특별시 강남구 삼성1동 159번지 8호 그랜드인터콘티넨탈호텔(지하1층),2001322008307500030,3220000,서울특별시 강남구 테헤란로 521 (삼성동),,,01,영업/정상,대규모점포,,,02-559-7044
현대백화점 무역센터점,백화점,,205210.358779172,445154.42225208,2025-12-15 16:15:28,I,1,정상영업,2024-04-15 15:43:10,,1988-10-10,46111.46,,서울특별시 강남구 삼성동 159번지 7호,2001322008307500027,3220000,"서울특별시 강남구 테헤란로 517 (삼성동, 무역센터현대백화점)",,,01,영업/정상,대규모점포,,,02-552-2233
우성상가시장,시장,,185221.95790954,446727.354964214,2025-12-15 16:15:28,I,1,정상영업,2011-08-16 16:01:43,,1988-09-19,2247,,서울특별시 양천구 신월동 928번지 1 호,1988314011407500001,3140000,서울특별시 양천구 지양로 78 (신월동),,1988-09-19,01,영업/정상,대규모점포,,,02-2693-1241
탑마트 김해점,구분없음,,371153.503674885,194379.983251428,2025-12-15 16:15:28,I,1,정상영업,2025-04-29 16:22:55,,1988-09-07,651.21,,경상남도 김해시 서상동 73-4,2025535037407500005,5350000,"경상남도 김해시 가락로 83, 1층 (서상동)",50916,,01,영업/정상,준대규모점포,,,055-336-6847
서부종합시장,그 밖의 대규모점포,,,,2026-03-26 22:48:23,I,1,정상영업,2007-06-23 10:45:46,,1988-08-29,,,충청남도 서산시 읍내동 144번지 1   호,2000453011607500005,4530000,,,,01,영업/정상,,,,
(주)신세계백화점,그 밖의 대규모점포,2020-10-15,175935.572363654,247496.233147725,2025-12-15 16:15:28,I,3,폐업처리,2021-08-23 09:25:18,,1988-08-20,770.24,,전북특별자치도 부안군 부안읍 동중리 132-26 세이브마트,1988479005307500003,4791000,"전북특별자치도 부안군 부안읍 시장길 22, 세이브마트",56308,,03,폐업,대규모점포,,,063-583-5131
주-화신유통,,1988-08-20,211632.462045386,442617.382308292,2025-12-15 16:15:28,I,3,폐업처리,2008-07-17 17:35:36,,1988-08-19,0,,서울특별시 송파구 문정동 112호,1988323007807500001,3230000,서울특별시 송파구 새말로 176 (문정동),,,03,폐업,,,,02-427-5393
길음시장,그 밖의 대규모점포,,,,2025-12-15 16:15:28,I,1,정상영업,2016-06-17 11:44:50,,1988-08-11,,,서울특별시 성북구 길음동 540번지 2   호,2000307009907500013,3070000,,,,01,영업/정상,,,,02-912-7001
송광시장,그 밖의 대규모점포,,223917.864622688,164074.207539805,2026-07-14 11:38:15,I,1,정상영업,2007-07-21 11:08:49,,1988-08-03,,,전남광주통합특별시 순천시 송광면 이읍리 1403-3호,2000482000007500006,5790000,,,,01,영업/정상,,,,061-749-3355
북부시장,그 밖의 대규모점포,,,,2025-12-15 16:15:28,I,1,정상영업,2007-07-14 13:41:39,,1988-07-25,,,경상남도 양산시 북부동 148-3호,2000538001007500003,5380000,,,,01,영업/정상,,,,055-382-1800
롯데1번가,그 밖의 대규모점포,,385560.432671851,179859.631631612,2025-12-15 16:15:28,I,1,정상영업,2007-07-07 09:56:14,,1988-07-21,,,부산광역시 중구 중앙동1가 26호,1988325001407500003,3250000,,,,01,영업/정상,,,,051-246-7334
코오롱상가,그 밖의 대규모점포,,384820.119269113,179460.841059128,2025-12-15 16:15:28,I,BBBB,,2007-07-07 09:56:14,,1988-07-11,6132,,부산광역시 중구 남포동6가 1호,1988325001407500002,3250000,부산광역시 중구 구덕로 73 (남포동6가),,,01,영업/정상,,,,051-245-0576
원효전자상가,전문점,,196385.232032928,447938.19246116,2026-05-06 22:48:29,I,1,정상영업,2013-03-21 09:39:21,,1988-06-23,8382.6,140-113,서울특별시 용산구 원효로3가 51번지 30호,2008302009507500005,3020000,서울특별시 용산구 청파로 77 (원효로3가),,,01,영업/정상,대규모점포,,,02-702-3411
성원시장,그 밖의 대규모점포,,231439.372384323,311530.314346396,2026-05-07 22:30:15,I,1,정상영업,2007-06-23 10:15:16,,1988-06-21,,,대전광역시 서구 가수원동 762호,1988366001507500005,3660000,대전광역시 서구 가수원로 106 (가수원동),,,01,영업/정상,,,,042-541-4119
갤러리아 잠실점,그 밖의 대규모점포,2001-05-26,208233.926974585,445435.257647797,2025-12-15 16:15:28,I,3,폐업처리,2008-07-17 15:37:51,,1988-06-14,0,,서울특별시 송파구 잠실동 40호,2001323007807500006,3230000,서울특별시 송파구 올림픽로 212 (잠실동),,,03,폐업,,,,
서부시장,그 밖의 대규모점포,,,,2026-05-07 22:37:42,I,1,정상영업,2007-06-30 12:09:18,,1988-06-10,,,경상북도 포항시북구 용흥동 142-1호,2000502007107500032,5020000,,,,01,영업/정상,,,,
육동시장,그 밖의 대규모점포,,,,2025-12-15 16:15:28,I,1,정상영업,2007-06-23 14:33:26,,1988-06-04,,,경기도 안양시만안구 안양동 434번지 3   호,1988383006207500001,3830000,,,,01,영업/정상,,,,031-449-0481
진주중앙지하도상가,그 밖의 대규모점포,,298649.36747379,188906.282559174,2025-12-15 16:15:28,I,1,정상영업,2019-09-06 12:24:59,,1988-05-28,5678.49,,경상남도 진주시 대안동 21호,1988531000007500007,5310000,경상남도 진주시 진주대로 지하 1035 (대안동),,,01,영업/정상,대규모점포,,,055-741-7014
신세계백화점 미아점,백화점,,202555.30089577,456503.066230481,2025-12-15 16:15:28,I,2,휴업처리,2007-07-07 10:47:37,,1988-05-14,10006,,서울특별시 성북구 길음동 25번지 2호,2000307009907500016,3070000,,,,02,휴업,,,,02-962-0580
남서울종합시장,그 밖의 대규모점포,,205209.747122636,443490.817333221,2025-12-15 16:15:28,I,1,정상영업,2021-08-27 09:39:20,,1988-05-13,3014.31,135-280,서울특별시 강남구 대치동 623번지,2005000000000000006,3220000,서울특별시 강남구 남부순환로 2921 (대치동),,,01,영업/정상,대규모점포,,,02-556-0604
춘천동부시장,그 밖의 대규모점포,,264518.245047485,486328.376714699,2026-05-10 21:30:33,U,1,정상영업,2026-04-23 15:59:32,,1988-04-14,4045,200-080,강원특별자치도 춘천시 운교동 183번지,1988418016607500001,4181000,"강원특별자치도 춘천시 동부시장길 8 (운교동, 동부시장)",,,01,영업/정상,대규모점포,,,033-254-2235
광장코아,대형마트,,340080.755582906,262885.728739918,2026-05-06 22:35:25,I,1,정상영업,2007-06-30 11:12:41,,1988-04-08,,,대구광역시 서구 내당동 463번지 34호,1988343001007500000,3430000,대구광역시 서구 달구벌대로 1703 (내당동),,,01,영업/정상,,,,053-557-2243
서부시장,그 밖의 대규모점포,,297947.479232592,188815.678231131,2025-12-15 16:15:28,I,1,정상영업,2013-07-25 14:48:14,,1988-04-07,540,660-040,경상남도 진주시 봉곡동 31번지 1호,1955531000007500003,5310000,경상남도 진주시 촉석로 129 (봉곡동),,,01,영업/정상,준대규모점포,,,059-1741-3176
천전시장,그 밖의 대규모점포,,299074.698991166,187857.939016909,2025-12-15 16:15:28,I,1,정상영업,2013-07-25 14:47:50,,1988-04-07,260,,경상남도 진주시 칠암동 306번지 1호,1945531000007500002,5310000,경상남도 진주시 진주대로 952-1 (칠암동),,,01,영업/정상,준대규모점포,,,059-1752-1805
진주중앙시장,그 밖의 대규모점포,,298731.171755576,188837.704131431,2025-12-15 16:15:28,I,1,정상영업,2024-08-26 09:48:07,,1988-04-07,12487,,경상남도 진주시 대안동 8번지 600호,1895531000007500001,5310000,경상남도 진주시 진양호로547번길 8-1 (대안동),,,01,영업/정상,대규모점포,,,055-741-2151
남양종합시장,그 밖의 대규모점포,,212649.486418551,454907.121955254,2025-12-15 16:15:28,I,1,정상영업,2007-06-23 09:43:48,,1988-03-04,,,경기도 구리시 수택동 481호,1988398005007500001,3980000,,,,01,영업/정상,,,,031-555-1486
신포지하상가,그 밖의 대규모점포,,,,2026-07-01 09:42:12,I,BBBB,,2017-11-10 14:04:09,,1988-01-28,,,인천광역시 제물포구 답동 24호,1988349001207500001,3501000,,,,01,영업/정상,,,,032-763-1717
번개시장,그 밖의 대규모점포,,344182.487426437,265065.535110709,2026-05-08 22:34:09,I,1,정상영업,2007-07-14 13:31:56,,1988-01-12,,,대구광역시 중구 태평로1가 1번지 186호,1988341004607500001,3410000,대구광역시 중구 태평로 177-2 (태평로1가),,,01,영업/정상,,,,053-423-3460
대백쇼핑,쇼핑센터,2021-01-13,,,2026-05-07 22:37:39,I,3,폐업처리,2021-02-08 09:40:35,,1988-01-08,0,,경상북도 포항시북구 죽도동 48-27호,2000502007107500002,5020000,,,,03,폐업,준대규모점포,,,
만수종합아케이트,그 밖의 대규모점포,2007-05-03,,,2026-03-26 22:49:55,I,3,폐업처리,2017-07-10 20:49:56,,1987-12-21,953,,인천광역시 남동구 만수동 81번지 38호,2000353000007500009,3530000,인천광역시 남동구 만수로27번길 22-1 (만수동),21524,,03,폐업,대규모점포,,,032-463-5749
작전종합시장,그 밖의 대규모점포,,,,2026-05-10 23:19:02,I,1,정상영업,2007-06-30 11:07:50,,1987-12-17,,,인천광역시 계양구 작전동 857번지 117 호,1987355001207500001,3550000,,,,01,영업/정상,,,,032-549-2525
숭인제일아케이트,그 밖의 대규모점포,,,,2026-05-06 22:48:23,I,2,휴업처리,2007-07-21 10:27:56,,1987-12-07,,,서울특별시 종로구 창신동 766호,1987000007607500005,3000000,,,,02,휴업,,,,031-339-5465
대현지하상가,그 밖의 대규모점포,2018-12-07,243436.86527854,348513.040076121,2026-05-06 22:48:27,I,3,폐업처리,2018-12-07 18:23:03,,1987-12-04,0,,충청북도 청주시 상당구 영동 104-13번지,2000436000907500010,5710000,충청북도 청주시 상당구 사직대로 지하 368-2 (영동),,,03,폐업,대규모점포,,,043-252-3125
장량시장,그 밖의 대규모점포,,,,2026-05-07 22:37:42,I,1,정상영업,2007-06-30 12:09:18,,1987-12-03,,,경상북도 포항시북구 장성동 866-302호,2000502007107500031,5020000,,,,01,영업/정상,,,,
홍익상가,그 밖의 대규모점포,,,,2026-05-11 22:40:05,I,1,정상영업,2007-07-07 12:24:36,,1987-11-27,,,서울특별시 영등포구 당산동3가 2번지 7 호,2001318007607500014,3180000,,,,01,영업/정상,,,,02-2630-8800
삼구시장,그 밖의 대규모점포,,,,2026-05-11 22:40:05,I,1,정상영업,2007-07-07 12:24:36,,1987-11-27,,,서울특별시 영등포구 영등포동5가 20호,2001318007607500006,3180000,,,,01,영업/정상,,,,02-2634-0536
선인상가,전문점,,196839.641743356,447863.232025192,2026-05-06 22:48:27,I,1,정상영업,2022-10-07 14:43:20,,1987-11-26,37901.41,,서울특별시 용산구 한강로2가 15번지 14호,2006302007407500002,3020000,"서울특별시 용산구 새창로 181 (한강로2가, 선인상가)",04371,,01,영업/정상,대규모점포,,,02-718-7113
동해프라자,그 밖의 대규모점포,2006-06-14,386041.551458151,451448.893618302,2025-12-15 16:15:28,I,3,폐업처리,2013-12-18 13:32:50,,1987-11-24,5008.96,,강원특별자치도 동해시 발한동 219번지 5호,1987421000007500001,4211000,강원특별자치도 동해시 발한로 176 (발한동),,,03,폐업,대규모점포,,,033-0533-4133
나진산업 주식회사,전문점,,196697.031086973,447931.108267379,2026-05-06 22:48:28,I,1,정상영업,2022-04-13 10:19:40,,1987-11-10,11669.19,,서울특별시 용산구 한강로3가 1번지 1호 나진상가,2008302009507500004,3020000,"서울특별시 용산구 청파로 109, 나진상가 (한강로3가)",04370,,01,영업/정상,대규모점포,,,02-704-3013
(주)에스와이에스홀딩스,전문점,,196370.746398773,447841.698787531,2026-05-06 22:48:28,I,1,정상영업,2014-10-24 10:25:20,,1987-10-31,62555.57,140-013,서울특별시 용산구 한강로3가 16번지 9호,2008302009507500003,3020000,서울특별시 용산구 청파로 74 (한강로3가),,,01,영업/정상,대규모점포,,,02-707-4628
화곡중앙시장,시장,2022-10-04,185745.73257287,448140.292711073,2025-12-15 16:15:28,I,3,폐업처리,2022-10-04 15:31:32,,1987-10-30,1568,,서울특별시 강서구 화곡동 370번지 76호,1987315016607500006,3150000,서울특별시 강서구 월정로30길 69 (화곡동),07765,,03,폐업,대규모점포,,,02-2602-5757
신설종합시장(주),그 밖의 대규모점포,,201727.670840565,452264.420237876,2026-05-06 22:48:29,I,1,정상영업,2021-02-03 08:15:07,,1987-10-30,1313,,서울특별시 종로구 숭인동 206-9 신설종합시장,2021300020207500001,3000000,"서울특별시 종로구 난계로27길 51, 신설종합시장 (숭인동)",03117,,01,영업/정상,대규모점포,,,22347151
동문시장,시장,,200936.42910264,452017.94363587,2026-05-06 22:48:29,I,1,정상영업,2021-02-03 07:59:28,,1987-10-30,3660,,,2014300016907500001,3000000,서울특별시 종로구 종로44길 14 (창신동),,,01,영업/정상,대규모점포,,,02-764-4766
광장시장주식회사,그 밖의 대규모점포,,,,2026-05-06 22:48:23,I,2,휴업처리,2007-07-21 10:27:56,,1987-10-30,,,호,1987300007607500002,3000000,,,,02,휴업,,,,02-2267-0291
서중시장,시장,2026-05-29,,,2026-06-03 03:03:03,U,3,폐업처리,2026-06-02 14:02:34,,1987-10-24,1850,,,1987312009307500002,3120000,서울특별시 서대문구 수색로2길 47 (남가좌동),,,03,폐업,대규모점포,,,
모래내시장(주),시장,2026-05-29,192503.128282531,452051.272452155,2026-06-03 03:03:03,U,3,폐업처리,2026-06-02 14:02:51,,1987-10-24,1100,,서울특별시 서대문구 남가좌동 290번지 2   호,1987312009307500001,3120000,서울특별시 서대문구 수색로2길 45 (남가좌동),,,03,폐업,,,,02-373-7571
현대백화점부평점,백화점,2005-12-31,174296.583284585,443196.9838165,2026-05-06 22:48:28,I,3,폐업처리,2008-03-27 16:29:31,,1987-10-22,0,,인천광역시 부평구 산곡동 311번지 151호,1987354004707500001,3540000,,,,03,폐업,,,,032-529-2233
남부시장,그 밖의 대규모점포,,412355.449866335,281705.68038951,2026-05-07 22:37:42,I,1,정상영업,2007-06-30 12:09:18,,1987-10-13,,,경상북도 포항시남구 상도동 629호,2000502007107500030,5020000,경상북도 포항시 남구 상공로 43 (상도동),,,01,영업/정상,,,,
시흥산업용재유통센타,그 밖의 대규모점포,,191384.606290141,437986.940834791,2026-05-07 22:30:11,I,1,정상영업,2007-07-07 11:59:15,,1987-06-26,,,서울특별시 금천구 시흥동 984번지 6호,1987317006707500017,3170000,서울특별시 금천구 시흥대로 109 (시흥동),,,01,영업/정상,,,,02-808-1522
주) 포남시장,그 밖의 대규모점포,,,,2025-12-15 16:15:28,I,1,정상영업,2007-07-14 11:05:40,,1987-06-25,,,강원특별자치도 강릉시 주문진읍 주문리 312-91호,2000420001907500005,4201000,,,,01,영업/정상,,,,033-647-5285
철산중앙시장,그 밖의 대규모점포,2009-09-01,188464.627805727,441403.83267633,2025-12-15 16:15:28,I,3,폐업처리,2009-09-01 15:52:57,,1987-05-11,0,,경기도 광명시 철산동 440호,1987390000007500001,3900000,,,,03,폐업,,,,02-687-8654
(주)LG,그 밖의 대규모점포,,193674.743726431,447296.226305826,2026-05-11 22:40:05,I,2,휴업처리,2007-07-07 12:24:36,,1987-04-23,,,서울특별시 영등포구 여의도동 20호,2001318007607500012,3180000,서울특별시 영등포구 여의대로 128 (여의도동),,,02,휴업,,,,02-3773-1342
동아시장,그 밖의 대규모점포,,193580.155442228,185472.860629539,2026-07-14 11:38:15,I,1,정상영업,2013-12-23 09:47:34,,1987-04-22,0,,전남광주통합특별시 북구 두암동 895번지 2   호,1987362001207500007,5820000,전남광주통합특별시 북구 서방로172번길 10-7 (두암동),,,01,영업/정상,준대규모점포,,,062-0527-8866
시흥중앙철재상가,그 밖의 대규모점포,,191390.785127877,437280.574150819,2026-05-07 22:30:11,I,1,정상영업,2014-12-01 16:05:50,,1987-03-31,0,,서울특별시 금천구 시흥동 966호,1987317006707500016,3170000,서울특별시 금천구 시흥대로 46 (시흥동),,,01,영업/정상,대규모점포,,,02-805-7180
효자프라자 웰빙아울렛,쇼핑센터,,410472.448123696,281473.262596734,2026-05-07 22:37:39,U,1,정상영업,2026-04-02 11:40:52,,1987-03-24,7509.01,,,2000502007107500001,5020000,경상북도 포항시 남구 효자로 70 (대잠동),,,01,영업/정상,대규모점포,,,054-221-9901
새서울종합시장,그 밖의 대규모점포,,235551.453072937,313526.538289997,2026-05-03 22:38:32,I,1,정상영업,2014-09-30 13:38:45,,1987-02-21,5881.34,,대전광역시 중구 유천동 196호,1987365001507500007,3650000,대전광역시 중구 평촌로 84 (유천동),,,01,영업/정상,대규모점포,,,042-523-1172
해밀톤 쇼핑몰,쇼핑센터,,199363.595799729,448050.926289223,2026-05-06 22:48:28,I,1,정상영업,2018-09-28 14:56:53,,1987-02-13,4845.26,140-200,서울특별시 용산구 이태원동 119번지 25호,2008302009507500002,3020000,서울특별시 용산구 이태원로 179 (이태원동),,,01,영업/정상,대규모점포,,,02-3786-6352
녹산스토아,그 밖의 대규모점포,,200353.036482849,364380.754829205,2026-05-06 22:48:23,I,1,정상영업,2007-06-23 10:11:01,,1987-02-09,,,충청남도 아산시 온천동 87번지 5호,1987452001807500001,4520000,충청남도 아산시 온천대로 1502-3 (온천동),,,01,영업/정상,,,,
두산아케이드,그 밖의 대규모점포,,203050.783890109,446316.514036122,2025-12-15 16:15:28,I,1,정상영업,2013-12-30 13:52:36,,1987-02-02,0,,서울특별시 강남구 논현동 105번지 7호,2001322008307500004,3220000,"서울특별시 강남구 언주로 726 (논현동, 두산빌딩)",,,01,영업/정상,대규모점포,,,02-510-3114
삼성슈퍼,그 밖의 대규모점포,,,,2026-05-03 22:38:32,I,1,정상영업,2007-06-30 10:58:52,,1987-01-06,,,대전광역시 중구 오류동 175-1호,1987365001507500009,3650000,,,,01,영업/정상,,,,
환호시장,그 밖의 대규모점포,,,,2026-05-07 22:37:42,I,1,정상영업,2007-06-30 12:09:18,,1986-12-19,,,경상북도 포항시북구 환호동 377-5호,2000502007107500029,5020000,,,,01,영업/정상,,,,
삼익쇼핑센타,쇼핑센터,2024-02-08,186015.738369848,443657.614265375,2026-05-01 22:42:19,I,3,폐업처리,2024-02-23 10:03:57,,1986-12-10,4389,152-100,서울특별시 구로구 오류동 47번지 1호,2007316011707500011,3160000,서울특별시 구로구 경인로 192 (오류동),,,03,폐업,대규모점포,,,26869982
삼익쇼핑센터,쇼핑센터,,186015.738369848,443657.614265375,2026-05-01 22:42:19,I,2,휴업처리,2017-07-04 13:08:29,,1986-12-10,13,,서울특별시 구로구 오류동 47번지 1   호,1986316007107500001,3160000,,,,02,휴업,대규모점포,2017-07-04,,02-686-9982
뉴삼부프라자,그 밖의 대규모점포,,235249.085595717,313681.079573387,2026-05-03 22:38:32,I,1,정상영업,2024-08-29 10:22:37,,1986-12-02,10976.99,,대전광역시 중구 태평동 395-1번지,1986365001507500008,3650000,대전광역시 중구 태평로 71 (태평동),34885,,01,영업/정상,대규모점포,,,042-526-0090
고척산업용품상가,복합쇼핑몰,,187619.596959162,444186.923109714,2026-05-01 22:42:20,I,1,정상영업,2015-03-31 09:26:54,,1986-11-01,10705,152-081,서울특별시 구로구 고척동 103번지 4호,2007316011707500015,3160000,"서울특별시 구로구 경인로43길 42 (고척동, 고척산업용품상가)",,,01,영업/정상,대규모점포,,,26811364
고척산업용품상가,그 밖의 대규모점포,,187619.596959162,444186.923109714,2026-05-01 22:42:19,I,1,정상영업,2019-04-02 20:36:54,,1986-11-01,10705,,서울특별시 구로구 고척동 103번지 4호,1986316007107500015,3160000,"서울특별시 구로구 중앙로3길 50 (고척동, 고척산업용품종합상가)",08225,,01,영업/정상,대규모점포,,,02-2681-1133
후생사,그 밖의 대규모점포,,243600.9188041,348872.700291747,2026-05-06 22:48:27,I,4,직권취소,2014-02-27 18:25:36,2004-02-19,1986-10-16,0,,충청북도 청주시 상당구 북문로2가 1309번지,2000436000907500009,5710000,충청북도 청주시 상당구 중앙로 33 (북문로2가),,,04,취소/말소/만료/정지/중지,대규모점포,,,043-266-7002
장성종합시장,그 밖의 대규모점포,,,,2026-05-07 22:37:41,I,1,정상영업,2007-06-30 12:09:18,,1986-10-06,,,경상북도 포항시북구 장성동 866-301호,2000502007107500028,5020000,,,,01,영업/정상,,,,
중앙시장,그 밖의 대규모점포,,200583.199116678,365048.848156911,2026-05-06 22:48:23,I,1,정상영업,2007-06-23 10:11:01,,1986-08-29,,,충청남도 아산시 권곡동 543번지 2호,1986452001807500001,4520000,충청남도 아산시 번영로143번길 10 (권곡동),,,01,영업/정상,,,,041-544-8993
중앙종합시장,그 밖의 대규모점포,,,,2026-05-07 22:37:41,I,1,정상영업,2007-06-30 12:09:18,,1986-08-25,,,경상북도 포항시북구 죽도동 625-15호,2000502007107500027,5020000,,,,01,영업/정상,,,,
신동아수산물종합시장,시장,,384953.004015023,179411.688598493,2025-12-15 16:15:28,I,1,정상영업,2025-07-17 09:33:59,,1986-08-22,7652,,부산광역시 중구 남포동5가 92호,1986325001407500045,3250000,부산광역시 중구 자갈치로 42 (남포동5가),,,01,영업/정상,대규모점포,,,051-246-7500
주) 주문진시장,그 밖의 대규모점포,,,,2025-12-15 16:15:28,I,1,정상영업,2007-07-14 11:05:40,,1986-07-03,,,강원특별자치도 강릉시 주문진읍 주문리 312-91호,2000420001907500004,4201000,,,,01,영업/정상,,,,033-662-8011
역전지하상가,그 밖의 대규모점포,,,,2025-12-15 16:15:28,I,1,정상영업,2007-06-23 14:33:26,,1986-06-24,,,경기도 안양시만안구 안양동 41번지 5호,1986383006207500001,3830000,경기도 안양시 만안구 예술공원로64번길 27 (안양동),,,01,영업/정상,,,,031-466-9111
상대종합시장,그 밖의 대규모점포,,,,2026-05-07 22:37:41,I,1,정상영업,2007-06-30 12:09:18,,1986-05-27,,,경상북도 포항시북구 죽도동 2-4호,2000502007107500026,5020000,,,,01,영업/정상,,,,
흥원시장,그 밖의 대규모점포,,155902.344207547,1857.52175702082,2025-12-15 16:15:28,I,1,정상영업,2010-07-28 17:00:00,,1986-04-26,996.51,,제주특별자치도 제주시 이도일동 1349번지 5   호,1986549000007500001,6510000,제주특별자치도 제주시 관덕로14길 10 (이도일동),,,01,영업/정상,,,,064-722-2367
만촌종합시장,그 밖의 대규모점포,,349116.480326912,262914.681099323,2026-05-03 22:40:50,I,1,정상영업,2007-07-14 11:13:31,,1986-03-19,,,대구광역시 수성구 만촌동 858호,1986346005507500013,3460000,대구광역시 수성구 교학로2길 23 (만촌동),,,01,영업/정상,,,,053-0984-9800
북신시장,시장,,330514.809190936,151564.555433784,2026-05-04 22:00:46,I,1,정상영업,2014-12-30 11:17:32,,1986-02-12,0,650-805,경상남도 통영시 북신동 663번지 6   호,2000533000007500004,5330000,경상남도 통영시 북신시장1길 66 (북신동),,,01,영업/정상,준대규모점포,,,055-641-2432
럭키동래쇼핑,그 밖의 대규모점포,,388918.011079059,191892.623575025,2025-12-15 16:15:28,I,1,정상영업,2014-10-01 10:03:00,,1985-12-02,4162.47,,부산광역시 동래구 온천동 707호,1985330001607500012,3300000,부산광역시 동래구 충렬대로107번길 54 (온천동),,,01,영업/정상,대규모점포,,,051-552-5290
(주)현대백화점 본점,백화점,,202358.505687227,447232.955697694,2025-12-15 16:15:28,I,1,정상영업,2024-03-06 11:13:26,,1985-11-30,37604.54,135-724,서울특별시 강남구 압구정동 429번지,2001322008307500026,3220000,"서울특별시 강남구 압구정로 165 (압구정동, 현대백화점본점)",,,01,영업/정상,대규모점포,,,02-3449-5722
삼익패션타운,그 밖의 대규모점포,,198073.063552064,450876.729406983,2026-03-26 22:48:23,I,1,정상영업,2025-04-28 17:31:36,,1985-11-28,13793.3,,,2014301013007500008,3010000,서울특별시 중구 남대문시장8길 7 (남창동),,,01,영업/정상,대규모점포,,,02-756-7536
신동아쇼핑센터,복합쇼핑몰,2025-12-30,198622.89264988,446114.155238838,2026-05-06 22:48:29,U,3,폐업처리,2026-01-16 15:06:57,,1985-11-12,7470.17,,서울특별시 용산구 용산동6가 69-167 신동아쇼핑,2010302009507500001,3020000,"서울특별시 용산구 이촌로 352, 신동아쇼핑 (용산동6가)",04428,,03,폐업,대규모점포,,,02-709-7501
신동아 쇼핑센터,쇼핑센터,,198622.89264988,446114.155238838,2026-05-06 22:48:29,I,1,정상영업,2008-04-29 21:27:56,,1985-11-12,3327.67,140-026,서울특별시 용산구 용산동6가 69번지 167호,2008302009507500006,3020000,서울특별시 용산구 이촌로 352 (용산동6가),,,01,영업/정상,,,,02-795-7501
(주)심풍유통,그 밖의 대규모점포,2015-08-27,200247.445072989,451352.512042888,2026-03-26 22:48:21,I,3,폐업처리,2015-08-27 14:10:35,,1985-11-09,0,,,1985301013007500003,3010000,서울특별시 중구 마른내로 140 (쌍림동),,,03,폐업,대규모점포,,,02-2273-9909
세류시장,그 밖의 대규모점포,2008-01-31,,,2026-03-11 01:45:40,I,3,폐업처리,2010-08-03 14:47:52,,1985-09-26,0,,경기도 수원시권선구 세류동 351호,1985374001107500001,3740000,,,,03,폐업,,,,
연무시장,그 밖의 대규모점포,,202166.186009707,421443.224988182,2026-03-11 01:45:40,I,2,휴업처리,2007-06-23 14:09:49,,1985-09-26,1984,,경기도 수원시장안구 연무동 235번지 4호,1985374001107500000,3740000,경기도 수원시 장안구 연무로13번길 81-3 (연무동),,,02,휴업,,,,031-242-3429
동부시장,그 밖의 대규모점포,,183621.08302073,442520.86386147,2025-12-15 16:15:28,I,4,직권취소,2014-02-11 14:48:45,,1985-09-23,2188.9,,경기도 부천시 소사구괴안동 167호,1985386000007500010,3860000,경기도 부천시 소사구 경인로536번길 23 (괴안동),,,04,취소/말소/만료/정지/중지,대규모점포,,,
서면지하도상가 부전몰,시장,,387618.822819678,186273.478853335,2025-12-15 16:15:28,I,1,정상영업,2023-11-09 10:49:39,,1985-09-14,6099,,부산광역시 부산진구 부전동 573번지 1호,2006329001307500003,3290000,부산광역시 중앙대로 지하 737,,,01,영업/정상,대규모점포,,,051-713-8266
서면지하상가,쇼핑센터,,,,2025-12-15 16:15:28,I,2,휴업처리,2007-07-14 10:43:12,,1985-09-14,4763.14,,부산광역시 부산진구 부전동 573-1호,2000329000107500022,3290000,,,,02,휴업,,,,051-817-1575
신가양종합시장,시장,,239706.260791682,315839.436861872,2026-05-03 22:32:20,I,1,정상영업,2009-06-09 15:00:01,,1985-08-30,1128,300-091,대전광역시 동구 가양1동 295번지 8호,2009364010407500010,3640000,대전광역시 동구 가양로80번길 23 (가양동),,,01,영업/정상,,,,042-625-8933
청림시장,그 밖의 대규모점포,,,,2026-05-07 22:37:41,I,1,정상영업,2007-06-30 12:09:18,,1985-08-01,,,경상북도 포항시남구 청림동 588-2호,2000502007107500025,5020000,,,,01,영업/정상,,,,
63씨티,그 밖의 대규모점포,,194632.526367463,446401.926526228,2026-05-11 22:40:05,I,2,휴업처리,2007-07-07 12:24:36,,1985-07-27,,,서울특별시 영등포구 여의도동 60호,2001318007607500001,3180000,서울특별시 영등포구 63로 50 (여의도동),,,02,휴업,,,,02-789-6052
갤러리아백화점(동관),백화점,,203604.761651873,447316.222786487,2025-12-15 16:15:28,I,1,정상영업,2023-03-28 11:23:26,,1985-07-08,10250,,서울특별시 강남구 압구정동 515호,2001322008307500007,3220000,"서울특별시 강남구 압구정로 407 (압구정동, 갤러리아백화점)",,,01,영업/정상,대규모점포,,,02-3449-4406
내동종합시장,그 밖의 대규모점포,,,,2026-05-07 22:30:15,I,1,정상영업,2007-06-23 10:15:16,,1985-07-03,,,대전광역시 서구 내동 11-6호,1985366001507500004,3660000,,,,01,영업/정상,,,,042-522-7725
통일종합시장,그 밖의 대규모점포,,,,2026-03-26 22:48:21,I,1,정상영업,2007-06-30 12:25:07,,1985-07-02,,,인천광역시 남구 주안동 1461번지 4   호,2000351001307500009,3510500,,,,01,영업/정상,,,,032-773-2616
국제센터아케이드,그 밖의 대규모점포,,197646.514005514,447909.070650149,2026-05-06 22:48:23,I,1,정상영업,2007-07-21 10:15:07,,1985-07-01,,,서울특별시 용산구 한강로1가 191호,1985302007407500008,3020000,,,,01,영업/정상,,,,
표선오일시장,시장,,184118.074424658,-19294.8267949501,2026-05-02 22:48:39,I,1,정상영업,2010-06-23 10:59:57,,1985-06-07,508,699-915,제주특별자치도 서귀포시 표선면 표선리 1001번지 1호,2010652001607500004,6520000,제주특별자치도 서귀포시 표선면 표선동서로 203-1,,,01,영업/정상,,,,064-760-4471
교방주공시장(주),그 밖의 대규모점포,,,,2026-04-30 22:00:13,I,1,정상영업,2007-06-30 10:28:07,,1985-06-01,,,경상남도 마산시 회원동 654번지 8호,1985528000007500013,5670000,,,,01,영업/정상,,,,055-1243-2200
작전현대백화점,그 밖의 대규모점포,,,,2026-05-10 23:19:02,I,1,정상영업,2007-06-30 11:07:50,,1985-05-24,,,인천광역시 계양구 작전동 444번지 2   호,1985355001207500001,3550000,,,,01,영업/정상,,,,032-547-9636
고려쇼핑센터,복합쇼핑몰,,380509.783074122,186704.067271609,2025-12-15 16:15:28,I,1,정상영업,2014-10-01 16:44:54,,1985-03-29,9331.32,617-727,부산광역시 사상구 괘법동 533번지 1호,2000339001507500007,3390000,부산광역시 사상구 사상로 201 (괘법동),,,01,영업/정상,대규모점포,,,051-0559-1022
갤러리아백화점(서관),백화점,,203470.848439305,447369.579851952,2025-12-15 16:15:28,I,1,정상영업,2023-03-28 11:22:24,,1985-03-18,15358,,서울특별시 강남구 압구정동 494호,2001322008307500028,3220000,"서울특별시 강남구 압구정로 343 (압구정동, 갤러리아백화점)",,,01,영업/정상,대규모점포,,,02-3449-4305
그랑프리,그 밖의 대규모점포,,204992.451561361,443183.576115254,2025-12-15 16:15:28,I,1,정상영업,2013-12-30 13:29:06,,1985-02-06,0,,서울특별시 강남구 대치동 500호,2001322008307500011,3220000,"서울특별시 강남구 남부순환로 2912 (대치동, 개포우성아파트)",,,01,영업/정상,대규모점포,,,02-3458-9571
롯데종합상가,그 밖의 대규모점포,,,,2026-04-30 22:00:13,I,1,정상영업,2009-05-15 15:40:50,,1985-02-04,0,641-784,경상남도 창원시 용호동 63번지 롯데아파트,1985527002207500001,5670000,,,,01,영업/정상,,,,055-281-3705
제일시장,그 밖의 대규모점포,,263815.717679964,486351.132414808,2026-05-10 21:30:32,I,1,정상영업,2025-06-30 11:25:00,,1985-01-21,7141.98,200-050,강원특별자치도 춘천시 죽림동 32번지,1985418001607500010,4181000,"강원특별자치도 춘천시 약사고개길 13 (죽림동, 제일시장)",,,01,영업/정상,대규모점포,,,033-254-7320
대신지하상가,그 밖의 대규모점포,,342797.374532252,264457.420146092,2026-05-08 22:34:09,I,1,정상영업,2025-04-10 14:46:57,,1985-01-17,3368,,대구광역시 중구 대신동 115-1 대신지하상가,1985341004607500001,3410000,"대구광역시 중구 국채보상로 지하470, 대신지하상가 (대신동)",41925,,01,영업/정상,대규모점포,,,053-657-2560
대연삼익상가,그 밖의 대규모점포,2020-08-27,,,2026-05-06 22:35:18,I,3,폐업처리,2020-08-28 15:24:24,,1984-12-22,209,,,1984331001607500007,3310000,"부산광역시 남구 황령대로 504 (대연동, 대연삼익비치아파트)",48514,,03,폐업,대규모점포,,,051-624-8100
새감만종합시장,그 밖의 대규모점포,2024-03-26,389699.055973041,181675.810892818,2026-05-06 22:35:18,I,3,폐업처리,2024-03-26 14:12:09,,1984-12-21,115,,부산광역시 남구 감만동 163번지 10호,1984331001607500006,3310000,부산광역시 남구 홍곡로 3 (감만동),,,03,폐업,대규모점포,,,
합성시장,그 밖의 대규모점포,,,,2026-04-30 22:00:13,I,1,정상영업,2007-06-30 10:28:07,,1984-11-20,,,경상남도 마산시 회원동 654번지 8호,1984528000007500014,5670000,,,,01,영업/정상,,,,055-1293-0666
옥수동새시장,그 밖의 대규모점포,,359036.111099787,155366.935257818,2025-12-15 16:15:28,I,1,정상영업,2012-02-10 10:50:23,,1984-11-08,,,경상남도 거제시 능포동 68호,2001537001007500003,5370000,경상남도 거제시 능포로16길 28 (능포동),,,01,영업/정상,,,,
옥포중앙시장,그 밖의 대규모점포,,354467.24185873,156326.740280182,2025-12-15 16:15:28,I,1,정상영업,2024-09-09 17:22:53,,1984-09-20,429.8,,경상남도 거제시 옥포동 529번지 8   호,2000537000007500002,5370000,경상남도 거제시 옥포로 215 (옥포동),,,01,영업/정상,대규모점포,,,055-687-8659
오수상설시장,그 밖의 대규모점포,,229578.829195806,226554.694490963,2025-12-15 16:15:28,I,1,정상영업,2007-06-30 10:53:16,,1984-08-27,,,전북특별자치도 임실군 오수면 오수리 351번지 1호,2001476000807500000,4761000,전북특별자치도 임실군 오수면 오수로 159,,,01,영업/정상,,,,063-642-5207
두암종합시장,그 밖의 대규모점포,,190916.911377676,443681.766720649,2026-05-11 22:40:05,I,1,정상영업,2007-07-07 12:24:36,,1984-08-23,,,서울특별시 영등포구 대림동 717호,2001318007607500024,3180000,서울특별시 영등포구 대림로29길 13 (대림동),,,01,영업/정상,,,,02-841-0508
소계시장,그 밖의 대규모점포,,,,2026-04-30 22:00:13,I,1,정상영업,2009-05-15 15:51:06,,1984-08-20,0,,경상남도 창원시 소계동 724-4호,1984527002207500001,5670000,,,,01,영업/정상,,,,055-256-0285
현대화유통기업(주),대형마트,,,,2026-05-06 22:48:29,I,1,정상영업,2007-07-14 10:16:27,,1984-08-06,,,서울특별시 은평구 구산동 182번지 6  호,2001311008807500018,3110000,,,,01,영업/정상,,,,02-355-5654
가든백화점,백화점,1998-03-31,,,2026-07-01 10:38:39,I,3,폐업처리,2020-12-03 16:40:30,,1984-06-15,8430,,전남광주통합특별시 동구 충장로3가 23호,2000359001107500302,5805000,전남광주통합특별시 동구 충장로 72 (충장로3가),,,03,폐업,대규모점포,,,062-232-7711
더보이저 광주,쇼핑센터,,192195.476988591,183258.272322312,2026-07-14 11:38:15,I,1,정상영업,2023-05-15 08:36:59,,1984-06-15,8334.32,,전남광주통합특별시 동구 충장로3가 24,1984359008107500001,5805000,전남광주통합특별시 동구 충장로 72 (충장로3가),61483,,01,영업/정상,대규모점포,,,031-705-3332
두류종합시장,그 밖의 대규모점포,,339519.887300731,261695.267410465,2025-12-15 16:15:28,I,1,정상영업,2009-06-22 15:35:45,,1984-06-08,0,,대구광역시 달서구 성당동 704번지 5호,2000347000007500001,3470000,대구광역시 달서구 당산동길 9 (성당동),,,01,영업/정상,,,,053-651-1301
대치종합상가,그 밖의 대규모점포,,205558.159926896,444312.078934352,2025-12-15 16:15:28,I,1,정상영업,2019-08-31 12:34:20,,1984-05-25,2105.31,,서울특별시 강남구 대치동 977번지 12  호,2001322008307500015,3220000,서울특별시 강남구 삼성로64길 41 (대치동),,,01,영업/정상,대규모점포,,,02-566-4105
고성오일시장,시장,,191903.647929481,-4926.38041366583,2026-05-02 22:48:39,I,1,정상영업,2010-06-23 11:00:50,,1984-04-19,825,699-901,제주특별자치도 서귀포시 성산읍 고성리 1188번지 2호,2010652001607500002,6520000,제주특별자치도 서귀포시 성산읍 고성오조로 93,,,01,영업/정상,,,,064-760-4282
월배시장,그 밖의 대규모점포,,,,2025-12-15 16:15:28,I,1,정상영업,2007-07-14 12:20:22,,1984-03-15,,,대구광역시 달서구 진천동 241번지 3   호,2000347000007500010,3470000,,,,01,영업/정상,,,,053-632-3665
(주)금강개발산업,그 밖의 대규모점포,,202485.226490575,447521.520319158,2025-12-15 16:15:28,I,2,휴업처리,2007-07-14 10:53:01,,1984-03-07,,,서울특별시 강남구 압구정동 456호,1984322008307500006,3220000,,,,02,휴업,,,,02-549-2233
하나로쇼핑센타,쇼핑센터,2002-07-18,167688.085613053,439146.239331465,2026-03-26 22:48:21,I,3,폐업처리,2019-01-10 17:05:42,,1984-02-14,0,,인천광역시 남구 용현동 628번지 62  호,2000351001307500003,3510500,,,,03,폐업,대규모점포,,,032-883-1896
한화 송파지점,그 밖의 대규모점포,,210057.912138022,444767.367639796,2026-01-13 22:18:10,U,1,정상영업,2026-01-12 09:24:51,,1984-02-08,5269,138-851,서울특별시 송파구 송파1동 121번지,2011323019807500001,3230000,서울특별시 송파구 가락로 183 (송파동),,,01,영업/정상,대규모점포,,,02-416-6006
한보종합상가,그 밖의 대규모점포,,205886.286776047,443467.611815598,2025-12-15 16:15:28,I,1,정상영업,2018-04-18 17:24:03,,1984-02-08,11740.39,,서울특별시 강남구 대치동 511번지 한보미도맨션,1984322016207500001,3220000,"서울특별시 강남구 삼성로 150 (대치동, 한보미도맨션)",06288,,01,영업/정상,대규모점포,,,02-561-4267
충무데파트종합상설시장,그 밖의 대규모점포,,,,2026-05-04 22:00:45,I,1,정상영업,2017-03-15 15:08:27,,1984-01-28,,,경상남도 통영시 태평동 409번지 1   호,2000533000007500003,5330000,,,,01,영업/정상,,,,055-7645-8976
서호전통시장,그 밖의 대규모점포,,329787.771178459,150296.717151054,2026-05-04 22:00:45,I,1,정상영업,2013-07-16 10:56:08,,1984-01-26,0,,경상남도 통영시 서호동 163호,2000533000007500000,5330000,경상남도 통영시 충렬안길 35-6 (서호동),,,01,영업/정상,대규모점포,,,055-7645-3024
서부종합시장,그 밖의 대규모점포,2022-11-15,234997.788059481,312771.236661075,2026-05-03 22:38:32,I,3,폐업처리,2022-11-15 10:09:59,,1984-01-23,4085.84,,"대전광역시 중구 유천동 335번지 17호 (관계지번:유천동 335-5,6,7,8,9,10)",1984365011507500001,3650000,대전광역시 중구 대둔산로 518 (유천동),34978,,03,폐업,대규모점포,,,042-582-3822
서부종합시장,그 밖의 대규모점포,,,,2026-05-03 22:38:32,I,BBBB,,2007-06-30 10:58:52,,1984-01-23,4085.84,,대전광역시 중구 유천동 335-17호,1984365001507500006,3650000,,,,01,영업/정상,,,,
오정종합시장,그 밖의 대규모점포,,181044.340405101,447207.587112416,2025-12-15 16:15:28,I,4,직권취소,2014-02-11 14:50:07,,1984-01-12,0,,경기도 부천시 오정구오정동 572호,1984386000007500007,3860000,경기도 부천시 오정구 오정로232번길 50 (오정동),,,04,취소/말소/만료/정지/중지,대규모점포,,,032-674-8989
중앙지하상가,시장,,155762.040239116,1970.72363201141,2025-12-15 16:15:28,I,1,정상영업,2014-09-24 11:47:25,,1983-12-31,3895,690-780,제주특별자치도 제주시 일도1동 1425번지 3호 중앙지하상가,1983549000007500001,6510000,"제주특별자치도 제주시 중앙로 지하 60 (일도일동,중앙지하상가)",,,01,영업/정상,대규모점포,,,064-752-0011
(주)무진시장,그 밖의 대규모점포,,,,2026-07-01 10:52:05,I,1,정상영업,2007-07-14 11:05:22,,1983-11-26,,,전남광주통합특별시 남구 주월동 1275-1호,2000361001207500002,5815000,,,,01,영업/정상,,,,062-675-1355
본백화점,백화점,2001-09-04,,,2025-12-15 16:15:28,I,3,폐업처리,2012-09-07 15:46:34,,1983-11-22,0,,경기도 안양시만안구 안양동 668번지 33호,1983383006207500001,3830000,경기도 안양시 만안구 안양로 316 (안양동),,,03,폐업,대규모점포,,,031-443-0171
자유종합상가,그 밖의 대규모점포,,381263.475802174,179570.816415014,2026-05-07 22:31:32,I,1,정상영업,2014-02-24 14:50:16,,1983-11-09,1809,,부산광역시 사하구 괴정동 740-1호,2000334001707500009,3340000,부산광역시 사하구 낙동대로 261 (괴정동),,,01,영업/정상,대규모점포,,,051-0291-3347
충렬상가시장,그 밖의 대규모점포,,392091.197198569,190803.962047467,2025-12-15 16:15:28,I,1,정상영업,2007-07-14 10:35:50,,1983-11-05,,,부산광역시 동래구 안락동 464번지 21호,1983330001607500011,3300000,부산광역시 동래구 충렬대로459번길 73-10 (안락동),,,01,영업/정상,,,,051-523-9628
달서송림시장,그 밖의 대규모점포,,,,2025-12-15 16:15:28,I,1,정상영업,2007-07-14 12:20:22,,1983-11-01,,,대구광역시 달서구 본동 225번지 1   호,2000347000007500011,3470000,,,,01,영업/정상,,,,053-624-1272
삼성종합시장,시장,2010-12-30,204582.09981345,445311.806281605,2025-12-15 16:15:28,I,3,폐업처리,2013-12-30 10:33:56,,1983-10-11,0,,서울특별시 강남구 삼성동 122번지 8 호,2001322008307500010,3220000,서울특별시 강남구 봉은사로72길 39 (삼성동),,,03,폐업,대규모점포,,,02-562-3886
대정오일시장,시장,,129854.290023191,-30355.065016785,2026-05-02 22:48:39,I,1,정상영업,2010-06-23 11:01:41,,1983-10-01,7548,699-935,제주특별자치도 서귀포시 대정읍 하모리 1089번지 15호,2010652001607500001,6520000,제주특별자치도 서귀포시 대정읍 신영로36번길 65,,,01,영업/정상,,,,064-760-4081
코아백화점,백화점,2010-08-23,,,2025-12-15 16:15:28,I,3,폐업처리,2013-01-04 10:16:48,,1983-09-21,0,,전북특별자치도 전주시완산구 서노송동 호 627-1,1983400000007500000,4641000,,,,03,폐업,대규모점포,,,063-280-1681
전주코아백화점,백화점,,213010.115138226,258388.283849404,2025-12-15 16:15:28,I,1,정상영업,2009-06-15 17:07:50,,1983-09-20,16456,560-926,전북특별자치도 전주시 완산구 서노송동 627번지 1호 전주코아백화점,2009464032407500002,4641000,"전북특별자치도 전주시 완산구 팔달로 262-6 (서노송동,전주코아백화점)",,,01,영업/정상,,,,
이현시장,그 밖의 대규모점포,,,,2026-05-06 22:35:24,I,1,정상영업,2007-06-30 11:12:41,,1983-09-20,,,대구광역시 서구 평리동 606번지 8  호,1983343001007500000,3430000,,,,01,영업/정상,,,,053-563-7164
영등포로타리지하상가,그 밖의 대규모점포,,,,2026-05-11 22:40:05,I,1,정상영업,2007-07-07 12:24:36,,1983-09-09,,,서울특별시 영등포구 영등포동5가 20호,2001318007607500005,3180000,,,,01,영업/정상,,,,02-678-8586
(주)상무시장,그 밖의 대규모점포,,187558.078186172,183478.125629171,2026-07-14 11:38:15,I,2,휴업처리,2007-07-21 10:15:34,,1983-08-22,,,전남광주통합특별시 서구 쌍촌동 988호,1999360000007500008,5810000,전남광주통합특별시 서구 쌍촌로 61 (쌍촌동),,,02,휴업,,,,062-373-9082
엄마손상가,그 밖의 대규모점포,,209440.726523187,444369.495694674,2025-12-15 16:15:28,I,1,정상영업,2014-07-30 10:02:07,,1983-07-16,2771,138-190,서울특별시 송파구 석촌동 277번지 2호,2008323013107500003,3230000,서울특별시 송파구 가락로 103 (석촌동),,1988-08-25,01,영업/정상,대규모점포,,,
복현종합시장,,,346206.549416769,267011.715272701,2026-05-03 22:36:10,I,1,정상영업,2007-07-07 12:21:29,,1983-07-04,,,대구광역시 북구 복현동 462호,2000345001207500009,3450000,대구광역시 북구 경진로1길 78 (복현동),,,01,영업/정상,,,,053-955-5477
대공원시장,그 밖의 대규모점포,,,,2026-05-03 22:40:50,I,1,정상영업,2007-07-14 11:13:31,,1983-07-01,,,대구광역시 수성구 수성동1가 649-76호,1983346005507500012,3460000,,,,01,영업/정상,,,,053-0743-4318
청평화시장,그 밖의 대규모점포,,201250.876993355,451908.773811626,2026-03-26 22:48:21,I,1,정상영업,2024-04-01 09:12:19,,1983-06-03,12192.28,100-451,서울특별시 중구 신당1동 217번지 91호,2005301007107500001,3010000,서울특별시 중구 청계천로 334 (신당동),,,01,영업/정상,대규모점포,,,02-2232-8082
태화백화점,백화점,2003-05-27,,,2025-12-15 16:15:28,I,3,폐업처리,2009-06-15 14:17:25,,1983-05-10,0,,부산광역시 부산진구 부전동 193-1호,2000329000107500032,3290000,,,,03,폐업,,,,051-805-1234
방배종합시장,그 밖의 대규모점포,,198492.797210723,442199.268340209,2025-12-15 16:15:28,I,1,정상영업,2013-03-16 16:02:33,,1983-04-30,3080,,,2013321012207500008,3210000,서울특별시 서초구 방배천로16길 18 (방배동),,,01,영업/정상,대규모점포,,,02-3486-4924
사단법인 춘천남부시장조합,복합쇼핑몰,,263776.104141899,485573.469431416,2026-05-10 21:30:32,U,1,정상영업,2025-10-24 15:07:20,,1983-03-30,5544.6,200-954,강원특별자치도 춘천시 효자1동 684번지 11호,1983418001607514012,4181000,강원특별자치도 춘천시 공지로 367 (효자동),,,01,영업/정상,대규모점포,,,033-242-1561
원당종합시장,그 밖의 대규모점포,2015-03-02,,,2025-12-15 16:15:28,I,3,폐업처리,2015-03-02 16:36:49,,1983-01-28,0,,경기도 고양시덕양구 성사동 698-2호,2000394000007500002,3940000,,,,03,폐업,,,,034-4962-5422
신천지시장,시장,,384836.914455912,179432.734579543,2026-05-28 03:03:03,U,1,정상영업,2026-05-27 17:54:20,,1983-01-08,11527,,부산광역시 중구 남포동6가 3호,1983325001407500044,3250000,부산광역시 중구 자갈치로 33 (남포동6가),,,01,영업/정상,대규모점포,,,051-246-1012
재송시장,대형마트,,,,2026-05-10 22:54:09,I,1,정상영업,2007-07-07 10:11:47,,1982-12-30,,,부산광역시 해운대구 재송동 1080번지 5   호,1982333001507500001,3330000,,,,01,영업/정상,,,,051-0781-5687
송도시장,그 밖의 대규모점포,,,,2026-05-07 22:37:40,I,1,정상영업,2007-06-30 12:09:18,,1982-12-16,,,경상북도 포항시북구 죽도동 2-4호,2000502007107500024,5020000,,,,01,영업/정상,,,,
(주)신세계 타임스퀘어점,백화점,,191581.500265536,446108.807192753,2026-05-11 22:40:06,I,1,정상영업,2024-04-24 16:07:18,,1982-12-15,11893.83,150-985,서울특별시 영등포구 영등포동4가 434번지 5호 신세계백화점,2009318011707500002,3180000,"서울특별시 영등포구 영중로 9 (영등포동4가, 신세계백화점)",,2009-08-21,01,영업/정상,대규모점포,,,02-2639-1041
경창상가,그 밖의 대규모점포,,,,2026-04-30 22:00:13,I,1,정상영업,2018-05-03 10:15:27,,1982-12-14,0,,경상남도 창원시 상남동 73-5호,1982527002207500002,5670000,,,,01,영업/정상,,,,055-285-0550
부일종합시장,그 밖의 대규모점포,,177225.381904477,442532.281078928,2026-05-06 22:48:27,I,1,정상영업,2008-03-27 16:32:23,,1982-11-17,2732,,인천광역시 부평구 일신동 107호,1982354004707500002,3540000,,,,01,영업/정상,,,,032-528-3187
한양스토아,그 밖의 대규모점포,,201100.600979283,444376.532945802,2025-12-15 16:15:28,I,1,정상영업,2013-03-16 15:56:28,,1982-11-12,1256,,,2013321012207500007,3210000,서울특별시 서초구 서초중앙로 220 (반포동),,,01,영업/정상,대규모점포,,,02-536-6261
서부시장,그 밖의 대규모점포,,,,2025-12-15 16:15:28,I,1,정상영업,2007-06-30 17:13:15,,1982-10-26,,,전북특별자치도 전주시완산구 효자동1가 호 201-2,1982300000007500000,4641000,,,,01,영업/정상,,,,063-221-5336
유천종합소매시장,그 밖의 대규모점포,2009-05-20,,,2026-05-03 22:38:32,I,3,폐업처리,2009-05-20 11:27:01,,1982-10-26,0,,대전광역시 중구 유천동 304-11호,1982365001507500005,3650000,,,,03,폐업,,,,
코레일유통주식회사,그 밖의 대규모점포,2009-08-25,191272.12099068,447064.885774633,2026-05-11 22:40:04,I,3,폐업처리,2009-10-15 14:50:41,,1982-10-20,5380,150-043,서울특별시 영등포구 당산동3가 2번지 7호,1982318011707500001,3180000,,,,03,폐업,,,,02-2630-8800
한남하이츠상가,구분없음,,201181.598996876,448609.588125745,2026-05-07 22:31:40,I,1,정상영업,2023-12-07 15:08:50,,1982-10-16,0,,서울특별시 성동구 옥수동 220번지 1호 한남하이츠아파트,1982303010307500001,3030000,"서울특별시 성동구 독서당로 160, 한남하이츠아파트 (옥수동)",04736,,01,영업/정상,대규모점포,,,22972484
삼익상가,그 밖의 대규모점포,,,,2026-05-06 22:35:24,I,1,정상영업,2007-06-30 11:12:41,,1982-10-01,,,대구광역시 서구 내당동 308번지 1  호,1982343001007500002,3430000,,,,01,영업/정상,,,,053-566-9602
중평시장,그 밖의 대규모점포,,,,2026-05-06 22:35:24,I,1,정상영업,2007-06-30 11:12:41,,1982-09-15,,,대구광역시 서구 평리동 1437번지 5  호,1982343001007500001,3430000,,,,01,영업/정상,,,,053-566-6301
송현시장,그 밖의 대규모점포,,,,2025-12-15 16:15:28,I,1,정상영업,2007-07-14 12:20:22,,1982-09-13,,,대구광역시 달서구 송현동 185번지 8   호,2000347000007500009,3470000,,,,01,영업/정상,,,,053-629-3197
새범어종합시장,그 밖의 대규모점포,,,,2026-05-03 22:40:50,I,1,정상영업,2007-07-14 11:13:31,,1982-08-16,,,대구광역시 수성구 범어동 432-1호,1982 46005507500010,3460000,,,,01,영업/정상,,,,053-0741-0501
대연시장,그 밖의 대규모점포,,390274.591729987,183834.679114521,2026-05-06 22:35:18,I,1,정상영업,2015-04-14 16:05:15,,1982-07-01,,,부산광역시 남구 대연동 1760번지 1호,1982331001607500005,3310000,부산광역시 남구 못골로 56 (대연동),,,01,영업/정상,,,,
구마종합시장,그 밖의 대규모점포,,340387.887394525,261250.603876314,2025-12-15 16:15:28,I,1,정상영업,2007-07-14 12:20:22,,1982-06-30,,,대구광역시 달서구 성당동 440호,2000347000007500005,3470000,대구광역시 달서구 장기로5길 29 (성당동),,,01,영업/정상,,,,053-625-2900
양덕중앙시장,그 밖의 대규모점포,,344137.784185973,193745.731782616,2026-04-30 22:00:13,I,1,정상영업,2007-06-30 10:28:07,,1982-06-28,,,경상남도 마산시 양덕동 15번지 1호,1982528000007500008,5670000,경상남도 창원시 마산회원구 양덕북10길 23 (양덕동),,,01,영업/정상,,,,055-1299-2577
부림상시장,그 밖의 대규모점포,,,,2026-04-30 22:00:13,I,1,정상영업,2007-06-30 10:28:07,,1982-06-05,,,경상남도 마산시 부림동 83호,1982528000007500002,5670000,,,,01,영업/정상,,,,055-1223-0025
신사쇼핑,그 밖의 대규모점포,,201230.693449214,445992.459343379,2025-12-15 16:15:28,I,1,정상영업,2020-09-09 14:57:03,,1982-05-31,3138,,,2013321012207500011,3210000,서울특별시 서초구 나루터로 37 (잠원동),,,01,영업/정상,대규모점포,,,02-593-0244
전주동부시장,그 밖의 대규모점포,,213592.435541353,257789.483361644,2025-12-15 16:15:28,I,1,정상영업,2007-06-30 17:13:15,,1982-05-28,,,전북특별자치도 전주시완산구 경원동3가 90번지 13호,1982464016207500002,4641000,전북특별자치도 전주시 완산구 충경로 109 (경원동3가),,,01,영업/정상,,,,063-288-4487
동부시장,그 밖의 대규모점포,,,,2025-12-15 16:15:28,I,1,정상영업,2007-06-30 17:13:15,,1982-05-28,,,전북특별자치도 전주시완산구 경원동3가 호 90-13,1982200000007500000,4641000,,,,01,영업/정상,,,,063-288-4487
양지종합시장,시장,,212082.014198045,450348.793644384,2026-05-06 22:47:36,I,BBBB,,2013-02-13 10:17:42,,1982-05-27,0,134-855,서울특별시 강동구 암사3동 451번지 16호,2013324018907500001,3240000,,,,01,영업/정상,대규모점포,,,
영주종합시장,시장,,344677.084839061,369207.950589829,2025-12-15 16:15:28,I,1,정상영업,2024-07-31 15:31:25,,1982-05-06,2516.58,750-915,경상북도 영주시 휴천2동 305번지,2012509007907500004,5090000,경상북도 영주시 선비로79번길 40-12 (휴천동),,,01,영업/정상,대규모점포,,,054-631-1420
수성현대시장,그 밖의 대규모점포,,,,2026-05-03 22:40:50,I,1,정상영업,2007-07-14 11:13:31,,1982-05-04,,,대구광역시 수성구 수성동1가 649-76호,1983346005507500011,3460000,,,,01,영업/정상,,,,053-0762-5917
가남종합시장,시장,,385307.140933194,185334.798554277,2025-12-15 16:15:28,I,1,정상영업,2013-12-30 16:05:00,,1982-04-22,1083.65,,부산광역시 부산진구 가야동 450-2호,2000329000107500021,3290000,부산광역시 부산진구 대학로 64-1 (가야동),,,01,영업/정상,대규모점포,,,051-892-5176
썬프라자,쇼핑센터,,191800.728214995,443809.773854649,2026-05-11 22:40:06,U,1,정상영업,2026-05-08 10:58:37,,1982-04-22,8388.65,150-820,서울특별시 영등포구 대림1동 909번지 2호,2009318011707500003,3180000,서울특별시 영등포구 신길로 41 (대림동),,,01,영업/정상,대규모점포,,,
인현지하상가,그 밖의 대규모점포,,,,2026-07-01 09:42:12,I,1,정상영업,2013-12-24 10:20:57,,1982-04-21,1315,400-180,인천광역시 제물포구 인현동 1번지,1982349001207500008,3501000,인천광역시 제물포구 참외전로 지하 123 (인현동),,,01,영업/정상,대규모점포,,,032-773-0063
LK마트(빌딩),그 밖의 대규모점포,,234839.52283825,314801.489816511,2026-05-07 22:30:15,I,1,정상영업,2024-05-16 20:39:09,,1982-04-10,8292,,대전광역시 서구 가장동 52번지 1호,1982366001507500003,3660000,대전광역시 서구 도산로314번길 19 (가장동),35312,,01,영업/정상,대규모점포,,,042-537-0945
터미널상가,그 밖의 대규모점포,,200554.74395758,444811.364826199,2025-12-15 16:15:28,I,1,정상영업,2017-04-24 20:53:39,,1982-04-08,56379.9,,서울특별시 서초구 반포동 19번지 4   호,1982321007607500001,3210000,서울특별시 서초구 신반포로 194 (반포동),,,01,영업/정상,대규모점포,,,02-535-4160
서면지하도상가 서면몰,복합쇼핑몰,,387618.822819678,186273.478853335,2025-12-15 16:15:28,I,1,정상영업,2023-11-09 10:43:40,,1982-03-20,5790,,부산광역시 부산진구 부전동 573번지 1호,2000329000107500020,3290000,"부산광역시 부산진구 중앙대로 지하 717 (부전동, 대현프리몰)",47286,,01,영업/정상,대규모점포,,,051-713-8266
새구포종합상가시장,그 밖의 대규모점포,,382937.473471161,192172.902959874,2026-05-03 22:39:04,I,1,정상영업,2007-07-14 11:26:29,,1982-03-03,,,부산광역시 북구 덕천동 355번지 4호,1982332004207500001,3320000,부산광역시 북구 의성로 96 (덕천동),,,01,영업/정상,,,,051-335-2000
한민재래시장,그 밖의 대규모점포,,,,2026-05-07 22:30:15,I,1,정상영업,2007-06-23 10:15:16,,1982-02-18,,,대전광역시 서구 괴정동 97-7호,1982366001507500034,3660000,,,,01,영업/정상,,,,042-525-9050
한민시장,그 밖의 대규모점포,,,,2026-05-07 22:30:15,I,1,정상영업,2007-06-23 10:15:16,,1982-02-18,,,대전광역시 서구 괴정동 91-7호,1982366001507500002,3660000,,,,01,영업/정상,,,,042-522-1332
선화상가,대형마트,,,,2026-05-03 22:38:31,I,1,정상영업,2007-06-30 10:58:52,,1982-02-08,,,대전광역시 중구 선화동 160-1호,1982365001507500004,3650000,,,,01,영업/정상,,,,
십정종합시장,시장,,173004.559185393,441296.896591553,2026-05-06 22:48:27,I,1,정상영업,2008-12-22 11:11:51,,1982-01-29,0,,인천광역시 부평구 십정동 321번지 6호,1982354004707500001,3540000,,,,01,영업/정상,,,,032-423-7294
프리마 쇼핑센타,그 밖의 대규모점포,,206397.34797252,444963.233863255,2025-12-15 16:15:28,I,1,정상영업,2011-12-21 14:55:39,,1982-01-29,7225,138-220,서울특별시 송파구 잠실동 101번지 1호,2008323013107500002,3230000,서울특별시 송파구 올림픽로4길 40 (잠실동),,1982-01-29,01,영업/정상,대규모점포,,,
둔촌종합상가,그 밖의 대규모점포,2018-05-29,211979.520569314,446932.653730601,2026-05-06 22:47:37,I,3,폐업처리,2018-07-03 16:08:22,,1982-01-18,7207.95,134-771,서울특별시 강동구 둔촌동 172번지 1호,2014324018907500003,3240000,서울특별시 강동구 양재대로 1330 (둔촌동),,,03,폐업,대규모점포,,,02-476-3154
낙원상가,그 밖의 대규모점포,,,,2026-04-30 22:00:13,I,1,정상영업,2009-05-15 15:45:06,,1982-01-16,0,,경상남도 창원시 반림동 10-5호,1982527002207500001,5670000,,,,01,영업/정상,,,,055-282-3871
럭키남서울상가,그 밖의 대규모점포,,191026.637157812,438701.205634976,2026-05-07 22:30:11,I,1,정상영업,2007-07-07 11:59:15,,1982-01-14,,,서울특별시 금천구 시흥동 1002번지 1호,1982317006707500014,3170000,서울특별시 금천구 시흥대로47길 43 (시흥동),,,01,영업/정상,,,,02-806-0123
중리시장,그 밖의 대규모점포,,,,2026-05-06 22:35:24,I,1,정상영업,2007-06-30 11:12:41,,1982-01-12,,,대구광역시 서구 평리동 1538번지 3   호,1982343001007500000,3430000,,,,01,영업/정상,,,,053-565-1653
신라쇼핑쎈타,그 밖의 대규모점포,,241325.88088399,348141.884346319,2026-05-06 22:48:24,I,1,정상영업,2014-04-02 14:55:46,,1981-12-30,0,,충청북도 청주시 서원구 사창동 269-11번지,2000436000907500000,5710000,충청북도 청주시 서원구 사직대로144번길 34 (사창동),,,01,영업/정상,대규모점포,,,043-274-4437
공단종합시장,그 밖의 대규모점포,,301952.964421895,187911.22694411,2025-12-15 16:15:28,I,1,정상영업,2011-11-09 15:35:18,,1981-12-24,0,,경상남도 진주시 하대동 70번지 2   호,1981531000007500006,5310000,경상남도 진주시 상대로69번길 8 (하대동),,,01,영업/정상,준대규모점포,,,059-1752-6652
동수종합시장,그 밖의 대규모점포,2005-12-31,,,2026-05-06 22:48:27,I,3,폐업처리,2008-03-27 16:36:35,,1981-12-15,0,,인천광역시 부평구 부평동 224번지 1호,1981354004707500002,3540000,,,,03,폐업,,,,032-501-2060
원미종합시장,그 밖의 대규모점포,,181116.067821165,443358.487879995,2025-12-15 16:15:28,I,4,직권취소,2014-02-11 14:56:41,,1981-11-30,0,,경기도 부천시 원미구원미동 127번지 5호,1981386000007500006,3860000,경기도 부천시 원미구 부천로90번길 51 (원미동),,,04,취소/말소/만료/정지/중지,대규모점포,,,
재송삼익상가시장,대형마트,,393140.687808246,190048.604696982,2026-05-10 22:54:09,I,1,정상영업,2007-07-07 10:11:47,,1981-10-30,,,부산광역시 해운대구 재송동 1023호,1981333001507500001,3330000,부산광역시 해운대구 해운대로61번가길 6 (재송동),,,01,영업/정상,,,,051-0782-6013
홍천중앙시장,시장,,278086.78842997,465792.77709058,2025-12-15 16:15:28,I,1,정상영업,2020-01-29 17:54:00,,1981-10-27,4374.48,,강원특별자치도 홍천군 홍천읍 신장대리 5번지 3호,1981425004207500001,4251000,강원특별자치도 홍천군 홍천읍 홍천로8길 17,25137,,01,영업/정상,대규모점포,,,033-434-2955
제일평화시장,그 밖의 대규모점포,,200938.52813687,451798.00308625,2026-03-26 22:48:22,I,1,정상영업,2023-05-08 10:26:01,,1981-10-27,9629.48,,,2012301010007500001,3010000,서울특별시 중구 마장로 13 (신당동),,1981-10-27,01,영업/정상,대규모점포,,,02-2252-6744
일산시장,시장,,,,2025-12-15 16:15:28,I,1,정상영업,2009-01-16 17:04:11,,1981-10-20,0,,경기도 고양시일산서구 일산동 617-20호,2000394000007500001,3940000,,,,01,영업/정상,,,,
인천종합어시장사업협동조합,시장,,,,2026-07-01 09:42:12,I,1,정상영업,2020-05-01 13:19:54,,1981-10-19,7626.2,400-037,인천광역시 제물포구 항동7가 27번지 69호,1981349001207500004,3501000,인천광역시 제물포구 연안부두로33번길 37 (항동7가),,,01,영업/정상,대규모점포,,,032-888-4241
목동시장아울렛,그 밖의 대규모점포,,188117.351835882,448552.989897945,2025-12-15 16:15:28,I,1,정상영업,2014-08-18 16:38:35,,1981-09-23,3014,,서울특별시 양천구 목동 739번지 1호,1981314011407500001,3140000,서울특별시 양천구 목동중앙본로7길 45 (목동),,2007-02-26,01,영업/정상,대규모점포,,,02-2643-2767
동부시장,시장,,192304.843148098,186080.240871386,2026-07-14 11:38:15,I,1,정상영업,2017-03-20 09:24:41,,1981-09-10,1294.18,,전남광주통합특별시 북구 중흥동 272번지 6호,1987362001207500005,5820000,전남광주통합특별시 북구 중문로9번길 39 (중흥동),,,01,영업/정상,대규모점포,,,062-264-3430
문화상가,그 밖의 대규모점포,,,,2025-12-15 16:15:28,I,1,정상영업,2007-07-21 10:35:06,,1981-08-28,,,경상북도 영천시 야사동 187호,2000510007207500005,5100000,,,,01,영업/정상,,,,054-333-0598
완도읍5일시장,그 밖의 대규모점포,,,,2026-07-01 13:59:17,I,1,정상영업,2007-07-21 10:07:22,,1981-08-20,,,전남광주통합특별시 완도군 완도읍 군내리 1249번지 1   호,1981499001107500006,5900000,,,,01,영업/정상,,,,061-554-5460
사직종합시장,그 밖의 대규모점포,,242648.855730663,348457.962907069,2026-05-06 22:48:27,I,1,정상영업,2014-04-02 14:03:38,,1981-08-17,0,,충청북도 청주시 서원구 사직동 265-19번지,2000436000907500007,5710000,충청북도 청주시 서원구 사운로85번길 31,,,01,영업/정상,대규모점포,,,043-266-6650
유신종합상가,그 밖의 대규모점포,,348061.032221028,191024.375916164,2026-04-30 22:00:13,I,1,정상영업,2009-05-15 15:46:40,,1981-08-07,0,641-370,경상남도 창원시 신촌동 15번지 6호,1981527002207500002,5670000,경상남도 창원시 성산구 신촌로 21 (신촌동),,,01,영업/정상,,,,055-286-1096
회성종합시장,,,341837.673668667,193752.501324744,2026-04-30 22:00:13,I,1,정상영업,2007-06-30 10:28:07,,1981-08-05,,,경상남도 마산시 회성동 450번지 1호,1981528000007500011,5670000,경상남도 창원시 마산회원구 회성시장2길 54 (회성동),,,01,영업/정상,,,,055-1255-6051
중앙시장,그 밖의 대규모점포,,,,2026-07-01 12:27:45,I,1,정상영업,2007-07-21 11:08:49,,1981-07-31,,,전남광주통합특별시 순천시 남내동 119호,2000482000007500009,5790000,,,,01,영업/정상,,,,
반송종합시장,그 밖의 대규모점포,,,,2026-04-30 22:00:13,I,1,정상영업,2008-11-19 14:27:28,,1981-07-30,0,641-818,경상남도 창원시 반림동,1981527002207500001,5670000,,,,01,영업/정상,,,,055-282-7987
동서종합시장,그 밖의 대규모점포,,174324.97486278,439886.258455617,2026-03-26 22:49:55,I,1,정상영업,2013-12-30 15:43:55,,1981-07-30,435,,인천광역시 남동구 간석동 194호,2000353000007500008,3530000,인천광역시 남동구 석산로 167 (간석동),,,01,영업/정상,준대규모점포,,,032-439-6696
양학시장,그 밖의 대규모점포,,,,2026-05-07 22:37:40,I,1,정상영업,2007-06-30 12:09:18,,1981-07-29,,,경상북도 포항시북구 죽도동 2-4호,2000502007107500023,5020000,,,,01,영업/정상,,,,
신동아종합상가,그 밖의 대규모점포,,202099.715967965,443138.5940184,2025-12-15 16:15:28,I,1,정상영업,2013-03-16 14:20:30,,1981-07-23,1932,,,2013321012207500003,3210000,서울특별시 서초구 사임당로 130 (서초동),,,01,영업/정상,대규모점포,,,02-3473-3734
만수종합쇼핑,쇼핑센터,,,,2026-03-26 22:49:55,I,1,정상영업,2007-07-14 10:42:02,,1981-07-13,,,인천광역시 남동구 구월동 8번지 2호,2000353000007500007,3530000,,,,01,영업/정상,,,,032-471-5131
대전역전지하상가,시장,,238648.755454003,314509.147747802,2026-05-03 22:32:20,I,1,정상영업,2016-09-29 09:24:55,,1981-07-10,2615.83,300-733,대전광역시 동구 중동 317번지,2009364010407500011,3640000,대전광역시 동구 중앙로 지하 200 (중동),,,01,영업/정상,대규모점포,,,042-226-0768
지하상가,그 밖의 대규모점포,,238648.755454003,314509.147747802,2026-05-03 22:32:20,I,1,정상영업,2007-06-30 10:25:41,,1981-07-10,,,대전광역시 동구 중동 317호,1981364005807500037,3640000,,,,01,영업/정상,,,,042-863-0762
창곡종합시장,시장,,386481.395166662,188372.091879666,2025-12-15 16:15:28,I,1,정상영업,2020-11-27 14:35:54,,1981-07-01,2470.38,,부산광역시 부산진구 초읍동 271-1호,2000329000107500019,3290000,부산광역시 부산진구 새싹로 237 (초읍동),,,01,영업/정상,대규모점포,,,051-809-2191
구월종합상가(주),그 밖의 대규모점포,,,,2026-03-26 22:49:55,I,1,정상영업,2007-07-14 10:42:02,,1981-06-18,,,인천광역시 남동구 구월동 8번지 2호,2000353000007500006,3530000,,,,01,영업/정상,,,,032-469-6108
공단시장,그 밖의 대규모점포,,,,2026-03-26 22:48:21,I,1,정상영업,2007-06-30 12:25:07,,1981-06-17,,,인천광역시 남구 주안동 15번지 43  호,2000351001307500020,3510500,,,,01,영업/정상,,,,
밤고개시장,그 밖의 대규모점포,,341172.092393178,263548.78656326,2026-05-06 22:35:24,I,1,정상영업,2007-06-30 11:12:41,,1981-06-15,,,대구광역시 서구 내당동 13번지 1호,1981343001007500001,3430000,대구광역시 서구 서대구로8길 64 (내당동),,,01,영업/정상,,,,053-552-5070
부산전자종합시장번영회,시장,,387852.580571398,186872.703370928,2025-12-15 16:15:28,I,1,정상영업,2024-11-04 09:20:55,,1981-06-15,6156,,부산광역시 부산진구 부전동 29호,2006329008507500001,3290000,부산광역시 부산진구 부전로 196 (부전동),,,01,영업/정상,대규모점포,,,051-809-0863
서면중앙시장,시장,,387927.951172724,186582.791097672,2025-12-15 16:15:28,I,1,정상영업,2017-06-05 13:51:48,,1981-06-15,4545.2,,부산광역시 부산진구 전포동 608-1호,2000329000107500018,3290000,부산광역시 부산진구 동성로 143 (전포동),,,01,영업/정상,대규모점포,,,051-803-9884
부산전자종합,그 밖의 대규모점포,,,,2025-12-15 16:15:28,I,BBBB,,2007-07-14 10:43:12,,1981-06-15,0,,부산광역시 부산진구 부전동 29호,2000329000107500008,3290000,,,,01,영업/정상,,,,
보수종합시장,시장,,384268.876610502,180213.752067668,2026-07-02 22:18:10,U,1,정상영업,2026-07-01 16:24:41,,1981-06-11,4725,,부산광역시 중구 보수동3가 46-1호,1981325001407500041,3250000,부산광역시 중구 보수대로 94 (보수동3가),,,01,영업/정상,대규모점포,,,051-255-3601
시장로타리지하상가,그 밖의 대규모점포,,,,2026-05-06 22:48:27,I,1,정상영업,2008-03-27 16:39:45,,1981-06-05,3209,,인천광역시 부평구 부평동 224번지 1호,1981354004707500001,3540000,,,,01,영업/정상,,,,032-503-3859
황금시장,그 밖의 대규모점포,,346282.198324117,262132.399591504,2026-05-03 22:40:50,I,1,정상영업,2023-05-18 10:33:52,,1981-05-18,2384.83,,대구광역시 수성구 황금동 746번지,1981346014007500001,3460000,"대구광역시 수성구 청솔로 19 (황금동, 황금시장)",42143,,01,영업/정상,대규모점포,,,
황금시장,그 밖의 대규모점포,,,,2026-05-03 22:40:50,I,1,정상영업,2007-07-14 11:13:31,,1981-05-18,,,대구광역시 수성구 만촌동 984-1호,1981346005507500009,3460000,,,,01,영업/정상,,,,053-0765-0541
부림시장,그 밖의 대규모점포,,,,2026-04-30 22:00:13,I,1,정상영업,2007-06-30 10:28:07,,1981-05-16,,,경상남도 마산시 부림동 87호,1981528000007500001,5670000,,,,01,영업/정상,,,,
산격종합시장,그 밖의 대규모점포,,345348.050145499,267644.21974525,2026-05-03 22:36:09,I,1,정상영업,2007-07-07 12:21:29,,1981-05-02,,,대구광역시 북구 산격동 1258호,2000345001207500008,3450000,대구광역시 북구 대동로1길 34 (산격동),,,01,영업/정상,,,,053-959-8596
강화중앙시장,시장,,154378.141902035,471819.364242807,2026-03-26 22:48:23,I,1,정상영업,2021-01-06 16:17:21,,1981-04-21,4987,417-807,인천광역시 강화군 강화읍 신문리 205번지 5호,2008357003507500001,3570000,인천광역시 강화군 강화읍 강화대로 429,,,01,영업/정상,대규모점포,,,
역전통합시장,그 밖의 대규모점포,,343700.76237444,194126.336570704,2026-04-30 22:00:13,I,1,정상영업,2007-06-30 10:28:07,,1981-04-16,,,경상남도 마산시 석전동 226번지 2호,1981528000007500020,5670000,경상남도 창원시 마산회원구 석전동15길 23 (석전동),,,01,영업/정상,,,,055-1299-1033
역삼시장,시장,2013-02-20,204170.278135097,444036.656041328,2025-12-15 16:15:28,I,3,폐업처리,2013-12-30 09:39:50,,1981-04-14,0,,서울특별시 강남구 역삼동 796번지 22  호,2001322008307500016,3220000,서울특별시 강남구 역삼로52길 14 (역삼동),,,03,폐업,대규모점포,,,02-567-3424
서마시장,그 밖의 대규모점포,,345514.769619205,195643.250507979,2026-04-30 22:00:13,I,1,정상영업,2007-06-30 10:28:07,,1981-01-29,,,경상남도 마산시 구암동 88번지 2호,1981528000007500010,5670000,경상남도 창원시 마산회원구 구암남14길 8 (구암동),,,01,영업/정상,,,,055-1256-0937
와수시장(등록),시장,,238393.759533807,526333.178792545,2025-12-15 16:15:28,I,1,정상영업,2013-12-19 17:05:03,,1981-01-21,2036,269-841,강원특별자치도 철원군 서면 와수리 1171번지 21호,2009430006907500003,4301000,강원특별자치도 철원군 서면 와수로184번길 6-3,,,01,영업/정상,준대규모점포,,,033-458-9688
동송시장(등록),시장,,219098.448507271,522898.547960981,2025-12-15 16:15:28,I,1,정상영업,2013-12-19 17:07:35,,1981-01-21,1482,269-816,강원특별자치도 철원군 동송읍 이평리 680번지 1호,2009430006907500002,4301000,강원특별자치도 철원군 동송읍 이평로47번길 20,,,01,영업/정상,준대규모점포,,,033-455-2230
신철원시장(등록),시장,,227089.204728934,515810.37089671,2025-12-15 16:15:28,I,1,정상영업,2013-12-19 17:09:47,,1981-01-21,2068,269-805,강원특별자치도 철원군 갈말읍 신철원리 679번지,2009430006907500001,4301000,강원특별자치도 철원군 갈말읍 삼부연로18번길 8-1,,,01,영업/정상,준대규모점포,,,033-452-7070
새당감시장,시장,2024-05-02,385387.142920265,186869.394415198,2025-12-15 16:15:28,I,3,폐업처리,2024-05-02 13:44:17,,1981-01-21,534.6,,부산광역시 부산진구 당감동 479-9호,2000329000107500017,3290000,부산광역시 부산진구 동평로44번길 46 (당감동),,,03,폐업,대규모점포,,,051-898-3642
신평종합시장,시장,,380203.56302577,178733.098313152,2026-05-07 22:31:32,I,1,정상영업,2014-01-02 10:58:39,,1981-01-15,0,,부산광역시 사하구 신평동 111-213호,2000334001707500008,3340000,부산광역시 사하구 다대로134번길 44 (신평동),,,01,영업/정상,대규모점포,,,051-0291-3672
대평리시장,그 밖의 대규모점포,,,,2026-05-06 22:35:24,I,1,정상영업,2007-06-30 11:12:41,,1981-01-13,,,대구광역시 서구 평리동 676번지 1  호,1981343001007500000,3430000,,,,01,영업/정상,,,,053-567-9106
자유도매시장,그 밖의 대규모점포,,238721.710530402,314353.214325941,2026-05-03 22:32:20,U,1,정상영업,2026-04-06 17:12:05,,1981-01-08,3041,300-010,대전광역시 동구 원동 64번지 1호,1981364011407500001,3640000,대전광역시 동구 중앙로200번길 40 (원동),,,01,영업/정상,대규모점포,,,
자유도매시장,시장,,,,2026-05-03 22:32:20,I,1,정상영업,2015-07-10 10:21:21,,1981-01-08,3041,,대전광역시 동구 원동 64호,1981364005807500035,3640000,,,,01,영업/정상,대규모점포,,,042-226-0706
숭례문상가,그 밖의 대규모점포,,197831.002724157,450794.31483169,2026-03-26 22:48:21,I,1,정상영업,2016-04-10 17:13:12,,1980-12-20,6020.32,,서울특별시 중구 남창동 51번지 1호,2002301007107500005,3010000,,,,01,영업/정상,대규모점포,,,34553721
신평리시장,그 밖의 대규모점포,,340886.100617506,264225.457402251,2026-05-06 22:35:24,I,1,정상영업,2007-06-30 11:12:41,,1980-12-04,,,대구광역시 서구 평리동 1205호,1980343001007500000,3430000,대구광역시 서구 국채보상로52길 33 (평리동),,,01,영업/정상,,,,053-559-6391
복대시장,그 밖의 대규모점포,,240071.145545466,348294.072697145,2026-05-06 22:48:27,I,1,정상영업,2014-04-02 14:04:35,,1980-11-28,0,,충청북도 청주시 흥덕구 복대동 634번지,2000436000907500006,5710000,충청북도 청주시 흥덕구 사직대로11번길 14 (복대동),,,01,영업/정상,준대규모점포,,,043-272-0307
경명시장,그 밖의 대규모점포,,344814.602421764,265105.753758049,2026-05-03 22:36:09,I,1,정상영업,2013-07-08 09:10:31,,1980-11-27,0,,대구광역시 북구 칠성동1가 89호,2000345001207500002,3450000,대구광역시 북구 칠성시장로 19 (칠성동1가),,,01,영업/정상,대규모점포,,,053-426-0983
(주)한화갤러리 동백점,백화점,2013-12-31,238091.595770377,314326.383622307,2026-05-03 22:38:31,I,3,폐업처리,2014-01-10 16:33:49,,1980-11-26,12200.93,,,1980365009107500001,3650000,"대전광역시 중구 중앙로 141 (선화동, 갤러리아백화점)",,,03,폐업,대규모점포,,,
지하상가,그 밖의 대규모점포,,,,2025-12-15 16:15:28,I,4,직권취소,2021-09-12 16:51:46,2005-02-28,1980-11-25,380.43,,강원특별자치도 원주시 일산동 50번지 0   호,1980419007907500001,4191000,,,,04,취소/말소/만료/정지/중지,대규모점포,,,033-742-7339
동해종합시장,그 밖의 대규모점포,,,,2026-05-07 22:37:40,I,1,정상영업,2007-06-30 12:09:18,,1980-11-20,,,경상북도 포항시북구 죽도동 2-4호,2000502007107500022,5020000,,,,01,영업/정상,,,,
구암형대시장,그 밖의 대규모점포,,344787.449833932,195494.977517053,2026-04-30 22:00:13,I,1,정상영업,2007-06-30 10:28:07,,1980-11-17,,,경상남도 마산시 구암동 18번지 1호,1980528000007500018,5670000,,,,01,영업/정상,,,,055-1256-5246
충금지하상가,전문점,,192191.334234724,183303.308047019,2026-07-14 11:38:15,I,1,정상영업,2024-04-18 14:43:05,,1980-11-04,0,,전남광주통합특별시 동구 충장로3가 43호,2000359001107500005,5805000,전남광주통합특별시 동구 중앙로 지하 187 (충장로3가),,,01,영업/정상,준대규모점포,,,062-224-0591
삼주상가,그 밖의 대규모점포,,242755.908331287,348445.48198638,2026-05-06 22:48:27,I,4,직권취소,2014-04-03 15:11:23,2014-04-02,1980-10-31,0,,충청북도 청주시 서원구 사직동 265-36번지,2000436000907500005,5710000,충청북도 청주시 서원구 사운로 81 (사직동),,,04,취소/말소/만료/정지/중지,대규모점포,,,043-274-4309
주례종합시장,그 밖의 대규모점포,,382232.319967059,185207.573770901,2025-12-15 16:15:28,I,4,직권취소,2007-08-10 18:06:27,,1980-10-31,0,617-010,부산광역시 사상구 주례동 1162번지 27호,2000339001507500006,3390000,부산광역시 사상구 학장로324번길 11 (주례동),,,04,취소/말소/만료/정지/중지,,,,051-898-9760
(주)현대종합시장상가,그 밖의 대규모점포,,196320.375577898,430054.379092349,2025-12-15 16:15:28,I,1,정상영업,2007-06-23 14:33:26,,1980-10-30,,,경기도 안양시동안구 호계동 997호,1980383006207500002,3830000,경기도 안양시 동안구 흥안대로133번길 34 (호계동),,,01,영업/정상,,,,031-456-5235
중앙시장,그 밖의 대규모점포,,,,2026-04-30 22:00:13,I,1,정상영업,2009-05-15 15:49:20,,1980-10-21,0,,경상남도 창원시 중앙동 69-1호,1980527002207500002,5670000,,,,01,영업/정상,,,,055-282-7009
통영중앙시장사업협동조합,그 밖의 대규모점포,,,,2026-05-04 22:00:45,I,1,정상영업,2012-07-06 17:14:52,,1980-10-18,0,,경상남도 통영시 중앙동 38-4호,2000533000007500002,5330000,,,,01,영업/정상,대규모점포,,,055-7645-8976
(주)에리어식스,그 밖의 대규모점포,,200989.686611204,451762.261508835,2026-03-26 22:48:21,I,1,정상영업,2015-01-30 15:14:43,,1980-10-16,4203.03,,서울특별시 중구 신당동 776호,1980301007107500001,3010000,서울특별시 중구 마장로 19 (신당동),,,01,영업/정상,대규모점포,,,02-2238-4914
에덴시장,시장,,378904.299820296,180909.234614279,2026-05-07 22:31:32,U,5,영업개시전,2026-02-24 13:25:32,,1980-10-06,0,,부산광역시 사하구 하단동 487-6호,2000334001707500007,3340000,부산광역시 사하구 낙동대로535번길 28 (하단동),,,01,영업/정상,대규모점포,,,051-0291-4983
신사상가,그 밖의 대규모점포,,174251.604516879,439885.278849634,2026-03-26 22:49:55,I,1,정상영업,2007-07-14 10:42:02,,1980-09-29,,,인천광역시 남동구 간석동 195번지 1호,2000353000007500005,3530000,인천광역시 남동구 석산로 159 (간석동),,,01,영업/정상,,,,032-422-5127
봉화제1상설시장,그 밖의 대규모점포,,,,2026-05-11 22:03:26,I,1,정상영업,2007-07-21 11:49:13,,1980-09-24,,,경상북도 봉화군 봉화읍 내성리 394-18호,1980524000807500001,5240000,,,,01,영업/정상,,,,054-673-2516
당리시장,시장,,380031.52369889,180266.917103144,2026-05-07 22:31:32,I,1,정상영업,2014-01-02 10:52:52,,1980-09-13,0,,부산광역시 사하구 당리동 302-7호,2000334001707500006,3340000,부산광역시 사하구 제석로62번길 16 (당리동),,,01,영업/정상,대규모점포,,,051-0292-6660
박미종합시장,그 밖의 대규모점포,2017-06-30,191497.590452952,437562.242368734,2026-05-07 22:30:11,I,3,폐업처리,2021-06-09 10:15:22,,1980-09-13,2258.01,,서울특별시 금천구 시흥동 956호,1980317006707500013,3170000,서울특별시 금천구 시흥대로18길 16 (시흥동),,,03,폐업,대규모점포,,,02-2243-0190
연천시장,그 밖의 대규모점포,,391025.396581604,189821.044244511,2026-05-04 22:36:26,I,1,정상영업,2017-06-28 14:49:13,,1980-09-05,0,,부산광역시 연제구 연산동 364번지 1호,2000337001407500009,3370000,부산광역시 연제구 과정로276번길 28 (연산동),,,01,영업/정상,대규모점포,,,051-862-4749
서면종합시장,시장,,387528.393422261,186694.666831446,2025-12-15 16:15:28,I,1,정상영업,2012-04-26 13:30:10,,1980-09-05,8115,614-031,부산광역시 부산진구 부전동 347번지 40호,2008329008507500002,3290000,부산광역시 부산진구 부전로162번길 28 (부전동),,,01,영업/정상,대규모점포,,,
자동차매매센타,전문점,,205784.868811814,450883.524006222,2026-05-07 22:31:40,I,1,정상영업,2019-04-30 17:44:20,,1980-09-05,0,,서울특별시 성동구 용답동 234번지 한국자동차매매센터,1980303010307500005,3030000,"서울특별시 성동구 자동차시장1길 70 (용답동, 장안평중고자동차시장)",04808,,01,영업/정상,대규모점포,,,02-2210-4100
원당종합시장,그 밖의 대규모점포,,196912.833572618,441358.893188526,2025-12-15 16:15:28,I,1,정상영업,2018-03-05 17:08:19,,1980-08-28,1294,,서울특별시 관악구 봉천동 1638번지 20호,2018320021707500001,3200000,서울특별시 관악구 남부순환로248길 35 (봉천동),08793,,01,영업/정상,대규모점포,,,
남부시장,그 밖의 대규모점포,,,,2025-12-15 16:15:28,I,1,정상영업,2007-07-14 13:41:39,,1980-08-26,,,경상남도 양산시 중부동 423-5호,2000538001007500001,5380000,,,,01,영업/정상,,,,055-385-3464
명장시장,그 밖의 대규모점포,,391849.812840775,191455.487924345,2025-12-15 16:15:28,I,1,정상영업,2007-07-14 10:35:50,,1980-08-14,,,부산광역시 동래구 명장동 145번지 9호,1980330001607500010,3300000,부산광역시 동래구 명장로64번길 12 (명장동),,,01,영업/정상,,,,051-523-4055
무지개쇼핑,그 밖의 대규모점포,,202216.049985624,443352.024569293,2025-12-15 16:15:28,I,1,정상영업,2013-03-18 23:38:28,,1980-08-02,5408,137-859,서울특별시 서초구 서초2동 1332번지 2호,2009321012207500001,3210000,서울특별시 서초구 사임당로 151 (서초동),,,01,영업/정상,대규모점포,,,34725490
동부종합상가,그 밖의 대규모점포,,301592.519100528,188108.237829653,2025-12-15 16:15:28,I,1,정상영업,2011-11-09 16:11:25,,1980-07-31,0,,경상남도 진주시 상대동 193번지 1   호,1980531000007500005,5310000,경상남도 진주시 대신로299번길 7 (상대동),,,01,영업/정상,준대규모점포,,,059-1746-3377
석천종합시장,그 밖의 대규모점포,,174013.360195399,440268.138163799,2026-03-26 22:49:55,I,1,정상영업,2007-07-14 10:42:02,,1980-06-27,,,인천광역시 남동구 간석동 313번지 1호,2000353000007500004,3530000,,,,01,영업/정상,,,,032-427-0950
해동시장,대형마트,,398373.963592261,186944.253697909,2026-05-10 22:54:09,I,1,정상영업,2007-07-07 10:11:47,,1980-06-27,,,부산광역시 해운대구 중동 1520번지 3호,1980333001507500002,3330000,부산광역시 해운대구 좌동순환로433번길 40 (중동),,,01,영업/정상,,,,051-0746-0220
부평자유시장,시장,2018-06-19,175674.229793136,443649.011789996,2026-05-06 22:48:26,I,3,폐업처리,2018-06-19 17:20:22,,1980-06-25,878,403-014,인천광역시 부평구 부평동 210번지 2호,1980354004707500001,3540000,,,,03,폐업,,,,032-503-5922
광성시장,그 밖의 대규모점포,,207098.994772766,451260.44574067,2025-12-15 16:15:28,I,1,정상영업,2012-01-04 14:42:00,,1980-06-18,2135.53,,서울특별시 광진구 중곡동 229번지 15호,2001304007307500010,3040000,서울특별시 광진구 능동로47길 30 (중곡동),,,01,영업/정상,대규모점포,,,02-467-5200
장미종합상가,그 밖의 대규모점포,2016-03-22,208707.089897534,446299.352775446,2025-12-15 16:15:28,I,3,폐업처리,2016-03-22 08:41:52,,1980-06-14,27690,138-796,서울특별시 송파구 신천동 7번지,1980323007807500007,3230000,서울특별시 송파구 올림픽로35길 124 (신천동),,,03,폐업,대규모점포,,,
삼호동백상가시장,대형마트,,,,2026-05-10 22:54:09,I,1,정상영업,2007-07-07 10:11:47,,1980-06-10,,,부산광역시 해운대구 중동 1512호,1980333001507500001,3330000,부산광역시 해운대구 달맞이길65번길 43 (중동),,,01,영업/정상,,,,051-0746-5692
고현종합시장,그 밖의 대규모점포,,348356.340179447,155369.208634849,2025-12-15 16:15:28,I,1,정상영업,2023-02-09 10:14:30,,1980-06-05,780,,경상남도 거제시 신현읍 고현리 98번지 27호,2000537000007500001,5370000,경상남도 거제시 거제중앙로 1883-2 (고현동),,,01,영업/정상,대규모점포,,,055-632-6636
중앙시장,그 밖의 대규모점포,,243677.170030091,348799.109417842,2026-05-06 22:48:26,I,1,정상영업,2014-04-02 14:29:19,,1980-06-02,0,,충청북도 청주시 상당구 북문로2가 95-2번지,2000436000907500004,5710000,충청북도 청주시 상당구 중앙로 26 (북문로2가),,,01,영업/정상,대규모점포,,,043-256-7657
남부상가시장,그 밖의 대규모점포,,,,2026-05-06 22:48:25,I,1,정상영업,2014-04-02 14:38:43,,1980-05-20,0,,충청북도 청주시 서원구 모충동 88-4번지,2000436000907500003,5710000,,,,01,영업/정상,대규모점포,,,043-268-2235
청담삼익시장,그 밖의 대규모점포,,205034.15838707,446675.932361885,2025-12-15 16:15:28,I,1,정상영업,2019-08-31 11:00:08,,1980-05-19,0,,서울특별시 강남구 청담동 134번지 20호,2001322008307500009,3220000,서울특별시 강남구 학동로101길 26 (청담동),,,01,영업/정상,대규모점포,,,02-542-7121
양덕종합시장,그 밖의 대규모점포,,344796.243924801,192558.949578752,2026-04-30 22:00:13,I,1,정상영업,2007-06-30 10:28:07,,1980-04-25,,,경상남도 마산시 양덕동 164번지 20호,1980528000007500016,5670000,경상남도 창원시 마산회원구 양덕시장길 7 (양덕동),,,01,영업/정상,,,,055-1256-9347
영등포역앞지하상가,그 밖의 대규모점포,,,,2026-05-11 22:40:05,I,1,정상영업,2007-07-07 12:24:36,,1980-04-09,,,서울특별시 영등포구 영등포동5가 20호,2001318007607500004,3180000,,,,01,영업/정상,,,,02-678-8817
한아름시장,그 밖의 대규모점포,,206107.775163579,449029.342177779,2025-12-15 16:15:28,I,1,정상영업,2023-11-17 10:04:22,,1980-04-07,2456.45,,서울특별시 광진구 화양동 10번지 1호,2001304007307500009,3040000,서울특별시 광진구 능동로13길 39 (화양동),,,01,영업/정상,대규모점포,,,02-465-7965
관악시장,그 밖의 대규모점포,2015-06-03,,,2025-12-15 16:15:28,I,3,폐업처리,2015-06-04 11:30:30,,1980-03-29,0,,경기도 안양시만안구 안양동 41번지 5호,1980383006207500001,3830000,경기도 안양시 만안구 예술공원로64번길 27 (안양동),,,03,폐업,,,,031-473-7319
온양상가,그 밖의 대규모점포,,200357.951353904,364403.311631975,2026-05-06 22:48:23,I,1,정상영업,2007-06-23 10:11:01,,1980-03-18,,,충청남도 아산시 온천동 87번지 7호,1980452001807500001,4520000,충청남도 아산시 온천대로 1506 (온천동),,,01,영업/정상,,,,
희망백화점,백화점,,174172.521279,439905.780965785,2026-03-26 22:49:55,I,4,직권취소,2017-11-08 16:47:01,2004-08-24,1980-03-11,0,,인천광역시 남동구 간석동 205번지 1   호,2000353000007500002,3530000,인천광역시 남동구 남동대로 880 (간석동),,,04,취소/말소/만료/정지/중지,대규모점포,,,032-421-2021
신제주종합시장,그 밖의 대규모점포,,152675.710114148,-913.935584082179,2025-12-15 16:15:28,I,2,휴업처리,2007-06-30 13:46:00,,1980-03-10,,,제주특별자치도 제주시 연동 273번지 34호,1980549000007500001,6510000,제주특별자치도 제주시 신대로16길 44 (연동),,,02,휴업,,,,064-742-6060
석우종합시장,그 밖의 대규모점포,2009-06-29,,,2025-12-15 16:15:28,I,3,폐업처리,2009-06-29 17:26:38,,1980-03-07,0,,서울특별시 송파구 오금동 1번지 11호,1980323007807500002,3230000,,,,03,폐업,,,,02-404-4946
합명회사장성중앙시장,그 밖의 대규모점포,,,,2025-12-15 16:15:28,I,1,정상영업,2007-07-14 10:33:54,,1980-03-05,,,강원특별자치도 태백시 장성동 159-2호,2000422001007502017,4221000,,,,01,영업/정상,,,,033-581-6521
양곡시장,그 밖의 대규모점포,,348222.799321586,190253.486955771,2026-04-30 22:00:13,I,1,정상영업,2019-01-15 11:06:51,,1980-03-03,0,641-370,경상남도 창원시 신촌동 33번지 2호,1980527002207500001,5670000,경상남도 창원시 성산구 신촌로 102 (신촌동),,,01,영업/정상,,,,055-286-2458
역전지하상가,그 밖의 대규모점포,,199794.47078531,418615.793901047,2026-03-11 01:45:40,I,2,휴업처리,2007-06-23 14:09:49,,1980-03-03,1775,,경기도 수원시팔달구 매산로1가 17호,1980374001107500001,3740000,,,,02,휴업,,,,
덕천시장,그 밖의 대규모점포,,383269.253732541,192076.843823184,2026-05-03 22:39:04,I,1,정상영업,2015-12-14 11:29:32,,1980-02-20,1332.9,,부산광역시 북구 덕천동 411번지 5   호,1980332004207500002,3320000,,,,01,영업/정상,대규모점포,,,051-332-4878
대원시장,그 밖의 대규모점포,2020-03-30,190705.852333313,185003.281195377,2026-07-14 11:38:15,I,3,폐업처리,2020-03-30 18:20:28,,1980-02-08,1571.73,,전남광주통합특별시 북구 임동 190번지 1호,198736201560753,5820000,전남광주통합특별시 북구 자동차로47번길 50 (임동),61249,,03,폐업,대규모점포,,,062-529-2288
진흥종합상가,그 밖의 대규모점포,2020-09-24,201930.014907812,443904.461723691,2025-12-15 16:15:28,I,3,폐업처리,2020-09-24 16:03:38,,1980-01-21,2956,,,2013321012207500004,3210000,서울특별시 서초구 서초대로 385 (서초동),,,03,폐업,대규모점포,,,02-3481-6763
구남시장,그 밖의 대규모점포,,,,2026-05-03 22:39:04,I,1,정상영업,2007-07-14 11:26:29,,1980-01-19,,,부산광역시 북구 구포동 1041번지 1   호,1980332004207500001,3320000,,,,01,영업/정상,,,,
사단법인 강릉중앙시장번영회,시장,,367255.878725242,474087.754397503,2025-12-15 16:15:28,I,1,정상영업,2024-03-13 13:31:28,,1980-01-18,7449,,강원특별자치도 강릉시 성남동 50호,2000420001907500003,4201000,강원특별자치도 강릉시 금성로 21 (성남동),,,01,영업/정상,대규모점포,,,033-648-2285
청구시장,그 밖의 대규모점포,,,,2026-05-03 22:40:50,I,1,정상영업,2025-06-25 10:49:41,,1980-01-11,,,대구광역시 수성구 만촌동 984-1호,1980346005507500008,3460000,,,,01,영업/정상,,,,053-0756-5553
문현새시장,그 밖의 대규모점포,2014-08-26,388920.004011747,184741.938030586,2026-05-06 22:35:18,I,3,폐업처리,2014-08-26 18:01:04,,1980-01-10,0,,부산광역시 남구 문현동 117번지 19  호,1980331001607500004,3310000,부산광역시 남구 고동골로78번길 41 (문현동),,,03,폐업,준대규모점포,,,051-632-5714
가양시장,시장,,239714.448642719,316248.352027402,2026-05-03 22:32:20,I,1,정상영업,2009-06-09 09:42:36,,1979-12-31,2975.6,300-091,대전광역시 동구 가양1동 434번지,2009364010407500001,3640000,대전광역시 동구 매봉로 18 (가양동),,,01,영업/정상,,,,042-672-3783
가양시장,그 밖의 대규모점포,,239714.448642719,316248.352027402,2026-05-03 22:32:20,I,1,정상영업,2014-09-30 12:56:51,,1979-12-31,5168.87,,대전광역시 동구 가양동 434호,1979364005807500027,3640000,대전광역시 동구 매봉로 18 (가양동),,,01,영업/정상,대규모점포,,,042-672-3783
롯데백화점 본점,복합쇼핑몰,,198259.65357739,451392.198218657,2026-04-17 03:03:03,U,1,정상영업,2026-04-16 14:32:29,,1979-12-27,59979.25,,,2012301010007500002,3010000,서울특별시 중구 남대문로 81 (소공동),,1997-12-27,01,영업/정상,대규모점포,,,02-772-3871
사단법인 수정시장번영회,그 밖의 대규모점포,,386461.300638559,182931.084277956,2025-12-15 16:15:28,I,1,정상영업,2023-03-29 13:43:41,,1979-12-24,1155,,부산광역시 동구 수정동 170번지 1 호,2000327001407500003,3270000,부산광역시 동구 고관로 106 (수정동),,,01,영업/정상,대규모점포,,,051-468-6176
비산시장,그 밖의 대규모점포,2018-02-19,,,2025-12-15 16:15:28,I,3,폐업처리,2018-02-20 18:53:05,,1979-12-22,0,,경기도 안양시동안구 비산동 419번지 30호,1979383006207500002,3830000,경기도 안양시 동안구 경수대로898번길 59 (비산동),,,03,폐업,,,,031-385-3823
성대종합시장,그 밖의 대규모점포,,193896.384765772,444196.484790728,2026-05-03 22:37:50,I,1,정상영업,2017-07-06 17:46:35,,1979-12-18,6373,,서울특별시 동작구 상도동 324번지 1호,1979319015807500001,3190000,"서울특별시 동작구 상도로 102 (상도동, 성대시장)",07041,,01,영업/정상,대규모점포,,,02-823-5100
신부평로지하상가,그 밖의 대규모점포,,,,2026-05-06 22:48:25,I,1,정상영업,2008-03-27 17:34:24,,1979-12-15,1232,,인천광역시 부평구 부평동 224번지 1호,1979354004707500002,3540000,,,,01,영업/정상,,,,032-527-0460
대림상가,그 밖의 대규모점포,,,,2025-12-15 16:15:28,I,1,정상영업,2013-03-16 15:16:03,,1979-12-12,1866,,,2013321012207500005,3210000,서울특별시 서초구 나루터로 32 (잠원동),,,01,영업/정상,대규모점포,,,02-537-2790
안양중앙지하도 상가,시장,,,,2025-12-15 16:15:28,I,1,정상영업,2008-07-01 17:39:30,,1979-11-23,1266,,경기도 안양시만안구 안양동 1189번지 1호,1979383006207500003,3830000,,,,01,영업/정상,,,,031-468-7814
서구시장,그 밖의 대규모점포,,,,2026-05-06 22:35:24,I,1,정상영업,2007-06-30 11:12:41,,1979-10-29,,,대구광역시 서구 평리동 1085번지 1   호,1979343001007500000,3430000,,,,01,영업/정상,,,,053-567-0395
역전시장,그 밖의 대규모점포,,,,2026-07-01 12:27:45,I,1,정상영업,2007-07-21 11:08:49,,1979-10-12,,,전남광주통합특별시 순천시 덕암동 227-1호,2000482000007500010,5790000,,,,01,영업/정상,,,,061-743-4162
석수시장,그 밖의 대규모점포,,,,2025-12-15 16:15:28,I,1,정상영업,2007-06-23 14:33:26,,1979-09-29,,,경기도 안양시만안구 석수동 387번지 288호,1979383006207500001,3830000,,,,01,영업/정상,,,,031-473-1155
롯데백화점 청량리플라자,백화점,2017-12-27,203996.013917877,453058.665828669,2025-12-15 16:15:28,I,3,폐업처리,2017-12-29 08:42:21,,1979-09-13,12979.73,130-020,서울특별시 동대문구 전농동 620번지 69호,1979305010007500001,3050000,"서울특별시 동대문구 왕산로 205-0 (전농동, 롯데백화점(청량리점))",,,03,폐업,대규모점포,,,02-3707-2500
자유시장,그 밖의 대규모점포,,301039.754221287,187332.490330473,2025-12-15 16:15:28,I,1,정상영업,2013-07-25 14:47:15,,1979-08-24,510,,경상남도 진주시 상대동 276번지 17  호,1979531000007500004,5310000,경상남도 진주시 도동천로 93 (상대동),,,01,영업/정상,준대규모점포,,,059-1752-3095
대신시장,시장,,384068.256070915,180895.799571889,2026-05-07 22:30:25,I,1,정상영업,2018-03-29 11:37:03,,1979-08-14,5178.41,,부산광역시 서구 동대신동1가 113번지 1호,1979326007007500001,3260000,부산광역시 서구 대영로 78 (동대신동1가),,,01,영업/정상,대규모점포,,,051-242-1459
금호종합시장,그 밖의 대규모점포,2008-05-22,201924.287403479,449505.43323776,2026-05-07 22:31:40,I,3,폐업처리,2012-05-10 10:10:00,,1979-08-10,0,133-809,서울특별시 성동구 금호동4가 548번지 1호,1979303010307500006,3030000,서울특별시 성동구 독서당로 302 (금호동4가),,,03,폐업,대규모점포,,,22973811
자양종합시장,그 밖의 대규모점포,,206686.364451141,447752.463189936,2025-12-15 16:15:28,I,1,정상영업,2014-07-23 19:01:51,,1979-07-16,2418.11,,서울특별시 광진구 자양동 602호,2001304007307500008,3040000,서울특별시 광진구 자양번영로6길 20 (자양동),,,01,영업/정상,대규모점포,,,02-457-7480
워커힐상가,그 밖의 대규모점포,2011-12-29,209345.941766315,449811.718207794,2025-12-15 16:15:28,I,3,폐업처리,2012-01-04 16:12:30,,1979-07-09,4422,,서울특별시 광진구 광장동 145번지 8호,2001304007307500007,3040000,서울특별시 광진구 아차산로 635 (광장동),,,03,폐업,대규모점포,,,02-454-0365
동성하이타운 번영회,그 밖의 대규모점포,,390195.849928706,183602.493480861,2026-05-06 22:35:18,U,2,휴업처리,2026-02-23 11:29:29,,1979-06-30,6324,,부산광역시 남구 대연동 1756번지 9호,1979331001607500003,3310000,부산광역시 남구 천제등로 11 (대연동),,,02,휴업,대규모점포,2026-01-22,2027-01-21,051-637-7919
회원상가시장,그 밖의 대규모점포,,342910.928678369,192428.835214619,2026-04-30 22:00:13,I,1,정상영업,2007-06-30 10:28:07,,1979-06-25,,,경상남도 마산시 회원동 362번지 17호,1979528000007500004,5670000,경상남도 창원시 마산회원구 북성로 153-1 (회원동),,,01,영업/정상,,,,055-1248-6833
대덕시장,시장,2014-04-17,385012.599665564,179941.36503128,2025-12-15 16:15:28,I,3,폐업처리,2014-08-27 09:58:04,,1979-06-08,498,,부산광역시 중구 창선동2가 11호,1979325001407500039,3250000,부산광역시 중구 중구로40번길 19 (신창동2가),,,03,폐업,대규모점포,,,051-245-2996
대림시장,그 밖의 대규모점포,,,,2026-05-06 22:48:29,I,2,휴업처리,2011-05-04 10:31:38,,1979-06-05,,,서울특별시 은평구 응암동 300번지 10 호,2001311008807500014,3110000,,,,02,휴업,,,,02-302-1668
역전시장,그 밖의 대규모점포,,343296.944159885,193485.411897112,2026-04-30 22:00:13,I,1,정상영업,2007-06-30 10:28:07,,1979-06-02,,,경상남도 마산시 석전동 257번지 1호,1979528000007500015,5670000,경상남도 창원시 마산회원구 석전동6길 32 (석전동),,,01,영업/정상,,,,055-1256-7661
사내면5일장터,그 밖의 대규모점포,,,,2025-12-15 16:15:28,I,1,정상영업,2007-07-21 10:47:01,,1979-06-01,,,호,1979431000707500006,4311000,,,,01,영업/정상,,,,
(주)광희패션몰,그 밖의 대규모점포,,200982.709076616,451817.384038629,2026-03-26 22:48:22,I,1,정상영업,2022-04-28 16:57:23,,1979-05-25,13458.03,100-451,서울특별시 중구 신당1동 777번지,2013301013007500001,3010000,서울특별시 중구 마장로1길 21 (신당동),,,01,영업/정상,대규모점포,,,02-2238-4352
남평화상가(주),그 밖의 대규모점포,,200894.478544376,451877.080833985,2026-03-26 22:48:21,I,1,정상영업,2022-05-06 17:03:30,,1979-04-20,6775.3,,서울특별시 중구 신당동 772호,2002301007107500004,3010000,서울특별시 중구 장충단로 282-10 (신당동),,,01,영업/정상,대규모점포,,,22370620
청실종합상가,그 밖의 대규모점포,,205154.638096613,443439.981644506,2025-12-15 16:15:28,I,1,정상영업,2013-12-30 13:35:07,,1979-04-16,0,,서울특별시 강남구 대치동 626호,2001322008307500012,3220000,서울특별시 강남구 남부순환로 2917 (대치동),,,01,영업/정상,대규모점포,,,02-554-9645
금강상가,그 밖의 대규모점포,,202485.226490575,447521.520319158,2025-12-15 16:15:28,I,2,휴업처리,2007-07-14 10:53:01,,1979-04-10,,,서울특별시 강남구 압구정동 456호,2001322008307500005,3220000,,,,02,휴업,,,,02-549-2233
반여시장,시장,,393810.163811286,190563.411556799,2026-05-10 22:54:09,I,1,정상영업,2015-08-07 18:34:18,,1979-03-07,945,,부산광역시 해운대구 반여동 1291번지 918호,1979333001507500001,3330000,부산광역시 해운대구 해운대로61번길 95-47 (반여동),,,01,영업/정상,대규모점포,,,051-782-3824
무지개종합상가,그 밖의 대규모점포,,202245.377899369,442987.986999742,2025-12-15 16:15:28,I,1,정상영업,2016-04-05 17:37:47,,1979-02-16,4516,137-072,서울특별시 서초구 서초동 1335번지,1979321012207500001,3210000,"서울특별시 서초구 효령로 391 (서초동, 무지개아파트)",,,01,영업/정상,대규모점포,,,34747621
진흥종합시장,그 밖의 대규모점포,,175759.712089269,443897.95359347,2026-05-06 22:48:24,I,1,정상영업,2007-06-23 11:59:41,,1979-01-26,,,인천광역시 부평구 부평동 252번지 52호,1979354004707500001,3540000,,,,01,영업/정상,,,,032-502-8874
논현종합시장,그 밖의 대규모점포,,203005.088001821,445311.309960952,2025-12-15 16:15:28,I,1,정상영업,2019-05-09 16:34:32,,1979-01-17,0,,서울특별시 강남구 논현동 227번지 4호,2001322008307500003,3220000,서울특별시 강남구 봉은사로33길 33 (논현동),,,01,영업/정상,대규모점포,,,02-549-1940
사단법인 화천시장조합,그 밖의 대규모점포,,,,2025-12-15 16:15:28,I,1,정상영업,2007-07-21 10:47:01,,1979-01-16,,,호,1979431000707500001,4311000,,,,01,영업/정상,,,,
전농프라자,그 밖의 대규모점포,,204082.111844228,452472.990548179,2025-12-15 16:15:28,I,1,정상영업,2014-10-29 18:12:19,,1978-12-28,10431.44,130-859,서울특별시 동대문구 전농동 647번지 1호,2000305008207500007,3050000,서울특별시 동대문구 서울시립대로 36 (전농동),,,01,영업/정상,대규모점포,,,02-2215-7200
호텔롯데아케이드,그 밖의 대규모점포,,198259.65357739,451392.198218657,2026-03-26 22:48:21,I,1,정상영업,2023-12-06 13:50:49,,1978-12-22,7676.86,,서울특별시 중구 소공동 1번지,2002301007107500006,3010000,"서울특별시 중구 을지로 30 (소공동, 롯데호텔)",04533,,01,영업/정상,대규모점포,,,02-759-6550
부천지하상가,그 밖의 대규모점포,,180538.79329014,442427.872158316,2025-12-15 16:15:28,I,4,직권취소,2014-02-11 14:58:20,,1978-11-24,0,,경기도 부천시 소사구심곡본동 544호,1978386000007500002,3860000,경기도 부천시 소사구 자유로 43-8 (심곡본동),,,04,취소/말소/만료/정지/중지,대규모점포,,,032-651-2929
모라새시장,그 밖의 대규모점포,,381060.355224823,189805.487733274,2025-12-15 16:15:28,I,4,직권취소,2007-08-10 18:05:32,,1978-11-14,125,,부산광역시 사상구 모라동 647번지 7호,2000339001507500005,3390000,부산광역시 사상구 모라로51번길 42 (모라동),,,04,취소/말소/만료/정지/중지,,,,051-0302-1800
대림서초리시온,그 밖의 대규모점포,,201295.700037578,443474.524864903,2025-12-15 16:15:28,I,1,정상영업,2013-03-16 16:38:21,,1978-11-14,3001,,,2013321012207500012,3210000,서울특별시 서초구 서초중앙로22길 25 (서초동),,,01,영업/정상,대규모점포,,,02-586-0025
하단시장,시장,,379504.858884703,180338.500716043,2026-05-07 22:31:32,I,1,정상영업,2014-01-02 10:49:06,,1978-10-23,0,,부산광역시 사하구 당리동 302-7호,2000334001707500005,3340000,부산광역시 사하구 승학로2번길 1 (당리동),,,01,영업/정상,대규모점포,,,051-0291-5291
동마산시장,그 밖의 대규모점포,,344437.453458786,194579.625751237,2026-04-30 22:00:13,I,1,정상영업,2007-06-30 10:28:07,,1978-10-16,,,경상남도 마산시 합성동 326번지 1호,1978528000007500017,5670000,경상남도 창원시 마산회원구 합성남8길 76 (합성동),,,01,영업/정상,,,,055-1256-3261
남부시장,그 밖의 대규모점포,,,,2025-12-15 16:15:28,I,1,정상영업,2007-06-30 17:13:15,,1978-10-13,,,전북특별자치도 전주시완산구 전동3가 호 3-242,1978100000007500000,4641000,,,,01,영업/정상,,,,063-284-1344
유천종합시장,그 밖의 대규모점포,,,,2026-05-07 22:30:15,I,1,정상영업,2007-06-23 10:15:16,,1978-09-25,,,대전광역시 서구 도마동 135-12호,1978366001507500001,3660000,,,,01,영업/정상,,,,042-533-4532
영남종합시장,그 밖의 대규모점포,,389199.493829815,188785.567117566,2026-05-04 22:36:26,I,1,정상영업,2017-06-28 14:54:28,,1978-09-14,0,,부산광역시 연제구 연산동 1328번지 15호,2000337001407500008,3370000,부산광역시 연제구 중앙대로 1030-1 (연산동),,,01,영업/정상,대규모점포,,,051-852-0049
성곡종합시장,시장,,386533.591131652,188097.175422349,2025-12-15 16:15:28,I,1,정상영업,2011-12-08 17:48:05,,1978-09-08,1255.29,,부산광역시 부산진구 초읍동 271-6호,2000329000107500015,3290000,부산광역시 부산진구 새싹로 207-6 (초읍동),,,01,영업/정상,대규모점포,,,051-807-6773
구암시장,그 밖의 대규모점포,,345514.769619205,195643.250507979,2026-04-30 22:00:13,I,1,정상영업,2007-06-30 10:28:07,,1978-09-06,,,경상남도 마산시 구암동 88번지 2호,1978528000007500009,5670000,경상남도 창원시 마산회원구 구암남14길 8 (구암동),,,01,영업/정상,,,,055-1292-4603
무등시장(합자),전문점,,190310.940546416,181901.078854856,2026-07-14 11:38:15,I,1,정상영업,2020-04-20 11:45:23,,1978-09-05,0,,전남광주통합특별시 남구 주월동 974번지 107호,2000361001207500001,5815000,전남광주통합특별시 남구 군분로 27 (주월동),,,01,영업/정상,대규모점포,,,062-652-5549
연산로타리종합시장,그 밖의 대규모점포,,389558.034825118,189244.150651679,2026-05-04 22:36:26,I,1,정상영업,2011-11-04 13:55:39,,1978-09-04,0,,부산광역시 연제구 연산동 709번지 17호,2000337001407500007,3370000,부산광역시 연제구 월드컵대로111번길 6-16 (연산동),,,01,영업/정상,대규모점포,,,051-853-7201
연일시장,그 밖의 대규모점포,,389835.587522962,189349.814323306,2026-05-04 22:36:26,I,1,정상영업,2025-06-07 13:00:30,,1978-08-19,0,,부산광역시 연제구 연산동 636번지 28호,2000337001407500006,3370000,부산광역시 연제구 고분로 24 (연산동),,,01,영업/정상,대규모점포,,,051-863-5550
산호시장,그 밖의 대규모점포,,343968.944768579,192153.492701261,2026-04-30 22:00:13,I,1,정상영업,2007-06-30 10:28:07,,1978-08-14,,,경상남도 마산시 산호동 28번지 28호,1978528000007500007,5670000,,,,01,영업/정상,,,,055-1241-0829
신림중앙시장,시장,,192096.349629652,442339.213626523,2025-12-15 16:15:28,I,1,정상영업,2016-12-28 13:20:17,,1978-08-07,0,,,2014320019107500001,3200000,서울특별시 관악구 조원로16길 27 (신림동),,,01,영업/정상,대규모점포,,,02-865-7577
우동종합상가시장,대형마트,,394796.404666256,187781.251617877,2026-05-10 22:54:09,I,1,정상영업,2007-07-07 10:11:47,,1978-07-26,,,부산광역시 해운대구 우동 1092번지 16호,1978333001507500001,3330000,,,,01,영업/정상,,,,051-742-2001
종합새시장,시장,,383814.505388622,185126.258747445,2025-12-15 16:15:28,I,1,정상영업,2011-12-08 17:50:12,,1978-07-26,696.74,,부산광역시 부산진구 개금동 615-16호,2000329000107500014,3290000,부산광역시 부산진구 엄광로 15 (개금동),,,01,영업/정상,대규모점포,,,051-892-8275
거성시장,그 밖의 대규모점포,,388303.136487734,189795.649431296,2026-05-04 22:36:26,I,1,정상영업,2021-03-24 11:37:01,,1978-07-24,0,,부산광역시 연제구 거제동 987번지 10호,2000337001407500005,3370000,부산광역시 연제구 아시아드대로 56 (거제동),,,01,영업/정상,대규모점포,,,051-503-4507
온천로타리종합시장,그 밖의 대규모점포,,389799.935600295,192771.671506297,2025-12-15 16:15:28,I,1,정상영업,2007-07-14 10:35:50,,1978-06-13,,,부산광역시 동래구 명륜동 5번지 5호,1978330001607500009,3300000,부산광역시 동래구 명륜로 260 (명륜동),,,01,영업/정상,,,,051-552-0756
개금큰시장,시장,,383835.888859872,185126.091169869,2025-12-15 16:15:28,I,1,정상영업,2013-03-05 10:39:03,,1978-06-10,450.19,614-111,부산광역시 부산진구 개금1동 615번지 20호,2000329000107500013,3290000,부산광역시 부산진구 엄광로 15 (개금동),,,01,영업/정상,대규모점포,,,051-894-1271
청담제일시장,그 밖의 대규모점포,2014-03-24,204320.63321904,447133.658518474,2025-12-15 16:15:28,I,3,폐업처리,2014-03-24 18:28:39,,1978-05-26,0,,서울특별시 강남구 청담동 122호,2001322008307500008,3220000,서울특별시 강남구 도산대로85길 30 (청담동),,,03,폐업,대규모점포,2011-04-15,2014-04-30,02-544-1034
연동시장,그 밖의 대규모점포,,390526.647073215,189746.152458796,2026-05-04 22:36:25,I,1,정상영업,2017-06-28 15:00:05,,1978-05-16,0,,부산광역시 연제구 연산동 312번지 18호,2000337001407500004,3370000,부산광역시 연제구 연동로8번길 22 (연산동),,,01,영업/정상,대규모점포,,,051-853-8952
목화백화점,그 밖의 대규모점포,,,,2026-05-02 22:48:39,I,4,직권취소,2018-06-27 10:28:56,,1978-05-15,0,,제주특별자치도 서귀포시 서귀동 273번지 3호,2000550000007500004,6520000,제주특별자치도 서귀포시 중앙로42번길 32 (서귀동),,,04,취소/말소/만료/정지/중지,대규모점포,,,064-762-5411
냉정시장,그 밖의 대규모점포,2005-09-15,383394.643145604,185210.631075375,2025-12-15 16:15:28,I,3,폐업처리,2007-08-10 18:08:45,,1978-05-04,95.2,,부산광역시 사상구 주례동 55번지 139 호,2000339001507500004,3390000,부산광역시 사상구 냉정로 120 (주례동),,,03,폐업,,,,051-316-5043
모슬포중앙시장,시장,,130462.896817333,-30205.3173253909,2026-05-02 22:48:39,I,1,정상영업,2010-06-23 10:58:08,,1978-05-01,1000,699-935,제주특별자치도 서귀포시 대정읍 하모리 822번지 7호,2010652001607500005,6520000,,,,01,영업/정상,,,,064-760-4081
창선상가,시장,,,,2026-07-02 22:18:10,U,1,정상영업,2026-07-01 16:23:54,,1978-04-28,3892,,부산광역시 중구 창선동2가 30호,1978325001407500037,3250000,,,,01,영업/정상,대규모점포,,,051-246-9565
화니백화점,백화점,1997-09-30,192137.42359477,183426.517448351,2026-07-14 11:38:15,I,3,폐업처리,2020-12-03 16:41:25,,1978-04-17,0,,전남광주통합특별시 동구 충장로4가 14호,2000359001107500301,5805000,,,,03,폐업,대규모점포,,,062-223-7611
잠실중앙상가,그 밖의 대규모점포,,208187.623477261,445589.718583334,2026-01-22 22:18:10,U,1,정상영업,2026-01-21 17:29:55,,1978-03-28,9815,,서울특별시 송파구 잠실동 27번지 6호,1988323007807500002,3230000,서울특별시 송파구 올림픽로 203 (잠실동),,,01,영업/정상,대규모점포,,,02-422-5851
중앙로지하상가,그 밖의 대규모점포,,,,2026-07-01 09:42:12,I,1,정상영업,2013-12-24 10:22:30,,1978-03-23,1847,,인천광역시 제물포구 인현동 1호,1978349001207500021,3501000,인천광역시 제물포구 참외전로 지하 123 (인현동),,,01,영업/정상,대규모점포,,,032-772-8678
주-한화유통,그 밖의 대규모점포,,208730.633457015,445905.025545443,2025-12-15 16:15:28,I,2,휴업처리,2007-07-14 12:03:48,,1978-03-07,0,,서울특별시 송파구 신천동 7번지 17호,1978323007807500003,3230000,서울특별시 송파구 송파대로 562 (신천동),,,02,휴업,,,,
송남시장,시장,,383876.253980499,177352.593969904,2026-05-07 22:30:25,I,1,정상영업,2024-06-11 14:54:04,,1978-02-27,882.5,,부산광역시 서구 암남동 346번지 2호,2005326004907500001,3260000,부산광역시 서구 충무대로 34 (암남동),,,01,영업/정상,대규모점포,,,051-255-4059
제물포지하상가,그 밖의 대규모점포,,169536.039652568,440596.943417253,2026-03-26 22:48:21,I,1,정상영업,2016-12-30 11:22:27,,1978-02-20,1961.36,402-806,인천광역시 남구 도화2동 81번지 1호,2000351001307500002,3510500,인천광역시 남구 경인로 129 (도화동),,,01,영업/정상,,,,032-883-0091
북부산시장,그 밖의 대규모점포,,380490.857056408,187518.082393732,2025-12-15 16:15:28,I,1,정상영업,2011-11-14 15:56:11,,1978-02-04,78.4,,부산광역시 사상구 덕포동 422번지 16  호,2000339001507500003,3390000,부산광역시 사상구 사상로285번길 8-3 (덕포동),,,01,영업/정상,대규모점포,,,051-0303-2127
부전인삼시장,시장,,387713.995735189,186850.240379432,2025-12-15 16:15:28,I,1,정상영업,2011-12-13 10:08:12,,1978-01-24,1276,,부산광역시 부산진구 부전동 573-26호,2000329000107500012,3290000,부산광역시 부산진구 중앙대로783번길 23 (부전동),,,01,영업/정상,대규모점포,,,051-816-8686
서문시장제5지구시장,그 밖의 대규모점포,,,,2026-05-08 22:34:09,I,1,정상영업,2007-07-14 13:31:56,,1977-12-29,,,대구광역시 중구 대신동 115번지 400 호,1977341004607500001,3410000,,,,01,영업/정상,,,,053-255-1059
서원시장,그 밖의 대규모점포,,391089.002279276,191036.226267686,2025-12-15 16:15:28,I,1,정상영업,2007-07-14 10:35:50,,1977-12-29,,,부산광역시 동래구 안락동 425번지 51호,1977330001607500008,3300000,부산광역시 동래구 충렬대로359번길 55 (안락동),,,01,영업/정상,,,,051-523-4426
용두시장,시장,,202538.011840845,452901.185283908,2025-12-15 16:15:28,I,1,정상영업,2021-12-04 15:48:17,,1977-12-26,1250.85,,서울특별시 동대문구 용두동 231-5,2000305008207500001,3050000,서울특별시 동대문구 무학로37길 12(용두동),02579,,01,영업/정상,대규모점포,,,02-926-3751
동산상가번영회,그 밖의 대규모점포,,342780.445664667,264345.364395955,2026-05-08 22:34:09,U,1,정상영업,2026-03-31 15:35:55,,1977-12-14,10799.72,,대구광역시 중구 대신동 115-30 동산상가,1977341004607500002,3410000,"대구광역시 중구 큰장로26길 65, 동산상가 (대신동)",41926,,01,영업/정상,대규모점포,,,053-257-3562
대명합동시장,그 밖의 대규모점포,,191241.048445241,439137.99206467,2026-05-07 22:30:11,I,1,정상영업,2007-07-07 11:59:15,,1977-12-10,,,서울특별시 금천구 시흥동 884번지 5호,1977317006707500009,3170000,서울특별시 금천구 시흥대로52길 70 (시흥동),,,01,영업/정상,,,,02-803-4878
신반포종합시장,그 밖의 대규모점포,,199448.513021585,444800.550772527,2025-12-15 16:15:28,I,1,정상영업,2017-04-18 16:03:33,,1977-11-05,9564,,,2013321012207500010,3210000,서울특별시 서초구 신반포로15길 29 (반포동),,,01,영업/정상,대규모점포,,,02-599-2262
용호 삼성시장,그 밖의 대규모점포,,392318.859818776,182567.73733768,2026-05-06 22:35:18,I,1,정상영업,2019-03-25 11:06:00,,1977-10-31,498.3,,부산광역시 남구 용호동 128번지 1호,1977331001607500002,3310000,부산광역시 남구 용호로106번길 40 (용호동),,,01,영업/정상,대규모점포,,,051-628-8783
(사)강릉서부시장번영회,시장,,366564.34266928,474192.135182166,2025-12-15 16:15:28,I,1,정상영업,2022-06-27 17:56:11,,1977-10-08,5462,,강원특별자치도 강릉시 용강동 29호,2000420001907500002,4201000,강원특별자치도 강릉시 임영로155번길 6 (용강동),,,01,영업/정상,대규모점포,,,033-648-9136
강릉서부시장,그 밖의 대규모점포,,366564.34266928,474192.135182166,2025-12-15 16:15:28,I,1,정상영업,2011-11-21 09:55:09,,1977-10-08,,,강원특별자치도 강릉시 용강동 29호,1977420008507500001,4201000,강원특별자치도 강릉시 임영로155번길 6 (용강동),,,01,영업/정상,,,,033-648-9136
남부상설시장,그 밖의 대규모점포,,245177.703772744,160832.865216467,2026-07-14 11:38:15,I,1,정상영업,2007-07-21 11:08:49,,1977-08-23,,,전남광주통합특별시 순천시 풍덕동 1264호,2000482000007500001,5790000,전남광주통합특별시 순천시 장평로 60 (풍덕동),,,01,영업/정상,,,,061-749-3355
사하시장,시장,,380976.753080028,179413.155629512,2026-05-07 22:31:32,I,1,정상영업,2014-01-02 10:46:21,,1977-08-17,8.25,,부산광역시 사하구 괴정동 552-14호,2000334001707500004,3340000,부산광역시 사하구 괴정로 219 (괴정동),,,01,영업/정상,대규모점포,,,051-0293-7545
사단법인 국제시장번영회,그 밖의 대규모점포,,,,2025-12-15 16:15:28,I,1,정상영업,2007-07-07 09:56:14,,1977-08-06,,,부산광역시 중구 신창동4가 38호,1977325001407500001,3250000,,,,01,영업/정상,,,,051-245-1889
동아종합시장,시장,2017-12-06,383726.03244529,184827.712443952,2025-12-15 16:15:28,I,3,폐업처리,2019-04-12 14:16:48,,1977-07-26,2015.19,,부산광역시 부산진구 개금동 632-3호,2000329000107500011,3290000,부산광역시 부산진구 진사로 63-7 (개금동),,2008-06-16,03,폐업,대규모점포,,,
마포시장,시장,,195804.563731799,449216.311329217,2025-12-15 16:15:28,I,1,정상영업,2020-06-22 09:32:40,,1977-07-15,1689,,서울특별시 마포구 공덕동 256번지 5호 마포시장,1977313009907500009,3130000,"서울특별시 마포구 마포대로6길 16, 마포시장 (공덕동)",04214,,01,영업/정상,대규모점포,,,
신흥시장,시장,,212618.93002984,437990.051610637,2025-12-15 16:15:28,I,1,정상영업,2009-06-10 15:01:35,,1977-07-07,2287.6,461-812,경기도 성남시 수정구 신흥3동 3436번지 10호,2009378019307500004,3780000,경기도 성남시 수정구 수정로214번길 6 (신흥동),,,01,영업/정상,,,,031-742-5564
신흥시장,그 밖의 대규모점포,,,,2025-12-15 16:15:28,I,1,정상영업,2007-07-07 11:25:20,,1977-07-07,,,경기도 성남시수정구 신흥동 3436번지 10  호,2000378000007510007,3780000,,,,01,영업/정상,,,,034-2742-5564
상제리제상가,그 밖의 대규모점포,,198744.433228989,451677.065126229,2026-03-26 22:48:21,I,1,정상영업,2020-04-30 16:07:24,,1977-06-23,9578,,,1977301013007500022,3010000,서울특별시 중구 삼일대로 363 (장교동),,,01,영업/정상,대규모점포,,,02-778-4611
신주안종합시장,그 밖의 대규모점포,,,,2026-03-26 22:48:21,I,1,정상영업,2007-06-30 12:25:07,,1977-06-22,,,인천광역시 남구 주안동 929호,2000351001307500021,3510500,,,,01,영업/정상,,,,
사) 동부시장,그 밖의 대규모점포,,367443.601105971,474756.310270998,2025-12-15 16:15:28,I,1,정상영업,2007-07-14 11:05:40,,1977-06-15,,,강원특별자치도 강릉시 옥천동 223호,2000420001907500001,4201000,강원특별자치도 강릉시 옥천로 48 (옥천동),,,01,영업/정상,,,,033-648-5976
사) 동부시장,그 밖의 대규모점포,,367443.601105971,474756.310270998,2025-12-15 16:15:28,I,1,정상영업,2007-07-14 11:05:40,,1977-06-15,,,강원특별자치도 강릉시 옥천동 223호,2000420000007500001,4201000,강원특별자치도 강릉시 옥천로 48 (옥천동),,,01,영업/정상,,,,033-648-5976
신남부시장,그 밖의 대규모점포,,,,2026-05-03 22:38:31,I,1,정상영업,2007-06-30 10:58:52,,1977-06-10,,,대전광역시 중구 문창동 383-4호,1977365001507500002,3650000,,,,01,영업/정상,,,,
신림종합시장,그 밖의 대규모점포,2024-03-19,192597.407974484,442498.617590296,2025-12-15 16:15:28,I,3,폐업처리,2024-03-25 17:13:27,,1977-05-26,2740,,서울특별시 관악구 신림동 505-1,1977320022507500001,3200000,,,,03,폐업,대규모점포,,,02-0000-0000
연미새시장,그 밖의 대규모점포,,390744.593013804,188146.054763645,2026-05-04 22:36:25,I,1,정상영업,2025-02-15 15:44:52,,1977-05-19,0,,부산광역시 연제구 연산동 2124번지 16호,2000337001407500003,3370000,부산광역시 연제구 배산로23번길 3 (연산동),,,01,영업/정상,대규모점포,,,051-865-7918
감전제일상가,그 밖의 대규모점포,,380765.119551746,185930.433662507,2025-12-15 16:15:28,I,1,정상영업,2011-12-14 15:52:51,,1977-05-12,113.6,,부산광역시 사상구 감전동 121번지 12호,2000339001507500002,3390000,부산광역시 사상구 새벽로168번길 21 (감전동),,,01,영업/정상,대규모점포,,,051-328-3917
사단법인김해시장번영회,그 밖의 대규모점포,,,,2025-12-15 16:15:28,I,1,정상영업,2007-07-07 10:38:36,,1977-04-21,,,경상남도 김해시 동상동 881호,1977535001407500001,5350000,,,,01,영업/정상,,,,055-336-4070
신정시장,그 밖의 대규모점포,,388406.730687338,190581.840905473,2025-12-15 16:15:28,I,1,정상영업,2007-07-14 10:35:50,,1977-03-15,,,부산광역시 동래구 사직동 128번지 1호,1977330001607500007,3300000,부산광역시 동래구 아시아드대로134번길 62 (사직동),,,01,영업/정상,,,,051-502-0650
신장시장,그 밖의 대규모점포,,,,2025-12-15 16:15:28,I,1,정상영업,2007-06-23 11:02:12,,1977-03-05,,,경기도 하남시 신장동 427-159호,1977404000007500003,4040000,,,,01,영업/정상,,,,031-792-2651
영주시장,시장,,385670.483619122,181074.042663357,2026-07-02 22:18:10,U,1,정상영업,2026-07-01 16:22:16,,1977-02-24,1100,,부산광역시 중구 영주동 601호,1977325001407500004,3250000,부산광역시 중구 대영로242번길 3 (영주동),,,01,영업/정상,대규모점포,,,051-469-8523
신성종합시장,그 밖의 대규모점포,,207747.893953282,450639.201015458,2025-12-15 16:15:28,I,1,정상영업,2012-01-04 16:20:51,,1977-01-31,1137.92,,서울특별시 광진구 중곡동 79번지 13호,2001304007307500006,3040000,서울특별시 광진구 영화사로 12 (중곡동),,,01,영업/정상,대규모점포,,,02-444-1707
만평시장,그 밖의 대규모점포,,,,2026-05-06 22:35:24,I,1,정상영업,2007-06-30 11:12:41,,1977-01-28,,,대구광역시 서구 비산동 1247번지 1  호,1977343001007500001,3430000,,,,01,영업/정상,,,,053-358-2147
남문백화점,백화점,,201466.481843885,419450.625001465,2026-03-11 01:45:40,I,2,휴업처리,2007-06-23 14:09:49,,1977-01-19,1410.06,,경기도 수원시팔달구 팔달로3가 25번지 6호,1977374001107500001,3740000,경기도 수원시 팔달구 정조로770번길 7 (팔달로3가),,,02,휴업,,,,031-254-8011
(주)대현프리몰 대구점,시장,,344058.72601522,264583.431967341,2026-05-08 22:34:09,I,1,정상영업,2025-03-19 14:16:20,,1977-01-14,3699,,대구광역시 중구 동성로2가 41번지 8호,1977341004607500003,3410000,대구광역시 중구 국채보상로 지하 580 (동성로2가),,,01,영업/정상,대규모점포,,,053-255-2427
우림시장,그 밖의 대규모점포,,192893.347466833,440903.81963928,2025-12-15 16:15:28,I,1,정상영업,2015-09-16 16:45:52,,1977-01-08,925,,,2015320021107500001,3200000,서울특별시 관악구 난곡로26길 4 (신림동),,,01,영업/정상,대규모점포,,,02-853-1866
개봉제일시장,그 밖의 대규모점포,,186968.288544829,442651.907780511,2026-05-01 22:42:20,I,1,정상영업,2013-12-20 10:56:01,,1976-12-28,2464,152-090,서울특별시 구로구 개봉동 361번지 1호,2007316011707500021,3160000,서울특별시 구로구 개봉로3길 51 (개봉동),,,01,영업/정상,대규모점포,,,26838792
개봉제일시장,그 밖의 대규모점포,,,,2026-05-01 22:42:19,I,1,정상영업,2007-07-07 09:54:17,,1976-12-28,,,서울특별시 구로구 개봉동 361번지 1   호,1976316007107500002,3160000,,,,01,영업/정상,,,,02-2617-2661
호남시장,그 밖의 대규모점포,,193212.675948627,184413.586290125,2026-07-14 11:38:15,I,1,정상영업,2007-06-23 10:57:03,,1976-12-14,,,전남광주통합특별시 동구 계림동 520번지 5호,2000359001107500003,5805000,전남광주통합특별시 동구 산수길39번길 21 (계림동),,,01,영업/정상,,,,062-223-5965
이수시장,그 밖의 대규모점포,,198984.364832071,443229.835878514,2025-12-15 16:15:28,I,1,정상영업,2014-03-11 10:14:19,,1976-12-11,6446.23,,,2013321012207500009,3210000,서울특별시 서초구 방배로33길 29 (방배동),,,01,영업/정상,대규모점포,,,02-599-1380
(사)금성상가시장,시장,,388604.827532314,191848.470657967,2025-12-15 16:15:28,I,1,정상영업,2011-09-21 16:54:03,,1976-11-29,428.48,607-837,부산광역시 동래구 온천2동 1407번지 2호,2011330007907500002,3300000,부산광역시 동래구 우장춘로4번길 23-8 (온천동),,,01,영업/정상,대규모점포,,,051-554-2263
(사)금성상가시장번영회,그 밖의 대규모점포,,,,2025-12-15 16:15:28,I,1,정상영업,2007-07-14 10:35:50,,1976-11-29,,,부산광역시 동래구 온천동 1407번지 36  호,1976330001607500006,3300000,,,,01,영업/정상,,,,051-555-1732
방산종합시장,그 밖의 대규모점포,,200002.952736046,451823.532462914,2026-03-26 22:48:23,I,1,정상영업,2025-04-16 14:58:38,,1976-11-29,18500,,,2014301013007500010,3010000,서울특별시 중구 동호로37길 20 (방산동),,,01,영업/정상,대규모점포,,,02-2268-6691
사상시장,그 밖의 대규모점포,,381035.353797712,186465.687264635,2025-12-15 16:15:28,I,4,직권취소,2007-08-10 18:29:18,,1976-11-18,0,,부산광역시 사상구 괘법동 550번지 2   호,2000339001507500001,3390000,부산광역시 사상구 사상로162번길 27 (괘법동),,,04,취소/말소/만료/정지/중지,,,,051-310-4472
북마산중앙시장,그 밖의 대규모점포,,342982.471963683,191886.973197579,2026-04-30 22:00:13,I,1,정상영업,2007-06-30 10:28:07,,1976-11-13,,,경상남도 마산시 상남동 40번지 1호,1976528000007500003,5670000,경상남도 창원시 마산합포구 상남시장로 3 (상남동),,,01,영업/정상,,,,055-1246-0824
안락시장,그 밖의 대규모점포,,391486.787090645,190515.87993883,2025-12-15 16:15:28,I,1,정상영업,2007-07-14 10:35:50,,1976-11-12,,,부산광역시 동래구 안락동 603번지 1호,1976330001607500005,3300000,부산광역시 동래구 충렬대로410번길 21 (안락동),,,01,영업/정상,,,,051-522-3052
굳앤굳 디자이너월드,그 밖의 대규모점포,,198095.7951961,450940.108370401,2026-03-26 22:48:22,I,1,정상영업,2019-04-08 15:14:31,,1976-11-02,9316.94,,,2014301013007500004,3010000,서울특별시 중구 남대문로 30 (남창동),,,01,영업/정상,대규모점포,,,02-6365-5959
삼성시장,그 밖의 대규모점포,,,,2026-05-03 22:36:09,I,1,정상영업,2007-07-07 12:21:29,,1976-09-06,,,대구광역시 북구 칠성동1가 276-108호,2000345001207500003,3450000,,,,01,영업/정상,,,,053-425-4073
만덕시장,그 밖의 대규모점포,,385260.036828544,192478.919358481,2026-05-03 22:39:03,I,1,정상영업,2007-07-14 11:26:29,,1976-09-06,,,부산광역시 북구 만덕동 829호,1976332004207500001,3320000,부산광역시 북구 만덕1로24번길 8 (만덕동),,,01,영업/정상,,,,051-332-7612
운봉장터시장,대형마트,,396113.990298061,194562.873789865,2026-05-10 22:54:09,I,1,정상영업,2007-07-07 10:11:47,,1976-08-11,,,부산광역시 해운대구 반송동 40번지 808호,1976333001507500001,3330000,,,,01,영업/정상,,,,051-0521-4490
신사상가,그 밖의 대규모점포,,202440.338882233,447782.51322707,2025-12-15 16:15:28,I,1,정상영업,2015-04-15 18:56:47,,1976-08-07,2059,,서울특별시 강남구 압구정동 454호,2001322008307500006,3220000,서울특별시 강남구 압구정로29길 72-1 (압구정동),,,01,영업/정상,대규모점포,,,02-542-3516
개봉중앙시장,그 밖의 대규모점포,,,,2026-05-01 22:42:19,I,1,정상영업,2007-07-07 09:54:17,,1976-08-06,,,서울특별시 구로구 개봉동 324번지 1   호,1976316007107500001,3160000,,,,01,영업/정상,,,,02-613-6162
남문시장,그 밖의 대규모점포,,,,2026-05-08 22:34:09,I,1,정상영업,2007-07-14 13:31:56,,1976-08-02,,,대구광역시 중구 남산동 698번지 22  호,1976341004607500001,3410000,,,,01,영업/정상,,,,053-257-2415
신한이모르젠상가,그 밖의 대규모점포,,187955.121454906,449649.016215774,2025-12-15 16:15:28,I,1,정상영업,2014-09-30 10:06:50,,1976-06-16,3636.42,158-053,서울특별시 양천구 목3동 960번지,2009314011407500002,3140000,서울특별시 양천구 목동중앙북로 7 (목동),,,01,영업/정상,대규모점포,,,26545959
청원시장,그 밖의 대규모점포,,,,2025-12-15 16:15:28,I,1,정상영업,2007-06-23 14:33:26,,1976-06-14,,,경기도 안양시만안구 안양동 688번지 17 호,1976383006207500001,3830000,,,,01,영업/정상,,,,031-449-6498
(사)의정부제일시장번영회,시장,,204373.018448625,470811.577589593,2026-05-11 22:02:22,U,1,정상영업,2026-04-24 11:06:14,,1976-06-01,14654,480-842,경기도 의정부시 의정부1동 160번지,2000382007907500001,3820000,경기도 의정부시 태평로73번길 20 (의정부동),,,01,영업/정상,대규모점포,,,031-846-2617
팔달신시장,시장,,341344.574741049,266702.609656376,2026-05-03 22:36:09,I,1,정상영업,2023-11-29 10:53:36,,1976-05-14,0,,대구광역시 북구 노원동3가 750,2000345001207500005,3450000,대구광역시 북구 팔달로33길 59 (노원동3가),41557,,01,영업/정상,대규모점포,,,053-357-4953
대성시장,그 밖의 대규모점포,,,,2026-05-03 22:36:09,I,1,정상영업,2007-07-07 12:21:29,,1976-04-20,,,대구광역시 북구 칠성동1가 302-98호,2000345001207500006,3450000,,,,01,영업/정상,,,,053-426-0419
금강시장,그 밖의 대규모점포,,388311.578802584,191113.68353499,2025-12-15 16:15:28,I,1,정상영업,2007-07-14 10:35:50,,1976-04-02,,,부산광역시 동래구 온천동 1376번지 7호,1976330001607500004,3300000,부산광역시 동래구 아시아드대로208번길 48 (온천동),,,01,영업/정상,,,,051-504-5714
원대시장,그 밖의 대규모점포,,,,2026-05-06 22:35:24,I,1,정상영업,2007-06-30 11:12:41,,1976-03-24,,,대구광역시 서구 원대동3가 1223번지 13  호,1976343001007500000,3430000,,,,01,영업/정상,,,,053-355-0571
대인시장,시장,,192330.825746453,183887.135980547,2026-07-14 11:38:15,I,1,정상영업,2013-10-28 14:54:09,,1976-03-22,8930,501-030,전남광주통합특별시 동구 대인동 310번지 9호,2000359001107500002,5805000,전남광주통합특별시 동구 제봉로194번길 7-1 (대인동),,,01,영업/정상,대규모점포,,,062-232-4020
주식회사 야음시장,그 밖의 대규모점포,,411392.445021827,227441.509311385,2025-12-15 16:15:28,I,1,정상영업,2011-10-30 13:47:19,,1976-03-20,0,680-836,울산광역시 남구 야음동 815번지 22호,2010370005307500003,3700000,울산광역시 남구 수암로 234 (야음동),,,01,영업/정상,대규모점포,,,052-272-8332
장림시장,그 밖의 대규모점포,,379406.514301944,177516.635795368,2026-05-07 22:31:32,I,4,직권취소,2014-01-02 10:30:08,2000-02-28,1976-02-28,0,,부산광역시 사하구 장림동 792-7호,2000334001707500003,3340000,부산광역시 사하구 장림번영로 24 (장림동),,,04,취소/말소/만료/정지/중지,대규모점포,,,051-0261-5597
염리시장,시장,2015-12-28,,,2025-12-15 16:15:28,I,3,폐업처리,2021-09-29 10:56:35,,1976-01-16,1077,,서울특별시 마포구 염리동 36번지 249호,2001313007907500001,3130000,서울특별시 마포구 숭문길 96 (염리동),,,03,폐업,대규모점포,,,
가야쇼핑,시장,,193750.825947451,442753.219280937,2025-12-15 16:15:28,I,1,정상영업,2010-02-17 10:43:44,,1975-12-26,288,,서울특별시 관악구 신림동 1426번지 7호,1975320008007500013,3200000,,,,01,영업/정상,,,,02-878-8001
사단법인 자유시장번영회,그 밖의 대규모점포,,387768.514676203,184371.452375082,2025-12-15 16:15:28,I,1,정상영업,2023-03-29 13:45:45,,1975-12-23,19309,,부산광역시 동구 범일동 830번지 24호,2000327001407500004,3270000,부산광역시 동구 조방로 48 (범일동),,1975-12-31,01,영업/정상,대규모점포,,,051-632-8785
금정시장,그 밖의 대규모점포,,388784.456452673,191305.04068684,2025-12-15 16:15:28,I,1,정상영업,2007-07-14 10:35:50,,1975-12-09,,,부산광역시 동래구 온천동 1459번지 2호,1975330001607500003,3300000,부산광역시 동래구 충렬대로108번길 81 (온천동),,,01,영업/정상,,,,051-504-5714
수양시장,시장,,383726.03244529,184827.712443952,2025-12-15 16:15:28,I,1,정상영업,2021-04-21 11:06:34,,1975-11-20,1353.66,,부산광역시 부산진구 개금동 632번지 3호,2006329001307500008,3290000,부산광역시 부산진구 진사로 63-7 (개금동),,,01,영업/정상,대규모점포,,,051-802-7070
수양시장,그 밖의 대규모점포,,,,2025-12-15 16:15:28,I,BBBB,,2007-07-14 10:43:12,,1975-11-20,1359.6,,부산광역시 부산진구 개금동 632-3호,2000329000107500010,3290000,,,,01,영업/정상,,,,051-554-8986
초읍시장,시장,,386953.124436278,188391.856055915,2025-12-15 16:15:28,I,1,정상영업,2023-09-27 11:00:24,,1975-11-20,693.3,,부산광역시 부산진구 초읍동 225호,2000329000107500009,3290000,부산광역시 부산진구 성지로83번길 11 (초읍동),,,01,영업/정상,대규모점포,,,051-809-0636
이리북부시장,그 밖의 대규모점포,,,,2026-05-06 22:48:23,I,2,휴업처리,2007-07-21 11:08:15,,1975-11-04,,,전북특별자치도 익산시 남중동 35번지 4   호,1975468002007500002,4681000,,,,02,휴업,,,,063-855-6891
용호시장,그 밖의 대규모점포,,392543.912546981,181589.698263333,2026-05-06 22:35:18,I,1,정상영업,2025-04-16 16:42:31,,1975-10-27,2653,,부산광역시 남구 용호동 516번지 10호,1975331001607500001,3310000,부산광역시 남구 동명로152번길 93 (용호동),,,01,영업/정상,대규모점포,,,051-623-3818
감천시장,시장,,382824.456436263,178416.560578377,2026-05-07 22:31:32,I,1,정상영업,2014-01-02 10:42:27,,1975-09-15,0,,부산광역시 사하구 감천동 466-5호,2000334001707500002,3340000,부산광역시 옥천로 8,,,01,영업/정상,대규모점포,,,051-0291-9092
감천시장,시장,,382824.456436263,178416.560578377,2026-05-07 22:31:32,I,4,직권취소,2013-05-30 15:29:15,2010-02-04,1975-09-15,0,,부산광역시 사하구 감천동 471호,1975334001707500002,3340000,부산광역시 사하구 옥천로 8 (감천동),,,04,취소/말소/만료/정지/중지,대규모점포,,,051-291-9091
태능엔터피아 번영회,시장,,206771.217305763,455221.989517331,2025-12-15 16:15:28,I,1,정상영업,2012-01-31 13:45:02,,1975-09-09,0,131-883,서울특별시 중랑구 중화2동 314번지 1호,2012306009507500001,3060000,서울특별시 중랑구 동일로129길 35 (중화동),,1975-09-09,01,영업/정상,대규모점포,,,02-432-8637
신 중앙시장,복합쇼핑몰,,238864.463500619,314142.703940045,2026-05-03 22:32:20,I,1,정상영업,2024-04-19 15:43:55,,1975-09-05,4089.32,,대전광역시 동구 원동 40번지 1호,1975364005807500007,3640000,대전광역시 동구 중앙로200번길 85 (원동),,,01,영업/정상,대규모점포,,,042-256-2157
전곡시장,시장,,205987.345607556,452845.284277717,2025-12-15 16:15:28,I,1,정상영업,2021-12-04 15:29:22,,1975-09-05,809,,서울특별시 동대문구 장안동 108-5,2000305008207500012,3050000,서울특별시 동대문구 한천로 190(장안동),02525,,01,영업/정상,대규모점포,,,02-2245-3026
새동인천지하상가,그 밖의 대규모점포,2019-07-08,,,2026-07-01 09:42:12,I,3,폐업처리,2019-07-11 10:18:56,,1975-08-14,0,,인천광역시 제물포구 인현동 1호,1975349001207500007,3501000,인천광역시 제물포구 참외전로 지하 123 (인현동),,,03,폐업,대규모점포,,,032-772-9643
남광주종합상가,시장,,192746.538187516,182205.453635748,2026-07-14 11:38:15,I,1,정상영업,2014-03-14 14:15:23,,1975-08-01,0,,전남광주통합특별시 동구 학동 55번지 57호,2000359001107500004,5805000,전남광주통합특별시 동구 제봉로17번길 13-6 (학동),,,01,영업/정상,준대규모점포,,,062-226-9051
부전시장,시장,,387713.995735189,186850.240379432,2025-12-15 16:15:28,I,1,정상영업,2024-07-25 09:42:21,,1975-07-15,1630.9,,부산광역시 부산진구 부전동 573호,2006329001307500005,3290000,부산광역시 부산진구 중앙대로783번길 23 (부전동),,,01,영업/정상,대규모점포,,,051-818-1091
부전시장,그 밖의 대규모점포,2008-06-16,,,2025-12-15 16:15:28,I,3,폐업처리,2008-06-16 17:19:18,,1975-07-15,0,,호,2000329000107500001,3290000,,,,03,폐업,,,,051-809-5562
부전시장,시장,,387713.995735189,186850.240379432,2025-12-15 16:15:28,I,1,정상영업,2011-12-13 10:18:05,,1975-07-15,1630.9,614-031,부산광역시 부산진구 부전동 573번지 부전시장,1975329008507500001,3290000,부산광역시 부산진구 중앙대로783번길 23 (부전동),,,01,영업/정상,대규모점포,,,81810912
보광시장,시장,2024-06-03,199955.429742269,447219.161582186,2026-05-06 22:48:27,I,3,폐업처리,2024-10-31 16:15:39,,1975-07-01,2688.42,,서울특별시 용산구 보광동 260번지 8호,2006302007407500003,3020000,서울특별시 용산구 보광로 30 (보광동),,,03,폐업,대규모점포,,,02-794-0343
용남시장,시장,,170371.837071403,438909.534365555,2026-03-26 22:48:21,I,1,정상영업,2014-06-09 11:24:18,,1975-06-10,1200,,인천광역시 남구 용현동 4번지 2   호,2000351001307500013,3510500,인천광역시 남구 인주대로266번길 17-1 (용현동),,,01,영업/정상,대규모점포,,,
한화스토아여의점,그 밖의 대규모점포,,,,2026-05-11 22:40:05,I,1,정상영업,2007-07-07 12:24:36,,1975-06-09,,,서울특별시 영등포구 여의도동 42번지 1   호,2001318007607500010,3180000,,,,01,영업/정상,,,,02-782-4581
재흥시장,그 밖의 대규모점포,,171703.458006986,438968.002703605,2026-03-26 22:48:21,I,1,정상영업,2007-06-30 12:25:07,,1975-05-28,,,인천광역시 남구 주안동 1472호,2000351001307500019,3510500,인천광역시 남구 동주길29번길 67 (주안동),,,01,영업/정상,,,,
(주)서귀포상설시장,그 밖의 대규모점포,,159345.349472114,-27404.3676122491,2026-05-02 22:48:39,I,2,휴업처리,2007-06-30 12:02:53,,1975-05-06,,,제주특별자치도 서귀포시 서귀동 273번지 4호,2000550000007500003,6520000,제주특별자치도 서귀포시 중앙로42번길 26 (서귀동),,,02,휴업,,,,064-762-3142
동명백화점,백화점,,159271.535417339,-27435.1082417437,2026-05-02 22:48:39,I,1,정상영업,2007-06-30 12:02:53,,1975-05-01,,,제주특별자치도 서귀포시 서귀동 274번지 6호,2000550000007500002,6520000,제주특별자치도 서귀포시 중정로 69 (서귀동),,,01,영업/정상,,,,064-762-3122
북부상설시장,그 밖의 대규모점포,,,,2026-07-01 12:27:45,I,1,정상영업,2007-07-21 11:08:49,,1975-04-23,,,전남광주통합특별시 순천시 동외동 호 199-5,2000482000007500002,5790000,,,,01,영업/정상,,,,061-749-3355
동부시장,그 밖의 대규모점포,,,,2026-05-08 22:34:08,I,2,휴업처리,2007-07-14 13:31:56,,1975-03-17,,,대구광역시 중구 동인동4가 460호,1975341004607500001,3410000,,,,02,휴업,,,,053-425-9561
보성시장,시장,,156045.576839467,866.1177608316,2025-12-15 16:15:28,I,1,정상영업,2012-09-21 13:14:16,,1975-03-06,2613,,제주특별자치도 제주시 이도일동 1289번지 5호,1972549000007500001,6510000,제주특별자치도 제주시 동광로1길 32 (이도일동),,,01,영업/정상,,,,064-758-7622
연서시장,그 밖의 대규모점포,,193042.519283201,457459.367971725,2026-05-06 22:48:29,U,1,정상영업,2025-12-03 16:38:33,,1975-03-04,2367.26,,서울특별시 은평구 불광동 310번지 131 호,2001311008807500012,3110000,서울특별시 은평구 통일로 850 (불광동),,,01,영업/정상,대규모점포,,,02-359-2840
동북시장,그 밖의 대규모점포,,201589.777957863,457545.100871485,2026-04-30 22:35:16,I,1,정상영업,2018-07-13 15:13:59,,1975-02-11,3243,,서울특별시 강북구 미아동 701번지 3호 동북프라자,197530801690752,3080000,"서울특별시 강북구 솔샘로 233, 동북프라자 (미아동)",01189,,01,영업/정상,대규모점포,,,02-980-0740
동북프라자,그 밖의 대규모점포,,201589.777957863,457545.100871485,2026-04-30 22:35:16,I,1,정상영업,2020-10-28 14:41:07,,1975-02-11,5023.11,,서울특별시 강북구 미아동 701번지 3호 동북프라자,1975308016907500002,3080000,"서울특별시 강북구 솔샘로 233, 동북프라자 (미아동)",01189,,01,영업/정상,대규모점포,,,02-980-0740
연산시장,그 밖의 대규모점포,,389926.059811955,188279.306774377,2026-05-04 22:36:24,I,1,정상영업,2011-11-04 14:08:44,,1975-01-25,0,,부산광역시 연제구 연산동 787번지 3   호,2000337001407500001,3370000,부산광역시 연제구 월드컵대로3번길 24 (연산동),,,01,영업/정상,대규모점포,,,
중앙시장,그 밖의 대규모점포,,,,2026-07-01 13:59:17,I,1,정상영업,2007-07-21 10:07:22,,1975-01-24,,,전남광주통합특별시 완도군 완도읍 군내리 822번지 111호,1975499001107500003,5900000,,,,01,영업/정상,,,,061-554-2250
복개상가,그 밖의 대규모점포,,191326.53434806,183689.600204135,2026-07-14 11:38:15,I,1,정상영업,2007-07-21 10:15:34,,1975-01-24,,,전남광주통합특별시 서구 양동 441호,1975360001207500001,5810000,전남광주통합특별시 서구 천변좌로 226 (양동),,,01,영업/정상,,,,
홍명산업,그 밖의 대규모점포,,238392.327746889,314532.983017399,2026-05-03 22:32:20,I,2,휴업처리,2007-06-30 10:25:41,,1974-12-28,,,대전광역시 동구 중동 318호,1974364005807500002,3640000,,,,02,휴업,,,,042-254-7384
홍명산업,시장,2009-08-03,238392.327746889,314532.983017399,2026-05-03 22:32:20,I,3,폐업처리,2009-08-04 10:51:15,,1974-12-27,7209,300-160,대전광역시 동구 중동 318번지,2009364010407500005,3640000,,,,03,폐업,,,,042-254-7384
역삼시장,그 밖의 대규모점포,2013-02-20,204170.278135097,444036.656041328,2025-12-15 16:15:28,I,3,폐업처리,2013-12-27 14:44:37,,1974-12-27,0,,서울특별시 강남구 역삼동 754번지 2  호,2001322008307500017,3220000,서울특별시 강남구 역삼로52길 14 (역삼동),,,03,폐업,대규모점포,,,02-567-3504
현대시장,시장,2023-04-10,211608.842786941,437736.378292736,2025-12-15 16:15:28,I,3,폐업처리,2023-03-27 10:13:03,,1974-12-11,2338.32,461-193,경기도 성남시 수정구 태평3동 3683번지,2009378019307500007,3780000,경기도 성남시 수정구 수정북로 18 (태평동),,,03,폐업,대규모점포,,,031-753-2828
현대시장,그 밖의 대규모점포,,211608.842786941,437736.378292736,2025-12-15 16:15:28,I,1,정상영업,2007-07-07 11:25:20,,1974-12-11,,,경기도 성남시수정구 태평동 3683호,2000378000007510004,3780000,경기도 성남시 수정구 수정북로 18 (태평동),,,01,영업/정상,,,,034-2753-2828
태백시장,그 밖의 대규모점포,,345973.900997038,262874.677491731,2026-05-03 22:40:50,I,1,정상영업,2023-09-21 18:33:29,,1974-12-09,728.44,,대구광역시 수성구 수성동2가 39-4 수성종합시장,1974346005507500007,3460000,"대구광역시 수성구 들안로 281, 태백시장 (수성동2가)",42124,,01,영업/정상,대규모점포,,,053-0755-4250
서문시장제4지구시장,그 밖의 대규모점포,,,,2026-05-08 22:34:08,I,1,정상영업,2007-07-14 13:31:56,,1974-12-04,,,대구광역시 중구 대신동 115번지 377 호,1974341004607500003,3410000,,,,01,영업/정상,,,,053-255-2915
동인천지하아케이트,그 밖의 대규모점포,,,,2026-07-01 09:42:12,I,1,정상영업,2013-12-24 10:25:02,,1974-12-02,0,,인천광역시 제물포구 인현동 1호,1974349001207500010,3501000,인천광역시 제물포구 참외전로 지하 123 (인현동),,,01,영업/정상,대규모점포,,,032-762-8011
강남시장,복합쇼핑몰,,201757.494098748,446282.45446652,2025-12-15 16:15:28,I,1,정상영업,2020-11-08 15:42:17,,1974-11-10,3062.7,,서울특별시 강남구 신사동 510번지 11호,2001322008307500001,3220000,서울특별시 강남구 압구정로2길 46 (신사동),,,01,영업/정상,대규모점포,,,02-542-0874
부산진시장,그 밖의 대규모점포,,387564.611330896,183837.166587761,2025-12-15 16:15:28,I,1,정상영업,2023-03-29 13:44:00,,1974-10-23,10493,601-707,부산광역시 동구 범일2동 290번지 1호 부산진시장,2010327007707500001,3270000,"부산광역시 동구 진시장로 24 (범일동, 부산진시장)",,,01,영업/정상,대규모점포,,,051-646-7041
사단법인 부산진시장번영회,시장,,387564.611330896,183837.166587761,2025-12-15 16:15:28,I,1,정상영업,2013-12-20 11:03:43,,1974-10-23,10890,601-707,부산광역시 동구 범일2동 290번지 1호 부산진시장,2000327001407500001,3270000,"부산광역시 동구 진시장로 24 (범일동, 부산진시장)",,,01,영업/정상,대규모점포,,,051-646-7043
모란시장,그 밖의 대규모점포,,211208.238564181,436507.499228018,2025-12-15 16:15:28,I,1,정상영업,2023-12-11 16:11:32,,1974-10-18,2077.05,,경기도 성남시중원구 성남동 4214호,2000378000007510003,3780000,경기도 성남시 중원구 둔촌대로69번길 8 (성남동),,,01,영업/정상,대규모점포,,,031-751-4214
부안상설시장,그 밖의 대규모점포,,175770.042483966,247490.397315118,2025-12-15 16:15:28,I,1,정상영업,2021-08-12 14:43:32,,1974-10-10,0,,전북특별자치도 부안군 부안읍 서외리 21 상설시장,2000479005307500001,4791000,"전북특별자치도 부안군 부안읍 부풍로 47, 상설시장",56308,,01,영업/정상,대규모점포,,,063-580-4428
서문시장제1지구포목시장,그 밖의 대규모점포,,342609.226128903,264390.352075673,2026-05-08 22:34:08,I,1,정상영업,2023-10-12 16:08:25,,1974-10-07,2752.81,,대구광역시 중구 대신동 115-379 서문시장 1지구,1974341004607500002,3410000,"대구광역시 중구 큰장로28길 10, 서문시장 1지구 (대신동)",41926,,01,영업/정상,대규모점포,,,053-254-7924
사단법인 부산진남문시장번영회,그 밖의 대규모점포,,,,2025-12-15 16:15:28,I,4,직권취소,2013-12-27 11:35:09,2010-04-07,1974-09-27,0,,부산광역시 동구 범일동 291호,2000327001407500002,3270000,,,,04,취소/말소/만료/정지/중지,,,,051-645-9691
산수시장,시장,,,,2026-07-01 10:38:39,I,1,정상영업,2014-01-02 17:12:02,,1974-09-10,0,,호,2000359001107500001,5805000,전남광주통합특별시 동구 필문대로192번길 9 (산수동),,,01,영업/정상,준대규모점포,,,062-224-8651
칠성시장,그 밖의 대규모점포,,344933.863930849,265180.783587117,2026-05-03 22:36:09,I,1,정상영업,2022-07-18 11:48:52,,1974-07-30,0,,대구광역시 북구 칠성동1가 276-163,2000345001207500001,3450000,대구광역시 북구 칠성남로 229(칠성동1가),41583,,01,영업/정상,대규모점포,,,053-423-3480
이경시장,시장,,205761.988407757,454700.999035247,2025-12-15 16:15:28,I,1,정상영업,2021-12-04 15:35:20,,1974-07-11,2178,,서울특별시 동대문구 휘경동 151-3,2000305008207500014,3050000,서울특별시 동대문구 휘경로 53(휘경동),02428,,01,영업/정상,대규모점포,,,02-966-6966
휘경시장,시장,2008-01-14,204881.313219146,454280.040555974,2025-12-15 16:15:28,I,3,폐업처리,2021-12-04 14:38:38,,1974-07-10,0,,서울특별시 동대문구 회기동 346번지 18 호,2000305008207500013,3050000,,,,03,폐업,대규모점포,,,02-967-8740
화양시장,그 밖의 대규모점포,2006-01-23,,,2025-12-15 16:15:28,I,3,폐업처리,2012-01-04 16:32:52,,1974-07-01,3185.08,,서울특별시 광진구 군자동 361번지 6호,2001304007307500005,3040000,,,,03,폐업,대규모점포,,,02-466-6767
동진시장,시장,2025-04-23,193456.606360958,451125.467333415,2025-12-15 16:15:28,I,3,폐업처리,2025-05-02 16:20:21,,1974-06-05,0,121-865,서울특별시 마포구 연남동 227번지 15호,2009313011807500006,3130000,서울특별시 마포구 성미산로 198 (연남동),,,03,폐업,대규모점포,,,
성산시장,시장,,,,2025-12-15 16:15:28,I,1,정상영업,2009-07-30 16:41:14,,1974-05-28,0,121-827,서울특별시 마포구 망원2동 480번지 1호,2009313011807500009,3130000,,,,01,영업/정상,,,,
영일시장,그 밖의 대규모점포,,,,2026-05-11 22:40:05,I,1,정상영업,2007-07-07 12:24:36,,1974-05-15,,,서울특별시 영등포구 문래동3가 16호,2001318007607500009,3180000,,,,01,영업/정상,,,,02-2633-9047
삼선시장,시장,2007-02-13,200571.15381745,454098.610861527,2025-12-15 16:15:28,I,3,폐업처리,2008-10-07 10:47:44,,1974-05-10,1497,,서울특별시 성북구 삼선동1가 29호,2000307009907500012,3070000,,,,03,폐업,,,,02-764-6480
온양상설시장,그 밖의 대규모점포,,200077.879953948,364745.331990884,2026-05-06 22:48:23,I,1,정상영업,2007-06-23 10:11:01,,1974-04-20,,,충청남도 아산시 온천동 41번지 2호,1974452001807500001,4520000,충청남도 아산시 시민로 400 (온천동),,,01,영업/정상,,,,041-545-4082
공덕시장,시장,,195810.079475465,449173.775965909,2025-12-15 16:15:28,I,1,정상영업,2019-05-07 10:40:20,,1974-04-14,750,121-803,서울특별시 마포구 공덕동 256번지 10호,2009313011807500001,3130000,서울특별시 마포구 만리재로 19 (공덕동),,,01,영업/정상,대규모점포,,,
전농로타리시장,시장,,204970.90163598,452852.821037366,2025-12-15 16:15:28,I,1,정상영업,2021-12-04 14:55:15,,1974-04-02,4244,130-854,서울특별시 동대문구 전농동 295번지 52호,2000305008207500008,3050000,서울특별시 동대문구 전농로 147 (전농동),,,01,영업/정상,대규모점포,,,02-2217-1231
만촌시장,그 밖의 대규모점포,,,,2026-05-03 22:40:50,I,1,정상영업,2007-07-14 11:13:31,,1974-03-29,,,대구광역시 수성구 만촌동 640호,1974346005507500006,3460000,,,,01,영업/정상,,,,053-0751-6753
서문시장제1지구직물시장,그 밖의 대규모점포,,,,2026-05-08 22:34:08,I,1,정상영업,2007-07-14 13:31:56,,1974-03-04,,,호,1974341004607500001,3410000,,,,01,영업/정상,,,,053-254-9870
구의시장,그 밖의 대규모점포,2021-01-27,,,2025-12-15 16:15:28,I,3,폐업처리,2021-01-29 18:09:26,,1974-02-09,2529.91,,서울특별시 광진구 구의동 66번지 28호,2001304007307500004,3040000,서울특별시 광진구 광나루로 531-5 (구의동),,,03,폐업,대규모점포,,,02-457-8045
자유시장,그 밖의 대규모점포,,343823.920891633,191110.635107571,2026-04-30 22:00:13,I,1,정상영업,2007-06-30 10:28:07,,1974-01-29,,,경상남도 마산시 오동동 290호,1974528000007500006,5670000,경상남도 창원시 마산합포구 교방천북길 272 (오동동),,,01,영업/정상,,,,055-1246-9634
마천시장,그 밖의 대규모점포,,213247.196130934,444020.568495222,2025-12-15 16:15:28,I,1,정상영업,2016-07-26 13:39:23,,1973-12-14,3871,138-120,서울특별시 송파구 마천동 140번지 2호,2008323013107500001,3230000,서울특별시 송파구 마천로45길 23 (마천동),,1973-12-14,01,영업/정상,대규모점포,,,02-3012-5535
양동시장,그 밖의 대규모점포,,,,2026-07-01 10:55:09,I,1,정상영업,2007-07-21 10:15:34,,1973-11-29,,,전남광주통합특별시 서구 양동 5번지 101 호,1973360001207500001,5810000,,,,01,영업/정상,,,,062-363-0815
롯데쇼핑본점영플라자,백화점,,198315.532747026,451248.141599825,2026-04-24 03:03:03,U,2,휴업처리,2026-04-23 08:37:27,,1973-10-30,13877.55,,서울특별시 중구 남대문로2가 123호,2005301007107500002,3010000,서울특별시 중구 남대문로 67 (남대문로2가),,2027-04-01,02,휴업,대규모점포,2026-03-31,2027-03-31,02-771-2500
천일시장,그 밖의 대규모점포,,,,2025-12-15 16:15:28,I,1,정상영업,2007-06-30 10:52:49,,1973-10-19,,,충청남도 천안시 사직동 33호,2000449011907500006,4490000,,,,01,영업/정상,,,,
중앙도매시장,시장,,238839.909698722,314195.58059324,2026-06-02 22:18:10,I,1,정상영업,2026-06-01 13:42:28,,1973-10-18,2547.6,300-010,대전광역시 동구 원동 38번지 1호,2014364011407500002,3640000,대전광역시 동구 중앙로200번길 73-0 (원동),,,01,영업/정상,대규모점포,,,
중앙도매시장,시장,,238839.909698722,314195.58059324,2026-05-03 22:32:20,I,1,정상영업,2013-04-18 16:33:13,,1973-10-18,2547.6,300-010,대전광역시 동구 원동 38번지 1호,2009364010407500012,3640000,대전광역시 동구 중앙로200번길 73 (원동),,,01,영업/정상,대규모점포,,,042-257-7093
시흥중앙시장,그 밖의 대규모점포,,191823.026849977,438834.378061101,2026-05-07 22:30:11,I,BBBB,,2007-07-07 11:59:15,,1973-09-12,2063,,서울특별시 금천구 시흥동 831번지 6호,1973317006707500006,3170000,서울특별시 금천구 금하로 705 (시흥동),,,01,영업/정상,,,,02-803-5052
대전상가,시장,,239135.725694523,313533.610123343,2026-05-03 22:32:20,I,1,정상영업,2009-06-09 14:45:59,,1973-08-17,1380,300-020,대전광역시 동구 인동 52번지 1호,2009364010407500009,3640000,대전광역시 동구 충무로 185 (인동),,,01,영업/정상,,,,042-254-6562
(주)대전상가,시장,,239135.725694523,313533.610123343,2026-05-03 22:32:20,I,1,정상영업,2023-03-03 17:40:06,,1973-08-17,1380.17,,대전광역시 동구 인동 52-1,1973364018107500001,3640000,대전광역시 동구 충무로 185(인동),34633,,01,영업/정상,대규모점포,,,042-284-6562
대전상가,그 밖의 대규모점포,,239135.725694523,313533.610123343,2026-05-03 22:32:20,I,1,정상영업,2014-09-30 14:18:25,,1973-08-17,1380.17,,대전광역시 동구 신인동 52번지 1호,1973364005807500009,3640000,대전광역시 동구 충무로 185 (인동),,,01,영업/정상,대규모점포,,,042-284-6562
영동시장,그 밖의 대규모점포,2013-02-14,202010.0103397,445368.131754546,2025-12-15 16:15:28,I,3,폐업처리,2013-12-30 09:11:02,,1973-08-01,0,,서울특별시 강남구 논현동 122번지 8호,2001322008307500002,3220000,서울특별시 강남구 학동로4길 15 (논현동),,,03,폐업,대규모점포,,,02-547-1151
신동시장,그 밖의 대규모점포,,,,2026-05-11 22:40:05,I,1,정상영업,2007-07-07 12:24:36,,1973-06-30,,,서울특별시 영등포구 신길동 259호,2001318007607500020,3180000,,,,01,영업/정상,,,,02-832-1752
(주)중앙메가프라자,그 밖의 대규모점포,,238893.804328151,314079.734599578,2026-05-03 22:32:20,I,1,정상영업,2022-04-08 13:35:19,,1973-06-04,5655.56,,대전광역시 동구 원동 42번지 1호,1973364005807500010,3640000,대전광역시 동구 중앙로200번길 99 (원동),,,01,영업/정상,대규모점포,,,042-253-1550
중앙메가프라자,시장,,238893.804328151,314079.734599578,2026-05-03 22:32:20,I,1,정상영업,2010-03-29 11:19:33,,1973-06-03,1710.8,300-010,대전광역시 동구 원동 42번지 1호,2009364010407500006,3640000,대전광역시 동구 중앙로200번길 99 (원동),,,01,영업/정상,,,,042-253-1550
부산데파트,시장,,385587.465780386,179726.692445216,2026-07-02 22:18:10,U,1,정상영업,2026-07-01 16:20:51,,1973-05-21,5758.9,600-021,부산광역시 중구 동광동1가 1번지 10호,1973325001407500030,3250000,부산광역시 중구 중앙대로 21 (중앙동6가),,,01,영업/정상,대규모점포,,,051-246-0131
구포시장,그 밖의 대규모점포,,382414.614187411,191695.671163211,2026-05-03 22:39:03,I,1,정상영업,2009-01-28 11:10:00,,1973-04-10,1010,,부산광역시 북구 구포동 589번지 50호,1973332004207500001,3320000,,,,01,영업/정상,,,,
신세계백화점,백화점,,198263.90839194,450960.762964932,2026-03-26 22:48:22,I,1,정상영업,2025-01-31 16:39:05,,1973-04-10,78348.39,100-747,서울특별시 중구 충무로1가 52번지 5호 신세계백화점건물,2010301010007500001,3010000,"서울특별시 중구 소공로 63 (충무로1가,신세계백화점건물)",,,01,영업/정상,대규모점포,,,02-310-1041
상계중앙시장,그 밖의 대규모점포,,,,2025-12-15 16:15:28,I,2,휴업처리,2007-06-30 10:05:38,,1972-12-07,3137,,서울특별시 노원구 상계동 389번지 234호,1972310009607500001,3100000,,,,02,휴업,,,,
중앙시장,그 밖의 대규모점포,,,,2026-05-08 22:34:08,I,1,정상영업,2007-07-14 13:31:56,,1972-11-24,,,대구광역시 중구 동인동4가 460호,1972341004607500001,3410000,,,,01,영업/정상,,,,053-257-3630
양지시장,그 밖의 대규모점포,,,,2026-05-06 22:48:28,I,1,정상영업,2007-07-14 10:16:27,,1972-11-13,,,서울특별시 은평구 응암동 300번지 11 호,2001311008807500011,3110000,,,,01,영업/정상,,,,02-302-6729
동서시장,시장,,203597.856176904,453055.908738418,2025-12-15 16:15:28,I,1,정상영업,2021-12-04 15:45:28,,1972-10-12,1813,,서울특별시 동대문구 제기동 650호,2000305008207500004,3050000,,,,01,영업/정상,대규모점포,,,02-967-8169
번동시장,그 밖의 대규모점포,,204162.777672643,457664.961911112,2025-12-15 16:15:28,I,1,정상영업,2007-07-07 10:47:37,,1972-09-30,,,서울특별시 성북구 장위동 301호,2000307009907500011,3070000,,,,01,영업/정상,,,,02-915-7301
대림상가,그 밖의 대규모점포,,199534.329650967,451608.222852119,2026-03-26 22:48:22,I,1,정상영업,2018-04-25 13:02:52,,1972-09-18,10041.58,100-194,서울특별시 중구 을지로4가 9번지 6호,2009301010007500005,3010000,서울특별시 중구 을지로 157 (을지로4가),,,01,영업/정상,대규모점포,,,22785191
신수시장,시장,2026-04-15,194236.734674521,449243.162717684,2026-04-24 22:21:28,U,3,폐업처리,2026-04-21 16:54:47,,1972-09-13,1092.16,121-856,서울특별시 마포구 신수동 288번지 1호,2009313011807500004,3130000,서울특별시 마포구 토정로17길 17 (신수동),,,03,폐업,대규모점포,,,
답십리중앙시장,그 밖의 대규모점포,2001-05-02,205006.074911385,451814.33240199,2025-12-15 16:15:28,I,3,폐업처리,2007-08-13 15:34:30,,1972-09-01,0,,서울특별시 동대문구 답십리동 265번지 5호,2000305008207500009,3050000,,,,03,폐업,,,,02-2244-9636
서교시장,시장,,193009.20810189,450142.186927747,2025-12-15 16:15:28,I,1,정상영업,2009-07-30 16:41:40,,1972-07-19,0,121-838,서울특별시 마포구 서교동 357번지 1호,2009313011807500005,3130000,서울특별시 마포구 홍익로3길 20 (서교동),,,01,영업/정상,,,,31412502
이문제일시장,시장,,205396.363734301,455131.683241064,2025-12-15 16:15:28,I,1,정상영업,2021-12-04 14:40:18,,1972-07-12,1774,130-826,서울특별시 동대문구 이문동 292번지 10호,2000305008207500016,3050000,서울특별시 동대문구 이문로 136 (이문동),,,01,영업/정상,대규모점포,,,02-964-7051
용일시장,그 밖의 대규모점포,,,,2026-03-26 22:48:21,I,1,정상영업,2007-06-30 12:25:07,,1972-07-10,,,인천광역시 남구 용현동 140호,2000351001307500014,3510500,,,,01,영업/정상,,,,
장위시장,그 밖의 대규모점포,2018-07-12,204411.779055457,456753.488817165,2025-12-15 16:15:28,I,3,폐업처리,2018-08-30 13:50:46,,1972-07-04,0,,서울특별시 성북구 장위동 238번지 496 호,2000307009907500010,3070000,,,,03,폐업,,,,02-915-8881
용학시장,그 밖의 대규모점포,,,,2026-03-26 22:48:21,I,1,정상영업,2007-06-30 12:25:07,,1972-06-24,,,인천광역시 남구 학익동 293호,2000351001307500016,3510500,,,,01,영업/정상,,,,
영진시장,시장,,192214.380853693,450136.910982644,2025-12-15 16:15:28,I,1,정상영업,2009-07-30 15:54:42,,1972-06-22,0,121-839,서울특별시 마포구 서교동 485번지 14호,2009313011807500003,3130000,서울특별시 마포구 동교로12길 21 (서교동),,,01,영업/정상,,,,
문전시장,시장,2015-10-21,,,2025-12-15 16:15:28,I,3,폐업처리,2015-10-21 10:56:19,,1972-06-07,659,,부산광역시 부산진구 전포동 362-41호,2000329000107500007,3290000,부산광역시 부산진구 황령대로 61 (전포동),,,03,폐업,대규모점포,,,051-803-1545
서부시장,그 밖의 대규모점포,,,,2026-05-06 22:35:24,I,1,정상영업,2007-06-30 11:12:41,,1972-05-25,,,대구광역시 서구 비산동 434호,1972343001007500000,3430000,,,,01,영업/정상,,,,053-556-4377
당감시장,시장,,385954.556031881,186873.857939503,2025-12-15 16:15:28,I,1,정상영업,2018-07-13 11:09:02,,1972-05-22,112.2,614-101,부산광역시 부산진구 당감동 238번지 89호,2000329000107500006,3290000,부산광역시 부산진구 백양대로60번길 39-9 (당감동),,,01,영업/정상,대규모점포,,,051-895-8297
로타리시장,그 밖의 대규모점포,,,,2026-05-03 22:40:50,I,1,정상영업,2007-07-14 11:13:31,,1972-03-20,,,대구광역시 수성구 범어동 29-1호,1972346005507500004,3460000,,,,01,영업/정상,,,,053-754-2814
동부시장,그 밖의 대규모점포,,,,2026-07-01 11:52:35,I,1,정상영업,2007-07-07 20:35:50,,1972-02-28,,,전남광주통합특별시 목포시 용당동 1052호,2000480000007500004,5780000,,,,01,영업/정상,,,,
서면시장,시장,,387468.48013598,185990.346086723,2025-12-15 16:15:28,I,1,정상영업,2011-12-08 15:17:32,,1972-02-25,2792.7,614-032,부산광역시 부산진구 부전동 256번지 6호,2008329008507500001,3290000,부산광역시 부산진구 서면로 56 (부전동),,,01,영업/정상,대규모점포,,,
동부시장,시장,,,,2026-07-01 09:42:12,I,1,정상영업,2024-06-05 15:39:23,,1972-02-22,1024,401-060,인천광역시 제물포구 송림동 50번지 48호,1971350000907500001,3501000,인천광역시 제물포구 송림로 107 (금곡동),,,01,영업/정상,준대규모점포,,,
자갈치시장,시장,,385139.215952499,179403.007901717,2026-07-02 22:18:10,U,1,정상영업,2026-07-01 16:18:17,,1972-02-15,7066.4,600-044,부산광역시 중구 남포동4가 37번지 1호,1972325006907500001,3250000,부산광역시 중구 자갈치해안로 52 (남포동4가),,,01,영업/정상,대규모점포,,,051-245-2594
자갈치시장,그 밖의 대규모점포,,,,2025-12-15 16:15:28,I,BBBB,,2007-07-07 09:56:14,,1972-02-15,3576.7,,부산광역시 중구 남포동4가 37-1호,1972325001407500028,3250000,,,,01,영업/정상,,,,051-245-2594
봉천현대시장,시장,,195206.056916766,442716.301708689,2025-12-15 16:15:28,I,1,정상영업,2017-10-24 13:20:26,,1972-01-29,1714,,서울특별시 관악구 봉천동 502번지 4호,1972320008007500015,3200000,서울특별시 관악구 양녕로 49 (봉천동),,,01,영업/정상,대규모점포,,,02-882-0492
배영설비(주),그 밖의 대규모점포,,,,2026-05-01 22:42:19,I,1,정상영업,2007-07-07 09:54:17,,1972-01-21,,,서울특별시 구로구 구로동 169번지 2   호,1972316007107500005,3160000,,,,01,영업/정상,,,,02-855-1036
진양상가,그 밖의 대규모점포,,199571.599470393,451124.851387624,2026-03-26 22:48:21,I,1,정상영업,2016-04-10 15:47:35,,1971-12-30,10269.89,,서울특별시 중구 충무로4가 120번지 3   호,1971301007107500021,3010000,서울특별시 중구 퇴계로 217 (충무로4가),,,01,영업/정상,대규모점포,,,02-2269-9891
봉일시장,그 밖의 대규모점포,,194486.270488664,442632.469540589,2025-12-15 16:15:28,I,1,정상영업,2007-06-30 10:48:16,,1971-12-22,,,서울특별시 관악구 봉천동 951번지 25호,1971320008007500002,3200000,,,,01,영업/정상,,,,02-878-2184
동원,시장,,207869.605609192,454173.313439431,2025-12-15 16:15:28,I,1,정상영업,2014-03-18 17:25:09,,1971-12-10,1558.54,,,2014306009507500001,3060000,서울특별시 중랑구 면목로74길 45 (면목동),,,01,영업/정상,대규모점포,,,02-439-0026
수유중앙시장,그 밖의 대규모점포,,201812.904685238,459775.992830125,2026-04-30 22:35:16,I,1,정상영업,2019-03-11 18:50:37,,1971-11-18,3634.6,,서울특별시 강북구 수유동 32번지 2호 수유중앙시장,1971308016907500002,3080000,"서울특별시 강북구 노해로17길 21, 수유중앙시장 (수유동)",01076,,01,영업/정상,대규모점포,,,02-902-1353
대구맨션마켓,그 밖의 대규모점포,,,,2026-05-08 22:34:08,I,1,정상영업,2007-07-14 13:31:56,,1971-11-12,,,대구광역시 중구 대봉동 55번지 61  호,1971341004607500002,3410000,,,,01,영업/정상,,,,053-427-4378
제일시장,그 밖의 대규모점포,,,,2026-07-01 11:52:35,I,1,정상영업,2007-07-07 20:35:50,,1971-11-11,,,전남광주통합특별시 목포시 남교동 108번지 40  호,2000480000007500003,5780000,,,,01,영업/정상,,,,
죽도시장,그 밖의 대규모점포,,,,2026-05-07 22:37:40,I,1,정상영업,2007-06-30 12:09:18,,1971-11-02,,,경상북도 포항시북구 죽도동 2-4호,2000502007107500017,5020000,,,,01,영업/정상,,,,
고척스카이프라자,그 밖의 대규모점포,,187798.86926511,444629.704821749,2026-05-01 22:42:20,I,1,정상영업,2018-08-30 09:12:25,,1971-10-19,6992,152-081,서울특별시 구로구 고척동 50번지 48호,2007316011707500020,3160000,서울특별시 구로구 중앙로 64 (고척동),,,01,영업/정상,대규모점포,,,02-452-8140
고척시장,그 밖의 대규모점포,,,,2026-05-01 22:42:19,I,1,정상영업,2007-07-07 09:54:17,,1971-10-19,,,서울특별시 구로구 고척동 50번지 48  호,1971316007107500001,3160000,,,,01,영업/정상,,,,02-617-0617
서부종합시장,시장,2009-10-26,192773.974598512,455630.884111772,2026-05-06 22:48:28,I,3,폐업처리,2022-12-22 14:27:34,,1971-09-23,0,,서울특별시 은평구 역촌동 31-6 아그네스 풍림아이원,2001311008807500010,3110000,"서울특별시 은평구 진흥로1길 28(역촌동, 아그네스 풍림아이원)",03405,,03,폐업,대규모점포,,,02-359-6466
종로세운상가,그 밖의 대규모점포,,,,2026-05-06 22:48:23,I,2,휴업처리,2007-07-21 10:27:56,,1971-09-06,6194,,서울특별시 종로구 종로3가 175번지 4호,1971300007607500003,3000000,,,,02,휴업,,,,02-2278-5356
가야시장,시장,2018-03-07,386244.267674165,186069.141203112,2025-12-15 16:15:28,I,3,폐업처리,2019-07-15 15:03:47,,1971-08-27,572.8,614-011,부산광역시 부산진구 가야동 3번지 11호,2000329000107500004,3290000,부산광역시 부산진구 가야대로 667 (가야동),,,03,폐업,대규모점포,,,051-892-8796
동남시장,그 밖의 대규모점포,,191590.878296395,446489.41953806,2026-05-11 22:40:05,I,1,정상영업,2007-07-07 12:24:36,,1971-08-09,,,서울특별시 영등포구 영등포동5가 24호,2001318007607500007,3180000,서울특별시 영등포구 영등포로37길 4 (영등포동5가),,,01,영업/정상,,,,02-2635-4846
숭의자유시장,그 밖의 대규모점포,,,,2026-03-26 22:48:21,I,1,정상영업,2007-06-30 12:25:07,,1971-07-26,,,인천광역시 남구 숭의동 124번지 37  호,2000351001307500011,3510500,,,,01,영업/정상,,,,
북부시장,시장,,202608.934103734,459320.030764534,2026-04-30 22:35:16,I,1,정상영업,2014-09-18 11:39:24,,1971-07-19,2651,142-061,서울특별시 강북구 번1동 413번지 3호,1971308013907500001,3080000,서울특별시 강북구 한천로123길 26 (번동),,,01,영업/정상,대규모점포,,,02-901-1683
흥아시장,시장,2012-02-16,387894.925599061,186833.649301772,2025-12-15 16:15:28,I,3,폐업처리,2012-02-16 10:14:17,,1971-07-01,1362.9,614-031,부산광역시 부산진구 부전동 18번지,2000329000107500003,3290000,부산광역시 부산진구 중앙대로 797 (부전동),,,03,폐업,대규모점포,,,051-816-8686
온천시장,그 밖의 대규모점포,,,,2025-12-15 16:15:28,I,1,정상영업,2007-07-14 10:35:50,,1971-06-23,,,부산광역시 동래구 온천동 147호,1971330001607500002,3300000,,,,01,영업/정상,,,,051-555-8231
새석관시장,그 밖의 대규모점포,,204582.680269555,456210.836257791,2025-12-15 16:15:28,I,1,정상영업,2007-07-07 10:47:37,,1971-05-22,,,서울특별시 성북구 석관동 338번지 18호,2000307009907500009,3070000,,,,01,영업/정상,,,,02-962-0580
신촌상가,시장,2019-02-15,194158.369649874,450273.194140715,2025-12-15 16:15:28,I,3,폐업처리,2019-02-15 11:34:21,,1971-05-20,0,,서울특별시 마포구 노고산동 49번지 55호,2005313009907500003,3130000,서울특별시 마포구 신촌로 86 (노고산동),,,03,폐업,대규모점포,,,
합동시장,그 밖의 대규모점포,2015-08-27,197037.368787577,450812.939747734,2026-03-26 22:48:21,I,3,폐업처리,2015-08-27 09:13:32,,1971-05-18,754,,,200730101300751,3010000,서울특별시 중구 서소문로6길 34 (중림동),,,03,폐업,대규모점포,,,02-392-5786
북부시장,그 밖의 대규모점포,,,,2026-05-06 22:48:24,I,1,정상영업,2014-04-02 14:42:20,,1971-05-11,0,,충청북도 청주시 청원구 우암동 346-2번지,2000436000907500002,5710000,,,,01,영업/정상,준대규모점포,,,043-256-3170
중곡제일시장,그 밖의 대규모점포,,207114.498872176,451296.049443757,2025-12-15 16:15:28,I,1,정상영업,2012-01-04 17:05:26,,1971-05-08,2107.8,,서울특별시 광진구 중곡동 229번지 5호,2001304007307500003,3040000,서울특별시 광진구 긴고랑로11길 11 (중곡동),,,01,영업/정상,대규모점포,,,02-467-0254
조양시장,그 밖의 대규모점포,,205886.288968009,448517.338628068,2025-12-15 16:15:28,I,1,정상영업,2017-12-08 10:38:45,,1971-05-01,6426.48,,서울특별시 광진구 자양동 6번지 20호,2001304007307500002,3040000,서울특별시 광진구 아차산로30길 39 (자양동),,,01,영업/정상,대규모점포,,,02-463-5611
동성시장,그 밖의 대규모점포,,,,2026-05-03 22:40:50,I,1,정상영업,2007-07-14 11:13:31,,1971-04-15,,,대구광역시 수성구 수성동2가 39-1호,1971346005507500003,3460000,,,,01,영업/정상,,,,053-754-9291
사단법인황지자유시장,그 밖의 대규모점포,,,,2025-12-15 16:15:28,I,1,정상영업,2007-07-14 10:33:54,,1971-04-14,,,강원특별자치도 태백시 황지동 38호,2000422001007502008,4221000,,,,01,영업/정상,,,,033-552-2634
평화자유시장,그 밖의 대규모점포,,,,2026-03-26 22:48:21,I,1,정상영업,2007-06-30 12:25:07,,1971-04-12,,,인천광역시 남구 숭의동 124호,2000351001307500012,3510500,,,,01,영업/정상,,,,
종합시장,그 밖의 대규모점포,,212889.780307968,437694.304837431,2025-12-15 16:15:28,I,4,직권취소,2014-03-24 13:10:33,2014-03-24,1971-04-02,0,,경기도 성남시수정구 신흥동 4124호,2000378000007510009,3780000,,,2010-06-26,04,취소/말소/만료/정지/중지,대규모점포,2009-06-26,2010-06-25,034-2731-4300
신설종합시장,시장,,201727.670840565,452264.420237876,2026-05-06 22:48:29,I,1,정상영업,2020-07-22 14:14:39,,1971-03-25,1313,,서울특별시 종로구 숭인동 206-9 신설종합시장 숭인동,2020300020207500001,3000000,"서울특별시 종로구 난계로27길 51, 신설종합시장 숭인동 (숭인동)",03117,1971-03-25,01,영업/정상,대규모점포,,,
장안시장,그 밖의 대규모점포,2007-11-28,,,2025-12-15 16:15:28,I,3,폐업처리,2007-12-04 15:55:29,,1971-03-13,0,,서울특별시 동대문구 장안동 217번지 2호,2000305008207500011,3050000,,,,03,폐업,,,,02-2245-1333
동부시장,시장,,204551.741974471,451706.003571094,2025-12-15 16:15:28,I,1,정상영업,2021-12-04 14:28:11,,1971-03-11,1655.9,,서울특별시 동대문구 답십리동 495-1,2000305008207500010,3050000,서울특별시 동대문구 천호대로 281(답십리동),02604,,01,영업/정상,대규모점포,,,02-2244-4451
수성시장,그 밖의 대규모점포,,345973.900997038,262874.677491731,2026-05-03 22:40:50,I,1,정상영업,2019-11-25 13:18:08,,1971-02-04,1629,,대구광역시 수성구 수성동2가 39번지 4호 수성종합시장,1971346005507500002,3460000,"대구광역시 수성구 들안로 281, 수성종합시장 (수성동2가)",42124,,01,영업/정상,대규모점포,,,053-0755-3218
(합)구지하자유시장,그 밖의 대규모점포,,,,2026-07-01 09:42:12,I,1,정상영업,2007-06-23 14:01:57,,1971-01-29,,,인천광역시 제물포구 인현동 1호,1971349001207500002,3501000,,,,01,영업/정상,,,,032-773-5938
교동시장,그 밖의 대규모점포,,344114.196249566,264837.581655233,2026-05-08 22:34:08,I,1,정상영업,2023-10-27 13:04:34,,1971-01-20,1924.5,,대구광역시 중구 교동 67-12 교동시장,1971341004607500001,3410000,"대구광역시 중구 교동길 40, 교동시장 (교동)",41912,,01,영업/정상,대규모점포,,,053-424-5008
제일시장,그 밖의 대규모점포,,,,2025-12-15 16:15:28,I,1,정상영업,2007-07-07 11:25:20,,1971-01-16,,,경기도 성남시수정구 수진동 6042호,2000378000007510011,3780000,,,,01,영업/정상,,,,034-2758-0809
동서울시장,시장,2019-08-26,211246.37178295,448940.301250547,2026-05-06 22:47:37,I,3,폐업처리,2019-08-26 17:57:25,,1970-12-31,4348.7,134-873,서울특별시 강동구 천호동 422번지 1호,2014324018907500002,3240000,서울특별시 강동구 올림픽로80길 58 (천호동),,,03,폐업,대규모점포,,,02-478-1443
대호프라자상가,복합쇼핑몰,,194002.701726955,456937.542510222,2026-05-06 22:48:28,I,1,정상영업,2025-02-17 17:39:19,,1970-12-24,3887.79,,서울특별시 은평구 불광동 631번지 1호,2001311008807500009,3110000,서울특별시 은평구 불광로 90-0 (불광동),,,01,영업/정상,대규모점포,,,02-3157-1566
노룬산시장,그 밖의 대규모점포,,205663.081069121,448250.363358949,2025-12-15 16:15:28,I,1,정상영업,2013-12-23 16:36:35,,1970-12-23,1524.1,,서울특별시 광진구 자양동 44번지 2호,2001304007307500001,3040000,서울특별시 광진구 뚝섬로 491 (자양동),,,01,영업/정상,대규모점포,,,02-463-7521
광명시장,그 밖의 대규모점포,,187121.809585585,441941.719327999,2025-12-15 16:15:28,I,1,정상영업,2020-02-13 15:38:50,,1970-12-21,0,,경기도 광명시 광명동 150번지 17  호,1970390000007500001,3900000,,,,01,영업/정상,준대규모점포,,,02-2614-0006
서대구시장,그 밖의 대규모점포,,,,2025-12-15 16:15:28,I,2,휴업처리,2007-07-14 12:20:22,,1970-12-18,,,대구광역시 달서구 두류동 1216번지 1   호,1970347007507500008,3470000,,,,02,휴업,,,,053-621-0401
봉일시장,그 밖의 대규모점포,,194486.270488664,442632.469540589,2025-12-15 16:15:28,I,1,정상영업,2007-06-30 10:48:16,,1970-12-03,,,서울특별시 관악구 봉천동 951번지 25호,1970320008007500004,3200000,,,,01,영업/정상,,,,02-878-2184
한강상가,시장,2012-08-02,197450.277644237,446437.197878548,2026-05-06 22:48:23,I,3,폐업처리,2012-08-02 14:23:00,,1970-11-30,4858.45,,서울특별시 용산구 이촌동 300번지 27  호,1970302007407500005,3020000,서울특별시 용산구 이촌로 224 (이촌동),,,03,폐업,대규모점포,,,02-798-0401
간석자유시장,그 밖의 대규모점포,,174722.451711653,440258.823829012,2026-03-26 22:49:55,I,1,정상영업,2013-12-26 14:13:36,,1970-11-04,418,,인천광역시 남동구 간석동 224호,2000353000007500001,3530000,인천광역시 남동구 백범로 312-44 (간석동),,,01,영업/정상,대규모점포,,,032-422-0401
태화종합시장,그 밖의 대규모점포,,343050.245820733,192325.42924622,2026-04-30 22:00:13,I,BBBB,,2007-06-30 10:28:07,,1970-09-12,0,,경상남도 마산시 회원동 49번지 1호,1970528000007500005,5670000,,,,01,영업/정상,,,,055-1248-1770
응암시장,그 밖의 대규모점포,,192738.381117433,454678.898500315,2026-05-06 22:48:27,I,1,정상영업,2021-12-16 18:26:52,,1970-09-12,649,,서울특별시 은평구 응암동 427번지 126호,2001311008807500007,3110000,서울특별시 은평구 응암로 252 (응암동),,,01,영업/정상,대규모점포,,,02-355-0727
동래시장,그 밖의 대규모점포,,389889.163083827,191389.243011753,2025-12-15 16:15:28,I,1,정상영업,2023-01-12 16:13:16,,1970-09-07,3305,,부산광역시 동래구 복천동 229번지 28호,1970330001607500001,3300000,부산광역시 동래구 동래시장길 14 (복천동),,,01,영업/정상,대규모점포,,,051-552-1651
(주)공항시장,시장,,,,2025-12-15 16:15:28,I,1,정상영업,2013-05-01 09:03:04,,1970-08-20,2702,,서울특별시 강서구 방화동 620호,1999315010007500001,3150000,,,,01,영업/정상,대규모점포,,,02-2662-2751
도마시장,그 밖의 대규모점포,,,,2026-05-07 22:30:15,I,1,정상영업,2007-06-23 10:15:16,,1970-08-15,,,대전광역시 서구 도마동 113-17호,1970366001507500035,3660000,,,,01,영업/정상,,,,042-524-6208
유진상가,시장,,194811.756333333,454300.739666667,2026-05-06 22:37:15,U,1,정상영업,2026-02-23 16:06:11,,1970-08-14,6606,120-857,서울특별시 서대문구 홍제3동 294번지 6호,1970312009307500001,3120000,서울특별시 통일로 484 (유진상가),,,01,영업/정상,대규모점포,,,02-3216-9393
합정시장,시장,,192257.393762526,449554.484192321,2026-02-13 22:19:13,U,1,정상영업,2026-02-12 09:53:44,,1970-07-29,0,121-897,서울특별시 마포구 합정동 375번지 1호,2009313011807500002,3130000,서울특별시 마포구 양화진길 5 (합정동),,,01,영업/정상,대규모점포,,,
새길시장,그 밖의 대규모점포,,,,2026-05-06 22:35:24,I,1,정상영업,2007-06-30 11:12:41,,1970-07-10,,,대구광역시 서구 내당동 968호,1970343001007500000,3430000,,,,01,영업/정상,,,,053-571-9106
주안자유시장,그 밖의 대규모점포,,,,2026-03-26 22:48:21,I,1,정상영업,2007-06-30 12:25:07,,1970-06-20,,,인천광역시 남구 주안동 549번지 1   호,2000351001307500017,3510500,,,,01,영업/정상,,,,
대림시장,그 밖의 대규모점포,,,,2026-05-11 22:40:05,I,1,정상영업,2007-07-07 12:24:36,,1970-05-27,,,서울특별시 영등포구 대림동 963호,2001318007607500022,3180000,,,,01,영업/정상,,,,02-832-4617
거제시장,그 밖의 대규모점포,,388745.432070087,188934.356377584,2026-05-04 22:36:25,I,1,정상영업,2023-02-03 09:43:30,,1970-05-14,1986.6,,부산광역시 연제구 거제동 486번지 1호,2000337001407500002,3370000,부산광역시 연제구 거제시장로14번길 28 (거제동),,,01,영업/정상,대규모점포,,,051-852-6133
중앙시장,그 밖의 대규모점포,,,,2025-12-15 16:15:28,I,1,정상영업,2007-06-30 10:52:49,,1970-04-22,,,충청남도 천안시 사직동 3호,2000449011907500004,4490000,,,,01,영업/정상,,,,041-551-2226
정릉시장,시장,2007-03-30,200741.814526594,456247.253686235,2025-12-15 16:15:28,I,3,폐업처리,2008-10-07 10:55:58,,1970-02-27,1426.32,,서울특별시 성북구 정릉동 405번지 1  호,2000307009907500008,3070000,,,,03,폐업,,,,02-914-4851
신천시장,그 밖의 대규모점포,,,,2026-05-03 22:40:50,I,1,정상영업,2007-07-14 11:13:31,,1970-02-09,,,대구광역시 수성구 범어동 1004호,1970346005507500005,3460000,,,,01,영업/정상,,,,053-0755-7774
통일상가,그 밖의 대규모점포,,200613.510297669,451817.515366883,2026-03-26 22:48:22,I,1,정상영업,2015-01-29 11:06:21,,1970-01-29,15144,100-726,서울특별시 중구 을지로6가 17번지,2011301010007500001,3010000,서울특별시 중구 장충단로13길 20 (을지로6가),,,01,영업/정상,대규모점포,,,02-2269-1969
통일상가,그 밖의 대규모점포,,200530.360089273,451852.149537542,2026-03-26 22:48:21,I,1,정상영업,2024-04-03 17:07:49,,1970-01-29,15144,,,1970301013007500001,3010000,"서울특별시 중구 청계천로 260-9 (을지로6가, 통일의류종합상가)",04563,,01,영업/정상,대규모점포,,,02-2269-1967
불광시장(주),그 밖의 대규모점포,,,,2026-05-06 22:48:27,I,BBBB,,2007-07-14 10:16:27,,1970-01-23,,,서울특별시 은평구 대조동 14번지 24호,2001311008807500005,3110000,,,,01,영업/정상,,,,02-355-7450
부산평화시장,시장,,387756.144083923,184483.196490426,2025-12-15 16:15:28,I,1,정상영업,2023-09-27 10:57:11,,1970-01-10,0,,부산광역시 부산진구 범천동 839번지 52호,2006329001307500009,3290000,부산광역시 부산진구 자유평화로 7 (범천동),,,01,영업/정상,대규모점포,,,051-646-6561
부산평화시장,그 밖의 대규모점포,,,,2025-12-15 16:15:28,I,2,휴업처리,2007-07-14 10:43:12,,1970-01-10,1630.9,,부산광역시 부산진구 범천동 839번지 52  호,2000329000107500002,3290000,,,,02,휴업,,,,051-646-6561
제일시장,그 밖의 대규모점포,,170530.81661744,441487.912694495,2026-03-26 22:48:21,I,1,정상영업,2007-06-30 12:25:07,,1969-12-31,,,인천광역시 남구 도화동 263호,2000351001307500005,3510500,,,,01,영업/정상,,,,032-875-2023
도림시장,그 밖의 대규모점포,,,,2026-05-11 22:40:05,I,1,정상영업,2007-07-07 12:24:36,,1969-12-31,,,서울특별시 영등포구 도림동 176호,2001318007607500016,3180000,,,,01,영업/정상,,,,02-846-7747
영동시장,시장,,201579.623425463,419467.684542781,2026-03-11 01:45:40,I,1,정상영업,2015-10-28 09:35:37,,1969-12-19,2813,442-010,경기도 수원시팔달구 영동 8번지,1969374001107500002,3740000,경기도 수원시 팔달구 수원천로255번길 6 (영동),,,01,영업/정상,대규모점포,,,031-251-0171
조원시장,그 밖의 대규모점포,,,,2026-03-11 01:45:40,I,2,휴업처리,2007-06-23 14:09:49,,1969-12-19,0,,경기도 수원시장안구 조원동 814호,1969374001107500001,3740000,,,,02,휴업,,,,031-246-3650
관악종합시장,그 밖의 대규모점포,,,,2025-12-15 16:15:28,I,1,정상영업,2007-06-30 10:48:16,,1969-10-15,,,호,1969320008007500006,3200000,,,,01,영업/정상,,,,02-856-4355
괴정시장,시장,,381811.171878275,179710.997499038,2026-05-07 22:31:32,I,4,직권취소,2014-01-02 10:21:30,2012-04-06,1969-09-10,0,,부산광역시 사하구 괴정동 1016-1호,2000334001707500001,3340000,부산광역시 사하구 낙동대로 203 (괴정동),,,04,취소/말소/만료/정지/중지,대규모점포,,,051-0291-5091
자유시장,그 밖의 대규모점포,,213455.014283668,367887.682393836,2025-12-15 16:15:28,I,1,정상영업,2015-01-08 11:14:44,,1969-08-09,0,,충청남도 천안시 성황동 86번지 2호,2000449011907500003,4490000,,,,01,영업/정상,대규모점포,,,041-551-4168
팔달시장,그 밖의 대규모점포,,341785.154044623,266528.353631089,2026-05-03 22:36:09,I,1,정상영업,2007-07-07 12:21:29,,1969-07-07,,,대구광역시 북구 노원동2가 375호,2000345001207500004,3450000,대구광역시 북구 팔달로37길 11 (노원동2가),,,01,영업/정상,,,,053-357-8715
월곡시장,시장,2008-02-22,,,2025-12-15 16:15:28,I,3,폐업처리,2008-10-07 11:05:21,,1969-02-19,2597,,서울특별시 성북구 하월곡동 16번지 1 호,2000307009907500006,3070000,,,,03,폐업,,,,02-913-2982
동국철물시장,그 밖의 대규모점포,,,,2026-05-08 22:34:08,I,1,정상영업,2007-07-14 13:31:56,,1969-02-01,,,대구광역시 중구 동인동4가 460호,1969341004607500001,3410000,,,,01,영업/정상,,,,053-255-0675
창촌시장,그 밖의 대규모점포,,,,2026-07-01 12:27:45,I,1,정상영업,2007-07-21 11:08:49,,1969-01-23,,,전남광주통합특별시 순천시 주암면 창촌리 246-1호,2000482000007500005,5790000,,,,01,영업/정상,,,,061-749-3355
금북시장,그 밖의 대규모점포,2015-11-30,202004.452300224,450411.463616996,2026-05-07 22:31:40,I,3,폐업처리,2015-12-03 11:03:00,,1969-01-09,0,133-091,서울특별시 성동구 금호동1가 128번지 1호,1969303010307500001,3030000,서울특별시 성동구 행당로 35 (금호동1가),,,03,폐업,대규모점포,,,22916754
(주)인트램,그 밖의 대규모점포,2025-05-12,204830.977323063,449477.448459906,2026-05-07 22:31:40,I,3,폐업처리,2025-09-09 10:17:17,,1968-12-07,3225,133-120,서울특별시 성동구 성수동2가 289번지 4호,2005303007407500005,3030000,서울특별시 성동구 아차산로7길 28 (성수동2가),,,03,폐업,대규모점포,,,02-464-2095
만리시장,시장,,196716.165873094,449892.557718372,2026-05-06 22:48:28,I,1,정상영업,2012-03-13 13:09:01,,1968-11-09,1209.2,140-140,서울특별시 용산구 서계동 260번지 1호,2008302009507500001,3020000,서울특별시 용산구 효창원로 270 (서계동),,,01,영업/정상,대규모점포,,,02-714-0151
천호시장,그 밖의 대규모점포,2019-02-01,211196.195653708,448722.851784118,2026-05-06 22:47:28,I,3,폐업처리,2019-02-06 12:27:14,,1968-10-23,1735.5,134-873,서울특별시 강동구 천호동 421번지 1호,1968324010907500001,3240000,서울특별시 강동구 구천면로 205 (천호동),,,03,폐업,대규모점포,,,02-478-2191
오류시장,그 밖의 대규모점포,,,,2026-05-01 22:42:19,I,1,정상영업,2007-07-07 09:54:17,,1968-10-23,,,서울특별시 구로구 오류동 38번지 7   호,1968316007107500002,3160000,,,,01,영업/정상,,,,02-2611-3888
진관시장,그 밖의 대규모점포,,,,2026-05-06 22:48:27,I,2,휴업처리,2007-07-14 10:16:27,,1968-10-14,0,,서울특별시 은평구 진관외동 424번지 1호,2001311008807500004,3110000,,,,02,휴업,,,,02-359-9323
노화읍5일시장,그 밖의 대규모점포,,,,2026-07-01 13:59:17,I,1,정상영업,2007-07-21 10:07:22,,1968-10-01,,,전남광주통합특별시 완도군 노화읍 이포리 168호,1968499001107500004,5900000,전남광주통합특별시 완도군 노화읍 노화로 824-17,,,01,영업/정상,,,,061-553-4600
원대신시장,그 밖의 대규모점포,,342125.377639034,266183.738324128,2026-05-06 22:35:24,I,1,정상영업,2007-06-30 11:12:41,,1968-09-17,,,대구광역시 서구 원대동3가 1434번지 4호,1968343001007500001,3430000,대구광역시 서구 달서로54길 6 (원대동3가),,,01,영업/정상,,,,053-358-5037
장석시장,시장,2008-04-22,205020.608686581,456783.766604012,2025-12-15 16:15:28,I,3,폐업처리,2008-10-07 11:10:31,,1968-08-14,3583.4,,서울특별시 성북구 장위동 60번지 1호,1968307009907500001,3070000,,,,03,폐업,,,,02-915-1254
동화상가,그 밖의 대규모점포,,200541.637728834,451814.45954577,2026-03-26 22:48:22,I,1,정상영업,2016-03-28 15:58:37,,1968-07-30,19023.64,,,2014301013007500005,3010000,서울특별시 중구 장충단로13길 34 (을지로6가),,,01,영업/정상,대규모점포,,,22659611
금일읍 5일시장,그 밖의 대규모점포,,,,2026-07-01 13:59:17,I,1,정상영업,2007-07-21 10:07:22,,1968-04-11,,,전남광주통합특별시 완도군 금일읍 화목리 739번지 1   호,1996499001107500001,5900000,,,,01,영업/정상,,,,061-553-2601
양남시장,그 밖의 대규모점포,2025-05-27,190307.528282719,446742.556303998,2026-05-11 22:40:05,I,3,폐업처리,2025-05-27 17:40:53,,1968-02-20,0,,서울특별시 영등포구 양평동1가 30호,2001318007607500017,3180000,서울특별시 영등포구 선유동1로 5 (양평동1가),,,03,폐업,,,,02-677-8490
(주)신영사러가,그 밖의 대규모점포,2019-03-04,191994.505086626,444933.158731651,2026-05-11 22:40:05,I,3,폐업처리,2019-03-05 14:03:25,,1967-12-26,2342,,서울특별시 영등포구 신길동 255번지 9   호,2001318007607500019,3180000,"서울특별시 영등포구 가마산로69가길 17, 1층 (신길동)",07387,,03,폐업,대규모점포,,,02-834-8900
고한시장상인회,시장,,364568.2521799,412653.804447511,2025-12-15 16:15:28,I,1,정상영업,2009-12-11 11:53:20,,1967-12-22,8314,233-811,강원특별자치도 정선군 고한읍 고한리 62번지 430호 10통,2009429004007500002,4291000,강원특별자치도 정선군 고한읍 고한4길 46,,,01,영업/정상,,,,033-591-4989
역전시장,시장,,200143.531953133,418243.850692453,2026-03-11 01:45:40,I,1,정상영업,2015-04-23 10:59:57,,1967-12-17,20093,442-081,경기도 수원시 팔달구 매산로1가 57번지 3호,1967374001107500003,3740000,경기도 수원시 팔달구 매산로 2-10 (매산로1가),,,01,영업/정상,대규모점포,,,031-256-5019
부산중앙시장,그 밖의 대규모점포,,387691.073614837,184747.549474389,2025-12-15 16:15:28,I,1,정상영업,2013-12-30 15:52:57,,1967-08-22,4889.48,,부산광역시 부산진구 범천동 844-1호,2000329000107500029,3290000,부산광역시 부산진구 골드테마길 60 (범천동),,,01,영업/정상,대규모점포,,,051-631-8490
범어시장,시장,2007-07-14,346578.139386288,263225.721574273,2026-05-03 22:40:50,I,3,폐업처리,2015-09-18 17:07:27,,1967-06-28,0,,대구광역시 수성구 범어동 792번지 43호,1967346005507500001,3460000,대구광역시 수성구 동대구로59길 14-19 (범어동),42117,,03,폐업,대규모점포,,,053-0536-5000
지동시장,그 밖의 대규모점포,,,,2026-03-11 01:45:40,I,2,휴업처리,2007-06-23 14:09:49,,1966-12-28,0,,경기도 수원시팔달구 지동 402호,1966374001107500002,3740000,,,,02,휴업,,,,031-256-0202
수유시장,그 밖의 대규모점포,,201956.180985499,458714.365820521,2026-04-30 22:35:16,I,1,정상영업,2019-03-11 19:23:47,,1966-12-19,5301.07,,서울특별시 강북구 수유동 54번지 5호 수유시장,1966308016907500009,3080000,"서울특별시 강북구 도봉로67길 18, 수유시장 (수유동)",01117,,01,영업/정상,대규모점포,,,02-989-4730
녹번시장,그 밖의 대규모점포,2017-04-04,193793.666788377,455366.047017379,2026-05-06 22:48:27,I,3,폐업처리,2017-04-05 10:58:55,,1966-12-07,0,,서울특별시 은평구 응암동 74번지 7 호,2001311008807500006,3110000,,,,03,폐업,대규모점포,,,
중앙식료시장,그 밖의 대규모점포,,,,2026-07-01 11:52:35,I,1,정상영업,2007-07-07 20:35:50,,1966-02-20,,,전남광주통합특별시 목포시 남교동 88호,2000480000007500002,5780000,,,,01,영업/정상,,,,
정선시장상인회,시장,,347418.761037845,432223.064371999,2025-12-15 16:15:28,I,1,정상영업,2012-01-06 11:17:58,,1966-02-17,9187,233-804,강원특별자치도 정선군 정선읍 봉양1리 349번지 20호,2009429004007500001,4291000,강원특별자치도 정선군 정선읍 봉양7길 39,,,01,영업/정상,준대규모점포,,,033-563-6200
송현자유시장,시장,,,,2026-07-01 09:42:12,I,1,정상영업,2022-09-01 14:05:36,,1965-12-30,0,,인천광역시 제물포구 송현동 100호,1965350000907500001,3501000,,,,01,영업/정상,준대규모점포,,,032-772-2126
사단법인철암시장,그 밖의 대규모점포,,,,2025-12-15 16:15:28,I,1,정상영업,2007-07-14 10:33:54,,1965-09-09,,,강원특별자치도 태백시 철암동 278-1호,2000422001007500076,4221000,,,,01,영업/정상,,,,033-582-9025
(주)사러가,그 밖의 대규모점포,2019-03-04,192041.032768335,444884.804266378,2026-05-11 22:40:05,I,3,폐업처리,2019-03-05 14:04:27,,1965-06-21,3972,,서울특별시 영등포구 신길동 254번지 1호,2001318007607500018,3180000,서울특별시 영등포구 신길로 155 (신길동),07387,,03,폐업,대규모점포,,,02-834-8900
갈현시장,그 밖의 대규모점포,2018-04-17,192640.605262496,457921.381332144,2026-05-06 22:48:26,I,3,폐업처리,2018-04-17 17:49:39,,1965-05-31,0,,서울특별시 은평구 갈현동 424번지 16 호,2001311008807500003,3110000,서울특별시 은평구 갈현로 300 (갈현동),,,03,폐업,대규모점포,,,02-386-8773
대신시장,그 밖의 대규모점포,,192643.702398007,445431.520857116,2026-05-11 22:40:05,I,1,정상영업,2007-07-07 12:24:36,,1965-05-28,,,서울특별시 영등포구 신길동 116번지 15호,2001318007607500021,3180000,서울특별시 영등포구 도신로60길 7 (신길동),,,01,영업/정상,,,,02-842-0003
(주)동문시장,시장,,,,2025-12-15 16:15:28,I,1,정상영업,2010-06-23 12:55:56,,1965-04-26,2314,,제주특별자치도 제주시 일도이동 1148번지 2호,1965549000007500001,6510000,,,,01,영업/정상,,,,064-722-3284
사북시장상인회,시장,,361132.486063348,415489.838319734,2025-12-15 16:15:28,I,1,정상영업,2012-01-06 11:15:54,,1965-03-03,4916,233-901,강원특별자치도 정선군 사북읍 사북리 366번지 59호 8통 3반,2009429004007500003,4291000,강원특별자치도 정선군 사북읍 사북2길 6,,,01,영업/정상,준대규모점포,,,033-591-7277
남부시장,시장,,284505.128476342,427202.926014401,2025-12-15 16:15:28,I,1,정상영업,2011-12-22 15:01:02,,1965-03-03,4122.62,,강원특별자치도 원주시 명륜동 26번지 남부시장 2층,1965419007907500006,4191000,강원특별자치도 원주시 치악로 1803 (명륜동),,,01,영업/정상,대규모점포,,,033-764-0607
자유시장,시장,,284005.234706843,428073.8236109,2025-12-15 16:15:28,I,1,정상영업,2023-09-26 17:59:45,,1965-03-03,5408,,강원특별자치도 원주시 중앙동 57번지,1965419007907500005,4191000,강원특별자치도 원주시 자유시장길 12 (중앙동),,,01,영업/정상,대규모점포,,,033-746-5037
중앙시장,시장,,284121.214130228,427959.859428438,2025-12-15 16:15:28,I,1,정상영업,2019-04-02 16:11:57,,1965-03-03,7092,,강원특별자치도 원주시 중앙동 62번지 55호 중앙시장 2층 다동 19호,1965419007907500004,4191000,강원특별자치도 중앙시장길 6 (중앙시장),,,01,영업/정상,대규모점포,,,033-743-2570
청하시장,그 밖의 대규모점포,,,,2026-05-07 22:37:40,I,1,정상영업,2007-06-30 12:09:18,,1965-02-01,,,경상북도 포항시북구 청하면 미남리 호,2000502007107500010,5020000,,,,01,영업/정상,,,,
신광시장,그 밖의 대규모점포,,,,2026-05-07 22:37:40,I,1,정상영업,2007-06-30 12:09:18,,1965-02-01,,,경상북도 포항시북구 신광면 토성리 호,2000502007107500009,5020000,,,,01,영업/정상,,,,
흥해시장,그 밖의 대규모점포,,,,2026-05-07 22:37:40,I,1,정상영업,2007-06-30 12:09:18,,1965-02-01,,,경상북도 포항시북구 흥해읍 성내리 호,2000502007107500007,5020000,,,,01,영업/정상,,,,
북부시장,그 밖의 대규모점포,,,,2026-05-07 22:37:39,I,1,정상영업,2007-06-30 12:09:18,,1965-02-01,,,경상북도 포항시북구 대신동 54-2호,2000502007107500005,5020000,,,,01,영업/정상,,,,
중문오일시장,시장,,146264.580403636,-27094.1879642057,2026-05-02 22:48:39,I,1,정상영업,2010-06-23 11:04:40,,1965-01-15,3529,,제주특별자치도 서귀포시 중문동 2123번지 1호,2000550000007500001,6520000,제주특별자치도 서귀포시 천제연로188번길 12 (중문동),,,01,영업/정상,,,,064-738-6831
세화민속오일시장,시장,,186675.245612835,3289.29449285164,2025-12-15 16:15:28,I,1,정상영업,2010-06-23 14:03:02,,1965-01-15,3183,695-973,제주특별자치도 제주시 구좌읍 세화리 1500번지 5호,2010651001907500003,6510000,제주특별자치도 제주시 구좌읍 해맞이해안로 1412,,,01,영업/정상,,,,064-728-7762
서문공설시장,그 밖의 대규모점포,,,,2026-05-06 22:48:24,I,1,정상영업,2014-04-02 14:45:45,,1964-12-30,0,,충청북도 청주시 상당구 서문동 150-8번지,2000436000907500001,5710000,,,,01,영업/정상,대규모점포,,,043-259-8959
성산오일시장,시장,,193700.827673408,-3622.69137104228,2026-05-02 22:48:39,I,1,정상영업,2010-06-24 18:21:31,,1964-12-29,513,699-903,제주특별자치도 서귀포시 성산읍 성산리 181번지 6호,2010652001607500003,6520000,,,,01,영업/정상,,,,064-760-4282
서울남대문시장,그 밖의 대규모점포,,197982.996630014,450791.073856769,2026-03-26 22:48:21,I,1,정상영업,2024-11-19 09:51:10,,1964-10-13,53845.06,100-060,서울특별시 중구 남창동 49번지,1964301010007500001,3010000,서울특별시 중구 남대문시장4길 21 (남창동),,,01,영업/정상,대규모점포,,,02-753-2805
고금면5일시장,그 밖의 대규모점포,,181535.218478394,99735.4905627841,2026-07-14 11:38:15,I,1,정상영업,2007-07-21 10:07:22,,1964-10-01,,,전남광주통합특별시 완도군 고금면 농상리 385호,1964499001107500005,5900000,,,,01,영업/정상,,,,061-553-1008
군외5일시장,그 밖의 대규모점포,,,,2026-07-01 13:59:17,I,1,정상영업,2007-07-21 10:07:22,,1964-10-01,,,전남광주통합특별시 완도군 군외면 원동리 222번지 8   호,1964499001107500002,5900000,,,,01,영업/정상,,,,061-552-5701
괴목시장,그 밖의 대규모점포,,,,2026-07-01 12:27:45,I,1,정상영업,2007-07-21 11:08:49,,1964-10-01,,,전남광주통합특별시 순천시 황전면 괴목리 45-1호,2000482000007500008,5790000,,,,01,영업/정상,,,,061-749-3355
별량시장,그 밖의 대규모점포,,,,2026-07-01 12:27:45,I,1,정상영업,2007-07-21 11:08:49,,1964-10-01,,,전남광주통합특별시 순천시 별량면 봉림리 207-4호,2000482000007500007,5790000,,,,01,영업/정상,,,,061-749-3355
주암시장,그 밖의 대규모점포,,,,2026-07-01 12:27:45,I,1,정상영업,2007-07-21 11:08:49,,1964-10-01,,,전남광주통합특별시 순천시 주암면 광천리 54-1호,2000482000007500004,5790000,,,,01,영업/정상,,,,061-749-3355
승주시장,그 밖의 대규모점포,,,,2026-07-01 12:27:45,I,1,정상영업,2007-07-21 11:08:49,,1964-10-01,,,전남광주통합특별시 순천시 승주읍 서평리 423-1호,2000482000007500003,5790000,,,,01,영업/정상,,,,061-749-3355
중앙공설시장,그 밖의 대규모점포,,,,2026-07-01 11:52:35,I,1,정상영업,2007-07-07 20:35:50,,1964-10-01,,,전남광주통합특별시 목포시 남교동 111번지 9호,2000480000007500001,5780000,,,,01,영업/정상,,,,
대조시장,그 밖의 대규모점포,,,,2026-05-06 22:48:25,I,BBBB,,2007-07-14 10:16:27,,1963-05-27,,,서울특별시 은평구 대조동 14번지 37  호,2001311008807500002,3110000,,,,01,영업/정상,,,,02-385-5071
용현시장,그 밖의 대규모점포,,,,2026-03-26 22:48:21,I,2,휴업처리,2007-06-30 12:25:07,,1963-05-09,,,인천광역시 남구 용현동 492호,2000351001307500015,3510500,,,,02,휴업,,,,
제기시장,그 밖의 대규모점포,2015-07-24,202996.738772654,453770.441750111,2025-12-15 16:15:28,I,3,폐업처리,2015-07-24 11:13:07,,1963-01-31,1576.4,130-860,서울특별시 동대문구 제기동 135번지 90호,2000305008207500002,3050000,서울특별시 동대문구 제기로 18 (제기동),,,03,폐업,대규모점포,,,02-0928-2608
서울중앙시장,그 밖의 대규모점포,,201680.067548359,451610.962163829,2026-03-26 22:48:21,I,1,정상영업,2020-01-14 16:58:16,,1962-11-02,14330,,,2002301007107500008,3010000,서울특별시 중구 퇴계로85길 22 (황학동),04576,,01,영업/정상,대규모점포,,,
대전도매시장,시장,,238788.111931179,314446.016722727,2026-05-03 22:32:20,I,1,정상영업,2024-04-22 12:44:55,,1962-10-08,1779.64,300-160,대전광역시 동구 중동 76번지 28호,2009364010407500002,3640000,대전광역시 동구 대전로785번길 10 (중동),,,01,영업/정상,대규모점포,,,042-257-2410
대전도매시장,그 밖의 대규모점포,,,,2026-05-03 22:32:20,I,1,정상영업,2007-06-30 10:25:41,,1962-10-08,,,대전광역시 동구 중동 76호,1962364005807500002,3640000,,,,01,영업/정상,,,,042-257-2410
구로시장,그 밖의 대규모점포,,,,2026-05-01 22:42:19,I,1,정상영업,2007-07-07 09:54:17,,1962-09-25,,,서울특별시 구로구 구로동 736번지 1   호,1962316007107500001,3160000,,,,01,영업/정상,,,,02-854-2709
덕산시장,그 밖의 대규모점포,,343755.726909523,264103.249705854,2026-05-08 22:34:08,I,1,정상영업,2007-07-14 13:31:56,,1962-08-27,,,대구광역시 중구 덕산동 38호,1962341004607500001,3410000,대구광역시 중구 종로 8 (덕산동),,,01,영업/정상,,,,053-252-3831
우이시장,그 밖의 대규모점포,,201692.868936629,460402.065518179,2026-04-30 22:35:18,I,1,정상영업,2024-03-20 21:34:46,,1962-08-21,1061,,,2013308013907500002,3080000,서울특별시 강북구 노해로23길 68 (수유동),,,01,영업/정상,대규모점포,,,02-993-0240
이문종합상가,그 밖의 대규모점포,2006-03-02,205396.363734301,455131.683241064,2025-12-15 16:15:28,I,3,폐업처리,2007-08-13 11:34:34,,1962-03-12,0,,서울특별시 동대문구 이문동 292번지 10호,2000305008207500015,3050000,,,,03,폐업,,,,02-964-0076
학익시장,그 밖의 대규모점포,,,,2026-03-26 22:48:21,I,1,정상영업,2020-08-04 16:26:10,,1962-03-05,,,인천광역시 남구 학익동 273번지 3   호,2000351001307500004,3510500,,,,01,영업/정상,,,,032-864-3233
평화시장,그 밖의 대규모점포,,200644.673810142,451908.700024524,2026-03-26 22:48:22,I,1,정상영업,2024-11-19 09:50:32,,1962-02-23,24483.79,100-726,서울특별시 중구 을지로6가 17번지 48호,2009301010007500001,3010000,서울특별시 중구  청계천로  274 (을지로6가),,1962-02-23,01,영업/정상,대규모점포,,,02-2265-3531
뚝도시장,시장,,204775.366000022,448395.587760252,2026-05-07 22:31:40,I,5,영업개시전,2024-12-11 07:47:28,,1962-01-25,2861,,서울특별시 성동구 성수동2가 335번지,1962303007407500002,3030000,서울특별시 성동구 성수이로 32-15 (성수동2가),04776,,01,영업/정상,대규모점포,,,02-464-4426
금남시장,시장,,201939.255278432,449589.21383235,2026-05-07 22:31:40,I,5,영업개시전,2024-12-11 07:46:52,,1962-01-21,1156,133-805,서울특별시 성동구 금호동3가 332번지,1962303010307500001,3030000,서울특별시 성동구 독서당로 303-11 (금호동3가),,,01,영업/정상,대규모점포,,,02-2252-5302
칠원시장,그 밖의 대규모점포,,,,2026-05-11 22:01:19,I,1,정상영업,2007-07-07 10:28:57,,1962-01-01,,,경상남도 함안군 칠원면 구성리 732호,2000540000907500003,5400000,,,,01,영업/정상,,,,055-580-2674
아라시장,그 밖의 대규모점포,,,,2026-05-11 22:01:19,I,1,정상영업,2007-07-07 10:28:57,,1962-01-01,,,경상남도 함안군 가야읍 말산리 420-2호,2000540000907500001,5400000,,,,01,영업/정상,,,,055-584-4050
종암시장,시장,2008-10-06,,,2025-12-15 16:15:28,I,3,폐업처리,2008-10-07 10:21:30,,1961-12-24,3701.61,,서울특별시 성북구 종암동 3번지 75  호,2000307009907500002,3070000,,,,03,폐업,,,,02-941-3506
보문시장,그 밖의 대규모점포,,,,2025-12-15 16:15:28,I,1,정상영업,2007-07-07 10:47:37,,1961-12-04,,,서울특별시 성북구 보문동4가 1번지 1   호,2000307009907500001,3070000,,,,01,영업/정상,,,,
안양중앙시장,그 밖의 대규모점포,,,,2025-12-15 16:15:28,I,1,정상영업,2007-06-23 14:33:26,,1961-11-06,,,경기도 안양시만안구 안양동 676번지 44호,1961383006207500001,3830000,경기도 안양시 만안구 냉천로 196 (안양동),,,01,영업/정상,,,,031-449-6047
답십리시장,그 밖의 대규모점포,2001-02-05,205033.874040234,452322.301296488,2025-12-15 16:15:28,I,3,폐업처리,2007-08-13 15:47:08,,1961-10-23,0,,서울특별시 동대문구 답십리동 68번지 1 호,2000305008207500017,3050000,,,,03,폐업,,,,02-2242-7162
동대구시장,그 밖의 대규모점포,,345243.894718851,265723.133899691,2026-05-03 22:36:09,I,1,정상영업,2016-05-04 12:11:39,,1960-10-27,,,대구광역시 북구 대현동 390호,2000345001207500007,3450000,대구광역시 북구 대현로20길 30 (대현동),,,01,영업/정상,,,,053-942-7125
춘천중앙시장 (주),복합쇼핑몰,,263778.629199641,486455.739323481,2026-05-10 21:30:40,I,1,정상영업,2025-04-23 15:59:37,,1960-08-16,9014,,강원특별자치도 춘천시 중앙로2가 42-68,2015418027707500001,4181000,강원특별자치도 춘천시 중앙로77번길 4-4 (중앙로2가),24354,,01,영업/정상,대규모점포,,,033-254-2558
경동시장,시장,,203403.019535366,452985.725419514,2025-12-15 16:15:28,I,1,정상영업,2022-04-21 09:11:11,,1960-06-29,15540.7,,서울특별시 동대문구 제기동 1019 경동시장,2000305008207500003,3050000,"서울특별시 동대문구 고산자로36길 3, 경동시장 (제기동)",02571,,01,영업/정상,대규모점포,,,02-967-8721
이태원시장,시장,,199051.158829761,447953.601666521,2026-05-06 22:48:27,I,1,정상영업,2012-03-30 14:02:23,,1960-02-17,574,,서울특별시 용산구 이태원동 56번지 9호,2006302007407500001,3020000,서울특별시 용산구 이태원로14길 6 (이태원동),,,01,영업/정상,대규모점포,,,02-794-5682
수일시장,그 밖의 대규모점포,,,,2026-05-06 22:48:25,I,1,정상영업,2007-07-14 10:16:27,,1960-02-16,,,서울특별시 은평구 수색동 205번지 21  호,2001311008807500001,3110000,,,,01,영업/정상,,,,02-302-5798
군북시장,그 밖의 대규모점포,,,,2026-05-11 22:01:19,I,1,정상영업,2007-07-07 10:28:57,,1960-01-01,,,경상남도 함안군 군북면 중암리 83-10호,2000540000907500002,5400000,,,,01,영업/정상,,,,055-580-2624
중부시장,그 밖의 대규모점포,,200092.165872111,451408.699344817,2026-03-26 22:48:23,I,1,정상영업,2021-08-24 18:32:28,,1959-02-24,20707,,,2014301013007500009,3010000,서울특별시 중구 을지로36길 35 (오장동),,,01,영업/정상,대규모점포,,,02-2267-5617
기북시장,그 밖의 대규모점포,,,,2026-05-07 22:37:40,I,1,정상영업,2007-06-30 12:09:18,,1958-12-17,,,경상북도 포항시남구 동해면 도구리 호,2000502007107500016,5020000,,,,01,영업/정상,,,,
대창공설시장,그 밖의 대규모점포,,371220.748165433,265492.693937159,2025-12-15 16:15:28,I,1,정상영업,2007-07-21 10:35:06,,1958-11-06,,,경상북도 영천시 대창면 대창리 1076번지 11호,2000510007207500004,5100000,,,,01,영업/정상,,,,054-330-6611
신녕공설시장,그 밖의 대규모점포,,361011.615812107,283877.590740345,2025-12-15 16:15:28,I,1,정상영업,2007-07-21 10:35:06,,1958-09-20,,,경상북도 영천시 신녕면 화성리 866번지 1호,2000510007207500003,5100000,경상북도 영천시 신녕면 본관시장길 3,,,01,영업/정상,,,,054-332-0121
동부시장,그 밖의 대규모점포,,151312.141094052,364699.580031825,2026-03-26 22:48:23,I,1,정상영업,2007-06-23 10:45:46,,1956-07-18,,,충청남도 서산시 동문동 900호,2000453011607500001,4530000,충청남도 서산시 시장3길 3-12 (동문동),,,01,영업/정상,,,,
금호공설시장,그 밖의 대규모점포,,368990.236370771,271781.123729464,2025-12-15 16:15:28,I,1,정상영업,2007-07-21 10:35:06,,1955-12-10,,,경상북도 영천시 금호읍 교대리 167번지 35호,2000510007207500002,5100000,,,,01,영업/정상,,,,
광장시장,복합쇼핑몰,,199837.41426735,451974.128468485,2026-05-06 22:48:29,I,1,정상영업,2020-10-04 14:50:40,,1955-07-05,16128.75,110-440,서울특별시 종로구 예지동 6번지 1호,2012300012907500001,3000000,서울특별시 종로구 창경궁로 88 (예지동),,,01,영업/정상,대규모점포,,,22670291
영천공설시장,그 밖의 대규모점포,,374806.809412328,275505.133875124,2025-12-15 16:15:28,I,1,정상영업,2007-07-21 10:35:06,,1955-05-01,,,경상북도 영천시 완산동 982번지 3호,2000510007207500001,5100000,경상북도 영천시 시장4길 52 (완산동),,,01,영업/정상,,,,054-331-1772
동문공설시장,시장,,156088.878168927,1851.22998266475,2025-12-15 16:15:28,I,1,정상영업,2010-06-23 11:40:29,,1954-11-09,2322,690-836,제주특별자치도 제주시 일도1동 1103번지,2010651001907500001,6510000,제주특별자치도 제주시 동문로4길 9 (일도일동),,,01,영업/정상,,,,
서문공설시장,시장,,155133.551842727,1761.62326108472,2025-12-15 16:15:28,I,1,정상영업,2010-06-23 13:04:23,,1954-11-09,3748,690-819,제주특별자치도 제주시 용담1동 135번지 9호,1954549000007500002,6510000,제주특별자치도 제주시 서문로4길 13-2 (용담일동),,,01,영업/정상,,,,064-750-7357
동문공설시장,그 밖의 대규모점포,,156088.878168927,1851.22998266475,2025-12-15 16:15:28,I,1,정상영업,2007-06-30 13:46:00,,1954-11-09,,,제주특별자치도 제주시 일도일동 1103호,1954549000007500001,6510000,제주특별자치도 제주시 동문로4길 9 (일도일동),,,01,영업/정상,,,,064-750-7357
청량리현대코아,그 밖의 대규모점포,,203851.375424856,453238.594217594,2026-01-01 02:40:00,U,1,정상영업,2025-12-30 10:51:34,,1948-09-21,19780.15,130-870,서울특별시 동대문구 청량리동 738번지,2000305008207500005,3050000,서울특별시 동대문구 홍릉로 13 (청량리동),,,01,영업/정상,대규모점포,,,02-959-9981
(주)명지시장,시장,,376034.049571333,181003.845427074,2026-03-26 22:47:52,I,1,정상영업,2017-04-07 09:05:59,,1945-03-03,0,,"부산광역시 강서구 명지동 1-377,1-381호",1945336001307500001,3360000,부산광역시 강서구 신포길 13-2 (명지동),,,01,영업/정상,준대규모점포,,,051-271-2234
덕두시장,그 밖의 대규모점포,,378133.281586931,188443.751415799,2026-03-26 22:47:52,I,1,정상영업,2011-11-22 10:22:02,,1940-09-09,0,,부산광역시 강서구 대저2동 2014번지 29호,1940336001307500001,3360000,부산광역시 강서구 공항로811번다길 7 (대저2동),,,01,영업/정상,준대규모점포,,,051-970-4472
구룡포시장,그 밖의 대규모점포,,,,2026-05-07 22:37:39,I,1,정상영업,2007-06-30 12:09:18,,1937-12-24,,,경상북도 포항시남구 구룡포읍 구룡포리 호,2000502007107500006,5020000,,,,01,영업/정상,,,,
사덕시장,그 밖의 대규모점포,,380459.980792956,192214.615705687,2026-03-26 22:47:52,I,1,정상영업,2017-04-07 09:07:37,,1933-05-09,0,,부산광역시 강서구 대저1동 2343번지 20호,1933336001307500001,3360000,부산광역시 강서구 대저로277번길 7-13 (대저1동),,,01,영업/정상,준대규모점포,,,051-970-4472
오천시장,그 밖의 대규모점포,,,,2026-05-07 22:37:40,I,1,정상영업,2007-06-30 12:09:18,,1930-04-10,,,경상북도 포항시북구 흥해읍 성내리 호,2000502007107500008,5020000,,,,01,영업/정상,,,,
해미시장(신시장),그 밖의 대규모점포,,159316.964761071,356729.660195208,2026-03-26 22:48:23,I,1,정상영업,2012-05-03 13:09:24,,1924-09-08,,,충청남도 서산시 해미면 읍내리 202호,2000453011607500004,4530000,충청남도 서산시 해미면 읍성마을4길 17-2,,,01,영업/정상,,,,
송라시장,그 밖의 대규모점포,,,,2026-05-07 22:37:40,I,1,정상영업,2007-06-30 12:09:18,,1924-03-03,,,경상북도 포항시북구 송라면 광천리 호,2000502007107500011,5020000,,,,01,영업/정상,,,,
기계시장,그 밖의 대규모점포,,,,2026-05-07 22:37:40,I,1,정상영업,2007-06-30 12:09:18,,1923-04-01,,,경상북도 포항시북구 송라면 광천리 호,2000502007107500012,5020000,,,,01,영업/정상,,,,
죽장시장,그 밖의 대규모점포,,,,2026-05-07 22:37:40,I,1,정상영업,2007-06-30 12:09:18,,1919-10-01,,,경상북도 포항시남구 동해면 도구리 호,2000502007107500014,5020000,,,,01,영업/정상,,,,
진안시장,시장,,238750.217359681,254810.271772554,2025-12-15 16:15:28,I,1,정상영업,2011-02-10 20:38:35,,1918-03-15,3930,567-804,전북특별자치도 진안군 진안읍 군상리 406번지 7호,2011473006107500001,4731000,,,2010-02-04,01,영업/정상,,,,
병천시장,그 밖의 대규모점포,,226936.793579544,362851.576419821,2025-12-15 16:15:28,I,1,정상영업,2007-06-30 10:52:49,,1918-01-01,,,충청남도 천안시 동남구 병천면 병천리 360번지 1호,2000449011907500005,4490000,,,,01,영업/정상,,,,041-550-2011
포항시장,그 밖의 대규모점포,,,,2026-05-07 22:37:40,I,1,정상영업,2007-06-30 12:09:18,,1915-07-30,,,경상북도 포항시남구 동해면 도구리 호,2000502007107500013,5020000,,,,01,영업/정상,,,,
장기시장,그 밖의 대규모점포,,,,2026-05-07 22:37:40,I,1,정상영업,2007-06-30 12:09:18,,1914-12-15,,,경상북도 포항시남구 동해면 도구리 호,2000502007107500015,5020000,,,,01,영업/정상,,,,
성환시장,그 밖의 대규모점포,,211554.177933295,379720.190226599,2025-12-15 16:15:28,I,1,정상영업,2007-06-30 10:52:49,,1914-12-12,,,충청남도 천안시 서북구 성환읍 성환리 449번지 1호,2000449011907500016,4490000,,,,01,영업/정상,,,,041-550-2011
