행정구역명,TP_BUZ_NO,업종코드,bizesId,상호,소분류,adongCd,행정동,lon,lat
대전광역시 서구,8001,I201,MA010120220806238508,약수컨설팅&임대,백반/한정식,30170630,둔산1동,127.388145676682,36.3509697665554
대전광역시 서구,8001,I201,MA010120220804374467,본죽,백반/한정식,30170520,도마1동,127.381019717414,36.3128909067019
대전광역시 서구,8001,I201,MA010120220805142267,탄방골참순대,국/탕/찌개류,30170586,월평1동,127.361825524975,36.3568018574041
대전광역시 서구,8001,I201,MA010120220806174481,옥천식당,백반/한정식,30170535,정림동,127.366873762667,36.3024273766202
대전광역시 서구,8001,I201,MA010120220805768477,맛사랑,백반/한정식,30170570,가장동,127.388205292145,36.331558239981
대전광역시 서구,8001,I201,MA010120220806173991,동림가든식당,백반/한정식,30170600,기성동,127.342630579092,36.2221943285029
대전광역시 서구,8001,I201,MA010120220805141314,공주칼국수가,국수/칼국수,30170593,도안동,127.348075472167,36.3063406452612
대전광역시 서구,8001,I201,MA010120220806203925,새벽우리갯벌낙지,해산물 구이/찜,30170587,월평2동,127.378332311757,36.3627615606856
대전광역시 서구,8001,I201,MA010120220805167768,향수순대,국/탕/찌개류,30170540,변동,127.376724130614,36.3226733116465
대전광역시 서구,8001,I201,MA010120220805745059,대관령양푼이동태찌개.쏭케이크,국/탕/찌개류,30170540,변동,127.384912232079,36.32325101504
대전광역시 서구,8001,I201,MA010120220806192810,우리식당,백반/한정식,30170550,용문동,127.390304095392,36.3347776191161
대전광역시 서구,8001,I201,MA010120220806508562,마마푸드,백반/한정식,30170593,도안동,127.337450405456,36.3288645894933
대전광역시 서구,8001,I201,MA010120220803043330,황금회마차,횟집,30170555,탄방동,127.396376578263,36.3484014352275
대전광역시 서구,8001,I201,MA010120220806224197,달구네연탄구이,돼지고기 구이/찜,30170560,괴정동,127.379952427252,36.338469754969
대전광역시 서구,8001,I201,MA010120220806182625,불돈생돈,돼지고기 구이/찜,30170650,만년동,127.373757815691,36.3661193101562
대전광역시 서구,8001,I201,MA010120220806184407,곽대감연산순대,국/탕/찌개류,30170520,도마1동,127.378603496546,36.3175126265855
대전광역시 서구,8001,I201,MA010120220806212969,쌈채우리,백반/한정식,30170640,둔산2동,127.378902762082,36.3471243785024
대전광역시 서구,8001,I201,MA010120220806225933,현대옥둔산,국/탕/찌개류,30170630,둔산1동,127.388132924265,36.3528893096298
대전광역시 서구,8001,I201,MA010120220802917350,동래집,닭/오리고기 구이/찜,30170597,관저2동,127.338628517877,36.2999783867749
대전광역시 서구,8001,I201,MA010120220806055293,위아래횟집,횟집,30170520,도마1동,127.38468469666,36.3109416309818
대전광역시 서구,8001,I201,MA010120220805757279,남원고을,돼지고기 구이/찜,30170570,가장동,127.385686131014,36.3311428422119
대전광역시 서구,8001,I201,MA010120220806179827,일당식당,백반/한정식,30170630,둔산1동,127.388065816491,36.3505915325733
대전광역시 서구,8001,I201,MA010120220800895550,바다이야기,횟집,30170520,도마1동,127.371957900032,36.3273923927006
대전광역시 서구,8001,I201,MA010120220805784581,설레닭발,닭/오리고기 구이/찜,30170596,관저1동,127.333938448487,36.3071109269272
대전광역시 서구,8001,I201,MA010120220806211844,도솔순대,국/탕/찌개류,30170535,정림동,127.367539192046,36.3089949502264
대전광역시 서구,8001,I201,MA010120220806186901,갯벌바지락손칼국수,국수/칼국수,30170560,괴정동,127.382212483947,36.3405262427064
대전광역시 서구,8001,I201,MA010120220806217588,방일해장국,국/탕/찌개류,30170597,관저2동,127.340244259713,36.3003072376591
대전광역시 서구,8001,I201,MA010120220805685062,안선생생선구이,해산물 구이/찜,30170555,탄방동,127.394200065755,36.3409378909659
대전광역시 서구,8001,I201,MA010120220806202709,청주식당,백반/한정식,30170535,정림동,127.365609702867,36.3059188245713
대전광역시 서구,8001,I201,MA010120220806204759,영희네매운갈비찜,백반/한정식,30170582,갈마2동,127.369022758755,36.3473535554157
대전광역시 서구,8001,I201,MA010120220806448808,신호등,백반/한정식,30170560,괴정동,127.384203551191,36.3354191981391
대전광역시 서구,8001,I201,MA010120220800846568,제주한라돼지연탄삼겹구이,돼지고기 구이/찜,30170597,관저2동,127.339567913684,36.3009490008725
대전광역시 서구,8001,I201,MA010120220806179194,삼일꽃게식당,해산물 구이/찜,30170555,탄방동,127.397436824129,36.3422068402099
대전광역시 서구,8001,I201,MA010120220805832518,그옛날보리고개,백반/한정식,30170535,정림동,127.367117700188,36.3045894656537
대전광역시 서구,8001,I201,MA010120220804760120,구시야끼,백반/한정식,30170596,관저1동,127.335964156041,36.3043476315186
대전광역시 서구,8001,I201,MA010120220805032154,바다향기,횟집,30170530,도마2동,127.371374220499,36.3193917354311
대전광역시 서구,8001,I201,MA010120220806216040,죽이야기대전,백반/한정식,30170630,둔산1동,127.387112711256,36.3515949278506
대전광역시 서구,8001,I201,MA010120220802996093,본미옥,백반/한정식,30170630,둔산1동,127.388132924265,36.3528893096298
대전광역시 서구,8001,I201,MA010120220806180512,전원숯불갈리식당,돼지고기 구이/찜,30170590,가수원동,127.353399437949,36.3018191124558
대전광역시 서구,8001,I201,MA010120220805789278,족미남족발에미친남자,족발/보쌈,30170596,관저1동,127.335672661117,36.3064752422992
대전광역시 서구,8001,I201,MA010120220803720341,봄날의부엌,백반/한정식,30170660,둔산3동,127.396764295871,36.3501664507671
대전광역시 서구,8001,I201,MA010120220804864109,모꼬지감자탕,국/탕/찌개류,30170650,만년동,127.37588320273,36.365526880099
대전광역시 서구,8001,I201,MA010120220805178246,장태산정육식당,소고기 구이/찜,30170520,도마1동,127.371957900032,36.3273923927006
대전광역시 서구,8001,I201,MA010120220806182827,대나무통밥맛정식,백반/한정식,30170650,만년동,127.379985644108,36.3659374542577
대전광역시 서구,8001,I201,MA010120220806027600,두톰숙성회,횟집,30170560,괴정동,127.390024530748,36.3390230739479
대전광역시 서구,8001,I201,MA010120220806233726,시골집추어탕,국/탕/찌개류,30170530,도마2동,127.370941387188,36.3103001670829
대전광역시 서구,8001,I201,MA010120220806588134,마포서서갈비,돼지고기 구이/찜,30170630,둔산1동,127.38861025319,36.3503013873644
대전광역시 서구,8001,I201,MA010120220806224319,한판오감만족,백반/한정식,30170587,월평2동,127.376928633874,36.3581880355075
대전광역시 서구,8001,I201,MA010120220806230694,금평식당,백반/한정식,30170600,기성동,127.342473957902,36.250041649537
대전광역시 서구,8001,I201,MA010120220806192291,청암회관식당,백반/한정식,30170586,월평1동,127.354794223957,36.3540923819841
대전광역시 서구,8001,I201,MA010120220805006465,북촌순두부&쭈꾸미,백반/한정식,30170560,괴정동,127.389542691581,36.3406828097712
대전광역시 서구,8001,I201,MA010120220805772722,방아실순두부와굴,백반/한정식,30170555,탄방동,127.383198995898,36.3440827291431
대전광역시 서구,8001,I201,MA010120220806235315,큰손생고기촌,돼지고기 구이/찜,30170630,둔산1동,127.388720418704,36.3590153821647
대전광역시 서구,8001,I201,MA010120220803412937,할머니곰탕,국/탕/찌개류,30170520,도마1동,127.371957900032,36.3273923927006
대전광역시 서구,8001,I201,MA010120220804850281,거두리시래기감자탕,국/탕/찌개류,30170650,만년동,127.382026861409,36.3663725194358
대전광역시 서구,8001,I201,MA010120220804471008,가장맛있는뒷고기,돼지고기 구이/찜,30170555,탄방동,127.392488049534,36.3460531915307
대전광역시 서구,8001,I201,MA010120220806188019,수라간감자탕,국/탕/찌개류,30170582,갈마2동,127.374101670468,36.3471665402178
대전광역시 서구,8001,I201,MA010120220804909206,시골참순대,국/탕/찌개류,30170593,도안동,127.34888193402,36.3074197135114
대전광역시 서구,8001,I201,MA010120220806198602,갈비가,돼지고기 구이/찜,30170510,복수동,127.381285625899,36.2988947082061
대전광역시 서구,8001,I201,MA010120220806199858,장수골,돼지고기 구이/찜,30170582,갈마2동,127.377380688175,36.3410462568443
대전광역시 서구,8001,I201,MA010120220803091514,사리원면옥,냉면/밀면,30170630,둔산1동,127.387905472625,36.3497089019205
대전광역시 서구,8001,I201,MA010120220806177997,암스테르담,돼지고기 구이/찜,30170600,기성동,127.345242841986,36.2269271057533
대전광역시 서구,8001,I201,MA010120220805796010,일미,백반/한정식,30170520,도마1동,127.37095032338,36.326287074046
대전광역시 서구,8001,I201,MA010120220806233515,구이구이쪽갈비,돼지고기 구이/찜,30170586,월평1동,127.362454970155,36.355592375697
대전광역시 서구,8001,I201,MA010120220805023163,제육대가,기타 한식 음식점,30170597,관저2동,127.332119189191,36.3008257347767
대전광역시 서구,8001,I201,MA010120220806194608,뿌리,백반/한정식,30170555,탄방동,127.387971605033,36.3473205734669
대전광역시 서구,8001,I201,MA010120220806197540,태영생막창,곱창 전골/구이,30170535,정림동,127.367029517523,36.304778984675
대전광역시 서구,8001,I201,MA010120220806217135,가수원횟집,횟집,30170590,가수원동,127.352320574403,36.3045348571224
대전광역시 서구,8001,I201,MA010120220806227603,추부추어탕,국/탕/찌개류,30170586,월평1동,127.364442385328,36.3565145404803
대전광역시 서구,8001,I201,MA010120220806219586,시내버스기사식당,백반/한정식,30170593,도안동,127.337450405456,36.3288645894933
대전광역시 서구,8001,I201,MA010120220806202971,행복식당,백반/한정식,30170581,갈마1동,127.367320845678,36.3431412945512
대전광역시 서구,8001,I201,MA010120220801232458,탕의전설본가설렁탕,국/탕/찌개류,30170590,가수원동,127.353891768511,36.3048276069024
대전광역시 서구,8001,I201,MA010120220806233851,구이구이쪽갈비,돼지고기 구이/찜,30170630,둔산1동,127.387251572694,36.3526398403202
대전광역시 서구,8001,I201,MA010120220806231716,행복한족발,족발/보쌈,30170520,도마1동,127.370538819086,36.324053426355
대전광역시 서구,8001,I201,MA010120220806208176,장어잔치,해산물 구이/찜,30170555,탄방동,127.395599857662,36.3468089295141
대전광역시 서구,8001,I201,MA010120220806203327,덕성,백반/한정식,30170560,괴정동,127.387344467635,36.3399059313803
대전광역시 서구,8001,I201,MA010120220806170737,이모네실내마차,백반/한정식,30170555,탄방동,127.39240006353,36.34627877428
대전광역시 서구,8001,I201,MA010120220806234397,항아리보쌈,족발/보쌈,30170560,괴정동,127.383381985312,36.3359625426247
대전광역시 서구,8001,I201,MA010120220806179563,구봉촌,백반/한정식,30170597,관저2동,127.336814564875,36.3001547354985
대전광역시 서구,8001,I201,MA010120220806216767,대패삽겹살중심으로,돼지고기 구이/찜,30170520,도마1동,127.376933028655,36.3221139219349
대전광역시 서구,8001,I201,MA010120220806238783,산골막국수,국수/칼국수,30170555,탄방동,127.386982381939,36.3432684911592
대전광역시 서구,8001,I201,MA010120220803202405,양반골,백반/한정식,30170630,둔산1동,127.388656529099,36.3528876077313
대전광역시 서구,8001,I201,MA010120220806193018,초원가든,돼지고기 구이/찜,30170600,기성동,127.342717889843,36.234558466306
대전광역시 서구,8001,I201,MA010120220803412485,바를정,백반/한정식,30170593,도안동,127.33865350934,36.3315016419277
대전광역시 서구,8001,I201,MA010120220806529617,태능돌삼겹,돼지고기 구이/찜,30170586,월평1동,127.35978197182,36.3557806888964
대전광역시 서구,8001,I201,MA010120220806512779,장가네묵은지갈비김치찌개,백반/한정식,30170650,만년동,127.380777731008,36.36842216835
대전광역시 서구,8001,I201,MA010120220805531098,최셰프의숯불닭,닭/오리고기 구이/찜,30170630,둔산1동,127.389031068535,36.3497953602517
대전광역시 서구,8001,I201,MA010120220806212019,진성아구찜,해산물 구이/찜,30170582,갈마2동,127.366355279603,36.3415221405821
대전광역시 서구,8001,I201,MA010120220806184514,백암이네순대,국/탕/찌개류,30170586,월평1동,127.363712429674,36.3552731436159
대전광역시 서구,8001,I201,MA010120220806219215,동해식당,백반/한정식,30170540,변동,127.384840865352,36.3268559593646
대전광역시 서구,8001,I201,MA010120220805332759,하남돼지집,돼지고기 구이/찜,30170581,갈마1동,127.373893200792,36.3524931383729
대전광역시 서구,8001,I201,MA010120220806223662,일등석갈비,돼지고기 구이/찜,30170650,만년동,127.381990614936,36.3657958848975
대전광역시 서구,8001,I201,MA010120220802291838,들녘,백반/한정식,30170600,기성동,127.302889179752,36.2303582111508
대전광역시 서구,8001,I201,MA010120220806234597,착한낙지,해산물 구이/찜,30170535,정림동,127.363737411156,36.3079341714802
대전광역시 서구,8001,I201,MA010120220805757416,육사구이,돼지고기 구이/찜,30170640,둔산2동,127.374393142042,36.3522031970709
대전광역시 서구,8001,I201,MA010120220806192460,동원손칼국수,국수/칼국수,30170587,월평2동,127.377340678255,36.3627646965517
대전광역시 서구,8001,I201,MA010120220803988344,두근돼지김치찜,돼지고기 구이/찜,30170582,갈마2동,127.375152609432,36.3479562800758
대전광역시 서구,8001,I201,MA010120220800639390,한마음정육식당,돼지고기 구이/찜,30170593,도안동,127.338632560233,36.3318081021504
대전광역시 서구,8001,I201,MA010120220806210406,시골마당,백반/한정식,30170535,정림동,127.366703522678,36.3064922310435
대전광역시 서구,8001,I201,MA010120220806234511,이모네닭도리탕,백반/한정식,30170560,괴정동,127.387223458858,36.3402127234633
대전광역시 서구,8001,I201,MA010120220805772306,영화식당,백반/한정식,30170535,정림동,127.365755411139,36.3061256507705
대전광역시 서구,8001,I201,MA010120220806173309,산적골식당,백반/한정식,30170530,도마2동,127.373238165511,36.3156099852652
대전광역시 서구,8001,I201,MA010120220806220070,대흥동얼큰이칼국수,국수/칼국수,30170597,관저2동,127.339796003834,36.2996326246324
대전광역시 서구,8001,I201,MA010120220806236326,밤맛고을,백반/한정식,30170582,갈마2동,127.370896162272,36.3477532846379
대전광역시 서구,8001,I201,MA010120220806237053,돈달라고하지마!,돼지고기 구이/찜,30170510,복수동,127.375751982294,36.308068237683
대전광역시 서구,8001,I201,MA010120220805795151,소망식당,백반/한정식,30170540,변동,127.376046439099,36.3299659814097
대전광역시 서구,8001,I201,MA010120220806233420,선사밥상,백반/한정식,30170587,월평2동,127.376889499689,36.3593146262181
대전광역시 서구,8001,I201,MA010120220806228608,담양애떡갈비,돼지고기 구이/찜,30170650,만년동,127.375895038589,36.365671030512
대전광역시 서구,8001,I201,MA010120220805139401,명성식당,백반/한정식,30170597,관저2동,127.325080260333,36.2948161562724
대전광역시 서구,8001,I201,MA010120220800227505,송가칼국수,국수/칼국수,30170630,둔산1동,127.387964251293,36.3525744463579
대전광역시 서구,8001,I201,MA010120220806231523,대전새마을식당,돼지고기 구이/찜,30170560,괴정동,127.389314130099,36.3395210372232
대전광역시 서구,8001,I201,MA010120220806186600,우리집맛식당,백반/한정식,30170555,탄방동,127.396372101957,36.3475182987559
대전광역시 서구,8001,I201,MA010120220806228394,오라이숯불닭갈비,닭/오리고기 구이/찜,30170510,복수동,127.376149397149,36.2980818890189
대전광역시 서구,8001,I201,MA010120220806172691,엔젤유통,국수/칼국수,30170590,가수원동,127.349672112891,36.3023527579905
대전광역시 서구,8001,I201,MA010120220806649873,오빠곱창,곱창 전골/구이,30170593,도안동,127.339862491587,36.330344701018
대전광역시 서구,8001,I201,MA010120220806336132,곤지암할매소머리국밥,국/탕/찌개류,30170650,만년동,127.382564478655,36.366938537825
대전광역시 서구,8001,I201,MA010120220806222746,대구왕막창,곱창 전골/구이,30170510,복수동,127.381398577723,36.2992277855312
대전광역시 서구,8001,I201,MA010120220806211289,돈삼지주먹구이,돼지고기 구이/찜,30170597,관저2동,127.336135717141,36.3002197288056
대전광역시 서구,8001,I201,MA010120220802309744,정통집,백반/한정식,30170520,도마1동,127.371434028811,36.3226087609979
대전광역시 서구,8001,I201,MA010120220805747569,찬,백반/한정식,30170550,용문동,127.393735144808,36.3370914010327
대전광역시 서구,8001,I201,MA010120220806197798,등대민물매운탕,해산물 구이/찜,30170586,월평1동,127.36180632905,36.3574687846708
대전광역시 서구,8001,I201,MA010120220806221830,수정자갈치꼼장어,횟집,30170560,괴정동,127.390259654171,36.3392656240027
대전광역시 서구,8001,I201,MA010120220805029404,케이푸드,백반/한정식,30170520,도마1동,127.371756894139,36.3225897337044
대전광역시 서구,8001,I201,MA010120220800678317,흥부네대패삼겹살,돼지고기 구이/찜,30170555,탄방동,127.39043111216,36.3423741214722
대전광역시 서구,8001,I201,MA010120220805487807,야인상회,돼지고기 구이/찜,30170586,월평1동,127.361835331381,36.3565134518414
대전광역시 서구,8001,I201,MA010120220801862583,명랑칼국수,국수/칼국수,30170550,용문동,127.390868989335,36.3386057739421
대전광역시 서구,8001,I201,MA010120220806227533,청진동보리밥,백반/한정식,30170586,월평1동,127.353692728736,36.351950850067
대전광역시 서구,8001,I201,MA010120220806175015,솔밭식당,백반/한정식,30170535,정림동,127.365805376388,36.3072880226592
대전광역시 서구,8001,I201,MA010120220805463940,옹심이메밀칼국수,국수/칼국수,30170587,월평2동,127.375032853429,36.3601495480004
대전광역시 서구,8001,I201,MA010120220804960087,이가오가,백반/한정식,30170586,월평1동,127.358802020726,36.3558827647243
대전광역시 서구,8001,I201,MA010120220800838616,가수원집,돼지고기 구이/찜,30170593,도안동,127.352052601631,36.3068426738322
대전광역시 서구,8001,I201,MA010120220806213308,둔산공주칼국수,국수/칼국수,30170640,둔산2동,127.378374927768,36.3554529069255
대전광역시 서구,8001,I201,MA010120220806214989,장모님숯불막창,곱창 전골/구이,30170630,둔산1동,127.389498630192,36.3519656679426
대전광역시 서구,8001,I201,MA010120220806215367,한가네참옻집,백반/한정식,30170575,내동,127.374808646036,36.3319704846705
대전광역시 서구,8001,I201,MA010120220801477473,토종칼국수분점,국수/칼국수,30170593,도안동,127.35089712628,36.3073957920679
대전광역시 서구,8001,I201,MA010120220806186555,금산삼계탕,국/탕/찌개류,30170520,도마1동,127.373819884585,36.3208350116154
대전광역시 서구,8001,I201,MA010120220806208026,그때그집보리밥집,백반/한정식,30170520,도마1동,127.3823301049,36.3167257508661
대전광역시 서구,8001,I201,MA010120220803511473,오감만족,백반/한정식,30170581,갈마1동,127.371348864152,36.356286005931
대전광역시 서구,8001,I201,MA010120220805826586,채반,백반/한정식,30170630,둔산1동,127.389491305481,36.3527316900392
대전광역시 서구,8001,I201,MA010120220800079343,왔다삼겹살,돼지고기 구이/찜,30170540,변동,127.375017274638,36.3290229777804
대전광역시 서구,8001,I201,MA010120220806226983,어돈,돼지고기 구이/찜,30170555,탄방동,127.383332534764,36.3440552655932
대전광역시 서구,8001,I201,MA010120220800370741,또바기한방누룽지삼계탕,국/탕/찌개류,30170597,관저2동,127.333688815095,36.3007853169755
대전광역시 서구,8001,I201,MA010120220806201934,배재돌구이,돼지고기 구이/찜,30170520,도마1동,127.370932898029,36.3226103171573
대전광역시 서구,8001,I201,MA010120220802507149,소문난장어,해산물 구이/찜,30170581,갈마1동,127.367702249692,36.3460779561224
대전광역시 서구,8001,I201,MA010120220806236806,어식백세,백반/한정식,30170630,둔산1동,127.387426650254,36.3519994389467
대전광역시 서구,8001,I201,MA010120220806177130,용문수구리,백반/한정식,30170570,가장동,127.389941662742,36.3335712248487
대전광역시 서구,8001,I201,MA010120220803043543,장인닭발,닭/오리고기 구이/찜,30170535,정림동,127.365609702867,36.3059188245713
대전광역시 서구,8001,I201,MA010120220803043561,에쓰와이푸드,백반/한정식,30170555,탄방동,127.38898989306,36.3482364617245
대전광역시 서구,8001,I201,MA010120220803143186,두가집,백반/한정식,30170540,변동,127.379942828309,36.3250242129952
대전광역시 서구,8001,I201,MA010120220805515476,이가식당,백반/한정식,30170660,둔산3동,127.397541859963,36.3497222909994
대전광역시 서구,8001,I201,MA010120220806216641,전통칼국수식당,국수/칼국수,30170555,탄방동,127.392478221688,36.3396548762649
대전광역시 서구,8001,I201,MA010120220805088890,예술을담은한끼예담,백반/한정식,30170570,가장동,127.385585450036,36.3310530492894
대전광역시 서구,8001,I201,MA010120220806196705,토종골옻닭마을,닭/오리고기 구이/찜,30170581,갈마1동,127.373206748689,36.3510534043296
대전광역시 서구,8001,I201,MA010120220805007828,시골집빈대떡,전/부침개,30170540,변동,127.369063615657,36.3300418177026
대전광역시 서구,8001,I201,MA010120220805228690,5.5닭갈비가,닭/오리고기 구이/찜,30170593,도안동,127.351210497595,36.3077553447974
대전광역시 서구,8001,I201,MA010120220806237090,삼백직화구이집,돼지고기 구이/찜,30170555,탄방동,127.394333140989,36.3408202990687
대전광역시 서구,8001,I201,MA010120220806204998,올갱이마을,백반/한정식,30170640,둔산2동,127.380964391277,36.354137976412
대전광역시 서구,8001,I201,MA010120220806203625,구이구이삼겹살,돼지고기 구이/찜,30170593,도안동,127.349957271242,36.3063711989702
대전광역시 서구,8001,I201,MA010120220806379857,마장동고기집,돼지고기 구이/찜,30170597,관저2동,127.337783280367,36.2976016519661
대전광역시 서구,8001,I201,MA010120220806202457,해물천하,백반/한정식,30170575,내동,127.370989456507,36.3345417454437
대전광역시 서구,8001,I201,MA010120220806251827,경복궁엔타스주,백반/한정식,30170650,만년동,127.379994288908,36.3654237583398
대전광역시 서구,8001,I201,MA010120220804578585,시골막국수,국수/칼국수,30170597,관저2동,127.32342764172,36.2962985811374
대전광역시 서구,8001,I201,MA010120220805635284,아리네,백반/한정식,30170520,도마1동,127.373819368167,36.3207268716758
대전광역시 서구,8001,I201,MA010120220802951494,미도안동찜닭,닭/오리고기 구이/찜,30170560,괴정동,127.385840016553,36.3375046566158
대전광역시 서구,8001,I201,MA010120220805181428,86맨션,횟집,30170581,갈마1동,127.3752280372,36.3474243496952
대전광역시 서구,8001,I201,MA010120220806201021,화로야,돼지고기 구이/찜,30170586,월평1동,127.361520130684,36.3558114896724
대전광역시 서구,8001,I201,MA010120220805999945,빌든셰프의국밥,국/탕/찌개류,30170581,갈마1동,127.36849802916,36.3494729373722
대전광역시 서구,8001,I201,MA010120220804999678,한민순대,국/탕/찌개류,30170520,도마1동,127.382672526961,36.3161569117925
대전광역시 서구,8001,I201,MA010120220805770123,지리산산골농장,돼지고기 구이/찜,30170630,둔산1동,127.389031068535,36.3497953602517
대전광역시 서구,8001,I201,MA010120220806173713,큰맘할매순대국세이브존,국/탕/찌개류,30170660,둔산3동,127.398137442869,36.3551093291822
대전광역시 서구,8001,I201,MA010120220806173162,고향식당,백반/한정식,30170550,용문동,127.392231523177,36.3371053569945
대전광역시 서구,8001,I201,MA010120220803579651,제주은희네해장국대전,국/탕/찌개류,30170581,갈마1동,127.367925911478,36.3509976866282
대전광역시 서구,8001,I201,MA010120220804400552,흑석한우마을,소고기 구이/찜,30170600,기성동,127.3414906981,36.2541989505265
대전광역시 서구,8001,I201,MA010120220806238885,홍재칼국수,국수/칼국수,30170530,도마2동,127.375759530366,36.3166023964378
대전광역시 서구,8001,I201,MA010120220806170491,반포칼국수,국수/칼국수,30170581,갈마1동,127.367229575508,36.3521713563503
대전광역시 서구,8001,I201,MA010120220806232662,강가네닭도리탕,백반/한정식,30170560,괴정동,127.386933718289,36.3401866266132
대전광역시 서구,8001,I201,MA010120220805515017,정성가득찌개공방,국/탕/찌개류,30170590,가수원동,127.351501438133,36.3006351457205
대전광역시 서구,8001,I201,MA010120220805915271,왕대만선,횟집,30170650,만년동,127.375726170088,36.3653110925485
대전광역시 서구,8001,I201,MA010120220806210358,은혜식당,돼지고기 구이/찜,30170530,도마2동,127.369592356616,36.3170091306473
대전광역시 서구,8001,I201,MA010120220806214170,영심이식당,백반/한정식,30170520,도마1동,127.37488466445,36.3245895946679
대전광역시 서구,8001,I201,MA010120220806215006,보현능이버섯식당,백반/한정식,30170586,월평1동,127.364680593749,36.357423999902
대전광역시 서구,8001,I201,MA010120220806182812,알찬동태,백반/한정식,30170540,변동,127.38402297516,36.3281292513222
대전광역시 서구,8001,I201,MA010120220806237773,미스터아구찜,해산물 구이/찜,30170582,갈마2동,127.375317804076,36.3475592441292
대전광역시 서구,8001,I201,MA010120220805082124,설도,돼지고기 구이/찜,30170581,갈마1동,127.373364347843,36.3513953585357
대전광역시 서구,8001,I201,MA010120220800632792,도희성식당,백반/한정식,30170540,변동,127.379134835058,36.3260541223646
대전광역시 서구,8001,I201,MA010120220806229384,관저대패삼겹살,돼지고기 구이/찜,30170596,관저1동,127.335943819601,36.3073936871292
대전광역시 서구,8001,I201,MA010120220806207753,오한순손수제비,국수/칼국수,30170581,갈마1동,127.371170624772,36.3539435059384
대전광역시 서구,8001,I201,MA010120220806178105,전통콩나물밥식당,백반/한정식,30170581,갈마1동,127.368341692772,36.3541234829938
대전광역시 서구,8001,I201,MA010120220803123838,갑천순대국밥,백반/한정식,30170535,정림동,127.363499522743,36.2998603000327
대전광역시 서구,8001,I201,MA010120220806190531,별난이모,백반/한정식,30170582,갈마2동,127.373146319403,36.3477282560527
대전광역시 서구,8001,I201,MA010120220806196733,만년건강보리밥,백반/한정식,30170650,만년동,127.374181314432,36.3661360080308
대전광역시 서구,8001,I201,MA010120220805445107,청송상황삼계탕,국/탕/찌개류,30170596,관저1동,127.334406387663,36.3071817135754
대전광역시 서구,8001,I201,MA010120220806186040,원조가장순대식당,국/탕/찌개류,30170570,가장동,127.390396602881,36.3332272923516
대전광역시 서구,8001,I201,MA010120220805855293,88집,돼지고기 구이/찜,30170593,도안동,127.350904949488,36.3066567995555
대전광역시 서구,8001,I201,MA010120220805856756,옛집,백반/한정식,30170560,괴정동,127.385574108038,36.3355319374099
대전광역시 서구,8001,I201,MA010120220806195654,옛집영양탕,백반/한정식,30170587,월평2동,127.376062474462,36.3611015557904
대전광역시 서구,8001,I201,MA010120220805937506,풍전맛집,백반/한정식,30170530,도마2동,127.376283542849,36.3167359251454
대전광역시 서구,8001,I201,MA010120220805859185,늘푸른수산,횟집,30170535,정림동,127.365456772111,36.3065501195992
대전광역시 서구,8001,I201,MA010120220806217176,본죽,백반/한정식,30170660,둔산3동,127.39813243062,36.3519372136801
대전광역시 서구,8001,I201,MA010120220806188257,엑스포아구,백반/한정식,30170640,둔산2동,127.381386155946,36.3538122082134
대전광역시 서구,8001,I201,MA010120220803546668,황금바다횟집,횟집,30170560,괴정동,127.383151174065,36.3365941066998
대전광역시 서구,8001,I201,MA010120220805827201,굴세상,해산물 구이/찜,30170581,갈마1동,127.366357597326,36.3396386738188
대전광역시 서구,8001,I201,MA010120220806283792,동촌얼크니칼국수,국수/칼국수,30170597,관저2동,127.336895868199,36.3009385362981
대전광역시 서구,8001,I201,MA010120220805290415,뚱땡이부대찌개감자탕,국/탕/찌개류,30170593,도안동,127.341069002992,36.3286290235864
대전광역시 서구,8001,I201,MA010120220803721225,제주유기농쌈밥촌,백반/한정식,30170510,복수동,127.3791417937,36.2975948105295
대전광역시 서구,8001,I201,MA010120220806198703,삼천포횟집,횟집,30170650,만년동,127.376462778335,36.3655611022209
대전광역시 서구,8001,I201,MA010120220806203238,탄방골흑염소삼계탕,백반/한정식,30170555,탄방동,127.390004868102,36.3440156531052
대전광역시 서구,8001,I201,MA010120220803132084,다와갤러리,백반/한정식,30170593,도안동,127.341072852102,36.329512168357
대전광역시 서구,8001,I201,MA010120220806231125,불타는쪽갈비,돼지고기 구이/찜,30170640,둔산2동,127.376902262065,36.3527179906439
대전광역시 서구,8001,I201,MA010120220800140000,대패촌,돼지고기 구이/찜,30170630,둔산1동,127.389778896649,36.3590209456752
대전광역시 서구,8001,I201,MA010120220805459835,양스타,돼지고기 구이/찜,30170597,관저2동,127.337147590436,36.2973421027442
대전광역시 서구,8001,I201,MA010120220806208233,둔산돌구이,돼지고기 구이/찜,30170630,둔산1동,127.389498630192,36.3519656679426
대전광역시 서구,8001,I201,MA010120220806182526,맷돌순대,국/탕/찌개류,30170560,괴정동,127.382823870743,36.3334410353615
대전광역시 서구,8001,I201,MA010120220806174195,학식당,백반/한정식,30170600,기성동,127.346749224116,36.2154144844823
대전광역시 서구,8001,I201,MA010120220806187350,이대감왕족발보쌈,백반/한정식,30170582,갈마2동,127.377472147357,36.3415326032702
대전광역시 서구,8001,I201,MA010120220806233062,5953닭갈비,닭/오리고기 구이/찜,30170593,도안동,127.348925868206,36.3072844079349
대전광역시 서구,8001,I201,MA010120220805936007,평양옥,국수/칼국수,30170520,도마1동,127.381575533733,36.3172688698344
대전광역시 서구,8001,I201,MA010120220806230368,백마강숯불민물장어,해산물 구이/찜,30170540,변동,127.376413795943,36.3299287779295
대전광역시 서구,8001,I201,MA010120220805005041,설악,국수/칼국수,30170650,만년동,127.382589543226,36.367506196151
대전광역시 서구,8001,I201,MA010120220805045398,국수나무가,국수/칼국수,30170593,도안동,127.350061642742,36.3048118474777
대전광역시 서구,8001,I201,MA010120220805646290,명인손칼국시,국수/칼국수,30170650,만년동,127.382564478655,36.366938537825
대전광역시 서구,8001,I201,MA010120220806221950,오량골가든,돼지고기 구이/찜,30170510,복수동,127.380271508824,36.2963926494561
대전광역시 서구,8001,I201,MA010120220806170922,귀빈돌솥밥,백반/한정식,30170650,만년동,127.380511574612,36.3663953784378
대전광역시 서구,8001,I201,MA010120220806188153,남한산성,백반/한정식,30170640,둔산2동,127.382255172141,36.3538184431352
대전광역시 서구,8001,I201,MA010120220800922485,호미곶,백반/한정식,30170630,둔산1동,127.389499438231,36.352127876705
대전광역시 서구,8001,I201,MA010120220806170816,원조풍원안창,돼지고기 구이/찜,30170555,탄방동,127.382035137745,36.3452669957177
대전광역시 서구,8001,I201,MA010120220806206760,바다횟집,횟집,30170660,둔산3동,127.398905636864,36.3506369441081
대전광역시 서구,8001,I201,MA010120220806174932,풍년식당,백반/한정식,30170535,정림동,127.367975671049,36.3047310171748
대전광역시 서구,8001,I201,MA010120220805754263,명가백반부페,백반/한정식,30170630,둔산1동,127.387871354845,36.3563056087698
대전광역시 서구,8001,I201,MA010120220806171906,소문난식당,돼지고기 구이/찜,30170530,도마2동,127.373831560404,36.3162840163267
대전광역시 서구,8001,I201,MA010120220803713990,양지식당,돼지고기 구이/찜,30170582,갈마2동,127.369137984777,36.3481642576719
대전광역시 서구,8001,I201,MA010120220806656582,옛날보리밥,백반/한정식,30170520,도마1동,127.380112215978,36.3140382949619
대전광역시 서구,8001,I201,MA010120220806181142,신선칼국수,국수/칼국수,30170597,관저2동,127.336626347923,36.3003985851982
대전광역시 서구,8001,I201,MA010120220806172342,2002돼지마을식당,돼지고기 구이/찜,30170550,용문동,127.390886842872,36.3332617371092
대전광역시 서구,8001,I201,MA010120220803241990,선사한우마을,소고기 구이/찜,30170587,월평2동,127.37791526667,36.3617715899434
대전광역시 서구,8001,I201,MA010120220805767593,육대장,백반/한정식,30170593,도안동,127.352224018423,36.3053462060137
대전광역시 서구,8001,I201,MA010120220806356422,강남회관,돼지고기 구이/찜,30170587,월평2동,127.378319599508,36.3624371785899
대전광역시 서구,8001,I201,MA010120220806179132,골목길식당,백반/한정식,30170555,탄방동,127.390967001678,36.3426156869776
대전광역시 서구,8001,I201,MA010120220801052537,치락골순대,국/탕/찌개류,30170555,탄방동,127.38249326555,36.3455539064737
대전광역시 서구,8001,I201,MA010120220806179269,가출한돼지,돼지고기 구이/찜,30170575,내동,127.367995215489,36.3349475204642
대전광역시 서구,8001,I201,MA010120220806529722,명륜진사갈비,돼지고기 구이/찜,30170550,용문동,127.389201528247,36.334799238215
대전광역시 서구,8001,I201,MA010120220800892300,페라리식당,백반/한정식,30170560,괴정동,127.387682201019,36.3406257772765
대전광역시 서구,8001,I201,MA010120220806170624,선비촌,돼지고기 구이/찜,30170555,탄방동,127.399619010888,36.3441731373053
대전광역시 서구,8001,I201,MA010120220806238267,바다통골뱅이,백반/한정식,30170560,괴정동,127.382781011571,36.3360635984006
대전광역시 서구,8001,I201,MA010120220806178031,괴정동공주칼국수딜리버리,국수/칼국수,30170560,괴정동,127.387198103579,36.3395909939506
대전광역시 서구,8001,I201,MA010120220802056231,엄경희갈비김치찌개,백반/한정식,30170640,둔산2동,127.381386155946,36.3538122082134
대전광역시 서구,8001,I201,MA010120220804879760,예우소머리국밥,국/탕/찌개류,30170520,도마1동,127.37921791829,36.3156182008263
대전광역시 서구,8001,I201,MA010120220805741874,꼬마비아저씨,백반/한정식,30170593,도안동,127.341340382146,36.3295654753899
대전광역시 서구,8001,I201,MA010120220805626988,갑돌갈비,돼지고기 구이/찜,30170520,도마1동,127.378824315762,36.3194224282086
대전광역시 서구,8001,I201,MA010120220806551007,숙이네순대국,국/탕/찌개류,30170540,변동,127.369094052218,36.3294108988221
대전광역시 서구,8001,I201,MA010120220806215810,백년화로,백반/한정식,30170586,월평1동,127.36465889985,36.3575502305233
대전광역시 서구,8001,I201,MA010120220806208638,황진이순대국,국/탕/찌개류,30170582,갈마2동,127.376936176143,36.3412639420349
대전광역시 서구,8001,I201,MA010120220806672577,미자네추어탕,국/탕/찌개류,30170597,관저2동,127.337179280454,36.2995318906532
대전광역시 서구,8001,I201,MA010120220806236978,김삿갓,백반/한정식,30170630,둔산1동,127.389479006027,36.3502625119804
대전광역시 서구,8001,I201,MA010120220801236003,대복한우곱창,백반/한정식,30170555,탄방동,127.388277477473,36.3461029934177
대전광역시 서구,8001,I201,MA010120220803323766,송주불냉면,냉면/밀면,30170630,둔산1동,127.388772622554,36.3515895389145
대전광역시 서구,8001,I201,MA010120220806193032,버드네식당,백반/한정식,30170520,도마1동,127.381431195494,36.3150704510936
대전광역시 서구,8001,I201,MA010120220806211315,항아리보쌈,족발/보쌈,30170597,관저2동,127.339253257121,36.3002740063665
대전광역시 서구,8001,I201,MA010120220804952701,통돌이바베큐,돼지고기 구이/찜,30170530,도마2동,127.379354598708,36.3139505835106
대전광역시 서구,8001,I201,MA010120220804442738,강남면옥,냉면/밀면,30170630,둔산1동,127.387426650254,36.3519994389467
대전광역시 서구,8001,I201,MA010120220804403493,면장님,국수/칼국수,30170587,월평2동,127.378555150725,36.3627608548641
대전광역시 서구,8001,I201,MA010120220800686763,수원숯불갈비,돼지고기 구이/찜,30170597,관저2동,127.339554866463,36.3005074579386
대전광역시 서구,8001,I201,MA010120220805361898,만파식적,백반/한정식,30170593,도안동,127.339297806621,36.3311123076344
대전광역시 서구,8001,I201,MA010120220806233117,족발이랑칼국시,족발/보쌈,30170581,갈마1동,127.376767790634,36.3409941200736
대전광역시 서구,8001,I201,MA010120220806231922,회랑,백반/한정식,30170530,도마2동,127.378986707593,36.313861632346
대전광역시 서구,8001,I201,MA010120220806183848,매봉골,백반/한정식,30170581,갈마1동,127.366945665371,36.3438994353234
대전광역시 서구,8001,I201,MA010120220800052382,근돈,돼지고기 구이/찜,30170560,괴정동,127.38862899747,36.3406227021583
대전광역시 서구,8001,I201,MA010120220800893831,금수강산식당,백반/한정식,30170600,기성동,127.346570096666,36.2428743913087
대전광역시 서구,8001,I201,MA010120220800264938,뉴욕카츠대전,백반/한정식,30170587,월평2동,127.378929870135,36.3619125642216
대전광역시 서구,8001,I201,MA010120220806602095,별이네밥상,백반/한정식,30170555,탄방동,127.392399889583,36.3395830393902
대전광역시 서구,8001,I201,MA010120220802864165,토담,돼지고기 구이/찜,30170510,복수동,127.376947572833,36.2973764525541
대전광역시 서구,8001,I201,MA010120220803701563,든든한밥상,백반/한정식,30170630,둔산1동,127.38985975093,36.352892699889
대전광역시 서구,8001,I201,MA010120220806238509,친절한말순씨,백반/한정식,30170650,만년동,127.391852062213,36.365854066153
대전광역시 서구,8001,I201,MA010120220804609990,뜰건너,백반/한정식,30170510,복수동,127.378171427403,36.2995264148946
대전광역시 서구,8001,I201,MA010120220806247114,빌라드알티오라,백반/한정식,30170630,둔산1동,127.388861491318,36.3582579374314
대전광역시 서구,8001,I201,MA010120220804804547,신하수제숯불갈비,돼지고기 구이/찜,30170593,도안동,127.353826941297,36.3077296061236
대전광역시 서구,8001,I201,MA010120220803575717,화진불날개,돼지고기 구이/찜,30170586,월평1동,127.357770203604,36.3543899082049
대전광역시 서구,8001,I201,MA010120220806391046,돈다발,돼지고기 구이/찜,30170587,월평2동,127.369533021028,36.3633928855527
대전광역시 서구,8001,I201,MA010120220806184671,친절한장금씨,백반/한정식,30170555,탄방동,127.38249585497,36.3438056172216
대전광역시 서구,8001,I201,MA010120220805743150,대덕닭도리탕,백반/한정식,30170586,월평1동,127.362310096082,36.3555838033156
대전광역시 서구,8001,I201,MA010120220806448423,바다꽃소바&해물칼국수,국수/칼국수,30170640,둔산2동,127.380162446096,36.3518875940542
대전광역시 서구,8001,I201,MA010120220806199656,동수식당,백반/한정식,30170560,괴정동,127.390026283041,36.3393745270016
대전광역시 서구,8001,I201,MA010120220805324252,오대장,백반/한정식,30170640,둔산2동,127.380585606917,36.3541391834549
대전광역시 서구,8001,I201,MA010120220806171043,옛날막창,곱창 전골/구이,30170597,관저2동,127.33980881769,36.30002009724
대전광역시 서구,8001,I201,MA010120220806178936,공주식당,백반/한정식,30170550,용문동,127.39481283247,36.3387550220474
대전광역시 서구,8001,I201,MA010120220805855191,시골영양탕,백반/한정식,30170550,용문동,127.393283135794,36.3358042067072
대전광역시 서구,8001,I201,MA010120220806209929,허성준의맛쌈,백반/한정식,30170560,괴정동,127.3887178721,36.3383334252135
대전광역시 서구,8001,I201,MA010120220806230716,큰손부추해물칼국수,국수/칼국수,30170570,가장동,127.386573349591,36.3281210300014
대전광역시 서구,8001,I201,MA010120220806189181,황토방숯불갈비,돼지고기 구이/찜,30170581,갈마1동,127.377179493508,36.340902703765
대전광역시 서구,8001,I201,MA010120220802887055,유소춘의낙곱새,해산물 구이/찜,30170640,둔산2동,127.377251140096,36.3534468411863
대전광역시 서구,8001,I201,MA010120220803126789,마왕족발대전둔산,족발/보쌈,30170640,둔산2동,127.378271345848,36.3547683424
대전광역시 서구,8001,I201,MA010120220806237322,엘에이농장,백반/한정식,30170630,둔산1동,127.389031316448,36.3520843429412
대전광역시 서구,8001,I201,MA010120220806220815,머슴매운갈비,돼지고기 구이/찜,30170582,갈마2동,127.37337922284,36.347511246427
대전광역시 서구,8001,I201,MA010120220806245059,신우자동차공업사명륜진사갈비주,돼지고기 구이/찜,30170560,괴정동,127.373198800461,36.3400500712543
대전광역시 서구,8001,I201,MA010120220803062737,미생감자탕,국/탕/찌개류,30170593,도안동,127.350748347102,36.3064950462613
대전광역시 서구,8001,I201,MA010120220805948498,이식당선산김치곱창,곱창 전골/구이,30170597,관저2동,127.337047933225,36.3000549476344
대전광역시 서구,8001,I201,MA010120220806237215,마늘장군보쌈,족발/보쌈,30170575,내동,127.378624844327,36.3334363877639
대전광역시 서구,8001,I201,MA010120220806379746,와구아구,백반/한정식,30170560,괴정동,127.384014453604,36.3422777596798
대전광역시 서구,8001,I201,MA010120220806207450,시골집생태,백반/한정식,30170586,월평1동,127.364690473757,36.357153617426
대전광역시 서구,8001,I201,MA010120220806203678,해동토종칼국수족발,족발/보쌈,30170530,도마2동,127.370406846434,36.3102838008658
대전광역시 서구,8001,I201,MA010120220805106180,시월한우곱창,돼지고기 구이/찜,30170593,도안동,127.351002732229,36.3061158030267
대전광역시 서구,8001,I201,MA010120220806514964,산채명가,백반/한정식,30170660,둔산3동,127.398137442869,36.3551093291822
대전광역시 서구,8001,I201,MA010120220805121947,축제갈비,돼지고기 구이/찜,30170597,관저2동,127.336873547589,36.2957477788599
대전광역시 서구,8001,I201,MA010120220806221369,천년식당,백반/한정식,30170581,갈마1동,127.368677553489,36.3473816561991
대전광역시 서구,8001,I201,MA010120220806190718,괴정동공주칼국수,국수/칼국수,30170560,괴정동,127.387198103579,36.3395909939506
대전광역시 서구,8001,I201,MA010120220805853891,육대감생삼겹살,돼지고기 구이/찜,30170590,가수원동,127.350974223853,36.2997535347972
대전광역시 서구,8001,I201,MA010120220805626313,다로갈비,돼지고기 구이/찜,30170593,도안동,127.348927634789,36.3076809230204
대전광역시 서구,8001,I201,MA010120220804979484,한솥도시락둔산미라클점,백반/한정식,30170640,둔산2동,127.379723813064,36.3510328726446
대전광역시 서구,8001,I201,MA010120220806237959,담소사골순대대전,국/탕/찌개류,30170630,둔산1동,127.388065816491,36.3505915325733
대전광역시 서구,8001,I201,MA010120220805474448,오리가,돼지고기 구이/찜,30170535,정림동,127.362670693583,36.3059998708443
대전광역시 서구,8001,I201,MA010120220806175034,두레박,백반/한정식,30170535,정림동,127.366603148371,36.3064564915978
대전광역시 서구,8001,I201,MA010120220802784792,공룡닭발,닭/오리고기 구이/찜,30170560,괴정동,127.390259654171,36.3392656240027
대전광역시 서구,8001,I201,MA010120220803504801,금성육가공,돼지고기 구이/찜,30170540,변동,127.377320027421,36.3261589947
대전광역시 서구,8001,I201,MA010120220806212421,하나로식당,백반/한정식,30170520,도마1동,127.378925510222,36.317322358477
대전광역시 서구,8001,I201,MA010120220806696215,일로오소,백반/한정식,30170550,용문동,127.39361260866,36.3348749099636
대전광역시 서구,8001,I201,MA010120220806235802,새마을식당,돼지고기 구이/찜,30170586,월평1동,127.363713393931,36.3554804108669
대전광역시 서구,8001,I201,MA010120220803709584,24시전주명가콩나물국밥,국/탕/찌개류,30170597,관저2동,127.335188594011,36.3000331391858
대전광역시 서구,8001,I201,MA010120220802084239,돼야지돼야지잘돼야지,돼지고기 구이/찜,30170535,정림동,127.366469456658,36.3064388778408
대전광역시 서구,8001,I201,MA010120220806190548,영동올갱이,백반/한정식,30170640,둔산2동,127.381694487169,36.3530722606483
대전광역시 서구,8001,I201,MA010120220806192656,우리집삼식이무침,횟집,30170640,둔산2동,127.380646920434,36.3507145244945
대전광역시 서구,8001,I201,MA010120220806218128,1995햄전골스테이크,돼지고기 구이/찜,30170650,만년동,127.381751596915,36.3693292443972
대전광역시 서구,8001,I201,MA010120220806233010,수음식점,백반/한정식,30170586,월평1동,127.365799150793,36.3559877133986
대전광역시 서구,8001,I201,MA010120220804155558,넉넉하고행복한이모네식당,돼지고기 구이/찜,30170530,도마2동,127.373930444181,36.3160043411549
대전광역시 서구,8001,I201,MA010120220803224983,갈마주먹구이,돼지고기 구이/찜,30170582,갈마2동,127.370329482414,36.3480614418373
대전광역시 서구,8001,I201,MA010120220806548482,한밭한아름식당,백반/한정식,30170650,만년동,127.382591925712,36.3679928215528
대전광역시 서구,8001,I201,MA010120220805888771,한마음정육식당,돼지고기 구이/찜,30170597,관저2동,127.338597260978,36.3004741263624
대전광역시 서구,8001,I201,MA010120220806221134,뚱이모삼겹살백반,백반/한정식,30170597,관저2동,127.341466308729,36.2997089725
대전광역시 서구,8001,I201,MA010120220805748127,마포갈매기,돼지고기 구이/찜,30170640,둔산2동,127.374179748489,36.3518433955104
대전광역시 서구,8001,I201,MA010120220806219810,정일품두손두부,백반/한정식,30170650,만년동,127.38261789702,36.3664697570983
대전광역시 서구,8001,I201,MA010120220806221944,명옥헌삼대진곰탕,국/탕/찌개류,30170560,괴정동,127.389638092781,36.3397092284722
대전광역시 서구,8001,I201,MA010120220806231110,도솔촌,백반/한정식,30170530,도마2동,127.370954202431,36.3153557522028
대전광역시 서구,8001,I201,MA010120220806135631,에덴식품,백반/한정식,30170530,도마2동,127.377074943412,36.3122725880819
대전광역시 서구,8001,I201,MA010120220802331360,낙지한마당,해산물 구이/찜,30170597,관저2동,127.324293183502,36.2956203481266
대전광역시 서구,8001,I201,MA010120220803578166,수라면옥,국수/칼국수,30170650,만년동,127.380008837216,36.3684156047214
대전광역시 서구,8001,I201,MA010120220805752239,남맥나주곰탕,국/탕/찌개류,30170630,둔산1동,127.387238317578,36.349963394691
대전광역시 서구,8001,I201,MA010120220800525177,샤브마니아,백반/한정식,30170510,복수동,127.379863276419,36.2971509408697
대전광역시 서구,8001,I201,MA010120220806238098,보성이네생삼겹살,돼지고기 구이/찜,30170593,도안동,127.348716527438,36.3077806690351
대전광역시 서구,8001,I201,MA010120220800948018,흑석순대,국/탕/찌개류,30170600,기성동,127.340598891363,36.253813981119
대전광역시 서구,8001,I201,MA010120220805813346,링크시스템,백반/한정식,30170597,관저2동,127.33793216497,36.2985654982406
대전광역시 서구,8001,I201,MA010120220806234768,곱창이야기,곱창 전골/구이,30170640,둔산2동,127.374443104613,36.3510044778183
대전광역시 서구,8001,I201,MA010120220805737960,두리한우집,소고기 구이/찜,30170660,둔산3동,127.397684801762,36.3493523338173
대전광역시 서구,8001,I201,MA010120220806184853,한민횟집,횟집,30170560,괴정동,127.385462372244,36.3354602036696
대전광역시 서구,8001,I201,MA010120220805307684,천복순대국밥,백반/한정식,30170560,괴정동,127.382918550684,36.3368561935536
대전광역시 서구,8001,I201,MA010120220806224590,한민순대,국/탕/찌개류,30170560,괴정동,127.385406104893,36.3353432321124
대전광역시 서구,8001,I201,MA010120220806207828,만나또만나,백반/한정식,30170640,둔산2동,127.379967971788,36.346255867768
대전광역시 서구,8001,I201,MA010120220806236062,육앤샤,백반/한정식,30170520,도마1동,127.371266985222,36.3226092799511
대전광역시 서구,8001,I201,MA010120220806225001,장금이솜씨,백반/한정식,30170650,만년동,127.375187248521,36.366781697715
대전광역시 서구,8001,I201,MA010120220806170761,푸른동해아구찜,해산물 구이/찜,30170581,갈마1동,127.368934873537,36.347615167745
대전광역시 서구,8001,I201,MA010120220804405351,대패불패,돼지고기 구이/찜,30170560,괴정동,127.389002293456,36.3395310644107
대전광역시 서구,8001,I201,MA010120220806202190,대흥동칼국수식당,국수/칼국수,30170581,갈마1동,127.36770133106,36.3529899748927
대전광역시 서구,8001,I201,MA010120220804781895,돼지집,돼지고기 구이/찜,30170582,갈마2동,127.374121665058,36.3466888545132
대전광역시 서구,8001,I201,MA010120220806170919,궁중칼국수,국수/칼국수,30170586,월평1동,127.362106261675,36.3548724931095
대전광역시 서구,8001,I201,MA010120220806195588,가마솥보리밥,백반/한정식,30170530,도마2동,127.374151236995,36.3132730732768
대전광역시 서구,8001,I201,MA010120220806637869,명태마을,해산물 구이/찜,30170555,탄방동,127.387919527188,36.3480506943876
대전광역시 서구,8001,I201,MA010120220804802290,제주흑돼지,돼지고기 구이/찜,30170593,도안동,127.350257968658,36.3063883420403
대전광역시 서구,8001,I201,MA010120220805826269,풍천장어,해산물 구이/찜,30170586,월평1동,127.36651382237,36.3563369814637
대전광역시 서구,8001,I201,MA010120220806220036,옛골도성흑염소,기타 한식 음식점,30170597,관저2동,127.335414998185,36.3009066525449
대전광역시 서구,8001,I201,MA010120220805504855,강반장로스구이,백반/한정식,30170630,둔산1동,127.38861025319,36.3503013873644
대전광역시 서구,8001,I201,MA010120220806375988,우리밀빵조아,냉면/밀면,30170593,도안동,127.35020008268,36.3058928612231
대전광역시 서구,8001,I201,MA010120220806219964,왕가한정식,백반/한정식,30170650,만년동,127.38076543638,36.3658989247414
대전광역시 서구,8001,I201,MA010120220805827350,옥천집,백반/한정식,30170560,괴정동,127.380953354941,36.338151156759
대전광역시 서구,8001,I201,MA010120220806180484,서해해물칼국수,국수/칼국수,30170550,용문동,127.39411130376,36.3365855023168
대전광역시 서구,8001,I201,MA010120220806172486,할머니네집,백반/한정식,30170581,갈마1동,127.368025255236,36.346067950054
대전광역시 서구,8001,I201,MA010120220806231913,시루향기콩나물국밥,국/탕/찌개류,30170586,월평1동,127.357131680125,36.3536258194494
대전광역시 서구,8001,I201,MA010120220806192501,황금식당,돼지고기 구이/찜,30170540,변동,127.383766072702,36.3279768761526
대전광역시 서구,8001,I201,MA010120220805913678,돼지가족족발,백반/한정식,30170510,복수동,127.377869012171,36.2991488742992
대전광역시 서구,8001,I201,MA010120220806226947,우리동네고기집,돼지고기 구이/찜,30170520,도마1동,127.378656907588,36.3170438438113
대전광역시 서구,8001,I201,MA010120220805742108,다울손칼국수,국수/칼국수,30170586,월평1동,127.354413069399,36.3535708314625
대전광역시 서구,8001,I201,MA010120220806196119,신가장수촌,백반/한정식,30170581,갈마1동,127.365161912049,36.35313293839
대전광역시 서구,8001,I201,MA010120220804603750,우진오마카세,돼지고기 구이/찜,30170586,월평1동,127.361909022023,36.355585018754
대전광역시 서구,8001,I201,MA010120220806194161,참맛나라,백반/한정식,30170550,용문동,127.400150773495,36.3414227727457
대전광역시 서구,8001,I201,MA010120220806507899,등뼈감자탕,국/탕/찌개류,30170540,변동,127.381677364709,36.3244509442738
대전광역시 서구,8001,I201,MA010120220806192299,순대족발식당,백반/한정식,30170588,월평3동,127.373741377892,36.3603518528753
대전광역시 서구,8001,I201,MA010120220806713231,오씨칼국수,국수/칼국수,30170630,둔산1동,127.383471891711,36.354301178784
대전광역시 서구,8001,I201,MA010120220806210366,굴마당막창,곱창 전골/구이,30170640,둔산2동,127.381636551455,36.3594617696271
대전광역시 서구,8001,I201,MA010120220800778937,산오징어양푼무침,횟집,30170640,둔산2동,127.377152843084,36.3515456727669
대전광역시 서구,8001,I201,MA010120220806176065,전원촌,백반/한정식,30170581,갈마1동,127.368022173056,36.347780193689
대전광역시 서구,8001,I201,MA010120220804507977,가마솥추어탕,국/탕/찌개류,30170555,탄방동,127.386715309432,36.3433234262431
대전광역시 서구,8001,I201,MA010120220806188495,크로바식당,백반/한정식,30170630,둔산1동,127.390993606042,36.3523933493252
대전광역시 서구,8001,I201,MA010120220806174362,돈대패,돼지고기 구이/찜,30170530,도마2동,127.374488027966,36.3161738199603
대전광역시 서구,8001,I201,MA010120220806228386,김경자소문난대구왕뽈찜,해산물 구이/찜,30170587,월평2동,127.37856480865,36.3624544253829
대전광역시 서구,8001,I201,MA010120220806178653,과메기앤홍탁,횟집,30170560,괴정동,127.386742666981,36.3398447980211
대전광역시 서구,8001,I201,MA010120220805521913,양꼬치상하이양갈비,백반/한정식,30170581,갈마1동,127.373308086857,36.3512783815554
대전광역시 서구,8001,I201,MA010120220806171943,대성콩국수,국수/칼국수,30170520,도마1동,127.377495975027,36.3210757891322
대전광역시 서구,8001,I201,MA010120220806216845,설천순대국밥,백반/한정식,30170640,둔산2동,127.380585606917,36.3541391834549
대전광역시 서구,8001,I201,MA010120220806233235,동환이네정육식당,소고기 구이/찜,30170555,탄방동,127.390039628427,36.342050976498
대전광역시 서구,8001,I201,MA010120220806173701,을왕리조개손칼국수,국수/칼국수,30170530,도마2동,127.37087597081,36.3199970728634
대전광역시 서구,8001,I201,MA010120220804866076,유우호르몬,백반/한정식,30170640,둔산2동,127.374620571918,36.3508417100773
대전광역시 서구,8001,I201,MA010120220806573672,봉구레,돼지고기 구이/찜,30170596,관저1동,127.333649231137,36.3071748172279
대전광역시 서구,8001,I201,MA010120220806227073,완도회수산,횟집,30170510,복수동,127.381865676396,36.2991271645088
대전광역시 서구,8001,I201,MA010120220803828661,논뚜렁추어탕,국/탕/찌개류,30170560,괴정동,127.374980995318,36.3400444926273
대전광역시 서구,8001,I201,MA010120220806212942,조개랑돼지촌,돼지고기 구이/찜,30170650,만년동,127.373480331533,36.3663454710852
대전광역시 서구,8001,I201,MA010120220805925275,대전국수,국수/칼국수,30170640,둔산2동,127.378230512126,36.3532364750347
대전광역시 서구,8001,I201,MA010120220806183563,웰빙주먹구이,돼지고기 구이/찜,30170640,둔산2동,127.381694487169,36.3530722606483
대전광역시 서구,8001,I201,MA010120220806219930,부뚜막두부마을,백반/한정식,30170560,괴정동,127.389605798913,36.3399346278201
대전광역시 서구,8001,I201,MA010120220806690912,백반부페,백반/한정식,30170520,도마1동,127.370886791171,36.3269811788993
대전광역시 서구,8001,I201,MA010120220803282605,의정부아우네부대찌개,백반/한정식,30170510,복수동,127.380851575977,36.2989231270819
대전광역시 서구,8001,I201,MA010120220806199296,대구막창,곱창 전골/구이,30170581,갈마1동,127.369318756644,36.3534175507933
대전광역시 서구,8001,I201,MA010120220803067404,홍게양대게군,백반/한정식,30170590,가수원동,127.35570047512,36.2985770408716
대전광역시 서구,8001,I201,MA010120220806210321,굿뜨래쌈밥,백반/한정식,30170520,도마1동,127.371522447876,36.3271594405406
대전광역시 서구,8001,I201,MA010120220804849410,밥심,백반/한정식,30170582,갈마2동,127.373865108142,36.3466175633799
대전광역시 서구,8001,I201,MA010120220806190984,부산자갈치왕꼼장어,국수/칼국수,30170581,갈마1동,127.3681179613,36.3444635710372
대전광역시 서구,8001,I201,MA010120220806226805,백제호,백반/한정식,30170650,만년동,127.373331691097,36.3655529035422
대전광역시 서구,8001,I201,MA010120220806201942,내고향강원도,백반/한정식,30170660,둔산3동,127.398064663136,36.3495673509344
대전광역시 서구,8001,I201,MA010120220804911666,독보적김치찜,국/탕/찌개류,30170520,도마1동,127.376187382177,36.322215400644
대전광역시 서구,8001,I201,MA010120220800924401,골목푸줏간,돼지고기 구이/찜,30170520,도마1동,127.381880221613,36.3203769667077
대전광역시 서구,8001,I201,MA010120220806197106,맛고을,백반/한정식,30170560,괴정동,127.381605011191,36.339302583933
대전광역시 서구,8001,I201,MA010120220806237877,엄나무백숙,닭/오리고기 구이/찜,30170597,관저2동,127.337258840878,36.2999101634818
대전광역시 서구,8001,I201,MA010120220806214256,본죽&비빔밥,백반/한정식,30170555,탄방동,127.39206582107,36.3396021593274
대전광역시 서구,8001,I201,MA010120220801522354,소문난부침.반찬,전/부침개,30170520,도마1동,127.382504264598,36.3159051198963
대전광역시 서구,8001,I201,MA010120220806200969,진미기사식당,백반/한정식,30170520,도마1동,127.373005156911,36.3274702351947
대전광역시 서구,8001,I201,MA010120220806194053,이가곱창,곱창 전골/구이,30170520,도마1동,127.382286087353,36.321394002051
대전광역시 서구,8001,I201,MA010120220804403875,이가제면소,국수/칼국수,30170596,관저1동,127.336293368898,36.3032292386778
대전광역시 서구,8001,I201,MA010120220800657550,애월2514,횟집,30170581,갈마1동,127.373467796019,36.3520619047476
대전광역시 서구,8001,I201,MA010120220806211093,논뚜렁추어탕,국/탕/찌개류,30170520,도마1동,127.370688931395,36.32753151172
대전광역시 서구,8001,I201,MA010120220806223944,헬씨도시락,백반/한정식,30170555,탄방동,127.390362554359,36.346492717655
대전광역시 서구,8001,I201,MA010120220806206773,양평호성할매해장국,국/탕/찌개류,30170640,둔산2동,127.378374927768,36.3554529069255
대전광역시 서구,8001,I201,MA010120220805106907,남문감자탕,국/탕/찌개류,30170586,월평1동,127.358139459312,36.3547402602984
대전광역시 서구,8001,I201,MA010120220806193613,시골생막창,곱창 전골/구이,30170650,만년동,127.374604640555,36.3661166580339
대전광역시 서구,8001,I201,MA010120220805755316,신시골밥상,백반/한정식,30170630,둔산1동,127.387871354845,36.3563056087698
대전광역시 서구,8001,I201,MA010120220806178562,가정식당,백반/한정식,30170588,월평3동,127.366302493825,36.3611679228636
대전광역시 서구,8001,I201,MA010120220806175009,진영식당,백반/한정식,30170535,정림동,127.367507759599,36.3046693736707
대전광역시 서구,8001,I201,MA010120220805803088,산들바람,백반/한정식,30170582,갈마2동,127.370453813897,36.3484395502174
대전광역시 서구,8001,I201,MA010120220806217750,뉴스타상회,국수/칼국수,30170586,월평1동,127.365201030877,36.3567375178155
대전광역시 서구,8001,I201,MA010120220806208337,맛촌생고기,돼지고기 구이/찜,30170530,도마2동,127.374123025275,36.3120295320182
대전광역시 서구,8001,I201,MA010120220803006663,공원보리밥,백반/한정식,30170555,탄방동,127.397643316651,36.3477664044277
대전광역시 서구,8001,I201,MA010120220806215267,손춘지콩나물국밥,국/탕/찌개류,30170640,둔산2동,127.380611222501,36.3548239943632
대전광역시 서구,8001,I201,MA010120220806183630,왕촌영양식당,백반/한정식,30170540,변동,127.377059497295,36.3298726719874
대전광역시 서구,8001,I201,MA010120220806181884,탄방손칼국수,국수/칼국수,30170555,탄방동,127.392623781348,36.3420244910531
대전광역시 서구,8001,I201,MA010120220803508510,왓에버,백반/한정식,30170560,괴정동,127.38854287945,36.3389828413138
대전광역시 서구,8001,I201,MA010120220806229534,신토식당,백반/한정식,30170520,도마1동,127.374428167696,36.3222840067602
대전광역시 서구,8001,I201,MA010120220806179208,쌈꾼,백반/한정식,30170540,변동,127.384912232079,36.32325101504
대전광역시 서구,8001,I201,MA010120220806187527,수원왕숯불구이,돼지고기 구이/찜,30170560,괴정동,127.380599470255,36.3363859774845
대전광역시 서구,8001,I201,MA010120220803179363,바다생선구이,해산물 구이/찜,30170520,도마1동,127.380215212291,36.3169037205226
대전광역시 서구,8001,I201,MA010120220806230540,국수나무,국수/칼국수,30170575,내동,127.382596092011,36.3324144223601
대전광역시 서구,8001,I201,MA010120220803355763,감동밥상&한식,백반/한정식,30170590,가수원동,127.353511290067,36.299466693469
대전광역시 서구,8001,I201,MA010120220800664732,초가집,백반/한정식,30170570,가장동,127.385791388557,36.3321608332069
대전광역시 서구,8001,I201,MA010120220803052725,오천항,백반/한정식,30170586,월평1동,127.360945792517,36.3568946355604
대전광역시 서구,8001,I201,MA010120220806193409,전남오리촌,닭/오리고기 구이/찜,30170555,탄방동,127.393545490364,36.3458875022939
대전광역시 서구,8001,I201,MA010120220804436386,정일품식당,돼지고기 구이/찜,30170555,탄방동,127.389453055073,36.3472887193341
대전광역시 서구,8001,I201,MA010120220806224519,장수누룽지백숙,닭/오리고기 구이/찜,30170550,용문동,127.393453198254,36.3363984235878
대전광역시 서구,8001,I201,MA010120220805799647,고기맛집,돼지고기 구이/찜,30170640,둔산2동,127.39432744682,36.3617816339284
대전광역시 서구,8001,I201,MA010120220805827338,갈마동원조닭발,닭/오리고기 구이/찜,30170582,갈마2동,127.372500296068,36.3477482950672
대전광역시 서구,8001,I201,MA010120220805072528,향마루뜸북장,백반/한정식,30170640,둔산2동,127.382182947495,36.3481592963208
대전광역시 서구,8001,I201,MA010120220806188296,월평한우촌,소고기 구이/찜,30170586,월평1동,127.365624477207,36.3567542463459
대전광역시 서구,8001,I201,MA010120220805501739,돈방제주맛돼지,돼지고기 구이/찜,30170535,정림동,127.363584174355,36.3061052381391
대전광역시 서구,8001,I201,MA010120220803039224,태백집,돼지고기 구이/찜,30170650,만년동,127.381614977699,36.3687349072632
대전광역시 서구,8001,I201,MA010120220800802724,대운칼국수,국수/칼국수,30170597,관저2동,127.339930225611,36.2997764325061
대전광역시 서구,8001,I201,MA010120220800296896,춘식당,백반/한정식,30170560,괴정동,127.387287049804,36.3418075991989
대전광역시 서구,8001,I201,MA010120220806425221,제주돈내코가장맛있는뒷고기,돼지고기 구이/찜,30170582,갈마2동,127.367830642439,36.3496912756565
대전광역시 서구,8001,I201,MA010120220806183650,여자만장어구이,해산물 구이/찜,30170650,만년동,127.380573426531,36.3653678446416
대전광역시 서구,8001,I201,MA010120220806176346,산막골가든,돼지고기 구이/찜,30170600,기성동,127.336636775684,36.1964731402677
대전광역시 서구,8001,I201,MA010120220806230234,한방가마솥감자탕,국/탕/찌개류,30170660,둔산3동,127.397532185918,36.3500106990195
대전광역시 서구,8001,I201,MA010120220806185069,낙원식당,백반/한정식,30170600,기성동,127.341676749754,36.2534864786371
대전광역시 서구,8001,I201,MA010120220805522129,사키,횟집,30170555,탄방동,127.393692300206,36.3462835358099
대전광역시 서구,8001,I201,MA010120220806225542,부추농장,백반/한정식,30170535,정림동,127.363768767783,36.2979039135594
대전광역시 서구,8001,I201,MA010120220802901292,벽돌집,백반/한정식,30170630,둔산1동,127.388145676682,36.3509697665554
대전광역시 서구,8001,I201,MA010120220806174074,남미식당,백반/한정식,30170540,변동,127.374035525774,36.3286745944951
대전광역시 서구,8001,I201,MA010120220806227086,재빈백반,백반/한정식,30170590,가수원동,127.350886774293,36.3001142648517
대전광역시 서구,8001,I201,MA010120220805424583,만년한정담,백반/한정식,30170650,만년동,127.373042032929,36.3655628200188
대전광역시 서구,8001,I201,MA010120220804725176,샤브쌈주머니,국수/칼국수,30170555,탄방동,127.387919527188,36.3480506943876
대전광역시 서구,8001,I201,MA010120220806178611,만년복집,복 요리 전문,30170587,월평2동,127.378999386609,36.3624620594038
대전광역시 서구,8001,I201,MA010120220806229340,아구타임,백반/한정식,30170581,갈마1동,127.367988783518,36.3454192156174
대전광역시 서구,8001,I201,MA010120220805225647,허허감자탕,국/탕/찌개류,30170560,괴정동,127.379415550859,36.3380118604236
대전광역시 서구,8001,I201,MA010120220803347273,갈비숲,돼지고기 구이/찜,30170582,갈마2동,127.370336994821,36.3472954192275
대전광역시 서구,8001,I201,MA010120220806192529,두부사랑,백반/한정식,30170587,월평2동,127.377340678255,36.3627646965517
대전광역시 서구,8001,I201,MA010120220806187617,고만족,백반/한정식,30170535,정림동,127.366524535968,36.3063125435105
대전광역시 서구,8001,I201,MA010120220806213009,삼천하이포크식당,돼지고기 구이/찜,30170660,둔산3동,127.396160446085,36.3497178669394
대전광역시 서구,8001,I201,MA010120220806532391,빨간순대국밥,백반/한정식,30170650,만년동,127.374126767081,36.3663794954994
대전광역시 서구,8001,I201,MA010120220803313641,한솥도시락배재대앞점,백반/한정식,30170520,도마1동,127.370491884536,36.3235489114497
대전광역시 서구,8001,I201,MA010120220806201018,오동우가촌,백반/한정식,30170600,기성동,127.307939969445,36.23056160579
대전광역시 서구,8001,I201,MA010120220806228233,위아래복집,복 요리 전문,30170587,월평2동,127.377253688558,36.3585925378925
대전광역시 서구,8001,I201,MA010120220806191879,만년주먹구이,돼지고기 구이/찜,30170650,만년동,127.373085440797,36.3653193677898
대전광역시 서구,8001,I201,MA010120220806228424,경민횟집,횟집,30170570,가장동,127.389093448368,36.3287436774146
대전광역시 서구,8001,I201,MA010120220804379174,대박제주꽃돼지,돼지고기 구이/찜,30170575,내동,127.366208154041,36.3386478370417
대전광역시 서구,8001,I201,MA010120220805004468,심청아배고파,돼지고기 구이/찜,30170597,관저2동,127.341449598304,36.2984293391602
대전광역시 서구,8001,I201,MA010120220805779386,연탄한장,돼지고기 구이/찜,30170630,둔산1동,127.388611686344,36.3505897586053
대전광역시 서구,8001,I201,MA010120220806190008,명가대패삼겹살,백반/한정식,30170530,도마2동,127.377588426971,36.3171553651939
대전광역시 서구,8001,I201,MA010120220806221391,춘희네양푼이동태찌개,백반/한정식,30170586,월평1동,127.35427162321,36.3518590176416
대전광역시 서구,8001,I201,MA010120220806226514,쌈장,돼지고기 구이/찜,30170581,갈마1동,127.374439580874,36.3456154596108
대전광역시 서구,8001,I201,MA010120220800156678,한솥도시락,백반/한정식,30170582,갈마2동,127.369597980483,36.346495660696
대전광역시 서구,8001,I201,MA010120220801151016,도마미식공방,백반/한정식,30170520,도마1동,127.373533144142,36.3214216747185
대전광역시 서구,8001,I201,MA010120220806237486,관저명태촌,해산물 구이/찜,30170597,관저2동,127.33666081136,36.2980554098701
대전광역시 서구,8001,I201,MA010120220806183629,황토우렁쌈밥,백반/한정식,30170640,둔산2동,127.381386155946,36.3538122082134
대전광역시 서구,8001,I201,MA010120220806223547,봉순이네,백반/한정식,30170540,변동,127.375137536895,36.3285539876311
대전광역시 서구,8001,I201,MA010120220806180170,황박사왕족발보쌈,백반/한정식,30170560,괴정동,127.387344467635,36.3399059313803
대전광역시 서구,8001,I201,MA010120220803168860,닭한마리칼국수,국수/칼국수,30170560,괴정동,127.387223458858,36.3402127234633
대전광역시 서구,8001,I201,MA010120220804578190,한끼올림,백반/한정식,30170555,탄방동,127.38898989306,36.3482364617245
대전광역시 서구,8001,I201,MA010120220806197996,정림골흑염소,기타 한식 음식점,30170530,도마2동,127.371631126751,36.3101718595506
대전광역시 서구,8001,I201,MA010120220806172273,솔닭이랑오리랑,백반/한정식,30170575,내동,127.379442746281,36.3321360981136
대전광역시 서구,8001,I201,MA010120220805257269,맛울림감자탕,국/탕/찌개류,30170535,정림동,127.366256647426,36.3061691753708
대전광역시 서구,8001,I201,MA010120220806188501,맛돌곱창구이,곱창 전골/구이,30170587,월평2동,127.377875796828,36.362826087478
대전광역시 서구,8001,I201,MA010120220800080339,예가,돼지고기 구이/찜,30170593,도안동,127.350501060607,36.3059730856446
대전광역시 서구,8001,I201,MA010120220806302166,어썸랩,백반/한정식,30170555,탄방동,127.38249585497,36.3438056172216
대전광역시 서구,8001,I201,MA010120220806232892,도안골순대,국/탕/찌개류,30170593,도안동,127.340222218072,36.3311096798435
대전광역시 서구,8001,I201,MA010120220805773692,24시순대.족발,백반/한정식,30170593,도안동,127.348123052224,36.3070254054324
대전광역시 서구,8001,I201,MA010120220802513864,핵밥대전,백반/한정식,30170520,도마1동,127.37067394794,36.3220163419888
대전광역시 서구,8001,I201,MA010120220801051725,둔산한증막백반,백반/한정식,30170640,둔산2동,127.381683005614,36.3507202313707
대전광역시 서구,8001,I201,MA010120220806199349,반딧불이,돼지고기 구이/찜,30170570,가장동,127.390396602881,36.3332272923516
대전광역시 서구,8001,I201,MA010120220806211320,명가전복,백반/한정식,30170630,둔산1동,127.388132924265,36.3528893096298
대전광역시 서구,8001,I201,MA010120220802865331,삼순이시골감자탕,국/탕/찌개류,30170510,복수동,127.378564157471,36.2978579838827
대전광역시 서구,8001,I201,MA010120220803296063,뼈다귀해장국,백반/한정식,30170555,탄방동,127.396373015473,36.3476985306996
대전광역시 서구,8001,I201,MA010120220805761330,만원의행복,백반/한정식,30170581,갈마1동,127.36773063066,36.3473755620929
대전광역시 서구,8001,I201,MA010120220806228248,땡구,돼지고기 구이/찜,30170597,관저2동,127.338908013983,36.3002479499757
대전광역시 서구,8001,I201,MA010120220806170092,정자나무가든,돼지고기 구이/찜,30170600,기성동,127.342289326372,36.2357672923289
대전광역시 서구,8001,I201,MA010120220803812480,팔공산소돌곱창,곱창 전골/구이,30170586,월평1동,127.364146337115,36.3551456576103
대전광역시 서구,8001,I201,MA010120220802510380,먹깨비대패삼겹살,돼지고기 구이/찜,30170555,탄방동,127.38249585497,36.3438056172216
대전광역시 서구,8001,I201,MA010120220806201008,물통골펜션가든,백반/한정식,30170600,기성동,127.346044444083,36.2220493256151
대전광역시 서구,8001,I201,MA010120220800694992,명당,백반/한정식,30170588,월평3동,127.373741377892,36.3603518528753
대전광역시 서구,8001,I201,MA010120220806212269,돈대가꽃삼겹살,돼지고기 구이/찜,30170660,둔산3동,127.399630854754,36.3508508027905
대전광역시 서구,8001,I201,MA010120220804540691,양반수제비,국수/칼국수,30170555,탄방동,127.389534093354,36.3456663397337
대전광역시 서구,8001,I201,MA010120220806194778,가장교식당,백반/한정식,30170570,가장동,127.389663593752,36.32917438542
대전광역시 서구,8001,I201,MA010120220806200953,추풍령할매갈비,돼지고기 구이/찜,30170586,월평1동,127.360794964501,36.3531822506569
대전광역시 서구,8001,I201,MA010120220806182198,황태마을,백반/한정식,30170597,관저2동,127.335854453431,36.2995356194691
대전광역시 서구,8001,I201,MA010120220806204390,평양옥,백반/한정식,30170650,만년동,127.380779092293,36.3687015273979
대전광역시 서구,8001,I201,MA010120220806236348,하남돼지집,돼지고기 구이/찜,30170597,관저2동,127.338061820635,36.3002323219168
대전광역시 서구,8001,I201,MA010120220806753196,보아식당,백반/한정식,30170582,갈마2동,127.373746909821,36.3521871965666
대전광역시 서구,8001,I201,MA010120220806223375,차이나유유가네칡냉면,냉면/밀면,30170575,내동,127.377502936751,36.3317547342602
대전광역시 서구,8001,I201,MA010120220805133196,야호족발보쌈,백반/한정식,30170555,탄방동,127.393546306616,36.3460497111431
대전광역시 서구,8001,I201,MA010120220806212856,진성아구찜,해산물 구이/찜,30170535,정림동,127.366790695149,36.3060864317214
대전광역시 서구,8001,I201,MA010120220806213887,만년뚱돼지,돼지고기 구이/찜,30170650,만년동,127.375195189407,36.3661148049754
대전광역시 서구,8001,I201,MA010120220806219280,행원다정식당,백반/한정식,30170535,정림동,127.363499522743,36.2998603000327
대전광역시 서구,8001,I201,MA010120220806228164,울엄마양평해장국,국/탕/찌개류,30170575,내동,127.374644948055,36.332673916636
대전광역시 서구,8001,I201,MA010120220805346240,이순신소국밥관저충무공점,국/탕/찌개류,30170597,관저2동,127.338931354347,36.2979228293102
대전광역시 서구,8001,I201,MA010120220805807246,밀두레,국수/칼국수,30170582,갈마2동,127.37107948966,36.3441299883016
대전광역시 서구,8001,I201,MA010120220806194411,약수터식당,돼지고기 구이/찜,30170590,가수원동,127.349816714385,36.2923491940739
대전광역시 서구,8001,I201,MA010120220805773651,진산전주식당,백반/한정식,30170550,용문동,127.391645615755,36.3379904314532
대전광역시 서구,8001,I201,MA010120220806171830,만년고을,백반/한정식,30170650,만년동,127.375019332216,36.3666200138209
대전광역시 서구,8001,I201,MA010120220806223769,또또러브돈,돼지고기 구이/찜,30170650,만년동,127.372889780821,36.3663473156776
대전광역시 서구,8001,I201,MA010120220805318017,조양한우마을월평,소고기 구이/찜,30170586,월평1동,127.364930068684,36.3559723473113
대전광역시 서구,8001,I201,MA010120220806208555,송림본가,백반/한정식,30170550,용문동,127.395157989606,36.3387268460147
대전광역시 서구,8001,I201,MA010120220806188567,복수칼국수,국수/칼국수,30170555,탄방동,127.39240006353,36.34627877428
대전광역시 서구,8001,I201,MA010120220803513806,본도시락,백반/한정식,30170597,관저2동,127.336332118787,36.2966955467155
대전광역시 서구,8001,I201,MA010120220806407681,송풍재갈비김치찌개,백반/한정식,30170650,만년동,127.382026861409,36.3663725194358
대전광역시 서구,8001,I201,MA010120220805511764,5.5춘천닭갈비,닭/오리고기 구이/찜,30170510,복수동,127.378972302142,36.2993796898432
대전광역시 서구,8001,I201,MA010120220804572098,"탄방골생막창,순대국밥",돼지고기 구이/찜,30170555,탄방동,127.393666400216,36.3411379087829
대전광역시 서구,8001,I201,MA010120220806428540,금촌뼈다귀감자탕,백반/한정식,30170575,내동,127.380464161497,36.3314659795008
대전광역시 서구,8001,I201,MA010120220806233979,신마포갈매기,돼지고기 구이/찜,30170586,월평1동,127.363223653572,36.3555810297917
대전광역시 서구,8001,I201,MA010120220806495727,한마음정육식당한민,돼지고기 구이/찜,30170560,괴정동,127.383712637406,36.3352495516028
대전광역시 서구,8001,I201,MA010120220806226570,월평제주주먹구이,돼지고기 구이/찜,30170582,갈마2동,127.369633910735,36.35174039089
대전광역시 서구,8001,I201,MA010120220806231960,도마집,백반/한정식,30170530,도마2동,127.379353157903,36.313653198518
대전광역시 서구,8001,I201,MA010120220806630798,"맛,가격,서비스가좋은착한막창",곱창 전골/구이,30170597,관저2동,127.33793216497,36.2985654982406
대전광역시 서구,8001,I201,MA010120220806183147,정든부속구이,돼지고기 구이/찜,30170555,탄방동,127.39397828794,36.3411368810019
대전광역시 서구,8001,I201,MA010120220806186256,순대촌,국/탕/찌개류,30170597,관저2동,127.336111401724,36.2997421697178
대전광역시 서구,8001,I201,MA010120220806188191,매운칼국수,국수/칼국수,30170650,만년동,127.382564478655,36.366938537825
대전광역시 서구,8001,I201,MA010120220806183757,정림돌구이,돼지고기 구이/찜,30170535,정림동,127.368525148142,36.3031973147618
대전광역시 서구,8001,I201,MA010120220805758209,귀한족발보쌈,족발/보쌈,30170587,월평2동,127.376919126245,36.3608375161685
대전광역시 서구,8001,I201,MA010120220803110076,찐아구찜,해산물 구이/찜,30170530,도마2동,127.371257032351,36.3158144141431
대전광역시 서구,8001,I201,MA010120220806201010,성림가든,백반/한정식,30170600,기성동,127.337596751486,36.2128902670078
대전광역시 서구,8001,I201,MA010120220805056119,도군샤부,백반/한정식,30170640,둔산2동,127.378717521905,36.3502790791405
대전광역시 서구,8001,I201,MA010120220805681773,여러분의행복한밥상,백반/한정식,30170560,괴정동,127.380556053554,36.3389094109857
대전광역시 서구,8001,I201,MA010120220802994159,킹부대찌개테이크아웃,국/탕/찌개류,30170597,관저2동,127.34034691398,36.2957469542662
대전광역시 서구,8001,I201,MA010120220803857759,공주칼국수,국수/칼국수,30170520,도마1동,127.380661036662,36.3124054118292
대전광역시 서구,8001,I201,MA010120220805773072,금촌,백반/한정식,30170640,둔산2동,127.389110367729,36.3590141129115
대전광역시 서구,8001,I201,MA010120220806633624,보탬,백반/한정식,30170596,관저1동,127.342648329748,36.3077801915028
대전광역시 서구,8001,I201,MA010120220803163377,잘돼지,돼지고기 구이/찜,30170560,괴정동,127.383594714287,36.3361871542943
대전광역시 서구,8001,I201,MA010120220806175231,진양곱창,곱창 전골/구이,30170560,괴정동,127.38979362973,36.3396276154102
대전광역시 서구,8001,I201,MA010120220800696593,바플랫,백반/한정식,30170581,갈마1동,127.373206748689,36.3510534043296
대전광역시 서구,8001,I201,MA010120220803191046,가장골식당,백반/한정식,30170575,내동,127.378004924999,36.3365293883381
대전광역시 서구,8001,I201,MA010120220800828176,완도수산,횟집,30170560,괴정동,127.389207829588,36.3383047953061
대전광역시 서구,8001,I201,MA010120220800113864,옛골찜,백반/한정식,30170560,괴정동,127.382918550684,36.3368561935536
대전광역시 서구,8001,I201,MA010120220805500798,솔밭식당,백반/한정식,30170520,도마1동,127.382395332678,36.3164011174316
대전광역시 서구,8001,I201,MA010120220806236414,토속정,백반/한정식,30170555,탄방동,127.397570950113,36.3422965116435
대전광역시 서구,8001,I201,MA010120220806684078,낭만고기국수,국수/칼국수,30170640,둔산2동,127.378374927768,36.3554529069255
대전광역시 서구,8001,I201,MA010120220806032771,도가네장수촌,백반/한정식,30170570,가장동,127.392224298947,36.3312206947243
대전광역시 서구,8001,I201,MA010120220806206812,옛날청진동보리밥본가,백반/한정식,30170586,월평1동,127.353493260111,36.3521857459438
대전광역시 서구,8001,I201,MA010120220806224511,족발사랑,족발/보쌈,30170590,가수원동,127.352822993988,36.2999012946234
대전광역시 서구,8001,I201,MA010120220806177461,우리동네삼겹살,돼지고기 구이/찜,30170593,도안동,127.346433156879,36.3252071378275
대전광역시 서구,8001,I201,MA010120220800641063,브라더한정식도시락갤러리아,백반/한정식,30170640,둔산2동,127.378168576315,36.3519479912434
대전광역시 서구,8001,I201,MA010120220806231763,순대군,국/탕/찌개류,30170510,복수동,127.380674457373,36.2991309631545
대전광역시 서구,8001,I201,MA010120220805750733,옥당순대,국/탕/찌개류,30170550,용문동,127.39013006728,36.3356162818638
대전광역시 서구,8001,I201,MA010120220806409682,다우리,백반/한정식,30170582,갈마2동,127.377650109103,36.3414779704531
대전광역시 서구,8001,I201,MA010120220803192254,초인푸드,백반/한정식,30170530,도마2동,127.373324411463,36.3150149368494
대전광역시 서구,8001,I201,MA010120220806198623,머슴촌감자탕,국/탕/찌개류,30170640,둔산2동,127.380585606917,36.3541391834549
대전광역시 서구,8001,I201,MA010120220806179385,금백고기촌,돼지고기 구이/찜,30170640,둔산2동,127.382144023343,36.347032951643
대전광역시 서구,8001,I201,MA010120220806192159,오리골보궁,닭/오리고기 구이/찜,30170597,관저2동,127.339746269234,36.2958658164546
대전광역시 서구,8001,I201,MA010120220803184771,양촌추어탕,국/탕/찌개류,30170630,둔산1동,127.388736529006,36.3532928759325
대전광역시 서구,8001,I201,MA010120220806200458,곱돌곱창,곱창 전골/구이,30170640,둔산2동,127.376886627223,36.3540968371215
대전광역시 서구,8001,I201,MA010120220806223649,주문진막국수,국수/칼국수,30170640,둔산2동,127.376885758414,36.3539166049564
대전광역시 서구,8001,I201,MA010120220806233115,진수성찬,백반/한정식,30170555,탄방동,127.395990794997,36.34701490495
대전광역시 서구,8001,I201,MA010120220806179212,별미식당,백반/한정식,30170555,탄방동,127.39286793823,36.3396265604932
대전광역시 서구,8001,I201,MA010120220806216136,화산화로구이,돼지고기 구이/찜,30170582,갈마2동,127.374118975133,36.3484551670727
대전광역시 서구,8001,I201,MA010120220804869523,피크닉문,백반/한정식,30170650,만년동,127.372480258484,36.366925343679
대전광역시 서구,8001,I201,MA010120220806212395,수통골촌두부식당,백반/한정식,30170640,둔산2동,127.378493148211,36.3499553670089
대전광역시 서구,8001,I201,MA010120220806198961,옥수숯불구이,돼지고기 구이/찜,30170540,변동,127.374615603953,36.3288710370598
대전광역시 서구,8001,I201,MA010120220804894040,별난해산물,백반/한정식,30170560,괴정동,127.383482802662,36.3360793721924
대전광역시 서구,8001,I201,MA010120220802531202,봉평메밀막국수,국수/칼국수,30170660,둔산3동,127.398064663136,36.3495673509344
대전광역시 서구,8001,I201,MA010120220804474456,토시살롱,돼지고기 구이/찜,30170555,탄방동,127.389468907229,36.3482349014933
대전광역시 서구,8001,I201,MA010120220806209366,복덕얼큰이식당,돼지고기 구이/찜,30170530,도마2동,127.374004330991,36.3128229425847
대전광역시 서구,8001,I201,MA010120220806364783,우담화,돼지고기 구이/찜,30170555,탄방동,127.397520779,36.347766812117
대전광역시 서구,8001,I201,MA010120220805225567,본죽가,백반/한정식,30170593,도안동,127.343858558058,36.319681325299
대전광역시 서구,8001,I201,MA010120220806183289,제례당,백반/한정식,30170650,만년동,127.374342402218,36.3671988872059
대전광역시 서구,8001,I201,MA010120220806175263,옥전,백반/한정식,30170570,가장동,127.387632684279,36.3351287605452
대전광역시 서구,8001,I201,MA010120220803020876,바다천국수산,국수/칼국수,30170555,탄방동,127.397542371411,36.3476315640645
대전광역시 서구,8001,I201,MA010120220806380822,본가왕뼈감자탕,국/탕/찌개류,30170593,도안동,127.351645215048,36.3078622087943
대전광역시 서구,8001,I201,MA010120220806247727,청해수산,횟집,30170555,탄방동,127.38405717526,36.346441054375
대전광역시 서구,8001,I201,MA010120220806227336,그림같은집,백반/한정식,30170530,도마2동,127.368302383029,36.3173825959594
대전광역시 서구,8001,I201,MA010120220806202536,이모네닭도리탕과삼겹살,백반/한정식,30170575,내동,127.372978765267,36.3336163527294
대전광역시 서구,8001,I201,MA010120220806226938,완도수산,횟집,30170581,갈마1동,127.368068683441,36.3481945912662
대전광역시 서구,8001,I201,MA010120220806185498,텃밭,백반/한정식,30170600,기성동,127.318050299693,36.2413494863721
대전광역시 서구,8001,I201,MA010120220806191630,우가네칼국수,국수/칼국수,30170540,변동,127.382878386064,36.3240956434574
대전광역시 서구,8001,I201,MA010120220805828763,어명,횟집,30170640,둔산2동,127.382603220078,36.3475361405262
대전광역시 서구,8001,I201,MA010120220806191529,돼지깡장,돼지고기 구이/찜,30170640,둔산2동,127.37997689682,36.3549702010691
대전광역시 서구,8001,I201,MA010120220805477985,만촌본가,백반/한정식,30170650,만년동,127.381999821346,36.3676793058848
대전광역시 서구,8001,I201,MA010120220800057619,대박무한삼겹시대,돼지고기 구이/찜,30170510,복수동,127.376607442552,36.2984138848094
대전광역시 서구,8001,I201,MA010120220806221816,황태명가,백반/한정식,30170555,탄방동,127.389837511055,36.3484319580738
대전광역시 서구,8001,I201,MA010120220801167350,해후순대빈대떡,백반/한정식,30170555,탄방동,127.396856644877,36.3486071120729
대전광역시 서구,8001,I201,MA010120220806194019,뚱땡이감자탕,국/탕/찌개류,30170597,관저2동,127.336755451718,36.2993528483604
대전광역시 서구,8001,I201,MA010120220803058405,닭발1번지,닭/오리고기 구이/찜,30170560,괴정동,127.382781011571,36.3360635984006
대전광역시 서구,8001,I201,MA010120220806208583,대박고기촌,돼지고기 구이/찜,30170540,변동,127.38050700957,36.3288253915453
대전광역시 서구,8001,I201,MA010120220803352600,워낭명가,돼지고기 구이/찜,30170640,둔산2동,127.382483294712,36.3503481907853
대전광역시 서구,8001,I201,MA010120220806196353,가마솥,백반/한정식,30170540,변동,127.374568079245,36.3282493728881
대전광역시 서구,8001,I201,MA010120220805072444,수정자갈치꼼장어,돼지고기 구이/찜,30170520,도마1동,127.373562082341,36.322818412399
대전광역시 서구,8001,I201,MA010120220806208299,놀부보쌈&부대찌개,족발/보쌈,30170560,괴정동,127.378831978705,36.3394105356519
대전광역시 서구,8001,I201,MA010120220803253474,금오갈매기,돼지고기 구이/찜,30170555,탄방동,127.387920510647,36.3482489497083
대전광역시 서구,8001,I201,MA010120220806238564,조마루감자탕,국/탕/찌개류,30170586,월평1동,127.364183621783,36.3559746246858
대전광역시 서구,8001,I201,MA010120220805483084,엉클부대찌개,국/탕/찌개류,30170555,탄방동,127.387831850293,36.346095428734
대전광역시 서구,8001,I201,MA010120220806185617,아줌마네식당,백반/한정식,30170530,도마2동,127.368680141252,36.3172011954216
대전광역시 서구,8001,I201,MA010120220806179634,사리원면옥,냉면/밀면,30170640,둔산2동,127.37727102118,36.3552581390879
대전광역시 서구,8001,I201,MA010120220806182591,우두령,백반/한정식,30170630,둔산1동,127.388141110568,36.3590262771513
대전광역시 서구,8001,I201,MA010120220806208493,조아식당,백반/한정식,30170550,용문동,127.395741157912,36.339508939642
대전광역시 서구,8001,I201,MA010120220803113053,맛돼지푸드,돼지고기 구이/찜,30170586,월평1동,127.365458666537,36.357034117674
대전광역시 서구,8001,I201,MA010120220806216245,쌍둥이수육국밥,국/탕/찌개류,30170640,둔산2동,127.373898265161,36.3512224658576
대전광역시 서구,8001,I201,MA010120220806195996,을지식당가,백반/한정식,30170640,둔산2동,127.381983876087,36.3552972365294
대전광역시 서구,8001,I201,MA010120220805852665,작은어촌,백반/한정식,30170630,둔산1동,127.388656529099,36.3528876077313
대전광역시 서구,8001,I201,MA010120220805636471,노곡가마솥,백반/한정식,30170597,관저2동,127.337160199518,36.2950981180407
대전광역시 서구,8001,I201,MA010120220804848626,백제갈비,돼지고기 구이/찜,30170530,도마2동,127.375324472935,36.3164415507565
대전광역시 서구,8001,I201,MA010120220806218997,왔다삼겹살,돼지고기 구이/찜,30170581,갈마1동,127.368193791477,36.3463738307303
대전광역시 서구,8001,I201,MA010120220806198360,해와달야식,기타 한식 음식점,30170530,도마2동,127.373708604355,36.3185193275067
대전광역시 서구,8001,I201,MA010120220805052885,관저장패,돼지고기 구이/찜,30170597,관저2동,127.339396855212,36.3000122555382
대전광역시 서구,8001,I201,MA010120220806087479,대대로감자탕,국/탕/찌개류,30170630,둔산1동,127.388141110568,36.3590262771513
대전광역시 서구,8001,I201,MA010120220805256464,수목칼국수,국수/칼국수,30170630,둔산1동,127.387119046822,36.3528745750752
대전광역시 서구,8001,I201,MA010120220803376320,무야,백반/한정식,30170581,갈마1동,127.373425730552,36.352584717646
대전광역시 서구,8001,I201,MA010120220806200643,시골뜰마루,백반/한정식,30170597,관저2동,127.335935398661,36.3002383154899
대전광역시 서구,8001,I201,MA010120220806217070,칠갑산,돼지고기 구이/찜,30170540,변동,127.383745702535,36.3238225084822
대전광역시 서구,8001,I201,MA010120220806202807,괴정고을,백반/한정식,30170560,괴정동,127.387420277269,36.3372201796237
대전광역시 서구,8001,I201,MA010120220806201003,서울식당,백반/한정식,30170600,기성동,127.341538852121,36.2550369202454
대전광역시 서구,8001,I201,MA010120220806204230,곤지암소머리국밥,국/탕/찌개류,30170650,만년동,127.380779092293,36.3687015273979
대전광역시 서구,8001,I201,MA010120220803784846,연타발,소고기 구이/찜,30170650,만년동,127.381736139718,36.368446145094
대전광역시 서구,8001,I201,MA010120220806232696,마실,백반/한정식,30170630,둔산1동,127.387087811359,36.3533162516917
대전광역시 서구,8001,I201,MA010120220804152861,삘꼬치네,백반/한정식,30170555,탄방동,127.395991616355,36.3471771137207
대전광역시 서구,8001,I201,MA010120220806213976,635불화로구이,돼지고기 구이/찜,30170555,탄방동,127.387160385459,36.3432228558256
대전광역시 서구,8001,I201,MA010120220806205264,한누리식당,백반/한정식,30170530,도마2동,127.373720256248,36.3186274326738
대전광역시 서구,8001,I201,MA010120220805363211,송원,백반/한정식,30170630,둔산1동,127.388132924265,36.3528893096298
대전광역시 서구,8001,I201,MA010120220806208701,청주식당,백반/한정식,30170530,도마2동,127.37325540141,36.3168896075045
대전광역시 서구,8001,I201,MA010120220806224164,별난집삼겹살,돼지고기 구이/찜,30170660,둔산3동,127.400665787183,36.350631055352
대전광역시 서구,8001,I201,MA010120220806227152,대구막창맥,곱창 전골/구이,30170575,내동,127.366208154041,36.3386478370417
대전광역시 서구,8001,I201,MA010120220806600254,마스카라,백반/한정식,30170640,둔산2동,127.376886627223,36.3540968371215
대전광역시 서구,8001,I201,MA010120220800939652,보글보글짜글이,백반/한정식,30170586,월평1동,127.363096834172,36.3546622169532
대전광역시 서구,8001,I201,MA010120220806226754,이차돌,소고기 구이/찜,30170630,둔산1동,127.387251572694,36.3526398403202
대전광역시 서구,8001,I201,MA010120220806179821,사철생돌구이,돼지고기 구이/찜,30170640,둔산2동,127.382189774175,36.3495560959477
대전광역시 서구,8001,I201,MA010120220803214465,참숯마을구이마당,돼지고기 구이/찜,30170530,도마2동,127.371076317851,36.3176263476855
대전광역시 서구,8001,I201,MA010120220806571871,오리명작,백반/한정식,30170650,만년동,127.380777731008,36.36842216835
대전광역시 서구,8001,I201,MA010120220806211588,장수촌버섯이야기,백반/한정식,30170570,가장동,127.383833956992,36.3304639095595
대전광역시 서구,8001,I201,MA010120220806192315,사랑방시식식당,백반/한정식,30170588,월평3동,127.373741377892,36.3603518528753
대전광역시 서구,8001,I201,MA010120220805853225,홍씨네닭갈비,닭/오리고기 구이/찜,30170581,갈마1동,127.375967984179,36.3484043052551
대전광역시 서구,8001,I201,MA010120220802687372,해자네가자,국수/칼국수,30170560,괴정동,127.385208015364,36.3380924601765
대전광역시 서구,8001,I201,MA010120220804150974,선사항아리보쌈,족발/보쌈,30170587,월평2동,127.378439498841,36.3618870832027
대전광역시 서구,8001,I201,MA010120220805374702,만년본가,돼지고기 구이/찜,30170650,만년동,127.374760634596,36.3661161688305
대전광역시 서구,8001,I201,MA010120220805188525,임대장대전,돼지고기 구이/찜,30170640,둔산2동,127.377205545201,36.3509236957113
대전광역시 서구,8001,I201,MA010120220806737833,미정손칼국수만두,국수/칼국수,30170597,관저2동,127.3377963947,36.2980612188256
대전광역시 서구,8001,I201,MA010120220805909776,달구지막창,곱창 전골/구이,30170586,월평1동,127.363210628638,36.3551755407523
대전광역시 서구,8001,I201,MA010120220805755930,꽃님이네식당,백반/한정식,30170586,월평1동,127.362450165629,36.3545560392444
대전광역시 서구,8001,I201,MA010120220806224084,금화순대,국/탕/찌개류,30170586,월평1동,127.354059465461,36.3517515053811
대전광역시 서구,8001,I201,MA010120220802826100,친구네,돼지고기 구이/찜,30170540,변동,127.375587369044,36.3224966530593
대전광역시 서구,8001,I201,MA010120220801967872,돈스락,백반/한정식,30170581,갈마1동,127.366945665371,36.3438994353234
대전광역시 서구,8001,I201,MA010120220806217550,만년손칼국수,국수/칼국수,30170650,만년동,127.375187897496,36.366916871574
대전광역시 서구,8001,I201,MA010120220806235182,오징어와친구들,횟집,30170560,괴정동,127.388169311276,36.3400204080446
대전광역시 서구,8001,I201,MA010120220800997023,구구족관저가,족발/보쌈,30170593,도안동,127.350754920618,36.3054766907061
대전광역시 서구,8001,I201,MA010120220806175299,공주식당,백반/한정식,30170587,월평2동,127.378107903359,36.3624378487078
대전광역시 서구,8001,I201,MA010120220806224244,올레식당,횟집,30170570,가장동,127.390462754668,36.3330918996693
대전광역시 서구,8001,I201,MA010120220806182637,참바다대게&시골밥상,해산물 구이/찜,30170597,관저2동,127.345322791952,36.2981839075895
대전광역시 서구,8001,I201,MA010120220806219306,초롱식당,백반/한정식,30170540,변동,127.380923065864,36.3250661520705
대전광역시 서구,8001,I201,MA010120220806218577,종가집,백반/한정식,30170586,월평1동,127.36175264795,36.3506830996305
대전광역시 서구,8001,I201,MA010120220806200257,광릉불고기,돼지고기 구이/찜,30170555,탄방동,127.389468907229,36.3482349014933
대전광역시 서구,8001,I201,MA010120220805451684,비에이치푸드,백반/한정식,30170582,갈마2동,127.37474500981,36.3419377035944
대전광역시 서구,8001,I201,MA010120220806194523,씨엔에프캐터링,백반/한정식,30170650,만년동,127.379989049532,36.3689293358254
대전광역시 서구,8001,I201,MA010120220806222979,황토불낙보쌈,족발/보쌈,30170640,둔산2동,127.387194135846,36.3590383613246
대전광역시 서구,8001,I201,MA010120220805747149,홍능맛집,백반/한정식,30170520,도마1동,127.380661036662,36.3124054118292
대전광역시 서구,8001,I201,MA010120220806202304,불돈생돈,돼지고기 구이/찜,30170555,탄방동,127.394494349942,36.3462808908056
대전광역시 서구,8001,I201,MA010120220806214643,회타령,백반/한정식,30170586,월평1동,127.358516528884,36.3567938081337
대전광역시 서구,8001,I201,MA010120220805432049,속푸리해장국,국/탕/찌개류,30170540,변동,127.375220046637,36.3225338538445
대전광역시 서구,8001,I201,MA010120220805890815,우리집식당,백반/한정식,30170582,갈마2동,127.373947201807,36.3451483898987
대전광역시 서구,8001,I201,MA010120220803356669,동춘돌곱창,곱창 전골/구이,30170597,관저2동,127.337781260015,36.2971330418863
대전광역시 서구,8001,I201,MA010120220803047905,공주칼국수앤궁중대구왕뽈찜,국수/칼국수,30170575,내동,127.376022467511,36.3319306249185
대전광역시 서구,8001,I201,MA010120220805761106,우래옥,백반/한정식,30170581,갈마1동,127.36615701691,36.3396212649864
대전광역시 서구,8001,I201,MA010120220803388208,갑부본가,백반/한정식,30170660,둔산3동,127.398291273726,36.3503145706416
대전광역시 서구,8001,I201,MA010120220805952379,털보숯불갈비,돼지고기 구이/찜,30170660,둔산3동,127.399885052103,36.3504534357153
대전광역시 서구,8001,I201,MA010120220805237874,회랑별채,백반/한정식,30170530,도마2동,127.378986707593,36.313861632346
대전광역시 서구,8001,I201,MA010120220802861006,서연이네,백반/한정식,30170597,관저2동,127.337261129891,36.3004418554661
대전광역시 서구,8001,I201,MA010120220806026066,류미네돌솥쌈밥,백반/한정식,30170660,둔산3동,127.396570846147,36.3493650475825
대전광역시 서구,8001,I201,MA010120220806238319,뚝이푸드,횟집,30170582,갈마2동,127.377651718935,36.3418114006203
대전광역시 서구,8001,I201,MA010120220806234884,만석화로,돼지고기 구이/찜,30170582,갈마2동,127.374175724954,36.3463462384759
대전광역시 서구,8001,I201,MA010120220805753014,부부식당,백반/한정식,30170530,도마2동,127.369080550963,36.3171008299838
대전광역시 서구,8001,I201,MA010120220806181991,동해해장국,국/탕/찌개류,30170520,도마1동,127.378343865885,36.3190905133496
대전광역시 서구,8001,I201,MA010120220805145068,동태랑감자탕,국/탕/찌개류,30170582,갈마2동,127.368183500365,36.3465540976234
대전광역시 서구,8001,I201,MA010120220806231458,전주막걸리일번가,백반/한정식,30170581,갈마1동,127.367408504214,36.3499449034385
대전광역시 서구,8001,I201,MA010120220800091068,다원식당,백반/한정식,30170640,둔산2동,127.382185722153,36.3487270278217
대전광역시 서구,8001,I201,MA010120220806181030,너와마을식당,백반/한정식,30170630,둔산1동,127.38903476897,36.3527782359739
대전광역시 서구,8001,I201,MA010120220804989998,족커,백반/한정식,30170581,갈마1동,127.371348864152,36.356286005931
대전광역시 서구,8001,I201,MA010120220803822780,정가미감자탕해장국,백반/한정식,30170597,관저2동,127.322521564501,36.2952466423474
대전광역시 서구,8001,I201,MA010120220805867554,황소곱창,곱창 전골/구이,30170630,둔산1동,127.389491851903,36.350604916484
대전광역시 서구,8001,I201,MA010120220804406388,맛나손수제비,국수/칼국수,30170535,정림동,127.366420704826,36.3055378451971
대전광역시 서구,8001,I201,MA010120220804945313,닭발ing,닭/오리고기 구이/찜,30170586,월평1동,127.357770203604,36.3543899082049
대전광역시 서구,8001,I201,MA010120220803088761,대소해장국,국/탕/찌개류,30170555,탄방동,127.390332524849,36.3427078785743
대전광역시 서구,8001,I201,MA010120220805418335,인정쭈꾸미,해산물 구이/찜,30170597,관저2동,127.337737739421,36.2973674727257
대전광역시 서구,8001,I201,MA010120220806218590,벗바리,돼지고기 구이/찜,30170581,갈마1동,127.375216335344,36.347307233613
대전광역시 서구,8001,I201,MA010120220805440281,해남해산물,횟집,30170510,복수동,127.378152812618,36.2979764393541
대전광역시 서구,8001,I201,MA010120220805873834,굴렁쇠막창,곱창 전골/구이,30170582,갈마2동,127.370058202442,36.3472332005881
대전광역시 서구,8001,I201,MA010120220806252192,비앤디컴퍼니가마솥삼계탕,국/탕/찌개류,30170582,갈마2동,127.371886317221,36.3427937393833
대전광역시 서구,8001,I201,MA010120220804150998,1983다복수육국밥,국/탕/찌개류,30170593,도안동,127.338592908348,36.3303663279165
대전광역시 서구,8001,I201,MA010120220805482543,스코드,백반/한정식,30170630,둔산1동,127.388285893266,36.3522850258291
대전광역시 서구,8001,I201,MA010120220806181455,장충동왕족발보쌈논보달,족발/보쌈,30170597,관저2동,127.333990947855,36.3011449468639
대전광역시 서구,8001,I201,MA010120220806228105,새마을꽃대패1970,돼지고기 구이/찜,30170630,둔산1동,127.389024053087,36.3506244638286
대전광역시 서구,8001,I201,MA010120220804582884,장군집,돼지고기 구이/찜,30170593,도안동,127.348890779854,36.3069060137196
대전광역시 서구,8001,I201,MA010120220800812012,대복국수,국수/칼국수,30170555,탄방동,127.389468907229,36.3482349014933
대전광역시 서구,8001,I201,MA010120220806197475,회자,횟집,30170555,탄방동,127.397275337451,36.3476955343507
대전광역시 서구,8001,I201,MA010120220806199011,한울해물칼국수,국수/칼국수,30170520,도마1동,127.381039798536,36.314729250804
대전광역시 서구,8001,I201,MA010120220800615555,식껍,돼지고기 구이/찜,30170555,탄방동,127.394181260778,36.3460476184125
대전광역시 서구,8001,I201,MA010120220806237458,불다큐,돼지고기 구이/찜,30170510,복수동,127.375373904585,36.2988773671859
대전광역시 서구,8001,I201,MA010120220806194354,대림식당,백반/한정식,30170590,가수원동,127.354105288685,36.3003390835695
대전광역시 서구,8001,I201,MA010120220804940586,365백반24,백반/한정식,30170575,내동,127.374808646036,36.3319704846705
대전광역시 서구,8001,I201,MA010120220805205457,공주칼국수,국수/칼국수,30170640,둔산2동,127.389090327706,36.3594647648483
대전광역시 서구,8001,I201,MA010120220805758687,온유네닭매운탕,해산물 구이/찜,30170660,둔산3동,127.398564862659,36.3493494017598
대전광역시 서구,8001,I201,MA010120220805520542,고향소머리국밥,국/탕/찌개류,30170520,도마1동,127.377619992725,36.3213908102155
대전광역시 서구,8001,I201,MA010120220803433125,두마리찜닭두찜대전,닭/오리고기 구이/찜,30170575,내동,127.377203092191,36.3319359165067
대전광역시 서구,8001,I201,MA010120220805751735,다정식당,백반/한정식,30170590,가수원동,127.352529762101,36.3040115544896
대전광역시 서구,8001,I201,MA010120220806205358,두부사랑,백반/한정식,30170581,갈마1동,127.36613575188,36.3398376126176
대전광역시 서구,8001,I201,MA010120220802911768,빨간포크푸드,돼지고기 구이/찜,30170597,관저2동,127.333990947855,36.3011449468639
대전광역시 서구,8001,I201,MA010120220806232253,한판집,돼지고기 구이/찜,30170650,만년동,127.373755057397,36.365542568165
대전광역시 서구,8001,I201,MA010120220806215658,고추장불고기,돼지고기 구이/찜,30170660,둔산3동,127.39914146693,36.3510056380804
대전광역시 서구,8001,I201,MA010120220805847235,아카우미,백반/한정식,30170586,월평1동,127.363487893859,36.3549043452046
대전광역시 서구,8001,I201,MA010120220806232259,연우수산회도매센타,횟집,30170520,도마1동,127.380649405886,36.3168843151115
대전광역시 서구,8001,I201,MA010120220804978787,계릴라도리탕,닭/오리고기 구이/찜,30170586,월평1동,127.360653545457,36.3563367897431
대전광역시 서구,8001,I201,MA010120220806388381,장어대가,해산물 구이/찜,30170540,변동,127.378673016199,36.3226761653407
대전광역시 서구,8001,I201,MA010120220806218361,환희실내마차,백반/한정식,30170520,도마1동,127.38042625973,36.316794907465
대전광역시 서구,8001,I201,MA010120220806172658,순천식당,백반/한정식,30170600,기성동,127.321430126823,36.2353925762553
대전광역시 서구,8001,I201,MA010120220806579549,자매삼겹살,돼지고기 구이/찜,30170535,정림동,127.365722640635,36.3062609283317
대전광역시 서구,8001,I201,MA010120220806189362,논두렁밭두렁식당,백반/한정식,30170660,둔산3동,127.396148575564,36.3495737183612
대전광역시 서구,8001,I201,MA010120220806172565,육대장,백반/한정식,30170640,둔산2동,127.382194178734,36.3504572568232
대전광역시 서구,8001,I201,MA010120220805749425,우래정,백반/한정식,30170520,도마1동,127.379378134601,36.3165098608253
대전광역시 서구,8001,I201,MA010120220805738599,배재촌삼겹살,돼지고기 구이/찜,30170530,도마2동,127.372973667207,36.3161875662469
대전광역시 서구,8001,I201,MA010120220805742771,미소본가스마일칼국수,국수/칼국수,30170587,월평2동,127.377859503538,36.3594557504063
대전광역시 서구,8001,I201,MA010120220806192853,마이산인삼순대,국/탕/찌개류,30170530,도마2동,127.372932517052,36.3168996270569
대전광역시 서구,8001,I201,MA010120220806216163,5.5닭갈비,닭/오리고기 구이/찜,30170555,탄방동,127.39548028366,36.3473950890288
대전광역시 서구,8001,I201,MA010120220806236741,왔다삼겹살,돼지고기 구이/찜,30170550,용문동,127.390137572001,36.3371212225579
대전광역시 서구,8001,I201,MA010120220806219831,숯불에구워구워,백반/한정식,30170520,도마1동,127.374060673442,36.3222851573456
대전광역시 서구,8001,I201,MA010120220803050875,까치네식당,백반/한정식,30170560,괴정동,127.377341674276,36.3375768496477
대전광역시 서구,8001,I201,MA010120220806181793,미강두부요리,백반/한정식,30170560,괴정동,127.38626751522,36.3361064516291
대전광역시 서구,8001,I201,MA010120220805828357,오늘황태와국수까페,국수/칼국수,30170587,월평2동,127.37856480865,36.3624544253829
대전광역시 서구,8001,I201,MA010120220806206887,김가네통돼지바베큐,백반/한정식,30170510,복수동,127.375313448227,36.2978772439067
대전광역시 서구,8001,I201,MA010120220806208481,정든식당,백반/한정식,30170582,갈마2동,127.37453107054,36.3461108196137
대전광역시 서구,8001,I201,MA010120220804200799,우리동네삼겹살,돼지고기 구이/찜,30170597,관저2동,127.336570062825,36.300254554249
대전광역시 서구,8001,I201,MA010120220805447658,손칼국수보쌈,족발/보쌈,30170660,둔산3동,127.396917284416,36.3495801792703
대전광역시 서구,8001,I201,MA010120220800145900,송탄부대찌개이정,백반/한정식,30170555,탄방동,127.38955870651,36.3461348706814
대전광역시 서구,8001,I201,MA010120220806568978,장모님손맛,백반/한정식,30170540,변동,127.379742501181,36.3250518849633
대전광역시 서구,8001,I201,MA010120220803323537,"24시신사천성,신사천냉면",냉면/밀면,30170586,월평1동,127.365045812823,36.3569002035221
대전광역시 서구,8001,I201,MA010120220801624569,도마큰시장협동조합,백반/한정식,30170520,도마1동,127.381249972139,36.3167292006261
대전광역시 서구,8001,I201,MA010120220802998844,월평생고깃집,돼지고기 구이/찜,30170586,월평1동,127.35989375495,36.355861457996
대전광역시 서구,8001,I201,MA010120220806209926,5.5춘천닭갈비,닭/오리고기 구이/찜,30170560,괴정동,127.384058845067,36.3354376867757
대전광역시 서구,8001,I201,MA010120220803143725,토담골흑염소,기타 한식 음식점,30170520,도마1동,127.373225037095,36.3198635963166
대전광역시 서구,8001,I201,MA010120220806226223,본도시락,백반/한정식,30170630,둔산1동,127.389000316238,36.3525710780374
대전광역시 서구,8001,I201,MA010120220806201703,맛있는식당,백반/한정식,30170550,용문동,127.39477796168,36.3384667608323
대전광역시 서구,8001,I201,MA010120220806224234,오서방왕족발,족발/보쌈,30170530,도마2동,127.369954721197,36.3253529335787
대전광역시 서구,8001,I201,MA010120220805782417,외양간갈비,돼지고기 구이/찜,30170510,복수동,127.378133765831,36.2986433749151
대전광역시 서구,8001,I201,MA010120220806179063,맛고을,백반/한정식,30170550,용문동,127.393901583646,36.3369646878713
대전광역시 서구,8001,I201,MA010120220806204300,별난집삼겹살,돼지고기 구이/찜,30170560,괴정동,127.383857077986,36.3351769936102
대전광역시 서구,8001,I201,MA010120220804617641,후루룩애한접시,백반/한정식,30170520,도마1동,127.378025803597,36.3201008408486
대전광역시 서구,8001,I201,MA010120220806186166,보람식당,백반/한정식,30170560,괴정동,127.389207829588,36.3383047953061
대전광역시 서구,8001,I201,MA010120220806214656,연산한우타운,소고기 구이/찜,30170596,관저1동,127.333025875375,36.3072126025871
대전광역시 서구,8001,I201,MA010120220805767130,아미고,백반/한정식,30170586,월평1동,127.362833720512,36.3555822144672
대전광역시 서구,8001,I201,MA010120220806575747,더돈하우스,돼지고기 구이/찜,30170630,둔산1동,127.389477794118,36.3500191987585
대전광역시 서구,8001,I201,MA010120220806182588,홍두깨생칼국수,국수/칼국수,30170581,갈마1동,127.366147818561,36.3400358345831
대전광역시 서구,8001,I201,MA010120220806181156,낙원회관,백반/한정식,30170555,탄방동,127.389685740075,36.3425658012246
대전광역시 서구,8001,I201,MA010120220806200772,한고을막창촌돼지,돼지고기 구이/찜,30170650,만년동,127.375171520168,36.365826504013
대전광역시 서구,8001,I201,MA010120220806213777,찡어야,횟집,30170581,갈마1동,127.370683649485,36.3569729639235
대전광역시 서구,8001,I201,MA010120220803193110,화끈이불닭,닭/오리고기 구이/찜,30170586,월평1동,127.367001490189,36.3557947799121
대전광역시 서구,8001,I201,MA010120220804987979,장태산철원메밀막국수,국수/칼국수,30170600,기성동,127.343587738912,36.2477674535935
대전광역시 서구,8001,I201,MA010120220806175096,들국화,백반/한정식,30170650,만년동,127.380981727558,36.3691244323089
대전광역시 서구,8001,I201,MA010120220806193696,참사랑음식나라,백반/한정식,30170555,탄방동,127.391006512469,36.3416062407369
대전광역시 서구,8001,I201,MA010120220804982357,채선당대전,백반/한정식,30170630,둔산1동,127.387119046822,36.3528745750752
대전광역시 서구,8001,I201,MA010120220806215964,맛있으면돼지,돼지고기 구이/찜,30170586,월평1동,127.365458666537,36.357034117674
대전광역시 서구,8001,I201,MA010120220806228447,인연횟집,횟집,30170597,관저2동,127.339400876671,36.3009404633265
대전광역시 서구,8001,I201,MA010120220805021695,자연밥상,백반/한정식,30170520,도마1동,127.380672722922,36.3193895207202
대전광역시 서구,8001,I201,MA010120220802968699,만년횟집,횟집,30170650,만년동,127.371687465817,36.3665763553052
대전광역시 서구,8001,I201,MA010120220806237576,길래,백반/한정식,30170640,둔산2동,127.387194135846,36.3590383613246
대전광역시 서구,8001,I201,MA010120220806211955,제주갈치마당,백반/한정식,30170640,둔산2동,127.382193077576,36.3502319666171
대전광역시 서구,8001,I201,MA010120220806205689,복돼지구이,돼지고기 구이/찜,30170520,도마1동,127.370799263148,36.3226107317784
대전광역시 서구,8001,I201,MA010120220805394280,간의역,백반/한정식,30170590,가수원동,127.351522410395,36.3003467053915
대전광역시 서구,8001,I201,MA010120220802941289,"고기,원칙",돼지고기 구이/찜,30170630,둔산1동,127.38860532688,36.3493101111168
대전광역시 서구,8001,I201,MA010120220806236103,훈스푸드,백반/한정식,30170597,관저2동,127.339397948406,36.3002645838833
대전광역시 서구,8001,I201,MA010120220804988529,세미대삼,돼지고기 구이/찜,30170582,갈마2동,127.368716276772,36.3508690859581
대전광역시 서구,8001,I201,MA010120220806181183,통통실내마차,백반/한정식,30170540,변동,127.375521819289,36.3297243127178
대전광역시 서구,8001,I201,MA010120220806238795,한솥도시락용문역3번,백반/한정식,30170550,용문동,127.392257504871,36.3378442364742
대전광역시 서구,8001,I201,MA010120220806202957,만년애한우바보곰탕,국/탕/찌개류,30170650,만년동,127.381751596915,36.3693292443972
대전광역시 서구,8001,I201,MA010120220806199247,구들마루,백반/한정식,30170535,정림동,127.363329557776,36.3064214259459
대전광역시 서구,8001,I201,MA010120220803019118,꼴통,백반/한정식,30170581,갈마1동,127.371479738474,36.3533477700246
대전광역시 서구,8001,I201,MA010120220806182524,목련관,백반/한정식,30170560,괴정동,127.375902607291,36.3394378089798
대전광역시 서구,8001,I201,MA010120220806238137,샤브향,국수/칼국수,30170597,관저2동,127.3377963947,36.2980612188256
대전광역시 서구,8001,I201,MA010120220803162946,굽돌이,돼지고기 구이/찜,30170640,둔산2동,127.374311362539,36.3514104193253
대전광역시 서구,8001,I201,MA010120220806186966,우리집식당,백반/한정식,30170582,갈마2동,127.376932224789,36.3450669178791
대전광역시 서구,8001,I201,MA010120220806239077,24시순대족발,백반/한정식,30170581,갈마1동,127.36931297848,36.345117742548
대전광역시 서구,8001,I201,MA010120220805973159,본죽&비빔밥대전,백반/한정식,30170587,월평2동,127.377662270777,36.3624482698509
대전광역시 서구,8001,I201,MA010120220805080878,부추삼겹살,돼지고기 구이/찜,30170590,가수원동,127.352654903171,36.2996584710125
대전광역시 서구,8001,I201,MA010120220803361058,대박삼겹김치찜&초대박등갈비김치찜,백반/한정식,30170597,관저2동,127.336615603867,36.2953069249086
대전광역시 서구,8001,I201,MA010120220805739256,홍천석쇠숫불닭갈비,돼지고기 구이/찜,30170555,탄방동,127.393691120729,36.3460492341507
대전광역시 서구,8001,I201,MA010120220806232153,엄마손국밥,국/탕/찌개류,30170596,관저1동,127.341151052055,36.306567876928
대전광역시 서구,8001,I201,MA010120220803120139,족슐랭대전서구,족발/보쌈,30170520,도마1동,127.383684926143,36.3114224697076
대전광역시 서구,8001,I201,MA010120220806194855,천강돌솥쌈밥,백반/한정식,30170550,용문동,127.394270099722,36.3371527197919
대전광역시 서구,8001,I201,MA010120220806237125,대선칼국수,국수/칼국수,30170630,둔산1동,127.388263297395,36.3499780922726
대전광역시 서구,8001,I201,MA010120220806219544,쭈꾸미본색,해산물 구이/찜,30170597,관저2동,127.337514862263,36.299900429188
대전광역시 서구,8001,I201,MA010120220803284221,케이디유통(정주는돼지),돼지고기 구이/찜,30170560,괴정동,127.372313450402,36.3412604094436
대전광역시 서구,8001,I201,MA010120220806560711,한민본가누룽지삼계탕,국/탕/찌개류,30170560,괴정동,127.383626493783,36.3358536167925
대전광역시 서구,8001,I201,MA010120220805369739,서울불백,돼지고기 구이/찜,30170597,관저2동,127.337783280367,36.2976016519661
대전광역시 서구,8001,I201,MA010120220806232091,월평맛고을,백반/한정식,30170586,월평1동,127.362673901281,36.3547536188526
대전광역시 서구,8001,I201,MA010120220806198777,부산기장산꼼장어,횟집,30170581,갈마1동,127.373578296141,36.351872312603
대전광역시 서구,8001,I201,MA010120220806238467,원조옥이양푼이동태찌게,국/탕/찌개류,30170586,월평1동,127.361138173671,36.355127751849
대전광역시 서구,8001,I201,MA010120220806221337,춘천본닭갈비,닭/오리고기 구이/찜,30170597,관저2동,127.335934355265,36.2999949987836
대전광역시 서구,8001,I201,MA010120220806444747,인어공주와연일왕자,횟집,30170586,월평1동,127.363721180862,36.3547594473557
대전광역시 서구,8001,I201,MA010120220804848653,호영식당,백반/한정식,30170540,변동,127.386573580716,36.3259131424617
대전광역시 서구,8001,I201,MA010120220806176134,양지식당,횟집,30170550,용문동,127.390700403765,36.336074018953
대전광역시 서구,8001,I201,MA010120220803848089,맛있는일만족발서구,족발/보쌈,30170660,둔산3동,127.399128486729,36.3506452117187
대전광역시 서구,8001,I201,MA010120220806202192,장수갈비,돼지고기 구이/찜,30170535,정림동,127.366485019898,36.3050059505756
대전광역시 서구,8001,I201,MA010120220806208281,한마음면옥식당,냉면/밀면,30170530,도마2동,127.376675883201,36.3172753975671
대전광역시 서구,8001,I201,MA010120220806238368,압구정삼겹살,돼지고기 구이/찜,30170560,괴정동,127.378831978705,36.3394105356519
대전광역시 서구,8001,I201,MA010120220806173639,큰맘할매순대국,국/탕/찌개류,30170520,도마1동,127.370479596491,36.3233056311184
대전광역시 서구,8001,I201,MA010120220806339592,가마솥동태찌개생선구이,해산물 구이/찜,30170586,월평1동,127.35938184943,36.3559891631873
대전광역시 서구,8001,I201,MA010120220806174400,봉평막국수,국수/칼국수,30170535,정림동,127.367445115705,36.303182615336
대전광역시 서구,8001,I201,MA010120220806746807,리치메이커,백반/한정식,30170560,괴정동,127.381272883046,36.3351492183998
대전광역시 서구,8001,I201,MA010120220806196471,구봉농장식당,돼지고기 구이/찜,30170597,관저2동,127.321863532626,36.2841097590197
대전광역시 서구,8001,I201,MA010120220806205872,토종숯불구이,돼지고기 구이/찜,30170587,월평2동,127.377286149087,36.3607011817773
대전광역시 서구,8001,I201,MA010120220803943329,뜨락비빔국수,국수/칼국수,30170530,도마2동,127.374887179901,36.3111620043985
대전광역시 서구,8001,I201,MA010120220806177098,비빔잔치국수지짐이,국수/칼국수,30170581,갈마1동,127.368025255236,36.346067950054
대전광역시 서구,8001,I201,MA010120220805479613,시골농장산닭집,닭/오리고기 구이/찜,30170597,관저2동,127.339825330052,36.296126935243
대전광역시 서구,8001,I201,MA010120220806231064,시골집,백반/한정식,30170555,탄방동,127.395719051788,36.3483495439399
대전광역시 서구,8001,I201,MA010120220800092720,한솥도시락대전탄방타워렉스점,백반/한정식,30170555,탄방동,127.389905515641,36.3464311274728
대전광역시 서구,8001,I201,MA010120220806180863,본죽,백반/한정식,30170555,탄방동,127.387971605033,36.3473205734669
대전광역시 서구,8001,I201,MA010120220800697572,신추풍령시래기감자탕,국/탕/찌개류,30170570,가장동,127.387676496817,36.3327314870661
대전광역시 서구,8001,I201,MA010120220806232205,강릉집,백반/한정식,30170555,탄방동,127.381152485981,36.3447291087262
대전광역시 서구,8001,I201,MA010120220806203018,신도칼국수,국수/칼국수,30170586,월평1동,127.360794964501,36.3531822506569
대전광역시 서구,8001,I201,MA010120220805925946,무지개밥상,백반/한정식,30170560,괴정동,127.388410965078,36.341578657646
대전광역시 서구,8001,I201,MA010120220806177152,연탄석쇠불고기예다움,돼지고기 구이/찜,30170530,도마2동,127.374020861121,36.3162834241886
대전광역시 서구,8001,I201,MA010120220806479427,둥지도시락,백반/한정식,30170640,둔산2동,127.380598458515,36.3544906005236
대전광역시 서구,8001,I201,MA010120220806210324,태영생막창,곱창 전골/구이,30170597,관저2동,127.336904172162,36.3002806487665
대전광역시 서구,8001,I201,MA010120220805770896,오가네대구왕뽈떼기,백반/한정식,30170597,관저2동,127.340248917532,36.3013796329047
대전광역시 서구,8001,I201,MA010120220805440709,코코네키친,백반/한정식,30170597,관저2동,127.330689741875,36.2945123946398
대전광역시 서구,8001,I201,MA010120220806229831,바다향기,횟집,30170555,탄방동,127.395994262998,36.3476997863962
대전광역시 서구,8001,I201,MA010120220805768730,목포홍어집,횟집,30170540,변동,127.377365008883,36.3262489705655
대전광역시 서구,8001,I201,MA010120220805785986,맛집,백반/한정식,30170540,변동,127.378387672718,36.3258492188795
대전광역시 서구,8001,I201,MA010120220806235694,대학로옛날순대,국/탕/찌개류,30170520,도마1동,127.37062121131,36.3226383193604
대전광역시 서구,8001,I201,MA010120220806629667,명가숯불장어,해산물 구이/찜,30170640,둔산2동,127.380945215457,36.3524888882041
대전광역시 서구,8001,I201,MA010120220806256393,협동조합희망밥집,백반/한정식,30170581,갈마1동,127.366671549662,36.3472075930246
대전광역시 서구,8001,I201,MA010120220805824817,보생옥,백반/한정식,30170630,둔산1동,127.387951418907,36.3499881169526
대전광역시 서구,8001,I201,MA010120220806228936,찜마을,백반/한정식,30170530,도마2동,127.373774377939,36.315968782023
대전광역시 서구,8001,I201,MA010120220806207602,조개향,해산물 구이/찜,30170560,괴정동,127.380805130418,36.3351597214521
대전광역시 서구,8001,I201,MA010120220806567967,서울도가니,백반/한정식,30170596,관저1동,127.341151052055,36.306567876928
대전광역시 서구,8001,I201,MA010120220800084854,울엄마양평해장국,국/탕/찌개류,30170596,관저1동,127.333929035005,36.3049030548386
대전광역시 서구,8001,I201,MA010120220806227357,통통식당,백반/한정식,30170586,월평1동,127.367877979968,36.355017074491
대전광역시 서구,8001,I201,MA010120220805368687,속초코다리찜,해산물 구이/찜,30170530,도마2동,127.37435539518,36.3163815068537
대전광역시 서구,8001,I201,MA010120220806237223,부라보회관,돼지고기 구이/찜,30170586,월평1동,127.365434025246,36.3565295353407
대전광역시 서구,8001,I201,MA010120220806235157,아저씨족발,족발/보쌈,30170582,갈마2동,127.375552648391,36.3477477531761
대전광역시 서구,8001,I201,MA010120220806218996,은행나무집,백반/한정식,30170550,용문동,127.399476548511,36.342452368572
대전광역시 서구,8001,I201,MA010120220806219216,공주고향손칼국수,국수/칼국수,30170555,탄방동,127.381418248868,36.3444038375008
대전광역시 서구,8001,I201,MA010120220806236815,김선생가마솥감자탕,국/탕/찌개류,30170586,월평1동,127.363477213872,36.3550035069195
대전광역시 서구,8001,I201,MA010120220806305259,사리원한정식,백반/한정식,30170640,둔산2동,127.37727102118,36.3552581390879
대전광역시 서구,8001,I201,MA010120220806188354,탄방돈,돼지고기 구이/찜,30170555,탄방동,127.392343280602,36.3460626786692
대전광역시 서구,8001,I201,MA010120220803253167,티에스푸드,백반/한정식,30170640,둔산2동,127.37726749881,36.3545281989602
대전광역시 서구,8001,I201,MA010120220801318489,봉명순대,국/탕/찌개류,30170640,둔산2동,127.378271345848,36.3547683424
대전광역시 서구,8001,I201,MA010120220806218217,두메바베큐,돼지고기 구이/찜,30170650,만년동,127.373430766586,36.3653002655026
대전광역시 서구,8001,I201,MA010120220806476565,시인의바다,백반/한정식,30170582,갈마2동,127.367830642439,36.3496912756565
대전광역시 서구,8001,I201,MA010120220803717031,월평동소머리국밥,국/탕/찌개류,30170586,월평1동,127.363477674734,36.3551026347432
대전광역시 서구,8001,I201,MA010120220806195107,세림돌구이,돼지고기 구이/찜,30170535,정림동,127.36696330636,36.3049053534339
대전광역시 서구,8001,I201,MA010120220806199824,허가네본가,돼지고기 구이/찜,30170581,갈마1동,127.368807524134,36.3513193919775
대전광역시 서구,8001,I201,MA010120220806172173,풍년식당,백반/한정식,30170520,도마1동,127.380916391686,36.3145403962296
대전광역시 서구,8001,I201,MA010120220806203485,안골식당,백반/한정식,30170575,내동,127.370578590604,36.3348043616079
대전광역시 서구,8001,I201,MA010120220806178901,충무할매낙지볶음,해산물 구이/찜,30170550,용문동,127.389783440319,36.3353470597715
대전광역시 서구,8001,I201,MA010120220806209547,가새바우,백반/한정식,30170520,도마1동,127.373384930363,36.3277033558711
대전광역시 서구,8001,I201,MA010120220806673727,숯땡이,돼지고기 구이/찜,30170590,가수원동,127.352375391483,36.3043454471966
대전광역시 서구,8001,I201,MA010120220805199455,엉클육비엉클6B,백반/한정식,30170593,도안동,127.353433635905,36.3093979563436
대전광역시 서구,8001,I201,MA010120220806198428,별들의고향,돼지고기 구이/찜,30170555,탄방동,127.395722986636,36.3469256745908
대전광역시 서구,8001,I201,MA010120220806172433,옛터국수,국수/칼국수,30170586,월평1동,127.356919678225,36.3535543588635
대전광역시 서구,8001,I201,MA010120220806197607,선화콩나물밥,백반/한정식,30170640,둔산2동,127.37836960394,36.3497484879828
대전광역시 서구,8001,I201,MA010120220805507743,공주가게,돼지고기 구이/찜,30170560,괴정동,127.382302739276,36.3407602598748
대전광역시 서구,8001,I201,MA010120220806224587,태영생막창,곱창 전골/구이,30170510,복수동,127.378337507687,36.299336641107
대전광역시 서구,8001,I201,MA010120220803233534,산마추어탕,국/탕/찌개류,30170581,갈마1동,127.36920413651,36.3456587844993
대전광역시 서구,8001,I201,MA010120220806227682,명성식당,백반/한정식,30170575,내동,127.378567760228,36.333148191759
대전광역시 서구,8001,I201,MA010120220806195799,조마루감자탕,국/탕/찌개류,30170640,둔산2동,127.38129718441,36.351559555684
대전광역시 서구,8001,I201,MA010120220806192558,토종집,백반/한정식,30170560,괴정동,127.375805359364,36.3377439022842
대전광역시 서구,8001,I201,MA010120220806500860,논산회관,백반/한정식,30170550,용문동,127.398369332756,36.3415819241768
대전광역시 서구,8001,I201,MA010120220803583728,행복식당3,백반/한정식,30170530,도마2동,127.376185547806,36.3125637679922
대전광역시 서구,8001,I201,MA010120220806186606,신공주칼국수,국수/칼국수,30170570,가장동,127.387475330979,36.3303440188351
대전광역시 서구,8001,I201,MA010120220806206968,알딸딸매운마차,백반/한정식,30170555,탄방동,127.386740038519,36.343818992901
대전광역시 서구,8001,I201,MA010120220800106801,모도리국밥,국/탕/찌개류,30170582,갈마2동,127.369441799066,36.3440900035371
대전광역시 서구,8001,I201,MA010120220806192580,이서방네아구복해장국,국/탕/찌개류,30170520,도마1동,127.381047600523,36.3140443288631
대전광역시 서구,8001,I201,MA010120220806411962,홍갈비,돼지고기 구이/찜,30170555,탄방동,127.395735125314,36.3405182767734
대전광역시 서구,8001,I201,MA010120220802084871,생태명가,백반/한정식,30170640,둔산2동,127.389110367729,36.3590141129115
대전광역시 서구,8001,I201,MA010120220806178532,곽만근갈비탕대전,국/탕/찌개류,30170582,갈마2동,127.363547992437,36.3534532707702
대전광역시 서구,8001,I201,MA010120220806176800,우리집,백반/한정식,30170630,둔산1동,127.389778896649,36.3590209456752
대전광역시 서구,8001,I201,MA010120220800847341,한쌈대패,돼지고기 구이/찜,30170560,괴정동,127.383248989991,36.3360981457297
대전광역시 서구,8001,I201,MA010120220805756738,풍년식당,백반/한정식,30170540,변동,127.379579159458,36.323520399631
대전광역시 서구,8001,I201,MA010120220806201623,은혜한우생고기,돼지고기 구이/찜,30170520,도마1동,127.371522447876,36.3271594405406
대전광역시 서구,8001,I201,MA010120220806204854,대육정육식당,소고기 구이/찜,30170550,용문동,127.40009360409,36.34113458793
대전광역시 서구,8001,I201,MA010120220806196786,한라포크,돼지고기 구이/찜,30170581,갈마1동,127.366144736551,36.3417570917686
대전광역시 서구,8001,I201,MA010120220806189101,아우네부대찌개,백반/한정식,30170630,둔산1동,127.388720418704,36.3590153821647
대전광역시 서구,8001,I201,MA010120220800675721,삼돼장,백반/한정식,30170555,탄방동,127.38641343886,36.3430991087404
대전광역시 서구,8001,I201,MA010120220806199127,해미락,횟집,30170586,월평1동,127.359862074198,36.3562400468007
대전광역시 서구,8001,I201,MA010120220805825895,궁죽,백반/한정식,30170640,둔산2동,127.378374927768,36.3554529069255
대전광역시 서구,8001,I201,MA010120220806226568,최네집둔산,백반/한정식,30170630,둔산1동,127.387905329906,36.351925792046
대전광역시 서구,8001,I201,MA010120220803386785,동의보감BROS브로스,백반/한정식,30170550,용문동,127.39608669428,36.3351551128228
대전광역시 서구,8001,I201,MA010120220805004250,바다회조개찜,해산물 구이/찜,30170530,도마2동,127.373701893708,36.3171135075749
대전광역시 서구,8001,I201,MA010120220806220513,옛골상차림,백반/한정식,30170582,갈마2동,127.374679686748,36.3422533201487
대전광역시 서구,8001,I201,MA010120220806446022,한일수육칼국수,국수/칼국수,30170640,둔산2동,127.378127687561,36.3481001030154
대전광역시 서구,8001,I201,MA010120220803018500,쭈니갈비,돼지고기 구이/찜,30170650,만년동,127.374348364621,36.3661174612832
대전광역시 서구,8001,I201,MA010120220806652752,초원가든,백반/한정식,30170590,가수원동,127.345527021088,36.2763295689699
대전광역시 서구,8001,I201,MA010120220806194834,평양옥식당,백반/한정식,30170660,둔산3동,127.395726348324,36.3497913992488
대전광역시 서구,8001,I201,MA010120220806203430,토담식당,돼지고기 구이/찜,30170586,월평1동,127.364666888284,36.3568743253305
대전광역시 서구,8001,I201,MA010120220806170459,민가식당,백반/한정식,30170600,기성동,127.344462859571,36.2342200136803
대전광역시 서구,8001,I201,MA010120220806606116,다래곱창,곱창 전골/구이,30170586,월평1동,127.363710962345,36.3549577369156
대전광역시 서구,8001,I201,MA010120220805753839,원조할머니꽃게식당,해산물 구이/찜,30170555,탄방동,127.397804227617,36.3421695707681
대전광역시 서구,8001,I201,MA010120220800307790,곤드레밥상곤드레추어탕,국/탕/찌개류,30170520,도마1동,127.371162819367,36.3264756619432
대전광역시 서구,8001,I201,MA010120220805965438,고기명작,돼지고기 구이/찜,30170640,둔산2동,127.380568412905,36.3528956174274
대전광역시 서구,8001,I201,MA010120220806232451,시골순대국밥,백반/한정식,30170640,둔산2동,127.382255172141,36.3538184431352
대전광역시 서구,8001,I201,MA010120220805426510,신의한수,백반/한정식,30170555,탄방동,127.390151251871,36.3443305867458
대전광역시 서구,8001,I201,MA010120220806172857,군산맛찜,백반/한정식,30170555,탄방동,127.395673321482,36.3459165229666
대전광역시 서구,8001,I201,MA010120220805772237,초가집,백반/한정식,30170582,갈마2동,127.37068377087,36.3452486748
대전광역시 서구,8001,I201,MA010120220805280946,가장맛있는족발,족발/보쌈,30170597,관저2동,127.337781260015,36.2971330418863
대전광역시 서구,8001,I201,MA010120220803333380,바담식탁,횟집,30170593,도안동,127.34859090674,36.3045728254272
대전광역시 서구,8001,I201,MA010120220806212156,금평식당관저분점,백반/한정식,30170597,관저2동,127.337159768168,36.3001717862119
대전광역시 서구,8001,I201,MA010120220806177112,감나무집식당,백반/한정식,30170550,용문동,127.396704264459,36.3361353471006
대전광역시 서구,8001,I201,MA010120220806202696,뚱땡이감자탕,국/탕/찌개류,30170535,정림동,127.367533507017,36.3030381544481
대전광역시 서구,8001,I201,MA010120220806199663,오리골,닭/오리고기 구이/찜,30170586,월평1동,127.363198901647,36.355049411929
대전광역시 서구,8001,I201,MA010120220806175741,원앙식당,백반/한정식,30170590,가수원동,127.358109886029,36.304472597241
대전광역시 서구,8001,I201,MA010120220806237745,조마루감자탕,국/탕/찌개류,30170597,관저2동,127.340259150491,36.3011723315668
대전광역시 서구,8001,I201,MA010120220806234314,왕포면옥,냉면/밀면,30170650,만년동,127.380779092293,36.3687015273979
대전광역시 서구,8001,I201,MA010120220803159151,닭쳐숯불닭갈비,돼지고기 구이/찜,30170660,둔산3동,127.399497172077,36.350851249792
대전광역시 서구,8001,I201,MA010120220806170563,우명동청비집,돼지고기 구이/찜,30170555,탄방동,127.397756043746,36.3480273699537
대전광역시 서구,8001,I201,MA010120220806203825,손님식당,백반/한정식,30170600,기성동,127.341230048371,36.2556686348437
대전광역시 서구,8001,I201,MA010120220806204246,원조태평소국밥&블루킨치킨,백반/한정식,30170582,갈마2동,127.368019981713,36.3496816809384
대전광역시 서구,8001,I201,MA010120220805272432,고기마루,돼지고기 구이/찜,30170660,둔산3동,127.399885973814,36.3506336674932
대전광역시 서구,8001,I201,MA010120220805748196,통불대전,백반/한정식,30170555,탄방동,127.389946389563,36.34569203035
대전광역시 서구,8001,I201,MA010120220803543344,생국수2900원,국수/칼국수,30170581,갈마1동,127.368579376741,36.3478235351646
대전광역시 서구,8001,I201,MA010120220806230852,거복,백반/한정식,30170650,만년동,127.376062174085,36.365670504558
대전광역시 서구,8001,I201,MA010120220805125955,꽃차돌,돼지고기 구이/찜,30170581,갈마1동,127.367609026659,36.34994428674
대전광역시 서구,8001,I201,MA010120220806188189,중문식당,백반/한정식,30170581,갈마1동,127.369469802282,36.3547327989845
대전광역시 서구,8001,I201,MA010120220806203699,참참도시락,백반/한정식,30170586,월평1동,127.35991352543,36.3577358416596
대전광역시 서구,8001,I201,MA010120220801974910,토종순대마을,국/탕/찌개류,30170560,괴정동,127.381889828385,36.3360394140366
대전광역시 서구,8001,I201,MA010120220806190256,한밭순대,국/탕/찌개류,30170560,괴정동,127.383945215768,36.3372494175605
대전광역시 서구,8001,I201,MA010120220806205719,초원본가,백반/한정식,30170555,탄방동,127.386581773036,36.3433508935619
대전광역시 서구,8001,I201,MA010120220806214624,신수원숯불갈비식당,돼지고기 구이/찜,30170530,도마2동,127.3834625424,36.3114862658914
대전광역시 서구,8001,I201,MA010120220803572070,제이티씨정통춘천닭갈비,닭/오리고기 구이/찜,30170555,탄방동,127.390952953906,36.3464907876016
대전광역시 서구,8001,I201,MA010120220801240536,한민시장떡갈비,돼지고기 구이/찜,30170560,괴정동,127.383999129903,36.3346178074379
대전광역시 서구,8001,I201,MA010120220806216594,대성순대,국/탕/찌개류,30170540,변동,127.374280110946,36.3285837110067
대전광역시 서구,8001,I201,MA010120220803132326,택이네조개전골,해산물 구이/찜,30170597,관저2동,127.337056197104,36.2993880482723
대전광역시 서구,8001,I201,MA010120220806202729,한민원조막창,곱창 전골/구이,30170560,괴정동,127.384836159125,36.3349575625145
대전광역시 서구,8001,I201,MA010120220806193857,소문난칼국수,국수/칼국수,30170630,둔산1동,127.389499438231,36.352127876705
대전광역시 서구,8001,I201,MA010120220805765474,향토식당,백반/한정식,30170540,변동,127.380467123309,36.3252027810416
대전광역시 서구,8001,I201,MA010120220805899183,우리집한우,소고기 구이/찜,30170581,갈마1동,127.373938236837,36.35259212668
대전광역시 서구,8001,I201,MA010120220806429704,두울샤브칼국수,국수/칼국수,30170555,탄방동,127.389535664327,36.3459817459884
대전광역시 서구,8001,I201,MA010120220806207482,아구마을,백반/한정식,30170582,갈마2동,127.371707098861,36.3472731418534
대전광역시 서구,8001,I201,MA010120220806306769,국수나무,국수/칼국수,30170510,복수동,127.380986528862,36.2992020637576
대전광역시 서구,8001,I201,MA010120220804838980,논산식당,백반/한정식,30170570,가장동,127.38695289889,36.3283000374623
대전광역시 서구,8001,I201,MA010120220806043037,돈수원갈비,돼지고기 구이/찜,30170530,도마2동,127.377946719235,36.3175597639247
대전광역시 서구,8001,I201,MA010120220806232086,황도석쇠구이시래기국밥,국/탕/찌개류,30170550,용문동,127.390348434931,36.336967334004
대전광역시 서구,8001,I201,MA010120220805911885,설악칡냉면&상하이,냉면/밀면,30170597,관저2동,127.335999182446,36.2995352128337
대전광역시 서구,8001,I201,MA010120220806216322,도우정,횟집,30170597,관저2동,127.339436189636,36.3013819430359
대전광역시 서구,8001,I201,MA010120220806234010,가볍게먹는곳,백반/한정식,30170596,관저1동,127.336552284822,36.3064817811565
대전광역시 서구,8001,I201,MA010120220804145348,한솥도시락관저,백반/한정식,30170597,관저2동,127.340992485147,36.2982774424317
대전광역시 서구,8001,I201,MA010120220806238142,착한엄마손맛,백반/한정식,30170555,탄방동,127.392657073178,36.3397804534375
대전광역시 서구,8001,I201,MA010120220806213548,원조할매국밥,국/탕/찌개류,30170560,괴정동,127.384557709635,36.3349584587824
대전광역시 서구,8001,I201,MA010120220806175216,복래옥식당,백반/한정식,30170650,만년동,127.376063605106,36.3659678870693
대전광역시 서구,8001,I201,MA010120220806213573,진안식당,백반/한정식,30170520,도마1동,127.371522447876,36.3271594405406
대전광역시 서구,8001,I201,MA010120220803677484,쭈꾸미골목대장,해산물 구이/찜,30170660,둔산3동,127.397691355651,36.3506409914926
대전광역시 서구,8001,I201,MA010120220806236134,쌍둥이수육국밥,국/탕/찌개류,30170587,월평2동,127.376885589332,36.3585035821425
대전광역시 서구,8001,I201,MA010120220800386240,소담목삼,돼지고기 구이/찜,30170590,가수원동,127.352531425037,36.3043810345165
대전광역시 서구,8001,I201,MA010120220806204530,고향흑염소,기타 한식 음식점,30170530,도마2동,127.373663201474,36.3183392334444
대전광역시 서구,8001,I201,MA010120220803387415,샤브작,백반/한정식,30170640,둔산2동,127.37836960394,36.3497484879828
대전광역시 서구,8001,I201,MA010120220806191487,죽도어시장,횟집,30170582,갈마2동,127.370058202442,36.3472332005881
대전광역시 서구,8001,I201,MA010120220803532370,연안식당,백반/한정식,30170640,둔산2동,127.379865770793,36.352735641742
대전광역시 서구,8001,I201,MA010120220803038532,청석골칡냉면,냉면/밀면,30170555,탄방동,127.397146236689,36.3485971382368
대전광역시 서구,8001,I201,MA010120220803147692,업소명없음,백반/한정식,30170520,도마1동,127.378824315762,36.3194224282086
대전광역시 서구,8001,I201,MA010120220805491160,향우한방족발,족발/보쌈,30170540,변동,127.375442554985,36.3224880962039
대전광역시 서구,8001,I201,MA010120220806176595,서가네순대식당,국/탕/찌개류,30170520,도마1동,127.382262456567,36.3165547430136
대전광역시 서구,8001,I201,MA010120220806256959,정치망,횟집,30170596,관저1동,127.334411634561,36.305802889021
대전광역시 서구,8001,I201,MA010120220803377016,유성갈비,돼지고기 구이/찜,30170510,복수동,127.380263000595,36.2969333863447
대전광역시 서구,8001,I201,MA010120220800845158,쪽쪽갈비,돼지고기 구이/찜,30170560,괴정동,127.389314130099,36.3395210372232
대전광역시 서구,8001,I201,MA010120220805299833,토담사골칼국수,국수/칼국수,30170593,도안동,127.33998688213,36.3307769132397
대전광역시 서구,8001,I201,MA010120220802868056,디딤,백반/한정식,30170555,탄방동,127.385425793396,36.3461212366404
대전광역시 서구,8001,I201,MA010120220806212946,장수골,백반/한정식,30170597,관저2동,127.337783454331,36.3002240968389
대전광역시 서구,8001,I201,MA010120220805422956,송가네닭발,닭/오리고기 구이/찜,30170535,정림동,127.367792703335,36.3060743415436
대전광역시 서구,8001,I201,MA010120220805921044,띠울참숯석갈비,돼지고기 구이/찜,30170530,도마2동,127.372490881356,36.3106738452895
대전광역시 서구,8001,I201,MA010120220806032570,신선한우마을,소고기 구이/찜,30170520,도마1동,127.373619914434,36.3232688212915
대전광역시 서구,8001,I201,MA010120220806238357,진성아구찜,해산물 구이/찜,30170510,복수동,127.37796420576,36.3004192409472
대전광역시 서구,8001,I201,MA010120220806223785,황제닭발꼼장어,백반/한정식,30170555,탄방동,127.392154992734,36.346279578752
대전광역시 서구,8001,I201,MA010120220802613546,만년왕족발,족발/보쌈,30170650,만년동,127.374334545948,36.3655587774284
대전광역시 서구,8001,I201,MA010120220806205797,봉순이네,돼지고기 구이/찜,30170555,탄방동,127.397146236689,36.3485971382368
대전광역시 서구,8001,I201,MA010120220806702126,풍전삼계탕,국/탕/찌개류,30170555,탄방동,127.387982090049,36.3426975089523
대전광역시 서구,8001,I201,MA010120220806209616,쌈밥대가,백반/한정식,30170530,도마2동,127.379109366961,36.3138972906384
대전광역시 서구,8001,I201,MA010120220806229902,양푼이동태탕,국/탕/찌개류,30170555,탄방동,127.393145282901,36.3460510311295
대전광역시 서구,8001,I201,MA010120220805758464,대왕식당,백반/한정식,30170530,도마2동,127.378507293318,36.3137369859884
대전광역시 서구,8001,I201,MA010120220805749434,토종남원추어탕,국/탕/찌개류,30170640,둔산2동,127.381315378071,36.3507214050461
대전광역시 서구,8001,I201,MA010120220810192066,맘수제비,국수/칼국수,30170575,내동,127.379024625406,36.333191802675
대전광역시 서구,8001,I201,MA010120220814025317,바르미샤브샤브N칼국수,국수/칼국수,30170596,관저1동,127.334396884018,36.3049558181705
대전광역시 서구,8001,I201,MA010120220813553305,배떡,백반/한정식,30170582,갈마2동,127.377651718935,36.3418114006203
대전광역시 서구,8001,I201,MA010120220811367598,옛추억닭곰탕,국/탕/찌개류,30170586,월평1동,127.360921762855,36.3565162148116
대전광역시 서구,8001,I201,MA010120220809950599,국가대표대패삼겹살,돼지고기 구이/찜,30170555,탄방동,127.395986636872,36.3483937162748
대전광역시 서구,8001,I201,MA010120220810363682,한우눈꽃,소고기 구이/찜,30170555,탄방동,127.388647020518,36.3487332235826
대전광역시 서구,8001,I201,MA010120220808299329,두꺼비한우곱창가,곱창 전골/구이,30170593,도안동,127.349952399119,36.3052807823019
대전광역시 서구,8001,I201,MA010120220808329736,샤브쌈주머니,국수/칼국수,30170597,관저2동,127.338383552234,36.2973926822712
대전광역시 서구,8001,I201,MA010120220808843144,계룡산업대전갑천식당,백반/한정식,30170593,도안동,127.348504375017,36.3201545083303
대전광역시 서구,8001,I201,MA010120220812094807,500돈,돼지고기 구이/찜,30170630,둔산1동,127.389476896417,36.3498389667358
대전광역시 서구,8001,I201,MA010120220812688966,너와집,백반/한정식,30170650,만년동,127.381966171992,36.3653543884567
대전광역시 서구,8001,I201,MA010120220810411839,돈방제주맛돼지,돼지고기 구이/찜,30170590,가수원동,127.349647955552,36.3019292725602
대전광역시 서구,8001,I201,MA010120220810492907,새벽을여는행복한밥상,백반/한정식,30170560,괴정동,127.3808422389,36.3404945700903
대전광역시 서구,8001,I201,MA010120220813621780,누구나돈가스,백반/한정식,30170660,둔산3동,127.40065298473,36.3503066755303
대전광역시 서구,8001,I201,MA010120220810495078,이화수,백반/한정식,30170596,관저1동,127.334396884018,36.3049558181705
대전광역시 서구,8001,I201,MA010120220807113448,옥계노루,돼지고기 구이/찜,30170640,둔산2동,127.374868206503,36.35137262675
대전광역시 서구,8001,I201,MA010120220812358680,원조연산순대,국/탕/찌개류,30170520,도마1동,127.378603496546,36.3175126265855
대전광역시 서구,8001,I201,MA010120220813372328,심야식당,기타 한식 음식점,30170586,월평1동,127.361826567702,36.3570271478834
대전광역시 서구,8001,I201,MA010120220810283678,임가네가정식백반,백반/한정식,30170540,변동,127.384433945982,36.3233697075064
대전광역시 서구,8001,I201,MA010120220810036922,이순신소국밥타임울뚤목점,국/탕/찌개류,30170640,둔산2동,127.377205545201,36.3509236957113
대전광역시 서구,8001,I201,MA010120220813275693,알토랑,백반/한정식,30170520,도마1동,127.371522447876,36.3271594405406
대전광역시 서구,8001,I201,MA010120220812023288,정통집,돼지고기 구이/찜,30170597,관저2동,127.337737739421,36.2973674727257
대전광역시 서구,8001,I201,MA010120220813587006,양순이네김치집,백반/한정식,30170520,도마1동,127.381380699525,36.316134004798
대전광역시 서구,8001,I201,MA010120220809626723,썸돈,돼지고기 구이/찜,30170535,정림동,127.366983729444,36.3068878913005
대전광역시 서구,8001,I201,MA010120220809654941,곱깨비,곱창 전골/구이,30170581,갈마1동,127.369274411739,36.3440274385499
대전광역시 서구,8001,I201,MA010120220808739253,나곱창,곱창 전골/구이,30170510,복수동,127.378070491287,36.2970665048704
대전광역시 서구,8001,I201,MA010120220812323423,진칼국수,국수/칼국수,30170520,도마1동,127.380758879104,36.3142074612946
대전광역시 서구,8001,I201,MA010120220810319355,양식당,돼지고기 구이/찜,30170630,둔산1동,127.387973960867,36.3522860390204
대전광역시 서구,8001,I201,MA010120220813391621,오늘은돼지,돼지고기 구이/찜,30170555,탄방동,127.397130520353,36.3476960157052
대전광역시 서구,8001,I201,MA010120220812784178,행복식당,돼지고기 구이/찜,30170600,기성동,127.341783422106,36.2473220263577
대전광역시 서구,8001,I201,MA010120220808577929,뚱순이,백반/한정식,30170550,용문동,127.389433765577,36.3344650462094
대전광역시 서구,8001,I201,MA010120220812772752,웰빙하우스,백반/한정식,30170555,탄방동,127.393806123927,36.3401281313226
대전광역시 서구,8001,I201,MA010120220811288800,맛있으면돼지,돼지고기 구이/찜,30170650,만년동,127.373332336833,36.3656880774577
대전광역시 서구,8001,I201,MA010120220813226939,등뼈굵은집,백반/한정식,30170586,월평1동,127.365214908466,36.3573232387779
대전광역시 서구,8001,I201,MA010120220813334215,늘솜,국수/칼국수,30170510,복수동,127.377293096238,36.2997725091295
대전광역시 서구,8001,I201,MA010120220807108266,와우족발통닭,족발/보쌈,30170520,도마1동,127.382395332678,36.3164011174316
대전광역시 서구,8001,I201,MA010120220808516556,해변으로가요횟집,횟집,30170555,탄방동,127.392032592852,36.3463070156112
대전광역시 서구,8001,I201,MA010120220812690520,공릉동원조멸치국수,국수/칼국수,30170555,탄방동,127.391931117211,36.3460640311539
대전광역시 서구,8001,I201,MA010120220808479096,명품제주흑돼지,돼지고기 구이/찜,30170596,관저1동,127.33550877827,36.3072056604273
대전광역시 서구,8001,I201,MA010120220808782781,월평대포조개,해산물 구이/찜,30170587,월평2동,127.376897556207,36.3586747674247
대전광역시 서구,8001,I201,MA010120220811715811,지리산화돌농장,돼지고기 구이/찜,30170535,정림동,127.370493805253,36.3051287721294
대전광역시 서구,8001,I201,MA010120220808384669,대손관둔산DV점,백반/한정식,30170640,둔산2동,127.374196767848,36.3507439086934
대전광역시 서구,8001,I201,MA010120220811835423,소야소야,돼지고기 구이/찜,30170597,관저2동,127.339664087837,36.3000205084915
대전광역시 서구,8001,I201,MA010120220809952668,도시애바다,백반/한정식,30170582,갈마2동,127.36793865126,36.3489700027369
대전광역시 서구,8001,I201,MA010120220812737721,두마리찜닭두찜대전,닭/오리고기 구이/찜,30170582,갈마2동,127.369723502572,36.3518392429805
대전광역시 서구,8001,I201,MA010120220812804753,맛샘골,돼지고기 구이/찜,30170581,갈마1동,127.367666002432,36.3525845548529
대전광역시 서구,8001,I201,MA0101202306A0066263,완미족발,족발/보쌈,30170597,관저2동,127.338908013983,36.3002479499757
대전광역시 서구,8001,I201,MA0101202306A0066111,기쁨돼지,돼지고기 구이/찜,30170593,도안동,127.351386743673,36.3073312712299
대전광역시 서구,8001,I201,MA0101202307A0052689,다정한상대전,백반/한정식,30170560,괴정동,127.389565058917,36.3407007603847
대전광역시 서구,8001,I201,MA0101202306A0084494,육회한지짐이,돼지고기 구이/찜,30170597,관저2동,127.340256019086,36.3004513935835
대전광역시 서구,8001,I201,MA0101202305A0159662,이금신진주냉면,냉면/밀면,30170555,탄방동,127.392078179234,36.3398454363569
대전광역시 서구,8001,I201,MA0101202307A0105479,김사부의곱창명가관저,곱창 전골/구이,30170597,관저2동,127.332119189191,36.3008257347767
대전광역시 서구,8001,I201,MA0101202305A0026553,하연,돼지고기 구이/찜,30170581,갈마1동,127.368677553489,36.3473816561991
대전광역시 서구,8001,I201,MA0101202306A0068311,아찌부대찌개,백반/한정식,30170640,둔산2동,127.377272638628,36.3532845618812
대전광역시 서구,8001,I201,MA0101202307A0096382,선사집,백반/한정식,30170587,월평2동,127.37709399013,36.3624410530196
대전광역시 서구,8001,I201,MA0101202308A0018032,구시야끼,백반/한정식,30170582,갈마2동,127.373768253775,36.3473297951419
대전광역시 서구,8001,I201,MA010120220814320404,전박사감자탕연구소,국/탕/찌개류,30170640,둔산2동,127.374311362539,36.3514104193253
대전광역시 서구,8001,I201,MA010120220812053528,만년미역,백반/한정식,30170650,만년동,127.379989049532,36.3689293358254
대전광역시 서구,8001,I201,MA010120220809928629,아이즈,백반/한정식,30170560,괴정동,127.390259654171,36.3392656240027
대전광역시 서구,8001,I201,MA010120220813735721,제주뒷고기,돼지고기 구이/찜,30170540,변동,127.382074042368,36.3281445089513
대전광역시 서구,8001,I201,MA010120220810361210,길가옆에누룽지삼계탕,국/탕/찌개류,30170581,갈마1동,127.368286965463,36.3543309218761
대전광역시 서구,8001,I201,MA010120220814175031,바다총각,백반/한정식,30170590,가수원동,127.353432032378,36.3041080207142
대전광역시 서구,8001,I201,MA010120220809747504,암소고집,돼지고기 구이/찜,30170650,만년동,127.374754677899,36.3671975947408
대전광역시 서구,8001,I201,MA010120220808230103,모도리잔치국수,국수/칼국수,30170550,용문동,127.390470550966,36.3368858291936
대전광역시 서구,8001,I201,MA010120220806978590,인생설렁탕가,국/탕/찌개류,30170593,도안동,127.350576618019,36.3054411663803
대전광역시 서구,8001,I201,MA010120220808086072,도축장뒷고기,돼지고기 구이/찜,30170586,월평1동,127.363211214764,36.3553017034368
대전광역시 서구,8001,I201,MA010120220807205774,장가네,백반/한정식,30170597,관저2동,127.341039095553,36.2987549369807
대전광역시 서구,8001,I201,MA010120220813153336,보양미역국,백반/한정식,30170582,갈마2동,127.374432807304,36.3442006345584
대전광역시 서구,8001,I201,MA010120220814208675,모듬,횟집,30170593,도안동,127.343071940603,36.3206027897366
대전광역시 서구,8001,I201,MA010120220807439550,인천이형,백반/한정식,30170582,갈마2동,127.374094687099,36.3457066573606
대전광역시 서구,8001,I201,MA010120220813475415,소담족발서구,족발/보쌈,30170582,갈마2동,127.371346191132,36.3439939834277
대전광역시 서구,8001,I201,MA010120220813607596,팔팔오리,돼지고기 구이/찜,30170530,도마2동,127.371085879323,36.3102456477798
대전광역시 서구,8001,I201,MA010120220813419729,오리랑돼지랑,돼지고기 구이/찜,30170650,만년동,127.375726170088,36.3653110925485
대전광역시 서구,8001,I201,MA0101202308A0085661,밥풀릭스,백반/한정식,30170570,가장동,127.387608108414,36.3324162967788
대전광역시 서구,8001,I201,MA0101202309A0024535,임사부국밥&냉면,백반/한정식,30170593,도안동,127.33865350934,36.3315016419277
대전광역시 서구,8001,I201,MA0101202308A0006572,근돈신관,백반/한정식,30170560,괴정동,127.38862899747,36.3406227021583
대전광역시 서구,8001,I201,MA0101202308A0065603,바다풍경,횟집,30170597,관저2동,127.336414109945,36.2976415595401
대전광역시 서구,8001,I201,MA0101202310A0034646,제이포크축산명품대패,돼지고기 구이/찜,30170560,괴정동,127.387447617041,36.3404913615941
대전광역시 서구,8001,I201,MA0101202308A0003126,사랑방,백반/한정식,30170582,갈마2동,127.375083522783,36.347487885669
대전광역시 서구,8001,I201,MA0101202309A0042493,장어대가,해산물 구이/찜,30170597,관저2동,127.33793216497,36.2985654982406
대전광역시 서구,8001,I201,MA0101202308A0098799,맛깔참죽&완도미역국,백반/한정식,30170596,관저1동,127.342648329748,36.3077801915028
대전광역시 서구,8001,I201,MA0101202309A0025959,백조한우마을,소고기 구이/찜,30170582,갈마2동,127.368562660924,36.3490041267884
대전광역시 서구,8001,I201,MA0101202309A0019103,성심갈비,돼지고기 구이/찜,30170593,도안동,127.347291837697,36.3254659881384
대전광역시 서구,8001,I201,MA0101202309A0033975,북창동순두부대전둔산,백반/한정식,30170630,둔산1동,127.38985975093,36.352892699889
대전광역시 서구,8001,I201,MA0101202309A0022992,게판오분전,백반/한정식,30170581,갈마1동,127.369068080766,36.3451545461724
대전광역시 서구,8001,I201,MA0101202310A0059073,숯불에꾼족,백반/한정식,30170593,도안동,127.341786974833,36.3298165293425
대전광역시 서구,8001,I201,MA0101202310A0045622,시골애,백반/한정식,30170640,둔산2동,127.375013808761,36.3515343813875
대전광역시 서구,8001,I201,MA0101202309A0050726,명동닭한마리,닭/오리고기 구이/찜,30170640,둔산2동,127.380585606917,36.3541391834549
대전광역시 서구,8001,I201,MA0101202309A0012633,회뜨는도시남자,횟집,30170593,도안동,127.348637785996,36.3076006622186
대전광역시 서구,8001,I201,MA0101202310A0032449,1st.연주,돼지고기 구이/찜,30170593,도안동,127.343787627072,36.3187443013397
대전광역시 서구,8001,I201,MA0101202309A0079902,꿈,백반/한정식,30170520,도마1동,127.378146870173,36.3221100880668
대전광역시 서구,8001,I201,MA0101202309A0046109,밥사랑,백반/한정식,30170640,둔산2동,127.378374927768,36.3554529069255
대전광역시 서구,8001,I201,MA0101202309A0025663,새움푸드시스템,돼지고기 구이/찜,30170593,도안동,127.351061397865,36.3142352796912
대전광역시 서구,8001,I201,MA0101202309A0035099,나그네식사와포차,백반/한정식,30170520,도마1동,127.37464100611,36.3225446818807
대전광역시 서구,8001,I201,MA0101202309A0005301,육함,백반/한정식,30170581,갈마1동,127.373690733822,36.3520882430175
대전광역시 서구,8001,I201,MA0101202310A0006619,면식당,국수/칼국수,30170593,도안동,127.339862491587,36.330344701018
대전광역시 서구,8001,I201,MA010120220810374347,춘천호반닭갈비,닭/오리고기 구이/찜,30170586,월평1동,127.363513360018,36.3555891605428
대전광역시 서구,8001,I201,MA010120220806864109,선속초코다리냉면,국수/칼국수,30170640,둔산2동,127.378168576315,36.3519479912434
대전광역시 서구,8001,I201,MA010120220806777812,김가네순대편육,국/탕/찌개류,30170560,괴정동,127.383999129903,36.3346178074379
대전광역시 서구,8001,I201,MA010120220809080552,뱃고동쭈꾸미낙지,백반/한정식,30170650,만년동,127.375019332216,36.3666200138209
대전광역시 서구,8001,I201,MA010120220808598017,더보양,백반/한정식,30170630,둔산1동,127.389491851903,36.350604916484
대전광역시 서구,8001,I201,MA010120220812517218,신호등장작구이,백반/한정식,30170586,월평1동,127.351702306813,36.3478293393125
대전광역시 서구,8001,I201,MA010120220814235871,진희네,백반/한정식,30170520,도마1동,127.378456416973,36.321640495161
대전광역시 서구,8001,I201,MA010120220809289363,막창집,곱창 전골/구이,30170597,관저2동,127.336791436845,36.294774730858
대전광역시 서구,8001,I201,MA010120220813869994,양평칼국수,국수/칼국수,30170530,도마2동,127.373570932806,36.3153385916911
대전광역시 서구,8001,I201,MA010120220811821361,미당사계절추어탕,국/탕/찌개류,30170520,도마1동,127.382200180937,36.3152031719955
대전광역시 서구,8001,I201,MA010120220812122888,태영생막창,곱창 전골/구이,30170587,월평2동,127.376928633874,36.3581880355075
대전광역시 서구,8001,I201,MA010120220810445693,푸짐,돼지고기 구이/찜,30170535,정림동,127.366707315012,36.3049241625447
대전광역시 서구,8001,I201,MA010120220809784266,한마음정육식당,돼지고기 구이/찜,30170510,복수동,127.38044042169,36.2967886326655
대전광역시 서구,8001,I201,MA010120220814183700,금강어죽매운탕,백반/한정식,30170510,복수동,127.378122326035,36.2939662704444
대전광역시 서구,8001,I201,MA010120220809632453,혼밥혼면,국수/칼국수,30170582,갈마2동,127.375647527303,36.3419889407035
대전광역시 서구,8001,I201,MA010120220809789917,곱창이정말당기는날,곱창 전골/구이,30170587,월평2동,127.369533021028,36.3633928855527
대전광역시 서구,8001,I201,MA0101202309A0068936,소소한한우,소고기 구이/찜,30170597,관저2동,127.323717013682,36.2962797743424
대전광역시 서구,8001,I201,MA0101202309A0076584,쪽갈비야사랑한닭,돼지고기 구이/찜,30170582,갈마2동,127.372667085479,36.3430075895152
대전광역시 서구,8001,I201,MA0101202309A0029986,그맛쪽갈비,돼지고기 구이/찜,30170560,괴정동,127.383158296003,36.3357740127864
대전광역시 서구,8001,I201,MA0101202308A0048350,소플러스,백반/한정식,30170596,관저1동,127.334092071881,36.3091922297271
대전광역시 서구,8001,I201,MA0101202309A0090496,인생왕닭꼬치염통,닭/오리고기 구이/찜,30170640,둔산2동,127.37726749881,36.3545281989602
대전광역시 서구,8001,I201,MA0101202309A0008527,토핑폭탄김치찜,국/탕/찌개류,30170560,괴정동,127.381311278439,36.3384564154134
대전광역시 서구,8001,I201,MA0101202309A0037335,시골길,백반/한정식,30170640,둔산2동,127.37726749881,36.3545281989602
대전광역시 서구,8001,I201,MA0101202308A0085272,프렌즈,백반/한정식,30170597,관저2동,127.324730895795,36.2991608154832
대전광역시 서구,8001,I201,MA0101202307A0031271,초원삼겹,백반/한정식,30170520,도마1동,127.373570896115,36.3223317479998
대전광역시 서구,8001,I201,MA010120220813667570,공주칼국수식당,국수/칼국수,30170540,변동,127.383659217556,36.3243544816067
대전광역시 서구,8001,I201,MA010120220810044857,대복상회,백반/한정식,30170555,탄방동,127.387675941103,36.3461049463739
대전광역시 서구,8001,I201,MA010120220809396969,장터푸드,백반/한정식,30170593,도안동,127.352195358197,36.3064006739888
대전광역시 서구,8001,I201,MA010120220813091797,육회한지짐이,돼지고기 구이/찜,30170520,도마1동,127.373104120831,36.3225314653496
대전광역시 서구,8001,I201,MA010120220808473829,황태해장국,국/탕/찌개류,30170540,변동,127.379418448314,36.3248276193301
대전광역시 서구,8001,I201,MA010120220808334215,금산자연순대,국/탕/찌개류,30170555,탄방동,127.392478221688,36.3396548762649
대전광역시 서구,8001,I201,MA010120220814362292,채선당도시락샐러드,백반/한정식,30170640,둔산2동,127.380585606917,36.3541391834549
대전광역시 서구,8001,I201,MA010120220813380302,솥뚜껑,백반/한정식,30170597,관저2동,127.337147590436,36.2973421027442
대전광역시 서구,8001,I201,MA010120220812486242,여진족,백반/한정식,30170660,둔산3동,127.399898266188,36.3508589199271
대전광역시 서구,8001,I201,MA010120220807995476,혜순이네간장게장,해산물 구이/찜,30170560,괴정동,127.382765155941,36.3350993896686
대전광역시 서구,8001,I201,MA010120220810421962,심청아배고파,돼지고기 구이/찜,30170530,도마2동,127.373637102368,36.3175372647759
대전광역시 서구,8001,I201,MA010120220813647398,복수칼국수,국수/칼국수,30170510,복수동,127.375788454951,36.3087079618547
대전광역시 서구,8001,I201,MA010120220812597277,느티나무집,백반/한정식,30170590,가수원동,127.350740466735,36.2947886977412
대전광역시 서구,8001,I201,MA010120220808317440,명랑식당,백반/한정식,30170586,월평1동,127.360404503287,36.3530662761985
대전광역시 서구,8001,I201,MA010120220808694277,진가네,백반/한정식,30170535,정림동,127.367730602691,36.304704735744
대전광역시 서구,8001,I201,MA010120220807005139,구설희개성칼국수,국수/칼국수,30170560,괴정동,127.385870453499,36.3369007699105
대전광역시 서구,8001,I201,MA010120220808523527,대새집,돼지고기 구이/찜,30170582,갈마2동,127.370330250576,36.3482236510668
대전광역시 서구,8001,I201,MA010120220808647672,그냥족발,족발/보쌈,30170593,도안동,127.351095318161,36.3068995598966
대전광역시 서구,8001,I201,MA010120220811954726,한영회관,돼지고기 구이/찜,30170630,둔산1동,127.388276093143,36.3503114853536
대전광역시 서구,8001,I201,MA010120220813766349,시골집닭도리탕,백반/한정식,30170582,갈마2동,127.369441799066,36.3440900035371
대전광역시 서구,8001,I201,MA010120220813435528,관저한방누룽지삼계탕,국/탕/찌개류,30170597,관저2동,127.339792258481,36.3013358724337
대전광역시 서구,8001,I201,MA010120220811913507,도안푸드,백반/한정식,30170593,도안동,127.351512870226,36.305663712939
대전광역시 서구,8001,I201,MA010120220813305144,풍성묵은지갈비찜,백반/한정식,30170582,갈마2동,127.36976586125,36.3443052835719
대전광역시 서구,8001,I201,MA010120220808130804,장수오리삼겹살,닭/오리고기 구이/찜,30170555,탄방동,127.388689808029,36.3438937729912
대전광역시 서구,8001,I201,MA010120220810105553,진성민속촌,백반/한정식,30170597,관저2동,127.335426018771,36.2956797536556
대전광역시 서구,8001,I201,MA010120220807449225,일정,백반/한정식,30170650,만년동,127.380777731008,36.36842216835
대전광역시 서구,8001,I201,MA010120220807237280,주상유황족,백반/한정식,30170555,탄방동,127.386851568814,36.3460986061199
대전광역시 서구,8001,I201,MA0101202212A0080272,동창삼겹살앤쭈꾸미,돼지고기 구이/찜,30170597,관저2동,127.338426370903,36.2995734264118
대전광역시 서구,8001,I201,MA0101202210A0085920,필승국밥,국/탕/찌개류,30170640,둔산2동,127.374393142042,36.3522031970709
대전광역시 서구,8001,I201,MA0101202212A0037936,최정예수원갈비찜,백반/한정식,30170586,월평1동,127.366628724658,36.3547055029146
대전광역시 서구,8001,I201,MA0101202211A0102451,즐거운금자네,백반/한정식,30170555,탄방동,127.395129852273,36.3463869322319
대전광역시 서구,8001,I201,MA0101202301A0055575,촌놈들연탄구이,돼지고기 구이/찜,30170586,월평1동,127.36414835188,36.3555782153317
대전광역시 서구,8001,I201,MA0101202212A0099135,순이네,백반/한정식,30170555,탄방동,127.395785674451,36.3461053976883
대전광역시 서구,8001,I201,MA0101202209A0017072,고기명작,돼지고기 구이/찜,30170593,도안동,127.351927778764,36.3063203555372
대전광역시 서구,8001,I201,MA0101202212A0079399,삼시집밥달콤한삼겹,백반/한정식,30170530,도마2동,127.379855529451,36.3116239467863
대전광역시 서구,8001,I201,MA0101202211A0028659,행복식탁,백반/한정식,30170596,관저1동,127.336571203005,36.3082931051902
대전광역시 서구,8001,I201,MA0101202211A0092896,새로나식당,백반/한정식,30170586,월평1동,127.36676643062,36.3555611962524
대전광역시 서구,8001,I201,MA010120220808979564,꼬,돼지고기 구이/찜,30170640,둔산2동,127.380598458515,36.3544906005236
대전광역시 서구,8001,I201,MA0101202212A0005374,소반,백반/한정식,30170597,관저2동,127.335987315105,36.2993640212339
대전광역시 서구,8001,I201,MA0101202302A0049299,마성소국밥앤족발둔산시청,백반/한정식,30170630,둔산1동,127.387112711256,36.3515949278506
대전광역시 서구,8001,I201,MA0101202305A0053286,해물마트,횟집,30170560,괴정동,127.38181599557,36.3368867563256
대전광역시 서구,8001,I201,MA0101202305A0107597,더커피엔피자,국수/칼국수,30170660,둔산3동,127.398137442869,36.3551093291822
대전광역시 서구,8001,I201,MA0101202306A0069560,뜰안애,백반/한정식,30170640,둔산2동,127.380964391277,36.354137976412
대전광역시 서구,8001,I201,MA0101202309A0055427,고반식당둔산,돼지고기 구이/찜,30170630,둔산1동,127.388861491318,36.3582579374314
대전광역시 서구,8001,I201,MA0101202306A0058906,배부장찌개가,국/탕/찌개류,30170593,도안동,127.339439349385,36.3303639270567
대전광역시 서구,8001,I201,MA0101202305A0093358,부산기장꼼장어,횟집,30170587,월평2동,127.377875796828,36.362826087478
대전광역시 서구,8001,I201,MA0101202305A0026639,고기가家,돼지고기 구이/찜,30170593,도안동,127.338574142803,36.3311774423149
대전광역시 서구,8001,I201,MA0101202306A0066130,택이네조개전골대전,해산물 구이/찜,30170630,둔산1동,127.38860532688,36.3493101111168
대전광역시 서구,8001,I201,MA0101202305A0083751,레드바,백반/한정식,30170560,괴정동,127.388169311276,36.3400204080446
대전광역시 서구,8001,I201,MA0101202305A0149177,족사랑,백반/한정식,30170560,괴정동,127.38230969392,36.3399041200331
대전광역시 서구,8001,I201,MA0101202305A0123402,월평생칼국수,국수/칼국수,30170586,월평1동,127.359158449682,36.3558636704167
대전광역시 서구,8001,I201,MA0101202306A0025971,구봉산풍천민물장어,해산물 구이/찜,30170597,관저2동,127.320443608777,36.288015709429
대전광역시 서구,8001,I201,MA0101202310A0026985,사계절푸드빌,백반/한정식,30170582,갈마2동,127.366557641784,36.3514254440497
대전광역시 서구,8001,I201,MA0101202310A0055519,땅스부대찌개,국/탕/찌개류,30170593,도안동,127.345003088796,36.3191192954362
대전광역시 서구,8001,I201,MA0101202310A0022714,깜상식당,백반/한정식,30170530,도마2동,127.369082813029,36.3128562621851
대전광역시 서구,8001,I201,MA0101202310A0029041,와타요업,백반/한정식,30170555,탄방동,127.391375494544,36.3418843974611
대전광역시 서구,8001,I201,MA0101202310A0035421,육미미,돼지고기 구이/찜,30170650,만년동,127.381751596915,36.3693292443972
대전광역시 서구,8001,I201,MA010120220812949938,국수나무,국수/칼국수,30170596,관저1동,127.341151052055,36.306567876928
대전광역시 서구,8001,I201,MA010120220808257071,약수가든,백반/한정식,30170593,도안동,127.351089233895,36.3080260556485
대전광역시 서구,8001,I201,MA010120220808283238,청산골묵은지,백반/한정식,30170582,갈마2동,127.375083522783,36.347487885669
대전광역시 서구,8001,I201,MA010120220812786332,장터,백반/한정식,30170660,둔산3동,127.398137442869,36.3551093291822
대전광역시 서구,8001,I201,MA010120220813886439,화담직화요리,돼지고기 구이/찜,30170555,탄방동,127.386740038519,36.343818992901
대전광역시 서구,8001,I201,MA010120220813681889,배재아지트,백반/한정식,30170520,도마1동,127.372513000196,36.3223440613128
대전광역시 서구,8001,I201,MA010120220810164974,행복한맛집,백반/한정식,30170582,갈마2동,127.374805330703,36.3475518408148
대전광역시 서구,8001,I201,MA010120220808565824,양현담소곱창,곱창 전골/구이,30170560,괴정동,127.387940950953,36.3388946790845
대전광역시 서구,8001,I201,MA010120220813082712,엉클부대찌개,국/탕/찌개류,30170593,도안동,127.351320747625,36.3075117016478
대전광역시 서구,8001,I201,MA010120220808593933,푸드나라가,백반/한정식,30170593,도안동,127.353822117812,36.3091264526267
대전광역시 서구,8001,I201,MA010120220812646399,이동밥차변동고을,돼지고기 구이/찜,30170540,변동,127.380243077935,36.3249331403472
대전광역시 서구,8001,I201,MA010120220806964289,아줌마식당,백반/한정식,30170535,정림동,127.36791780079,36.3066326894545
대전광역시 서구,8001,I201,MA010120220812194179,괴정주먹구이,돼지고기 구이/찜,30170560,괴정동,127.388046249174,36.339912666534
대전광역시 서구,8001,I201,MA010120220813342978,대원숯불구이,돼지고기 구이/찜,30170570,가장동,127.385762610821,36.3353601054871
대전광역시 서구,8001,I201,MA010120220810173118,할머니딸생양곱창,곱창 전골/구이,30170640,둔산2동,127.373898265161,36.3512224658576
대전광역시 서구,8001,I201,MA010120220808264254,소담족발가,족발/보쌈,30170593,도안동,127.34691961385,36.304298320065
대전광역시 서구,8001,I201,MA010120220808756551,연미당,백반/한정식,30170555,탄방동,127.381418248868,36.3444038375008
대전광역시 서구,8001,I201,MA010120220813330170,등촌샤브칼국수,국수/칼국수,30170640,둔산2동,127.377276465284,36.3540775834152
대전광역시 서구,8001,I201,MA010120220813438485,새마을식당,돼지고기 구이/찜,30170630,둔산1동,127.388730032465,36.3519861942467
대전광역시 서구,8001,I201,MA010120220808104354,둔산손칼국수,국수/칼국수,30170660,둔산3동,127.397299113631,36.3501826973059
대전광역시 서구,8001,I201,MA010120220807770865,울엄마양평해장국,국/탕/찌개류,30170640,둔산2동,127.380598458515,36.3544906005236
대전광역시 서구,8001,I201,MA010120220811703313,황금족발,족발/보쌈,30170555,탄방동,127.38249585497,36.3438056172216
대전광역시 서구,8001,I201,MA010120220809682817,쟁기봉돌구이,돼지고기 구이/찜,30170510,복수동,127.377751947484,36.2979596828638
대전광역시 서구,8001,I201,MA010120220809279927,이스까이,횟집,30170555,탄방동,127.388288931699,36.3484099646691
대전광역시 서구,8001,I201,MA010120220808508973,은희네포차,백반/한정식,30170540,변동,127.37926384673,36.3250984636237
대전광역시 서구,8001,I201,MA010120220809623564,새마을식당,돼지고기 구이/찜,30170582,갈마2동,127.373746909821,36.3521871965666
대전광역시 서구,8001,I201,MA0101202306A0007204,푸줏간삼겹돼지고기배달,돼지고기 구이/찜,30170597,관저2동,127.340213031414,36.2982436155044
대전광역시 서구,8001,I201,MA0101202306A0066417,왕타이,백반/한정식,30170582,갈마2동,127.370886176413,36.3479966330522
대전광역시 서구,8001,I201,MA0101202310A0039904,궁전,백반/한정식,30170520,도마1동,127.374428167696,36.3222840067602
대전광역시 서구,8001,I201,MA0101202308A0025312,대전맛찬들왕소금구이,돼지고기 구이/찜,30170582,갈마2동,127.371868114154,36.3506790840642
대전광역시 서구,8001,I201,MA0101202308A0085548,옛날대패,백반/한정식,30170555,탄방동,127.395986636872,36.3483937162748
대전광역시 서구,8001,I201,MA0101202306A0063618,고기단지,돼지고기 구이/찜,30170593,도안동,127.350547812719,36.3139303851753
대전광역시 서구,8001,I201,MA0101202310A0056568,맛짱수제족발,족발/보쌈,30170520,도마1동,127.380896094312,36.3149459920434
대전광역시 서구,8001,I201,MA0101202307A0035294,진한우육개장,백반/한정식,30170570,가장동,127.386752115617,36.3327434936199
대전광역시 서구,8001,I201,MA0101202306A0077996,육샤육샤,백반/한정식,30170535,정림동,127.366138862855,36.3047907274468
대전광역시 서구,8001,I201,MA0101202308A0012363,이연에프엔씨한촌설렁탕대전,국/탕/찌개류,30170640,둔산2동,127.378271345848,36.3547683424
대전광역시 서구,8001,I201,MA0101202307A0103928,대선칼국수,국수/칼국수,30170597,관저2동,127.337172958463,36.298062978548
대전광역시 서구,8001,I201,MA0101202307A0074812,별빛바다,횟집,30170597,관저2동,127.338611315585,36.3011499743076
대전광역시 서구,8001,I201,MA0101202306A0105041,다올고기냉면,냉면/밀면,30170586,월평1동,127.363477674734,36.3551026347432
대전광역시 서구,8001,I201,MA0101202306A0094193,곱도리탕,닭/오리고기 구이/찜,30170560,괴정동,127.380580569439,36.3370799439718
대전광역시 서구,8001,I201,MA0101202306A0008821,대림국수대전,국수/칼국수,30170630,둔산1동,127.388954029243,36.3499848577341
대전광역시 서구,8001,I201,MA0101202310A0042875,고깃리88번지,돼지고기 구이/찜,30170597,관저2동,127.337147590436,36.2973421027442
대전광역시 서구,8001,I201,MA0101202305A0146372,중앙칼국수,국수/칼국수,30170660,둔산3동,127.397145486036,36.3506428069389
대전광역시 서구,8001,I201,MA0101202309A0023245,돌목상회,백반/한정식,30170575,내동,127.380218129623,36.3312594915262
대전광역시 서구,8001,I201,MA0101202309A0027887,콩마당,백반/한정식,30170550,용문동,127.394598928014,36.338305140356
대전광역시 서구,8001,I201,MA0101202310A0023385,가감승제,백반/한정식,30170640,둔산2동,127.377471040888,36.3505353520911
대전광역시 서구,8001,I201,MA0101202310A0031129,푸드파이터,백반/한정식,30170597,관저2동,127.334158061658,36.3011715154285
대전광역시 서구,8001,I201,MA0101202305A0032785,구이구이쪽갈비,돼지고기 구이/찜,30170560,괴정동,127.384193032683,36.335545396744
대전광역시 서구,8001,I201,MA0101202305A0187693,미가,백반/한정식,30170630,둔산1동,127.389499438231,36.352127876705
대전광역시 서구,8001,I201,MA0101202303A0112925,돈방석,백반/한정식,30170597,관저2동,127.324239348569,36.2960620746823
대전광역시 서구,8001,I201,MA0101202305A0089566,정감육,돼지고기 구이/찜,30170550,용문동,127.388380138069,36.3353696517391
대전광역시 서구,8001,I201,MA0101202305A0105109,아지매뒷고기,돼지고기 구이/찜,30170555,탄방동,127.382929470638,36.3459129797457
대전광역시 서구,8001,I201,MA0101202303A0088214,유정푸드,백반/한정식,30170560,괴정동,127.379626393706,36.3378489790411
대전광역시 서구,8001,I201,MA0101202305A0136751,무진장고기정석,돼지고기 구이/찜,30170593,도안동,127.347483815953,36.3235549289185
대전광역시 서구,8001,I201,MA0101202306A0089151,가장맛있는족발대전,족발/보쌈,30170586,월평1동,127.363713897025,36.3555885502993
대전광역시 서구,8001,I201,MA0101202303A0055282,봄날,백반/한정식,30170593,도안동,127.34347610359,36.3188082795262
대전광역시 서구,8001,I201,MA0101202309A0066784,신사우물갈비,돼지고기 구이/찜,30170560,괴정동,127.384414864112,36.3353554362548
대전광역시 서구,8001,I201,MA0101202308A0075867,우래포차,백반/한정식,30170630,둔산1동,127.390993606042,36.3523933493252
대전광역시 서구,8001,I201,MA0101202305A0012802,낙원백반,백반/한정식,30170560,괴정동,127.382329540794,36.3348484543637
대전광역시 서구,8001,I201,MA0101202310A0023959,더채움,백반/한정식,30170593,도안동,127.339498242305,36.3311027266794
대전광역시 서구,8001,I201,MA0101202308A0067083,태영생막창,곱창 전골/구이,30170586,월평1동,127.363689183686,36.3550659441778
대전광역시 서구,8001,I201,MA0101202308A0077591,호호밥상,백반/한정식,30170597,관저2동,127.339294940285,36.2996160239275
대전광역시 서구,8001,I201,MA0101202309A0075403,가마솥삼계탕,국/탕/찌개류,30170582,갈마2동,127.371886317221,36.3427937393833
대전광역시 서구,8001,I201,MA0101202308A0032738,효담촌앤에브리카페,백반/한정식,30170535,정림동,127.363855318784,36.2997600876509
대전광역시 서구,8001,I201,MA0101202309A0020373,쌈마이대패,돼지고기 구이/찜,30170520,도마1동,127.370768335606,36.3254855894379
대전광역시 서구,8001,I201,MA0101202309A0045393,칠곡에프앤비,백반/한정식,30170550,용문동,127.392634445875,36.3374915398755
대전광역시 서구,8001,I201,MA010120220814368491,시골하우스,백반/한정식,30170535,정림동,127.365973355946,36.3074947803897
대전광역시 서구,8001,I201,MA010120220808113601,도안추어탕,국/탕/찌개류,30170593,도안동,127.351425160185,36.3084486242796
대전광역시 서구,8001,I201,MA010120220813828642,조선명태골,백반/한정식,30170550,용문동,127.39527808266,36.3360409430752
대전광역시 서구,8001,I201,MA010120220813902423,순봉홍두깨손칼국수,국수/칼국수,30170520,도마1동,127.38035880592,36.3143709473758
대전광역시 서구,8001,I201,MA010120220814290096,임성보동태찌개,백반/한정식,30170560,괴정동,127.389002293456,36.3395310644107
대전광역시 서구,8001,I201,MA010120220807065088,스몰피쉬,횟집,30170597,관저2동,127.339530491047,36.3000208879529
대전광역시 서구,8001,I201,MA010120220810412096,양푼언니,백반/한정식,30170640,둔산2동,127.376907127498,36.3537272908987
대전광역시 서구,8001,I201,MA010120220812051952,명랑부대찌개,국/탕/찌개류,30170593,도안동,127.348487215402,36.3112959477617
대전광역시 서구,8001,I201,MA010120220807180467,오징어와친구들,횟집,30170581,갈마1동,127.373510463621,36.3516652544071
대전광역시 서구,8001,I201,MA010120220812964560,알파감자탕,국/탕/찌개류,30170650,만년동,127.374751307141,36.3664946906389
대전광역시 서구,8001,I201,MA010120220809973116,홍게찜대전,해산물 구이/찜,30170582,갈마2동,127.371189770712,36.3438953399982
대전광역시 서구,8001,I201,MA010120220810065483,남영이네,백반/한정식,30170555,탄방동,127.391931117211,36.3460640311539
대전광역시 서구,8001,I201,MA010120220813331750,행복식당,백반/한정식,30170530,도마2동,127.376319035529,36.3125363124346
대전광역시 서구,8001,I201,MA010120220814199496,변가네연탄구이,돼지고기 구이/찜,30170590,가수원동,127.352650730702,36.3036777600968
대전광역시 서구,8001,I201,MA010120220806997855,봇또랑,백반/한정식,30170520,도마1동,127.376933028655,36.3221139219349
대전광역시 서구,8001,I201,MA0101202306A0088079,마녀삼겹살,돼지고기 구이/찜,30170586,월평1동,127.361400954271,36.3565418016685
대전광역시 서구,8001,I201,MA0101202308A0069017,동래정대전,백반/한정식,30170630,둔산1동,127.38799888585,36.3505737264191
대전광역시 서구,8001,I201,MA0101202305A0115744,금돈삼겹살,돼지고기 구이/찜,30170590,가수원동,127.354038856666,36.3004203867988
대전광역시 서구,8001,I201,MA0101202308A0037160,졸,백반/한정식,30170640,둔산2동,127.377070732169,36.350689815691
대전광역시 서구,8001,I201,MA0101202307A0105545,골목집,돼지고기 구이/찜,30170570,가장동,127.384766184702,36.3343179520003
대전광역시 서구,8001,I201,MA0101202306A0012232,수연밥상,백반/한정식,30170540,변동,127.380565599947,36.3248419960354
대전광역시 서구,8001,I201,MA0101202306A0022702,백년식당,백반/한정식,30170530,도마2동,127.370893239722,36.3165905585586
대전광역시 서구,8001,I201,MA0101202308A0048667,팔구포차,백반/한정식,30170640,둔산2동,127.37609056524,36.3507289515943
대전광역시 서구,8001,I201,MA010120220810321840,청담폐백이바지과일,백반/한정식,30170660,둔산3동,127.399332833041,36.3492116616752
대전광역시 서구,8001,I201,MA010120220810206035,꽃돼지,돼지고기 구이/찜,30170582,갈마2동,127.370058202442,36.3472332005881
대전광역시 서구,8001,I201,MA010120220806899448,식당도리가,백반/한정식,30170640,둔산2동,127.381683005614,36.3507202313707
대전광역시 서구,8001,I201,MA010120220807775572,맛있는아구찜마을,해산물 구이/찜,30170560,괴정동,127.388201925655,36.3376141609725
대전광역시 서구,8001,I201,MA010120220808609283,본가옥해장국,국/탕/찌개류,30170540,변동,127.377863295029,36.3302666519047
대전광역시 서구,8001,I201,MA010120220810231481,에이치제이푸드,백반/한정식,30170560,괴정동,127.375316367453,36.3402957693382
대전광역시 서구,8001,I201,MA010120220812913388,관저남주동해장국,국/탕/찌개류,30170597,관저2동,127.336683678972,36.3007859327816
대전광역시 서구,8001,I201,MA010120220812525475,삼겹상회,돼지고기 구이/찜,30170586,월평1동,127.363514407562,36.3558144510258
대전광역시 서구,8001,I201,MA010120220810390517,형제정육식당,소고기 구이/찜,30170575,내동,127.38065398376,36.3292755126429
대전광역시 서구,8001,I201,MA010120220812685962,옛날고기,돼지고기 구이/찜,30170593,도안동,127.349151322057,36.3079055655293
대전광역시 서구,8001,I201,MA010120220814388960,왔다삼겹살,돼지고기 구이/찜,30170560,괴정동,127.384206973299,36.3383840590432
대전광역시 서구,8001,I201,MA010120220813524804,위풍당당숯불구이,돼지고기 구이/찜,30170535,정림동,127.36677878832,36.3011660122471
대전광역시 서구,8001,I201,MA010120220812965515,와오식당,백반/한정식,30170535,정림동,127.366107188742,36.3051603091613
대전광역시 서구,8001,I201,MA010120220812939546,목구멍대전,돼지고기 구이/찜,30170640,둔산2동,127.37581448479,36.3512344781928
대전광역시 서구,8001,I201,MA010120220813083653,손의손,백반/한정식,30170640,둔산2동,127.381315378071,36.3507214050461
대전광역시 서구,8001,I201,MA010120220808123264,관저아구명가,백반/한정식,30170597,관저2동,127.336944450357,36.2967028345411
대전광역시 서구,8001,I201,MA010120220808015022,수제어묵과배기,백반/한정식,30170560,괴정동,127.383051832049,36.3345036942421
대전광역시 서구,8001,I201,MA010120220810304759,아이앤지푸드,백반/한정식,30170586,월평1동,127.361324632722,36.3569025023196
대전광역시 서구,8001,I201,MA010120220808797838,곤지암한우소머리국밥,국/탕/찌개류,30170640,둔산2동,127.381350448306,36.3533437114622
대전광역시 서구,8001,I201,MA010120220812368479,김가네시민고기국수,국수/칼국수,30170550,용문동,127.393735144808,36.3370914010327
대전광역시 서구,8001,I201,MA010120220810373842,족쟁이,백반/한정식,30170530,도마2동,127.37390529012,36.315400628979
대전광역시 서구,8001,I201,MA0101202305A0096190,어가,백반/한정식,30170660,둔산3동,127.397284860127,36.3495699460364
대전광역시 서구,8001,I201,MA0101202305A0091754,은성주점,백반/한정식,30170630,둔산1동,127.388287459583,36.3526004317804
대전광역시 서구,8001,I201,MA0101202305A0174717,돈바퀴,돼지고기 구이/찜,30170582,갈마2동,127.368734229621,36.3475887517555
대전광역시 서구,8001,I201,MA0101202305A0082696,워낭명가,돼지고기 구이/찜,30170593,도안동,127.353945140558,36.3067830148733
대전광역시 서구,8001,I201,MA0101202305A0144961,자갈치숯불꼼장어,횟집,30170520,도마1동,127.380984693055,36.3148465798781
대전광역시 서구,8001,I201,MA0101202305A0158504,송돈가,돼지고기 구이/찜,30170597,관저2동,127.338382500617,36.2997267518342
대전광역시 서구,8001,I201,MA0101202305A0147526,바른화로,돼지고기 구이/찜,30170597,관저2동,127.338766428075,36.2984009242667
대전광역시 서구,8001,I201,MA0101202306A0030629,만나한우암소설렁탕,백반/한정식,30170530,도마2동,127.379858021239,36.3121376119088
대전광역시 서구,8001,I201,MA0101202305A0139932,도시횟집,횟집,30170586,월평1동,127.361210681463,36.356353130335
대전광역시 서구,8001,I201,MA0101202305A0024980,게장이기가막혀,해산물 구이/찜,30170587,월평2동,127.377253688558,36.3585925378925
대전광역시 서구,8001,I201,MA0101202305A0082004,본죽&비빔밥대전도,백반/한정식,30170520,도마1동,127.370479596491,36.3233056311184
대전광역시 서구,8001,I201,MA0101202303A0007722,더청춘키친,백반/한정식,30170590,가수원동,127.351086442507,36.2999514656866
대전광역시 서구,8001,I201,MA0101202306A0071948,시민회관정육식당,소고기 구이/찜,30170520,도마1동,127.381639337232,36.3143668661543
대전광역시 서구,8001,I201,MA0101202305A0165947,정림동명태조림,해산물 구이/찜,30170535,정림동,127.367308978452,36.3026423241536
대전광역시 서구,8001,I201,MA0101202305A0122156,신성아구찜,해산물 구이/찜,30170555,탄방동,127.395706771911,36.3481242909049
대전광역시 서구,8001,I201,MA0101202305A0024747,금한한우정육식당,돼지고기 구이/찜,30170587,월평2동,127.377284670193,36.360394787447
대전광역시 서구,8001,I201,MA0101202305A0017283,금복집식당,복 요리 전문,30170550,용문동,127.3937063378,36.3357938015791
대전광역시 서구,8001,I201,MA0101202305A0122198,독도대가,백반/한정식,30170582,갈마2동,127.375133744862,36.348668267893
대전광역시 서구,8001,I201,MA0101202305A0138177,구르메,백반/한정식,30170650,만년동,127.382559493697,36.3659202288849
대전광역시 서구,8001,I201,MA0101202305A0093672,풀잎채한상,백반/한정식,30170630,둔산1동,127.387260793934,36.3522523054289
대전광역시 서구,8001,I201,MA0101202305A0141511,명진홈푸드,백반/한정식,30170597,관저2동,127.333110617734,36.3009581542222
대전광역시 서구,8001,I201,MA0101202305A0061233,감동아구찜,해산물 구이/찜,30170560,괴정동,127.382901941085,36.3402897298462
대전광역시 서구,8001,I201,MA0101202305A0109558,갈비찜에빠져보쌈,백반/한정식,30170560,괴정동,127.380458486533,36.3371704503671
대전광역시 서구,8001,I201,MA0101202305A0019521,만년대패,백반/한정식,30170650,만년동,127.381743188328,36.367608032366
대전광역시 서구,8001,I201,MA0101202305A0193069,돼진이네,돼지고기 구이/찜,30170582,갈마2동,127.37337922284,36.347511246427
대전광역시 서구,8001,I201,MA0101202305A0073857,원두막,백반/한정식,30170555,탄방동,127.392614960983,36.3402672269032
대전광역시 서구,8001,I201,MA0101202305A0085928,오봉집대전,백반/한정식,30170640,둔산2동,127.378230512126,36.3532364750347
대전광역시 서구,8001,I201,MA0101202307A0056196,서울식당,백반/한정식,30170520,도마1동,127.371686804839,36.3265911869341
대전광역시 서구,8001,I201,MA0101202305A0006816,도안한마당,백반/한정식,30170593,도안동,127.345174160105,36.325084614989
대전광역시 서구,8001,I201,MA0101202305A0172252,슬비네칼국수,국수/칼국수,30170597,관저2동,127.337426574167,36.3000809151505
대전광역시 서구,8001,I201,MA0101202305A0036867,해적수산,횟집,30170586,월평1동,127.365556577088,36.356529160476
대전광역시 서구,8001,I201,MA0101202306A0050016,행복한한끼,백반/한정식,30170560,괴정동,127.386719542458,36.3419265898538
대전광역시 서구,8001,I201,MA0101202305A0067772,달봉이국수,국수/칼국수,30170600,기성동,127.341491325583,36.2543431392292
대전광역시 서구,8001,I201,MA0101202307A0018132,부라보회관목대,돼지고기 구이/찜,30170593,도안동,127.33998688213,36.3307769132397
대전광역시 서구,8001,I201,MA0101202306A0015848,더브라더족발,족발/보쌈,30170520,도마1동,127.377401051577,36.3221755277154
대전광역시 서구,8001,I201,MA0101202305A0055965,박씨국밥,국/탕/찌개류,30170597,관저2동,127.337361590998,36.2953318579658
대전광역시 서구,8001,I201,MA0101202306A0106717,수구리원조풍년식당,백반/한정식,30170540,변동,127.380843575074,36.3247509927969
대전광역시 서구,8001,I201,MA0101202305A0158738,남도찜,백반/한정식,30170593,도안동,127.351585013194,36.3068530616692
대전광역시 서구,8001,I201,MA0101202308A0035759,서리내토종순대,국/탕/찌개류,30170640,둔산2동,127.381684930326,36.3533967139926
대전광역시 서구,8001,I201,MA0101202307A0041213,미나리삼겹살,돼지고기 구이/찜,30170586,월평1동,127.365166555213,36.3565123295582
대전광역시 서구,8001,I201,MA010120220813862190,오한순손수제비,국수/칼국수,30170640,둔산2동,127.378168576315,36.3519479912434
대전광역시 서구,8001,I201,MA010120220812137133,춘식당,백반/한정식,30170640,둔산2동,127.374524496508,36.3517161509955
대전광역시 서구,8001,I201,MA010120220812346843,광세족발,족발/보쌈,30170582,갈마2동,127.375115256302,36.347136327581
대전광역시 서구,8001,I201,MA010120220809741197,풍년숯불갈비,돼지고기 구이/찜,30170582,갈마2동,127.376849149022,36.3416967811701
대전광역시 서구,8001,I201,MA010120220812149722,옛날막창,곱창 전골/구이,30170560,괴정동,127.384947982306,36.3350473201109
대전광역시 서구,8001,I201,MA010120220812243821,이추삼겹,돼지고기 구이/찜,30170582,갈마2동,127.37125284213,36.3431021089499
대전광역시 서구,8001,I201,MA010120220812706678,원래는삼겹살집을할려고했었다,돼지고기 구이/찜,30170555,탄방동,127.392621724123,36.3460527524199
대전광역시 서구,8001,I201,MA010120220808310799,매운갈비,돼지고기 구이/찜,30170593,도안동,127.340010605822,36.331110282017
대전광역시 서구,8001,I201,MA010120220808374284,신탄집,국수/칼국수,30170593,도안동,127.349163546306,36.3056525736625
대전광역시 서구,8001,I201,MA010120220812161860,의열회관,백반/한정식,30170560,괴정동,127.383089172874,36.3353056222729
대전광역시 서구,8001,I201,MA010120220811083358,진마루감자탕,국/탕/찌개류,30170587,월평2동,127.37766383835,36.3627726872507
대전광역시 서구,8001,I201,MA010120220812902853,밥도둑짜글이,백반/한정식,30170550,용문동,127.392793105116,36.3358148299918
대전광역시 서구,8001,I201,MA010120220808747850,별장식당,백반/한정식,30170640,둔산2동,127.382183475995,36.3482674356584
대전광역시 서구,8001,I201,MA010120220813919212,어반식당,돼지고기 구이/찜,30170586,월평1동,127.363700827625,36.3551740497083
대전광역시 서구,8001,I201,MA010120220813661173,명태랑류명호,해산물 구이/찜,30170593,도안동,127.35020298388,36.3065417041396
대전광역시 서구,8001,I201,MA010120220808300405,젊음의행진,돼지고기 구이/찜,30170660,둔산3동,127.399284449448,36.350644690686
대전광역시 서구,8001,I201,MA010120220810822364,행복한그릇,국수/칼국수,30170550,용문동,127.392679553141,36.335382638271
대전광역시 서구,8001,I201,MA010120220808096744,유진푸드,백반/한정식,30170630,둔산1동,127.387871354845,36.3563056087698
대전광역시 서구,8001,I201,MA0101202211A0063755,숯총각네,돼지고기 구이/찜,30170593,도안동,127.343508695946,36.3211602673428
대전광역시 서구,8001,I201,MA0101202211A0012478,패밀리푸드,백반/한정식,30170650,만년동,127.380983485044,36.3694848955431
대전광역시 서구,8001,I201,MA0101202212A0018280,회랑,횟집,30170582,갈마2동,127.37396829534,36.3472300399743
대전광역시 서구,8001,I201,MA0101202211A0092744,돈락,백반/한정식,30170593,도안동,127.350478945324,36.3134709845939
대전광역시 서구,8001,I201,MA0101202305A0123080,5.5춘천닭갈비,닭/오리고기 구이/찜,30170597,관저2동,127.337608936659,36.301062690614
대전광역시 서구,8001,I201,MA0101202211A0007863,을왕리조개칼국수,백반/한정식,30170530,도마2동,127.371361802231,36.3191214200333
대전광역시 서구,8001,I201,MA0101202212A0057214,코코네삼겹살,돼지고기 구이/찜,30170560,괴정동,127.380486148829,36.3405677984336
대전광역시 서구,8001,I201,MA0101202211A0050904,만년한정담,백반/한정식,30170650,만년동,127.373042032929,36.3655628200188
대전광역시 서구,8001,I201,MA0101202211A0022058,모두아이엔지,백반/한정식,30170597,관저2동,127.33793216497,36.2985654982406
대전광역시 서구,8001,I201,MA010120220812227584,한밤오징어포차,횟집,30170650,만년동,127.381614977699,36.3687349072632
대전광역시 서구,8001,I201,MA010120220811077705,풍경,백반/한정식,30170535,정림동,127.369549626742,36.2961559138408
대전광역시 서구,8001,I201,MA010120220809592629,도마옛날막창,곱창 전골/구이,30170520,도마1동,127.373870626483,36.3221325514203
대전광역시 서구,8001,I201,MA010120220814257995,풍차쭈꾸미,해산물 구이/찜,30170555,탄방동,127.383277490452,36.3464615811116
대전광역시 서구,8001,I201,MA010120220809157360,금강왕생삼겹,돼지고기 구이/찜,30170650,만년동,127.381751596915,36.3693292443972
대전광역시 서구,8001,I201,MA010120220812787088,고래식당,백반/한정식,30170630,둔산1동,127.389492158419,36.3529029103775
대전광역시 서구,8001,I201,MA010120220813421437,늘푸르른봄처럼우렁쌈밥,백반/한정식,30170560,괴정동,127.380998050041,36.3404670381696
대전광역시 서구,8001,I201,MA010120220814017602,푸줏간,돼지고기 구이/찜,30170597,관저2동,127.338821989392,36.3009511170681
대전광역시 서구,8001,I201,MA010120220807098640,승아네밥도둑,백반/한정식,30170530,도마2동,127.378173498318,36.311485090618
대전광역시 서구,8001,I201,MA010120220812319379,철이28호,돼지고기 구이/찜,30170597,관저2동,127.338509948281,36.3008799062594
대전광역시 서구,8001,I201,MA010120220812640528,고요한아침이슬,백반/한정식,30170650,만년동,127.380013351134,36.3693437977204
대전광역시 서구,8001,I201,MA010120220811694817,이모네감자탕,국/탕/찌개류,30170520,도마1동,127.37356139421,36.3226742258561
대전광역시 서구,8001,I201,MA010120220809950788,명인갈비김치찌개,백반/한정식,30170555,탄방동,127.395551333642,36.3460250678248
대전광역시 서구,8001,I201,MA010120220812522626,모선,백반/한정식,30170555,탄방동,127.389876227005,36.3427904738899
대전광역시 서구,8001,I201,MA010120220812835863,바다구이,횟집,30170586,월평1동,127.361163660972,36.355821579399
대전광역시 서구,8001,I201,MA010120220808777379,강경옥식당,백반/한정식,30170555,탄방동,127.396256275236,36.3466445431847
대전광역시 서구,8001,I201,MA010120220811662278,도안수산식당,횟집,30170590,가수원동,127.348206872366,36.3033393239467
대전광역시 서구,8001,I201,MA010120220810201444,잔치국수,국수/칼국수,30170582,갈마2동,127.371828565659,36.3493905264802
대전광역시 서구,8001,I201,MA010120220810263603,오천간제미,백반/한정식,30170597,관저2동,127.339013047762,36.3013651199334
대전광역시 서구,8001,I201,MA010120220810413125,남촌민물장어,해산물 구이/찜,30170593,도안동,127.354845280482,36.3064018499783
대전광역시 서구,8001,I201,MA010120220812587897,정진식당,백반/한정식,30170586,월평1동,127.366628724658,36.3547055029146
대전광역시 서구,8001,I201,MA010120220810403874,이화수,백반/한정식,30170630,둔산1동,127.389499438231,36.352127876705
대전광역시 서구,8001,I201,MA010120220813057863,도솔돌구이,돼지고기 구이/찜,30170520,도마1동,127.370771964397,36.3262515802889
대전광역시 서구,8001,I201,MA010120220812573555,정림동장패,돼지고기 구이/찜,30170535,정림동,127.364991119504,36.306975097665
대전광역시 서구,8001,I201,MA0101202211A0032772,무창포숙성회,횟집,30170530,도마2동,127.371374220499,36.3193917354311
대전광역시 서구,8001,I201,MA0101202303A0118753,부산면관,냉면/밀면,30170640,둔산2동,127.382255172141,36.3538184431352
대전광역시 서구,8001,I201,MA0101202212A0003993,수라간통뼈감자탕,국/탕/찌개류,30170575,내동,127.380464161497,36.3314659795008
대전광역시 서구,8001,I201,MA0101202211A0100551,내동집,백반/한정식,30170520,도마1동,127.3731923943,36.3223599656994
대전광역시 서구,8001,I201,MA0101202305A0155141,한국갈비,돼지고기 구이/찜,30170593,도안동,127.35071551014,36.3066213081381
대전광역시 서구,8001,I201,MA0101202211A0082090,동강추어탕&장어구이,백반/한정식,30170540,변동,127.37444583054,36.3283038266374
대전광역시 서구,8001,I201,MA0101202303A0059586,맛있는연구소,백반/한정식,30170597,관저2동,127.337127803823,36.3005053143437
대전광역시 서구,8001,I201,MA0101202212A0066770,삼일리푸드,백반/한정식,30170586,월평1동,127.363514407562,36.3558144510258
대전광역시 서구,8001,I201,MA0101202211A0068157,대신양대창,곱창 전골/구이,30170560,괴정동,127.383936724539,36.3355191850809
대전광역시 서구,8001,I201,MA0101202301A0092988,김도훈선산곱창,곱창 전골/구이,30170535,정림동,127.366983729444,36.3068878913005
대전광역시 서구,8001,I201,MA0101202211A0050383,별미안주,백반/한정식,30170560,괴정동,127.387223458858,36.3402127234633
대전광역시 서구,8001,I201,MA0101202212A0079162,장군항아리숯불구이,돼지고기 구이/찜,30170590,가수원동,127.35284345197,36.3044431968352
대전광역시 서구,8001,I201,MA0101202211A0013038,한마음정육식당가,돼지고기 구이/찜,30170593,도안동,127.349025522684,36.3046616757006
대전광역시 서구,8001,I201,MA0101202303A0091552,웰컴,백반/한정식,30170586,월평1동,127.363210628638,36.3551755407523
대전광역시 서구,8001,I201,MA0101202212A0049607,육이네,백반/한정식,30170582,갈마2동,127.375309345718,36.3481179995067
대전광역시 서구,8001,I201,MA0101202305A0124287,정가네맛집,백반/한정식,30170520,도마1동,127.382805225349,36.3159672391152
대전광역시 서구,8001,I201,MA0101202303A0094585,무쇠솥나주곰탕,국/탕/찌개류,30170586,월평1동,127.35813495981,36.3537579929713
대전광역시 서구,8001,I201,MA0101202305A0163366,열혈충주갈비,돼지고기 구이/찜,30170630,둔산1동,127.38861025319,36.3503013873644
대전광역시 서구,8001,I201,MA0101202305A0093490,신김치국밥,국/탕/찌개류,30170593,도안동,127.349520151383,36.3057236262613
대전광역시 서구,8001,I201,MA0101202210A0066460,곰수산,횟집,30170570,가장동,127.386059802033,36.3323852608866
대전광역시 서구,8001,I201,MA0101202303A0044883,팔각도,돼지고기 구이/찜,30170597,관저2동,127.336703328581,36.297586674378
대전광역시 서구,8001,I201,MA0101202302A0037942,춘산메밀꽃,국수/칼국수,30170587,월평2동,127.378439498841,36.3618870832027
대전광역시 서구,8001,I201,MA0101202305A0048514,땅스부대찌개,국/탕/찌개류,30170587,월평2동,127.375032853429,36.3601495480004
대전광역시 서구,8001,I201,MA0101202302A0003813,느리울한우마을,소고기 구이/찜,30170597,관저2동,127.339900022433,36.2979471150116
대전광역시 서구,8001,I201,MA0101202302A0070137,섭이네숯불닭갈비,돼지고기 구이/찜,30170560,괴정동,127.384089914465,36.3349599630521
대전광역시 서구,8001,I201,MA0101202302A0016079,정통춘천닭갈비,닭/오리고기 구이/찜,30170590,가수원동,127.349748235951,36.3019470029144
대전광역시 서구,8001,I201,MA0101202302A0083609,다앤주,백반/한정식,30170586,월평1동,127.36414835188,36.3555782153317
대전광역시 서구,8001,I201,MA0101202302A0018565,떳다해물나라,백반/한정식,30170520,도마1동,127.373534606249,36.3217280711832
대전광역시 서구,8001,I201,MA0101202212A0064388,도솔로41,백반/한정식,30170530,도마2동,127.373499478791,36.31436554
대전광역시 서구,8001,I201,MA0101202302A0067482,송원푸드,백반/한정식,30170596,관저1동,127.333718606114,36.302551553824
대전광역시 서구,8001,I201,MA0101202212A0041655,털보숯불갈비,돼지고기 구이/찜,30170660,둔산3동,127.399885052103,36.3504534357153
대전광역시 서구,8001,I201,MA0101202302A0025657,텐시,백반/한정식,30170555,탄방동,127.395317403275,36.3460258419049
대전광역시 서구,8001,I201,MA0101202301A0108548,맛나조개구이,해산물 구이/찜,30170586,월평1동,127.364145329748,36.3549293787377
대전광역시 서구,8001,I201,MA0101202301A0087964,태영생막창도안가,곱창 전골/구이,30170593,도안동,127.350576618019,36.3054411663803
대전광역시 서구,8001,I201,MA0101202302A0011169,뽕순이네순대국밥,백반/한정식,30170587,월평2동,127.378319599508,36.3624371785899
대전광역시 서구,8001,I201,MA0101202303A0096851,진칼국수수육,국수/칼국수,30170640,둔산2동,127.387194135846,36.3590383613246
대전광역시 서구,8001,I201,MA0101202301A0074763,묵은정칼국수,국수/칼국수,30170586,월평1동,127.365046444028,36.3570353777601
대전광역시 서구,8001,I201,MA0101202301A0030285,통영굴나라,해산물 구이/찜,30170586,월평1동,127.36543141357,36.3559708151137
대전광역시 서구,8001,I201,MA0101202301A0006095,이가냉면곰탕,국수/칼국수,30170560,괴정동,127.382237576233,36.3365429614954
대전광역시 서구,8001,I201,MA0101202210A0073200,오씨칼국수,국수/칼국수,30170630,둔산1동,127.383471891711,36.354301178784
대전광역시 서구,8001,I201,MA0101202210A0058147,목림,백반/한정식,30170593,도안동,127.349832302103,36.3058128315336
대전광역시 서구,8001,I201,MA0101202209A0080967,돈&쌈샐러드바,돼지고기 구이/찜,30170650,만년동,127.373487684036,36.3655524160072
대전광역시 서구,8001,I201,MA0101202209A0020110,초나정갈비,돼지고기 구이/찜,30170581,갈마1동,127.37355554175,36.3517732544929
대전광역시 서구,8001,I201,MA0101202210A0082910,은서네집,백반/한정식,30170520,도마1동,127.377556914487,36.3221660237151
대전광역시 서구,8001,I201,MA0101202209A0024891,맛울림감자탕,국/탕/찌개류,30170560,괴정동,127.383857077986,36.3351769936102
대전광역시 서구,8001,I201,MA0101202301A0096656,뚱돼지주먹구이,돼지고기 구이/찜,30170640,둔산2동,127.381636551455,36.3594617696271
대전광역시 서구,8001,I201,MA0101202302A0019392,두찜대전,백반/한정식,30170593,도안동,127.339862491587,36.330344701018
대전광역시 서구,8001,I201,MA0101202301A0003992,별미일번지,돼지고기 구이/찜,30170560,괴정동,127.383457832089,36.3355297343055
대전광역시 서구,8001,I201,MA0101202211A0042739,시끌벅쩍,백반/한정식,30170660,둔산3동,127.397547678515,36.3508667631632
대전광역시 서구,8001,I201,MA0101202302A0071061,해와달,백반/한정식,30170600,기성동,127.340331411309,36.2716673033664
대전광역시 서구,8001,I201,MA0101202303A0074449,월정,백반/한정식,30170560,괴정동,127.389002293456,36.3395310644107
대전광역시 서구,8001,I201,MA0101202212A0071678,나음푸드,백반/한정식,30170630,둔산1동,127.388656529099,36.3528876077313
대전광역시 서구,8001,I201,MA0101202302A0053744,더케이푸드,백반/한정식,30170520,도마1동,127.373595448128,36.3228092963262
대전광역시 서구,8001,I201,MA0101202302A0081057,대박이네정육식당,소고기 구이/찜,30170597,관저2동,127.338180129668,36.2966903340968
대전광역시 서구,8001,I201,MA0101202301A0080364,착한감자탕,국/탕/찌개류,30170581,갈마1동,127.369180502232,36.3477315620023
대전광역시 서구,8001,I201,MA0101202211A0019559,행복식당2,백반/한정식,30170530,도마2동,127.376407420818,36.3123918452455
대전광역시 서구,8001,I201,MA0101202211A0082360,금시월,백반/한정식,30170593,도안동,127.353141988181,36.3089211917525
대전광역시 서구,8001,I201,MA0101202301A0025782,최군족발괴정,족발/보쌈,30170560,괴정동,127.383926294032,36.3356634069202
대전광역시 서구,8001,I201,MA0101202303A0099385,광세족발가,족발/보쌈,30170593,도안동,127.351045262653,36.3081523502817
대전광역시 서구,8001,I201,MA0101202301A0048043,흑산도회,횟집,30170587,월평2동,127.378109472781,36.3627622660915
대전광역시 서구,8001,I201,MA0101202302A0079918,더바른정국밥,국/탕/찌개류,30170560,괴정동,127.382302739276,36.3407602598748
대전광역시 서구,8001,I201,MA0101202302A0025290,묵은정,백반/한정식,30170587,월평2동,127.377285540128,36.3605750194079
대전광역시 서구,8001,I201,MA0101202303A0110813,방이옥,백반/한정식,30170555,탄방동,127.389453055073,36.3472887193341
대전광역시 서구,8001,I201,MA0101202302A0027360,둔산정든밥,백반/한정식,30170640,둔산2동,127.377815051681,36.3548689151965
대전광역시 서구,8001,I201,MA010120220812550699,윤이불닭발,백반/한정식,30170597,관저2동,127.336681430181,36.2950814434308
대전광역시 서구,8001,I201,MA010120220809857385,좋은숯불갈비,돼지고기 구이/찜,30170582,갈마2동,127.377896993838,36.3418556841004
대전광역시 서구,8001,I201,MA010120220811227522,정다운식당,백반/한정식,30170590,가수원동,127.351883081814,36.3013279342139
대전광역시 서구,8001,I201,MA010120220814244563,명량실내포차,백반/한정식,30170581,갈마1동,127.368025255236,36.346067950054
대전광역시 서구,8001,I201,MA010120220812011025,이정불고기백반,돼지고기 구이/찜,30170520,도마1동,127.373533144142,36.3214216747185
대전광역시 서구,8001,I201,MA010120220813417088,본가드리오리,백반/한정식,30170582,갈마2동,127.366300975619,36.3394405884322
대전광역시 서구,8001,I201,MA010120220814291574,육하원칙,돼지고기 구이/찜,30170535,정림동,127.370637179456,36.3048399494645
대전광역시 서구,8001,I201,MA010120220808222985,해와달,백반/한정식,30170600,기성동,127.340331411309,36.2716673033664
대전광역시 서구,8001,I201,MA010120220807079294,꼼장어랑석쇠구이,횟집,30170586,월평1동,127.360473626488,36.3559768627761
대전광역시 서구,8001,I201,MA010120220813557219,워낭,돼지고기 구이/찜,30170582,갈마2동,127.375160204283,36.3472172922846
대전광역시 서구,8001,I201,MA010120220810314694,박정순생갈비김치,돼지고기 구이/찜,30170596,관저1동,127.333925623803,36.306714442283
대전광역시 서구,8001,I201,MA010120220811884938,한솔정육식당,소고기 구이/찜,30170660,둔산3동,127.400768173526,36.3510452521601
대전광역시 서구,8001,I201,MA0101202211A0043154,쌈돈66-35,백반/한정식,30170535,정림동,127.366983729444,36.3068878913005
대전광역시 서구,8001,I201,MA0101202302A0035539,오리돼통령,돼지고기 구이/찜,30170560,괴정동,127.382918550684,36.3368561935536
대전광역시 서구,8001,I201,MA0101202303A0006537,오지네소국밥,국/탕/찌개류,30170582,갈마2동,127.374129743846,36.3460489944301
대전광역시 서구,8001,I201,MA0101202303A0068403,대박해물칼국수,국수/칼국수,30170586,월평1동,127.364427967625,36.3558116682793
대전광역시 서구,8001,I201,MA0101202303A0033466,이하선삼동오징어,횟집,30170660,둔산3동,127.398291273726,36.3503145706416
대전광역시 서구,8001,I201,MA0101202303A0094990,원조우리식당,백반/한정식,30170600,기성동,127.340740353165,36.2556429950487
대전광역시 서구,8001,I201,MA0101202301A0079456,마숑,백반/한정식,30170581,갈마1동,127.372756597756,36.3477655193715
대전광역시 서구,8001,I201,MA0101202211A0016567,솔밭샤브,백반/한정식,30170640,둔산2동,127.377806472921,36.3530936285525
대전광역시 서구,8001,I201,MA0101202303A0114229,원국수,국수/칼국수,30170575,내동,127.372762621015,36.3350048405844
대전광역시 서구,8001,I201,MA0101202302A0000181,좋은대패,돼지고기 구이/찜,30170540,변동,127.375587369044,36.3224966530593
대전광역시 서구,8001,I201,MA0101202303A0013814,퐁당,백반/한정식,30170640,둔산2동,127.377280422551,36.3548976396629
대전광역시 서구,8001,I201,MA0101202302A0054448,이동수순대국밥,백반/한정식,30170540,변동,127.379596895264,36.3248811234883
대전광역시 서구,8001,I201,MA0101202303A0041441,본도시락,백반/한정식,30170593,도안동,127.339423407111,36.331823882445
대전광역시 서구,8001,I201,MA0101202301A0027579,공주칼국수,국수/칼국수,30170581,갈마1동,127.369205157525,36.3458750635856
대전광역시 서구,8001,I201,MA0101202303A0090007,순곱궁순대곱창전골,백반/한정식,30170630,둔산1동,127.388132924265,36.3528893096298
대전광역시 서구,8001,I201,MA0101202212A0061987,원조강릉칼국수,국수/칼국수,30170650,만년동,127.380981727558,36.3691244323089
대전광역시 서구,8001,I201,MA0101202302A0032586,마성소국밥앤족발,백반/한정식,30170596,관저1동,127.335483863641,36.3039885069208
대전광역시 서구,8001,I201,MA0101202302A0104133,부산면관,냉면/밀면,30170596,관저1동,127.342648329748,36.3077801915028
대전광역시 서구,8001,I201,MA0101202302A0015779,숯총각네,돼지고기 구이/찜,30170597,관저2동,127.33644786962,36.3003179810311
대전광역시 서구,8001,I201,MA0101202211A0054281,진짜배기명태촌,해산물 구이/찜,30170550,용문동,127.388814790063,36.3354223091146
대전광역시 서구,8001,I201,MA0101202212A0064906,큰나무사천훠궈양꼬치,돼지고기 구이/찜,30170586,월평1동,127.363324969068,36.3558060154432
대전광역시 서구,8001,I201,MA0101202302A0038081,육화탄,백반/한정식,30170560,괴정동,127.388602332592,36.3397396361538
대전광역시 서구,8001,I201,MA0101202302A0036995,리파인,백반/한정식,30170597,관저2동,127.336703328581,36.297586674378
대전광역시 서구,8001,I201,MA010120220808584277,문정로설렁탕본가,국/탕/찌개류,30170555,탄방동,127.383420058592,36.343730561509
대전광역시 서구,8001,I201,MA010120220808347594,조풍연실비집,기타 한식 음식점,30170586,월평1동,127.361826567702,36.3570271478834
대전광역시 서구,8001,I201,MA010120220813368256,서가네추어탕,국/탕/찌개류,30170550,용문동,127.38911605498,36.3355294698754
대전광역시 서구,8001,I201,MA010120220808357707,청석골쪽갈비,돼지고기 구이/찜,30170582,갈마2동,127.375451741098,36.3476128939265
대전광역시 서구,8001,I201,MA010120220811107710,통영통큰푸드,백반/한정식,30170582,갈마2동,127.375146056522,36.3419454571048
대전광역시 서구,8001,I201,MA010120220809931107,맛깔참죽대청,백반/한정식,30170535,정림동,127.369895621286,36.3081315600003
대전광역시 서구,8001,I201,MA010120220813637008,얼큰이칼국수,국수/칼국수,30170530,도마2동,127.377866552385,36.3171004155543
대전광역시 서구,8001,I201,MA010120220811830870,큰맘할매순대국,국/탕/찌개류,30170593,도안동,127.341347693806,36.3312416476953
대전광역시 서구,8001,I201,MA010120220807070398,황코봉,백반/한정식,30170535,정림동,127.368205513312,36.3086234154072
대전광역시 서구,8001,I201,MA010120220806820586,금복주류대전,백반/한정식,30170555,탄방동,127.39341381069,36.3462844529551
대전광역시 서구,8001,I201,MA010120220813803373,장어대가수산,해산물 구이/찜,30170540,변동,127.378673016199,36.3226761653407
대전광역시 서구,8001,I201,MA010120220810230571,교반도안,백반/한정식,30170593,도안동,127.351178490947,36.3055835891778
대전광역시 서구,8001,I201,MA010120220806834485,도마설렁탕,국/탕/찌개류,30170520,도마1동,127.380202696337,36.31432638496
대전광역시 서구,8001,I201,MA010120220813722578,마시옷,백반/한정식,30170597,관저2동,127.335638153054,36.2958233478829
대전광역시 서구,8001,I201,MA010120220812358235,석갈비고기냉면진미면옥,국수/칼국수,30170581,갈마1동,127.368587203602,36.3471205939268
대전광역시 서구,8001,I201,MA010120220807090532,동동국수,국수/칼국수,30170560,괴정동,127.389542691581,36.3406828097712
대전광역시 서구,8001,I201,MA010120220809957942,대선타임월드,국수/칼국수,30170640,둔산2동,127.378168576315,36.3519479912434
대전광역시 서구,8001,I201,MA010120220811819783,소나무풍경,백반/한정식,30170560,괴정동,127.383606780359,36.3363763627328
대전광역시 서구,8001,I201,MA010120220811192464,샤론반찬식당,백반/한정식,30170581,갈마1동,127.368158404046,36.3435893054437
대전광역시 서구,8001,I201,MA010120220811410367,놀부네남원추어탕,국/탕/찌개류,30170586,월평1동,127.361325215841,36.3570286649938
대전광역시 서구,8001,I201,MA010120220810326782,알찬하루,국/탕/찌개류,30170640,둔산2동,127.377806472921,36.3530936285525
대전광역시 서구,8001,I201,MA010120220806843866,서울빈대떡,전/부침개,30170520,도마1동,127.382049829237,36.3163391395551
대전광역시 서구,8001,I201,MA010120220812102486,블랙맘바,백반/한정식,30170586,월평1동,127.36414835188,36.3555782153317
대전광역시 서구,8001,I201,MA010120220808053035,손수차림,돼지고기 구이/찜,30170575,내동,127.367371064347,36.3348593228467
대전광역시 서구,8001,I201,MA010120220812924403,소문난우리집,돼지고기 구이/찜,30170640,둔산2동,127.382255172141,36.3538184431352
대전광역시 서구,8001,I201,MA010120220812345653,선사삼계탕,국/탕/찌개류,30170587,월평2동,127.378406003054,36.3595711734789
대전광역시 서구,8001,I201,MA010120220811882475,양푼왕갈비,돼지고기 구이/찜,30170560,괴정동,127.390024530748,36.3390230739479
대전광역시 서구,8001,I201,MA010120220812906718,인만면옥,냉면/밀면,30170520,도마1동,127.380068176996,36.3164355744781
대전광역시 서구,8001,I201,MA010120220811835030,대왕탕탕이,백반/한정식,30170570,가장동,127.38656775522,36.336006351426
대전광역시 서구,8001,I201,MA010120220812071297,엄마손보리밥,백반/한정식,30170555,탄방동,127.382062833176,36.3440953786774
대전광역시 서구,8001,I201,MA010120220813333845,연화,백반/한정식,30170582,갈마2동,127.374121665058,36.3466888545132
대전광역시 서구,8001,I201,MA010120220810149023,태평소국밥,국/탕/찌개류,30170640,둔산2동,127.377788981574,36.354084975872
대전광역시 서구,8001,I201,MA010120220810799819,연선생,백반/한정식,30170587,월평2동,127.377859503538,36.3594557504063
대전광역시 서구,8001,I201,MA010120220813453380,흥남면옥,냉면/밀면,30170555,탄방동,127.383277490452,36.3464615811116
대전광역시 서구,8001,I201,MA010120220812778938,닭도리탕1.0,백반/한정식,30170535,정림동,127.366294861252,36.3048172850673
대전광역시 서구,8001,I201,MA010120220814288843,맛신사,백반/한정식,30170560,괴정동,127.382302739276,36.3407602598748
대전광역시 서구,8001,I201,MA010120220808337002,예담추어정,백반/한정식,30170597,관저2동,127.332287983642,36.3012488221653
대전광역시 서구,8001,I201,MA010120220808098476,담,돼지고기 구이/찜,30170593,도안동,127.346286307254,36.3247389498523
대전광역시 서구,8001,I201,MA010120220810800944,가왕7080라이브,백반/한정식,30170555,탄방동,127.394717232482,36.3462981783288
대전광역시 서구,8001,I201,MA010120220808789888,해피드림푸드,백반/한정식,30170550,용문동,127.392497304579,36.3367980843875
대전광역시 서구,8001,I201,MA010120220808746987,양연화로,돼지고기 구이/찜,30170597,관저2동,127.338195495616,36.3002499675498
대전광역시 서구,8001,I201,MA010120220812596120,착한감자탕,국/탕/찌개류,30170570,가장동,127.385903253244,36.3322596016007
대전광역시 서구,8001,I201,MA010120220808034528,제주토종국수,국수/칼국수,30170586,월평1동,127.361665797192,36.3559912838057
대전광역시 서구,8001,I201,MA010120220808759143,양평칼국수,국수/칼국수,30170587,월평2동,127.378439498841,36.3618870832027
대전광역시 서구,8001,I201,MA010120220809890153,엄마국수,국수/칼국수,30170575,내동,127.367782245269,36.3393999920739
대전광역시 서구,8001,I201,MA010120220813443092,황금새우나라,횟집,30170581,갈마1동,127.367870963411,36.3487899760153
대전광역시 서구,8001,I201,MA010120220807279846,볼빨간아구찜대전,해산물 구이/찜,30170570,가장동,127.391339478395,36.3324582081482
대전광역시 서구,8001,I201,MA010120220811684433,국밥일번지,국/탕/찌개류,30170555,탄방동,127.395991616355,36.3471771137207
대전광역시 서구,8001,I201,MA010120220812787621,제이&티푸드,돼지고기 구이/찜,30170596,관저1동,127.336356273044,36.3049142743773
대전광역시 서구,8001,I201,MA010120220810115493,소소,돼지고기 구이/찜,30170590,가수원동,127.349315884734,36.3023628111474
대전광역시 서구,8001,I201,MA010120220808755615,송추식당,횟집,30170555,탄방동,127.395311715924,36.3404926427964
대전광역시 서구,8001,I201,MA010120220810449684,199숯불갈비,돼지고기 구이/찜,30170650,만년동,127.374757868902,36.3655394269051
대전광역시 서구,8001,I201,MA010120220813530271,전주전집,전/부침개,30170555,탄방동,127.395129852273,36.3463869322319
대전광역시 서구,8001,I201,MA010120220809757473,진짜배기명태촌,해산물 구이/찜,30170550,용문동,127.388814790063,36.3354223091146
대전광역시 서구,8001,I201,MA010120220811336662,제주참순대,국/탕/찌개류,30170597,관저2동,127.335442493788,36.299527764126
대전광역시 서구,8001,I201,MA010120220808029312,봉추찜닭대전둔산,닭/오리고기 구이/찜,30170640,둔산2동,127.3805335878,36.3526073524626
대전광역시 서구,8001,I201,MA010120220810055639,먹고을,돼지고기 구이/찜,30170650,만년동,127.37546057287,36.3656904200824
대전광역시 서구,8001,I201,MA010120220811484311,시골순대,국/탕/찌개류,30170586,월평1동,127.354617834656,36.3520472375684
대전광역시 서구,8001,I201,MA010120220813828389,안녕닭,백반/한정식,30170593,도안동,127.33865350934,36.3315016419277
대전광역시 서구,8001,I201,MA010120220806771510,다랑,횟집,30170560,괴정동,127.38979362973,36.3396276154102
대전광역시 서구,8001,I201,MA010120220814307484,온천칼국수관저,국수/칼국수,30170596,관저1동,127.334392944977,36.3066410414573
대전광역시 서구,8001,I201,MA010120220812972077,먹자촌,백반/한정식,30170550,용문동,127.390500969285,36.3385168593626
대전광역시 서구,8001,I201,MA010120220808149496,민들레만두전골,백반/한정식,30170660,둔산3동,127.398137442869,36.3551093291822
대전광역시 서구,8001,I201,MA010120220809364160,황소삼춘네,돼지고기 구이/찜,30170597,관저2동,127.337910855176,36.3013682401227
대전광역시 서구,8001,I201,MA010120220811994563,도마육류정육식당,소고기 구이/찜,30170540,변동,127.376724130614,36.3226733116465
대전광역시 서구,8001,I201,MA010120220806910998,지성이해물찜,해산물 구이/찜,30170593,도안동,127.343838569197,36.3227363845109
대전광역시 서구,8001,I201,MA010120220812257276,우화곱창,곱창 전골/구이,30170640,둔산2동,127.375138125288,36.3519034728972
대전광역시 서구,8001,I201,MA010120220814347961,돈돼지참숯뒷고기,돼지고기 구이/찜,30170570,가장동,127.389173828553,36.3337089041111
대전광역시 서구,8001,I201,MA010120220813180131,한돈숯불갈비,돼지고기 구이/찜,30170593,도안동,127.341069295477,36.3312514542534
대전광역시 서구,8001,I201,MA010120220811959691,양마니명동찌개마을,국/탕/찌개류,30170630,둔산1동,127.388656529099,36.3528876077313
대전광역시 서구,8001,I201,MA010120220814357168,쫄면예찬1992,국수/칼국수,30170640,둔산2동,127.381636551455,36.3594617696271
대전광역시 서구,8001,I201,MA010120220813438338,제주돼지고맛,돼지고기 구이/찜,30170587,월평2동,127.37728140154,36.3620259216767
대전광역시 서구,8001,I201,MA0101202210A0059623,그레이비2,백반/한정식,30170640,둔산2동,127.376513330121,36.3506104675219
대전광역시 서구,8001,I201,MA0101202210A0008245,왔따쪽갈비,돼지고기 구이/찜,30170555,탄방동,127.392363452767,36.3434221684292
대전광역시 서구,8001,I201,MA0101202210A0052656,오봉집대전,백반/한정식,30170510,복수동,127.380443484841,36.2974194510025
대전광역시 서구,8001,I201,MA010120220814383805,탄방골참순대,국/탕/찌개류,30170555,탄방동,127.390751450284,36.3462931881061
대전광역시 서구,8001,I201,MA010120220812770842,사탄곱창,곱창 전골/구이,30170660,둔산3동,127.397024087772,36.3508685039382
대전광역시 서구,8001,I201,MA010120220810542632,엄마손맛시골밥상,백반/한정식,30170597,관저2동,127.324293183502,36.2956203481266
대전광역시 서구,8001,I201,MA010120220813693014,오봉집대전가,돼지고기 구이/찜,30170593,도안동,127.349856019009,36.3061371878565
대전광역시 서구,8001,I201,MA010120220810590713,대박육회,소고기 구이/찜,30170510,복수동,127.37757391072,36.2979782688806
대전광역시 서구,8001,I201,MA010120220813835553,이게짜글이유,백반/한정식,30170597,관저2동,127.336422251601,36.2943522133859
대전광역시 서구,8001,I201,MA010120220813916444,동녘에회뜰때,횟집,30170520,도마1동,127.370771964397,36.3262515802889
대전광역시 서구,8001,I201,MA010120220812338514,불티나,백반/한정식,30170650,만년동,127.381002079951,36.3687278516589
대전광역시 서구,8001,I201,MA010120220812966377,제일막곱창,곱창 전골/구이,30170530,도마2동,127.378177343703,36.31689216132
대전광역시 서구,8001,I201,MA010120220807000437,본죽&비빔밥,백반/한정식,30170597,관저2동,127.326566721128,36.2962179539618
대전광역시 서구,8001,I201,MA010120220809412502,싱글벙글,백반/한정식,30170630,둔산1동,127.388141110568,36.3590262771513
대전광역시 서구,8001,I201,MA010120220810183562,미나리솥뚜껑,돼지고기 구이/찜,30170560,괴정동,127.38790122289,36.3398680785281
대전광역시 서구,8001,I201,MA010120220809333836,엄마순대,국/탕/찌개류,30170535,정림동,127.367510563598,36.3028940357772
대전광역시 서구,8001,I201,MA010120220813642772,남도항아리,백반/한정식,30170660,둔산3동,127.398448934834,36.3506474795568
대전광역시 서구,8001,I201,MA010120220809966886,섬마을홍어아가씨,횟집,30170586,월평1동,127.360258388429,36.3527873524971
대전광역시 서구,8001,I201,MA010120220809197535,용문짚불삼겹살,돼지고기 구이/찜,30170550,용문동,127.388814790063,36.3354223091146
대전광역시 서구,8001,I201,MA010120220810537835,백년집,돼지고기 구이/찜,30170596,관저1동,127.333937872122,36.3069757511086
대전광역시 서구,8001,I201,MA010120220813403014,떼루아335,백반/한정식,30170550,용문동,127.38911605498,36.3355294698754
대전광역시 서구,8001,I201,MA010120220810001592,콩순이싸돈24시,백반/한정식,30170586,월평1동,127.364196525987,36.3563530786828
대전광역시 서구,8001,I201,MA010120220808741693,두마리찜닭두찜,닭/오리고기 구이/찜,30170596,관저1동,127.336727576386,36.3032280165456
대전광역시 서구,8001,I201,MA010120220809372976,시크릿,백반/한정식,30170560,괴정동,127.388227285732,36.3404798196106
대전광역시 서구,8001,I201,MA010120220812070713,노가족봉,족발/보쌈,30170510,복수동,127.375872764681,36.2984342203355
대전광역시 서구,8001,I201,MA010120220811850107,싸움의고수,족발/보쌈,30170582,갈마2동,127.368734229621,36.3475887517555
대전광역시 서구,8001,I201,MA010120220807719135,정직덮밥,기타 한식 음식점,30170593,도안동,127.353912088526,36.3093244463451
대전광역시 서구,8001,I201,MA010120220813008886,꼬기맛짱,돼지고기 구이/찜,30170597,관저2동,127.321777203521,36.2929055664962
대전광역시 서구,8001,I201,MA010120220808839291,참맛있는칼국수,국수/칼국수,30170587,월평2동,127.37766383835,36.3627726872507
대전광역시 서구,8001,I201,MA010120220810804039,삼백상회,돼지고기 구이/찜,30170550,용문동,127.390500969285,36.3385168593626
대전광역시 서구,8001,I201,MA010120220810175935,이금신진주냉면,냉면/밀면,30170520,도마1동,127.370626546403,36.3261168544475
대전광역시 서구,8001,I201,MA010120220813274350,삼촌집,돼지고기 구이/찜,30170593,도안동,127.351441726671,36.307177908616
대전광역시 서구,8001,I201,MA010120220810489612,하모니식당,백반/한정식,30170582,갈마2동,127.368300035255,36.3523753320846
대전광역시 서구,8001,I201,MA010120220814033713,행복식당,백반/한정식,30170582,갈마2동,127.373768253775,36.3473297951419
대전광역시 서구,8001,I201,MA010120220807216111,주안,백반/한정식,30170587,월평2동,127.377691510529,36.3592760468109
대전광역시 서구,8001,I201,MA010120220811714935,등촌샤브칼국수,국수/칼국수,30170560,괴정동,127.388397678317,36.3411461363167
대전광역시 서구,8001,I201,MA010120220807282627,돈방제주,돼지고기 구이/찜,30170550,용문동,127.390704972532,36.3392191101804
대전광역시 서구,8001,I201,MA010120220806760449,낙원진갈비,돼지고기 구이/찜,30170596,관저1동,127.334392944977,36.3066410414573
대전광역시 서구,8001,I201,MA010120220814268958,스몰피쉬,횟집,30170560,괴정동,127.388264952485,36.33909188573
대전광역시 서구,8001,I201,MA010120220810030491,기깔난,돼지고기 구이/찜,30170597,관저2동,127.336380479598,36.2975875831069
대전광역시 서구,8001,I201,MA010120220811722287,본죽&비빔밥,백반/한정식,30170596,관저1동,127.341151052055,36.306567876928
대전광역시 서구,8001,I201,MA010120220811799851,가나안농장식당,돼지고기 구이/찜,30170582,갈마2동,127.379121930452,36.3440777094406
대전광역시 서구,8001,I201,MA010120220807777883,정일품설렁탕,국/탕/찌개류,30170640,둔산2동,127.382612596255,36.3471756403669
대전광역시 서구,8001,I201,MA010120220808514847,끝판왕소곱창,곱창 전골/구이,30170586,월평1동,127.365140947937,36.3558004799093
대전광역시 서구,8001,I201,MA010120220809645518,자매생고기,돼지고기 구이/찜,30170588,월평3동,127.366302493825,36.3611679228636
대전광역시 서구,8001,I201,MA010120220812671098,깜상,백반/한정식,30170550,용문동,127.395721996076,36.3379229329319
대전광역시 서구,8001,I201,MA010120220812433359,명태마을,해산물 구이/찜,30170597,관저2동,127.337783280367,36.2976016519661
대전광역시 서구,8001,I201,MA0101202210A0051965,쌈패,백반/한정식,30170520,도마1동,127.381326721834,36.3141966394969
대전광역시 서구,8001,I201,MA0101202210A0013997,국수나무,국수/칼국수,30170555,탄방동,127.3947457314,36.3409090545591
대전광역시 서구,8001,I201,MA010120220808343477,백파식당,횟집,30170587,월평2동,127.377289106942,36.3613139703905
대전광역시 서구,8001,I201,MA0101202210A0085753,흥남면옥,냉면/밀면,30170555,탄방동,127.383277490452,36.3464615811116
대전광역시 서구,8001,I201,MA0101202209A0059035,바우네나주곰탕,국/탕/찌개류,30170640,둔산2동,127.387194135846,36.3590383613246
대전광역시 서구,8001,I201,MA0101202209A0071860,전통칼국수식당,국수/칼국수,30170555,탄방동,127.392478221688,36.3396548762649
대전광역시 서구,8001,I201,MA010120220808064291,빙빙축산정육식당,소고기 구이/찜,30170575,내동,127.374933836494,36.332528822289
대전광역시 서구,8001,I201,MA0101202209A0101366,홍춘천치즈닭갈비,닭/오리고기 구이/찜,30170593,도안동,127.35118962479,36.3055835564728
대전광역시 서구,8001,I201,MA0101202209A0011842,고반식당대전가,돼지고기 구이/찜,30170593,도안동,127.352670304003,36.3055521623558
대전광역시 서구,8001,I201,MA0101202209A0027441,매일대패삼겹&대구막창,돼지고기 구이/찜,30170520,도마1동,127.381639337232,36.3143668661543
대전광역시 서구,8001,I201,MA0101202209A0079538,노랑꽃돼지,돼지고기 구이/찜,30170575,내동,127.374933836494,36.332528822289
대전광역시 서구,8001,I201,MA0101202210A0072923,백억수제숯불갈비,돼지고기 구이/찜,30170575,내동,127.374933836494,36.332528822289
대전광역시 서구,8001,I201,MA0101202209A0030036,우리한우마을,소고기 구이/찜,30170597,관저2동,127.337160199518,36.2950981180407
대전광역시 서구,8001,I201,MA0101202210A0030967,육회왕자연어공주,소고기 구이/찜,30170560,괴정동,127.38790122289,36.3398680785281
대전광역시 서구,8001,I201,MA010120220813185791,아리랑식당,돼지고기 구이/찜,30170560,괴정동,127.382572515699,36.3367041016571
대전광역시 서구,8001,I201,MA010120220813418577,엉뚱이김치찌개,백반/한정식,30170597,관저2동,127.338906922368,36.299995621617
대전광역시 서구,8001,I201,MA010120220813756869,오로라매운쭈꾸미칼국수,국수/칼국수,30170640,둔산2동,127.387194135846,36.3590383613246
대전광역시 서구,8001,I201,MA010120220809831202,본죽&비빔밥월평,백반/한정식,30170586,월평1동,127.361665797192,36.3559912838057
대전광역시 서구,8001,I201,MA010120220808519308,청실홍실,백반/한정식,30170660,둔산3동,127.399283575139,36.3504734704849
대전광역시 서구,8001,I201,MA010120220809301384,춘천숯불애닭갈비,닭/오리고기 구이/찜,30170597,관저2동,127.337168113254,36.2943501124891
대전광역시 서구,8001,I201,MA010120220808398495,더참맛수육국밥앤보쌈,백반/한정식,30170596,관저1동,127.333904500857,36.3043714252622
대전광역시 서구,8001,I201,MA010120220810350755,엉터리해장국,국/탕/찌개류,30170640,둔산2동,127.376902262065,36.3527179906439
대전광역시 서구,8001,I201,MA010120220807753935,리아토,백반/한정식,30170650,만년동,127.382593911161,36.3683983426905
대전광역시 서구,8001,I201,MA010120220813681829,묵사랑죽사랑,백반/한정식,30170520,도마1동,127.382395332678,36.3164011174316
대전광역시 서구,8001,I201,MA010120220812672511,대대손손,백반/한정식,30170593,도안동,127.350436232955,36.3064148551181
대전광역시 서구,8001,I201,MA010120220812749491,깜댕이.위아래복집,복 요리 전문,30170597,관저2동,127.336114572237,36.3004811315537
대전광역시 서구,8001,I201,MA010120220810969257,이차돌대전,소고기 구이/찜,30170640,둔산2동,127.375657394808,36.3510006666392
대전광역시 서구,8001,I201,MA010120220808100649,한마음정육식당,돼지고기 구이/찜,30170586,월평1동,127.364720197502,36.3563604931561
대전광역시 서구,8001,I201,MA010120220806841228,늘솔길,백반/한정식,30170596,관저1동,127.335454438015,36.3049168081884
대전광역시 서구,8001,I201,MA010120220809203562,여기가,백반/한정식,30170597,관저2동,127.335935901042,36.3003554679746
대전광역시 서구,8001,I201,MA010120220807146169,주황에프앤비,백반/한정식,30170640,둔산2동,127.374443104613,36.3510044778183
대전광역시 서구,8001,I201,MA010120220808849661,이모네생막창,곱창 전골/구이,30170555,탄방동,127.397825770874,36.348594877916
대전광역시 서구,8001,I201,MA010120220812398437,연향,백반/한정식,30170640,둔산2동,127.380964554596,36.3518850395185
대전광역시 서구,8001,I201,MA0101202210A0080477,소풍카페,백반/한정식,30170550,용문동,127.395539614855,36.3393023363426
대전광역시 서구,8001,I201,MA0101202209A0001394,싸다아구찜&전설낙곱새대전,횟집,30170660,둔산3동,127.400419872343,36.3504696682696
대전광역시 서구,8001,I201,MA010120220813295425,하얼번,돼지고기 구이/찜,30170582,갈마2동,127.374094687099,36.3457066573606
대전광역시 서구,8001,I201,MA0101202209A0002803,어부박씨,횟집,30170593,도안동,127.351267542616,36.308061579161
대전광역시 서구,8001,I201,MA010120220806957823,본죽도안,백반/한정식,30170593,도안동,127.339857812218,36.3318316597914
대전광역시 서구,8001,I201,MA010120220811903297,30년전통옛날손칼국수,국수/칼국수,30170581,갈마1동,127.368519817024,36.3540958985379
대전광역시 서구,8001,I201,MA010120220807102865,이레들깨수제비,국수/칼국수,30170510,복수동,127.377702887692,36.2993296357563
대전광역시 서구,8001,I201,MA010120220812929624,정담,백반/한정식,30170593,도안동,127.343566850525,36.3191865146725
대전광역시 서구,8001,I201,MA010120220807758475,빛고을,백반/한정식,30170555,탄방동,127.383835261638,36.3443510399581
대전광역시 서구,8001,I201,MA010120220807071111,제이포크축산정육식당,돼지고기 구이/찜,30170560,괴정동,127.386889787399,36.3403129335187
대전광역시 서구,8001,I201,MA010120220813663518,오!대패삼겹살,돼지고기 구이/찜,30170597,관저2동,127.324701421323,36.297421609588
대전광역시 서구,8001,I201,MA010120220808774372,요리하는머구리,횟집,30170586,월평1동,127.365202378017,36.3570258895224
대전광역시 서구,8001,I201,MA010120220813656684,릴라밥집,백반/한정식,30170555,탄방동,127.39091884233,36.3418949038412
대전광역시 서구,8001,I201,MA0101202209A0047409,백담김치찜,국/탕/찌개류,30170640,둔산2동,127.377802952814,36.3546706950867
대전광역시 서구,8001,I201,MA010120220813165218,유리네,백반/한정식,30170530,도마2동,127.373672401482,36.317933673675
대전광역시 서구,8001,I201,MA010120220808022279,신촌,백반/한정식,30170650,만년동,127.379915664467,36.3675868224997
대전광역시 서구,8001,I201,MA010120220810183338,황제명태덕장,해산물 구이/찜,30170510,복수동,127.38044042169,36.2967886326655
대전광역시 서구,8001,I201,MA010120220808109526,대장터뒷고기,돼지고기 구이/찜,30170555,탄방동,127.392754584097,36.345890104295
대전광역시 서구,8001,I201,MA010120220811905323,뜨레,백반/한정식,30170593,도안동,127.339498242305,36.3311027266794
대전광역시 서구,8001,I201,MA010120220809886274,천복순대국밥,백반/한정식,30170597,관저2동,127.337352592642,36.2958275348226
대전광역시 서구,8001,I201,MA010120220812996970,나무오향족발,족발/보쌈,30170560,괴정동,127.387497552184,36.3393286822501
대전광역시 서구,8001,I201,MA010120220814388690,바다양푼이동태탕,국/탕/찌개류,30170597,관저2동,127.336454900111,36.2993627063432
대전광역시 서구,8001,I201,MA010120220810322908,행복식당2,백반/한정식,30170530,도마2동,127.376407420818,36.3123918452455
대전광역시 서구,8001,I201,MA010120220813052028,참숯향생선구이,해산물 구이/찜,30170640,둔산2동,127.38218026373,36.3498895611168
대전광역시 서구,8001,I201,MA010120220808004480,더올리브키친,백반/한정식,30170640,둔산2동,127.377809782405,36.3537785107725
대전광역시 서구,8001,I201,MA010120220812147027,순우리뼈감자탕,국/탕/찌개류,30170510,복수동,127.379432508865,36.2978552313581
대전광역시 서구,8001,I201,MA010120220807072666,솔담,백반/한정식,30170640,둔산2동,127.381367542776,36.352280270917
대전광역시 서구,8001,I201,MA010120220806959022,수정자갈치꼼장어,횟집,30170535,정림동,127.365609702867,36.3059188245713
대전광역시 서구,8001,I201,MA010120220813329634,대박왕족발,족발/보쌈,30170520,도마1동,127.382749989501,36.3160575339899
대전광역시 서구,8001,I201,MA010120220807823206,순여사네,국수/칼국수,30170590,가수원동,127.349542412958,36.3032272848159
대전광역시 서구,8001,I201,MA010120220810323129,내가찜한닭,닭/오리고기 구이/찜,30170520,도마1동,127.370443159344,36.3226659066778
대전광역시 서구,8001,I201,MA010120220807172514,보끄미,백반/한정식,30170640,둔산2동,127.380598458515,36.3544906005236
대전광역시 서구,8001,I201,MA010120220813211932,그린사계밥,백반/한정식,30170586,월평1동,127.359110739768,36.3551789209358
대전광역시 서구,8001,I201,MA010120220812239208,비산비야,돼지고기 구이/찜,30170597,관저2동,127.336453893837,36.299128401345
대전광역시 서구,8001,I201,MA010120220807016056,본우리집밥롯데대전점,백반/한정식,30170560,괴정동,127.389542691581,36.3406828097712
대전광역시 서구,8001,I201,MA010120220808738847,유로고기대왕비빔밥,돼지고기 구이/찜,30170586,월평1동,127.357770203604,36.3543899082049
대전광역시 서구,8001,I201,MA010120220814014267,국수사랑,국수/칼국수,30170593,도안동,127.346730612422,36.3244763196864
대전광역시 서구,8001,I201,MA010120220812469347,수상한푸전마차,백반/한정식,30170520,도마1동,127.380793818156,36.3145227631337
대전광역시 서구,8001,I201,MA0101202209A0095812,고향부침개,전/부침개,30170520,도마1동,127.382164481724,36.3170146580555
대전광역시 서구,8001,I201,MA010120220810172690,오다가다,백반/한정식,30170575,내동,127.37845402919,36.3326619160077
대전광역시 서구,8001,I201,MA010120220807999710,유가네숯불갈비,돼지고기 구이/찜,30170581,갈마1동,127.368692313187,36.3457865293271
대전광역시 서구,8001,I201,MA010120220811692012,더맘마,백반/한정식,30170597,관저2동,127.338383552234,36.2973926822712
대전광역시 서구,8001,I201,MA010120220813539097,묵은지제육백반,백반/한정식,30170640,둔산2동,127.377071963104,36.3555651666805
대전광역시 서구,8001,I201,MA010120220813540724,둔산백반,백반/한정식,30170630,둔산1동,127.388065816491,36.3505915325733
대전광역시 서구,8001,I201,MA010120220813682410,신바람명태나라,해산물 구이/찜,30170586,월평1동,127.361150688298,36.3554251017137
대전광역시 서구,8001,I201,MA010120220813503888,자매식당,백반/한정식,30170550,용문동,127.389700087771,36.334265919172
대전광역시 서구,8001,I201,MA010120220814094583,촌길낙지,해산물 구이/찜,30170555,탄방동,127.386248042885,36.3434420902439
대전광역시 서구,8001,I201,MA010120220814235137,송가네칼국시,국수/칼국수,30170640,둔산2동,127.380791743406,36.3507140630827
대전광역시 서구,8001,I201,MA010120220807063144,밥한톨,백반/한정식,30170581,갈마1동,127.373090010389,36.352270355113
대전광역시 서구,8001,I201,MA010120220813532307,진성아구찜,해산물 구이/찜,30170593,도안동,127.35097914398,36.3083057453847
대전광역시 서구,8001,I201,MA010120220812672275,햇잎갈비도시락,돼지고기 구이/찜,30170630,둔산1동,127.389850587461,36.3532892464577
대전광역시 서구,8001,I201,MA010120220812814382,부뚜막생고기,돼지고기 구이/찜,30170560,괴정동,127.388101093087,36.3397412649461
대전광역시 서구,8001,I201,MA010120220813590446,박선희황태어글탕,백반/한정식,30170587,월평2동,127.377691510529,36.3592760468109
대전광역시 서구,8001,I201,MA010120220813519204,우리집,백반/한정식,30170540,변동,127.376953209562,36.3263043406844
대전광역시 서구,8001,I201,MA010120220813563892,마이램MYLAMB,돼지고기 구이/찜,30170640,둔산2동,127.379865770793,36.352735641742
대전광역시 서구,8001,I201,MA010120220813133566,국시명가,국수/칼국수,30170597,관저2동,127.336692255831,36.3001911273425
대전광역시 서구,8001,I201,MA010120220812906779,축협정육식당,소고기 구이/찜,30170582,갈마2동,127.376997044345,36.3469591824357
대전광역시 서구,8001,I201,MA010120220813719014,식껍,돼지고기 구이/찜,30170597,관저2동,127.335457176968,36.3003568121034
대전광역시 서구,8001,I201,MA010120220809835763,369대패삼겹&팔도막국수,백반/한정식,30170593,도안동,127.350963163595,36.3072243735804
대전광역시 서구,8001,I201,MA010120220808479265,소문난집,백반/한정식,30170660,둔산3동,127.397296778527,36.3497231060819
대전광역시 서구,8001,I201,MA010120220812470617,풍국면세이,국수/칼국수,30170555,탄방동,127.388839115339,36.3470383895425
대전광역시 서구,8001,I201,MA010120220814018613,집밥,백반/한정식,30170530,도마2동,127.368569465316,36.3173457255637
대전광역시 서구,8001,I201,MA010120220809845805,월평식당,백반/한정식,30170586,월평1동,127.367022714473,36.3555694210776
대전광역시 서구,8001,I201,MA010120220813860037,숯불회전꼬치농원,백반/한정식,30170510,복수동,127.380842902112,36.2971388127188
대전광역시 서구,8001,I201,MA010120220808707745,울엄마양평해장국,국/탕/찌개류,30170560,괴정동,127.386916424268,36.3366901175771
대전광역시 서구,8001,I201,MA010120220808287361,신가네냉면,냉면/밀면,30170586,월평1동,127.364720197502,36.3563604931561
대전광역시 서구,8001,I201,MA010120220813162773,엄마손감자탕,국/탕/찌개류,30170582,갈마2동,127.377683222988,36.3460288048341
대전광역시 서구,8001,I201,MA010120220813692117,후포리붉은대게,해산물 구이/찜,30170593,도안동,127.349404151496,36.3071748691725
대전광역시 서구,8001,I201,MA010120220809418251,흥부네칼국수보리밥,국수/칼국수,30170590,가수원동,127.352122625509,36.3001286551843
대전광역시 서구,8001,I201,MA0101202210A0048970,메씨브,백반/한정식,30170640,둔산2동,127.376692745776,36.3508532193345
대전광역시 서구,8001,I201,MA0101202211A0078668,맛돌곱창구이,곱창 전골/구이,30170587,월평2동,127.377875796828,36.362826087478
대전광역시 서구,8001,I201,MA0101202209A0051655,힐스파사우나식당,백반/한정식,30170596,관저1동,127.334387304475,36.3027118984782
대전광역시 서구,8001,I201,MA010120220812868931,구미관,돼지고기 구이/찜,30170586,월평1동,127.364666341811,36.3567571743163
대전광역시 서구,8001,I201,MA010120220813814908,땅스부대찌개,국/탕/찌개류,30170582,갈마2동,127.37806699675,36.3424589345131
대전광역시 서구,8001,I201,MA010120220808833094,맛깔참죽탄방우리,백반/한정식,30170555,탄방동,127.383420058592,36.343730561509
대전광역시 서구,8001,I201,MA010120220812175186,푸드뱅크,백반/한정식,30170596,관저1동,127.333718606114,36.302551553824
대전광역시 서구,8001,I201,MA010120220810049788,엉클부대찌개,국/탕/찌개류,30170520,도마1동,127.373632599388,36.3235932061638
대전광역시 서구,8001,I201,MA010120220813799466,유성갈비,돼지고기 구이/찜,30170597,관저2동,127.337737739421,36.2973674727257
대전광역시 서구,8001,I201,MA010120220810170183,착한선희네식당,백반/한정식,30170540,변동,127.379510861626,36.3255122218256
대전광역시 서구,8001,I201,MA010120220807047917,텐시,백반/한정식,30170555,탄방동,127.395317403275,36.3460258419049
대전광역시 서구,8001,I201,MA010120220809277822,꼬수,돼지고기 구이/찜,30170581,갈마1동,127.36802987958,36.3541514790156
대전광역시 서구,8001,I201,MA010120220813152034,완미족발대전,족발/보쌈,30170581,갈마1동,127.368579376741,36.3478235351646
대전광역시 서구,8001,I201,MA010120220814377694,왕푸짐,백반/한정식,30170555,탄방동,127.388853167599,36.3476241076673
대전광역시 서구,8001,I201,MA010120220813006627,볶음연구소,백반/한정식,30170560,괴정동,127.382741160633,36.3347480074003
대전광역시 서구,8001,I201,MA010120220810111792,시골참순대,국/탕/찌개류,30170597,관저2동,127.337593220804,36.2999993381824
대전광역시 서구,8001,I201,MA010120220811850431,윤이불닭발,닭/오리고기 구이/찜,30170582,갈마2동,127.37740814008,36.3421185700467
대전광역시 서구,8001,I201,MA010120220811234131,껌뻑밀냉면,냉면/밀면,30170530,도마2동,127.37883038179,36.313772009789
대전광역시 서구,8001,I201,MA010120220806812680,백반집,백반/한정식,30170581,갈마1동,127.370559516536,36.356639914461
대전광역시 서구,8001,I201,MA010120220810190665,수푸드,국수/칼국수,30170597,관저2동,127.333990947855,36.3011449468639
대전광역시 서구,8001,I201,MA010120220812119399,정,백반/한정식,30170587,월평2동,127.37791526667,36.3617715899434
대전광역시 서구,8001,I201,MA010120220807030195,현대옥,국/탕/찌개류,30170597,관저2동,127.336481888277,36.3004620747033
대전광역시 서구,8001,I201,MA010120220810091068,원조옛날삼겹살,돼지고기 구이/찜,30170560,괴정동,127.386259966249,36.3390893709066
대전광역시 서구,8001,I201,MA010120220808145074,15000족발,족발/보쌈,30170586,월평1동,127.365201704445,36.3568817036707
대전광역시 서구,8001,I201,MA010120220812363872,오-풍미족발도안,족발/보쌈,30170593,도안동,127.352599287521,36.3095626328325
대전광역시 서구,8001,I201,MA010120220812396351,별이네푸드,백반/한정식,30170586,월평1동,127.354171971676,36.3519944893698
대전광역시 서구,8001,I201,MA010120220810072446,구일대패,돼지고기 구이/찜,30170660,둔산3동,127.397691355651,36.3506409914926
대전광역시 서구,8001,I201,MA010120220807984348,오늘은삼겹살,돼지고기 구이/찜,30170575,내동,127.366208154041,36.3386478370417
대전광역시 서구,8001,I201,MA010120220807373023,이화수,백반/한정식,30170587,월평2동,127.376928633874,36.3581880355075
대전광역시 서구,8001,I201,MA010120220813631932,황제뒷고기,돼지고기 구이/찜,30170596,관저1동,127.335483863641,36.3039885069208
대전광역시 서구,8001,I201,MA010120220808518341,한방전주콩나물국밥대전,국/탕/찌개류,30170630,둔산1동,127.387238317578,36.349963394691
대전광역시 서구,8001,I201,MA010120220809816342,청녀식당,백반/한정식,30170530,도마2동,127.368947137799,36.3171463008411
대전광역시 서구,8001,I201,MA010120220806857229,봉평메밀촌,국수/칼국수,30170535,정림동,127.367123030483,36.3009757073216
대전광역시 서구,8001,I201,MA010120220807796451,간난이모네,백반/한정식,30170520,도마1동,127.373893802776,36.3223217266024
대전광역시 서구,8001,I201,MA010120220813065101,도리도리대전,백반/한정식,30170586,월평1동,127.364367642762,36.3548205600642
대전광역시 서구,8001,I201,MA010120220811743749,동궁찜닭,닭/오리고기 구이/찜,30170560,괴정동,127.375316367453,36.3402957693382
대전광역시 서구,8001,I201,MA010120220811783285,행복한밥상,백반/한정식,30170510,복수동,127.378366215198,36.3006703005192
대전광역시 서구,8001,I201,MA010120220809989070,설악흑염소,기타 한식 음식점,30170650,만년동,127.382023472332,36.3679585936713
대전광역시 서구,8001,I201,MA010120220810419486,고기먹는날,돼지고기 구이/찜,30170560,괴정동,127.38235947992,36.3364164067749
대전광역시 서구,8001,I201,MA010120220810349157,귀하게,백반/한정식,30170575,내동,127.37985814373,36.3305216702754
대전광역시 서구,8001,I201,MA010120220806784452,호호막창,곱창 전골/구이,30170582,갈마2동,127.37433020215,36.348364388047
대전광역시 서구,8001,I201,MA0101202209A0080738,서씨고기,돼지고기 구이/찜,30170597,관저2동,127.336114572237,36.3004811315537
대전광역시 서구,8001,I201,MA0101202209A0067539,벽돌집,돼지고기 구이/찜,30170597,관저2동,127.335457176968,36.3003568121034
대전광역시 서구,8001,I201,MA0101202210A0082637,그레이비3,백반/한정식,30170640,둔산2동,127.376513330121,36.3506104675219
대전광역시 서구,8001,I201,MA0101202209A0076515,인생아구찜대전,해산물 구이/찜,30170560,괴정동,127.380664413278,36.3382872539482
대전광역시 서구,8001,I201,MA0101202210A0086831,주주양평해장국,국/탕/찌개류,30170520,도마1동,127.382200180937,36.3152031719955
대전광역시 서구,8001,I201,MA010120220812885157,정코치닭갈비,닭/오리고기 구이/찜,30170570,가장동,127.385617549859,36.3353065029903
대전광역시 서구,8001,I201,MA010120220807074789,국수머꼬전머꼬,국수/칼국수,30170560,괴정동,127.384557709635,36.3349584587824
대전광역시 서구,8001,I201,MA010120220813252814,제주둘레국수,국수/칼국수,30170587,월평2동,127.378406003054,36.3595711734789
대전광역시 서구,8001,I201,MA010120220807162360,막창품은뒷고기,돼지고기 구이/찜,30170560,괴정동,127.389599111496,36.3385918968694
대전광역시 서구,8001,I201,MA010120220808489211,전선생족발보쌈,백반/한정식,30170581,갈마1동,127.368519817024,36.3540958985379
대전광역시 서구,8001,I201,MA010120220814192635,대중음식점다온,백반/한정식,30170555,탄방동,127.392657073178,36.3397804534375
대전광역시 서구,8001,I201,MA010120220808832026,대전조개구이무한리필,해산물 구이/찜,30170593,도안동,127.350451726651,36.304900822938
대전광역시 서구,8001,I201,MA010120220811198108,명품예산국수,국수/칼국수,30170596,관저1동,127.335507928958,36.3070074025939
대전광역시 서구,8001,I201,MA010120220807936001,89푸드팩토리,돼지고기 구이/찜,30170575,내동,127.379104772716,36.3336421372582
대전광역시 서구,8001,I201,MA010120220813406300,민기네비빔밥,백반/한정식,30170520,도마1동,127.380280860527,36.3143711953551
대전광역시 서구,8001,I201,MA010120220813740765,오아시스식당,백반/한정식,30170597,관저2동,127.333310325265,36.3007953845615
대전광역시 서구,8001,I201,MA010120220811196719,북한식당,백반/한정식,30170588,월평3동,127.366302493825,36.3611679228636
대전광역시 서구,8001,I201,MA010120220813825806,일박이일,횟집,30170660,둔산3동,127.400288127875,36.3508486028576
대전광역시 서구,8001,I201,MA010120220811489757,종서산약초,백반/한정식,30170660,둔산3동,127.400259251066,36.3495600202647
대전광역시 서구,8001,I201,MA010120220811690871,느티나무흑염소,기타 한식 음식점,30170590,가수원동,127.351972633604,36.3014358125998
대전광역시 서구,8001,I201,MA010120220814121244,미스대패삼겹,돼지고기 구이/찜,30170582,갈마2동,127.374095592322,36.3458959014549
대전광역시 서구,8001,I201,MA010120220811791572,범이네숯불구이,돼지고기 구이/찜,30170582,갈마2동,127.375619876829,36.3478286476735
대전광역시 서구,8001,I201,MA010120220809989767,촌놈들연탄구이,돼지고기 구이/찜,30170630,둔산1동,127.388954029243,36.3499848577341
대전광역시 서구,8001,I201,MA010120220813236741,만년순대족발,백반/한정식,30170650,만년동,127.372888705847,36.3661220258303
대전광역시 서구,8001,I201,MA010120220811766419,오가네왕돌구이,돼지고기 구이/찜,30170593,도안동,127.338592908348,36.3303663279165
대전광역시 서구,8001,I201,MA010120220811902837,갈비쿡,돼지고기 구이/찜,30170640,둔산2동,127.380611222501,36.3548239943632
대전광역시 서구,8001,I201,MA010120220812094522,황금식당,백반/한정식,30170520,도마1동,127.381330966416,36.3127817725975
대전광역시 서구,8001,I201,MA010120220813651575,마더꼬막,해산물 구이/찜,30170581,갈마1동,127.367161167074,36.3518381317666
대전광역시 서구,8001,I201,MA010120220814102978,오모리찌개생바지락손칼국수,국수/칼국수,30170597,관저2동,127.338273236943,36.2976273023099
대전광역시 서구,8001,I201,MA010120220813180877,명품풍천장어,해산물 구이/찜,30170560,괴정동,127.386373677725,36.3373046736546
대전광역시 서구,8001,I201,MA010120220807024077,청와갈비김치.찜,돼지고기 구이/찜,30170587,월평2동,127.377667969755,36.3613217851914
대전광역시 서구,8001,I201,MA010120220806918253,독도바다,횟집,30170586,월평1동,127.366391228608,36.356328345693
대전광역시 서구,8001,I201,MA010120220806948018,통발회수산,횟집,30170660,둔산3동,127.396003754968,36.3495741983714
대전광역시 서구,8001,I201,MA010120220808067053,장충동왕족발보쌈,족발/보쌈,30170520,도마1동,127.383843853004,36.3211276679685
대전광역시 서구,8001,I201,MA010120220813133489,청수복집,복 요리 전문,30170586,월평1동,127.365045097463,36.3567470060486
대전광역시 서구,8001,I201,MA010120220808208083,바다양푼이동태탕·삼겹살,국/탕/찌개류,30170581,갈마1동,127.370670674896,36.3471862435857
대전광역시 서구,8001,I201,MA010120220813702123,호랑이클라쓰,백반/한정식,30170555,탄방동,127.400686878567,36.3482248488416
대전광역시 서구,8001,I201,MA010120220809228507,명품묵은정,백반/한정식,30170640,둔산2동,127.382192549024,36.3501238273152
대전광역시 서구,8001,I201,MA010120220812982692,티라운지,백반/한정식,30170555,탄방동,127.386294635145,36.3461094194808
대전광역시 서구,8001,I201,MA010120220813582339,짠,백반/한정식,30170510,복수동,127.375437374402,36.3074744462801
대전광역시 서구,8001,I201,MA010120220810446974,대구아구찜,해산물 구이/찜,30170540,변동,127.383777651617,36.3280669567971
대전광역시 서구,8001,I201,MA010120220808281071,촌놈들연탄구이,돼지고기 구이/찜,30170560,괴정동,127.389346693764,36.3393497076383
대전광역시 서구,8001,I201,MA010120220814252021,복이와복돼지,돼지고기 구이/찜,30170560,괴정동,127.385048579038,36.3351190902275
대전광역시 서구,8001,I201,MA010120220812947898,브레드앤킨포크,돼지고기 구이/찜,30170593,도안동,127.348568374162,36.3070150960551
대전광역시 서구,8001,I201,MA010120220808286924,진주냉면이설옥,냉면/밀면,30170560,괴정동,127.383626493783,36.3358536167925
대전광역시 서구,8001,I201,MA010120220811962977,백배로김치찌개,백반/한정식,30170582,갈마2동,127.369408109596,36.355823410948
대전광역시 서구,8001,I201,MA010120220813485180,월묘병과,백반/한정식,30170593,도안동,127.35140290471,36.313414201285
대전광역시 서구,8001,I201,MA010120220806867808,월평소국밥,국/탕/찌개류,30170510,복수동,127.381208616774,36.2990842021234
대전광역시 서구,8001,I201,MA010120220814175330,이차전,백반/한정식,30170550,용문동,127.389700087771,36.334265919172
대전광역시 서구,8001,I201,MA010120220813147563,돈아돈아,돼지고기 구이/찜,30170555,탄방동,127.394200065755,36.3409378909659
대전광역시 서구,8001,I201,MA010120220814160801,아수라,돼지고기 구이/찜,30170582,갈마2동,127.374409924733,36.3440745415997
대전광역시 서구,8001,I201,MA010120220806850886,바우네나주곰탕,국/탕/찌개류,30170597,관저2동,127.33980881769,36.30002009724
대전광역시 서구,8001,I201,MA010120220813572030,누이삼계탕대전도마,국/탕/찌개류,30170520,도마1동,127.373758869279,36.3197177395855
대전광역시 서구,8001,I201,MA010120220808375714,제천황기명태,해산물 구이/찜,30170640,둔산2동,127.379985847704,36.3545195854458
대전광역시 서구,8001,I201,MA010120220813764779,한통도시락,백반/한정식,30170593,도안동,127.342612919681,36.3200453742868
대전광역시 서구,8001,I201,MA010120220809860666,신미불닭,닭/오리고기 구이/찜,30170597,관저2동,127.335456135052,36.30011349539
대전광역시 서구,8001,I201,MA010120220810073948,화로인가,돼지고기 구이/찜,30170593,도안동,127.350502391459,36.3062704719765
대전광역시 서구,8001,I201,MA010120220809271575,돈수레,돼지고기 구이/찜,30170520,도마1동,127.381606745959,36.3122491960164
대전광역시 서구,8001,I201,MA010120220808634690,라라푸드,백반/한정식,30170586,월평1동,127.366903547567,36.3562907266829
대전광역시 서구,8001,I201,MA010120220809302525,황제명태본가,해산물 구이/찜,30170582,갈마2동,127.376932224789,36.3450669178791
대전광역시 서구,8001,I201,MA010120220813157370,홍어,횟집,30170586,월평1동,127.365459214203,36.3571512686724
대전광역시 서구,8001,I201,MA010120220810595606,왕실칼국수앤아구찜,백반/한정식,30170555,탄방동,127.396143690781,36.3486094776761
대전광역시 서구,8001,I201,MA010120220813314863,최애뭉티기소국밥,국/탕/찌개류,30170581,갈마1동,127.372756597756,36.3477655193715
대전광역시 서구,8001,I201,MA010120220808115050,서동한우,소고기 구이/찜,30170630,둔산1동,127.387892276266,36.3492944043224
대전광역시 서구,8001,I201,MA010120220813620885,장수오리,닭/오리고기 구이/찜,30170590,가수원동,127.35508681129,36.2909097882114
대전광역시 서구,8001,I201,MA010120220807783097,군산식당,백반/한정식,30170520,도마1동,127.381326721834,36.3141966394969
대전광역시 서구,8001,I201,MA010120220812222734,향우갈비촌,돼지고기 구이/찜,30170520,도마1동,127.379315249773,36.3219171384999
대전광역시 서구,8001,I201,MA010120220812625725,청담샤브샤브칼국수,국수/칼국수,30170640,둔산2동,127.379865770793,36.352735641742
대전광역시 서구,8001,I201,MA010120220811922938,가연,백반/한정식,30170630,둔산1동,127.388228714473,36.3519878240444
대전광역시 서구,8001,I201,MA010120220812127459,팔도청국장,국/탕/찌개류,30170560,괴정동,127.383723290268,36.3396923190273
대전광역시 서구,8001,I201,MA010120220810570148,독도복국,국수/칼국수,30170581,갈마1동,127.368193791477,36.3463738307303
대전광역시 서구,8001,I201,MA010120220808036684,운산정,백반/한정식,30170597,관저2동,127.336900800451,36.2994966283164
대전광역시 서구,8001,I201,MA010120220813461519,송이네손수제비,국수/칼국수,30170535,정림동,127.367814505592,36.3059751444468
대전광역시 서구,8001,I201,MA010120220813135328,백그룻국밥대전,국/탕/찌개류,30170630,둔산1동,127.389489195615,36.3523081449707
대전광역시 서구,8001,I201,MA010120220811660141,어수라,백반/한정식,30170596,관저1동,127.336293368898,36.3032292386778
대전광역시 서구,8001,I201,MA010120220810303780,바르미샤브샤브,국/탕/찌개류,30170555,탄방동,127.387971605033,36.3473205734669
대전광역시 서구,8001,I201,MA010120220813121393,사랑은우리처럼,백반/한정식,30170520,도마1동,127.373521148048,36.3212414762951
대전광역시 서구,8001,I201,MA010120220809696575,만수흑염소,기타 한식 음식점,30170586,월평1동,127.358977711114,36.3553235086403
대전광역시 서구,8001,I201,MA010120220809799171,본죽&비빔밥,백반/한정식,30170640,둔산2동,127.374883883465,36.3523188112285
대전광역시 서구,8001,I201,MA010120220807977325,장수버섯마을,백반/한정식,30170597,관저2동,127.339603188526,36.3013814688024
대전광역시 서구,8001,I201,MA010120220811864340,영웅족발,족발/보쌈,30170510,복수동,127.378841821593,36.2977219269825
대전광역시 서구,8001,I201,MA010120220811762802,주감,백반/한정식,30170581,갈마1동,127.372977488122,36.3520364009012
대전광역시 서구,8001,I201,MA010120220812102259,진품돼지,돼지고기 구이/찜,30170597,관저2동,127.338494960083,36.2999877768065
대전광역시 서구,8001,I201,MA010120220809812283,매일돼지,돼지고기 구이/찜,30170640,둔산2동,127.382174009671,36.348609912509
대전광역시 서구,8001,I201,MA010120220810245220,한신상가푸드코트,백반/한정식,30170560,괴정동,127.382302739276,36.3407602598748
대전광역시 서구,8001,I201,MA010120220809267068,구일대패,돼지고기 구이/찜,30170597,관저2동,127.338774377824,36.3002393168672
대전광역시 서구,8001,I201,MA010120220807781961,"흑석칼국수,푸드",국수/칼국수,30170600,기성동,127.340477594622,36.2540666598118
대전광역시 서구,8001,I201,MA010120220810302940,오천항,백반/한정식,30170555,탄방동,127.382594138158,36.3456797481529
대전광역시 서구,8001,I201,MA010120220807469558,톱머리,백반/한정식,30170586,월평1동,127.357779777315,36.3540474330122
대전광역시 서구,8001,I201,MA010120220812218933,총체보리한우타운,소고기 구이/찜,30170650,만년동,127.381729492516,36.3670853961527
대전광역시 서구,8001,I201,MA010120220813240934,라온채,백반/한정식,30170630,둔산1동,127.387265774976,36.3510086683967
대전광역시 서구,8001,I201,MA010120220813859002,한우인생,소고기 구이/찜,30170535,정림동,127.365347828643,36.3070641263042
대전광역시 서구,8001,I201,MA010120220809857271,인생횟집,횟집,30170650,만년동,127.376339040802,36.3653181753818
대전광역시 서구,8001,I201,MA010120220808439938,청정고사리,백반/한정식,30170586,월평1동,127.364392266597,36.3577132553381
대전광역시 서구,8001,I201,MA010120220810386026,돈수백,국/탕/찌개류,30170597,관저2동,127.336143254112,36.2993816066018
대전광역시 서구,8001,I201,MA010120220813995633,봉숙이네,백반/한정식,30170582,갈마2동,127.37290145837,36.3477740791754
대전광역시 서구,8001,I201,MA010120220810165577,5.5닭갈비,닭/오리고기 구이/찜,30170587,월평2동,127.3772989002,36.3610345757011
대전광역시 서구,8001,I201,MA010120220812428620,유가네파육개장,국/탕/찌개류,30170540,변동,127.383423276785,36.3239316846371
대전광역시 서구,8001,I201,MA010120220810382246,순정닭발,닭/오리고기 구이/찜,30170586,월평1동,127.36764851399,36.3559730257924
대전광역시 서구,8001,I201,MA010120220810192330,인생곰탕,국/탕/찌개류,30170581,갈마1동,127.367090009266,36.3509191516589
대전광역시 서구,8001,I201,MA010120220811505339,삼부자김치찌개,백반/한정식,30170555,탄방동,127.389023828074,36.3461005660964
대전광역시 서구,8001,I201,MA010120220810185398,수정자갈치꼼장어,횟집,30170555,탄방동,127.388257122744,36.3487344910169
대전광역시 서구,8001,I201,MA010120220813942873,고기싸롱,돼지고기 구이/찜,30170582,갈마2동,127.376853183626,36.3471578948215
대전광역시 서구,8001,I201,MA010120220813550654,돈돈대패삼겹살,돼지고기 구이/찜,30170582,갈마2동,127.377707848916,36.3419013408657
대전광역시 서구,8001,I201,MA010120220810068937,옛날보리밥집,백반/한정식,30170555,탄방동,127.395036387294,36.3411153646056
대전광역시 서구,8001,I201,MA010120220812363177,양푼이동태찌개,백반/한정식,30170586,월평1동,127.363476292153,36.3548052512672
대전광역시 서구,8001,I201,MA010120220807396411,굳세어라김치찜,백반/한정식,30170581,갈마1동,127.367305880323,36.3470704686067
대전광역시 서구,8001,I201,MA010120220813015119,포항물회,횟집,30170586,월평1동,127.364678702017,36.3570184771887
대전광역시 서구,8001,I201,MA010120220810050066,금송,백반/한정식,30170586,월평1동,127.35406334341,36.3476871907654
대전광역시 서구,8001,I201,MA010120220809971645,대광족,백반/한정식,30170582,갈마2동,127.368578272438,36.3475892328808
대전광역시 서구,8001,I201,MA010120220812694717,정통집괴정,돼지고기 구이/찜,30170560,괴정동,127.387950917313,36.3409042698829
대전광역시 서구,8001,I201,MA010120220813995606,냄비웰빙콩나물국밥,국/탕/찌개류,30170520,도마1동,127.378343865885,36.3190905133496
대전광역시 서구,8001,I201,MA010120220808297764,방실이네,백반/한정식,30170560,괴정동,127.38353151344,36.3346553560316
대전광역시 서구,8001,I201,MA010120220812450279,옥산골,돼지고기 구이/찜,30170575,내동,127.378304131557,36.3362130296232
대전광역시 서구,8001,I201,MA010120220809880408,청솔생삼겹살타운식당,돼지고기 구이/찜,30170555,탄방동,127.395520122059,36.344258867607
대전광역시 서구,8001,I201,MA010120220813996946,꽃한우,소고기 구이/찜,30170582,갈마2동,127.368716276772,36.3508690859581
대전광역시 서구,8001,I201,MA010120220811486388,다당감자탕,국/탕/찌개류,30170555,탄방동,127.393145282901,36.3460510311295
대전광역시 서구,8001,I201,MA010120220809840197,돈덩어리,돼지고기 구이/찜,30170560,괴정동,127.387223458858,36.3402127234633
대전광역시 서구,8001,I201,MA010120220813163079,달빛,백반/한정식,30170555,탄방동,127.391305550133,36.3412628151029
대전광역시 서구,8001,I201,MA010120220810315181,동동컨설팅,백반/한정식,30170586,월평1동,127.355320296141,36.3546315238928
대전광역시 서구,8001,I201,MA010120220812132452,소소한부엌,백반/한정식,30170590,가수원동,127.35403464725,36.3019524106456
대전광역시 서구,8001,I201,MA010120220812526306,한올,백반/한정식,30170520,도마1동,127.372513000196,36.3223440613128
대전광역시 서구,8001,I201,MA010120220809766628,곰수산,돼지고기 구이/찜,30170570,가장동,127.386059802033,36.3323852608866
대전광역시 서구,8001,I201,MA010120220813720207,간홍,백반/한정식,30170555,탄방동,127.383835261638,36.3443510399581
대전광역시 서구,8001,I201,MA010120220813067137,홍's쭈꾸미,해산물 구이/찜,30170582,갈마2동,127.377071623906,36.3416329970764
대전광역시 서구,8001,I201,MA010120220810424094,어담,백반/한정식,30170596,관저1동,127.332746596929,36.3043746535238
대전광역시 서구,8001,I201,MA010120220813352514,별미동태,백반/한정식,30170593,도안동,127.345375573724,36.3253003163347
대전광역시 서구,8001,I201,MA010120220807430384,도마칼국수,국수/칼국수,30170530,도마2동,127.377131135303,36.3170036081513
대전광역시 서구,8001,I201,MA010120220811940426,준이네,백반/한정식,30170540,변동,127.381455205899,36.3245688067014
대전광역시 서구,8001,I201,MA010120220812688638,동양돌구이,돼지고기 구이/찜,30170550,용문동,127.393264755294,36.3365792791405
대전광역시 서구,8001,I201,MA010120220812318946,신정육식당,소고기 구이/찜,30170540,변동,127.37926384673,36.3250984636237
대전광역시 서구,8001,I201,MA010120220811840868,나라장어,해산물 구이/찜,30170540,변동,127.37956352931,36.3248902412342
대전광역시 서구,8001,I201,MA010120220812459546,대감댁왕뼈해장국,국/탕/찌개류,30170582,갈마2동,127.37125284213,36.3431021089499
대전광역시 서구,8001,I201,MA010120220810573915,남해횟집,횟집,30170520,도마1동,127.381407535876,36.3170711463904
대전광역시 서구,8001,I201,MA010120220809829739,팔팔생갈비,돼지고기 구이/찜,30170560,괴정동,127.389314130099,36.3395210372232
대전광역시 서구,8001,I201,MA010120220807173227,구이구이쪽갈비,돼지고기 구이/찜,30170597,관저2동,127.339953586647,36.3000286975394
대전광역시 서구,8001,I201,MA010120220808644474,전면승부,국수/칼국수,30170597,관저2동,127.337193207175,36.2975943056847
대전광역시 서구,8001,I201,MA010120220807170955,돈콩,백반/한정식,30170560,괴정동,127.380347639478,36.3349899545642
대전광역시 서구,8001,I201,MA010120220810086418,웃으면돼지,돼지고기 구이/찜,30170590,가수원동,127.352522767052,36.2999832867113
대전광역시 서구,8001,I201,MA010120220811675519,신선한우마을,소고기 구이/찜,30170510,복수동,127.379607794037,36.2972689060623
대전광역시 서구,8001,I201,MA010120220813913974,다정식당,백반/한정식,30170587,월평2동,127.377253688558,36.3585925378925
대전광역시 서구,8001,I201,MA010120220808680514,둔산주먹구이,돼지고기 구이/찜,30170581,갈마1동,127.373836981298,36.3523851732862
대전광역시 서구,8001,I201,MA010120220807394518,사포닌포크,돼지고기 구이/찜,30170555,탄방동,127.391573383405,36.3435869714113
대전광역시 서구,8001,I201,MA010120220812809016,로이스,백반/한정식,30170593,도안동,127.350451726651,36.304900822938
대전광역시 서구,8001,I201,MA010120220809864608,이상준식탁,백반/한정식,30170586,월평1동,127.362474327345,36.3549614946363
대전광역시 서구,8001,I201,MA010120220811750861,별이빛나는밤에,백반/한정식,30170586,월평1동,127.361825524975,36.3568018574041
대전광역시 서구,8001,I201,MA010120220806869468,태영생막창,곱창 전골/구이,30170555,탄방동,127.393824840672,36.3460578052965
대전광역시 서구,8001,I201,MA010120220808197058,옻벗은닭한마리,닭/오리고기 구이/찜,30170530,도마2동,127.37571598352,36.3168098047544
대전광역시 서구,8001,I201,MA010120220809271403,까치돌구이,돼지고기 구이/찜,30170555,탄방동,127.389468907229,36.3482349014933
대전광역시 서구,8001,I201,MA010120220808316392,괴정상회,백반/한정식,30170560,괴정동,127.387682201019,36.3406257772765
대전광역시 서구,8001,I201,MA010120220813203264,백선당찜닭탄방,닭/오리고기 구이/찜,30170555,탄방동,127.38898890689,36.3480382064285
대전광역시 서구,8001,I201,MA010120220812239109,본가왕뼈감자탕,국/탕/찌개류,30170560,괴정동,127.387914238489,36.3402465303186
대전광역시 서구,8001,I201,MA010120220814344091,맛소야,돼지고기 구이/찜,30170560,괴정동,127.383127044111,36.3362156897241
대전광역시 서구,8001,I201,MA010120220812967685,돈네돈네,백반/한정식,30170640,둔산2동,127.39432744682,36.3617816339284
대전광역시 서구,8001,I201,MA010120220807715677,도이치맘,백반/한정식,30170582,갈마2동,127.377683222988,36.3460288048341
대전광역시 서구,8001,I201,MA010120220812765386,브라더포차,횟집,30170597,관저2동,127.337251665009,36.3008293911681
대전광역시 서구,8001,I201,MA010120220812846186,백조한우마을,소고기 구이/찜,30170597,관저2동,127.340234848741,36.300703785253
대전광역시 서구,8001,I201,MA010120220813165202,수미어가,횟집,30170640,둔산2동,127.380585606917,36.3541391834549
대전광역시 서구,8001,I201,MA010120220814299729,감동돼지,돼지고기 구이/찜,30170540,변동,127.379130998784,36.3229630909219
대전광역시 서구,8001,I201,MA010120220812966802,한돈본가,돼지고기 구이/찜,30170555,탄방동,127.397601873133,36.3483793411623
대전광역시 서구,8001,I201,MA010120220806831327,황제장어나라,해산물 구이/찜,30170575,내동,127.381981111082,36.3296407617019
대전광역시 서구,8001,I201,MA010120220809895606,오드리포차,백반/한정식,30170597,관저2동,127.337172958463,36.298062978548
대전광역시 서구,8001,I201,MA010120220808619044,월광박속낙지탕,해산물 구이/찜,30170587,월평2동,127.377256471965,36.3591692803247
대전광역시 서구,8001,I201,MA010120220808156178,핑크돼지,돼지고기 구이/찜,30170510,복수동,127.377876450366,36.2983828454051
대전광역시 서구,8001,I201,MA010120220814094831,심미,돼지고기 구이/찜,30170560,괴정동,127.38340656729,36.3341601094216
대전광역시 서구,8001,I201,MA010120220813786750,이소스카이,백반/한정식,30170650,만년동,127.382591925712,36.3679928215528
대전광역시 서구,8001,I201,MA010120220808519029,바다,백반/한정식,30170555,탄방동,127.386171373118,36.348218567985
대전광역시 서구,8001,I201,MA010120220809322934,한민식당,백반/한정식,30170560,괴정동,127.382918441669,36.3345581923199
대전광역시 서구,8001,I201,MA010120220813136752,이수상한밥상,백반/한정식,30170586,월평1동,127.361627069123,36.3572530454556
대전광역시 서구,8001,I201,MA010120220808522768,성웅,국수/칼국수,30170630,둔산1동,127.388473848047,36.3519960391163
대전광역시 서구,8001,I201,MA010120220808567711,홍게면대게리,횟집,30170550,용문동,127.394332241332,36.3384321852775
대전광역시 서구,8001,I201,MA010120220807050501,탄방소고기국밥,돼지고기 구이/찜,30170555,탄방동,127.395722986636,36.3469256745908
대전광역시 서구,8001,I201,MA010120220812446943,찬합,백반/한정식,30170640,둔산2동,127.378168576315,36.3519479912434
대전광역시 서구,8001,I201,MA010120220807790375,더드림,백반/한정식,30170587,월평2동,127.369533021028,36.3633928855527
대전광역시 서구,8001,I201,MA010120220811742137,대인얼큰이칼국수,국수/칼국수,30170597,관저2동,127.336629020605,36.2958385859966
대전광역시 서구,8001,I201,MA010120220807437547,대평리숙이네,백반/한정식,30170590,가수원동,127.355635647681,36.296558582309
대전광역시 서구,8001,I201,MA010120220814371409,푸짐한조개찜,해산물 구이/찜,30170581,갈마1동,127.36802987958,36.3541514790156
대전광역시 서구,8001,I201,MA010120220811914176,시골통돼지볶음,돼지고기 구이/찜,30170597,관저2동,127.335426713205,36.2958419649201
대전광역시 서구,8001,I201,MA010120220811554726,제육대회,돼지고기 구이/찜,30170596,관저1동,127.333904500857,36.3043714252622
대전광역시 서구,8001,I201,MA010120220814390806,대림석쇠구이,돼지고기 구이/찜,30170582,갈마2동,127.377915673277,36.3457216702111
대전광역시 서구,8001,I201,MA010120220811904451,지니바,백반/한정식,30170593,도안동,127.351626798069,36.3062401347274
대전광역시 서구,8001,I201,MA010120220809674587,고기극찬,돼지고기 구이/찜,30170593,도안동,127.349217484171,36.3077611831151
대전광역시 서구,8001,I201,MA010120220808040207,송가숯불갈비,돼지고기 구이/찜,30170660,둔산3동,127.397531452905,36.3498665135413
대전광역시 서구,8001,I201,MA010120220809827396,변동뒷고기,돼지고기 구이/찜,30170540,변동,127.381010359837,36.3246963905447
대전광역시 서구,8001,I201,MA010120220808044367,카페소소한,백반/한정식,30170582,갈마2동,127.374253473555,36.348625969251
대전광역시 서구,8001,I201,MA010120220814373358,정통춘천닭갈비,닭/오리고기 구이/찜,30170597,관저2동,127.337184131843,36.2954855599041
대전광역시 서구,8001,I201,MA010120220809931523,장금수부대찌개,국/탕/찌개류,30170587,월평2동,127.377284670193,36.360394787447
대전광역시 서구,8001,I201,MA010120220811690070,본죽&비빔밥대전둔산,백반/한정식,30170630,둔산1동,127.388656529099,36.3528876077313
대전광역시 서구,8001,I201,MA010120220810658023,정아식당,백반/한정식,30170560,괴정동,127.384310726404,36.334562735261
대전광역시 서구,8001,I201,MA010120220810268278,김형제고기의철학,돼지고기 구이/찜,30170630,둔산1동,127.389024053087,36.3506244638286
대전광역시 서구,8001,I201,MA010120220808547688,본도시락,백반/한정식,30170587,월평2동,127.378994448912,36.3614437492767
대전광역시 서구,8001,I201,MA010120220810175438,대영식당,백반/한정식,30170630,둔산1동,127.387871354845,36.3563056087698
대전광역시 서구,8001,I201,MA010120220813399474,족보,백반/한정식,30170586,월평1동,127.36482231735,36.3567566981935
대전광역시 서구,8001,I201,MA010120220811973433,강남삼겹살,돼지고기 구이/찜,30170650,만년동,127.376317754209,36.3655255121801
대전광역시 서구,8001,I201,MA010120220807282651,뜨락식당,백반/한정식,30170660,둔산3동,127.396528022565,36.3497076360292
대전광역시 서구,8001,I201,MA010120220814275946,더먹자,백반/한정식,30170586,월평1동,127.366495173499,36.3571120486794
대전광역시 서구,8001,I201,MA010120220806830156,왕솥뚜껑그래!고기야,돼지고기 구이/찜,30170586,월평1동,127.359616390918,36.3561146220039
대전광역시 서구,8001,I201,MA010120220812845068,항아리닭갈비,닭/오리고기 구이/찜,30170586,월평1동,127.363710501189,36.3548586090921
대전광역시 서구,8001,I201,MA010120220808004287,곰수산,횟집,30170560,괴정동,127.387950917313,36.3409042698829
대전광역시 서구,8001,I201,MA010120220812712963,해둠비푸드,백반/한정식,30170630,둔산1동,127.389489195615,36.3523081449707
대전광역시 서구,8001,I201,MA010120220814012241,흥릉본가,돼지고기 구이/찜,30170535,정림동,127.366268750626,36.3063764101598
대전광역시 서구,8001,I201,MA010120220814252414,옛날밥상,백반/한정식,30170535,정림동,127.365922461773,36.30613415141
대전광역시 서구,8001,I201,MA010120220813538790,식신생선구이,해산물 구이/찜,30170540,변동,127.386603644337,36.3274901073029
대전광역시 서구,8001,I201,MA010120220810299195,원조멸치국수,국수/칼국수,30170640,둔산2동,127.380585606917,36.3541391834549
대전광역시 서구,8001,I201,MA010120220814182437,맛찬들왕소금구이,돼지고기 구이/찜,30170630,둔산1동,127.388065816491,36.3505915325733
대전광역시 서구,8001,I201,MA010120220811659486,달리는려석들,백반/한정식,30170596,관저1동,127.332995292786,36.3052571206539
대전광역시 서구,8001,I201,MA010120220812332719,태능돌삼겹,돼지고기 구이/찜,30170586,월평1동,127.35978197182,36.3557806888964
대전광역시 서구,8001,I201,MA010120220813887284,이팔청춘삼겹살,돼지고기 구이/찜,30170530,도마2동,127.373708604355,36.3185193275067
대전광역시 서구,8001,I201,MA010120220812507034,어두리<>,해산물 구이/찜,30170593,도안동,127.351590029697,36.3079705129689
대전광역시 서구,8001,I201,MA010120220809575945,노루벌가든,백반/한정식,30170600,기성동,127.340402059831,36.2776870351292
대전광역시 서구,8001,I201,MA010120220812396122,관저맛찬들왕소금구이,돼지고기 구이/찜,30170597,관저2동,127.336654925373,36.296685626402
대전광역시 서구,8001,I201,MA010120220813368355,유성닭발대전,닭/오리고기 구이/찜,30170597,관저2동,127.335159533755,36.2958427141502
대전광역시 서구,8001,I201,MA010120220809770621,홍두깨칼국수랑건어물,국수/칼국수,30170560,괴정동,127.383952853459,36.3342664969849
대전광역시 서구,8001,I201,MA010120220813182865,니캉내캉도시락,백반/한정식,30170581,갈마1동,127.366706532406,36.3475409207393
대전광역시 서구,8001,I201,MA010120220808067103,맛있는칼국수,국수/칼국수,30170520,도마1동,127.381529435796,36.3146646064693
대전광역시 서구,8001,I201,MA010120220808590939,도안숯불갈비,돼지고기 구이/찜,30170593,도안동,127.349952399119,36.3052807823019
대전광역시 서구,8001,I201,MA010120220814074488,찬합구미숙,백반/한정식,30170560,괴정동,127.389542691581,36.3406828097712
대전광역시 서구,8001,I201,MA010120220812742309,오복집,해산물 구이/찜,30170640,둔산2동,127.37997689682,36.3549702010691
대전광역시 서구,8001,I201,MA010120220813633162,육칼,백반/한정식,30170560,괴정동,127.382302739276,36.3407602598748
대전광역시 서구,8001,I201,MA010120220814359822,하이굿,백반/한정식,30170586,월평1동,127.36626943706,36.3564909304906
대전광역시 서구,8001,I201,MA010120220813415908,여운,백반/한정식,30170560,괴정동,127.388269872645,36.3400831637164
대전광역시 서구,8001,I201,MA010120220814384345,딱좋아,백반/한정식,30170520,도마1동,127.379008573656,36.3160784666446
대전광역시 서구,8001,I201,MA010120220811724604,장인닭갈비,닭/오리고기 구이/찜,30170587,월평2동,127.377289106942,36.3613139703905
대전광역시 서구,8001,I201,MA010120220806926823,미성감자탕,국/탕/찌개류,30170582,갈마2동,127.371604400319,36.3467597910808
대전광역시 서구,8001,I201,MA010120220813211321,삼겹살이땡기는시간,돼지고기 구이/찜,30170586,월평1동,127.353697824395,36.3530773042956
대전광역시 서구,8001,I201,MA010120220808687940,엔도키친,백반/한정식,30170587,월평2동,127.377859503538,36.3594557504063
대전광역시 서구,8001,I201,MA010120220806949249,설도,돼지고기 구이/찜,30170560,괴정동,127.388269872645,36.3400831637164
대전광역시 서구,8001,I201,MA010120220813673119,땅스부대찌개도마,국/탕/찌개류,30170520,도마1동,127.382262456567,36.3165547430136
대전광역시 서구,8001,I201,MA010120220812512667,굽신굽신,백반/한정식,30170593,도안동,127.351512870226,36.305663712939
대전광역시 서구,8001,I201,MA010120220811892170,김가네칼국수,국수/칼국수,30170596,관저1동,127.335511303524,36.3051960153839
대전광역시 서구,8001,I201,MA010120220813933782,김치찌개또는삼겹살,돼지고기 구이/찜,30170593,도안동,127.346408370821,36.3246394663799
대전광역시 서구,8001,I201,MA010120220809302932,장수농장,돼지고기 구이/찜,30170630,둔산1동,127.388206165194,36.3496899019546
대전광역시 서구,8001,I201,MA010120220809593334,돌솥밤찰밥,백반/한정식,30170535,정림동,127.365728237486,36.307459483222
대전광역시 서구,8001,I201,MA010120220811970695,대박홍두깨손칼국수,국수/칼국수,30170560,괴정동,127.384310726404,36.334562735261
대전광역시 서구,8001,I201,MA010120220812760014,큰맘할매순대국,국/탕/찌개류,30170582,갈마2동,127.370336994821,36.3472954192275
대전광역시 서구,8001,I201,MA010120220813749215,장터순대국밥,백반/한정식,30170597,관저2동,127.339992774363,36.301362337902
대전광역시 서구,8001,I201,MA010120220812329302,딜리셔스,백반/한정식,30170575,내동,127.37480178284,36.3305376331486
대전광역시 서구,8001,I201,MA010120220810104007,고기싸롱,돼지고기 구이/찜,30170597,관저2동,127.337172958463,36.298062978548
대전광역시 서구,8001,I201,MA010120220813926076,더블유,백반/한정식,30170586,월평1동,127.365225418134,36.3571880304955
대전광역시 서구,8001,I201,MA010120220811983094,아구가,백반/한정식,30170586,월평1동,127.365050010763,36.3554132526654
대전광역시 서구,8001,I201,MA010120220807073968,야호족발보쌈,백반/한정식,30170582,갈마2동,127.378166464002,36.3422964080782
대전광역시 서구,8001,I201,MA010120220814025393,파파포차,백반/한정식,30170586,월평1동,127.36232503764,36.3564038269602
대전광역시 서구,8001,I201,MA010120220811955333,돈대패야,돼지고기 구이/찜,30170582,갈마2동,127.371707098861,36.3472731418534
대전광역시 서구,8001,I201,MA010120220810184992,꼴통뒷고기,돼지고기 구이/찜,30170586,월평1동,127.361909022023,36.355585018754
대전광역시 서구,8001,I201,MA010120220814132976,전복만세,해산물 구이/찜,30170650,만년동,127.38261789702,36.3664697570983
대전광역시 서구,8001,I201,MA010120220813521229,회짱,횟집,30170535,정림동,127.367030474417,36.302607132152
대전광역시 서구,8001,I201,MA010120220812161069,생고기연구소,돼지고기 구이/찜,30170586,월평1동,127.361887824701,36.3558193883833
대전광역시 서구,8001,I201,MA010120220814276794,대게킹,해산물 구이/찜,30170650,만년동,127.379985644108,36.3659374542577
대전광역시 서구,8001,I201,MA010120220814339731,둔산스타웍스503호,백반/한정식,30170640,둔산2동,127.382238039803,36.3525929006477
대전광역시 서구,8001,I201,MA010120220810249215,큰나무사천훠궈양꼬치,돼지고기 구이/찜,30170586,월평1동,127.363324969068,36.3558060154432
대전광역시 서구,8001,I201,MA010120220813207916,더싱싱,횟집,30170520,도마1동,127.379994016935,36.3149218275104
대전광역시 서구,8001,I201,MA010120220808729713,만객,돼지고기 구이/찜,30170555,탄방동,127.387919527188,36.3480506943876
대전광역시 서구,8001,I201,MA010120220811897134,할머니딸곱창,곱창 전골/구이,30170640,둔산2동,127.37581448479,36.3512344781928
대전광역시 서구,8001,I201,MA010120220812577695,갈비가,돼지고기 구이/찜,30170535,정림동,127.364189134496,36.3069054488545
대전광역시 서구,8001,I201,MA010120220813957322,홍춘천치즈닭갈비,닭/오리고기 구이/찜,30170593,도안동,127.35118962479,36.3055835564728
대전광역시 서구,8001,I201,MA010120220813789635,잔치집,국수/칼국수,30170520,도마1동,127.380725776134,36.3165596470958
대전광역시 서구,8001,I201,MA010120220809615206,퓨전포차105,백반/한정식,30170520,도마1동,127.378267352737,36.3193881448014
대전광역시 서구,8001,I201,MA010120220809366964,바로덮밥&바로파스타,백반/한정식,30170560,괴정동,127.386742666981,36.3398447980211
대전광역시 서구,8001,I201,MA010120220814256025,오동통통아구통통아구찜&알곤이찜,해산물 구이/찜,30170597,관저2동,127.340211818276,36.2979642519078
대전광역시 서구,8001,I201,MA010120220810192811,샤브마니아,백반/한정식,30170587,월평2동,127.376889499689,36.3593146262181
대전광역시 서구,8001,I201,MA0101202409A0180496,푸드피플,백반/한정식,30170640,둔산2동,127.380992375388,36.346162488627
대전광역시 서구,8001,I201,MA0101202409A0239051,본우리집밥대전법원종합,백반/한정식,30170630,둔산1동,127.389255007908,36.354498761445
대전광역시 서구,8001,I201,MA0101202409A0081877,샤브명작,백반/한정식,30170586,월평1동,127.352978585527,36.344292964611
대전광역시 서구,8001,I201,MA0101202409A0247333,만수정육식당,소고기 구이/찜,30170530,도마2동,127.377784742096,36.3116845795696
대전광역시 서구,8001,I201,MA0101202409A0231755,메리트,백반/한정식,30170630,둔산1동,127.388642016467,36.3499678494107
대전광역시 서구,8001,I201,MA0101202409A0219166,한입한쌈대전,백반/한정식,30170560,괴정동,127.381871193864,36.3390674277832
대전광역시 서구,8001,I201,MA0101202409A0080381,본죽&비빔밥대전정부,백반/한정식,30170640,둔산2동,127.389531226199,36.3585080845116
대전광역시 서구,8001,I201,MA0101202406A0523378,토리아에즈대전,백반/한정식,30170630,둔산1동,127.388145676682,36.3509697665554
대전광역시 서구,8001,I201,MA0101202409A0087462,들녘,백반/한정식,30170600,기성동,127.302889179752,36.2303582111508
대전광역시 서구,8001,I201,MA0101202409A0116774,돈락,백반/한정식,30170593,도안동,127.350478945324,36.3134709845939
대전광역시 서구,8001,I201,MA0101202409A0152781,레브,백반/한정식,30170586,월평1동,127.36414835188,36.3555782153317
대전광역시 서구,8001,I201,MA0101202406A0368231,한스랍스타,백반/한정식,30170650,만년동,127.379994288908,36.3654237583398
대전광역시 서구,8001,I201,MA0101202406A0260348,진주밀면&한판삼겹살,국수/칼국수,30170597,관저2동,127.337898050432,36.3009807673509
대전광역시 서구,8001,I201,MA0101202406A0242170,항아리보쌈,족발/보쌈,30170640,둔산2동,127.374505711941,36.3524461615302
대전광역시 서구,8001,I201,MA0101202406A0231100,장태산호숫가에서,백반/한정식,30170600,기성동,127.344920046521,36.2268739649946
대전광역시 서구,8001,I201,MA0101202406A0286031,관저오징어나라,횟집,30170597,관저2동,127.338788044164,36.3008250475496
대전광역시 서구,8001,I201,MA0101202406A0411041,양소유대전,백반/한정식,30170630,둔산1동,127.388624707643,36.350968209608
대전광역시 서구,8001,I201,MA0101202406A0247518,도톰대패,백반/한정식,30170555,탄방동,127.396374385762,36.3479688786048
대전광역시 서구,8001,I201,MA0101202409A0016633,보문산식후경,백반/한정식,30170550,용문동,127.39361260866,36.3348749099636
대전광역시 서구,8001,I201,MA0101202406A0499495,제주은희네해장국대전,국/탕/찌개류,30170630,둔산1동,127.38830450163,36.349302077269
대전광역시 서구,8001,I201,MA0101202406A0381583,목로주점,백반/한정식,30170520,도마1동,127.378448601412,36.3177203884582
대전광역시 서구,8001,I201,MA0101202409A0128662,오동통,백반/한정식,30170535,정림동,127.366875291816,36.305130919105
대전광역시 서구,8001,I201,MA0101202406A0387731,멘지대전,백반/한정식,30170640,둔산2동,127.378230512126,36.3532364750347
대전광역시 서구,8001,I201,MA0101202406A0278065,자미칼국수만두,백반/한정식,30170593,도안동,127.35166740245,36.3078441198863
대전광역시 서구,8001,I201,MA0101202406A0055010,곶게,백반/한정식,30170560,괴정동,127.386640325476,36.3394215762616
대전광역시 서구,8001,I201,MA0101202406A0096420,관저수구리,백반/한정식,30170597,관저2동,127.338264010752,36.2980689086315
대전광역시 서구,8001,I201,MA0101202406A0347838,문가아빠족발,족발/보쌈,30170660,둔산3동,127.397701579168,36.350460722591
대전광역시 서구,8001,I201,MA0101202406A0452214,유성갈비둔산,돼지고기 구이/찜,30170630,둔산1동,127.389479006027,36.3502625119804
대전광역시 서구,8001,I201,MA0101202406A0015332,유성닭발,닭/오리고기 구이/찜,30170640,둔산2동,127.380598458515,36.3544906005236
대전광역시 서구,8001,I201,MA0101202406A0243228,육즙한입,백반/한정식,30170593,도안동,127.350315049226,36.3067035886605
대전광역시 서구,8001,I201,MA0101202406A0163349,이자카야시선대전,백반/한정식,30170640,둔산2동,127.375376422,36.3504878798129
대전광역시 서구,8001,I201,MA0101202406A0225807,곤지암할매소머리국밥,국/탕/찌개류,30170590,가수원동,127.351501438133,36.3006351457205
대전광역시 서구,8001,I201,MA0101202406A0332854,소문난맛집식당,백반/한정식,30170582,갈마2동,127.37125284213,36.3431021089499
대전광역시 서구,8001,I201,MA0101202406A0346959,블랙홀,백반/한정식,30170587,월평2동,127.377297986721,36.3608453321569
대전광역시 서구,8001,I201,MA0101202406A0292703,순복이네낙지&멸치국수,백반/한정식,30170535,정림동,127.366495607373,36.3025096428526
대전광역시 서구,8001,I201,MA0101202406A0360657,족발신선생대전,족발/보쌈,30170593,도안동,127.338574142803,36.3311774423149
대전광역시 서구,8001,I201,MA0101202409A0010684,남영이네!,백반/한정식,30170586,월평1동,127.362952631128,36.3547978312811
대전광역시 서구,8001,I201,MA0101202409A0083359,클로버포유,백반/한정식,30170575,내동,127.380831172282,36.3313566693159
대전광역시 서구,8001,I201,MA0101202406A0153971,본죽앤비빔밥내동,백반/한정식,30170575,내동,127.366208154041,36.3386478370417
대전광역시 서구,8001,I201,MA0101202311A0014207,만복옹기보쌈,족발/보쌈,30170593,도안동,127.351717326439,36.3065642941161
대전광역시 서구,8001,I201,MA0101202406A0045098,골드엔터,백반/한정식,30170560,괴정동,127.389305054501,36.3399356078774
대전광역시 서구,8001,I201,MA0101202406A0355098,한식세끼대전,백반/한정식,30170560,괴정동,127.378733663979,36.3375093641891
대전광역시 서구,8001,I201,MA0101202310A0095545,오성집,백반/한정식,30170630,둔산1동,127.38861025319,36.3503013873644
대전광역시 서구,8001,I201,MA0101202310A0076654,봉자막창대전,곱창 전골/구이,30170640,둔산2동,127.377815051681,36.3548689151965
대전광역시 서구,8001,I201,MA0101202406A0538976,봉오동순댓국,백반/한정식,30170630,둔산1동,127.388141110568,36.3590262771513
대전광역시 서구,8001,I201,MA0101202406A0163530,큰맘할매순대국,국/탕/찌개류,30170630,둔산1동,127.389489195615,36.3523081449707
대전광역시 서구,8001,I201,MA0101202311A0001181,돈대장,돼지고기 구이/찜,30170640,둔산2동,127.375013808761,36.3515343813875
대전광역시 서구,8001,I201,MA0101202311A0033249,새마을정육식당,소고기 구이/찜,30170520,도마1동,127.373547548576,36.3221065261113
대전광역시 서구,8001,I201,MA0101202406A0259958,농도원식당,백반/한정식,30170520,도마1동,127.375071601177,36.3194432738707
대전광역시 서구,8001,I201,MA0101202406A0287193,촌놈덮밥,기타 한식 음식점,30170640,둔산2동,127.380598458515,36.3544906005236
대전광역시 서구,8001,I201,MA0101202406A0419302,지리산숯불갈비생고기,돼지고기 구이/찜,30170660,둔산3동,127.399764537429,36.3508503556394
대전광역시 서구,8001,I201,MA0101202406A0318999,족발신선생,족발/보쌈,30170597,관저2동,127.337405666489,36.300396388479
대전광역시 서구,8001,I201,MA0101202406A0480223,아지트실내포차,백반/한정식,30170590,가수원동,127.354182894392,36.3002667590355
대전광역시 서구,8001,I201,MA0101202406A0189001,고구려,백반/한정식,30170520,도마1동,127.373598243959,36.3233950541193
대전광역시 서구,8001,I201,MA0101202406A0037176,청사초롱,백반/한정식,30170650,만년동,127.371347153012,36.3653067597386
대전광역시 서구,8001,I201,MA0101202406A0585432,명장복집,복 요리 전문,30170650,만년동,127.381729492516,36.3670853961527
대전광역시 서구,8001,I201,MA0101202406A0496498,이순신소국밥롯데,국/탕/찌개류,30170560,괴정동,127.388428633657,36.3406503888347
대전광역시 서구,8001,I201,MA0101202406A0469723,고백집백반삼겹살,백반/한정식,30170555,탄방동,127.389476321907,36.3474869020325
대전광역시 서구,8001,I201,MA0101202311A0005037,제천황기명태,해산물 구이/찜,30170640,둔산2동,127.379985847704,36.3545195854458
대전광역시 서구,8001,I201,MA0101202406A0489711,달인정육식당,소고기 구이/찜,30170520,도마1동,127.373408283047,36.3209264160672
대전광역시 서구,8001,I201,MA0101202406A0207087,레드썬,백반/한정식,30170582,갈마2동,127.370896162272,36.3477532846379
대전광역시 서구,8001,I201,MA0101202406A0003986,청솔식탁,백반/한정식,30170660,둔산3동,127.39813243062,36.3519372136801
대전광역시 서구,8001,I201,MA0101202406A0361224,사계,백반/한정식,30170535,정림동,127.365612311046,36.3064775494765
대전광역시 서구,8001,I201,MA0101202406A0385055,성심갈비,돼지고기 구이/찜,30170587,월평2동,127.377312782473,36.3616022711135
대전광역시 서구,8001,I201,MA0101202406A0357401,수미,백반/한정식,30170560,괴정동,127.389449274118,36.3398179850798
대전광역시 서구,8001,I201,MA0101202406A0289200,착착한푸드대전,백반/한정식,30170560,괴정동,127.37946076022,36.3381468934156
대전광역시 서구,8001,I201,MA0101202406A0277628,오시오칼국수,국수/칼국수,30170593,도안동,127.354069366509,36.3071701554152
대전광역시 서구,8001,I201,MA0101202406A0238637,제주미향해장국,국/탕/찌개류,30170597,관저2동,127.337172958463,36.298062978548
대전광역시 서구,8001,I201,MA0101202406A0239249,신선칡냉면,냉면/밀면,30170660,둔산3동,127.398066956864,36.3500179305359
대전광역시 서구,8001,I201,MA0101202406A0347851,리얼펍,백반/한정식,30170597,관저2동,127.3377963947,36.2980612188256
대전광역시 서구,8001,I201,MA0101202406A0217804,88족도매,백반/한정식,30170555,탄방동,127.386248042885,36.3434420902439
대전광역시 서구,8001,I201,MA0101202406A0446859,청기와칼국수&콩국수,국수/칼국수,30170597,관저2동,127.337619409606,36.3009094598172
대전광역시 서구,8001,I201,MA0101202406A0248134,문향재,백반/한정식,30170582,갈마2동,127.36520864937,36.3512132924653
대전광역시 서구,8001,I201,MA0101202406A0453019,문정골,백반/한정식,30170660,둔산3동,127.397282937208,36.3491914591091
대전광역시 서구,8001,I201,MA0101202406A0321315,진성아구찜,해산물 구이/찜,30170560,괴정동,127.384114092875,36.3353473915163
대전광역시 서구,8001,I201,MA0101202406A0142593,가마솥보은순대,국/탕/찌개류,30170581,갈마1동,127.367005204465,36.3399701223121
대전광역시 서구,8001,I201,MA0101202406A0151383,꼬순대,국/탕/찌개류,30170586,월평1동,127.359057932445,36.3558099020186
대전광역시 서구,8001,I201,MA0101202406A0457537,탄방리,백반/한정식,30170555,탄방동,127.396528972367,36.3476980132991
대전광역시 서구,8001,I201,MA0101202406A0027137,등촌샤브칼국수목원대,국수/칼국수,30170593,도안동,127.339862491587,36.330344701018
대전광역시 서구,8001,I201,MA0101202406A0257804,곤드레밥집,백반/한정식,30170520,도마1동,127.371162819367,36.3264756619432
대전광역시 서구,8001,I201,MA0101202406A0152731,포항집,백반/한정식,30170555,탄방동,127.395990794997,36.34701490495
대전광역시 서구,8001,I201,MA0101202406A0296487,처음본명품민물장어,해산물 구이/찜,30170597,관저2동,127.341449598304,36.2984293391602
대전광역시 서구,8001,I201,MA0101202406A0060346,봉오동순댓국,백반/한정식,30170630,둔산1동,127.388141110568,36.3590262771513
대전광역시 서구,8001,I201,MA0101202406A0372486,호맥대전,백반/한정식,30170560,괴정동,127.388269872645,36.3400831637164
대전광역시 서구,8001,I201,MA0101202406A0131426,서해수산,횟집,30170560,괴정동,127.38267323101,36.3345229306044
대전광역시 서구,8001,I201,MA0101202406A0316782,배불뚝이,백반/한정식,30170630,둔산1동,127.387871354845,36.3563056087698
대전광역시 서구,8001,I201,MA0101202406A0168885,현담,백반/한정식,30170555,탄방동,127.388288931699,36.3484099646691
대전광역시 서구,8001,I201,MA0101202406A0150495,상신칼국수,국수/칼국수,30170550,용문동,127.388380138069,36.3353696517391
대전광역시 서구,8001,I201,MA0101202406A0525620,문정로설렁탕,국/탕/찌개류,30170555,탄방동,127.383420058592,36.343730561509
대전광역시 서구,8001,I201,MA0101202406A0408358,인생아구찜,해산물 구이/찜,30170596,관저1동,127.335964156041,36.3043476315186
대전광역시 서구,8001,I201,MA0101202406A0141004,양평칼국수,국수/칼국수,30170570,가장동,127.39078599415,36.3309099939194
대전광역시 서구,8001,I201,MA0101202406A0301581,프로스트,백반/한정식,30170640,둔산2동,127.375976606391,36.3501976169011
대전광역시 서구,8001,I201,MA0101202406A0316905,메이크어딜리버리대전,백반/한정식,30170640,둔산2동,127.380992375388,36.346162488627
대전광역시 서구,8001,I201,MA0101202406A0216909,전지적밥상시점,백반/한정식,30170560,괴정동,127.385208015364,36.3380924601765
대전광역시 서구,8001,I201,MA0101202406A0282810,거기7080라이브,백반/한정식,30170535,정림동,127.364891753007,36.3071556373786
대전광역시 서구,8001,I201,MA0101202406A0457687,황금마차,백반/한정식,30170570,가장동,127.386646212003,36.3361052270953
대전광역시 서구,8001,I201,MA0101202406A0177829,철길부산집,백반/한정식,30170560,괴정동,127.389002293456,36.3395310644107
대전광역시 서구,8001,I201,MA0101202406A0211158,강원막국수,국수/칼국수,30170535,정림동,127.367319796931,36.3049493177998
대전광역시 서구,8001,I201,MA0101202406A0198971,보문산식후경,백반/한정식,30170590,가수원동,127.35570047512,36.2985770408716
대전광역시 서구,8001,I201,MA0101202406A0275611,교동면옥,냉면/밀면,30170555,탄방동,127.38405459644,36.3436474181461
대전광역시 서구,8001,I201,MA0101202406A0407767,물회가,횟집,30170590,가수원동,127.353100832392,36.2997923324018
대전광역시 서구,8001,I201,MA0101202406A0219093,한마음식당,백반/한정식,30170520,도마1동,127.383051089633,36.3115957266621
대전광역시 서구,8001,I201,MA0101202406A0335344,서가네추어탕,국/탕/찌개류,30170570,가장동,127.386210089565,36.3357551782011
대전광역시 서구,8001,I201,MA0101202406A0314222,명품푸드닭꼬치와삼겹살,닭/오리고기 구이/찜,30170660,둔산3동,127.39912765876,36.3504830031041
대전광역시 서구,8001,I201,MA0101202406A0291710,누나네밥집,백반/한정식,30170640,둔산2동,127.382411263219,36.3515650073185
대전광역시 서구,8001,I201,MA0101202406A0468114,향기오국밥,국/탕/찌개류,30170597,관저2동,127.337258840878,36.2999101634818
대전광역시 서구,8001,I201,MA0101202406A0382679,옥타곤,백반/한정식,30170560,괴정동,127.389305054501,36.3399356078774
대전광역시 서구,8001,I201,MA0101202406A0488803,월평동대접밥,백반/한정식,30170586,월평1동,127.358139459312,36.3547402602984
대전광역시 서구,8001,I201,MA0101202409A0107484,한,백반/한정식,30170630,둔산1동,127.387945502669,36.353286434957
대전광역시 서구,8001,I201,MA0101202409A0122277,오봉집,백반/한정식,30170597,관저2동,127.337147590436,36.2973421027442
대전광역시 서구,8001,I201,MA0101202409A0061106,참주막,백반/한정식,30170640,둔산2동,127.375574911328,36.3500637038192
대전광역시 서구,8001,I201,MA0101202409A0143326,갈마고깃간,돼지고기 구이/찜,30170582,갈마2동,127.375083522783,36.347487885669
대전광역시 서구,8001,I201,MA0101202409A0009338,산카이,백반/한정식,30170640,둔산2동,127.375657394808,36.3510006666392
대전광역시 서구,8001,I201,MA0101202409A0124457,신성반점,백반/한정식,30170530,도마2동,127.37390104074,36.3168425307822
대전광역시 서구,8001,I201,MA0101202409A0143728,만복무쇠솥뚜껑삼겹살,돼지고기 구이/찜,30170593,도안동,127.35111924267,36.3072689744032
대전광역시 서구,8001,I201,MA0101202409A0182506,두찜대전,백반/한정식,30170530,도마2동,127.373301661873,36.3172499351285
대전광역시 서구,8001,I201,MA0101202409A0035151,갈비장터,돼지고기 구이/찜,30170520,도마1동,127.381783767727,36.3165833081949
대전광역시 서구,8001,I201,MA0101202406A0064663,고모네손칼국수,국수/칼국수,30170590,가수원동,127.353378222866,36.2995842406823
대전광역시 서구,8001,I201,MA0101202406A0289698,카페지니,백반/한정식,30170582,갈마2동,127.369954521336,36.3488646495151
대전광역시 서구,8001,I201,MA0101202406A0482230,별이빛나는밥에,백반/한정식,30170530,도마2동,127.375257688082,36.311800680443
대전광역시 서구,8001,I201,MA0101202409A0194260,공릉동멸치국수,국수/칼국수,30170660,둔산3동,127.398137442869,36.3551093291822
대전광역시 서구,8001,I201,MA0101202409A0127627,통통콩나물밥,백반/한정식,30170510,복수동,127.377293096238,36.2997725091295
대전광역시 서구,8001,I201,MA0101202409A0157963,왕구포차,백반/한정식,30170597,관저2동,127.339410096661,36.3004988571615
대전광역시 서구,8001,I201,MA0101202409A0223940,놀란숯불닭발,백반/한정식,30170597,관저2동,127.33953252382,36.2979211236556
대전광역시 서구,8001,I201,MA0101202409A0138240,우성쭈꾸미관저,해산물 구이/찜,30170596,관저1동,127.333718606114,36.302551553824
대전광역시 서구,8001,I201,MA0101202409A0064206,수리당,백반/한정식,30170540,변동,127.377747794964,36.3224898451832
대전광역시 서구,8001,I201,MA0101202409A0155604,해팔이네,백반/한정식,30170575,내동,127.372334959715,36.3340779607381
대전광역시 서구,8001,I201,MA0101202409A0148844,두번먹는명인김치찜,국/탕/찌개류,30170555,탄방동,127.391573383405,36.3435869714113
대전광역시 서구,8001,I201,MA0101202409A0076216,고향한식,백반/한정식,30170560,괴정동,127.374716256239,36.340586028987
대전광역시 서구,8001,I201,MA0101202409A0079487,느리울정육식당,소고기 구이/찜,30170597,관저2동,127.341515138251,36.2981407731055
대전광역시 서구,8001,I201,MA0101202409A0213783,대전불백,백반/한정식,30170535,정림동,127.365973355946,36.3074947803897
대전광역시 서구,8001,I201,MA0101202409A0079590,도리당대전,백반/한정식,30170640,둔산2동,127.380598458515,36.3544906005236
대전광역시 서구,8001,I201,MA0101202409A0068017,케이푸드,백반/한정식,30170560,괴정동,127.384314587322,36.3421506302265
대전광역시 서구,8001,I201,MA0101202406A0061733,생생오박사,백반/한정식,30170630,둔산1동,127.389489195615,36.3523081449707
대전광역시 서구,8001,I201,MA0101202409A0003083,꿀포차,백반/한정식,30170535,정림동,127.366746063778,36.3013103018774
대전광역시 서구,8001,I201,MA0101202406A0025339,북경깐풍기,백반/한정식,30170560,괴정동,127.38813284987,36.3416516553046
대전광역시 서구,8001,I201,MA0101202409A0035671,엉클부대찌개,국/탕/찌개류,30170582,갈마2동,127.368716276772,36.3508690859581
대전광역시 서구,8001,I201,MA0101202406A0277178,마치식당,백반/한정식,30170597,관저2동,127.337436581554,36.2998195435973
대전광역시 서구,8001,I201,MA0101202409A0215954,유성할매국수,국수/칼국수,30170555,탄방동,127.396134332732,36.3467621002255
대전광역시 서구,8001,I201,MA0101202409A0070889,엔에이치푸드,백반/한정식,30170555,탄방동,127.395482471169,36.34782764574
대전광역시 서구,8001,I201,MA0101202409A0180723,삼차육밥,백반/한정식,30170597,관저2동,127.325354696181,36.2965637083423
대전광역시 서구,8001,I201,MA0101202409A0219158,밥풀떼기,백반/한정식,30170581,갈마1동,127.36773063066,36.3473755620929
대전광역시 서구,8001,I201,MA0101202409A0170270,한솥도시락대전,백반/한정식,30170587,월평2동,127.376921429393,36.3613151308376
대전광역시 서구,8001,I201,MA0101202406A0052981,땅스부대찌개,국/탕/찌개류,30170597,관저2동,127.335156449882,36.2951217751436
대전광역시 서구,8001,I201,MA0101202409A0033943,두시야들조선족발둔산,족발/보쌈,30170582,갈마2동,127.375599682596,36.3413041969999
대전광역시 서구,8001,I201,MA0101202409A0181682,갈마동소예,백반/한정식,30170582,갈마2동,127.373722287992,36.3493665954786
대전광역시 서구,8001,I201,MA0101202409A0060804,밀뚤레,백반/한정식,30170596,관저1동,127.33612204284,36.3074112098414
대전광역시 서구,8001,I201,MA0101202406A0263802,매드대전,백반/한정식,30170640,둔산2동,127.380992375388,36.346162488627
대전광역시 서구,8001,I201,MA0101202406A0083075,꺼먹지명태조림대전,해산물 구이/찜,30170587,월평2동,127.377262437916,36.3580968646437
대전광역시 서구,8001,I201,MA0101202409A0172569,동해수산,횟집,30170586,월평1동,127.361827568731,36.3572434267354
대전광역시 서구,8001,I201,MA0101202409A0217469,청성골가마솥순대국밥,백반/한정식,30170586,월평1동,127.360763375757,36.3559940118093
대전광역시 서구,8001,I201,MA0101202406A0025887,원가네함흥냉면,냉면/밀면,30170550,용문동,127.389201528247,36.334799238215
대전광역시 서구,8001,I201,MA0101202409A0036341,에이치티씨,백반/한정식,30170581,갈마1동,127.366859636844,36.3445575581502
대전광역시 서구,8001,I201,MA0101202406A0368620,동읍리대전,백반/한정식,30170593,도안동,127.3415216461,36.3302678773686
대전광역시 서구,8001,I201,MA0101202409A0226290,남원추어탕,국/탕/찌개류,30170560,괴정동,127.382144946896,36.340382270459
대전광역시 서구,8001,I201,MA0101202311A0005412,마마밥상,백반/한정식,30170582,갈마2동,127.370544294904,36.3463755772994
대전광역시 서구,8001,I201,MA0101202406A0152449,만담꾼,백반/한정식,30170550,용문동,127.390691493583,36.338750542543
대전광역시 서구,8001,I201,MA0101202311A0080128,윤경이네매운국물닭발,닭/오리고기 구이/찜,30170530,도마2동,127.376909337684,36.3171935555036
대전광역시 서구,8001,I201,MA0101202406A0400364,명륜진사갈비,돼지고기 구이/찜,30170510,복수동,127.377941290777,36.2979771081599
대전광역시 서구,8001,I201,MA0101202406A0508166,미미칼국수,국수/칼국수,30170640,둔산2동,127.378271345848,36.3547683424
대전광역시 서구,8001,I201,MA0101202406A0021000,탄방고기돈,돼지고기 구이/찜,30170555,탄방동,127.389706401816,36.3422413105369
대전광역시 서구,8001,I201,MA0101202311A0023000,대포조개전골,백반/한정식,30170593,도안동,127.351620074072,36.3072224433218
대전광역시 서구,8001,I201,MA0101202406A0490855,왕머리,백반/한정식,30170555,탄방동,127.381889796844,36.3451593191812
대전광역시 서구,8001,I201,MA0101202406A0495898,백년추어탕,국/탕/찌개류,30170535,정림동,127.365215144721,36.3072627917328
대전광역시 서구,8001,I201,MA0101202311A0077224,모정득옛날고기집,돼지고기 구이/찜,30170550,용문동,127.390458619372,36.3389585741656
대전광역시 서구,8001,I201,MA0101202406A0167205,씨듀스,백반/한정식,30170593,도안동,127.351512870226,36.305663712939
대전광역시 서구,8001,I201,MA0101202406A0352099,길모퉁이,백반/한정식,30170520,도마1동,127.377679368856,36.3221566250748
대전광역시 서구,8001,I201,MA0101202406A0046285,사랑밥상,백반/한정식,30170555,탄방동,127.389616879359,36.3443954124332
대전광역시 서구,8001,I201,MA0101202406A0416867,서진푸드,백반/한정식,30170550,용문동,127.400386787948,36.3396556776923
대전광역시 서구,8001,I201,MA0101202406A0262360,행복순대,국/탕/찌개류,30170520,도마1동,127.381783767727,36.3165833081949
대전광역시 서구,8001,I201,MA0101202406A0050712,한끼,백반/한정식,30170586,월평1동,127.358207130071,36.3549202924497
대전광역시 서구,8001,I201,MA0101202406A0481608,석가네막국수&왕돈까스,백반/한정식,30170593,도안동,127.341347693806,36.3312416476953
대전광역시 서구,8001,I201,MA0101202406A0428611,다원석갈비,돼지고기 구이/찜,30170510,복수동,127.379297258462,36.2975132109817
대전광역시 서구,8001,I201,MA0101202406A0462547,브라더한정식도시락대전,백반/한정식,30170593,도안동,127.33865350934,36.3315016419277
대전광역시 서구,8001,I201,MA0101202406A0259737,놀부네돈수레,백반/한정식,30170530,도마2동,127.376952621231,36.3169320767978
대전광역시 서구,8001,I201,MA0101202406A0471680,철길부산집가,백반/한정식,30170593,도안동,127.349832302103,36.3058128315336
대전광역시 서구,8001,I201,MA0101202311A0094028,미나리솥뚜껑삼겹살,돼지고기 구이/찜,30170593,도안동,127.348735765238,36.3045994384576
대전광역시 서구,8001,I201,MA0101202406A0314464,수제햄고래부대찌개대전,백반/한정식,30170586,월평1동,127.363514407562,36.3558144510258
대전광역시 서구,8001,I201,MA0101202406A0015852,수국수,국수/칼국수,30170555,탄방동,127.393934569449,36.3390913554281
대전광역시 서구,8001,I201,MA0101202406A0437033,수정자갈치꼼장어,백반/한정식,30170560,괴정동,127.390259654171,36.3392656240027
대전광역시 서구,8001,I201,MA0101202406A0016976,대전엠라이브클럽,백반/한정식,30170581,갈마1동,127.373578296141,36.351872312603
대전광역시 서구,8001,I201,MA0101202406A0073231,해피포유,백반/한정식,30170582,갈마2동,127.377853743941,36.3421261737453
대전광역시 서구,8001,I201,MA0101202406A0551175,한상바오와갈비대전,돼지고기 구이/찜,30170581,갈마1동,127.376632776119,36.3476542362278
대전광역시 서구,8001,I201,MA0101202311A0045378,돼프콘,백반/한정식,30170593,도안동,127.348461243727,36.3079616498555
대전광역시 서구,8001,I201,MA0101202406A0369736,공감,백반/한정식,30170587,월평2동,127.377312782473,36.3616022711135
대전광역시 서구,8001,I201,MA0101202406A0258556,너나들이짜글이,백반/한정식,30170550,용문동,127.391186435212,36.3330354626097
대전광역시 서구,8001,I201,MA0101202406A0521712,"민,규스지",백반/한정식,30170593,도안동,127.349952399119,36.3052807823019
대전광역시 서구,8001,I201,MA0101202406A0214373,곱도리탕,닭/오리고기 구이/찜,30170560,괴정동,127.380580569439,36.3370799439718
대전광역시 서구,8001,I201,MA0101202406A0439774,장태산순대국밥,백반/한정식,30170600,기성동,127.341538852121,36.2550369202454
대전광역시 서구,8001,I201,MA0101202406A0126600,육회광,소고기 구이/찜,30170586,월평1동,127.359161021003,36.3539982305935
대전광역시 서구,8001,I201,MA0101202406A0286078,신선한우마을,소고기 구이/찜,30170593,도안동,127.35101810696,36.3070619994494
대전광역시 서구,8001,I201,MA0101202311A0033093,곰수산종합도매,횟집,30170570,가장동,127.386059802033,36.3323852608866
대전광역시 서구,8001,I201,MA0101202406A0429493,해뜨는수산,백반/한정식,30170560,괴정동,127.384761610336,36.3424465799337
대전광역시 서구,8001,I201,MA0101202406A0290863,공룡닭발,닭/오리고기 구이/찜,30170590,가수원동,127.351565608183,36.3000491878601
대전광역시 서구,8001,I201,MA0101202406A0483606,날라리숑오징어,횟집,30170555,탄방동,127.39598216497,36.3475105797604
대전광역시 서구,8001,I201,MA0101202406A0422460,오징어나라2,횟집,30170593,도안동,127.350324046852,36.306225935581
대전광역시 서구,8001,I201,MA0101202406A0244227,신화안동찜닭앤매운양푼갈비찜,소고기 구이/찜,30170582,갈마2동,127.378758785403,36.3449980603576
대전광역시 서구,8001,I201,MA0101202406A0418150,대통령정육식당,소고기 구이/찜,30170555,탄방동,127.394181385869,36.3482825320164
대전광역시 서구,8001,I201,MA0101202406A0216952,갈비꽃관저마치,돼지고기 구이/찜,30170597,관저2동,127.3377963947,36.2980612188256
대전광역시 서구,8001,I201,MA0101202406A0027289,엉클부대찌개,국/탕/찌개류,30170650,만년동,127.381743188328,36.367608032366
대전광역시 서구,8001,I201,MA0101202406A0398550,식객함바식당,백반/한정식,30170520,도마1동,127.383051089633,36.3115957266621
대전광역시 서구,8001,I201,MA0101202406A0500621,한신우동,국수/칼국수,30170560,괴정동,127.390024530748,36.3390230739479
대전광역시 서구,8001,I201,MA0101202406A0390946,아트오브램,백반/한정식,30170640,둔산2동,127.381367542776,36.352280270917
대전광역시 서구,8001,I201,MA0101202406A0414662,서진푸드,백반/한정식,30170570,가장동,127.387875932274,36.3280266922264
대전광역시 서구,8001,I201,MA0101202406A0182492,기장꼼장어,백반/한정식,30170597,관저2동,127.338240311565,36.2951581503647
대전광역시 서구,8001,I201,MA0101202406A0214752,화월,백반/한정식,30170597,관저2동,127.339617836597,36.2996241190124
대전광역시 서구,8001,I201,MA0101202406A0109130,닭한마리칼국수,백반/한정식,30170581,갈마1동,127.369151166581,36.3485967812455
대전광역시 서구,8001,I201,MA0101202406A0245347,식당,백반/한정식,30170575,내동,127.374808646036,36.3319704846705
대전광역시 서구,8001,I201,MA0101202406A0037409,가마솥보은순대,국/탕/찌개류,30170597,관저2동,127.339977925583,36.3005062556989
대전광역시 서구,8001,I201,MA0101202406A0447555,송가네,백반/한정식,30170650,만년동,127.380573426531,36.3653678446416
대전광역시 서구,8001,I201,MA0101202406A0352887,뭉탱이연탄구이,돼지고기 구이/찜,30170550,용문동,127.390591696929,36.338840986382
대전광역시 서구,8001,I201,MA0101202406A0479746,비정형,백반/한정식,30170582,갈마2동,127.374688665317,36.3464527723803
대전광역시 서구,8001,I201,MA0101202406A0346246,은희네포차,백반/한정식,30170581,갈마1동,127.367429002631,36.3519364377765
대전광역시 서구,8001,I201,MA0101202406A0064246,고향뜰손칼국수,국수/칼국수,30170555,탄방동,127.390477827704,36.3428065332334
대전광역시 서구,8001,I201,MA0101202406A0458613,강남,백반/한정식,30170660,둔산3동,127.397540027416,36.34936182728
대전광역시 서구,8001,I201,MA0101202406A0199738,제주돈내코가장맛있는뒷고기,돼지고기 구이/찜,30170597,관저2동,127.336905606147,36.3006140827198
대전광역시 서구,8001,I201,MA0101202406A0327811,제이포크축산명품대패,돼지고기 구이/찜,30170582,갈마2동,127.368901663726,36.3523824880042
대전광역시 서구,8001,I201,MA0101202406A0138692,갈마맛집,백반/한정식,30170582,갈마2동,127.375152609432,36.3479562800758
대전광역시 서구,8001,I201,MA0101202406A0094954,만족오향족발,족발/보쌈,30170630,둔산1동,127.388092796568,36.3492937532616
대전광역시 서구,8001,I201,MA0101202406A0402790,주인공사이,백반/한정식,30170582,갈마2동,127.372780123162,36.3480267869025
대전광역시 서구,8001,I201,MA0101202406A0162188,더찬푸드,백반/한정식,30170597,관저2동,127.340192742076,36.296134902287
대전광역시 서구,8001,I201,MA0101202406A0315729,의리꼼장어참숯집,백반/한정식,30170560,괴정동,127.390259654171,36.3392656240027
대전광역시 서구,8001,I201,MA0101202406A0042577,도널드와친구들,백반/한정식,30170550,용문동,127.392497304579,36.3367980843875
대전광역시 서구,8001,I201,MA0101202406A0330720,구름뜰,백반/한정식,30170596,관저1동,127.336373018612,36.306220942631
대전광역시 서구,8001,I201,MA0101202406A0255139,철길부산집대전,백반/한정식,30170630,둔산1동,127.388145676682,36.3509697665554
대전광역시 서구,8001,I201,MA0101202406A0516241,이현주나주곰탕,국/탕/찌개류,30170593,도안동,127.350322975172,36.3134534181353
대전광역시 서구,8001,I201,MA0101202406A0230517,폼포코,백반/한정식,30170593,도안동,127.35118962479,36.3055835564728
대전광역시 서구,8001,I201,MA0101202406A0240664,19금주(십구금,백반/한정식,30170560,괴정동,127.386506038768,36.3392958459303
대전광역시 서구,8001,I201,MA0101202406A0046267,문래동냉삼_,백반/한정식,30170640,둔산2동,127.377297007198,36.3537170487435
대전광역시 서구,8001,I201,MA0101202406A0229492,갈비장터,돼지고기 구이/찜,30170560,괴정동,127.384310726404,36.334562735261
대전광역시 서구,8001,I201,MA0101202406A0261296,꾸꾸삼겹대전,돼지고기 구이/찜,30170660,둔산3동,127.398904809358,36.3504747354889
대전광역시 서구,8001,I201,MA0101202406A0269611,매니아가맥,백반/한정식,30170582,갈마2동,127.369758982356,36.3452064809944
대전광역시 서구,8001,I201,MA0101202406A0118868,서진푸드,백반/한정식,30170540,변동,127.383952616086,36.3274085347563
대전광역시 서구,8001,I201,MA0101202406A0062463,오하치덴,백반/한정식,30170581,갈마1동,127.372932367653,36.351919388983
대전광역시 서구,8001,I201,MA0101202406A0028255,두찜대전,백반/한정식,30170587,월평2동,127.378994448912,36.3614437492767
대전광역시 서구,8001,I201,MA0101202311A0078464,소정식당,백반/한정식,30170640,둔산2동,127.376902262065,36.3527179906439
대전광역시 서구,8001,I201,MA0101202406A0259870,돈방제주맛돼지,돼지고기 구이/찜,30170597,관저2동,127.324421722789,36.2970889305346
대전광역시 서구,8001,I201,MA0101202406A0228065,곰수산,백반/한정식,30170575,내동,127.371836796298,36.3347193477556
대전광역시 서구,8001,I201,MA0101202406A0028245,원돌구이,백반/한정식,30170560,괴정동,127.380664413278,36.3382872539482
대전광역시 서구,8001,I201,MA0101202406A0334242,완미족발대전,족발/보쌈,30170560,괴정동,127.390259654171,36.3392656240027
대전광역시 서구,8001,I201,MA0101202311A0091016,힘내라포차,백반/한정식,30170582,갈마2동,127.37758436313,36.3417034722882
대전광역시 서구,8001,I201,MA0101202406A0404720,근본김치찌개,백반/한정식,30170630,둔산1동,127.388656529099,36.3528876077313
대전광역시 서구,8001,I201,MA0101202406A0154216,만나식당,백반/한정식,30170520,도마1동,127.381217926252,36.3170086686196
대전광역시 서구,8001,I201,MA0101202311A0055169,마왕곱도리,백반/한정식,30170560,괴정동,127.385885458936,36.3376847452421
대전광역시 서구,8001,I201,MA0101202406A0272756,봉화골순대,국/탕/찌개류,30170597,관저2동,127.338383552234,36.2973926822712
대전광역시 서구,8001,I201,MA0101202406A0514115,광장포차대전,백반/한정식,30170640,둔산2동,127.376087747947,36.3501431966535
대전광역시 서구,8001,I201,MA0101202310A0075272,더꼬치다,닭/오리고기 구이/찜,30170640,둔산2동,127.378168184051,36.3518668867526
대전광역시 서구,8001,I201,MA0101202311A0012969,육회왕자연어공주,소고기 구이/찜,30170593,도안동,127.341085364128,36.3298275453897
대전광역시 서구,8001,I201,MA0101202406A0426586,투데이,백반/한정식,30170570,가장동,127.385117279103,36.3309734527337
대전광역시 서구,8001,I201,MA0101202406A0171607,만남의광장,백반/한정식,30170640,둔산2동,127.381350448306,36.3533437114622
대전광역시 서구,8001,I201,MA0101202310A0064569,진미본순대,국/탕/찌개류,30170555,탄방동,127.38863346216,36.3482466331852
대전광역시 서구,8001,I201,MA0101202311A0020121,월돈가,백반/한정식,30170586,월평1동,127.360909789719,36.3563360160469
대전광역시 서구,8001,I201,MA0101202310A0097165,대박이네,백반/한정식,30170535,정림동,127.365755411139,36.3061256507705
대전광역시 서구,8001,I201,MA0101202406A0018257,엉클부대찌개,국/탕/찌개류,30170593,도안동,127.339787856079,36.331110915479
대전광역시 서구,8001,I201,MA0101202311A0105695,명성푸드,돼지고기 구이/찜,30170555,탄방동,127.397669766388,36.3485863854255
대전광역시 서구,8001,I201,MA0101202311A0093562,옥천칼국수,국수/칼국수,30170597,관저2동,127.324688234543,36.2969259938709
대전광역시 서구,8001,I201,MA0101202311A0042970,77삼겹,돼지고기 구이/찜,30170587,월평2동,127.37766383835,36.3627726872507
대전광역시 서구,8001,I201,MA0101202311A0033676,길돈,돼지고기 구이/찜,30170582,갈마2동,127.368715979315,36.3508060046081
대전광역시 서구,8001,I201,MA0101202311A0091064,짜글이미식회,백반/한정식,30170640,둔산2동,127.382190875296,36.3497813861794
대전광역시 서구,8001,I201,MA0101202311A0102325,제이엘푸드,돼지고기 구이/찜,30170590,가수원동,127.355029294582,36.3003273315342
대전광역시 서구,8001,I201,MA0101202311A0051163,고깃리88번지,백반/한정식,30170640,둔산2동,127.374153888586,36.3510955012398
대전광역시 서구,8001,I201,MA0101202311A0086979,백록국수대전,국수/칼국수,30170640,둔산2동,127.382603102847,36.3497890787815
대전광역시 서구,8001,I201,MA0101202311A0039126,고기생각숯불바베큐,돼지고기 구이/찜,30170587,월평2동,127.376912503871,36.3617747574234
대전광역시 서구,8001,I201,MA0101202311A0053570,금평족발,족발/보쌈,30170581,갈마1동,127.368541175597,36.3515364957727
대전광역시 서구,8001,I201,MA0101202311A0045501,성심자갈치숯불꼼장어,횟집,30170510,복수동,127.379809928782,36.2976287373105
대전광역시 서구,8001,I201,MA0101202311A0072685,굳밥,백반/한정식,30170581,갈마1동,127.365843414221,36.3463990728208
대전광역시 서구,8001,I201,MA0101202311A0068542,제주흑돼지삼겹살오겹살,돼지고기 구이/찜,30170530,도마2동,127.377723313315,36.3174162812605
대전광역시 서구,8001,I201,MA0101202311A0032308,먹새통,돼지고기 구이/찜,30170520,도마1동,127.372625348893,36.3225509823991
대전광역시 서구,8001,I201,MA0101202310A0074804,덮덮밥,기타 한식 음식점,30170530,도마2동,127.373701893708,36.3171135075749
대전광역시 서구,8001,I201,MA0101202603A0027826,벌떼식당,백반/한정식,30170582,갈마2동,127.37410593833,36.3480586906763
대전광역시 서구,8001,I201,MA0101202603A0000779,블루스타,백반/한정식,30170597,관저2동,127.33793216497,36.2985654982406
대전광역시 서구,8001,I201,MA0101202602A0038101,달빛에구운고등어,해산물 구이/찜,30170597,관저2동,127.336654925373,36.296685626402
대전광역시 서구,8001,I201,MA0101202603A0007281,숯불구이정육식당우화,백반/한정식,30170582,갈마2동,127.368716276772,36.3508690859581
대전광역시 서구,8001,I201,MA0101202601A0017926,새마을2025,백반/한정식,30170520,도마1동,127.380915251806,36.314306092969
대전광역시 서구,8001,I201,MA0101202602A0004821,교동찜닭,닭/오리고기 구이/찜,30170586,월평1동,127.365204720731,36.3551424275089
대전광역시 서구,8001,I201,MA0101202603A0007006,장충왕족발보쌈,백반/한정식,30170560,괴정동,127.384456692466,36.341600455726
대전광역시 서구,8001,I201,MA0101202512A0019593,육식사관학교,돼지고기 구이/찜,30170597,관저2동,127.338686424641,36.2953461362909
대전광역시 서구,8001,I201,MA0101202512A0028542,교동안길,백반/한정식,30170555,탄방동,127.392363452767,36.3434221684292
대전광역시 서구,8001,I201,MA0101202602A0001579,부뚜막연탄상회,백반/한정식,30170582,갈마2동,127.368734229621,36.3475887517555
대전광역시 서구,8001,I201,MA0101202603A0036256,복만당대전,백반/한정식,30170650,만년동,127.381743188328,36.367608032366
대전광역시 서구,8001,I201,MA0101202602A0005027,스마일룸포차,백반/한정식,30170640,둔산2동,127.376614112939,36.3507182909337
대전광역시 서구,8001,I201,MA0101202603A0001847,본죽앤비빔밥,백반/한정식,30170597,관저2동,127.341020477966,36.2995930910581
대전광역시 서구,8001,I201,MA0101202601A0013613,1984그수육집칼국수가,국수/칼국수,30170593,도안동,127.353483765441,36.3057029610117
대전광역시 서구,8001,I201,MA0101202603A0023094,조이밥상,백반/한정식,30170593,도안동,127.350061642742,36.3048118474777
대전광역시 서구,8001,I201,MA0101202604A0005027,나눔덮밥,기타 한식 음식점,30170582,갈마2동,127.368183500365,36.3465540976234
대전광역시 서구,8001,I201,MA0101202603A0034219,서해아구*대구뽈찜,해산물 구이/찜,30170581,갈마1동,127.368984704897,36.3463713912508
대전광역시 서구,8001,I201,MA0101202512A0021318,왕대박,백반/한정식,30170660,둔산3동,127.399663216036,36.3506434244736
대전광역시 서구,8001,I201,MA0101202510A0029278,오빠는장어대전,해산물 구이/찜,30170586,월평1동,127.361887824701,36.3558193883833
대전광역시 서구,8001,I201,MA0101202512A0025870,제주은갈치,백반/한정식,30170590,가수원동,127.35284345197,36.3044431968352
대전광역시 서구,8001,I201,MA0101202512A0043847,달빛에구운고등어,해산물 구이/찜,30170530,도마2동,127.373259551185,36.3107525540759
대전광역시 서구,8001,I201,MA0101202512A0014922,뭉칫돈,백반/한정식,30170587,월평2동,127.377106784254,36.3627834584647
대전광역시 서구,8001,I201,MA0101202512A0005629,일관,백반/한정식,30170555,탄방동,127.386996383133,36.3460981372395
대전광역시 서구,8001,I201,MA0101202511A0033663,해몽1994,백반/한정식,30170597,관저2동,127.337743739722,36.3013416768134
대전광역시 서구,8001,I201,MA0101202512A0010713,비에스팩토리,백반/한정식,30170560,괴정동,127.380534788945,36.3368277601928
대전광역시 서구,8001,I201,MA0101202602A0003839,남다른대구막창대전마치,곱창 전골/구이,30170597,관저2동,127.338273236943,36.2976273023099
대전광역시 서구,8001,I201,MA0101202512A0039877,도쿄멘야,국수/칼국수,30170581,갈마1동,127.367090009266,36.3509191516589
대전광역시 서구,8001,I201,MA0101202603A0048678,만담꾼별관,백반/한정식,30170550,용문동,127.390500969285,36.3385168593626
대전광역시 서구,8001,I201,MA0101202511A0005132,부심,백반/한정식,30170582,갈마2동,127.372512036857,36.3478744230519
대전광역시 서구,8001,I201,MA0101202512A0032932,비버터,백반/한정식,30170593,도안동,127.351905190159,36.3112048289454
대전광역시 서구,8001,I201,MA0101202601A0015587,따뜻한밥상,백반/한정식,30170530,도마2동,127.371063174841,36.3172028337837
대전광역시 서구,8001,I201,MA0101202604A0000229,송광호철판구이,돼지고기 구이/찜,30170640,둔산2동,127.378301541545,36.3541013777365
대전광역시 서구,8001,I201,MA0101202604A0002830,게다,백반/한정식,30170630,둔산1동,127.388720418704,36.3590153821647
대전광역시 서구,8001,I201,MA0101202602A0033260,별일아님,백반/한정식,30170560,괴정동,127.380270242952,36.3351073538907
대전광역시 서구,8001,I201,MA0101202604A0004864,병호네불닭발,백반/한정식,30170582,갈마2동,127.370058202442,36.3472332005881
대전광역시 서구,8001,I201,MA0101202602A0000931,화담추어관,백반/한정식,30170555,탄방동,127.388970168304,36.348750195666
대전광역시 서구,8001,I201,MA0101202512A0031150,인생맛집,백반/한정식,30170586,월평1동,127.358720849886,36.3551891038035
대전광역시 서구,8001,I201,MA0101202603A0025557,라이브스타7080,백반/한정식,30170555,탄방동,127.387675941103,36.3461049463739
대전광역시 서구,8001,I201,MA0101202604A0003242,시크릿,백반/한정식,30170586,월평1동,127.361665797192,36.3559912838057
대전광역시 서구,8001,I201,MA0101202512A0028161,윤니버스컴퍼니,백반/한정식,30170555,탄방동,127.393690304176,36.3458870253043
대전광역시 서구,8001,I201,MA0101202602A0036375,카우카우,백반/한정식,30170640,둔산2동,127.376427288526,36.3512505728467
대전광역시 서구,8001,I201,MA0101202603A0029704,훈옥당,백반/한정식,30170586,월평1동,127.358139459312,36.3547402602984
대전광역시 서구,8001,I201,MA0101202511A0022735,우화돈연탄구이,돼지고기 구이/찜,30170582,갈마2동,127.370317446396,36.3478722322524
대전광역시 서구,8001,I201,MA0101202512A0015529,한우돈숯불구이,백반/한정식,30170630,둔산1동,127.388720418704,36.3590153821647
대전광역시 서구,8001,I201,MA0101202603A0044066,족발로일등하는집도안가,족발/보쌈,30170593,도안동,127.348926603912,36.3049503429248
대전광역시 서구,8001,I201,MA0101202603A0035746,엄가네삼겹구이n도시락,백반/한정식,30170590,가수원동,127.354038856666,36.3004203867988
대전광역시 서구,8001,I201,MA0101202512A0018809,정림골샤브샤브칼국수,백반/한정식,30170535,정림동,127.367094883761,36.3044723820181
대전광역시 서구,8001,I201,MA0101202602A0027351,사시사철,백반/한정식,30170560,괴정동,127.39003845509,36.3395817578254
대전광역시 서구,8001,I201,MA0101202512A0019381,땡큐,백반/한정식,30170510,복수동,127.37881082003,36.298217675801
대전광역시 서구,8001,I201,MA0101202603A0042015,하마네아구찜대전정부,해산물 구이/찜,30170587,월평2동,127.376931180509,36.3610267245731
대전광역시 서구,8001,I201,MA0101202512A0038201,다솥맛집,백반/한정식,30170640,둔산2동,127.378168576315,36.3519479912434
대전광역시 서구,8001,I201,MA0101202512A0037903,사랑채,백반/한정식,30170560,괴정동,127.384314587322,36.3421506302265
대전광역시 서구,8001,I201,MA0101202603A0010522,춘우가,백반/한정식,30170597,관저2동,127.33931205414,36.298426412593
대전광역시 서구,8001,I201,MA0101202506A0002856,흥대감김치찜,국/탕/찌개류,30170590,가수원동,127.352154728388,36.2998401819448
대전광역시 서구,8001,I201,MA0101202512A0022156,전마니,백반/한정식,30170582,갈마2동,127.374510603864,36.3464893775757
대전광역시 서구,8001,I201,MA0101202512A0008843,팔도청국장,국/탕/찌개류,30170596,관저1동,127.336293368898,36.3032292386778
대전광역시 서구,8001,I201,MA0101202512A0006886,제주팔복갈비,돼지고기 구이/찜,30170520,도마1동,127.374060673442,36.3222851573456
대전광역시 서구,8001,I201,MA0101202511A0014973,본정,백반/한정식,30170555,탄방동,127.385784642018,36.3443447628512
대전광역시 서구,8001,I201,MA0101202601A0047326,하루롯데대전점,백반/한정식,30170550,용문동,127.390458619372,36.3389585741656
대전광역시 서구,8001,I201,MA0101202601A0000169,계절맛집,백반/한정식,30170575,내동,127.367782245269,36.3393999920739
대전광역시 서구,8001,I201,MA0101202509A0008873,커피팡&빙수팡&요거트팡대전,백반/한정식,30170582,갈마2동,127.375758787351,36.3419615556368
대전광역시 서구,8001,I201,MA0101202511A0018018,본죽&비빔밥대전,백반/한정식,30170510,복수동,127.378382779316,36.2994896989011
대전광역시 서구,8001,I201,MA0101202509A0030171,오일내둔산,백반/한정식,30170555,탄방동,127.388970168304,36.348750195666
대전광역시 서구,8001,I201,MA0101202601A0039209,한신우동대전,국수/칼국수,30170510,복수동,127.377587041346,36.29839277155
대전광역시 서구,8001,I201,MA0101202510A0003978,모던포차,백반/한정식,30170520,도마1동,127.371567578123,36.3225903223449
대전광역시 서구,8001,I201,MA0101202512A0002685,아뜨칼국수,국수/칼국수,30170555,탄방동,127.390885035228,36.346274727725
대전광역시 서구,8001,I201,MA0101202601A0009914,강변식당,백반/한정식,30170535,정림동,127.367531984815,36.3027137334245
대전광역시 서구,8001,I201,MA0101202603A0049901,소영이네전집,전/부침개,30170555,탄방동,127.396578101492,36.3485990250475
대전광역시 서구,8001,I201,MA0101202512A0023138,만년옥,백반/한정식,30170650,만년동,127.382591925712,36.3679928215528
대전광역시 서구,8001,I201,MA0101202602A0031180,맘모스볶음밥원조할매양평해장국갈마,국/탕/찌개류,30170582,갈마2동,127.370032042753,36.346413211599
대전광역시 서구,8001,I201,MA0101202506A0015217,굴뚝막창,곱창 전골/구이,30170640,둔산2동,127.374920753863,36.350714604118
대전광역시 서구,8001,I201,MA0101202512A0024383,텍사소,돼지고기 구이/찜,30170560,괴정동,127.381978940275,36.3337591508377
대전광역시 서구,8001,I201,MA0101202512A0015256,도시애어부,백반/한정식,30170530,도마2동,127.376283542849,36.3167359251454
대전광역시 서구,8001,I201,MA0101202601A0028684,교동찜닭,닭/오리고기 구이/찜,30170575,내동,127.380180120003,36.3303133756217
대전광역시 서구,8001,I201,MA0101202601A0037463,티티TT푸드,백반/한정식,30170582,갈마2동,127.374109775255,36.3488607248125
대전광역시 서구,8001,I201,MA0101202510A0027932,만배아리랑보쌈,족발/보쌈,30170555,탄방동,127.388647020518,36.3487332235826
대전광역시 서구,8001,I201,MA0101202508A0029379,청국장보리,국/탕/찌개류,30170640,둔산2동,127.378374927768,36.3554529069255
대전광역시 서구,8001,I201,MA0101202508A0034450,앙칼국수,국수/칼국수,30170555,탄방동,127.389482470782,36.3487214917654
대전광역시 서구,8001,I201,MA0101202510A0024458,야무진볶음밥,백반/한정식,30170593,도안동,127.351512870226,36.305663712939
대전광역시 서구,8001,I201,MA0101202508A0032346,일품닭도리탕전문,백반/한정식,30170597,관저2동,127.336455674175,36.2995429409509
대전광역시 서구,8001,I201,MA0101202508A0005359,바삭공장둔산,백반/한정식,30170555,탄방동,127.386294635145,36.3461094194808
대전광역시 서구,8001,I201,MA0101202508A0014729,제이에스푸드에프앤씨,백반/한정식,30170587,월평2동,127.37709399013,36.3624410530196
대전광역시 서구,8001,I201,MA0101202506A0037567,그때그집,백반/한정식,30170560,괴정동,127.387488824085,36.3398153457863
대전광역시 서구,8001,I201,MA0101202511A0004783,두부곳간,백반/한정식,30170520,도마1동,127.380377909006,36.316011034662
대전광역시 서구,8001,I201,MA0101202601A0041527,로얄푸드에프앤비,백반/한정식,30170640,둔산2동,127.382190875296,36.3497813861794
대전광역시 서구,8001,I201,MA0101202506A0000016,금촌어관,백반/한정식,30170640,둔산2동,127.389110367729,36.3590141129115
대전광역시 서구,8001,I201,MA0101202508A0012121,대패장사관저,돼지고기 구이/찜,30170596,관저1동,127.335676600764,36.3073944377193
대전광역시 서구,8001,I201,MA0101202511A0030861,태양한우마을,소고기 구이/찜,30170597,관저2동,127.338945429378,36.3011760630932
대전광역시 서구,8001,I201,MA0101202511A0040425,육회한지짐이,돼지고기 구이/찜,30170510,복수동,127.376607442552,36.2984138848094
대전광역시 서구,8001,I201,MA0101202602A0005705,현대옥가,국/탕/찌개류,30170593,도안동,127.350886507959,36.3050257132538
대전광역시 서구,8001,I201,MA0101202601A0007875,오누도리,백반/한정식,30170630,둔산1동,127.387251572694,36.3526398403202
대전광역시 서구,8001,I201,MA0101202508A0024615,큰손김치찌개김치찜,국/탕/찌개류,30170586,월평1동,127.364822864057,36.3568738492057
대전광역시 서구,8001,I201,MA0101202506A0033289,산나물연구소,백반/한정식,30170630,둔산1동,127.388132924265,36.3528893096298
대전광역시 서구,8001,I201,MA0101202511A0008261,델리문,백반/한정식,30170560,괴정동,127.382768578681,36.333522318421
대전광역시 서구,8001,I201,MA0101202512A0019009,수한우곰탕,국/탕/찌개류,30170520,도마1동,127.381421157861,36.3152957781775
대전광역시 서구,8001,I201,MA0101202509A0037019,이김푸드,백반/한정식,30170555,탄방동,127.397146236689,36.3485971382368
대전광역시 서구,8001,I201,MA0101202512A0030775,맛짱족발,족발/보쌈,30170550,용문동,127.392892120975,36.3377880813001
대전광역시 서구,8001,I201,MA0101202508A0024824,괴정칼국수,국수/칼국수,30170560,괴정동,127.386144284013,36.3359626615338
대전광역시 서구,8001,I201,MA0101202603A0038202,24시아리랑식당,백반/한정식,30170555,탄방동,127.394189039153,36.3453807230888
대전광역시 서구,8001,I201,MA0101202602A0001405,오가네대구왕뽈떼기아구도발,백반/한정식,30170582,갈마2동,127.368841628492,36.3491023953649
대전광역시 서구,8001,I201,MA0101202602A0008901,한울타리에프앤비,백반/한정식,30170640,둔산2동,127.380598458515,36.3544906005236
대전광역시 서구,8001,I201,MA0101202602A0018394,장평집,백반/한정식,30170600,기성동,127.340402059831,36.2776870351292
대전광역시 서구,8001,I201,MA0101202603A0041151,돼지삼촌,돼지고기 구이/찜,30170593,도안동,127.349360258397,36.3073191866288
대전광역시 서구,8001,I201,MA0101202603A0010440,수통골능이버섯백숙,닭/오리고기 구이/찜,30170630,둔산1동,127.389490497442,36.3525694812931
대전광역시 서구,8001,I201,MA0101202602A0034041,송song,백반/한정식,30170586,월평1동,127.362089197092,36.3559990132732
대전광역시 서구,8001,I201,MA0101202603A0039380,흑돼지와한우,백반/한정식,30170630,둔산1동,127.387238317578,36.349963394691
대전광역시 서구,8001,I201,MA0101202602A0026499,혼술바프시케,백반/한정식,30170581,갈마1동,127.372588260241,36.3521818031534
대전광역시 서구,8001,I201,MA0101202603A0028153,티엘,백반/한정식,30170582,갈마2동,127.374129743846,36.3460489944301
대전광역시 서구,8001,I201,MA0101202603A0022629,술래포차,백반/한정식,30170520,도마1동,127.372836980174,36.3225593342754
대전광역시 서구,8001,I201,MA0101202602A0000143,여울1994,백반/한정식,30170581,갈마1동,127.370252435623,36.3529640739769
대전광역시 서구,8001,I201,MA0101202603A0025459,오분이네오븐볶음밥&필라프대전,백반/한정식,30170586,월평1동,127.359289449593,36.3552775129533
대전광역시 서구,8001,I201,MA0101202602A0021371,직접행동,백반/한정식,30170660,둔산3동,127.397533010563,36.3501729076784
대전광역시 서구,8001,I201,MA0101202602A0004819,봄,백반/한정식,30170630,둔산1동,127.389499438231,36.352127876705
대전광역시 서구,8001,I201,MA0101202603A0044236,1953서서갈비,돼지고기 구이/찜,30170593,도안동,127.354703273536,36.3070060635347
대전광역시 서구,8001,I201,MA0101202601A0024755,그늘집,백반/한정식,30170640,둔산2동,127.382465928825,36.3467976161995
대전광역시 서구,8001,I201,MA0101202604A0004418,선비뼈구이&해장국,국/탕/찌개류,30170555,탄방동,127.383420058592,36.343730561509
대전광역시 서구,8001,I201,MA0101202604A0000608,요달의찜닭&내가닭도리탕이다,닭/오리고기 구이/찜,30170593,도안동,127.351512870226,36.305663712939
대전광역시 서구,8001,I201,MA0101202602A0024966,돈나와라뚝딱,백반/한정식,30170593,도안동,127.34873317795,36.3065189650748
대전광역시 서구,8001,I201,MA0101202602A0038367,운향,백반/한정식,30170587,월평2동,127.3772414165,36.3583582714394
대전광역시 서구,8001,I201,MA0101202602A0002487,닭플릭스오지니널찜닭,닭/오리고기 구이/찜,30170597,관저2동,127.335442493788,36.299527764126
대전광역시 서구,8001,I201,MA0101202603A0004626,관저엄마밥상,백반/한정식,30170597,관저2동,127.33980881769,36.30002009724
대전광역시 서구,8001,I201,MA0101202602A0009012,집밥,백반/한정식,30170530,도마2동,127.373286659325,36.3164389197709
대전광역시 서구,8001,I201,MA0101202602A0029600,이집김치찜내가찜,국/탕/찌개류,30170582,갈마2동,127.374432807304,36.3442006345584
대전광역시 서구,8001,I201,MA0101202602A0010479,딜리버리다이닝,백반/한정식,30170582,갈마2동,127.374227485799,36.3408669252558
대전광역시 서구,8001,I201,MA0101202603A0035341,디어푸딩,백반/한정식,30170593,도안동,127.35118962479,36.3055835564728
대전광역시 서구,8001,I201,MA0101202603A0000638,해물섬,백반/한정식,30170555,탄방동,127.388970168304,36.348750195666
대전광역시 서구,8001,I201,MA0101202602A0006289,진곱도리탕,국/탕/찌개류,30170597,관저2동,127.335442493788,36.299527764126
대전광역시 서구,8001,I201,MA0101202603A0002834,이모네양념게장,해산물 구이/찜,30170540,변동,127.377119956965,36.3262407321896
대전광역시 서구,8001,I201,MA0101202603A0000559,몽키반점,백반/한정식,30170593,도안동,127.341069552855,36.3287551871331
대전광역시 서구,8001,I201,MA0101202602A0028994,두루하우스,백반/한정식,30170581,갈마1동,127.370652000659,36.3526474240337
대전광역시 서구,8001,I201,MA0101202603A0032528,연일왕자회오리날다,닭/오리고기 구이/찜,30170530,도마2동,127.371374220499,36.3193917354311
대전광역시 서구,8001,I201,MA0101202511A0008725,나마미돈카츠,백반/한정식,30170587,월평2동,127.37856480865,36.3624544253829
대전광역시 서구,8001,I201,MA0101202603A0041633,학돌이네,백반/한정식,30170593,도안동,127.343506600036,36.3206826477012
대전광역시 서구,8001,I201,MA0101202511A0027515,파도마을,백반/한정식,30170582,갈마2동,127.373189588522,36.3474577682525
대전광역시 서구,8001,I201,MA0101202602A0001191,뽁당볶음밥&나혼자카츠나베대전,백반/한정식,30170560,괴정동,127.382901941085,36.3402897298462
대전광역시 서구,8001,I201,MA0101202511A0019297,돈포차,돼지고기 구이/찜,30170550,용문동,127.389700087771,36.334265919172
대전광역시 서구,8001,I201,MA0101202508A0020176,이일육,백반/한정식,30170650,만년동,127.375014748332,36.3656647850856
대전광역시 서구,8001,I201,MA0101202511A0035559,숙이네매운등갈비,돼지고기 구이/찜,30170550,용문동,127.390268185169,36.3387429138553
대전광역시 서구,8001,I201,MA0101202602A0032505,쥬스프레시,백반/한정식,30170586,월평1동,127.360722676289,36.3544170787174
대전광역시 서구,8001,I201,MA0101202603A0045564,원조부산밀면,냉면/밀면,30170597,관저2동,127.335849965552,36.3010856682418
대전광역시 서구,8001,I201,MA0101202512A0018996,이노갈비,돼지고기 구이/찜,30170582,갈마2동,127.370544294904,36.3463755772994
대전광역시 서구,8001,I201,MA0101202602A0008172,짜글이미식회대전,백반/한정식,30170640,둔산2동,127.379602727198,36.3467436633499
대전광역시 서구,8001,I201,MA0101202601A0033477,화담추어관,백반/한정식,30170550,용문동,127.393987130561,36.3384693705342
대전광역시 서구,8001,I201,MA0101202602A0037339,연일왕자회오리날다,닭/오리고기 구이/찜,30170597,관저2동,127.337579579891,36.29424982119
대전광역시 서구,8001,I201,MA0101202510A0010925,안동한우마을,소고기 구이/찜,30170560,괴정동,127.389542691581,36.3406828097712
대전광역시 서구,8001,I201,MA0101202507A0013772,뉴스타감자탕,국/탕/찌개류,30170586,월평1동,127.36468748899,36.3565137926595
대전광역시 서구,8001,I201,MA0101202505A0009372,갯벌의조개대전,해산물 구이/찜,30170555,탄방동,127.389468907229,36.3482349014933
대전광역시 서구,8001,I201,MA0101202508A0016599,부미정,백반/한정식,30170593,도안동,127.354597971838,36.3083401255263
대전광역시 서구,8001,I201,MA0101202506A0021263,자옥이네,백반/한정식,30170560,괴정동,127.38387159229,36.3426747361129
대전광역시 서구,8001,I201,MA0101202505A0021688,이바돔감자탕가,국/탕/찌개류,30170593,도안동,127.352224018423,36.3053462060137
대전광역시 서구,8001,I201,MA0101202507A0030385,구수동화로,백반/한정식,30170597,관저2동,127.324529540638,36.2962415243447
대전광역시 서구,8001,I201,MA0101202506A0016080,대만족김치찜,국/탕/찌개류,30170581,갈마1동,127.37120290142,36.3466619095802
대전광역시 서구,8001,I201,MA0101202507A0001056,일품양평해장국,국/탕/찌개류,30170555,탄방동,127.386012830205,36.3431815092365
대전광역시 서구,8001,I201,MA0101202505A0091385,한민순대2호,국/탕/찌개류,30170560,괴정동,127.382768578681,36.333522318421
대전광역시 서구,8001,I201,MA0101202505A0032942,갑진이네한우곱창,돼지고기 구이/찜,30170597,관저2동,127.337781260015,36.2971330418863
대전광역시 서구,8001,I201,MA0101202507A0021164,쏠레,백반/한정식,30170555,탄방동,127.388970302778,36.3487772304763
대전광역시 서구,8001,I201,MA0101202505A0004094,소쿠리,백반/한정식,30170560,괴정동,127.378386521025,36.3394299703934
대전광역시 서구,8001,I201,MA0101202504A0103669,에이치푸드,백반/한정식,30170582,갈마2동,127.374121665058,36.3466888545132
대전광역시 서구,8001,I201,MA0101202504A0098528,추어당,백반/한정식,30170597,관저2동,127.335638153054,36.2958233478829
대전광역시 서구,8001,I201,MA0101202502A0112895,곱창의전설,곱창 전골/구이,30170555,탄방동,127.397278130068,36.3482452416852
대전광역시 서구,8001,I201,MA0101202505A0091598,동태랑감자탕,국/탕/찌개류,30170582,갈마2동,127.368183500365,36.3465540976234
대전광역시 서구,8001,I201,MA0101202507A0026432,한상,백반/한정식,30170582,갈마2동,127.373447438621,36.3477994094554
대전광역시 서구,8001,I201,MA0101202507A0035997,조와따대패삼겹무한리필대전,돼지고기 구이/찜,30170575,내동,127.369263926534,36.3347273246927
대전광역시 서구,8001,I201,MA0101202604A0003696,용문칼국수,국수/칼국수,30170550,용문동,127.396085496689,36.3393185519351
대전광역시 서구,8001,I201,MA0101202508A0032038,자유화,백반/한정식,30170581,갈마1동,127.372828150806,36.3510906331631
대전광역시 서구,8001,I201,MA0101202508A0014046,한끼반찬,백반/한정식,30170535,정림동,127.366420704826,36.3055378451971
대전광역시 서구,8001,I201,MA0101202510A0011901,한우내장탕,국/탕/찌개류,30170581,갈마1동,127.368760595144,36.3460927184791
대전광역시 서구,8001,I201,MA0101202603A0013119,연탄시대,백반/한정식,30170560,괴정동,127.387950917313,36.3409042698829
대전광역시 서구,8001,I201,MA0101202602A0024920,서진푸드,백반/한정식,30170555,탄방동,127.387221048384,36.3464759031226
대전광역시 서구,8001,I201,MA0101202602A0031157,한림집,백반/한정식,30170596,관저1동,127.336556157341,36.3073829530559
대전광역시 서구,8001,I201,MA0101202601A0020147,신광,돼지고기 구이/찜,30170581,갈마1동,127.372176020751,36.3521740760731
대전광역시 서구,8001,I201,MA0101202505A0068001,하얀미소,백반/한정식,30170530,도마2동,127.378089870618,36.317225874637
대전광역시 서구,8001,I201,MA0101202511A0011386,소문난가든,백반/한정식,30170600,기성동,127.340737803994,36.2012108546892
대전광역시 서구,8001,I201,MA0101202603A0015107,금촌신관,백반/한정식,30170640,둔산2동,127.387194135846,36.3590383613246
대전광역시 서구,8001,I201,MA0101202512A0025824,도리당,돼지고기 구이/찜,30170597,관저2동,127.340992485147,36.2982774424317
대전광역시 서구,8001,I201,MA0101202509A0013303,육회한점대전,백반/한정식,30170510,복수동,127.377831549333,36.307538998228
대전광역시 서구,8001,I201,MA0101202602A0014485,서진푸드가,백반/한정식,30170590,가수원동,127.349647955552,36.3019292725602
대전광역시 서구,8001,I201,MA0101202601A0046594,화랑고기,돼지고기 구이/찜,30170640,둔산2동,127.375976606391,36.3501976169011
대전광역시 서구,8001,I201,MA0101202602A0002417,한궁양꼬치훠궈,백반/한정식,30170640,둔산2동,127.375234626498,36.3511191476955
대전광역시 서구,8001,I201,MA0101202602A0036356,진교동,백반/한정식,30170593,도안동,127.353433635905,36.3093979563436
대전광역시 서구,8001,I201,MA0101202603A0046450,갈마손수제비,국수/칼국수,30170582,갈마2동,127.368716276772,36.3508690859581
대전광역시 서구,8001,I201,MA0101202509A0037262,신선횟집,횟집,30170520,도마1동,127.373896859073,36.3229615543732
대전광역시 서구,8001,I201,MA0101202505A0008600,밥스토랑,백반/한정식,30170640,둔산2동,127.380199169658,36.3594393167938
대전광역시 서구,8001,I201,MA0101202509A0040884,매크윈,백반/한정식,30170593,도안동,127.349832302103,36.3058128315336
대전광역시 서구,8001,I201,MA0101202512A0014597,맛있으면돼지유,돼지고기 구이/찜,30170582,갈마2동,127.378031793869,36.3420895636092
대전광역시 서구,8001,I201,MA0101202508A0008659,낭만7080라이브,백반/한정식,30170597,관저2동,127.335200305479,36.3001682839325
대전광역시 서구,8001,I201,MA0101202506A0031247,에이치엔,백반/한정식,30170560,괴정동,127.378921182697,36.3371302754712
대전광역시 서구,8001,I201,MA0101202508A0029716,그릴타임갈마,백반/한정식,30170581,갈마1동,127.373139390922,36.3509454736697
대전광역시 서구,8001,I201,MA0101202509A0005757,소담생소갈비살,백반/한정식,30170587,월평2동,127.377340678255,36.3627646965517
대전광역시 서구,8001,I201,MA0101202505A0072857,퍼스트,백반/한정식,30170560,괴정동,127.388382780951,36.3403891967605
대전광역시 서구,8001,I201,MA0101202507A0022316,만나공주칼국수,국수/칼국수,30170575,내동,127.378543522854,36.3327427385868
대전광역시 서구,8001,I201,MA0101202505A0030684,윤순대,국/탕/찌개류,30170530,도마2동,127.376952621231,36.3169320767978
대전광역시 서구,8001,I201,MA0101202509A0012894,태미푸드,백반/한정식,30170586,월평1동,127.359226537858,36.3561338181686
대전광역시 서구,8001,I201,MA0101202508A0003187,평양옥신촌설렁탕,국/탕/찌개류,30170581,갈마1동,127.369204647016,36.3457669240435
대전광역시 서구,8001,I201,MA0101202509A0024737,베스트푸드,백반/한정식,30170586,월평1동,127.365046444028,36.3570353777601
대전광역시 서구,8001,I201,MA0101202505A0023490,새마을추어탕,국/탕/찌개류,30170540,변동,127.378550320801,36.3249385133092
대전광역시 서구,8001,I201,MA0101202508A0037980,몬스터푸드,백반/한정식,30170593,도안동,127.347092457843,36.3081278444908
대전광역시 서구,8001,I201,MA0101202509A0008003,티케이푸드,백반/한정식,30170560,괴정동,127.375316367453,36.3402957693382
대전광역시 서구,8001,I201,MA0101202506A0007067,추성순대족발,백반/한정식,30170640,둔산2동,127.389110367729,36.3590141129115
대전광역시 서구,8001,I201,MA0101202507A0000276,오늘도신선회,횟집,30170520,도마1동,127.373896859073,36.3229615543732
대전광역시 서구,8001,I201,MA0101202507A0017356,유미삼겹,백반/한정식,30170582,갈마2동,127.368715979315,36.3508060046081
대전광역시 서구,8001,I201,MA0101202506A0023203,돈좋다,백반/한정식,30170550,용문동,127.395721996076,36.3379229329319
대전광역시 서구,8001,I201,MA0101202506A0016702,포차시그널,백반/한정식,30170640,둔산2동,127.376265556769,36.3500525193972
대전광역시 서구,8001,I201,MA0101202505A0040274,농민뜨끈이옥천뼈구이,백반/한정식,30170582,갈마2동,127.369621131269,36.3490369045362
대전광역시 서구,8001,I201,MA0101202507A0004627,정드림흑염소대전가,기타 한식 음식점,30170590,가수원동,127.354014402488,36.30486329114
대전광역시 서구,8001,I201,MA0101202510A0035469,유원옥,백반/한정식,30170630,둔산1동,127.389549791698,36.3532902274394
대전광역시 서구,8001,I201,MA0101202506A0021297,정도시락,백반/한정식,30170630,둔산1동,127.387871354845,36.3563056087698
대전광역시 서구,8001,I201,MA0101202507A0020138,청담회관대전,백반/한정식,30170660,둔산3동,127.397701579168,36.350460722591
대전광역시 서구,8001,I201,MA0101202504A0094510,일루와,백반/한정식,30170510,복수동,127.378171427403,36.2995264148946
대전광역시 서구,8001,I201,MA0101202505A0089933,둔산연화,백반/한정식,30170640,둔산2동,127.381508894994,36.3515678916957
대전광역시 서구,8001,I201,MA0101202510A0009559,몽크,백반/한정식,30170640,둔산2동,127.381386155946,36.3538122082134
대전광역시 서구,8001,I201,MA0101202505A0011418,덮면덮밥리,기타 한식 음식점,30170582,갈마2동,127.376725101501,36.3413817605276
대전광역시 서구,8001,I201,MA0101202510A0022973,청춘껍데기,돼지고기 구이/찜,30170570,가장동,127.385762610821,36.3353601054871
대전광역시 서구,8001,I201,MA0101202507A0039667,본도시락대전,백반/한정식,30170640,둔산2동,127.378374927768,36.3554529069255
대전광역시 서구,8001,I201,MA0101202507A0032024,아지트,백반/한정식,30170555,탄방동,127.395722986636,36.3469256745908
대전광역시 서구,8001,I201,MA0101202506A0035200,7곡제면소,백반/한정식,30170550,용문동,127.392645584205,36.3374915032824
대전광역시 서구,8001,I201,MA0101202506A0030910,옛날토종순대,국/탕/찌개류,30170593,도안동,127.351651210399,36.3067176896171
대전광역시 서구,8001,I201,MA0101202508A0022431,달콤쌉쌀,백반/한정식,30170630,둔산1동,127.387871354845,36.3563056087698
대전광역시 서구,8001,I201,MA0101202509A0033297,신추풍령시래기감자탕,국/탕/찌개류,30170590,가수원동,127.353022403158,36.3046229051045
대전광역시 서구,8001,I201,MA0101202506A0038756,명인푸드케이터링,백반/한정식,30170570,가장동,127.388629628878,36.3295382229588
대전광역시 서구,8001,I201,MA0101202506A0025729,술속의밤대전,백반/한정식,30170640,둔산2동,127.37602281377,36.3505399180467
대전광역시 서구,8001,I201,MA0101202508A0037507,길봉이네,백반/한정식,30170640,둔산2동,127.373674296185,36.3509798491736
대전광역시 서구,8001,I201,MA0101202507A0023007,용호동낙지대전,해산물 구이/찜,30170587,월평2동,127.37723084051,36.3584754574301
대전광역시 서구,8001,I201,MA0101202507A0034507,기류,백반/한정식,30170530,도마2동,127.378660633517,36.3155118257567
대전광역시 서구,8001,I201,MA0101202507A0010160,오르카푸드,백반/한정식,30170597,관저2동,127.339664087837,36.3000205084915
대전광역시 서구,8001,I201,MA0101202509A0034458,개화주막대전,백반/한정식,30170650,만년동,127.381044937348,36.368376257817
대전광역시 서구,8001,I201,MA0101202510A0024839,도도,백반/한정식,30170586,월평1동,127.361606204023,36.3575595079246
대전광역시 서구,8001,I201,MA0101202603A0022646,한마음정육식당,돼지고기 구이/찜,30170555,탄방동,127.395735125314,36.3405182767734
대전광역시 서구,8001,I201,MA0101202603A0010583,더밥상,백반/한정식,30170582,갈마2동,127.371257059657,36.3463373180393
대전광역시 서구,8001,I201,MA0101202510A0026437,노걸대감자탕대전,국/탕/찌개류,30170593,도안동,127.340219005221,36.3303707221157
대전광역시 서구,8001,I201,MA0101202601A0018975,여보게웃게,백반/한정식,30170593,도안동,127.35105328645,36.307458416383
대전광역시 서구,8001,I201,MA0101202508A0005521,백록국수대전,국수/칼국수,30170593,도안동,127.345149144785,36.324462873113
대전광역시 서구,8001,I201,MA0101202508A0031293,쏘시지요,백반/한정식,30170593,도안동,127.351460961777,36.3065019652774
대전광역시 서구,8001,I201,MA0101202511A0020714,조와따대패삼겹무한리필,돼지고기 구이/찜,30170587,월평2동,127.378555150725,36.3627608548641
대전광역시 서구,8001,I201,MA0101202508A0015052,돼지삼형제,돼지고기 구이/찜,30170582,갈마2동,127.374688665317,36.3464527723803
대전광역시 서구,8001,I201,MA0101202507A0021027,용문감자탕코다리,백반/한정식,30170550,용문동,127.392228382077,36.3387004496432
대전광역시 서구,8001,I201,MA0101202508A0019781,든든키친,백반/한정식,30170555,탄방동,127.387160385459,36.3432228558256
대전광역시 서구,8001,I201,MA0101202509A0013999,뭔닭인지알지,백반/한정식,30170540,변동,127.369773932985,36.3295169388006
대전광역시 서구,8001,I201,MA0101202508A0006532,영주네장독대,백반/한정식,30170520,도마1동,127.376326996785,36.3211425576786
대전광역시 서구,8001,I201,MA0101202508A0031267,미나리솥뚜껑삼겹살,돼지고기 구이/찜,30170582,갈마2동,127.374496918204,36.3459577267595
대전광역시 서구,8001,I201,MA0101202512A0002369,처가집곰탕둔산,국/탕/찌개류,30170640,둔산2동,127.389110367729,36.3590141129115
대전광역시 서구,8001,I201,MA0101202510A0023075,들에집밥,백반/한정식,30170596,관저1동,127.341141331155,36.3068923304396
대전광역시 서구,8001,I201,MA0101202507A0017697,데굴데굴,백반/한정식,30170555,탄방동,127.389438213081,36.3420709613632
대전광역시 서구,8001,I201,MA0101202510A0012228,담가화로구이,돼지고기 구이/찜,30170596,관저1동,127.337293484702,36.3027848415056
대전광역시 서구,8001,I201,MA0101202511A0027439,안녕갈비,돼지고기 구이/찜,30170560,괴정동,127.387682201019,36.3406257772765
대전광역시 서구,8001,I201,MA0101202601A0013527,관저주먹구이,백반/한정식,30170596,관저1동,127.335964156041,36.3043476315186
대전광역시 서구,8001,I201,MA0101202510A0031014,맏며느리꽃쌈,돼지고기 구이/찜,30170650,만년동,127.378331403264,36.3671773104377
대전광역시 서구,8001,I201,MA0101202510A0024521,백정,돼지고기 구이/찜,30170560,괴정동,127.390259654171,36.3392656240027
대전광역시 서구,8001,I201,MA0101202602A0006703,실내포차담소,백반/한정식,30170582,갈마2동,127.372166058673,36.3477403247142
대전광역시 서구,8001,I201,MA0101202511A0010510,국밥윤선생,국/탕/찌개류,30170530,도마2동,127.372191584547,36.3179833524836
대전광역시 서구,8001,I201,MA0101202507A0010995,전통소국밥,국/탕/찌개류,30170586,월평1동,127.359424549079,36.3555835060996
대전광역시 서구,8001,I201,MA0101202511A0031446,진국뼈다귀탕&묵은지김치찜,백반/한정식,30170530,도마2동,127.374856140718,36.3163078432385
대전광역시 서구,8001,I201,MA0101202511A0038223,녹두네해물손칼국수,국수/칼국수,30170555,탄방동,127.395127393652,36.3459003057914
대전광역시 서구,8001,I201,MA0101202601A0021912,라꾸르,백반/한정식,30170630,둔산1동,127.388263297395,36.3499780922726
대전광역시 서구,8001,I201,MA0101202512A0001524,로컬다이닝랩,백반/한정식,30170550,용문동,127.391222131128,36.3379467596504
대전광역시 서구,8001,I201,MA0101202511A0034778,산골솥뚜껑,백반/한정식,30170550,용문동,127.396595815654,36.3389113302694
대전광역시 서구,8001,I201,MA0101202511A0029302,도리짱,백반/한정식,30170582,갈마2동,127.374243239292,36.3488152481376
대전광역시 서구,8001,I201,MA0101202511A0001068,호돌,백반/한정식,30170560,괴정동,127.386506038768,36.3392958459303
대전광역시 서구,8001,I201,MA0101202512A0036623,청산골,돼지고기 구이/찜,30170510,복수동,127.380243971949,36.2976003222504
대전광역시 서구,8001,I201,MA0101202507A0016582,저스트,백반/한정식,30170560,괴정동,127.38790122289,36.3398680785281
대전광역시 서구,8001,I201,MA0101202510A0010527,부산해물왕칼국수,국수/칼국수,30170555,탄방동,127.387971605033,36.3473205734669
대전광역시 서구,8001,I201,MA0101202510A0006602,만배식탁대전둔산,백반/한정식,30170630,둔산1동,127.387251572694,36.3526398403202
대전광역시 서구,8001,I201,MA0101202510A0005785,장원갑칼국수둔산갤러리아,국수/칼국수,30170640,둔산2동,127.377950495098,36.3483169456552
대전광역시 서구,8001,I201,MA0101202511A0007064,진심한상,백반/한정식,30170586,월평1동,127.356545210721,36.3545017106904
대전광역시 서구,8001,I201,MA0101202511A0021074,황재코다리냉면,백반/한정식,30170587,월평2동,127.377254297422,36.3587187003044
대전광역시 서구,8001,I201,MA0101202511A0009820,황금포차,백반/한정식,30170535,정림동,127.365843261633,36.3058640391676
대전광역시 서구,8001,I201,MA0101202511A0036447,한찜두찜돼지김치찜,백반/한정식,30170582,갈마2동,127.375346385306,36.3419087810286
대전광역시 서구,8001,I201,MA0101202511A0031835,따랑한끼,백반/한정식,30170582,갈마2동,127.374094687099,36.3457066573606
대전광역시 서구,8001,I201,MA0101202601A0021381,소문난칼국수,국수/칼국수,30170520,도마1동,127.380887239233,36.3177036312761
대전광역시 서구,8001,I201,MA0101202507A0039122,24시전주명가콩나물국밥가,국/탕/찌개류,30170590,가수원동,127.354014402488,36.30486329114
대전광역시 서구,8001,I201,MA0101202511A0024533,오순도순실내포차,돼지고기 구이/찜,30170581,갈마1동,127.367702249692,36.3460779561224
대전광역시 서구,8001,I201,MA0101202509A0024285,플렉스덮밥,기타 한식 음식점,30170597,관저2동,127.333990947855,36.3011449468639
대전광역시 서구,8001,I201,MA0101202510A0006203,337정육식당,소고기 구이/찜,30170560,괴정동,127.387682201019,36.3406257772765
대전광역시 서구,8001,I201,MA0101202512A0009896,1972송은정보리밥,백반/한정식,30170650,만년동,127.381974496702,36.3670575779274
대전광역시 서구,8001,I201,MA0101202510A0031385,귀족볶음밥대전,백반/한정식,30170597,관저2동,127.335645397474,36.300112964224
대전광역시 서구,8001,I201,MA0101202510A0028966,샤브올데이대전,백반/한정식,30170593,도안동,127.353483765441,36.3057029610117
대전광역시 서구,8001,I201,MA0101202507A0039760,대동강숯불민물장어구이,해산물 구이/찜,30170587,월평2동,127.377662270777,36.3624482698509
대전광역시 서구,8001,I201,MA0101202603A0005671,김치찜에진심,국/탕/찌개류,30170582,갈마2동,127.377348662755,36.34133473443
대전광역시 서구,8001,I201,MA0101202601A0050468,한쌈대패,돼지고기 구이/찜,30170597,관저2동,127.341331102659,36.2993398732175
대전광역시 서구,8001,I201,MA0101202510A0026857,게새우수산회센터,횟집,30170593,도안동,127.349709801388,36.3083004533722
대전광역시 서구,8001,I201,MA0101202601A0046309,덮담,백반/한정식,30170582,갈마2동,127.371346191132,36.3439939834277
대전광역시 서구,8001,I201,MA0101202512A0003674,노걸대감자탕순대국&가마삼겹,백반/한정식,30170630,둔산1동,127.388304728139,36.3515910602771
대전광역시 서구,8001,I201,MA0101202512A0008322,호수식당,백반/한정식,30170586,월평1동,127.353094441364,36.352682571593
대전광역시 서구,8001,I201,MA0101202603A0026096,담다,백반/한정식,30170530,도마2동,127.36972304552,36.3163869120626
대전광역시 서구,8001,I201,MA0101202602A0021952,바다회수산,횟집,30170640,둔산2동,127.382178807673,36.3473122047741
대전광역시 서구,8001,I201,MA0101202602A0024307,양문숯불갈비대전가,돼지고기 구이/찜,30170593,도안동,127.351512870226,36.305663712939
대전광역시 서구,8001,I201,MA0101202601A0042954,진작애,백반/한정식,30170650,만년동,127.373898743875,36.3652988019072
대전광역시 서구,8001,I201,MA0101202511A0001629,순삭곱창,곱창 전골/구이,30170630,둔산1동,127.388772622554,36.3515895389145
대전광역시 서구,8001,I201,MA0101202603A0007302,인생푸줏간,백반/한정식,30170555,탄방동,127.392277096402,36.3439721690356
대전광역시 서구,8001,I201,MA0101202512A0007348,쿠시네코,백반/한정식,30170555,탄방동,127.395985176638,36.3481053451825
대전광역시 서구,8001,I201,MA0101202602A0017766,천가,돼지고기 구이/찜,30170640,둔산2동,127.376917288415,36.3512129812765
대전광역시 서구,8001,I201,MA0101202604A0000064,큐이디클럽하우스,백반/한정식,30170587,월평2동,127.374996661833,36.3595729104215
대전광역시 서구,8001,I201,MA0101202603A0033214,지리산족발,족발/보쌈,30170535,정림동,127.365609702867,36.3059188245713
대전광역시 서구,8001,I201,MA0101202603A0008395,단소대전,백반/한정식,30170555,탄방동,127.387252921799,36.3484133264925
대전광역시 서구,8001,I201,MA0101202603A0034704,우리흑염소,기타 한식 음식점,30170555,탄방동,127.381418248868,36.3444038375008
대전광역시 서구,8001,I201,MA0101202603A0033543,흰고래연어육회&돌섬미역국대전서구,소고기 구이/찜,30170581,갈마1동,127.367305880323,36.3470704686067
대전광역시 서구,8001,I201,MA0101202512A0035530,충남순대,국/탕/찌개류,30170555,탄방동,127.382062833176,36.3440953786774
대전광역시 서구,8001,I201,MA0101202601A0014335,도파민,백반/한정식,30170640,둔산2동,127.374920753863,36.350714604118
대전광역시 서구,8001,I201,MA0101202603A0020095,구봉식당,백반/한정식,30170597,관저2동,127.330347265374,36.2872137396564
대전광역시 서구,8001,I201,MA0101202601A0045283,범육돈대전,돼지고기 구이/찜,30170560,괴정동,127.390259654171,36.3392656240027
대전광역시 서구,8001,I201,MA0101202603A0004642,주산,백반/한정식,30170560,괴정동,127.388600676206,36.339406206298
대전광역시 서구,8001,I201,MA0101202512A0008713,화산,백반/한정식,30170510,복수동,127.381554218895,36.299182229811
대전광역시 서구,8001,I201,MA0101202511A0010218,에이치푸드,백반/한정식,30170660,둔산3동,127.400419872343,36.3504696682696
대전광역시 서구,8001,I201,MA0101202602A0021920,육칠이대전,돼지고기 구이/찜,30170582,갈마2동,127.370328627584,36.3502332773447
대전광역시 서구,8001,I201,MA0101202603A0020501,할매순대국,국/탕/찌개류,30170660,둔산3동,127.398137442869,36.3551093291822
대전광역시 서구,8001,I201,MA0101202602A0002483,버들골삼겹살,돼지고기 구이/찜,30170593,도안동,127.340010605822,36.331110282017
대전광역시 서구,8001,I201,MA0101202603A0019937,아무개산업,백반/한정식,30170560,괴정동,127.383710427323,36.3370699362347
대전광역시 서구,8001,I201,MA0101202512A0033575,더브라더족발,족발/보쌈,30170597,관저2동,127.336895868199,36.3009385362981
대전광역시 서구,8001,I201,MA0101202603A0018599,서울마님죽,백반/한정식,30170560,괴정동,127.383283211976,36.3339892813846
대전광역시 서구,8001,I201,MA0101202603A0048289,완판제육,돼지고기 구이/찜,30170581,갈마1동,127.3694579801,36.3545886475934
대전광역시 서구,8001,I201,MA0101202511A0002013,삼삼진국밥&포차,국/탕/찌개류,30170582,갈마2동,127.376337364346,36.341824558602
대전광역시 서구,8001,I201,MA0101202603A0014398,오성뒷고기막창,돼지고기 구이/찜,30170596,관저1동,127.336790412371,36.3048950285243
대전광역시 서구,8001,I201,MA0101202603A0039653,원미정,백반/한정식,30170597,관저2동,127.336703328581,36.297586674378
대전광역시 서구,8001,I201,MA0101202512A0033156,원조국물닭발,닭/오리고기 구이/찜,30170560,괴정동,127.380458624979,36.3349084953581
대전광역시 서구,8001,I201,MA0101202504A0114731,하이엔드,백반/한정식,30170520,도마1동,127.37067394794,36.3220163419888
대전광역시 서구,8001,I201,MA0101202502A0003233,빽가네대패,백반/한정식,30170597,관저2동,127.339940693864,36.299623201498
대전광역시 서구,8001,I201,MA0101202502A0094815,감동전,백반/한정식,30170581,갈마1동,127.367915088841,36.3463296303108
대전광역시 서구,8001,I201,MA0101202504A0108330,바운티,백반/한정식,30170581,갈마1동,127.371231949315,36.3527807999448
대전광역시 서구,8001,I201,MA0101202504A0087110,앞산큰골집대전,백반/한정식,30170640,둔산2동,127.381840597045,36.3510531625946
대전광역시 서구,8001,I201,MA0101202502A0009678,담음,백반/한정식,30170582,갈마2동,127.370875677635,36.3481318419773
대전광역시 서구,8001,I201,MA0101202505A0089030,청솔생막창&삼겹살,백반/한정식,30170596,관저1동,127.336687806793,36.3043365839717
대전광역시 서구,8001,I201,MA0101202504A0031651,소담칼국수쭈꾸미,백반/한정식,30170587,월평2동,127.377925319166,36.3615462648118
대전광역시 서구,8001,I201,MA0101202503A0057465,수테,백반/한정식,30170640,둔산2동,127.37726080231,36.3531404113097
대전광역시 서구,8001,I201,MA0101202504A0018405,오복누룽지삼계탕,국/탕/찌개류,30170587,월평2동,127.377669058316,36.3615470750967
대전광역시 서구,8001,I201,MA0101202504A0106705,글램,백반/한정식,30170560,괴정동,127.388224065543,36.3398309831691
대전광역시 서구,8001,I201,MA0101202503A0080116,귯걸귯보이대전둔산,백반/한정식,30170640,둔산2동,127.376356239328,36.3503766568675
대전광역시 서구,8001,I201,MA0101202502A0023554,석호네닭발,닭/오리고기 구이/찜,30170586,월평1동,127.365201704445,36.3568817036707
대전광역시 서구,8001,I201,MA0101202505A0058435,영카세,백반/한정식,30170582,갈마2동,127.373231050671,36.3491428369446
대전광역시 서구,8001,I201,MA0101202503A0054753,두찜대전,백반/한정식,30170555,탄방동,127.396277324014,36.3486000228538
대전광역시 서구,8001,I201,MA0101202502A0006470,수복삼계탕,국/탕/찌개류,30170630,둔산1동,127.387251572694,36.3526398403202
대전광역시 서구,8001,I201,MA0101202504A0007467,육미제당대전괴정,백반/한정식,30170560,괴정동,127.388410965078,36.341578657646
대전광역시 서구,8001,I201,MA0101202502A0047922,뼈있다감자탕,국/탕/찌개류,30170597,관저2동,127.337073378966,36.3007938465879
대전광역시 서구,8001,I201,MA0101202412A0013192,시크릿가든,백반/한정식,30170593,도안동,127.347507409086,36.3238522497185
대전광역시 서구,8001,I201,MA0101202502A0009380,팔도돔베,돼지고기 구이/찜,30170575,내동,127.373419933545,36.3327047856185
대전광역시 서구,8001,I201,MA0101202412A0024506,은화수식당,백반/한정식,30170640,둔산2동,127.377808040557,36.353418046456
대전광역시 서구,8001,I201,MA0101202502A0085889,손의손,백반/한정식,30170597,관저2동,127.336776749167,36.2991274923848
대전광역시 서구,8001,I201,MA0101202412A0059591,더뮤지엄,백반/한정식,30170640,둔산2동,127.376487665356,36.3499076318042
대전광역시 서구,8001,I201,MA0101202502A0016818,솔가숯불갈비,돼지고기 구이/찜,30170597,관저2동,127.3234955533,36.2965687528393
대전광역시 서구,8001,I201,MA0101202504A0031041,한결푸드,국수/칼국수,30170640,둔산2동,127.37726749881,36.3545281989602
대전광역시 서구,8001,I201,MA0101202412A0014141,부르동,백반/한정식,30170510,복수동,127.380595607767,36.2989419658141
대전광역시 서구,8001,I201,MA0101202502A0001076,경탄,백반/한정식,30170555,탄방동,127.38874920829,36.3423976279711
대전광역시 서구,8001,I201,MA0101202502A0087940,목포낙지,해산물 구이/찜,30170597,관저2동,127.33915696076,36.3011754632292
대전광역시 서구,8001,I201,MA0101202502A0016461,도리장군,백반/한정식,30170597,관저2동,127.337514862263,36.299900429188
대전광역시 서구,8001,I201,MA0101202502A0098484,꼬지삼형제,백반/한정식,30170555,탄방동,127.389468907229,36.3482349014933
대전광역시 서구,8001,I201,MA0101202502A0008197,막창굽는연탄할매,곱창 전골/구이,30170555,탄방동,127.397278130068,36.3482452416852
대전광역시 서구,8001,I201,MA0101202503A0003873,본죽&비빔밥대전,백반/한정식,30170560,괴정동,127.377522448797,36.3404149855593
대전광역시 서구,8001,I201,MA0101202504A0032933,꾸석지돌판한우,소고기 구이/찜,30170597,관저2동,127.336382928373,36.3007507319682
대전광역시 서구,8001,I201,MA0101202412A0016518,오늘은새우회,횟집,30170640,둔산2동,127.376914556439,36.3552682757785
대전광역시 서구,8001,I201,MA0101202503A0064426,삼월일사,백반/한정식,30170593,도안동,127.345351988204,36.3250029951447
대전광역시 서구,8001,I201,MA0101202505A0078109,떡품닭대전시청,백반/한정식,30170630,둔산1동,127.388707468455,36.3496882723396
대전광역시 서구,8001,I201,MA0101202503A0072751,샤브20대전,국수/칼국수,30170640,둔산2동,127.377809782405,36.3537785107725
대전광역시 서구,8001,I201,MA0101202502A0039887,춘천집무한닭갈비대전,닭/오리고기 구이/찜,30170640,둔산2동,127.377006975701,36.3513298510893
대전광역시 서구,8001,I201,MA0101202502A0080927,차이완,백반/한정식,30170550,용문동,127.396214321528,36.3383628781466
대전광역시 서구,8001,I201,MA0101202502A0030744,쏘맥막,백반/한정식,30170510,복수동,127.377876450366,36.2983828454051
대전광역시 서구,8001,I201,MA0101202502A0001762,제집,백반/한정식,30170555,탄방동,127.39606169884,36.3456178486109
대전광역시 서구,8001,I201,MA0101202504A0087236,가수원닭발,닭/오리고기 구이/찜,30170593,도안동,127.349832302103,36.3058128315336
대전광역시 서구,8001,I201,MA0101202506A0035464,조개찢고회뜬다&산오징어,백반/한정식,30170582,갈마2동,127.374496918204,36.3459577267595
대전광역시 서구,8001,I201,MA0101202504A0017584,대전명가,백반/한정식,30170582,갈마2동,127.368145262654,36.3478969673926
대전광역시 서구,8001,I201,MA0101202506A0029861,바이브식당,백반/한정식,30170560,괴정동,127.38790122289,36.3398680785281
대전광역시 서구,8001,I201,MA0101202502A0022581,매일봄,백반/한정식,30170555,탄방동,127.389833602733,36.3476479485603
대전광역시 서구,8001,I201,MA0101202501A0016418,삼삼돌구이,백반/한정식,30170555,탄방동,127.381152485981,36.3447291087262
대전광역시 서구,8001,I201,MA0101202502A0008866,꾸석지돌판한우대전,소고기 구이/찜,30170630,둔산1동,127.38903476897,36.3527782359739
대전광역시 서구,8001,I201,MA0101202502A0004013,서진푸드,백반/한정식,30170540,변동,127.383897152583,36.3274537718236
대전광역시 서구,8001,I201,MA0101202510A0029671,만족오향족발,족발/보쌈,30170597,관저2동,127.33862964755,36.3002397268688
대전광역시 서구,8001,I201,MA0101202507A0030109,또와곱창,곱창 전골/구이,30170535,정림동,127.366539929506,36.3048435694414
대전광역시 서구,8001,I201,MA0101202502A0051986,황금족발도안,족발/보쌈,30170593,도안동,127.351383670859,36.3066463816601
대전광역시 서구,8001,I201,MA0101202501A0063701,1990수요일칼국秀,백반/한정식,30170630,둔산1동,127.388954029243,36.3499848577341
대전광역시 서구,8001,I201,MA0101202412A0055861,을지설렁탕,국/탕/찌개류,30170640,둔산2동,127.380585606917,36.3541391834549
대전광역시 서구,8001,I201,MA0101202505A0085669,대전물회,횟집,30170593,도안동,127.351267542616,36.308061579161
대전광역시 서구,8001,I201,MA0101202505A0010443,국민돼지국밥,백반/한정식,30170596,관저1동,127.341151052055,36.306567876928
대전광역시 서구,8001,I201,MA0101202412A0011133,오백돈,백반/한정식,30170597,관저2동,127.338240311565,36.2951581503647
대전광역시 서구,8001,I201,MA0101202501A0065302,함평해보뻘낙지,해산물 구이/찜,30170650,만년동,127.379962250585,36.3680012136355
대전광역시 서구,8001,I201,MA0101202502A0058890,한결한우정육식당갈마,백반/한정식,30170582,갈마2동,127.368496189456,36.351446516992
대전광역시 서구,8001,I201,MA0101202510A0007412,꼬들대패대전,백반/한정식,30170586,월평1동,127.364182782199,36.3557943923184
대전광역시 서구,8001,I201,MA0101202507A0038100,군산아구찜,해산물 구이/찜,30170597,관저2동,127.3396023681,36.301192222584
대전광역시 서구,8001,I201,MA0101202502A0083478,일품양평해장국,국/탕/찌개류,30170597,관저2동,127.324751743322,36.2961327788646
대전광역시 서구,8001,I201,MA0101202502A0076295,쇼군,백반/한정식,30170582,갈마2동,127.372454706726,36.3475321550184
대전광역시 서구,8001,I201,MA0101202510A0020178,수유리혼밥왕,백반/한정식,30170581,갈마1동,127.368025255236,36.346067950054
대전광역시 서구,8001,I201,MA0101202506A0003283,우리소머리국밥도안,국/탕/찌개류,30170593,도안동,127.353296359765,36.3061180589021
대전광역시 서구,8001,I201,MA0101202506A0004141,별별식당,백반/한정식,30170590,가수원동,127.352199309895,36.3023273163562
대전광역시 서구,8001,I201,MA0101202510A0002653,길채정갤러리아,백반/한정식,30170640,둔산2동,127.378168576315,36.3519479912434
대전광역시 서구,8001,I201,MA0101202507A0017300,정이품,백반/한정식,30170535,정림동,127.366420704826,36.3055378451971
대전광역시 서구,8001,I201,MA0101202504A0099568,혼족,백반/한정식,30170560,괴정동,127.380179766266,36.3371172667004
대전광역시 서구,8001,I201,MA0101202510A0001775,옛고을숯불갈비,돼지고기 구이/찜,30170597,관저2동,127.335426018771,36.2956797536556
대전광역시 서구,8001,I201,MA0101202510A0030878,산더미미성돼지국밥대전,백반/한정식,30170630,둔산1동,127.388304728139,36.3515910602771
대전광역시 서구,8001,I201,MA0101202506A0003534,쓰리삼겹,백반/한정식,30170593,도안동,127.347166536157,36.3248355263064
대전광역시 서구,8001,I201,MA0101202507A0038260,7890친구들,백반/한정식,30170586,월평1동,127.363659952884,36.3559672078456
대전광역시 서구,8001,I201,MA0101202502A0067682,도래곱창,곱창 전골/구이,30170555,탄방동,127.397278130068,36.3482452416852
대전광역시 서구,8001,I201,MA0101202506A0025912,지서방감자탕만년동,국/탕/찌개류,30170650,만년동,127.382023472332,36.3679585936713
대전광역시 서구,8001,I201,MA0101202510A0018573,고씨명가북경오리,닭/오리고기 구이/찜,30170640,둔산2동,127.37726749881,36.3545281989602
대전광역시 서구,8001,I201,MA0101202504A0006838,똥튀,백반/한정식,30170582,갈마2동,127.377683222988,36.3460288048341
대전광역시 서구,8001,I201,MA0101202502A0042824,하루돈,백반/한정식,30170593,도안동,127.347523467079,36.3249606542603
대전광역시 서구,8001,I201,MA0101202506A0015062,초원흑염소,기타 한식 음식점,30170560,괴정동,127.382469011493,36.3360375619518
대전광역시 서구,8001,I201,MA0101202506A0021097,신날개,백반/한정식,30170582,갈마2동,127.370946774643,36.3466807284193
대전광역시 서구,8001,I201,MA0101202503A0076023,뷔페기사식당,백반/한정식,30170540,변동,127.386781523196,36.3274264493512
대전광역시 서구,8001,I201,MA0101202505A0018425,슈퍼막회,백반/한정식,30170597,관저2동,127.337783280367,36.2976016519661
대전광역시 서구,8001,I201,MA0101202510A0022630,귀족볶음밥,백반/한정식,30170582,갈마2동,127.375146056522,36.3419454571048
대전광역시 서구,8001,I201,MA0101202506A0001005,울엄마해장,백반/한정식,30170555,탄방동,127.382327847241,36.3458968825438
대전광역시 서구,8001,I201,MA0101202504A0017269,"키,호시",백반/한정식,30170640,둔산2동,127.374311362539,36.3514104193253
대전광역시 서구,8001,I201,MA0101202411A0040797,와이에이치,백반/한정식,30170550,용문동,127.39361260866,36.3348749099636
대전광역시 서구,8001,I201,MA0101202411A0088230,울엄마식당,백반/한정식,30170520,도마1동,127.37464100611,36.3225446818807
대전광역시 서구,8001,I201,MA0101202411A0013829,김치찜의정석,국/탕/찌개류,30170586,월평1동,127.367381087766,36.3559648365724
대전광역시 서구,8001,I201,MA0101202411A0049644,돌섬막회,백반/한정식,30170582,갈마2동,127.373657157624,36.3473932248655
대전광역시 서구,8001,I201,MA0101202411A0087561,순이네식당,백반/한정식,30170520,도마1동,127.37875573143,36.3167551531165
대전광역시 서구,8001,I201,MA0101202411A0029128,은택,백반/한정식,30170593,도안동,127.353298031208,36.3089567779926
대전광역시 서구,8001,I201,MA0101202411A0147453,낭만고기국수,돼지고기 구이/찜,30170650,만년동,127.374597385779,36.3669277362225
대전광역시 서구,8001,I201,MA0101202411A0114061,낙천주의,백반/한정식,30170582,갈마2동,127.373746909821,36.3521871965666
대전광역시 서구,8001,I201,MA0101202411A0079374,케이엠지엠대전,백반/한정식,30170593,도안동,127.350991557925,36.3061068240081
대전광역시 서구,8001,I201,MA0101202411A0130741,육식사관학교대전,백반/한정식,30170640,둔산2동,127.382251162853,36.3529983872123
대전광역시 서구,8001,I201,MA0101202411A0010389,갈마포차,백반/한정식,30170581,갈마1동,127.374565223013,36.3462639124535
대전광역시 서구,8001,I201,MA0101202411A0082568,팔분갈비찜,백반/한정식,30170555,탄방동,127.391573383405,36.3435869714113
대전광역시 서구,8001,I201,MA0101202411A0134191,가수원아싸대패삼겹살,백반/한정식,30170590,가수원동,127.350720786935,36.3003400477241
대전광역시 서구,8001,I201,MA0101202411A0128016,춘천집닭갈비,닭/오리고기 구이/찜,30170587,월평2동,127.378425957354,36.361391480761
대전광역시 서구,8001,I201,MA0101202411A0029358,반찬비결,백반/한정식,30170640,둔산2동,127.380075395952,36.3500224389507
대전광역시 서구,8001,I201,MA0101202411A0167285,팔당원조칼제비롯데대전점,백반/한정식,30170560,괴정동,127.389542691581,36.3406828097712
대전광역시 서구,8001,I201,MA0101202411A0019075,듀담,백반/한정식,30170596,관저1동,127.336105881133,36.3062397176006
대전광역시 서구,8001,I201,MA0101202508A0032994,야무진푸드,백반/한정식,30170560,괴정동,127.375316367453,36.3402957693382
대전광역시 서구,8001,I201,MA0101202509A0001496,삼겹당,돼지고기 구이/찜,30170560,괴정동,127.386506038768,36.3392958459303
대전광역시 서구,8001,I201,MA0101202508A0026767,장사하는청년들,백반/한정식,30170597,관저2동,127.337026442475,36.3002352449774
대전광역시 서구,8001,I201,MA0101202507A0007693,맛나육개장,국/탕/찌개류,30170587,월평2동,127.378555150725,36.3627608548641
대전광역시 서구,8001,I201,MA0101202504A0072840,아지트,백반/한정식,30170510,복수동,127.379044826024,36.2982619933199
대전광역시 서구,8001,I201,MA0101202505A0038618,한솥도시락대전,백반/한정식,30170630,둔산1동,127.387265774976,36.3510086683967
대전광역시 서구,8001,I201,MA0101202509A0001664,낭만꾸러기,백반/한정식,30170586,월평1동,127.364382311672,36.3555775021052
대전광역시 서구,8001,I201,MA0101202509A0037259,한우만민물장어월평,백반/한정식,30170586,월평1동,127.363700827625,36.3551740497083
대전광역시 서구,8001,I201,MA0101202505A0085555,준푸드,백반/한정식,30170597,관저2동,127.333110617734,36.3009581542222
대전광역시 서구,8001,I201,MA0101202507A0013906,디아망,백반/한정식,30170555,탄방동,127.388100854413,36.3464279902802
대전광역시 서구,8001,I201,MA0101202505A0089257,연예인,백반/한정식,30170520,도마1동,127.371957900032,36.3273923927006
대전광역시 서구,8001,I201,MA0101202504A0008871,부여식당,백반/한정식,30170530,도마2동,127.373663201474,36.3183392334444
대전광역시 서구,8001,I201,MA0101202504A0011923,청사로160,백반/한정식,30170640,둔산2동,127.381636551455,36.3594617696271
대전광역시 서구,8001,I201,MA0101202507A0022221,충무할매낙지볶음,해산물 구이/찜,30170550,용문동,127.389783440319,36.3353470597715
대전광역시 서구,8001,I201,MA0101202505A0019230,현풍닭칼국수대전,국수/칼국수,30170640,둔산2동,127.380992375388,36.346162488627
대전광역시 서구,8001,I201,MA0101202507A0005431,애가타,백반/한정식,30170586,월평1동,127.365555734321,36.3563489281529
대전광역시 서구,8001,I201,MA0101202505A0014233,갑부갈비탕한우짝갈비,백반/한정식,30170597,관저2동,127.338522717087,36.3012583672308
대전광역시 서구,8001,I201,MA0101202509A0016989,곰실장연희,백반/한정식,30170555,탄방동,127.387252921799,36.3484133264925
대전광역시 서구,8001,I201,MA0101202505A0089015,풍천숯불민물장어,해산물 구이/찜,30170582,갈마2동,127.377683222988,36.3460288048341
대전광역시 서구,8001,I201,MA0101202505A0011396,석호네닭발,닭/오리고기 구이/찜,30170586,월평1동,127.365201704445,36.3568817036707
대전광역시 서구,8001,I201,MA0101202509A0011337,육회바른연어대전,소고기 구이/찜,30170630,둔산1동,127.3881680914,36.3509967289847
대전광역시 서구,8001,I201,MA0101202508A0024984,햇님함바식당,백반/한정식,30170630,둔산1동,127.393395799872,36.3559901609077
대전광역시 서구,8001,I201,MA0101202509A0014974,양많은김치찌개,백반/한정식,30170597,관저2동,127.333990947855,36.3011449468639
대전광역시 서구,8001,I201,MA0101202509A0032403,김관식추어명장,횟집,30170593,도안동,127.350218911817,36.3175721207684
대전광역시 서구,8001,I201,MA0101202509A0018648,푸줏간,백반/한정식,30170555,탄방동,127.393133327956,36.3458888589194
대전광역시 서구,8001,I201,MA0101202509A0010719,찜해가,백반/한정식,30170590,가수원동,127.35179903813,36.2999673947358
대전광역시 서구,8001,I201,MA0101202601A0024698,초원생고기,돼지고기 구이/찜,30170597,관저2동,127.336703328581,36.297586674378
대전광역시 서구,8001,I201,MA0101202509A0008330,완도식당,백반/한정식,30170640,둔산2동,127.382189201596,36.3494389450239
대전광역시 서구,8001,I201,MA0101202508A0002247,칼국수랑수제비랑,백반/한정식,30170630,둔산1동,127.387945502669,36.353286434957
대전광역시 서구,8001,I201,MA0101202509A0034047,동네골뱅이2호,백반/한정식,30170555,탄방동,127.393138028127,36.3401753897585
대전광역시 서구,8001,I201,MA0101202508A0003460,도매정육,돼지고기 구이/찜,30170520,도마1동,127.382189529648,36.3153023358704
대전광역시 서구,8001,I201,MA0101202509A0033879,냉삼집,백반/한정식,30170510,복수동,127.377831549333,36.307538998228
대전광역시 서구,8001,I201,MA0101202509A0035904,인생국수,국수/칼국수,30170593,도안동,127.349151322057,36.3079055655293
대전광역시 서구,8001,I201,MA0101202509A0009088,대전부르스,백반/한정식,30170593,도안동,127.352195358197,36.3064006739888
대전광역시 서구,8001,I201,MA0101202509A0003972,바다생산대광어대전둔,백반/한정식,30170640,둔산2동,127.375234626498,36.3511191476955
대전광역시 서구,8001,I201,MA0101202508A0036460,한가어죽대전,백반/한정식,30170581,갈마1동,127.368677553489,36.3473816561991
대전광역시 서구,8001,I201,MA0101202509A0032906,저칼로리덮밥,기타 한식 음식점,30170581,갈마1동,127.367305880323,36.3470704686067
대전광역시 서구,8001,I201,MA0101202508A0027601,담라,백반/한정식,30170630,둔산1동,127.389491851903,36.350604916484
대전광역시 서구,8001,I201,MA0101202509A0005647,월가,백반/한정식,30170630,둔산1동,127.388228714473,36.3519878240444
대전광역시 서구,8001,I201,MA0101202508A0022636,약선흑염소대전,기타 한식 음식점,30170530,도마2동,127.369949846337,36.3266776817274
대전광역시 서구,8001,I201,MA0101202509A0017173,미연,백반/한정식,30170570,가장동,127.385762610821,36.3353601054871
대전광역시 서구,8001,I201,MA0101202508A0018471,본만쥬,백반/한정식,30170581,갈마1동,127.373510463621,36.3516652544071
대전광역시 서구,8001,I201,MA0101202509A0015793,봉혜자반상갤러리아타임월드,백반/한정식,30170640,둔산2동,127.378168576315,36.3519479912434
대전광역시 서구,8001,I201,MA0101202601A0032731,수진네찻집,백반/한정식,30170597,관저2동,127.335915373723,36.3007610583494
대전광역시 서구,8001,I201,MA0101202510A0020359,관저오대리막국수,국수/칼국수,30170597,관저2동,127.338288576278,36.296023150903
대전광역시 서구,8001,I201,MA0101202509A0019494,월정숯집,백반/한정식,30170597,관저2동,127.336380479598,36.2975875831069
대전광역시 서구,8001,I201,MA0101202508A0037018,회팔구,백반/한정식,30170597,관저2동,127.337436581554,36.2998195435973
대전광역시 서구,8001,I201,MA0101202508A0007592,미식정,백반/한정식,30170640,둔산2동,127.378168184051,36.3518668867526
대전광역시 서구,8001,I201,MA0101202509A0001800,허씨본가시래기감자탕,국/탕/찌개류,30170582,갈마2동,127.369723348732,36.3447379796687
대전광역시 서구,8001,I201,MA0101202508A0018727,회춘,백반/한정식,30170555,탄방동,127.393546306616,36.3460497111431
대전광역시 서구,8001,I201,MA0101202509A0018052,술방구대전,백반/한정식,30170640,둔산2동,127.376767601205,36.3502041373021
대전광역시 서구,8001,I201,MA0101202511A0025950,자연콩나물밥,백반/한정식,30170596,관저1동,127.336385275004,36.3064822511852
대전광역시 서구,8001,I201,MA0101202603A0028690,맛짱족발보쌈도마,백반/한정식,30170520,도마1동,127.381330145193,36.31489954923
대전광역시 서구,8001,I201,MA0101202508A0031134,여수회바다,백반/한정식,30170550,용문동,127.391645615755,36.3379904314532
대전광역시 서구,8001,I201,MA0101202511A0030397,황금포차,백반/한정식,30170535,정림동,127.366638105884,36.3020315791591
대전광역시 서구,8001,I201,MA0101202511A0021988,본토칼국수,국수/칼국수,30170555,탄방동,127.386248042885,36.3434420902439
대전광역시 서구,8001,I201,MA0101202602A0031629,고메,백반/한정식,30170555,탄방동,127.387252921799,36.3484133264925
대전광역시 서구,8001,I201,MA0101202601A0014241,라라빠,백반/한정식,30170581,갈마1동,127.373623374485,36.3519803126581
대전광역시 서구,8001,I201,MA0101202508A0036919,월평맛집콩나물밥,백반/한정식,30170586,월평1동,127.354027921155,36.3521661395822
대전광역시 서구,8001,I201,MA0101202603A0034008,오리오리,백반/한정식,30170510,복수동,127.376462759552,36.2984233522806
대전광역시 서구,8001,I201,MA0101202508A0035098,오징어회관,횟집,30170550,용문동,127.390514896906,36.3390755432119
대전광역시 서구,8001,I201,MA0101202508A0026610,강릉칼국수,국수/칼국수,30170597,관저2동,127.337986221793,36.3007732458869
대전광역시 서구,8001,I201,MA0101202510A0020180,영칼로리포케대전,백반/한정식,30170550,용문동,127.396595815654,36.3389113302694
대전광역시 서구,8001,I201,MA0101202508A0010419,아구촌,백반/한정식,30170581,갈마1동,127.36876949977,36.357429473934
대전광역시 서구,8001,I201,MA0101202601A0028988,환희해장국,국/탕/찌개류,30170520,도마1동,127.378689834419,36.3169446097024
대전광역시 서구,8001,I201,MA0101202601A0002559,비노우스,돼지고기 구이/찜,30170560,괴정동,127.388410965078,36.341578657646
대전광역시 서구,8001,I201,MA0101202509A0033003,기력민물장어대전,해산물 구이/찜,30170630,둔산1동,127.387905472625,36.3497089019205
대전광역시 서구,8001,I201,MA0101202601A0015002,마장동고기집,돼지고기 구이/찜,30170555,탄방동,127.394897580304,36.3400974945075
대전광역시 서구,8001,I201,MA0101202511A0024519,연막창,곱창 전골/구이,30170630,둔산1동,127.388805847205,36.3493094588592
대전광역시 서구,8001,I201,MA0101202601A0043193,피양면옥,냉면/밀면,30170582,갈마2동,127.377683222988,36.3460288048341
대전광역시 서구,8001,I201,MA0101202509A0012041,1988평화숯불구이대전,돼지고기 구이/찜,30170630,둔산1동,127.388092796568,36.3492937532616
대전광역시 서구,8001,I201,MA0101202509A0003103,주여사네오만가지,백반/한정식,30170570,가장동,127.390607454874,36.3330734033072
대전광역시 서구,8001,I201,MA0101202512A0014270,치맥브라더스,백반/한정식,30170582,갈마2동,127.369621131269,36.3490369045362
대전광역시 서구,8001,I201,MA0101202509A0021155,뚝배기한식,국/탕/찌개류,30170510,복수동,127.381797385851,36.2988209804975
대전광역시 서구,8001,I201,MA0101202509A0003579,훈뒷고기,돼지고기 구이/찜,30170593,도안동,127.351095318161,36.3068995598966
대전광역시 서구,8001,I201,MA0101202411A0040495,혼밥에빠진날,백반/한정식,30170581,갈마1동,127.365608884217,36.3534199476353
대전광역시 서구,8001,I201,MA0101202411A0062168,우돌,백반/한정식,30170555,탄방동,127.395978064786,36.3445006684377
대전광역시 서구,8001,I201,MA0101202411A0010379,턴앤온,백반/한정식,30170575,내동,127.379889275395,36.3346399532235
대전광역시 서구,8001,I201,MA0101202501A0069303,오빠곱창대전,곱창 전골/구이,30170640,둔산2동,127.375138125288,36.3519034728972
대전광역시 서구,8001,I201,MA0101202411A0105662,5.5닭갈비갈마,닭/오리고기 구이/찜,30170582,갈마2동,127.375733613168,36.3483149248618
대전광역시 서구,8001,I201,MA0101202411A0130013,상우네막회집,백반/한정식,30170520,도마1동,127.373758869279,36.3197177395855
대전광역시 서구,8001,I201,MA0101202411A0025354,진미오겹살,백반/한정식,30170560,괴정동,127.389002293456,36.3395310644107
대전광역시 서구,8001,I201,MA0101202411A0041979,우리손칼국수,국수/칼국수,30170640,둔산2동,127.37836960394,36.3497484879828
대전광역시 서구,8001,I201,MA0101202412A0038864,호르몬치치,백반/한정식,30170597,관저2동,127.336701508331,36.2971631229131
대전광역시 서구,8001,I201,MA0101202501A0020758,반지하,백반/한정식,30170593,도안동,127.341535930044,36.3309887798278
대전광역시 서구,8001,I201,MA0101202501A0056916,샤브올데이대전,백반/한정식,30170581,갈마1동,127.368807524134,36.3513193919775
대전광역시 서구,8001,I201,MA0101202411A0116149,최피디해물칼국수도안가,국수/칼국수,30170593,도안동,127.349163546306,36.3056525736625
대전광역시 서구,8001,I201,MA0101202411A0088218,한솥도시락대전,백반/한정식,30170550,용문동,127.392095262066,36.3388090276205
대전광역시 서구,8001,I201,MA0101202411A0031816,호수한우,소고기 구이/찜,30170593,도안동,127.348564589191,36.3261742152744
대전광역시 서구,8001,I201,MA0101202411A0009241,뼈칼집대전둔,백반/한정식,30170630,둔산1동,127.388473848047,36.3519960391163
대전광역시 서구,8001,I201,MA0101202412A0038337,유도리,백반/한정식,30170575,내동,127.372545506525,36.3338520102138
대전광역시 서구,8001,I201,MA0101202411A0015444,1984그수육집칼국수,국수/칼국수,30170630,둔산1동,127.388656529099,36.3528876077313
대전광역시 서구,8001,I201,MA0101202501A0031473,육향제육,돼지고기 구이/찜,30170582,갈마2동,127.376844894278,36.3408136416687
대전광역시 서구,8001,I201,MA0101202503A0079073,면식당대전,백반/한정식,30170630,둔산1동,127.389491305481,36.3527316900392
대전광역시 서구,8001,I201,MA0101202501A0045312,스쿨푸드대전시청,백반/한정식,30170555,탄방동,127.381152485981,36.3447291087262
대전광역시 서구,8001,I201,MA0101202501A0015768,레전드,백반/한정식,30170630,둔산1동,127.388976555834,36.3522737678382
대전광역시 서구,8001,I201,MA0101202501A0076073,우성국수,국수/칼국수,30170560,괴정동,127.384761610336,36.3424465799337
대전광역시 서구,8001,I201,MA0101202503A0009601,교동회오리날다,닭/오리고기 구이/찜,30170586,월평1동,127.365050768177,36.355575461791
대전광역시 서구,8001,I201,MA0101202411A0106667,성수완당대전갤러리아백화점,백반/한정식,30170640,둔산2동,127.378168576315,36.3519479912434
대전광역시 서구,8001,I201,MA0101202411A0122648,초가집,백반/한정식,30170570,가장동,127.386902701186,36.3361674794269
대전광역시 서구,8001,I201,MA0101202501A0076491,소문난왕순대,국/탕/찌개류,30170560,괴정동,127.384750320532,36.3378866638879
대전광역시 서구,8001,I201,MA0101202411A0009746,이자카야우규,백반/한정식,30170630,둔산1동,127.388065816491,36.3505915325733
대전광역시 서구,8001,I201,MA0101202501A0012874,소보양본가,국/탕/찌개류,30170640,둔산2동,127.382201486835,36.3496732112393
대전광역시 서구,8001,I201,MA0101202503A0042405,옛날우시장,백반/한정식,30170597,관저2동,127.336124120049,36.3001116193493
대전광역시 서구,8001,I201,MA0101202503A0044868,금미식품,백반/한정식,30170586,월평1동,127.365204720731,36.3551424275089
대전광역시 서구,8001,I201,MA0101202411A0002734,곱집사둔산,백반/한정식,30170630,둔산1동,127.388707468455,36.3496882723396
대전광역시 서구,8001,I201,MA0101202505A0032422,야드포케앤샐러드대전,백반/한정식,30170630,둔산1동,127.387251572694,36.3526398403202
대전광역시 서구,8001,I201,MA0101202505A0033506,조은식당,백반/한정식,30170582,갈마2동,127.376002112316,36.3416003197618
대전광역시 서구,8001,I201,MA0101202503A0061814,미미식당,백반/한정식,30170640,둔산2동,127.379633159534,36.3507177494624
대전광역시 서구,8001,I201,MA0101202502A0106585,도산,백반/한정식,30170555,탄방동,127.396419258537,36.3458329450683
대전광역시 서구,8001,I201,MA0101202502A0065598,한마음정육식당대전,돼지고기 구이/찜,30170630,둔산1동,127.389490999038,36.3504336960797
대전광역시 서구,8001,I201,MA0101202502A0050433,1975서문국시&덮밥,기타 한식 음식점,30170650,만년동,127.382591925712,36.3679928215528
대전광역시 서구,8001,I201,MA0101202504A0080999,봉숙이네카세,백반/한정식,30170586,월평1동,127.366268677092,36.356328721412
대전광역시 서구,8001,I201,MA0101202503A0038867,야미공장,백반/한정식,30170582,갈마2동,127.373629389254,36.3415807261017
대전광역시 서구,8001,I201,MA0101202503A0012657,월평옥소곰탕,국/탕/찌개류,30170586,월평1동,127.359558530589,36.3556461852465
대전광역시 서구,8001,I201,MA0101202504A0073618,함초롬,백반/한정식,30170510,복수동,127.377750504581,36.2999693250245
대전광역시 서구,8001,I201,MA0101202504A0080545,맛나숯불직화구이,백반/한정식,30170586,월평1동,127.36414583343,36.355037518175
대전광역시 서구,8001,I201,MA0101202502A0041712,정마담해장국,국/탕/찌개류,30170593,도안동,127.350061642742,36.3048118474777
대전광역시 서구,8001,I201,MA0101202502A0040877,육육대장정육식당,소고기 구이/찜,30170555,탄방동,127.393857461625,36.3392628330493
대전광역시 서구,8001,I201,MA0101202502A0075868,노고단돌구이,백반/한정식,30170535,정림동,127.36660571814,36.3022479623099
대전광역시 서구,8001,I201,MA0101202502A0031091,이어리,백반/한정식,30170555,탄방동,127.392056100108,36.3421074605665
대전광역시 서구,8001,I201,MA0101202503A0058367,감성멸치국수,국수/칼국수,30170587,월평2동,127.37856480865,36.3624544253829
대전광역시 서구,8001,I201,MA0101202503A0031452,마적단,백반/한정식,30170560,괴정동,127.389002293456,36.3395310644107
대전광역시 서구,8001,I201,MA0101202503A0080236,미인계대전,백반/한정식,30170560,괴정동,127.388397678317,36.3411461363167
대전광역시 서구,8001,I201,MA0101202503A0016425,닭치고김치고닭치GO김치GO,백반/한정식,30170597,관저2동,127.334158061658,36.3011715154285
대전광역시 서구,8001,I201,MA0101202503A0009120,선라이즈키친,백반/한정식,30170581,갈마1동,127.368808328139,36.3538516912141
대전광역시 서구,8001,I201,MA0101202503A0012574,효자동솥뚜껑대전,백반/한정식,30170640,둔산2동,127.375197054502,36.350254137596
대전광역시 서구,8001,I201,MA0101202502A0108690,화채업자,백반/한정식,30170582,갈마2동,127.374351738091,36.3412270067324
대전광역시 서구,8001,I201,MA0101202503A0044859,뚱이네,백반/한정식,30170520,도마1동,127.37502943553,36.3222640982309
대전광역시 서구,8001,I201,MA0101202503A0027784,본죽&비빔밥대전,백반/한정식,30170582,갈마2동,127.368715979315,36.3508060046081
대전광역시 서구,8001,I201,MA0101202502A0003874,청사고추장불고기,돼지고기 구이/찜,30170630,둔산1동,127.388141110568,36.3590262771513
대전광역시 서구,8001,I201,MA0101202503A0043979,마이요거트립,백반/한정식,30170597,관저2동,127.336679010651,36.297109115209
대전광역시 서구,8001,I201,MA0101202502A0047328,담가화로구이대전,돼지고기 구이/찜,30170630,둔산1동,127.387964251293,36.3525744463579
대전광역시 서구,8001,I201,MA0101202502A0079563,찰만디제이,백반/한정식,30170581,갈마1동,127.366489712295,36.3535704490789
대전광역시 서구,8001,I201,MA0101202503A0041653,막내낙지,해산물 구이/찜,30170640,둔산2동,127.376907127498,36.3537272908987
대전광역시 서구,8001,I201,MA0101202504A0105794,향우공주칼국수,국수/칼국수,30170520,도마1동,127.378291640247,36.3221096299938
대전광역시 서구,8001,I201,MA0101202501A0002817,비칠오사,백반/한정식,30170510,복수동,127.377340210209,36.2979970303181
대전광역시 서구,8001,I201,MA0101202503A0043154,주랑해,백반/한정식,30170581,갈마1동,127.373033663184,36.3521353547919
대전광역시 서구,8001,I201,MA0101202503A0001133,국밥참맛있는집대전,국/탕/찌개류,30170630,둔산1동,127.389850587461,36.3532892464577
대전광역시 서구,8001,I201,MA0101202502A0116944,샐러드타임,백반/한정식,30170555,탄방동,127.386012830205,36.3431815092365
대전광역시 서구,8001,I201,MA0101202503A0049752,한우진곰탕,국/탕/찌개류,30170520,도마1동,127.381217926252,36.3170086686196
대전광역시 서구,8001,I201,MA0101202502A0020144,외길곱창,곱창 전골/구이,30170555,탄방동,127.397278130068,36.3482452416852
대전광역시 서구,8001,I201,MA0101202503A0075641,동백본가대전,백반/한정식,30170560,괴정동,127.389002293456,36.3395310644107
대전광역시 서구,8001,I201,MA0101202504A0064481,김치찜연구소,국/탕/찌개류,30170593,도안동,127.339439349385,36.3303639270567
대전광역시 서구,8001,I201,MA0101202505A0006746,연식당,백반/한정식,30170640,둔산2동,127.378374927768,36.3554529069255
대전광역시 서구,8001,I201,MA0101202504A0113747,노다웃,백반/한정식,30170640,둔산2동,127.37726749881,36.3545281989602
대전광역시 서구,8001,I201,MA0101202505A0021739,탄방토종닭칼국수,백반/한정식,30170555,탄방동,127.392154992734,36.346279578752
대전광역시 서구,8001,I201,MA0101202504A0068555,국뽕쌀국수,백반/한정식,30170582,갈마2동,127.374019899639,36.3463737615567
대전광역시 서구,8001,I201,MA0101202503A0046716,행운,백반/한정식,30170586,월평1동,127.361709569021,36.3558199281174
대전광역시 서구,8001,I201,MA0101202504A0081801,원대한갈비탄방,돼지고기 구이/찜,30170555,탄방동,127.389947423008,36.3458992973082
대전광역시 서구,8001,I201,MA0101202502A0045709,곱분이곱창,곱창 전골/구이,30170640,둔산2동,127.374311362539,36.3514104193253
대전광역시 서구,8001,I201,MA0101202505A0008920,녹슨집,백반/한정식,30170597,관저2동,127.33793216497,36.2985654982406
대전광역시 서구,8001,I201,MA0101202506A0026885,한신닭발,닭/오리고기 구이/찜,30170582,갈마2동,127.367999045274,36.347600029763
대전광역시 서구,8001,I201,MA0101202507A0023479,삼천회관,백반/한정식,30170660,둔산3동,127.399284449448,36.350644690686
대전광역시 서구,8001,I201,MA0101202502A0115288,진수산,백반/한정식,30170593,도안동,127.350001323808,36.3062629281101
대전광역시 서구,8001,I201,MA0101202505A0008801,동읍리,백반/한정식,30170510,복수동,127.378043355189,36.2983642941349
대전광역시 서구,8001,I201,MA0101202504A0044114,코뿔소별당,백반/한정식,30170560,괴정동,127.386210784974,36.3381523062401
대전광역시 서구,8001,I201,MA0101202503A0058930,진성아구찜,해산물 구이/찜,30170555,탄방동,127.394751560964,36.346478299957
대전광역시 서구,8001,I201,MA0101202506A0035031,우담화벤토,백반/한정식,30170555,탄방동,127.396788828444,36.3462192238296
대전광역시 서구,8001,I201,MA0101202505A0019792,전주항아리보쌈,족발/보쌈,30170597,관저2동,127.338843188642,36.2981303515401
대전광역시 서구,8001,I201,MA0101202505A0036158,한우88도매장대전,소고기 구이/찜,30170560,괴정동,127.387682201019,36.3406257772765
대전광역시 서구,8001,I201,MA0101202507A0020950,시민숯불갈비무한리필,돼지고기 구이/찜,30170520,도마1동,127.381539648706,36.3144753260075
대전광역시 서구,8001,I201,MA0101202502A0025012,구백냥곱창,곱창 전골/구이,30170555,탄방동,127.397278130068,36.3482452416852
대전광역시 서구,8001,I201,MA0101202502A0064246,예당막국수,국수/칼국수,30170555,탄방동,127.397683302365,36.3424853846993
대전광역시 서구,8001,I201,MA0101202504A0000584,예담민물장어,해산물 구이/찜,30170650,만년동,127.374210815015,36.3653158483466
대전광역시 서구,8001,I201,MA0101202506A0039741,월평245고기냉면,돼지고기 구이/찜,30170586,월평1동,127.366915365326,36.356434878311
대전광역시 서구,8001,I201,MA0101202504A0027988,아싸라비아,백반/한정식,30170581,갈마1동,127.368912378777,36.354653415534
대전광역시 서구,8001,I201,MA0101202506A0016458,파머스포케대전,백반/한정식,30170640,둔산2동,127.377815051681,36.3548689151965
대전광역시 서구,8001,I201,MA0101202506A0024697,연남,돼지고기 구이/찜,30170640,둔산2동,127.375574911328,36.3500637038192
대전광역시 서구,8001,I201,MA0101202411A0129120,양지수산회센타,횟집,30170581,갈마1동,127.368654618638,36.3519687099003
대전광역시 서구,8001,I201,MA0101202502A0110551,남선국밥,국/탕/찌개류,30170555,탄방동,127.396666750279,36.3463097466169
대전광역시 서구,8001,I201,MA0101202412A0030087,맛찜랭킹,백반/한정식,30170560,괴정동,127.382580293991,36.333739203852
대전광역시 서구,8001,I201,MA0101202412A0068493,한솥도시락대전,백반/한정식,30170593,도안동,127.33865350934,36.3315016419277
대전광역시 서구,8001,I201,MA0101202506A0012310,복돈오리,백반/한정식,30170540,변동,127.374624411523,36.32838437311
대전광역시 서구,8001,I201,MA0101202412A0032681,팔도한마당순대,국/탕/찌개류,30170510,복수동,127.378803347399,36.2989746930311
대전광역시 서구,8001,I201,MA0101202506A0002762,퐁당,백반/한정식,30170586,월평1동,127.364196525987,36.3563530786828
대전광역시 서구,8001,I201,MA0101202504A0092733,금강,백반/한정식,30170560,괴정동,127.387223458858,36.3402127234633
대전광역시 서구,8001,I201,MA0101202507A0012566,소리새,백반/한정식,30170555,탄방동,127.392766628773,36.3460702997546
대전광역시 서구,8001,I201,MA0101202412A0060224,닭발1번지,닭/오리고기 구이/찜,30170586,월평1동,127.365542865675,36.3559794859566
대전광역시 서구,8001,I201,MA0101202412A0013970,로바타모에,횟집,30170640,둔산2동,127.374196767848,36.3507439086934
대전광역시 서구,8001,I201,MA0101202506A0031060,양주골미나리국밥,국/탕/찌개류,30170590,가수원동,127.35223041068,36.3042918034549
대전광역시 서구,8001,I201,MA0101202501A0031549,꼬치로만,백반/한정식,30170597,관저2동,127.335643814438,36.2997434832769
대전광역시 서구,8001,I201,MA0101202412A0038554,진원소우대전가,소고기 구이/찜,30170593,도안동,127.350451726651,36.304900822938
대전광역시 서구,8001,I201,MA0101202501A0070982,도깨비술실내포차,백반/한정식,30170560,괴정동,127.387488824085,36.3398153457863
대전광역시 서구,8001,I201,MA0101202502A0025915,덮밥집쇼가야,기타 한식 음식점,30170582,갈마2동,127.369351569874,36.3509302062781
대전광역시 서구,8001,I201,MA0101202503A0052357,강가네순대국밥,백반/한정식,30170587,월평2동,127.377254297422,36.3587187003044
대전광역시 서구,8001,I201,MA0101202507A0028773,아구듬뿍알곤마니둔산,백반/한정식,30170640,둔산2동,127.380598458515,36.3544906005236
대전광역시 서구,8001,I201,MA0101202412A0028520,한솔에프앤비부강진성민속촌대전둔산점,백반/한정식,30170640,둔산2동,127.377788981574,36.354084975872
대전광역시 서구,8001,I201,MA0101202412A0002868,전주식당,백반/한정식,30170581,갈마1동,127.367522234756,36.3528102908725
대전광역시 서구,8001,I201,MA0101202501A0038581,123포차,백반/한정식,30170581,갈마1동,127.368984704897,36.3463713912508
대전광역시 서구,8001,I201,MA0101202504A0047777,옆집,백반/한정식,30170660,둔산3동,127.39599161095,36.349375980203
대전광역시 서구,8001,I201,MA0101202503A0064113,야채곱창,곱창 전골/구이,30170581,갈마1동,127.367867930807,36.3528813211249
대전광역시 서구,8001,I201,MA0101202412A0090507,고향순대,국/탕/찌개류,30170520,도마1동,127.378689834419,36.3169446097024
대전광역시 서구,8001,I201,MA0101202502A0063112,미미램,백반/한정식,30170555,탄방동,127.389468907229,36.3482349014933
대전광역시 서구,8001,I201,MA0101202501A0007668,엄마찬스경상도식소고기뭇국,돼지고기 구이/찜,30170582,갈마2동,127.371707098861,36.3472731418534
대전광역시 서구,8001,I201,MA0101202507A0007766,고구려황토참숯불갈비,돼지고기 구이/찜,30170597,관저2동,127.338799203044,36.2982566419539
대전광역시 서구,8001,I201,MA0101202411A0099269,논뚜렁추어탕,국/탕/찌개류,30170520,도마1동,127.382464216687,36.3191044364802
대전광역시 서구,8001,I201,MA0101202411A0078093,디스페이지,백반/한정식,30170640,둔산2동,127.37726080231,36.3531404113097
대전광역시 서구,8001,I201,MA0101202411A0100661,아름다운강산,백반/한정식,30170560,괴정동,127.388517251586,36.340550971396
대전광역시 서구,8001,I201,MA0101202411A0130571,콤마,백반/한정식,30170640,둔산2동,127.376356239328,36.3503766568675
대전광역시 서구,8001,I201,MA0101202409A0017253,마니마니,백반/한정식,30170660,둔산3동,127.397145486036,36.3506428069389
대전광역시 서구,8001,I201,MA0101202409A0026556,팔도한마당순대,국/탕/찌개류,30170586,월평1동,127.364439948776,36.3559918666621
대전광역시 서구,8001,I201,MA0101202409A0114620,우도갈비막국수,돼지고기 구이/찜,30170582,갈마2동,127.371346191132,36.3439939834277
대전광역시 서구,8001,I201,MA0101202411A0097243,런치박스,백반/한정식,30170555,탄방동,127.394314072048,36.3458759569715
대전광역시 서구,8001,I201,MA0101202411A0148810,와우안주기습부대,백반/한정식,30170520,도마1동,127.382395332678,36.3164011174316
대전광역시 서구,8001,I201,MA0101202412A0043081,닭플릭스대전,백반/한정식,30170560,괴정동,127.379140322282,36.338679604715
대전광역시 서구,8001,I201,MA0101202412A0088534,황제솥뚜껑생삼겹살,백반/한정식,30170582,갈마2동,127.371707098861,36.3472731418534
대전광역시 서구,8001,I201,MA0101202411A0114458,대게마을,해산물 구이/찜,30170593,도안동,127.349520151383,36.3057236262613
대전광역시 서구,8001,I201,MA0101202411A0114597,찜의정석돼지김치찜,백반/한정식,30170560,괴정동,127.380458486533,36.3371704503671
대전광역시 서구,8001,I201,MA0101202411A0109327,착한가게,백반/한정식,30170520,도마1동,127.380202696337,36.31432638496
대전광역시 서구,8001,I201,MA0101202411A0056082,푸고,백반/한정식,30170640,둔산2동,127.377794679195,36.3529584896438
대전광역시 서구,8001,I201,MA0101202411A0027782,느루,백반/한정식,30170581,갈마1동,127.373467796019,36.3520619047476
대전광역시 서구,8001,I201,MA0101202412A0064241,다이닝타몽,백반/한정식,30170597,관저2동,127.338953560167,36.3004821286301
대전광역시 서구,8001,I201,MA0101202411A0062234,나르샤푸드,백반/한정식,30170582,갈마2동,127.374261594452,36.3479951209916
대전광역시 서구,8001,I201,MA0101202412A0078797,홍두깨해물.굴.칼국수,국수/칼국수,30170587,월평2동,127.378109472781,36.3627622660915
대전광역시 서구,8001,I201,MA0101202412A0000708,요리하는머슴,백반/한정식,30170530,도마2동,127.372130766392,36.316902125619
대전광역시 서구,8001,I201,MA0101202411A0005439,쌀국수얌얌,백반/한정식,30170530,도마2동,127.370939232949,36.3168968171562
대전광역시 서구,8001,I201,MA0101202412A0088794,속풀이부추칼국수황제보쌈,족발/보쌈,30170640,둔산2동,127.37725862822,36.352689830834
대전광역시 서구,8001,I201,MA0101202501A0068349,담가화로구이대전,돼지고기 구이/찜,30170587,월평2동,127.378999386609,36.3624620594038
대전광역시 서구,8001,I201,MA0101202501A0063859,미식제작소수,백반/한정식,30170593,도안동,127.33865350934,36.3315016419277
대전광역시 서구,8001,I201,MA0101202412A0088648,진곱도리탕대전,국/탕/찌개류,30170560,괴정동,127.379140322282,36.338679604715
대전광역시 서구,8001,I201,MA0101202411A0119457,쭈꾸미본가,해산물 구이/찜,30170660,둔산3동,127.398137442869,36.3551093291822
대전광역시 서구,8001,I201,MA0101202412A0012076,연소,백반/한정식,30170570,가장동,127.387040274995,36.3347071272413
대전광역시 서구,8001,I201,MA0101202411A0050979,수니옥,백반/한정식,30170593,도안동,127.3415216461,36.3302678773686
대전광역시 서구,8001,I201,MA0101202411A0034500,우기뚝배기,국/탕/찌개류,30170575,내동,127.377338675106,36.336955046965
대전광역시 서구,8001,I201,MA0101202406A0154377,송가네김치찜,국/탕/찌개류,30170560,괴정동,127.380015143236,36.3376224493447
대전광역시 서구,8001,I201,MA0101202406A0163509,힘들땐뼈다귀,국/탕/찌개류,30170660,둔산3동,127.400288127875,36.3508486028576
대전광역시 서구,8001,I201,MA0101202406A0211251,동네집,백반/한정식,30170590,가수원동,127.3516557244,36.3002832305249
대전광역시 서구,8001,I201,MA0101202406A0082994,충남칼국수,국수/칼국수,30170586,월평1동,127.363211842761,36.3554368777386
대전광역시 서구,8001,I201,MA0101202406A0340362,사비컴퍼니,백반/한정식,30170582,갈마2동,127.376844894278,36.3408136416687
대전광역시 서구,8001,I201,MA0101202409A0014009,고기명작,돼지고기 구이/찜,30170586,월평1동,127.352978585527,36.344292964611
대전광역시 서구,8001,I201,MA0101202406A0484636,인생제육대전,돼지고기 구이/찜,30170581,갈마1동,127.370484347597,36.3572349225787
대전광역시 서구,8001,I201,MA0101202409A0079785,현주포차,백반/한정식,30170596,관저1동,127.336725639412,36.302777430307
대전광역시 서구,8001,I201,MA0101202406A0419725,만재네대전,백반/한정식,30170555,탄방동,127.388257122744,36.3487344910169
대전광역시 서구,8001,I201,MA0101202406A0516298,순복이네김치&식당,백반/한정식,30170535,정림동,127.365402139195,36.3019993156612
대전광역시 서구,8001,I201,MA0101202411A0128392,별주부해물찜탕,해산물 구이/찜,30170555,탄방동,127.389453055073,36.3472887193341
대전광역시 서구,8001,I201,MA0101202411A0076740,춘천집,백반/한정식,30170597,관저2동,127.337193207175,36.2975943056847
대전광역시 서구,8001,I201,MA0101202411A0077843,락반주,백반/한정식,30170596,관저1동,127.336551161823,36.3062204412801
대전광역시 서구,8001,I201,MA0101202411A0012385,문,백반/한정식,30170555,탄방동,127.392089013664,36.3464510185367
대전광역시 서구,8001,I201,MA0101202411A0038253,동백야시장,백반/한정식,30170640,둔산2동,127.376767601205,36.3502041373021
대전광역시 서구,8001,I201,MA0101202411A0036833,온기밥상,백반/한정식,30170660,둔산3동,127.397280313035,36.3508676523562
대전광역시 서구,8001,I201,MA0101202411A0141038,케이터링먹연,백반/한정식,30170582,갈마2동,127.370058202442,36.3472332005881
대전광역시 서구,8001,I201,MA0101202501A0051020,구삼무한갈비,돼지고기 구이/찜,30170630,둔산1동,127.38830450163,36.349302077269
대전광역시 서구,8001,I201,MA0101202412A0069510,유성할매국수,국수/칼국수,30170640,둔산2동,127.374883883465,36.3523188112285
대전광역시 서구,8001,I201,MA0101202412A0078205,순교,백반/한정식,30170581,갈마1동,127.372105446967,36.351390273603
대전광역시 서구,8001,I201,MA0101202501A0073315,신쭈꾸황,백반/한정식,30170593,도안동,127.351155352121,36.3078726604799
대전광역시 서구,8001,I201,MA0101202502A0061553,태화보리밥,백반/한정식,30170640,둔산2동,127.381350448306,36.3533437114622
대전광역시 서구,8001,I201,MA0101202501A0023982,제이푸드스토리,백반/한정식,30170530,도마2동,127.371851653088,36.3167497935339
대전광역시 서구,8001,I201,MA0101202501A0050363,양푼왕갈비,돼지고기 구이/찜,30170597,관저2동,127.335657071131,36.3002390971901
대전광역시 서구,8001,I201,MA0101202501A0064388,하나올리고,돼지고기 구이/찜,30170640,둔산2동,127.374613747823,36.356392967349
대전광역시 서구,8001,I201,MA0101202411A0089982,갈마연탄불고기,돼지고기 구이/찜,30170581,갈마1동,127.369928184546,36.3574258923159
대전광역시 서구,8001,I201,MA0101202501A0064455,새벽,백반/한정식,30170582,갈마2동,127.36968343417,36.345720385066
대전광역시 서구,8001,I201,MA0101202409A0102067,따봉도시락,백반/한정식,30170581,갈마1동,127.368077836583,36.3548722710771
대전광역시 서구,8001,I201,MA0101202409A0007367,백반/한정식,백반/한정식,30170640,둔산2동,127.375234626498,36.3511191476955
대전광역시 서구,8001,I201,MA0101202409A0079082,두끼,백반/한정식,30170597,관저2동,127.337245069272,36.2967109988448
대전광역시 서구,8001,I201,MA0101202409A0202152,곱분이곱창가,곱창 전골/구이,30170593,도안동,127.351282656527,36.3064664420252
대전광역시 서구,8001,I201,MA0101202409A0096719,세종종가왕뼈감자탕,국/탕/찌개류,30170593,도안동,127.349504714719,36.304759405914
대전광역시 서구,8001,I201,MA0101202406A0531744,곱창인가,곱창 전골/구이,30170640,둔산2동,127.37997689682,36.3549702010691
대전광역시 서구,8001,I201,MA0101202406A0245361,수라정,백반/한정식,30170555,탄방동,127.396496306362,36.3412547180386
대전광역시 서구,8001,I201,MA0101202409A0102985,한민면옥,냉면/밀면,30170560,괴정동,127.382574752326,36.3348837167774
대전광역시 서구,8001,I201,MA0101202409A0073215,양많은김치찌개,백반/한정식,30170582,갈마2동,127.370943552808,36.3436527869251
대전광역시 서구,8001,I201,MA0101202406A0248136,덕선이네,백반/한정식,30170597,관저2동,127.324952614745,36.2962493871318
대전광역시 서구,8001,I201,MA0101202409A0038276,티우한우,소고기 구이/찜,30170597,관저2동,127.3377963947,36.2980612188256
대전광역시 서구,8001,I201,MA0101202406A0475164,대전한우정육식당,백반/한정식,30170560,괴정동,127.389605798913,36.3399346278201
대전광역시 서구,8001,I201,MA0101202409A0137554,관저명태촌,해산물 구이/찜,30170560,괴정동,127.382060201064,36.3367147522814
대전광역시 서구,8001,I201,MA0101202409A0250343,보드게임카페BGM아지트비지엠,백반/한정식,30170555,탄방동,127.386162695744,36.3464613043118
대전광역시 서구,8001,I201,MA0101202406A0378303,한민갈비,돼지고기 구이/찜,30170560,괴정동,127.38305836198,36.3358374155216
대전광역시 서구,8001,I201,MA0101202406A0058665,눈앞에과일,백반/한정식,30170630,둔산1동,127.387871354845,36.3563056087698
대전광역시 서구,8001,I201,MA0101202406A0343024,컨티뉴호텔,백반/한정식,30170586,월평1동,127.362749359747,36.3566098096932
대전광역시 서구,8001,I201,MA0101202406A0451211,갑순식당,백반/한정식,30170520,도마1동,127.378824315762,36.3194224282086
대전광역시 서구,8001,I201,MA0101202406A0243223,탄탄9.2,백반/한정식,30170560,괴정동,127.384713153922,36.3348588290343
대전광역시 서구,8001,I201,MA0101202406A0465498,찾아가는맛집,백반/한정식,30170550,용문동,127.391658513718,36.3383418479979
대전광역시 서구,8001,I201,MA0101202406A0466034,도레미푸드,백반/한정식,30170582,갈마2동,127.37125284213,36.3431021089499
대전광역시 서구,8001,I201,MA0101202409A0186855,상상오리대전,백반/한정식,30170555,탄방동,127.394180443209,36.3458854095757
대전광역시 서구,8001,I201,MA0101202410A0477568,가장어린이집,해산물 구이/찜,30170575,내동,127.383362336017,36.3319523664889
대전광역시 서구,8001,I201,MA0101202409A0100494,주연,백반/한정식,30170582,갈마2동,127.374367600429,36.3468683194512
대전광역시 서구,8001,I201,MA0101202406A0214745,드림푸드,백반/한정식,30170640,둔산2동,127.389110367729,36.3590141129115
대전광역시 서구,8001,I201,MA0101202409A0035124,나무,백반/한정식,30170640,둔산2동,127.379865770793,36.352735641742
대전광역시 서구,8001,I201,MA0101202409A0130098,주당,백반/한정식,30170640,둔산2동,127.376356239328,36.3503766568675
대전광역시 서구,8001,I201,MA0101202409A0141085,공주칼국수,국수/칼국수,30170596,관저1동,127.341141331155,36.3068923304396
대전광역시 서구,8001,I201,MA0101202409A0121541,한잔해,백반/한정식,30170520,도마1동,127.376318635609,36.3194033073342
대전광역시 서구,8001,I201,MA0101202409A0189332,바른보쌈1990대전,족발/보쌈,30170555,탄방동,127.39598216497,36.3475105797604
대전광역시 서구,8001,I201,MA0101202409A0249678,팔복집,복 요리 전문,30170550,용문동,127.391488189924,36.3376935589949
대전광역시 서구,8001,I201,MA0101202409A0124133,에이치에이치엠푸드,백반/한정식,30170586,월평1동,127.358802020726,36.3558827647243
대전광역시 서구,8001,I201,MA0101202409A0100780,김치찜참잘하는집,국/탕/찌개류,30170586,월평1동,127.368136553559,36.3555119241696
대전광역시 서구,8001,I201,MA0101202409A0013179,바른푸드,백반/한정식,30170560,괴정동,127.375316367453,36.3402957693382
대전광역시 서구,8001,I201,MA0101202409A0195703,김치찜한돼지갈마,백반/한정식,30170586,월평1동,127.362452672308,36.3550967365465
대전광역시 서구,8001,I201,MA0101202409A0190849,온리셰프,백반/한정식,30170560,괴정동,127.378585987172,36.3369150552608
대전광역시 서구,8001,I201,MA0101202409A0038719,우삼집,백반/한정식,30170593,도안동,127.348980815844,36.3071220347186
대전광역시 서구,8001,I201,MA0101202409A0227775,솔솥대전,백반/한정식,30170640,둔산2동,127.37781330974,36.3545084509462
대전광역시 서구,8001,I201,MA0101202409A0151323,막퍼주는집,백반/한정식,30170510,복수동,127.378564157471,36.2978579838827
대전광역시 서구,8001,I201,MA0101202409A0028733,도르리,백반/한정식,30170560,괴정동,127.37760808151,36.3373867610481
대전광역시 서구,8001,I201,MA0101202409A0073331,서대문김치찜&김치찌개대전서구,국/탕/찌개류,30170581,갈마1동,127.373560076022,36.3457263532455
대전광역시 서구,8001,I201,MA0101202409A0048251,생마차,백반/한정식,30170586,월평1동,127.364439948776,36.3559918666621
대전광역시 서구,8001,I201,MA0101202409A0006143,프렌즈목대점,백반/한정식,30170593,도안동,127.339857812218,36.3318316597914
대전광역시 서구,8001,I201,MA0101202409A0223376,부뚜막,백반/한정식,30170596,관저1동,127.334396884018,36.3049558181705
대전광역시 서구,8001,I201,MA0101202409A0208842,담솥,백반/한정식,30170640,둔산2동,127.377810522699,36.3539317081003
대전광역시 서구,8001,I201,MA0101202409A0193063,쌈장,백반/한정식,30170555,탄방동,127.393012785765,36.3462857725042
대전광역시 서구,8001,I201,MA0101202409A0122229,꼬치데이트,백반/한정식,30170560,괴정동,127.382869719775,36.33598220832
대전광역시 서구,8001,I201,MA0101202409A0090243,순정푸드&대단한요거트&대단한탕후루괴정,백반/한정식,30170560,괴정동,127.374690611711,36.3398831915911
대전광역시 서구,8001,I201,MA0101202409A0087983,능두네,백반/한정식,30170560,괴정동,127.389542691581,36.3406828097712
대전광역시 서구,8001,I201,MA0101202409A0165560,오기네,백반/한정식,30170560,괴정동,127.383710427323,36.3370699362347
대전광역시 서구,8001,I201,MA0101202409A0228118,돈겹살,백반/한정식,30170596,관저1동,127.336385275004,36.3064822511852
대전광역시 서구,8001,I201,MA0101202409A0084930,정동대전,백반/한정식,30170630,둔산1동,127.388736529006,36.3532928759325
대전광역시 서구,8001,I201,MA0101202409A0145167,애월가,백반/한정식,30170587,월평2동,127.377313478503,36.361746456653
대전광역시 서구,8001,I201,MA0101202409A0175246,둔산맛소야,백반/한정식,30170640,둔산2동,127.382624573706,36.3473468253361
대전광역시 서구,8001,I201,MA0101202409A0139675,패션왕,백반/한정식,30170640,둔산2동,127.376981002084,36.3505639342965
대전광역시 서구,8001,I201,MA0101202409A0072823,두리한우,소고기 구이/찜,30170597,관저2동,127.337091069545,36.2997303998397
대전광역시 서구,8001,I201,MA0101202409A0068498,명태마을경성,해산물 구이/찜,30170582,갈마2동,127.377915673277,36.3457216702111
대전광역시 서구,8001,I201,MA0101202409A0039375,르블랑,백반/한정식,30170586,월평1동,127.365457360578,36.3567547575915
대전광역시 서구,8001,I201,MA0101202409A0148633,말자싸롱둔산을지점,백반/한정식,30170640,둔산2동,127.37997689682,36.3549702010691
대전광역시 서구,8001,I201,MA0101202409A0179111,대복국수,국수/칼국수,30170555,탄방동,127.389468907229,36.3482349014933
대전광역시 서구,8001,I201,MA0101202409A0222718,수목림,백반/한정식,30170630,둔산1동,127.388707468455,36.3496882723396
대전광역시 서구,8001,I201,MA0101202409A0128084,압구정화로구이,돼지고기 구이/찜,30170597,관저2동,127.339687487171,36.3002817852968
대전광역시 서구,8001,I201,MA0101202409A0136102,국대족발,족발/보쌈,30170520,도마1동,127.37464100611,36.3225446818807
대전광역시 서구,8001,I201,MA0106202406A2335389,꿔꿔향회전샤브샤브아레밀,국/탕/찌개류,30170520,도마1동,127.373304486941,36.322512816179
대전광역시 서구,8001,I201,MA0106202312A1861358,후루루탕탕,백반/한정식,30170640,둔산2동,127.377519691509,36.3513823028689
대전광역시 서구,8001,I201,MA0106202402A0750812,노티드대전갤러리아,백반/한정식,30170640,둔산2동,127.37874036014,36.3526941553509
대전광역시 서구,8001,I201,MA0106202403A1829939,가온에프앤에스목원대학교점,백반/한정식,30170593,도안동,127.337450405456,36.3288645894933
대전광역시 서구,8001,I201,MA0106202201A0899498,플래닌,백반/한정식,30170586,월평1동,127.355026589112,36.3439264272407
대전광역시 서구,8001,I201,MA0106202201A2054458,푸디스트대전둔산경찰서점,백반/한정식,30170630,둔산1동,127.380238343848,36.3583307484995
대전광역시 서구,8001,I201,MA0106202401A1181914,베르가못,백반/한정식,30170593,도안동,127.351529990252,36.3069974126498
대전광역시 서구,8001,I201,MA0106202310A1395934,7곡제면소,백반/한정식,30170550,용문동,127.392645584205,36.3374915032824
대전광역시 서구,8001,I201,MA0106202307A0401277,식장산왕뼈구이,백반/한정식,30170640,둔산2동,127.377251140096,36.3534468411863
대전광역시 서구,8001,I201,MA0106202305A2009249,향연돈,백반/한정식,30170640,둔산2동,127.377006975701,36.3513298510893
대전광역시 서구,8001,I201,MA0106202210A2084493,푸디스트통계교육원점,백반/한정식,30170587,월평2동,127.37856884846,36.3586875074102
대전광역시 서구,8001,I201,MA0106202210A1380502,겐로쿠,백반/한정식,30170630,둔산1동,127.388473848047,36.3519960391163
대전광역시 서구,8001,I201,MA0106202201A2054396,푸디스트갤러리아,백반/한정식,30170640,둔산2동,127.378168576315,36.3519479912434
대전광역시 서구,8001,I201,MA0106202301A1814386,가온에프앤에스둔산우체국점,백반/한정식,30170630,둔산1동,127.386289126983,36.3517598045
대전광역시 서구,8001,I201,MA0106202303A1803515,가온에프앤에스배재대학교점,백반/한정식,30170530,도마2동,127.366080361578,36.3232380791324
대전광역시 서구,8001,I201,MA0106202201A0976095,세이푸드,백반/한정식,30170510,복수동,127.375766383745,36.3017869542535
대전광역시 서구,8001,I201,MA0106202201A1151915,데이트,백반/한정식,30170586,월평1동,127.356348826889,36.3456347272303
대전광역시 서구,8001,I201,MA0106202201A1912260,마켓스노우,백반/한정식,30170593,도안동,127.344049406123,36.3225645536041
대전광역시 서구,8001,I201,MA0106202201A0977083,노크노크,백반/한정식,30170640,둔산2동,127.381328100405,36.3510457873969
대전광역시 서구,8001,I201,MA0106202201A0977490,정치망1,백반/한정식,30170596,관저1동,127.334411634561,36.305802889021
대전광역시 서구,8001,I201,MA0106202201A0010033,카페오가다롯데시네마대전,백반/한정식,30170640,둔산2동,127.379505425101,36.3519437529929
대전광역시 서구,8001,I201,MA0106202201A0963756,롯데시네마대전둔산티켓외,백반/한정식,30170587,월평2동,127.378929870135,36.3619125642216
대전광역시 서구,8001,I201,MA0106202201A0625311,풀무원푸드앤컬처정부대전청사,백반/한정식,30170640,둔산2동,127.384905791764,36.3626864947272
대전광역시 서구,8001,I201,MA0101202604A0037973,제육당X한끼다이닝,돼지고기 구이/찜,30170560,괴정동,127.381767704644,36.3361209101363
대전광역시 서구,8001,I201,MA0101202604A0037097,마성가,백반/한정식,30170510,복수동,127.378152812618,36.2979764393541
대전광역시 서구,8001,I201,MA0106202201A0501351,나인스테이,백반/한정식,30170586,월평1동,127.36269049748,36.3535279705626
대전광역시 서구,8001,I201,MA0106202201A0976368,대전시지체장애인협회서구,백반/한정식,30170630,둔산1동,127.38336424033,36.3550675222987
대전광역시 서구,8001,I201,MA0101202604A0041024,화향소리,백반/한정식,30170593,도안동,127.349217484171,36.3077611831151
대전광역시 서구,8001,I201,MA0101202604A0024557,가수원국밥,국/탕/찌개류,30170590,가수원동,127.354326890795,36.3001041193855
대전광역시 서구,8001,I201,MA0103202604C0010589,윗다맛면옥,냉면/밀면,30170597,관저2동,127.337831094666,36.295781124576
대전광역시 서구,8001,I201,MA0106202604A0797642,씨앤코컴퍼니건양대죽헌정보관점,백반/한정식,30170596,관저1동,127.342648329748,36.3077801915028
대전광역시 서구,8001,I201,MA0101202604A0043670,육회한지짐이,돼지고기 구이/찜,30170520,도마1동,127.373104120831,36.3225314653496
대전광역시 서구,8001,I201,MA0101202604A0013834,엄청큰조선의갈비탕앤냉면,백반/한정식,30170560,괴정동,127.386505868238,36.3370068578931
대전광역시 서구,8001,I201,MA0101202604A0006655,우화농원,백반/한정식,30170560,괴정동,127.387682201019,36.3406257772765
대전광역시 서구,8001,I201,MA0101202604A0029627,영천얼큰돼지국밥대전서구,백반/한정식,30170560,괴정동,127.386505868238,36.3370068578931
대전광역시 서구,8001,I201,MA0106202201A0908381,한울에프앤에스정부대전청사후,백반/한정식,30170640,둔산2동,127.384905791764,36.3626864947272
대전광역시 서구,8001,I201,MA0106202605A1286077,교동찜닭대전,닭/오리고기 구이/찜,30170660,둔산3동,127.400415949921,36.3497036832047
대전광역시 서구,8001,I201,MA0101202604A0005406,명태마을,해산물 구이/찜,30170582,갈마2동,127.366351101158,36.3406299883636
대전광역시 서구,8001,I201,MA0101202604A0038066,용추골순대,국/탕/찌개류,30170593,도안동,127.349722170495,36.3060835085156
대전광역시 서구,8001,I201,MA0106202201A0976096,세이푸드,백반/한정식,30170510,복수동,127.380986528862,36.2992020637576
대전광역시 서구,8001,I201,MA0106202201A0393671,세라젬웰카페대전,백반/한정식,30170640,둔산2동,127.377616908045,36.3507511732321
대전광역시 서구,8001,I201,MA0106202201A1168534,투썸플레이스대전탄방,백반/한정식,30170555,탄방동,127.387922879929,36.3487265647721
대전광역시 서구,8001,I201,MA0106202201A0908386,한울에프앤에스SK텔레콤둔산사옥,백반/한정식,30170555,탄방동,127.38409413486,36.3471618758955
대전광역시 서구,8001,I201,MA0106202605A1590391,마성1,백반/한정식,30170560,괴정동,127.38481945602,36.3383550531654
대전광역시 서구,8001,I201,MA0101202604A0042690,숙성회136대전,백반/한정식,30170630,둔산1동,127.387973960867,36.3522860390204
대전광역시 서구,8001,I201,MA0101202604A0016638,담가화로구이대전,돼지고기 구이/찜,30170593,도안동,127.347757389156,36.3074229899131
대전광역시 서구,8001,I201,MA0106202605A1551093,아사히토리,백반/한정식,30170582,갈마2동,127.374221275204,36.3465533662651
대전광역시 서구,8001,I201,MA0101202604A0055222,구기자메밀막국수,국수/칼국수,30170582,갈마2동,127.373865108142,36.3466175633799
대전광역시 서구,8001,I201,MA0106202605A1126055,순삭곱창,곱창 전골/구이,30170597,관저2동,127.336132778456,36.2995348373224
대전광역시 서구,8001,I201,MA0101202604A0008900,카페푸름,백반/한정식,30170586,월평1동,127.360027695809,36.3559151249866
대전광역시 서구,8001,I201,MA0106202605A2085342,불혹스,백반/한정식,30170555,탄방동,127.396090918445,36.3447886705457
대전광역시 서구,8001,I201,MA0101202604A0015393,미소전집,전/부침개,30170520,도마1동,127.381016651253,36.3145490885192
대전광역시 서구,8001,I201,MA0101202604A0039146,육첩반상대전,백반/한정식,30170630,둔산1동,127.388720418704,36.3590153821647
대전광역시 서구,8001,I201,MA0101202604A0054810,행복식당,백반/한정식,30170600,기성동,127.340709256494,36.2536063929661
대전광역시 서구,8001,I201,MA0101202604A0048684,삼삼집,백반/한정식,30170581,갈마1동,127.376767790634,36.3409941200736
대전광역시 서구,8001,I201,MA0101202604A0041650,왓츠인마이포카치아,백반/한정식,30170593,도안동,127.353642910256,36.3088926755582
대전광역시 서구,8001,I201,MA0101202604A0044189,서해바삭꽃게,해산물 구이/찜,30170570,가장동,127.385963851217,36.3355126558677
대전광역시 서구,8001,I201,MA0101202604A0006104,바다양푼이동태탕부대찌개,국/탕/찌개류,30170555,탄방동,127.394175719603,36.3449482028759
대전광역시 서구,8001,I201,MA0103202604C0015251,알몬드,백반/한정식,30170555,탄방동,127.382247492021,36.3454105047674
대전광역시 서구,8001,I201,MA0106202605A0069147,꿀때기곱창대전,곱창 전골/구이,30170582,갈마2동,127.370058202442,36.3472332005881
대전광역시 서구,8001,I201,MA0101202604A0008572,만전대전,백반/한정식,30170630,둔산1동,127.387951418907,36.3499881169526
대전광역시 서구,8001,I201,MA0106202201A0642766,한빛에프앤비,백반/한정식,30170530,도마2동,127.366080361578,36.3232380791324
대전광역시 서구,8001,I201,MA0101202604A0044549,국대토마토김치찜·김치찌개,국/탕/찌개류,30170597,관저2동,127.335442493788,36.299527764126
대전광역시 서구,8001,I201,MA0106202605A1550630,홀닭,백반/한정식,30170582,갈마2동,127.368734229621,36.3475887517555
대전광역시 서구,8001,I201,MA0101202604A0056389,사직골감자탕,국/탕/찌개류,30170550,용문동,127.391645615755,36.3379904314532
대전광역시 서구,8001,I201,MA0106202605A1630306,본죽&비빔밥대전,백반/한정식,30170640,둔산2동,127.380596835371,36.3541571711792
대전광역시 서구,8001,I201,MA0106202201A0625393,풀무원푸드앤컬처통계교육원,백반/한정식,30170587,월평2동,127.37856884846,36.3586875074102
대전광역시 서구,8001,I201,MA0106202605A2200497,알딸딸포차,백반/한정식,30170520,도마1동,127.373544882269,36.3215478031707
대전광역시 서구,8001,I201,MA0106202605A1699507,희나리,백반/한정식,30170660,둔산3동,127.398303194223,36.3504677305548
대전광역시 서구,8001,I201,MA0106202605A0414252,옘,백반/한정식,30170555,탄방동,127.394994709465,36.3438911234638
대전광역시 서구,8001,I201,MA0106202605A1634738,꼬목살,백반/한정식,30170593,도안동,127.351282656527,36.3064664420252
대전광역시 서구,8001,I201,MA0106202605A1631877,모디모디,백반/한정식,30170597,관저2동,127.336073169919,36.2960203865371
대전광역시 서구,8001,I201,MA0106202605A0997098,꼬꼬항아리숯불구이,돼지고기 구이/찜,30170535,정림동,127.365642347217,36.3057565119551
대전광역시 서구,8001,I201,MA0106202605A1362961,1984그수육집칼국수,국수/칼국수,30170581,갈마1동,127.367925953881,36.3510066982502
대전광역시 서구,8001,I201,MA0106202605A1563623,헬로,백반/한정식,30170586,월평1동,127.36232503764,36.3564038269602
대전광역시 서구,8001,I201,MA0106202605A1191949,아이엠일리터,백반/한정식,30170555,탄방동,127.383835261638,36.3443510399581
대전광역시 서구,8001,I201,MA0106202605A2366827,브레이크타임,백반/한정식,30170640,둔산2동,127.375013808761,36.3515343813875
대전광역시 서구,8001,I201,MA0106202605A2332650,화신포차,백반/한정식,30170586,월평1동,127.362371022114,36.3567100868719
대전광역시 서구,8001,I201,MA0106202605A1425409,기름집,백반/한정식,30170520,도마1동,127.373557867615,36.3219352697691
대전광역시 서구,8001,I201,MA0101202604A0007213,육화탄둔산대전,백반/한정식,30170630,둔산1동,127.388206165194,36.3496899019546
대전광역시 서구,8001,I201,MA0101202604A0016595,도토리창고,백반/한정식,30170530,도마2동,127.377438713301,36.3161284926498
대전광역시 서구,8001,I201,MA0101202604A0044210,선화면옥&해초과메기월평,백반/한정식,30170586,월평1동,127.358205850123,36.3546409320443
대전광역시 서구,8001,I201,MA0101202604A0056511,능소한우,소고기 구이/찜,30170555,탄방동,127.393135321162,36.3462853694514
대전광역시 서구,8001,I201,MA0101202604A0038761,금송한우,소고기 구이/찜,30170587,월평2동,127.378439498841,36.3618870832027
대전광역시 서구,8001,I201,MA0101202604A0025233,봄스테이블,백반/한정식,30170575,내동,127.374457214551,36.3306829016611
대전광역시 서구,8001,I201,MA0101202604A0045972,명륜진사갈비대전마치,돼지고기 구이/찜,30170597,관저2동,127.337202361796,36.2971346759129
대전광역시 서구,8001,I201,MA0101202604A0020718,인생&황제대전,백반/한정식,30170582,갈마2동,127.375599682596,36.3413041969999
대전광역시 서구,8001,I201,MA0101202604A0044571,푸드박스,백반/한정식,30170593,도안동,127.341518578393,36.3295649663573
대전광역시 서구,8001,I201,MA0101202604A0029523,놀란숯불닭발,백반/한정식,30170560,괴정동,127.388504814848,36.3402896707272
대전광역시 서구,8001,I201,MA0101202604A0048074,호호솥밥대전,백반/한정식,30170582,갈마2동,127.374475840799,36.3485351550795
대전광역시 서구,8001,I201,MA0101202604A0041472,생먹태,백반/한정식,30170586,월평1동,127.363513360018,36.3555891605428
대전광역시 서구,8001,I201,MA0101202604A0011829,핑크족,백반/한정식,30170581,갈마1동,127.370312748059,36.35393715588
대전광역시 서구,8001,I201,MA0106202603A1816257,가온에프앤에스한국발전인재개발원점,백반/한정식,30170597,관저2동,127.330903693045,36.2898166279367
대전광역시 서구,8001,I201,MA0101202604A0011399,옆집,백반/한정식,30170581,갈마1동,127.373623374485,36.3519803126581
대전광역시 서구,8001,I201,MA0101202604A0011662,추억속으로,백반/한정식,30170530,도마2동,127.370939232949,36.3168968171562
대전광역시 서구,8001,I201,MA0101202604A0035742,시민숯불갈비무한리필,돼지고기 구이/찜,30170640,둔산2동,127.374722432101,36.3511748254683
대전광역시 서구,8001,I201,MA0101202604A0048517,한국인의밥상,백반/한정식,30170597,관저2동,127.335922178849,36.2997517133472
대전광역시 서구,8001,I201,MA0101202604A0046289,소나무집,백반/한정식,30170593,도안동,127.350148563607,36.3142920277923
대전광역시 서구,8001,I201,MA0101202604A0041340,헤즈업,백반/한정식,30170640,둔산2동,127.376265556769,36.3500525193972
대전광역시 서구,8001,I201,MA0101202604A0056345,육회왕자연어공주대전,소고기 구이/찜,30170586,월평1동,127.368136553559,36.3555119241696
대전광역시 서구,8001,I201,MA0101202604A0008497,일사로,백반/한정식,30170582,갈마2동,127.373998677221,36.3489241548484
대전광역시 서구,8001,I201,MA0101202604A0050933,너의찜닭,닭/오리고기 구이/찜,30170582,갈마2동,127.374243239292,36.3488152481376
대전광역시 서구,8001,I201,MA0101202604A0046666,약선흑염소,기타 한식 음식점,30170555,탄방동,127.383277490452,36.3464615811116
대전광역시 서구,8001,I201,MA0101202604A0029244,진성아구찜,해산물 구이/찜,30170597,관저2동,127.3354439601,36.2998702099021
대전광역시 서구,8001,I201,MA0106202507A0546638,진미식당,백반/한정식,30170640,둔산2동,127.379865770793,36.352735641742
대전광역시 서구,8001,I201,MA0106202509A2454978,민규스지,백반/한정식,30170593,도안동,127.349952399119,36.3052807823019
대전광역시 서구,8001,I201,MA0106202506A0641794,깜상괴정지점,백반/한정식,30170560,괴정동,127.376207554735,36.3379949664667
대전광역시 서구,8001,I201,MA0106202509A1098720,만남의광장,백반/한정식,30170597,관저2동,127.336703328581,36.297586674378
대전광역시 서구,8001,I201,MA0106202503A1016780,한민본가누릉지삼계탕,국/탕/찌개류,30170560,괴정동,127.383626493783,36.3358536167925
대전광역시 서구,8001,I201,MA0106202411A1866070,벽돌곱창,곱창 전골/구이,30170597,관저2동,127.335457176968,36.3003568121034
대전광역시 서구,8006,I204,MA010120220814164334,세컨디포레스트대전,파스타/스테이크,30170640,둔산2동,127.37727102118,36.3552581390879
대전광역시 서구,8006,I204,MA010120220805683316,본테이블,경양식,30170640,둔산2동,127.389110367729,36.3590141129115
대전광역시 서구,8006,I204,MA010120220808539905,다선식탁,경양식,30170535,정림동,127.367888423381,36.3027486844712
대전광역시 서구,8006,I204,MA010120220808218196,도군함박,경양식,30170640,둔산2동,127.378717521905,36.3502790791405
대전광역시 서구,8006,I204,MA0101202409A0234227,이랜드이츠애슐리퀸즈대전PEER점,패밀리레스토랑,30170640,둔산2동,127.389531226199,36.3585080845116
대전광역시 서구,8006,I204,MA010120220812761006,보타니,경양식,30170540,변동,127.378673016199,36.3226761653407
대전광역시 서구,8006,I204,MA010120220811985146,도로시파스타연정,파스타/스테이크,30170593,도안동,127.353822158528,36.309135464326
대전광역시 서구,8006,I204,MA010120220812310917,요녀석,경양식,30170560,괴정동,127.382152125619,36.3350112336794
대전광역시 서구,8006,I204,MA010120220806226567,배터지는생동까스,경양식,30170660,둔산3동,127.397541859963,36.3497222909994
대전광역시 서구,8006,I204,MA010120220808032972,BESPOKE,경양식,30170650,만년동,127.380008837216,36.3684156047214
대전광역시 서구,8006,I204,MA010120220805177295,비스트로한양,경양식,30170593,도안동,127.344560138234,36.3247439382194
대전광역시 서구,8006,I204,MA010120220813221927,스모키하우스,경양식,30170640,둔산2동,127.378212073512,36.3494245636201
대전광역시 서구,8006,I204,MA010120220812670495,맥주가게옥상정원호프,경양식,30170640,둔산2동,127.376902262065,36.3527179906439
대전광역시 서구,8006,I204,MA010120220812406804,옥수쌀타코,기타 서양식 음식점,30170587,월평2동,127.378929870135,36.3619125642216
대전광역시 서구,8006,I204,MA0101202308A0038753,케이브,경양식,30170581,갈마1동,127.373614128723,36.3523768585238
대전광역시 서구,8006,I204,MA0101202406A0072117,와인탄방,경양식,30170555,탄방동,127.400697279612,36.3480806260227
대전광역시 서구,8006,I204,MA0101202311A0054907,푸디푸디,경양식,30170555,탄방동,127.383309098405,36.3460919977808
대전광역시 서구,8006,I204,MA0101202406A0047803,갓굼,경양식,30170640,둔산2동,127.376907127498,36.3537272908987
대전광역시 서구,8006,I204,MA0101202309A0020462,야미그릴,경양식,30170640,둔산2동,127.379680223589,36.3466442878435
대전광역시 서구,8006,I204,MA0101202308A0083326,잭파스타,파스타/스테이크,30170586,월평1동,127.362406354336,36.3547183836051
대전광역시 서구,8006,I204,MA0101202406A0549239,그린푸드,경양식,30170590,가수원동,127.353311310362,36.3044958860998
대전광역시 서구,8006,I204,MA0101202409A0127829,리소,경양식,30170593,도안동,127.352982447388,36.3105798376273
대전광역시 서구,8006,I204,MA0101202406A0050335,카페하이리,경양식,30170640,둔산2동,127.377802952814,36.3546706950867
대전광역시 서구,8006,I204,MA010120220812111508,파스타샵,파스타/스테이크,30170597,관저2동,127.333990947855,36.3011449468639
대전광역시 서구,8006,I204,MA010120220807155622,가림소담,경양식,30170650,만년동,127.380510261061,36.3684140087909
대전광역시 서구,8006,I204,MA010120220814104242,스테이쿡,경양식,30170555,탄방동,127.394614884592,36.345883975772
대전광역시 서구,8006,I204,MA010120220806226612,병규돈까스,경양식,30170650,만년동,127.376330068212,36.3657687900478
대전광역시 서구,8006,I204,MA010120220806999244,드로이,경양식,30170593,도안동,127.355128369349,36.307446380844
대전광역시 서구,8006,I204,MA010120220813555949,구슬함박대전,경양식,30170640,둔산2동,127.378168576315,36.3519479912434
대전광역시 서구,8006,I204,MA0101202311A0011174,림춘대전,경양식,30170586,월평1동,127.362762048055,36.3569432057525
대전광역시 서구,8006,I204,MA0101202311A0024029,올데이파스타,파스타/스테이크,30170582,갈마2동,127.374464766319,36.3415690996955
대전광역시 서구,8006,I204,MA0101202406A0159170,카츠초,경양식,30170555,탄방동,127.398416185761,36.3485929108935
대전광역시 서구,8006,I204,MA0101202406A0324603,일래빗,경양식,30170581,갈마1동,127.373310281094,36.3517379739573
대전광역시 서구,8006,I204,MA0101202406A0024935,대찬돈까스,경양식,30170582,갈마2동,127.369802712701,36.347387191369
대전광역시 서구,8006,I204,MA0101202406A0298065,배터지는생동까스,경양식,30170582,갈마2동,127.376704559681,36.3417422958417
대전광역시 서구,8006,I204,MA0101202406A0474963,오렌지보울,경양식,30170555,탄방동,127.394297525971,36.3448036129863
대전광역시 서구,8006,I204,MA0101202406A0358225,크래프트피피,경양식,30170640,둔산2동,127.374196767848,36.3507439086934
대전광역시 서구,8006,I204,MA0101202406A0056354,코나,경양식,30170560,괴정동,127.388382780951,36.3403891967605
대전광역시 서구,8006,I204,MA0101202406A0452131,카페당근제이,경양식,30170560,괴정동,127.386479175837,36.3383677210004
대전광역시 서구,8006,I204,MA010120220814013739,청사광장,경양식,30170630,둔산1동,127.388720418704,36.3590153821647
대전광역시 서구,8006,I204,MA010120220801521707,우츠,경양식,30170581,갈마1동,127.372223156567,36.3527146341983
대전광역시 서구,8006,I204,MA010120220810368341,코튼,경양식,30170582,갈마2동,127.374554338239,36.3486430501148
대전광역시 서구,8006,I204,MA0101202212A0032638,준타코,기타 서양식 음식점,30170630,둔산1동,127.387265774976,36.3510086683967
대전광역시 서구,8006,I204,MA0101202305A0140440,스프링타코샵,기타 서양식 음식점,30170550,용문동,127.390268185169,36.3387429138553
대전광역시 서구,8006,I204,MA0101202305A0079053,미미랜드,경양식,30170597,관저2동,127.335269636696,36.2981584492029
대전광역시 서구,8006,I204,MA0101202305A0031494,타코두들스,기타 서양식 음식점,30170640,둔산2동,127.381683005614,36.3507202313707
대전광역시 서구,8006,I204,MA0101202406A0068162,한밭경양식월평,경양식,30170587,월평2동,127.376876576878,36.3589451857397
대전광역시 서구,8006,I204,MA0101202305A0015936,마이리틀키친,경양식,30170555,탄방동,127.399530175956,36.3485891915864
대전광역시 서구,8006,I204,MA0101202406A0530594,데니스델리,경양식,30170650,만년동,127.380779092293,36.3687015273979
대전광역시 서구,8006,I204,MA0101202406A0277690,투웨이치폴레,경양식,30170560,괴정동,127.390641156188,36.3398231068935
대전광역시 서구,8006,I204,MA0101202311A0037456,마토스,경양식,30170593,도안동,127.345469041535,36.3237680403969
대전광역시 서구,8006,I204,MA010120220812657480,베니즈,경양식,30170587,월평2동,127.377667969755,36.3613217851914
대전광역시 서구,8006,I204,MA010120220808589402,미담table,경양식,30170597,관저2동,127.338393634003,36.2971493340031
대전광역시 서구,8006,I204,MA010120220808178762,이크,경양식,30170640,둔산2동,127.380398323472,36.3522833602673
대전광역시 서구,8006,I204,MA010120220812900740,모루,경양식,30170640,둔산2동,127.378212073512,36.3494245636201
대전광역시 서구,8006,I204,MA0101202307A0096262,웅이네돈까스,경양식,30170540,변동,127.387020117802,36.326127980272
대전광역시 서구,8006,I204,MA0101202309A0072004,디까르네,경양식,30170555,탄방동,127.385784642018,36.3443447628512
대전광역시 서구,8006,I204,MA0101202305A0054468,오우,경양식,30170597,관저2동,127.336629020605,36.2958385859966
대전광역시 서구,8006,I204,MA0101202309A0068883,티디엘,경양식,30170581,갈마1동,127.370711603082,36.3558193740237
대전광역시 서구,8006,I204,MA010120220800148552,봉쥬르돈까스,경양식,30170575,내동,127.379779689461,36.3350097841992
대전광역시 서구,8006,I204,MA010120220800453228,헤이스팅스,경양식,30170555,탄방동,127.390910030889,36.3445894480148
대전광역시 서구,8006,I204,MA010120220805443805,피에노,경양식,30170640,둔산2동,127.377808040557,36.353418046456
대전광역시 서구,8006,I204,MA010120220812552783,라라파스타,파스타/스테이크,30170582,갈마2동,127.373629389254,36.3415807261017
대전광역시 서구,8006,I204,MA0101202211A0032825,타임BAR,경양식,30170560,괴정동,127.389846807932,36.3391227832144
대전광역시 서구,8006,I204,MA0101202211A0059341,짐키친,파스타/스테이크,30170597,관저2동,127.335269636696,36.2981584492029
대전광역시 서구,8006,I204,MA010120220808800182,모팩스토리더부리또,기타 서양식 음식점,30170530,도마2동,127.368546600415,36.3172196308164
대전광역시 서구,8006,I204,MA010120220805156730,도솔왕돈까스와국수,경양식,30170582,갈마2동,127.365772264849,36.3478591955777
대전광역시 서구,8006,I204,MA010120220813513818,어바웃더그릴,경양식,30170581,갈마1동,127.374016823877,36.3527180452021
대전광역시 서구,8006,I204,MA0101202303A0118576,파스타한끼,파스타/스테이크,30170640,둔산2동,127.380598458515,36.3544906005236
대전광역시 서구,8006,I204,MA0101202302A0041565,빈히,경양식,30170555,탄방동,127.392721634106,36.3415465463242
대전광역시 서구,8006,I204,MA0101202303A0096882,수연,경양식,30170510,복수동,127.374585696497,36.3086576656099
대전광역시 서구,8006,I204,MA010120220809609316,하얀집식당,경양식,30170575,내동,127.37170164231,36.3344043560014
대전광역시 서구,8006,I204,MA010120220813805594,경성함바그대전,파스타/스테이크,30170555,탄방동,127.388839115339,36.3470383895425
대전광역시 서구,8006,I204,MA0101202303A0083832,오프셋하우스,경양식,30170597,관저2동,127.32470291837,36.2950965489122
대전광역시 서구,8006,I204,MA0101202210A0012629,척도,경양식,30170593,도안동,127.354664205868,36.3082137635612
대전광역시 서구,8006,I204,MA0106202206A1147888,리코산도,경양식,30170581,갈마1동,127.373726610315,36.3526018004952
대전광역시 서구,8006,I204,MA010120220807220027,일루아,경양식,30170640,둔산2동,127.379865770793,36.352735641742
대전광역시 서구,8006,I204,MA010120220810454905,뻬르,경양식,30170581,갈마1동,127.369118206488,36.3439738505516
대전광역시 서구,8006,I204,MA010120220813126138,구르메카츠,경양식,30170660,둔산3동,127.396900237894,36.3571951560374
대전광역시 서구,8006,I204,MA010120220803858114,지니네,경양식,30170593,도안동,127.3452360906,36.3239759848464
대전광역시 서구,8006,I204,MA0106202202A0603237,아웃백딜리버리,경양식,30170640,둔산2동,127.380598458515,36.3544906005236
대전광역시 서구,8006,I204,MA010120220813592920,홍식이돈가스무한리필,경양식,30170520,도마1동,127.382030548749,36.3169520035649
대전광역시 서구,8006,I204,MA010120220806181232,나영왕돈까스,경양식,30170530,도마2동,127.368336340707,36.3174996447683
대전광역시 서구,8006,I204,MA010120220813721613,스웨이,경양식,30170555,탄방동,127.397131206804,36.347831189647
대전광역시 서구,8006,I204,MA010120220810385098,롤링파스타,파스타/스테이크,30170597,관저2동,127.33666081136,36.2980554098701
대전광역시 서구,8006,I204,MA010120220810338398,트리니티,경양식,30170555,탄방동,127.390437769797,36.3437078398286
대전광역시 서구,8006,I204,MA010120220808111565,썸데이로맨스,경양식,30170660,둔산3동,127.398137442869,36.3551093291822
대전광역시 서구,8006,I204,MA010120220802943797,감탄부대찌개&왕돈가스,경양식,30170582,갈마2동,127.368578272438,36.3475892328808
대전광역시 서구,8006,I204,MA010120220806254040,베스타까르르스타,경양식,30170650,만년동,127.380547634961,36.3669359670904
대전광역시 서구,8006,I204,MA010120220800893547,필쿠킹스튜디오,경양식,30170555,탄방동,127.388689808029,36.3438937729912
대전광역시 서구,8006,I204,MA010120220804204353,파스타마니아,파스타/스테이크,30170560,괴정동,127.382580293991,36.333739203852
대전광역시 서구,8006,I204,MA010120220808738132,숯불돈까스,경양식,30170555,탄방동,127.388268038017,36.3464454707132
대전광역시 서구,8006,I204,MA010120220811221289,"한남동,그집",경양식,30170593,도안동,127.351524044526,36.3056726919096
대전광역시 서구,8006,I204,MA010120220807370444,두드림수제돈까스,경양식,30170555,탄방동,127.393666400216,36.3411379087829
대전광역시 서구,8006,I204,MA010120220804145379,륜치비스트로,경양식,30170593,도안동,127.342076820831,36.3196864373671
대전광역시 서구,8006,I204,MA010120220808711414,잭앤선플라워,경양식,30170586,월평1동,127.360548452268,36.3577068922441
대전광역시 서구,8006,I204,MA010120220805806788,버디,경양식,30170630,둔산1동,127.387945502669,36.353286434957
대전광역시 서구,8006,I204,MA010120220806025397,만동경양식,경양식,30170581,갈마1동,127.373292560786,36.3526932747171
대전광역시 서구,8006,I204,MA010120220813281532,청솔푸드,경양식,30170582,갈마2동,127.372708876719,36.3447647527351
대전광역시 서구,8006,I204,MA010120220806229423,스카이라운지.미소타워,경양식,30170596,관저1동,127.335454438015,36.3049168081884
대전광역시 서구,8006,I204,MA010120220812113483,굿타임즈클럽,경양식,30170586,월평1동,127.366514625096,36.3565082021528
대전광역시 서구,8006,I204,MA010120220802277458,별달돈까스카페,경양식,30170640,둔산2동,127.377152843084,36.3515456727669
대전광역시 서구,8006,I204,MA010120220806211937,꽃다향,경양식,30170600,기성동,127.341024440029,36.2544436021347
대전광역시 서구,8006,I204,MA010120220808399198,파스타입니다,파스타/스테이크,30170597,관저2동,127.333990947855,36.3011449468639
대전광역시 서구,8006,I204,MA0101202604A0045904,와인딩,경양식,30170640,둔산2동,127.375234626498,36.3511191476955
대전광역시 서구,8006,I204,MA010120220809143641,풀스가든,경양식,30170593,도안동,127.350695716426,36.314632872782
대전광역시 서구,8006,I204,MA010120220806477367,만보우노,경양식,30170650,만년동,127.372066396647,36.3665931993117
대전광역시 서구,8006,I204,MA010120220809368117,타코박스대전,기타 서양식 음식점,30170582,갈마2동,127.370876361454,36.3482760279486
대전광역시 서구,8006,I204,MA0101202510A0006895,복리단길861,경양식,30170510,복수동,127.378606597954,36.2974252816827
대전광역시 서구,8006,I204,MA0106202201A0955279,씨제이푸드빌빕스,패밀리레스토랑,30170640,둔산2동,127.37898339658,36.354567827786
대전광역시 서구,8006,I204,MA010120220807282653,베아투스,패밀리레스토랑,30170593,도안동,127.348593072528,36.3050594578124
대전광역시 서구,8006,I204,MA010120220806591608,유은함박,경양식,30170590,가수원동,127.354869430717,36.2994446464619
대전광역시 서구,8006,I204,MA010120220803845943,헬로케밥,기타 서양식 음식점,30170586,월평1동,127.362819861182,36.3549964929552
대전광역시 서구,8006,I204,MA0101202604A0037304,더무아,경양식,30170555,탄방동,127.392995713998,36.3451052890493
대전광역시 서구,8006,I204,MA0101202604A0035535,플레이트,경양식,30170640,둔산2동,127.377784932004,36.3532468963436
대전광역시 서구,8006,I204,MA0101202603A0044171,깊은숲,경양식,30170582,갈마2동,127.372974099644,36.3489904393921
대전광역시 서구,8006,I204,MA010120220803077342,피피,경양식,30170640,둔산2동,127.374798427237,36.3507600466109
대전광역시 서구,8006,I204,MA010120220812226428,프롤로그,경양식,30170597,관저2동,127.33735813772,36.2945298134282
대전광역시 서구,8006,I204,MA010120220811479316,코다차야대전,경양식,30170640,둔산2동,127.374620571918,36.3508417100773
대전광역시 서구,8006,I204,MA010120220809717133,부리또리만년동점,기타 서양식 음식점,30170650,만년동,127.378331403264,36.3671773104377
대전광역시 서구,8006,I204,MA0101202604A0021912,서가앤쿡대전,패밀리레스토랑,30170630,둔산1동,127.388132568238,36.3505732922835
대전광역시 서구,8006,I204,MA010120220811758495,돈까스명가,경양식,30170555,탄방동,127.389350357207,36.3423235768819
대전광역시 서구,8006,I204,MA010120220810888663,야미센동,경양식,30170581,갈마1동,127.372366052107,36.3523086602916
대전광역시 서구,8006,I204,MA010120220812297340,콘트라,경양식,30170581,갈마1동,127.373614128723,36.3523768585238
대전광역시 서구,8006,I204,MA010120220806228998,최일수제왕돈까스,경양식,30170582,갈마2동,127.373583216013,36.3459065160809
대전광역시 서구,8006,I204,MA010120220806999040,돈까스정석,경양식,30170555,탄방동,127.387130102495,36.3461067158805
대전광역시 서구,8006,I204,MA0106202605A2242642,마성2,경양식,30170560,괴정동,127.38481945602,36.3383550531654
대전광역시 서구,8006,I204,MA010120220808428937,블루머쉬룸,경양식,30170581,갈마1동,127.372745687171,36.352487711654
대전광역시 서구,8006,I204,MA010120220808081769,시그니처랩,경양식,30170640,둔산2동,127.378168576315,36.3519479912434
대전광역시 서구,8006,I204,MA010120220806503877,디와이푸드,경양식,30170640,둔산2동,127.377271116705,36.3529691555599
대전광역시 서구,8006,I204,MA010120220806996066,쿠거,경양식,30170640,둔산2동,127.377276465284,36.3540775834152
대전광역시 서구,8006,I204,MA0101202601A0020874,국민우유집,경양식,30170650,만년동,127.375181970355,36.3656822835479
대전광역시 서구,8006,I204,MA0101202512A0043023,엠브로돈까스대전,경양식,30170630,둔산1동,127.388666325738,36.3526172235637
대전광역시 서구,8006,I204,MA0101202508A0000708,애걸복걸,경양식,30170586,월평1동,127.362474327345,36.3549614946363
대전광역시 서구,8006,I204,MA0101202508A0020687,도심속의작은정원,경양식,30170630,둔산1동,127.388666325738,36.3526172235637
대전광역시 서구,8006,I204,MA0101202512A0040503,솔레벤토,경양식,30170593,도안동,127.35093676216,36.3261762858574
대전광역시 서구,8006,I204,MA0101202511A0034973,싱글테이블,경양식,30170590,가수원동,127.352199309895,36.3023273163562
대전광역시 서구,8006,I204,MA0101202506A0040078,스트릿스튜디오,경양식,30170640,둔산2동,127.377006975701,36.3513298510893
대전광역시 서구,8006,I204,MA0101202506A0013929,타코야끼집,기타 서양식 음식점,30170597,관저2동,127.339772330757,36.2993082657285
대전광역시 서구,8006,I204,MA0101202506A0021427,타코앤꼬치휴게소,기타 서양식 음식점,30170530,도마2동,127.369160663084,36.3222823671982
대전광역시 서구,8006,I204,MA0101202603A0004263,비스트로디,경양식,30170640,둔산2동,127.378706294447,36.3502610912222
대전광역시 서구,8006,I204,MA0101202604A0023306,엘와이시둔산1지점,경양식,30170630,둔산1동,127.387951418907,36.3499881169526
대전광역시 서구,8006,I204,MA0101202602A0026213,파스타예요,파스타/스테이크,30170582,갈마2동,127.37474500981,36.3419377035944
대전광역시 서구,8006,I204,MA0101202603A0036037,그레이스에이,경양식,30170640,둔산2동,127.380964554596,36.3518850395185
대전광역시 서구,8006,I204,MA0101202502A0029818,프로메떼레비스트로,경양식,30170555,탄방동,127.388689808029,36.3438937729912
대전광역시 서구,8006,I204,MA010120220806237641,바질리코,경양식,30170597,관저2동,127.336380479598,36.2975875831069
대전광역시 서구,8006,I204,MA010120220807105704,해쉬,경양식,30170640,둔산2동,127.375739663839,36.3518925711808
대전광역시 서구,8006,I204,MA0106202507A0764230,매드포갈릭대전,패밀리레스토랑,30170640,둔산2동,127.380781319306,36.3554362509174
대전광역시 서구,8006,I204,MA0101202507A0037621,도형민식당,경양식,30170640,둔산2동,127.378168184051,36.3518668867526
대전광역시 서구,8006,I204,MA0101202505A0085157,돈까스1980대전,경양식,30170650,만년동,127.379962250585,36.3680012136355
대전광역시 서구,8006,I204,MA0101202508A0008634,미태리대전,경양식,30170555,탄방동,127.386385399008,36.3464425609435
대전광역시 서구,8006,I204,MA0101202511A0011738,웁스,경양식,30170555,탄방동,127.389789359778,36.3432413451398
대전광역시 서구,8006,I204,MA0101202510A0014342,랑골레또,경양식,30170593,도안동,127.35093676216,36.3261762858574
대전광역시 서구,8006,I204,MA0101202509A0022604,뉴욕스테이크대전,파스타/스테이크,30170581,갈마1동,127.370530465449,36.3458078793545
대전광역시 서구,8006,I204,MA0101202601A0010184,올떼파스타,파스타/스테이크,30170582,갈마2동,127.375146056522,36.3419454571048
대전광역시 서구,8006,I204,MA0101202512A0043672,더원,경양식,30170587,월평2동,127.377312782473,36.3616022711135
대전광역시 서구,8006,I204,MA0101202511A0008462,수풀림키친,경양식,30170660,둔산3동,127.399648068803,36.3498594534374
대전광역시 서구,8006,I204,MA0101202510A0017451,도노,경양식,30170597,관저2동,127.33844158963,36.2953648532463
대전광역시 서구,8006,I204,MA0101202507A0034482,파스타카노&밥싸다구,파스타/스테이크,30170582,갈마2동,127.370673963887,36.3478801386669
대전광역시 서구,8006,I204,MA0101202601A0032723,타코찡,기타 서양식 음식점,30170575,내동,127.379664111459,36.3341450211393
대전광역시 서구,8006,I204,MA0101202604A0034104,누크,경양식,30170593,도안동,127.354132453139,36.308810120053
대전광역시 서구,8006,I204,MA0101202512A0028148,마초스테이크대전,파스타/스테이크,30170640,둔산2동,127.376767601205,36.3502041373021
대전광역시 서구,8006,I204,MA0101202603A0049927,우아한증류소,경양식,30170593,도안동,127.354348125858,36.3072594477352
대전광역시 서구,8006,I204,MA010120220806184723,메종식당,경양식,30170535,정림동,127.366441075186,36.3051322507855
대전광역시 서구,8006,I204,MA010120220803077623,"그때,우리",경양식,30170535,정림동,127.36246640504,36.3051623908891
대전광역시 서구,8006,I204,MA010120220806519566,범스케밥,기타 서양식 음식점,30170582,갈마2동,127.373865108142,36.3466175633799
대전광역시 서구,8006,I204,MA010120220802681790,브라운돈까스,경양식,30170596,관저1동,127.341154270908,36.3073068375332
대전광역시 서구,8006,I204,MA010120220804869794,플렉스,경양식,30170560,괴정동,127.38862899747,36.3406227021583
대전광역시 서구,8006,I204,MA0101202504A0007991,연남왕돈까스,경양식,30170640,둔산2동,127.378168184051,36.3518668867526
대전광역시 서구,8006,I204,MA0101202507A0015927,고바돈까스,경양식,30170560,괴정동,127.375193495394,36.3402240610194
대전광역시 서구,8006,I204,MA0101202504A0096972,온데이,경양식,30170530,도마2동,127.374723638084,36.3165425655327
대전광역시 서구,8006,I204,MA0101202504A0072780,포밧다,경양식,30170640,둔산2동,127.377272638628,36.3532845618812
대전광역시 서구,8006,I204,MA0101202504A0094460,촙촙,경양식,30170560,괴정동,127.389542691581,36.3406828097712
대전광역시 서구,8006,I204,MA0101202505A0080597,만남의광장,경양식,30170560,괴정동,127.389449274118,36.3398179850798
대전광역시 서구,8006,I204,MA0101202505A0013030,서로이,경양식,30170586,월평1동,127.358547495965,36.3538288498413
대전광역시 서구,8006,I204,MA0101202411A0059647,술멍,경양식,30170593,도안동,127.34134994704,36.3292049763594
대전광역시 서구,8006,I204,MA0101202505A0076844,해피아워,경양식,30170555,탄방동,127.39548028366,36.3473950890288
대전광역시 서구,8006,I204,MA0101202507A0020806,덕수파스타대전,파스타/스테이크,30170640,둔산2동,127.381679519384,36.3522882865771
대전광역시 서구,8006,I204,MA0101202601A0013553,한밭컴퍼니,경양식,30170586,월평1동,127.354332961033,36.3531024578761
대전광역시 서구,8006,I204,MA0101202505A0008149,마중,경양식,30170587,월평2동,127.377285540128,36.3605750194079
대전광역시 서구,8006,I204,MA0101202505A0056821,릴렛,경양식,30170640,둔산2동,127.377279082943,36.3523112728624
대전광역시 서구,8006,I204,MA0101202508A0024983,도담,경양식,30170630,둔산1동,127.388954029243,36.3499848577341
대전광역시 서구,8006,I204,MA0101202509A0010410,테리스,경양식,30170593,도안동,127.350279894247,36.3262232716066
대전광역시 서구,8006,I204,MA0101202506A0029713,식사,경양식,30170640,둔산2동,127.377756386715,36.3542563020707
대전광역시 서구,8006,I204,MA0101202509A0037897,점보파스타대전,파스타/스테이크,30170581,갈마1동,127.370530465449,36.3458078793545
대전광역시 서구,8006,I204,MA0101202508A0023969,파스타바밍,파스타/스테이크,30170581,갈마1동,127.367202522808,36.3487830201518
대전광역시 서구,8006,I204,MA010120220806283451,윤찬비스트로,경양식,30170593,도안동,127.353412619305,36.3072081459399
대전광역시 서구,8006,I204,MA010120220806223525,위모,경양식,30170640,둔산2동,127.380985298559,36.3515695622226
대전광역시 서구,8006,I204,MA010120220800845059,아줌마돈까스,경양식,30170596,관저1동,127.334392944977,36.3066410414573
대전광역시 서구,8006,I204,MA010120220808365478,묘월,경양식,30170555,탄방동,127.394163944377,36.3448220771662
대전광역시 서구,8006,I204,MA0101202411A0064684,베케이션홈,경양식,30170530,도마2동,127.376804390955,36.3162116000009
대전광역시 서구,8006,I204,MA0101202411A0034196,볶음밥도사&파스타에반하다,파스타/스테이크,30170560,괴정동,127.380458624979,36.3349084953581
대전광역시 서구,8006,I204,MA0101202411A0123158,샐러드에빠진날,경양식,30170581,갈마1동,127.365608884217,36.3534199476353
대전광역시 서구,8006,I204,MA0101202503A0005528,마음의평화,경양식,30170555,탄방동,127.3961947335,36.3454912431005
대전광역시 서구,8006,I204,MA0101202503A0029054,모루,경양식,30170596,관저1동,127.332692005624,36.3072495794633
대전광역시 서구,8006,I204,MA0101202501A0056057,가도누들,경양식,30170581,갈마1동,127.372105446967,36.351390273603
대전광역시 서구,8006,I204,MA0101202503A0015090,헝그리콘,경양식,30170581,갈마1동,127.373893200792,36.3524931383729
대전광역시 서구,8006,I204,MA0101202501A0061723,포스트하우스,경양식,30170640,둔산2동,127.379633159534,36.3507177494624
대전광역시 서구,8006,I204,MA0101202504A0059529,애프터글로우,경양식,30170581,갈마1동,127.371683056595,36.3515898466841
대전광역시 서구,8006,I204,MA0101202505A0089486,감동밥상&브런치,경양식,30170590,가수원동,127.353511290067,36.299466693469
대전광역시 서구,8006,I204,MA0101202504A0006617,인디,경양식,30170640,둔산2동,127.379986898875,36.3547358639438
대전광역시 서구,8006,I204,MA0101202412A0072267,미도인대전둔산,경양식,30170640,둔산2동,127.377276465284,36.3540775834152
대전광역시 서구,8006,I204,MA0101202506A0029129,볼로니아,경양식,30170630,둔산1동,127.388645062155,36.350580638313
대전광역시 서구,8006,I204,MA010120220806218492,한미식당,경양식,30170590,가수원동,127.356120358397,36.3052265215038
대전광역시 서구,8006,I204,MA010120220807441111,미스터빠삭,경양식,30170596,관저1동,127.341154270908,36.3073068375332
대전광역시 서구,8006,I204,MA010120220811453764,비노비노,경양식,30170640,둔산2동,127.37726080231,36.3531404113097
대전광역시 서구,8006,I204,MA010120220813887954,파더스스테이크&찹밥,파스타/스테이크,30170640,둔산2동,127.378271345848,36.3547683424
대전광역시 서구,8006,I204,MA010120220811681039,스테이크하우스안,파스타/스테이크,30170560,괴정동,127.388224065543,36.3398309831691
대전광역시 서구,8006,I204,MA0101202411A0006581,이오식탁,경양식,30170593,도안동,127.353786170697,36.3110280526832
대전광역시 서구,8006,I204,MA0101202411A0134637,브리즈,경양식,30170593,도안동,127.347018175663,36.3265391867159
대전광역시 서구,8006,I204,MA0101202412A0059316,크라운경양식,경양식,30170560,괴정동,127.381805132812,36.3346608835512
대전광역시 서구,8006,I204,MA0101202411A0033266,낭만셰프,경양식,30170586,월평1동,127.363514407562,36.3558144510258
대전광역시 서구,8006,I204,MA0101202411A0133066,더맨타코대전,기타 서양식 음식점,30170582,갈마2동,127.3742888894,36.3467153661398
대전광역시 서구,8006,I204,MA0101202406A0494861,맹호수제돈까스,경양식,30170560,괴정동,127.385965807333,36.335909167428
대전광역시 서구,8006,I204,MA0101202409A0088982,더원앤온리오엠,경양식,30170581,갈마1동,127.369830756639,36.3533168380145
대전광역시 서구,8006,I204,MA0101202406A0394090,하이어,경양식,30170582,갈마2동,127.372880027605,36.3502884254123
대전광역시 서구,8006,I204,MA0101202406A0357734,배불러돈까스,경양식,30170593,도안동,127.351512870226,36.305663712939
대전광역시 서구,8006,I204,MA0101202406A0460943,일등파스타대전,파스타/스테이크,30170640,둔산2동,127.382190875296,36.3497813861794
대전광역시 서구,8006,I204,MA0101202411A0029729,백돈대전,경양식,30170582,갈마2동,127.374183603646,36.3433362860009
대전광역시 서구,8006,I204,MA010120220809864890,테이스티브라운,경양식,30170575,내동,127.379889275395,36.3346399532235
대전광역시 서구,8006,I204,MA010120220812011698,잇미,경양식,30170597,관저2동,127.336703328581,36.297586674378
대전광역시 서구,8006,I204,MA010120220810338342,파스타바이준셰프,파스타/스테이크,30170593,도안동,127.353016139094,36.3081735823016
대전광역시 서구,8006,I204,MA010120220806181928,배재돈까스집으로,경양식,30170520,도마1동,127.37156612367,36.3222839258559
대전광역시 서구,8006,I204,MA010120220803441977,이태리국시,경양식,30170640,둔산2동,127.37726080231,36.3531404113097
대전광역시 서구,8006,I204,MA0101202409A0181790,한잔,경양식,30170582,갈마2동,127.374805330703,36.3475518408148
대전광역시 서구,8006,I204,MA0101202406A0473547,미드시티스낵,경양식,30170586,월평1동,127.366514625096,36.3565082021528
대전광역시 서구,8006,I204,MA0101202406A0087959,하우딥HOWDEEP,경양식,30170640,둔산2동,127.376692745776,36.3508532193345
대전광역시 서구,8006,I204,MA0101202406A0388980,노엘키친,경양식,30170593,도안동,127.351648318925,36.3135126095865
대전광역시 서구,8006,I204,MA0101202409A0070645,코너88,경양식,30170560,괴정동,127.383291379234,36.3356564330359
대전광역시 서구,8006,I204,MA0101202409A0202760,라이프이즈굿,경양식,30170640,둔산2동,127.378807254443,36.3504049592226
대전광역시 서구,8006,I204,MA0101202409A0093355,랠리,경양식,30170596,관저1동,127.335928629273,36.3038520805622
대전광역시 서구,8006,I212,MA010120220814072236,빵빵,카페,30170597,관저2동,127.323053542043,36.2946684478323
대전광역시 서구,8006,I212,MA010120220808801536,타로카페이리스,카페,30170587,월평2동,127.378929870135,36.3619125642216
대전광역시 서구,8006,I212,MA010120220808626956,특별한커피엔알씨티에스일반음식점,카페,30170540,변동,127.387076826506,36.3263350676693
대전광역시 서구,8006,I212,MA010120220812856390,벙커빈,카페,30170640,둔산2동,127.380964554596,36.3518850395185
대전광역시 서구,8006,I212,MA010120220808630709,달리는커피,카페,30170560,괴정동,127.386136997201,36.338999650631
대전광역시 서구,8006,I212,MA010120220806189869,쎄리오,카페,30170650,만년동,127.380570451465,36.3693330126933
대전광역시 서구,8006,I212,MA010120220809964246,카페히피,카페,30170593,도안동,127.34304386345,36.3192781347458
대전광역시 서구,8006,I212,MA010120220803196538,1718커피숍,카페,30170596,관저1동,127.332718861427,36.3057084818375
대전광역시 서구,8006,I212,MA010120220811740760,제이드림카페,카페,30170555,탄방동,127.387347645896,36.3472955623359
대전광역시 서구,8006,I212,MA010120220804037202,베바스커피,카페,30170535,정림동,127.366572698024,36.3047082916355
대전광역시 서구,8006,I212,MA010120220806872346,엄마의뜰닷컴,카페,30170535,정림동,127.36246640504,36.3051623908891
대전광역시 서구,8006,I212,MA010120220806497038,무제카페,카페,30170650,만년동,127.38572953708,36.3670455136569
대전광역시 서구,8006,I212,MA010120220812064296,피엔피엠,카페,30170630,둔산1동,127.387251198212,36.3503148111148
대전광역시 서구,8006,I212,MA010120220807055556,카페이담,카페,30170590,가수원동,127.350720101064,36.3001868485577
대전광역시 서구,8006,I212,MA010120220807409322,소소담,카페,30170597,관저2동,127.336206267309,36.3010936786828
대전광역시 서구,8006,I212,MA010120220811781739,앤크.,카페,30170587,월평2동,127.376888674156,36.3591434058114
대전광역시 서구,8006,I212,MA0101202409A0248709,티앤에이치,카페,30170593,도안동,127.343858558058,36.319681325299
대전광역시 서구,8006,I212,MA0101202409A0039429,베어짐카페,카페,30170640,둔산2동,127.374505711941,36.3524461615302
대전광역시 서구,8006,I212,MA0101202409A0065113,메가엠지씨커피대전공작한양점,카페,30170555,탄방동,127.393782233602,36.3464454510202
대전광역시 서구,8006,I212,MA0101202409A0189439,바라봄커피숍,카페,30170535,정림동,127.368775745242,36.302034016619
대전광역시 서구,8006,I212,MA010120220813720507,젤라떼리아돌체루지아,카페,30170555,탄방동,127.390151251871,36.3443305867458
대전광역시 서구,8006,I212,MA010120220812799624,아임요거트그렐,카페,30170555,탄방동,127.3961947335,36.3454912431005
대전광역시 서구,8006,I212,MA010120220813497439,낭만테이블,카페,30170510,복수동,127.376977903483,36.2990525571558
대전광역시 서구,8006,I212,MA010120220808177634,프레쉬프룻,카페,30170582,갈마2동,127.373316126819,36.3482954662875
대전광역시 서구,8006,I212,MA010120220812097251,로보티머,카페,30170596,관저1동,127.333718606114,36.302551553824
대전광역시 서구,8006,I212,MA010120220813582218,스니프커피바,카페,30170510,복수동,127.376631397744,36.2987652706721
대전광역시 서구,8006,I212,MA010120220806254006,건강카페,카페,30170650,만년동,127.388010940507,36.3664703877602
대전광역시 서구,8006,I212,MA010120220808123857,컴포즈커피대전둔산,카페,30170640,둔산2동,127.376207474027,36.3518730757825
대전광역시 서구,8006,I212,MA010120220804529996,알콩달콩,카페,30170520,도마1동,127.370529175784,36.3243688689706
대전광역시 서구,8006,I212,MA010120220814039449,청수당신록,카페,30170560,괴정동,127.389542691581,36.3406828097712
대전광역시 서구,8006,I212,MA010120220807771467,읍천리382대전,카페,30170640,둔산2동,127.382255172141,36.3538184431352
대전광역시 서구,8006,I212,MA010120220804152914,빽다방대전,카페,30170520,도마1동,127.370443159344,36.3226659066778
대전광역시 서구,8006,I212,MA010120220803409148,사랑채,카페,30170550,용문동,127.394162122236,36.3378289583035
대전광역시 서구,8006,I212,MA010120220805070453,아미띠에,카페,30170555,탄방동,127.386171373118,36.348218567985
대전광역시 서구,8006,I212,MA010120220812569306,어반멜로우,카페,30170530,도마2동,127.375024940628,36.3166767976891
대전광역시 서구,8006,I212,MA010120220808076668,루트커피,카페,30170640,둔산2동,127.377070732169,36.350689815691
대전광역시 서구,8006,I212,MA010120220806255858,도마큰시장협동조합,카페,30170520,도마1동,127.381212485227,36.3158912227188
대전광역시 서구,8006,I212,MA010120220805248200,이츠타임,카페,30170630,둔산1동,127.388304728139,36.3515910602771
대전광역시 서구,8006,I212,MA010120220807208365,카페그린,카페,30170560,괴정동,127.390896715017,36.339696106606
대전광역시 서구,8006,I212,MA010120220806723295,주아드비브르,카페,30170593,도안동,127.351235678249,36.3133696336625
대전광역시 서구,8006,I212,MA010120220811718206,커피집일쌍,카페,30170555,탄방동,127.385760807726,36.344029428287
대전광역시 서구,8006,I212,MA010120220812602999,마리몽,카페,30170582,갈마2동,127.374479176747,36.3445789832045
대전광역시 서구,8006,I212,MA010120220803018115,카페공휴일,카페,30170575,내동,127.374137182931,36.3336307556108
대전광역시 서구,8006,I212,MA010120220809836634,릴리펏롯데대전점,카페,30170560,괴정동,127.389542691581,36.3406828097712
대전광역시 서구,8006,I212,MA010120220806182792,반,카페,30170530,도마2동,127.371330404057,36.3195450721335
대전광역시 서구,8006,I212,MA010120220805510626,커피베이,카페,30170581,갈마1동,127.367522234756,36.3528102908725
대전광역시 서구,8006,I212,MA0101202305A0061448,타프로드,카페,30170555,탄방동,127.395978064786,36.3445006684377
대전광역시 서구,8006,I212,MA0101202307A0035984,메가엠지씨커피대전큰,카페,30170581,갈마1동,127.377196298433,36.3466972127473
대전광역시 서구,8006,I212,MA0101202305A0028621,30초커피포레나,카페,30170520,도마1동,127.384443098684,36.3116273055071
대전광역시 서구,8006,I212,MA0101202307A0093671,커피살림,카페,30170555,탄방동,127.388100854413,36.3464279902802
대전광역시 서구,8006,I212,MA0101202305A0150932,보통커피,카페,30170593,도안동,127.339439349385,36.3303639270567
대전광역시 서구,8006,I212,MA0101202307A0014358,카페.오름:11,카페,30170630,둔산1동,127.387225399064,36.3563527625458
대전광역시 서구,8006,I212,MA0101202307A0048949,무자비커피바,카페,30170555,탄방동,127.400895862729,36.3455296351823
대전광역시 서구,8006,I212,MA0101202308A0039479,카페꾸르비,카페,30170597,관저2동,127.337169974618,36.2947826758702
대전광역시 서구,8006,I212,MA0101202406A0354447,컴포즈커피대전,카페,30170586,월평1동,127.364183621783,36.3559746246858
대전광역시 서구,8006,I212,MA0101202406A0416466,이디야커피대전,카페,30170660,둔산3동,127.398137442869,36.3551093291822
대전광역시 서구,8006,I212,MA0101202406A0302157,카페보스대전,카페,30170581,갈마1동,127.368842940584,36.3541039133169
대전광역시 서구,8006,I212,MA0101202406A0432366,점프,카페,30170597,관저2동,127.335658152289,36.3004914256229
대전광역시 서구,8006,I212,MA0101202406A0376610,아이엠일리터,카페,30170520,도마1동,127.371434028811,36.3226087609979
대전광역시 서구,8006,I212,MA010120220810268743,델프라,카페,30170630,둔산1동,127.388656529099,36.3528876077313
대전광역시 서구,8006,I212,MA010120220806238159,카페나루,카페,30170630,둔산1동,127.387871354845,36.3563056087698
대전광역시 서구,8006,I212,MA010120220810155674,요거롤,카페,30170560,괴정동,127.381030490053,36.3379796872695
대전광역시 서구,8006,I212,MA010120220808547888,카페꼬망지,카페,30170575,내동,127.371690340537,36.3320252817152
대전광역시 서구,8006,I212,MA010120220804036484,만우연,카페,30170555,탄방동,127.389180203909,36.34394624751
대전광역시 서구,8006,I212,MA010120220811041444,마카소,카페,30170560,괴정동,127.387430963453,36.3416268975236
대전광역시 서구,8006,I212,MA010120220806858128,갤러리카페,카페,30170586,월평1동,127.354806305303,36.3542996163993
대전광역시 서구,8006,I212,MA010120220812827793,카리스,카페,30170530,도마2동,127.368546600415,36.3172196308164
대전광역시 서구,8006,I212,MA010120220809834153,원잇투메종탄방,카페,30170555,탄방동,127.399663854766,36.3485887445717
대전광역시 서구,8006,I212,MA010120220810419502,투썸플레이스,카페,30170640,둔산2동,127.377662685821,36.3486963492266
대전광역시 서구,8006,I212,MA010120220812172257,사생활,카페,30170575,내동,127.379142072605,36.3344440668791
대전광역시 서구,8006,I212,MA0101202310A0041972,사마커피바,카페,30170530,도마2동,127.377232743713,36.3172916651672
대전광역시 서구,8006,I212,MA0101202406A0201878,말랑부크,카페,30170575,내동,127.376074851753,36.3358776178885
대전광역시 서구,8006,I212,MA0101202310A0096598,카페스토리,카페,30170586,월평1동,127.360945085191,36.3567414380172
대전광역시 서구,8006,I212,MA0101202406A0171945,아이씨커피,카페,30170555,탄방동,127.391018800334,36.346292313615
대전광역시 서구,8006,I212,MA0101202406A0459777,누안,카페,30170555,탄방동,127.385784642018,36.3443447628512
대전광역시 서구,8006,I212,MA0101202308A0097468,행복한커피,카페,30170550,용문동,127.389920554925,36.3360405187034
대전광역시 서구,8006,I212,MA0101202406A0069981,메가엠지씨커피대전월평역점,카페,30170588,월평3동,127.364777839229,36.3591629693705
대전광역시 서구,8006,I212,MA0101202309A0046439,투썸플레이스블랙,카페,30170640,둔산2동,127.380522403444,36.352598376333
대전광역시 서구,8006,I212,MA0101202310A0013143,크로앤피대전,카페,30170582,갈마2동,127.370945262398,36.3440132521149
대전광역시 서구,8006,I212,MA0101202309A0069773,헤리턴스Cafe한마루점,카페,30170630,둔산1동,127.390831440503,36.3556110713223
대전광역시 서구,8006,I212,MA0101202310A0052685,컴포즈커피대전은하수네,카페,30170640,둔산2동,127.380162446096,36.3518875940542
대전광역시 서구,8006,I212,MA0101202406A0305290,카페도담도담,카페,30170510,복수동,127.3766320032,36.2965753940487
대전광역시 서구,8006,I212,MA0101202406A0289897,빽다방대전트리풀시티호수점,카페,30170593,도안동,127.348883618823,36.3252901284735
대전광역시 서구,8006,I212,MA0101202406A0278249,식빵판다커피,카페,30170582,갈마2동,127.370122012772,36.3465931681496
대전광역시 서구,8006,I212,MA0101202310A0061335,과일이맛있는집,카페,30170597,관저2동,127.334158061658,36.3011715154285
대전광역시 서구,8006,I212,MA0101202406A0145074,쉼전통차,카페,30170530,도마2동,127.373573942686,36.3159694085654
대전광역시 서구,8006,I212,MA0101202309A0073564,웬위럽,카페,30170586,월평1동,127.353364624617,36.3533035839351
대전광역시 서구,8006,I212,MA0101202406A0019967,빅필드커피,카페,30170555,탄방동,127.395708459123,36.3484577199893
대전광역시 서구,8006,I212,MA0101202406A0024555,컴포즈커피대전,카페,30170550,용문동,127.392095262066,36.3388090276205
대전광역시 서구,8006,I212,MA0101202406A0286062,빽다방대전탄방이편한세상점,카페,30170555,탄방동,127.393346001991,36.3416616457839
대전광역시 서구,8006,I212,MA0101202406A0424690,문득,카페,30170560,괴정동,127.38643585927,36.340873131437
대전광역시 서구,8006,I212,MA0101202406A0082403,커피에반하다,카페,30170582,갈마2동,127.375457192647,36.3487483578626
대전광역시 서구,8006,I212,MA0101202406A0299035,메이피프틴,카페,30170650,만년동,127.381002079951,36.3687278516589
대전광역시 서구,8006,I212,MA0101202311A0081120,샘커피솝,카페,30170535,정림동,127.365805376388,36.3072880226592
대전광역시 서구,8006,I212,MA0101202406A0042875,파스쿠찌대전,카페,30170630,둔산1동,127.389017507542,36.34930877
대전광역시 서구,8006,I212,MA0101202406A0168340,메가엠지씨커피대전을지,카페,30170640,둔산2동,127.379985847704,36.3545195854458
대전광역시 서구,8006,I212,MA0101202406A0223703,우지커피대전,카페,30170582,갈마2동,127.368716276772,36.3508690859581
대전광역시 서구,8006,I212,MA0101202406A0050884,리덴,카페,30170555,탄방동,127.39456623471,36.3450730786886
대전광역시 서구,8006,I212,MA0101202406A0593133,메가엠지씨커피대전,카페,30170570,가장동,127.385403707741,36.3348566042064
대전광역시 서구,8006,I212,MA0101202406A0087143,솜솜,카페,30170640,둔산2동,127.381840597045,36.3510531625946
대전광역시 서구,8006,I212,MA0101202406A0139118,브린,카페,30170581,갈마1동,127.37155175839,36.3567810210735
대전광역시 서구,8006,I212,MA0101202406A0226140,하이딩플레이스,카페,30170581,갈마1동,127.368158404046,36.3435893054437
대전광역시 서구,8006,I212,MA0101202406A0118346,메가엠지씨커피대전탄방우리,카페,30170555,탄방동,127.38405459644,36.3436474181461
대전광역시 서구,8006,I212,MA0101202406A0087019,도드커피,카페,30170593,도안동,127.339787856079,36.331110915479
대전광역시 서구,8006,I212,MA0101202311A0093250,치유의시간,카페,30170650,만년동,127.379985543836,36.3682084091847
대전광역시 서구,8006,I212,MA0101202406A0215726,카페비아티튜드,카페,30170593,도안동,127.353981108605,36.3073506532199
대전광역시 서구,8006,I212,MA0101202406A0320845,리틀모션보드게임카페,카페,30170587,월평2동,127.377297986721,36.3608453321569
대전광역시 서구,8006,I212,MA0101202406A0107844,요커대전,카페,30170586,월평1동,127.361210681463,36.356353130335
대전광역시 서구,8006,I212,MA0101202406A0382215,카페팔케이멤버스,카페,30170593,도안동,127.346831759705,36.3246832976041
대전광역시 서구,8006,I212,MA0101202409A0177403,카페루나,카페,30170555,탄방동,127.389370961973,36.3442249905771
대전광역시 서구,8006,I212,MA0101202409A0169280,더리터,카페,30170640,둔산2동,127.392653648896,36.3590656036205
대전광역시 서구,8006,I212,MA0101202409A0025509,에덴동산,카페,30170575,내동,127.373843136262,36.3350285009789
대전광역시 서구,8006,I212,MA0101202406A0458505,로다가든,카페,30170530,도마2동,127.37087597081,36.3199970728634
대전광역시 서구,8006,I212,MA0101202409A0044771,베이키,카페,30170596,관저1동,127.333638941631,36.3073731061662
대전광역시 서구,8006,I212,MA0101202409A0198213,우지커피대전,카페,30170640,둔산2동,127.377687751294,36.3492730221721
대전광역시 서구,8006,I212,MA0101202409A0065076,메가엠지씨커피대전,카페,30170593,도안동,127.348487215402,36.3112959477617
대전광역시 서구,8006,I212,MA0101202409A0149182,카페봄살구,카페,30170593,도안동,127.348315337016,36.3077007321698
대전광역시 서구,8006,I212,MA0101202409A0005691,빽다방대전갈마네,카페,30170582,갈마2동,127.368716276772,36.3508690859581
대전광역시 서구,8006,I212,MA0101202409A0233509,원티트립,카페,30170570,가장동,127.388072089183,36.3316487903068
대전광역시 서구,8006,I212,MA0101202409A0081382,이온커피,카페,30170650,만년동,127.376398441598,36.3660839851262
대전광역시 서구,8006,I212,MA0101202409A0058418,컴포즈커피대전경성큰,카페,30170582,갈마2동,127.376997044345,36.3469591824357
대전광역시 서구,8006,I212,MA0101202409A0189185,카페라니,카페,30170597,관저2동,127.341466308729,36.2997089725
대전광역시 서구,8006,I212,MA0101202409A0068904,동동,카페,30170575,내동,127.378703055338,36.3357882129562
대전광역시 서구,8006,I212,MA0101202409A0225486,컴포즈커피대전도안,카페,30170593,도안동,127.347461565995,36.3085052688512
대전광역시 서구,8006,I212,MA0101202406A0571139,서구커피,카페,30170555,탄방동,127.384059906578,36.3447288120158
대전광역시 서구,8006,I212,MA0101202406A0284949,쎄리오,카페,30170650,만년동,127.380570451465,36.3693330126933
대전광역시 서구,8006,I212,MA0101202409A0226898,컴포즈커피대전,카페,30170650,만년동,127.375022099949,36.3671967556244
대전광역시 서구,8006,I212,MA0101202409A0176666,카페요아정대전,카페,30170586,월평1동,127.361305453487,36.3551632931529
대전광역시 서구,8006,I212,MA0101202409A0183264,동원플래닛,카페,30170640,둔산2동,127.37727102118,36.3552581390879
대전광역시 서구,8006,I212,MA0101202409A0076512,디프카페,카페,30170582,갈마2동,127.370364652306,36.3531349494441
대전광역시 서구,8006,I212,MA0101202409A0108439,헤이프레쉬업,카페,30170586,월평1동,127.361167949069,36.356749776339
대전광역시 서구,8006,I212,MA0101202406A0492304,아임일리터,카페,30170660,둔산3동,127.397158640186,36.3510392799372
대전광역시 서구,8006,I212,MA0101202409A0148890,베로에스프레소,카페,30170555,탄방동,127.398126548276,36.3485938762124
대전광역시 서구,8006,I212,MA0101202409A0168398,보탬,카페,30170581,갈마1동,127.371085200813,36.3570708466986
대전광역시 서구,8006,I212,MA0101202406A0405370,카페로사,카페,30170650,만년동,127.381002079951,36.3687278516589
대전광역시 서구,8006,I212,MA0101202409A0149921,미크맷,카페,30170593,도안동,127.352763572397,36.3114275945079
대전광역시 서구,8006,I212,MA010120220813571099,코제무드,카페,30170640,둔산2동,127.374196767848,36.3507439086934
대전광역시 서구,8006,I212,MA010120220813868220,파스쿠찌,카페,30170550,용문동,127.38875762218,36.3351251066822
대전광역시 서구,8006,I212,MA010120220806030020,투썸플레이스대전,카페,30170630,둔산1동,127.389825889032,36.3595074259664
대전광역시 서구,8006,I212,MA010120220806507920,해브어베이크,카페,30170593,도안동,127.351512870226,36.305663712939
대전광역시 서구,8006,I212,MA010120220812606478,팡파레,카페,30170582,갈마2동,127.373017191855,36.3510179491957
대전광역시 서구,8006,I212,MA010120220813038044,태승앤밥스커피,카페,30170582,갈마2동,127.378626028561,36.3451877279693
대전광역시 서구,8006,I212,MA010120220808542316,대승토탈,카페,30170530,도마2동,127.374064110794,36.3160129347671
대전광역시 서구,8006,I212,MA010120220800047978,미드타운커피,카페,30170555,탄방동,127.3930087098,36.3432578365492
대전광역시 서구,8006,I212,MA010120220809264554,빽다방대전,카페,30170660,둔산3동,127.397804774837,36.3510371306793
대전광역시 서구,8006,I212,MA010120220806676966,타미띠에커피,카페,30170530,도마2동,127.373499478791,36.31436554
대전광역시 서구,8006,I212,MA010120220805055562,새로남중등센터그레이스카페,카페,30170650,만년동,127.382557288044,36.3654696496521
대전광역시 서구,8006,I212,MA010120220811502052,카페비포유,카페,30170575,내동,127.382517636145,36.3300355641457
대전광역시 서구,8006,I212,MA010120220805853878,차차커피,카페,30170555,탄방동,127.382247492021,36.3454105047674
대전광역시 서구,8006,I212,MA010120220809800397,나노커피,카페,30170650,만년동,127.37476448077,36.3669182004773
대전광역시 서구,8006,I212,MA010120220811702694,이디야대전,카페,30170596,관저1동,127.334380902794,36.303820371981
대전광역시 서구,8006,I212,MA010120220806786654,트리플에이,카페,30170593,도안동,127.339423407111,36.331823882445
대전광역시 서구,8006,I212,MA010120220814115411,스탠딩커피룸,카페,30170555,탄방동,127.389946389563,36.34569203035
대전광역시 서구,8006,I212,MA010120220806234362,일링,카페,30170593,도안동,127.346730612422,36.3244763196864
대전광역시 서구,8006,I212,MA010120220812202069,피앤피,카페,30170640,둔산2동,127.382190875296,36.3497813861794
대전광역시 서구,8006,I212,MA010120220806226401,어썸,카페,30170593,도안동,127.350061642742,36.3048118474777
대전광역시 서구,8006,I212,MA010120220812178854,할리스커피대전,카페,30170560,괴정동,127.382614556483,36.3361902961903
대전광역시 서구,8006,I212,MA0101202406A0009824,모모데이,카페,30170593,도안동,127.35118962479,36.3055835564728
대전광역시 서구,8006,I212,MA0101202311A0060002,포트캔커피,카페,30170560,괴정동,127.386720166881,36.3397998120133
대전광역시 서구,8006,I212,MA0101202311A0059410,살룻,카페,30170593,도안동,127.352405866239,36.3086439974906
대전광역시 서구,8006,I212,MA0101202406A0011388,더벤티,카페,30170593,도안동,127.350576618019,36.3054411663803
대전광역시 서구,8006,I212,MA0101202406A0481136,붕세권크로플,카페,30170596,관저1동,127.333718606114,36.302551553824
대전광역시 서구,8006,I212,MA0101202406A0364836,더밀,카페,30170640,둔산2동,127.377251140096,36.3534468411863
대전광역시 서구,8006,I212,MA0101202406A0290640,타미띠에커피,카페,30170540,변동,127.376311093197,36.32246734145
대전광역시 서구,8006,I212,MA0101202406A0444378,커피에반하다대전,카페,30170640,둔산2동,127.374524496508,36.3517161509955
대전광역시 서구,8006,I212,MA0101202406A0247808,히스피대전,카페,30170630,둔산1동,127.387265774976,36.3510086683967
대전광역시 서구,8006,I212,MA0101202311A0088241,공차,카페,30170587,월평2동,127.376919126245,36.3608375161685
대전광역시 서구,8006,I212,MA0101202406A0263542,카페루엘,카페,30170510,복수동,127.377471267411,36.299780958581
대전광역시 서구,8006,I212,MA0101202406A0525577,미쓰봉,카페,30170540,변동,127.370295932656,36.3292089220633
대전광역시 서구,8006,I212,MA0101202406A0408095,엔제리너스대덕대로점,카페,30170640,둔산2동,127.380940441348,36.3537956064926
대전광역시 서구,8006,I212,MA0101202406A0225630,백억커피대전,카페,30170582,갈마2동,127.368589498493,36.3570605478684
대전광역시 서구,8006,I212,MA0101202406A0497101,라호야,카페,30170593,도안동,127.342921642662,36.3218828972682
대전광역시 서구,8006,I212,MA0101202406A0309958,투썸플레이스관저네,카페,30170596,관저1동,127.335887074712,36.3019507002843
대전광역시 서구,8006,I212,MA0101202406A0022004,카페여유,카페,30170650,만년동,127.373045818371,36.366355840304
대전광역시 서구,8006,I212,MA0101202309A0082845,핀트,카페,30170593,도안동,127.345206496807,36.324841203046
대전광역시 서구,8006,I212,MA0101202406A0342166,라라랜드,카페,30170530,도마2동,127.371394610919,36.3189951529093
대전광역시 서구,8006,I212,MA0101202406A0254767,설숲,카페,30170582,갈마2동,127.370716750135,36.352205647445
대전광역시 서구,8006,I212,MA0101202406A0540488,카페나비,카페,30170555,탄방동,127.387982090049,36.3426975089523
대전광역시 서구,8006,I212,MA0101202406A0481158,컴포즈커피대전둔산초점,카페,30170640,둔산2동,127.382186338755,36.34885319037
대전광역시 서구,8006,I212,MA0101202406A0124892,콩카페대전둔산,카페,30170630,둔산1동,127.387424373023,36.3515398473189
대전광역시 서구,8006,I212,MA0101202309A0011170,카페오늘,카페,30170540,변동,127.380739310533,36.3285002276274
대전광역시 서구,8006,I212,MA0101202406A0070213,메종드파엘,카페,30170581,갈마1동,127.371106494924,36.3521683906735
대전광역시 서구,8006,I212,MA0101202406A0203588,빽다방대전,카페,30170582,갈마2동,127.377313289942,36.340929316712
대전광역시 서구,8006,I212,MA0101202406A0335768,컨베이커피,카페,30170520,도마1동,127.372059242438,36.3205971861774
대전광역시 서구,8006,I212,MA010120220807070294,카페동인,카페,30170560,괴정동,127.388031258374,36.3413816323903
대전광역시 서구,8006,I212,MA010120220806227980,커피앤드,카페,30170555,탄방동,127.398560958568,36.3485834163775
대전광역시 서구,8006,I212,MA010120220807031960,커피언덕,카페,30170581,갈마1동,127.369646074408,36.3472434878736
대전광역시 서구,8006,I212,MA010120220806349848,곰로스팅팩토리곰에스프레소,카페,30170593,도안동,127.350036366751,36.3141031082919
대전광역시 서구,8006,I212,MA010120220813285853,케잇쿠,카페,30170581,갈마1동,127.37355554175,36.3517732544929
대전광역시 서구,8006,I212,MA010120220813025235,드숑,카페,30170640,둔산2동,127.381636551455,36.3594617696271
대전광역시 서구,8006,I212,MA010120220805056433,트리탑,카페,30170540,변동,127.378695279602,36.3295791233862
대전광역시 서구,8006,I212,MA010120220806767101,디테일,카페,30170581,갈마1동,127.371458313521,36.3535280715845
대전광역시 서구,8006,I212,MA010120220805242435,할리스커피대전둔산,카페,30170640,둔산2동,127.377295319547,36.3510585885374
대전광역시 서구,8006,I212,MA010120220806236453,컨트란스,카페,30170581,갈마1동,127.373279312165,36.3522517404186
대전광역시 서구,8006,I212,MA010120220810181414,아임일리터,카페,30170593,도안동,127.344321943578,36.3186977044224
대전광역시 서구,8006,I212,MA010120220810040680,칠로파이,카페,30170555,탄방동,127.396028280392,36.3456179593634
대전광역시 서구,8006,I212,MA010120220814023980,커피숍&갤러리음식점,카페,30170588,월평3동,127.365674003403,36.3601965802215
대전광역시 서구,8006,I212,MA010120220808046053,작은다방,카페,30170581,갈마1동,127.371432203391,36.3574122147333
대전광역시 서구,8006,I212,MA010120220810348175,투썸플레이스관저,카페,30170597,관저2동,127.33897067929,36.2992925174885
대전광역시 서구,8006,I212,MA010120220810023595,카페브람스,카페,30170650,만년동,127.383755181323,36.366619308878
대전광역시 서구,8006,I212,MA010120220806249971,대전장애인단체총연합회건강까페사,카페,30170630,둔산1동,127.384633569606,36.3503863476033
대전광역시 서구,8006,I212,MA0101202211A0006161,메가엠지씨커피대전,카페,30170555,탄방동,127.387971605033,36.3473205734669
대전광역시 서구,8006,I212,MA0101202212A0015488,메가엠지씨커피대전,카페,30170630,둔산1동,127.388720418704,36.3590153821647
대전광역시 서구,8006,I212,MA010120220811905693,에이치라운지,카페,30170555,탄방동,127.389837511055,36.3484319580738
대전광역시 서구,8006,I212,MA0101202211A0085063,카페엘마스,카페,30170510,복수동,127.374389367703,36.3001961810207
대전광역시 서구,8006,I212,MA0101202211A0087187,코코브라운,카페,30170588,월평3동,127.373741377892,36.3603518528753
대전광역시 서구,8006,I212,MA0101202305A0062802,브루블룸,카페,30170593,도안동,127.354950713812,36.3075550502986
대전광역시 서구,8006,I212,MA0101202306A0005223,대전서구지역자활센터씨엘로,카페,30170550,용문동,127.395455745962,36.3359322141499
대전광역시 서구,8006,I212,MA0101202305A0153487,더리터관저파워존점,카페,30170597,관저2동,127.335414998185,36.3009066525449
대전광역시 서구,8006,I212,MA0101202311A0026380,빽다방대전,카페,30170550,용문동,127.392377495908,36.3373391837431
대전광역시 서구,8006,I212,MA0101202406A0399442,콩알커피,카페,30170596,관저1동,127.335667099566,36.3051775544056
대전광역시 서구,8006,I212,MA0101202406A0000046,오르카페베이커리,카페,30170560,괴정동,127.383274400804,36.3367378998929
대전광역시 서구,8006,I212,MA0101202406A0390902,카페길우,카페,30170597,관저2동,127.339188514089,36.2956060565163
대전광역시 서구,8006,I212,MA0101202406A0014360,소솜,카페,30170593,도안동,127.346816554653,36.326278429824
대전광역시 서구,8006,I212,MA0101202406A0217418,여유,카페,30170597,관저2동,127.33556430058,36.2993742210527
대전광역시 서구,8006,I212,MA0101202406A0206801,이디야커피대전,카페,30170640,둔산2동,127.379723813064,36.3510328726446
대전광역시 서구,8006,I212,MA0101202311A0038571,향옥,카페,30170593,도안동,127.346115472828,36.3238833237306
대전광역시 서구,8006,I212,MA0101202406A0369891,곰에스프레소,카페,30170630,둔산1동,127.388287459583,36.3526004317804
대전광역시 서구,8006,I212,MA0101202406A0402867,카페하루,카페,30170596,관저1동,127.342648329748,36.3077801915028
대전광역시 서구,8006,I212,MA0101202406A0513939,디에떼갈마,카페,30170581,갈마1동,127.368237034602,36.346094332939
대전광역시 서구,8006,I212,MA0101202406A0272113,카페게이트대전,카페,30170630,둔산1동,127.388473848047,36.3519960391163
대전광역시 서구,8006,I212,MA0101202406A0137736,가드니아아뜰리에,카페,30170510,복수동,127.374851150012,36.3082873491821
대전광역시 서구,8006,I212,MA0101202406A0155085,330컵피CUPPi,카페,30170560,괴정동,127.385890793227,36.3387661399603
대전광역시 서구,8006,I212,MA0101202406A0163697,카페벧엘,카페,30170586,월평1동,127.358013980284,36.3541008020437
대전광역시 서구,8006,I212,MA010120220813835320,체인스커피,카페,30170640,둔산2동,127.378374927768,36.3554529069255
대전광역시 서구,8006,I212,MA010120220813436317,건강카페,카페,30170582,갈마2동,127.37324688185,36.3547931544087
대전광역시 서구,8006,I212,MA010120220813211619,해이커피,카페,30170597,관저2동,127.339772330757,36.2993082657285
대전광역시 서구,8006,I212,MA010120220811907888,더블유닷,카페,30170596,관저1동,127.334460595701,36.3068391124532
대전광역시 서구,8006,I212,MA010120220803355879,굿카페테리아,카페,30170597,관저2동,127.330903693045,36.2898166279367
대전광역시 서구,8006,I212,MA010120220806890338,푸라비다,카페,30170640,둔산2동,127.379723813064,36.3510328726446
대전광역시 서구,8006,I212,MA010120220813771783,그레코,카페,30170597,관저2동,127.337172958463,36.298062978548
대전광역시 서구,8006,I212,MA010120220805791931,샘,카페,30170593,도안동,127.350501060607,36.3059730856446
대전광역시 서구,8006,I212,MA010120220811502305,세인트빈,카페,30170590,가수원동,127.351883081814,36.3013279342139
대전광역시 서구,8006,I212,MA010120220806236243,카페안단테,카페,30170575,내동,127.366208154041,36.3386478370417
대전광역시 서구,8006,I212,MA010120220813260530,화이트버드,카페,30170650,만년동,127.380013351134,36.3693437977204
대전광역시 서구,8006,I212,MA010120220812485682,콘센트릭,카페,30170555,탄방동,127.394818119321,36.3442161301737
대전광역시 서구,8006,I212,MA010120220813481230,오도르,카페,30170593,도안동,127.350218911817,36.3175721207684
대전광역시 서구,8006,I212,MA010120220806226796,햇살가득한창,카페,30170510,복수동,127.37882779198,36.2994252069384
대전광역시 서구,8006,I212,MA010120220808738364,멜팅넛,카페,30170582,갈마2동,127.372848251272,36.3482969270162
대전광역시 서구,8006,I212,MA010120220809979857,씨밀레,카페,30170586,월평1동,127.365164029635,36.3559716325475
대전광역시 서구,8006,I212,MA010120220814370396,스무하루,카페,30170520,도마1동,127.372874252489,36.3233702794023
대전광역시 서구,8006,I212,MA010120220802784801,지원커피,카페,30170650,만년동,127.374594621208,36.3663509943649
대전광역시 서구,8006,I212,MA010120220812837316,브루힐,카페,30170593,도안동,127.353364145868,36.3088033816458
대전광역시 서구,8006,I212,MA010120220804539568,언니네티라미수&오빠네밀크티,카페,30170597,관저2동,127.335849965552,36.3010856682418
대전광역시 서구,8006,I212,MA010120220809200417,"빈스,삐삐통신",카페,30170590,가수원동,127.349618255946,36.302758447883
대전광역시 서구,8006,I212,MA010120220810140163,폴로스터즈,카페,30170593,도안동,127.351416911276,36.3140539988728
대전광역시 서구,8006,I212,MA010120220807993526,더벤티대전,카페,30170510,복수동,127.378804698196,36.2992540553964
대전광역시 서구,8006,I212,MA0101202310A0014626,메가엠지씨커피대전,카페,30170560,괴정동,127.377522448797,36.3404149855593
대전광역시 서구,8006,I212,MA0101202308A0076753,플러스82관저,카페,30170597,관저2동,127.336582494671,36.2979655119485
대전광역시 서구,8006,I212,MA0101202308A0069495,미크,카페,30170640,둔산2동,127.381382151859,36.3484231955638
대전광역시 서구,8006,I212,MA0101202306A0008942,더대단한커피&대단한탕후루,카페,30170630,둔산1동,127.389024053087,36.3506244638286
대전광역시 서구,8006,I212,MA0101202306A0093268,카페나인,카페,30170597,관저2동,127.327288050295,36.2983337652561
대전광역시 서구,8006,I212,MA0101202307A0095612,백억커피,카페,30170555,탄방동,127.391769410758,36.3404682604753
대전광역시 서구,8006,I212,MA0101202308A0013445,헤리턴스까페,카페,30170575,내동,127.367782245269,36.3393999920739
대전광역시 서구,8006,I212,MA0101202308A0048018,지피커피,카페,30170593,도안동,127.352888335401,36.3094626499505
대전광역시 서구,8006,I212,MA0101202306A0030451,트리플에이커피,카페,30170593,도안동,127.350576618019,36.3054411663803
대전광역시 서구,8006,I212,MA0101202406A0128595,진커피,카페,30170586,월평1동,127.361381523568,36.354748522681
대전광역시 서구,8006,I212,MA0101202310A0083947,다르코봉봉,카페,30170593,도안동,127.348981670407,36.3048150047851
대전광역시 서구,8006,I212,MA0101202310A0064960,"카페,윤",카페,30170555,탄방동,127.396878493762,36.3463270670811
대전광역시 서구,8006,I212,MA0101202310A0051784,라온RA0N,카페,30170596,관저1동,127.335477418034,36.3024835487504
대전광역시 서구,8006,I212,MA0101202305A0096927,티카페,카페,30170555,탄방동,127.385425793396,36.3461212366404
대전광역시 서구,8006,I212,MA0101202303A0053635,컴포즈커피대전,카페,30170630,둔산1동,127.388145676682,36.3509697665554
대전광역시 서구,8006,I212,MA0101202305A0001216,카퓌,카페,30170555,탄방동,127.389534093354,36.3456663397337
대전광역시 서구,8006,I212,MA0101202303A0018981,투썸플레이스가장로점,카페,30170560,괴정동,127.382572515699,36.3367041016571
대전광역시 서구,8006,I212,MA0101202303A0081223,카페stay507,카페,30170582,갈마2동,127.370982595866,36.3424901482322
대전광역시 서구,8006,I212,MA0101202305A0205223,삼마커피,카페,30170582,갈마2동,127.369108223173,36.3489393606074
대전광역시 서구,8006,I212,MA0101202305A0201412,이클립스카페&로스터리,카페,30170555,탄방동,127.393787474409,36.34527390597
대전광역시 서구,8006,I212,MA0101202309A0070403,하우스키루,카페,30170555,탄방동,127.393523332381,36.3436977190775
대전광역시 서구,8006,I212,MA0101202309A0055659,헤리턴스Cafe가람점,카페,30170660,둔산3동,127.396900237894,36.3571951560374
대전광역시 서구,8006,I212,MA0101202309A0025517,메가엠지씨커피대전내동,카페,30170575,내동,127.366208154041,36.3386478370417
대전광역시 서구,8006,I212,MA0101202309A0086150,백억커피대전,카페,30170630,둔산1동,127.387112711256,36.3515949278506
대전광역시 서구,8006,I212,MA0101202309A0007358,디저트39,카페,30170630,둔산1동,127.388145676682,36.3509697665554
대전광역시 서구,8006,I212,MA0101202309A0037066,"카페,하루",카페,30170555,탄방동,127.392657073178,36.3397804534375
대전광역시 서구,8006,I212,MA0101202309A0017445,가온,카페,30170650,만년동,127.381614977699,36.3687349072632
대전광역시 서구,8006,I212,MA010120220812698491,카페뚤레,카페,30170555,탄방동,127.383277490452,36.3464615811116
대전광역시 서구,8006,I212,MA010120220804426162,카페소소,카페,30170555,탄방동,127.38641343886,36.3430991087404
대전광역시 서구,8006,I212,MA010120220814134854,로스트관저점,카페,30170597,관저2동,127.338264010752,36.2980689086315
대전광역시 서구,8006,I212,MA010120220812419699,동방커피,카페,30170560,괴정동,127.388888174414,36.3389817182258
대전광역시 서구,8006,I212,MA010120220803190281,커피이야기,카페,30170570,가장동,127.387903449537,36.3335778573769
대전광역시 서구,8006,I212,MA010120220814132922,보통커피,카페,30170650,만년동,127.380651341679,36.3676385512032
대전광역시 서구,8006,I212,MA010120220803131961,카페우림,카페,30170597,관저2동,127.33666081136,36.2980554098701
대전광역시 서구,8006,I212,MA010120220813963399,벌크커피가,카페,30170593,도안동,127.34873317795,36.3065189650748
대전광역시 서구,8006,I212,MA010120220811659640,카페브리드,카페,30170596,관저1동,127.342648329748,36.3077801915028
대전광역시 서구,8006,I212,MA010120220809296565,카페고운,카페,30170555,탄방동,127.391375494544,36.3418843974611
대전광역시 서구,8006,I212,MA010120220806227667,엘리먼트랩,카페,30170555,탄방동,127.387976619884,36.3460859470572
대전광역시 서구,8006,I212,MA010120220808835489,에스투,카페,30170640,둔산2동,127.376886627223,36.3540968371215
대전광역시 서구,8006,I212,MA010120220812188096,브리드커피명곡의학관점,카페,30170596,관저1동,127.342648329748,36.3077801915028
대전광역시 서구,8006,I212,MA0101202307A0019955,타라,카페,30170650,만년동,127.380263844894,36.3704424305722
대전광역시 서구,8006,I212,MA0101202307A0017858,해이,카페,30170650,만년동,127.381614977699,36.3687349072632
대전광역시 서구,8006,I212,MA010120220813488983,톨드어스토리,카페,30170581,갈마1동,127.372457150506,36.3527229168256
대전광역시 서구,8006,I212,MA010120220812809699,다향인방,카페,30170630,둔산1동,127.388656529099,36.3528876077313
대전광역시 서구,8006,I212,MA010120220806488375,무인카페핑거,카페,30170593,도안동,127.350576618019,36.3054411663803
대전광역시 서구,8006,I212,MA010120220806024796,빽다방대전스타게이트점,카페,30170587,월평2동,127.378929870135,36.3619125642216
대전광역시 서구,8006,I212,MA010120220804573768,이집,카페,30170540,변동,127.379578301894,36.3279361779736
대전광역시 서구,8006,I212,MA010120220800804251,커피베이대전,카페,30170593,도안동,127.341790477957,36.3306185687668
대전광역시 서구,8006,I212,MA010120220806201165,홀리크로스,카페,30170640,둔산2동,127.376899481926,36.3521412475642
대전광역시 서구,8006,I212,MA010120220808090125,오후2시,카페,30170555,탄방동,127.391804677675,36.3408376270457
대전광역시 서구,8006,I212,MA010120220812317088,한동커피,카페,30170586,월평1동,127.357780230938,36.354146560914
대전광역시 서구,8006,I212,MA010120220807035656,블룽다방,카페,30170560,괴정동,127.382329540794,36.3348484543637
대전광역시 서구,8006,I212,MA010120220806223692,이레,카페,30170596,관저1동,127.336837737794,36.305543746995
대전광역시 서구,8006,I212,MA010120220813937833,카페토마스,카페,30170550,용문동,127.389152113778,36.3360610468295
대전광역시 서구,8006,I212,MA010120220812149378,아이엠일리터,카페,30170586,월평1동,127.362089197092,36.3559990132732
대전광역시 서구,8006,I212,MA010120220809576384,코피발리대전,카페,30170593,도안동,127.344712081368,36.32384232017
대전광역시 서구,8006,I212,MA010120220806488285,코너커피,카페,30170581,갈마1동,127.373152253525,36.3489718597038
대전광역시 서구,8006,I212,MA010120220813888072,한잔의여유,카페,30170597,관저2동,127.335872823521,36.2960299613375
대전광역시 서구,8006,I212,MA010120220806692005,이현커피,카페,30170560,괴정동,127.379898616635,36.3388574320306
대전광역시 서구,8006,I212,MA010120220804542588,허레이,카페,30170593,도안동,127.354363989884,36.3083047720237
대전광역시 서구,8006,I212,MA010120220813289773,커피베이대전갈마,카페,30170575,내동,127.366208154041,36.3386478370417
대전광역시 서구,8006,I212,MA010120220809686502,차의계절,카페,30170581,갈마1동,127.366466769125,36.3462980334931
대전광역시 서구,8006,I212,MA010120220808087365,봄커피,카페,30170550,용문동,127.387093431944,36.3364462266552
대전광역시 서구,8006,I212,MA010120220804685074,들꽃,카페,30170581,갈마1동,127.368054112504,36.3545659447593
대전광역시 서구,8006,I212,MA0101202305A0194766,카페예우,카페,30170597,관저2동,127.337184829912,36.2956477711445
대전광역시 서구,8006,I212,MA0101202306A0103558,디저트39,카페,30170587,월평2동,127.378406003054,36.3595711734789
대전광역시 서구,8006,I212,MA0101202305A0000652,블루샥대전,카페,30170640,둔산2동,127.378264762266,36.3534075897894
대전광역시 서구,8006,I212,MA0101202306A0054706,토리스타특별한커피변동,카페,30170540,변동,127.376724130614,36.3226733116465
대전광역시 서구,8006,I212,MA0101202305A0039692,카페인,카페,30170597,관저2동,127.339772330757,36.2993082657285
대전광역시 서구,8006,I212,MA0101202305A0034467,아이엠일리터,카페,30170640,둔산2동,127.375574911328,36.3500637038192
대전광역시 서구,8006,I212,MA0101202305A0013856,을지대컴포즈커피,카페,30170640,둔산2동,127.380968694624,36.3550211135187
대전광역시 서구,8006,I212,MA0101202305A0026022,카페카모,카페,30170555,탄방동,127.397133998422,36.3483808969786
대전광역시 서구,8006,I212,MA0101202307A0020380,카페늘봄,카페,30170587,월평2동,127.377262437916,36.3580968646437
대전광역시 서구,8006,I212,MA0101202305A0060727,더벤티대전,카페,30170630,둔산1동,127.387251572694,36.3526398403202
대전광역시 서구,8006,I212,MA0101202305A0034440,더테라스,카페,30170597,관저2동,127.336582494671,36.2979655119485
대전광역시 서구,8006,I212,MA0101202305A0164802,각이당,카페,30170593,도안동,127.345469041535,36.3237680403969
대전광역시 서구,8006,I212,MA0101202310A0025238,디저트봉싯,카페,30170560,괴정동,127.384442874011,36.3387888299112
대전광역시 서구,8006,I212,MA0101202308A0081957,룽지랑엄마랑,카페,30170510,복수동,127.378134633774,36.2965165803435
대전광역시 서구,8006,I212,MA0101202307A0107363,메가엠지씨커피대전가수원도서관점,카페,30170590,가수원동,127.349748235951,36.3019470029144
대전광역시 서구,8006,I212,MA0101202306A0099261,이디야커피충남고점,카페,30170555,탄방동,127.3957213319,36.3488001237615
대전광역시 서구,8006,I212,MA0101202308A0034951,매머드익스프레스대전을지,카페,30170640,둔산2동,127.380600915217,36.3549952503065
대전광역시 서구,8006,I212,MA0101202306A0068229,브론즈팁,카페,30170510,복수동,127.377423131947,36.2990331288792
대전광역시 서구,8006,I212,MA010120220814274227,달케디저트카페,카페,30170560,괴정동,127.385384952854,36.342354453805
대전광역시 서구,8006,I212,MA010120220811982426,스트리트138,카페,30170640,둔산2동,127.387194135846,36.3590383613246
대전광역시 서구,8006,I212,MA010120220811864776,좋다,카페,30170581,갈마1동,127.371460240176,36.3539335942262
대전광역시 서구,8006,I212,MA010120220807105771,"루체카페,편의점",카페,30170600,기성동,127.339770074891,36.2217068272507
대전광역시 서구,8006,I212,MA010120220806256744,푸른대추협동조합,카페,30170555,탄방동,127.385555114426,36.3452376674783
대전광역시 서구,8006,I212,MA010120220811086391,야익스,카페,30170586,월평1동,127.365049810527,36.3577563069776
대전광역시 서구,8006,I212,MA010120220812560232,프롬십삼월,카페,30170596,관저1동,127.333461301707,36.304877324847
대전광역시 서구,8006,I212,MA010120220805058934,하우스오브재즈,카페,30170555,탄방동,127.393544703938,36.3435174135877
대전광역시 서구,8006,I212,MA010120220805741898,장옥진의커피볶는집,카페,30170630,둔산1동,127.388656529099,36.3528876077313
대전광역시 서구,8006,I212,MA010120220812848950,커스텀커피,카페,30170597,관저2동,127.335924506433,36.2951015960795
대전광역시 서구,8006,I212,MA010120220812789724,커피땅거미,카페,30170581,갈마1동,127.370605011999,36.3544859663403
대전광역시 서구,8006,I212,MA010120220807106835,원두집,카페,30170597,관저2동,127.323946661459,36.295278837214
대전광역시 서구,8006,I212,MA010120220806227926,꽃다방,카페,30170555,탄방동,127.392184073192,36.3454143550596
대전광역시 서구,8006,I212,MA010120220813252842,설빙대전,카페,30170510,복수동,127.378152812618,36.2979764393541
대전광역시 서구,8006,I212,MA0101202211A0085717,진심커피대전,카페,30170640,둔산2동,127.378374927768,36.3554529069255
대전광역시 서구,8006,I212,MA0101202303A0111404,곰커피,카페,30170555,탄방동,127.382817678219,36.3458322321168
대전광역시 서구,8006,I212,MA0101202212A0094061,카페하루,카페,30170520,도마1동,127.371162819367,36.3264756619432
대전광역시 서구,8006,I212,MA0101202305A0188861,댄싱컵대전,카페,30170593,도안동,127.344554822321,36.3235363723634
대전광역시 서구,8006,I212,MA010120220813136308,빽다방,카페,30170597,관저2동,127.325954693826,36.2962827069221
대전광역시 서구,8006,I212,MA010120220806231815,카페바스바스,카페,30170593,도안동,127.341519364975,36.3297451999579
대전광역시 서구,8006,I212,MA010120220806551702,만랩커피,카페,30170597,관저2동,127.336701508331,36.2971631229131
대전광역시 서구,8006,I212,MA010120220813409657,메가엠지씨커피대전,카페,30170582,갈마2동,127.370350055035,36.3477009078211
대전광역시 서구,8006,I212,MA010120220807014579,카페언니,카페,30170586,월평1동,127.355193571187,36.3537127019971
대전광역시 서구,8006,I212,MA010120220809276864,커피채리,카페,30170587,월평2동,127.3772414165,36.3583582714394
대전광역시 서구,8006,I212,MA010120220808461062,투썸플레이스대전,카페,30170630,둔산1동,127.389492158419,36.3529029103775
대전광역시 서구,8006,I212,MA010120220814298114,라파라파,카페,30170596,관저1동,127.342648329748,36.3077801915028
대전광역시 서구,8006,I212,MA010120220814279513,카페모페트,카페,30170520,도마1동,127.380220639282,36.3180211663633
대전광역시 서구,8006,I212,MA010120220808504323,30초커피,카페,30170586,월평1동,127.361602577524,36.3567754970708
대전광역시 서구,8006,I212,MA010120220812140114,오아이커피,카페,30170640,둔산2동,127.381830747699,36.3467545886493
대전광역시 서구,8006,I212,MA010120220810799497,메가엠지씨커피대전,카페,30170535,정림동,127.365529789057,36.3054955133228
대전광역시 서구,8006,I212,MA010120220803063332,바이윤엔코지,카페,30170560,괴정동,127.38390238721,36.3376010140952
대전광역시 서구,8006,I212,MA010120220809807708,공생가사회적협동조합,카페,30170597,관저2동,127.340169694537,36.2959547309921
대전광역시 서구,8006,I212,MA010120220806172028,엄지다방,카페,30170520,도마1동,127.3833353948,36.3150823836679
대전광역시 서구,8006,I212,MA010120220806884270,더치커피1501,카페,30170593,도안동,127.352195358197,36.3064006739888
대전광역시 서구,8006,I212,MA010120220806216251,가든그로브,카페,30170555,탄방동,127.389947423008,36.3458992973082
대전광역시 서구,8006,I212,MA010120220808276842,투썸플레이스둔산대로점,카페,30170640,둔산2동,127.37898339658,36.354567827786
대전광역시 서구,8006,I212,MA010120220808189777,이디야커피관저제일,카페,30170597,관저2동,127.339467952941,36.2984349819041
대전광역시 서구,8006,I212,MA010120220805494135,커피심포니,카페,30170640,둔산2동,127.378582792753,36.3500632240457
대전광역시 서구,8006,I212,MA010120220813329585,카페담다,카페,30170586,월평1동,127.361251794732,36.3507837441243
대전광역시 서구,8006,I212,MA010120220805399161,카페가수원길,카페,30170593,도안동,127.348956901469,36.3067526197199
대전광역시 서구,8006,I212,MA010120220803578903,카폐비아이비,카페,30170520,도마1동,127.370538008507,36.3238822048116
대전광역시 서구,8006,I212,MA010120220809953371,코지커피,카페,30170640,둔산2동,127.373674296185,36.3509798491736
대전광역시 서구,8006,I212,MA0101202303A0044005,우애,카페,30170593,도안동,127.354262803496,36.3080887882048
대전광역시 서구,8006,I212,MA0101202303A0082554,커피파는집,카페,30170555,탄방동,127.388568807498,36.3464444931156
대전광역시 서구,8006,I212,MA0101202212A0026424,커피인터뷰,카페,30170586,월평1동,127.352906068987,36.3529084219269
대전광역시 서구,8006,I212,MA0101202303A0096218,카페이수페둔산법원,카페,30170630,둔산1동,127.387119046822,36.3528745750752
대전광역시 서구,8006,I212,MA0101202211A0033641,재이드,카페,30170560,괴정동,127.382882710221,36.3363606610536
대전광역시 서구,8006,I212,MA0101202211A0069574,라고디꼬모컨텐츠뱅크,카페,30170560,괴정동,127.382018635749,36.3396076625185
대전광역시 서구,8006,I212,MA0101202302A0008478,우디,카페,30170593,도안동,127.350231709217,36.3154543079953
대전광역시 서구,8006,I212,MA0101202211A0083301,더치앤빈대전,카페,30170630,둔산1동,127.387906134638,36.3520880008401
대전광역시 서구,8006,I212,MA0101202212A0040135,저글커피바,카페,30170593,도안동,127.345825407471,36.3237670098963
대전광역시 서구,8006,I212,MA0101202301A0060125,연결의공간이음,카페,30170630,둔산1동,127.385984625819,36.3532657498267
대전광역시 서구,8006,I212,MA0101202210A0036351,스윗미,카페,30170550,용문동,127.396071359256,36.3343260809747
대전광역시 서구,8006,I212,MA0101202301A0091261,슬로워크SLOWALK,카페,30170640,둔산2동,127.3769034784,36.3529703157237
대전광역시 서구,8006,I212,MA0101202212A0036093,아이갓에브리씽대전둔산우체국점,카페,30170630,둔산1동,127.386289126983,36.3517598045
대전광역시 서구,8006,I212,MA0101202305A0061711,카페일분대전,카페,30170650,만년동,127.378331403264,36.3671773104377
대전광역시 서구,8006,I212,MA0101202211A0021299,시월에,카페,30170593,도안동,127.348680738583,36.3047437882012
대전광역시 서구,8006,I212,MA0101202210A0042026,커피마루,카페,30170582,갈마2동,127.370176729971,36.3463857282172
대전광역시 서구,8006,I212,MA0101202302A0034421,소실점,카페,30170555,탄방동,127.390617820265,36.3463026367327
대전광역시 서구,8006,I212,MA0101202302A0007786,안락,카페,30170593,도안동,127.34308864572,36.3218734062443
대전광역시 서구,8006,I212,MA0101202302A0060230,프랭크커핀바대전,카페,30170640,둔산2동,127.377280422551,36.3548976396629
대전광역시 서구,8006,I212,MA0101202303A0082725,메가엠지씨커피갈마네,카페,30170582,갈마2동,127.368384106665,36.3513026745478
대전광역시 서구,8006,I212,MA0101202210A0023396,뉴타운,카페,30170593,도안동,127.35004435194,36.3084166279659
대전광역시 서구,8006,I212,MA0101202301A0095378,블루샥도안호수공원,카페,30170593,도안동,127.355201893987,36.3064728855733
대전광역시 서구,8006,I212,MA0101202303A0012129,카페별,카페,30170555,탄방동,127.399805300863,36.3457495707315
대전광역시 서구,8006,I212,MA0101202303A0082335,아이키친대전,카페,30170593,도안동,127.347262586092,36.3264032999482
대전광역시 서구,8006,I212,MA0101202302A0097512,눕시,카페,30170581,갈마1동,127.374470885122,36.3451737853308
대전광역시 서구,8006,I212,MA0101202301A0038489,시공간,카페,30170581,갈마1동,127.369922994058,36.3539744101043
대전광역시 서구,8006,I212,MA0101202301A0082089,메가엠지씨커피대전,카페,30170640,둔산2동,127.376830620539,36.3494109044474
대전광역시 서구,8006,I212,MA0101202301A0066678,빽다방대전,카페,30170510,복수동,127.378344036024,36.3006883943563
대전광역시 서구,8006,I212,MA0101202302A0044684,빙고,카페,30170630,둔산1동,127.388772622554,36.3515895389145
대전광역시 서구,8006,I212,MA0101202212A0073511,카페산들,카페,30170560,괴정동,127.386144284013,36.3359626615338
대전광역시 서구,8006,I212,MA0101202210A0017957,원더카페,카페,30170630,둔산1동,127.387952894325,36.3502854998335
대전광역시 서구,8006,I212,MA0101202209A0011115,엑스트라커피,카페,30170630,둔산1동,127.388145676682,36.3509697665554
대전광역시 서구,8006,I212,MA0101202301A0040132,쏘르카페,카페,30170590,가수원동,127.353597193349,36.3012327587244
대전광역시 서구,8006,I212,MA0101202302A0042163,빽다방대전탄방,카페,30170555,탄방동,127.388853167599,36.3476241076673
대전광역시 서구,8006,I212,MA0101202211A0049808,빽다방대전둔산초점,카페,30170640,둔산2동,127.38218805645,36.3492046431693
대전광역시 서구,8006,I212,MA0101202302A0111693,소소커피,카페,30170587,월평2동,127.378425957354,36.361391480761
대전광역시 서구,8006,I212,MA0101202301A0033796,042커피가,카페,30170593,도안동,127.35129241621,36.3061600113067
대전광역시 서구,8006,I212,MA0101202302A0068542,커피폴인,카페,30170582,갈마2동,127.371707098861,36.3472731418534
대전광역시 서구,8006,I212,MA0101202301A0061209,상수리다방,카페,30170535,정림동,127.365510801732,36.3061984934293
대전광역시 서구,8006,I212,MA0101202301A0092342,포크커피&브런치,카페,30170630,둔산1동,127.393395799872,36.3559901609077
대전광역시 서구,8006,I212,MA0101202301A0067601,79파운야드대전,카페,30170630,둔산1동,127.389491851903,36.350604916484
대전광역시 서구,8006,I212,MA0101202302A0067219,베이크베이크,카페,30170581,갈마1동,127.371361845909,36.3566734705451
대전광역시 서구,8006,I212,MA0101202301A0067489,카페드크래프트,카페,30170597,관저2동,127.323912817173,36.2951707867146
대전광역시 서구,8006,I212,MA0101202302A0060436,무인카페메일빈24,카페,30170597,관저2동,127.345235635723,36.2986167275238
대전광역시 서구,8006,I212,MA010120220808840422,카페앞방뒷방,카페,30170660,둔산3동,127.398137442869,36.3551093291822
대전광역시 서구,8006,I212,MA010120220813400165,위드보나WithBona,카페,30170540,변동,127.371585577484,36.328727295085
대전광역시 서구,8006,I212,MA010120220811888251,허니빈스,카페,30170555,탄방동,127.387982090049,36.3426975089523
대전광역시 서구,8006,I212,MA010120220813431186,카페봄봄,카페,30170575,내동,127.375300255,36.3322933660348
대전광역시 서구,8006,I212,MA010120220814172058,베이프레소,카페,30170586,월평1동,127.358013980284,36.3541008020437
대전광역시 서구,8006,I212,MA010120220809909305,싱크오어스윔,카페,30170535,정림동,127.365423790687,36.3066403386153
대전광역시 서구,8006,I212,MA010120220806846970,댕라운지,카페,30170587,월평2동,127.378425957354,36.361391480761
대전광역시 서구,8006,I212,MA010120220805828976,우주산업,카페,30170650,만년동,127.383755181323,36.366619308878
대전광역시 서구,8006,I212,MA010120220804783459,세그먼트,카페,30170582,갈마2동,127.369640301106,36.3530921336057
대전광역시 서구,8006,I212,MA0101202303A0066480,마가렛뜨,카페,30170593,도안동,127.351235678249,36.3133696336625
대전광역시 서구,8006,I212,MA0101202212A0100560,티티엠,카페,30170582,갈마2동,127.370716750135,36.352205647445
대전광역시 서구,8006,I212,MA0101202303A0047875,포트캔커피,카페,30170630,둔산1동,127.387251572694,36.3526398403202
대전광역시 서구,8006,I212,MA0101202301A0083690,수휴게커피숍,카페,30170520,도마1동,127.37921791829,36.3156182008263
대전광역시 서구,8006,I212,MA0101202302A0087367,투썸플레이스도마네,카페,30170520,도마1동,127.380109591108,36.3134975950199
대전광역시 서구,8006,I212,MA0101202303A0036259,원정,카페,30170593,도안동,127.350576618019,36.3054411663803
대전광역시 서구,8006,I212,MA0101202302A0075758,30초커피,카페,30170586,월평1동,127.357770203604,36.3543899082049
대전광역시 서구,8006,I212,MA0101202211A0049956,빽다방,카페,30170640,둔산2동,127.398937442955,36.3590538002474
대전광역시 서구,8006,I212,MA010120220807327800,봉슈,카페,30170555,탄방동,127.39050964447,36.3447169216214
대전광역시 서구,8006,I212,MA010120220804810996,이디야,카페,30170555,탄방동,127.38409413486,36.3471618758955
대전광역시 서구,8006,I212,MA010120220812788564,셀렉토커피,카페,30170660,둔산3동,127.398666225388,36.3495653455218
대전광역시 서구,8006,I212,MA010120220807789790,굿데이메이트,카페,30170582,갈마2동,127.370073701538,36.3458002829679
대전광역시 서구,8006,I212,MA010120220802860804,삼요소,카페,30170581,갈마1동,127.373139390922,36.3509454736697
대전광역시 서구,8006,I212,MA010120220810538669,틸로소피,카페,30170555,탄방동,127.388510998151,36.3437772015975
대전광역시 서구,8006,I212,MA010120220806237910,나린가비일교네커피공방,카페,30170586,월평1동,127.361606204023,36.3575595079246
대전광역시 서구,8006,I212,MA010120220808790768,마음사랑3층카페,카페,30170630,둔산1동,127.388624707643,36.350968209608
대전광역시 서구,8006,I212,MA010120220806201490,기쁜날의축제,카페,30170660,둔산3동,127.398137442869,36.3551093291822
대전광역시 서구,8006,I212,MA010120220813667277,커피공간,카페,30170586,월평1동,127.365800795268,36.3563391664353
대전광역시 서구,8006,I212,MA010120220812610322,썬하우스,카페,30170555,탄방동,127.390685938582,36.3443288399319
대전광역시 서구,8006,I212,MA010120220814008154,카페로즈인,카페,30170640,둔산2동,127.378374927768,36.3554529069255
대전광역시 서구,8006,I212,MA010120220813366977,디제이이종환커피&스튜디오,카페,30170640,둔산2동,127.381350448306,36.3533437114622
대전광역시 서구,8006,I212,MA010120220800108593,카페오름,카페,30170587,월평2동,127.369533021028,36.3633928855527
대전광역시 서구,8006,I212,MA010120220806233989,소반갤러리,카페,30170588,월평3동,127.373741377892,36.3603518528753
대전광역시 서구,8006,I212,MA010120220805442114,카페나무,카페,30170555,탄방동,127.395709553545,36.3486739983043
대전광역시 서구,8006,I212,MA010120220808688945,모카윤스,카페,30170597,관저2동,127.335650173456,36.2960305865709
대전광역시 서구,8006,I212,MA010120220812508621,카페슬로비,카페,30170555,탄방동,127.383018940046,36.3459847870628
대전광역시 서구,8006,I212,MA010120220812512124,인트라던,카페,30170586,월평1동,127.358639453308,36.3568745449635
대전광역시 서구,8006,I212,MA010120220803539091,앨리,카페,30170530,도마2동,127.376486577477,36.3126439266014
대전광역시 서구,8006,I212,MA010120220806232728,빈,카페,30170560,괴정동,127.385749947428,36.3395686417227
대전광역시 서구,8006,I212,MA010120220812406081,라니샌드&커피,카페,30170650,만년동,127.376485757638,36.365705217459
대전광역시 서구,8006,I212,MA010120220806497056,커피조코,카페,30170640,둔산2동,127.382572298718,36.3526008426937
대전광역시 서구,8006,I212,MA010120220811050623,파사드하우스,카페,30170555,탄방동,127.392136015708,36.3424947039638
대전광역시 서구,8006,I212,MA010120220807023795,맥시멈커피구,카페,30170597,관저2동,127.345565169569,36.2976064496135
대전광역시 서구,8006,I212,MA010120220808745581,와이몽드,카페,30170593,도안동,127.351745702541,36.3104032465256
대전광역시 서구,8006,I212,MA010120220813912925,리셉션,카페,30170640,둔산2동,127.380162446096,36.3518875940542
대전광역시 서구,8006,I212,MA010120220808494200,저스트커피,카페,30170587,월평2동,127.376895000227,36.3627661032492
대전광역시 서구,8006,I212,MA010120220813932729,몇몇,카페,30170650,만년동,127.375484935897,36.3661229064521
대전광역시 서구,8006,I212,MA010120220806229247,커피랩,카페,30170587,월평2동,127.377255297706,36.3589259671179
대전광역시 서구,8006,I212,MA010120220803530450,쉴만한물가,카페,30170590,가수원동,127.355228061468,36.304877714879
대전광역시 서구,8006,I212,MA010120220806226441,노란상자,카페,30170582,갈마2동,127.376921455304,36.3474550674291
대전광역시 서구,8006,I212,MA010120220811859046,메가엠지씨커피대전,카페,30170520,도마1동,127.37046696731,36.322990257482
대전광역시 서구,8006,I212,MA010120220807441722,홍삼찻집,카페,30170597,관저2동,127.335197799123,36.2995825214235
대전광역시 서구,8006,I212,MA010120220811711578,텐에이엠피엠,카페,30170597,관저2동,127.337012750675,36.2996405022365
대전광역시 서구,8006,I212,MA010120220810127992,프루페,카페,30170560,괴정동,127.383710427323,36.3370699362347
대전광역시 서구,8006,I212,MA010120220809712781,피그먼트,카페,30170640,둔산2동,127.374620571918,36.3508417100773
대전광역시 서구,8006,I212,MA010120220809650539,어울림카페,카페,30170588,월평3동,127.366302493825,36.3611679228636
대전광역시 서구,8006,I212,MA010120220805781877,로스트,카페,30170555,탄방동,127.38249585497,36.3438056172216
대전광역시 서구,8006,I212,MA010120220802898958,레인드랍,카페,30170593,도안동,127.337450405456,36.3288645894933
대전광역시 서구,8006,I212,MA010120220812437526,더달콤,카페,30170560,괴정동,127.378831978705,36.3394105356519
대전광역시 서구,8006,I212,MA010120220805493936,카페에그마마,카페,30170581,갈마1동,127.364091407892,36.3529199229584
대전광역시 서구,8006,I212,MA010120220811080930,페르마타,카페,30170597,관저2동,127.338900863715,36.2960214170031
대전광역시 서구,8006,I212,MA010120220806236972,행복한커피,카페,30170581,갈마1동,127.366120096503,36.3412525082843
대전광역시 서구,8006,I212,MA010120220812485695,카페러빈,카페,30170596,관저1동,127.333717455047,36.3048946337805
대전광역시 서구,8006,I212,MA010120220812243996,드롭탑,카페,30170586,월평1동,127.361095885699,36.3532083769368
대전광역시 서구,8006,I212,MA010120220812151140,푸른숲카페,카페,30170535,정림동,127.369503628924,36.3076461340821
대전광역시 서구,8006,I212,MA010120220804470475,당케당케,카페,30170581,갈마1동,127.36613575188,36.3398376126176
대전광역시 서구,8006,I212,MA010120220811897827,죠나스커피,카페,30170640,둔산2동,127.377815051681,36.3548689151965
대전광역시 서구,8006,I212,MA010120220809274006,바리스타케이,카페,30170540,변동,127.376501453246,36.3249990552634
대전광역시 서구,8006,I212,MA010120220809624548,탬스,카페,30170640,둔산2동,127.382589435076,36.3469954794433
대전광역시 서구,8006,I212,MA010120220809740023,카페옐로우베어,카페,30170596,관저1동,127.333718606114,36.302551553824
대전광역시 서구,8006,I212,MA010120220806415644,투썸플레이스,카페,30170587,월평2동,127.377859503538,36.3594557504063
대전광역시 서구,8006,I212,MA010120220812152570,이브릭스,카페,30170581,갈마1동,127.370696927217,36.3574235098501
대전광역시 서구,8006,I212,MA010120220811694274,지.딜라이트,카페,30170586,월평1동,127.365628270484,36.3575652916953
대전광역시 서구,8006,I212,MA010120220806232631,이디야커피건양대,카페,30170596,관저1동,127.341151052055,36.306567876928
대전광역시 서구,8006,I212,MA010120220804841182,73스트릿커피,카페,30170560,괴정동,127.382345180199,36.3403275594377
대전광역시 서구,8006,I212,MA010120220806254217,델리빈푸드시스템주,카페,30170530,도마2동,127.366080361578,36.3232380791324
대전광역시 서구,8006,I212,MA010120220803587037,이디야대전한가람네,카페,30170555,탄방동,127.389905515641,36.3464311274728
대전광역시 서구,8006,I212,MA010120220805806537,노르웨이숲,카페,30170650,만년동,127.374352897266,36.3670636784277
대전광역시 서구,8006,I212,MA010120220813383141,몽뜨,카페,30170593,도안동,127.347386570993,36.326736376101
대전광역시 서구,8006,I212,MA010120220808373963,커피땅거미,카페,30170650,만년동,127.375628358126,36.3658250686128
대전광역시 서구,8006,I212,MA0101202210A0069601,유캔두잇대전탄방,카페,30170555,탄방동,127.389180203909,36.34394624751
대전광역시 서구,8006,I212,MA010120220813429215,임프레션커피컴퍼니,카페,30170555,탄방동,127.391016783839,36.3436608879334
대전광역시 서구,8006,I212,MA010120220800372322,공차,카페,30170597,관저2동,127.336654925373,36.296685626402
대전광역시 서구,8006,I212,MA010120220812607385,카페바이빌리CafebyBilly,카페,30170586,월평1동,127.359662198773,36.3563848365448
대전광역시 서구,8006,I212,MA010120220813040422,다온에이치앤에스,카페,30170640,둔산2동,127.37727102118,36.3552581390879
대전광역시 서구,8006,I212,MA010120220808419057,프라비제,카페,30170640,둔산2동,127.374311362539,36.3514104193253
대전광역시 서구,8006,I212,MA010120220803604189,진우,카페,30170596,관저1동,127.333904500857,36.3043714252622
대전광역시 서구,8006,I212,MA010120220813992237,하트고잉71,카페,30170581,갈마1동,127.366792330531,36.3492078324376
대전광역시 서구,8006,I212,MA010120220800112455,허니빈스,카페,30170555,탄방동,127.385769697555,36.3458317508168
대전광역시 서구,8006,I212,MA010120220809204779,서로,카페,30170555,탄방동,127.381418248868,36.3444038375008
대전광역시 서구,8006,I212,MA010120220806224152,굿모닝밥,카페,30170510,복수동,127.375089973548,36.307006922301
대전광역시 서구,8006,I212,MA010120220812101274,빈이어,카페,30170581,갈마1동,127.372538717872,36.351136594602
대전광역시 서구,8006,I212,MA010120220813416811,그리고빚다,카페,30170630,둔산1동,127.387087811359,36.3533162516917
대전광역시 서구,8006,I212,MA010120220806236096,정커피,카페,30170530,도마2동,127.380575287211,36.3130905821155
대전광역시 서구,8006,I212,MA010120220806229118,투썸플레이스대전,카페,30170650,만년동,127.380547634961,36.3669359670904
대전광역시 서구,8006,I212,MA010120220803399776,울엄마푸드,카페,30170510,복수동,127.374633189937,36.3046202226668
대전광역시 서구,8006,I212,MA010120220807155766,빛과꿈터장애인기업,카페,30170630,둔산1동,127.391466562764,36.3556270157291
대전광역시 서구,8006,I212,MA010120220806556395,그라티아,카페,30170597,관저2동,127.33918937236,36.2958043146534
대전광역시 서구,8006,I212,MA010120220810485635,공차대전가,카페,30170593,도안동,127.350512194506,36.3059730530024
대전광역시 서구,8006,I212,MA010120220806620158,빽다방대전정부,카페,30170630,둔산1동,127.388720418704,36.3590153821647
대전광역시 서구,8006,I212,MA010120220812923191,인센스카페,카페,30170581,갈마1동,127.3752280372,36.3474243496952
대전광역시 서구,8006,I212,MA0101202209A0017743,블루포트중앙도서관,카페,30170593,도안동,127.337450405456,36.3288645894933
대전광역시 서구,8006,I212,MA010120220811939013,빽다방대전,카페,30170650,만년동,127.382550751908,36.3686868559849
대전광역시 서구,8006,I212,MA010120220812883450,슬리피타운,카페,30170640,둔산2동,127.378807254443,36.3504049592226
대전광역시 서구,8006,I212,MA010120220809916654,프락커피룸,카페,30170582,갈마2동,127.373359524721,36.3480520133158
대전광역시 서구,8006,I212,MA010120220808484415,빽다방대전,카페,30170630,둔산1동,127.387251198212,36.3503148111148
대전광역시 서구,8006,I212,MA010120220813775599,나우커피대전서구가,카페,30170593,도안동,127.348461243727,36.3079616498555
대전광역시 서구,8006,I212,MA010120220813938091,아임일리터,카페,30170582,갈마2동,127.372688771066,36.3475584605337
대전광역시 서구,8006,I212,MA010120220801137839,디에떼내동도솔산점,카페,30170575,내동,127.367862152688,36.3350740949676
대전광역시 서구,8006,I212,MA010120220806456551,커피기업대전,카페,30170640,둔산2동,127.377809782405,36.3537785107725
대전광역시 서구,8006,I212,MA010120220804925106,대전둔산빽다방,카페,30170640,둔산2동,127.376356239328,36.3503766568675
대전광역시 서구,8006,I212,MA010120220809533464,빽다방대전,카페,30170640,둔산2동,127.37538455539,36.3521820632166
대전광역시 서구,8006,I212,MA010120220806858197,노보커피로스터스,카페,30170581,갈마1동,127.36872664021,36.3554289990062
대전광역시 서구,8006,I212,MA010120220813461767,제피,카페,30170581,갈마1동,127.369734496978,36.3541642401991
대전광역시 서구,8006,I212,MA010120220806674123,"그레,이커피",카페,30170582,갈마2동,127.37430042941,36.3444714020714
대전광역시 서구,8006,I212,MA010120220812460498,페르소나,카페,30170597,관저2동,127.345301122141,36.2983191477529
대전광역시 서구,8006,I212,MA010120220808185014,빽다방대전,카페,30170535,정림동,127.365420469069,36.305928414941
대전광역시 서구,8006,I212,MA010120220808226987,리풀,카페,30170555,탄방동,127.399720047282,36.3443259991947
대전광역시 서구,8006,I212,MA0101202210A0072901,체인스커피,카페,30170586,월평1동,127.358941215586,36.3570809090188
대전광역시 서구,8006,I212,MA010120220811929851,자매샵,카페,30170582,갈마2동,127.374923641332,36.3489933504027
대전광역시 서구,8006,I212,MA0101202210A0047554,씨씨카페,카페,30170593,도안동,127.353981108605,36.3073506532199
대전광역시 서구,8006,I212,MA010120220809199915,카페리코,카페,30170582,갈마2동,127.374835460441,36.3422167846095
대전광역시 서구,8006,I212,MA0101202210A0009530,소희네카페,카페,30170555,탄방동,127.394924324853,36.3431884391711
대전광역시 서구,8006,I212,MA010120220812083827,언제나여기,카페,30170520,도마1동,127.373782374647,36.3269721589445
대전광역시 서구,8006,I212,MA0101202209A0009060,대전혜광학교학교기업카페뜰,카페,30170630,둔산1동,127.383741166024,36.35241685981
대전광역시 서구,8006,I212,MA010120220806944253,랭스커피&워크대전,카페,30170640,둔산2동,127.37684482213,36.3523577019055
대전광역시 서구,8006,I212,MA010120220813341530,1983더그레이,카페,30170560,괴정동,127.38643585927,36.340873131437
대전광역시 서구,8006,I212,MA010120220806238455,다향인방,카페,30170630,둔산1동,127.388656529099,36.3528876077313
대전광역시 서구,8006,I212,MA010120220808357165,스페셜띵,카페,30170575,내동,127.376421130756,36.33608379853
대전광역시 서구,8006,I212,MA010120220811759341,리리컬,카페,30170581,갈마1동,127.370207784414,36.3552982548289
대전광역시 서구,8006,I212,MA010120220803381825,빽다방대전갑천,카페,30170650,만년동,127.374344042618,36.3675413276518
대전광역시 서구,8006,I212,MA010120220805277855,카페달링,카페,30170575,내동,127.378931979826,36.3347601452524
대전광역시 서구,8006,I212,MA010120220808748587,안물안연가,카페,30170600,기성동,127.339160701271,36.2685975770338
대전광역시 서구,8006,I212,MA010120220803067139,엔제리너스커피둔산한방,카페,30170640,둔산2동,127.379533702521,36.3462932948054
대전광역시 서구,8006,I212,MA010120220809854558,카페보타니,카페,30170540,변동,127.378673016199,36.3226761653407
대전광역시 서구,8006,I212,MA010120220805934927,설빙,카페,30170597,관저2동,127.337163842388,36.2985316199787
대전광역시 서구,8006,I212,MA010120220805686104,흑석동커피,카페,30170600,기성동,127.342200766803,36.235866676921
대전광역시 서구,8006,I212,MA010120220812983548,윤달,카페,30170596,관저1동,127.334392944977,36.3066410414573
대전광역시 서구,8006,I212,MA010120220803237177,빽다방대전,카페,30170560,괴정동,127.388138578081,36.3405612136039
대전광역시 서구,8006,I212,MA010120220809675205,삼월유길,카페,30170550,용문동,127.387473335406,36.3366883133284
대전광역시 서구,8006,I212,MA010120220808565654,아임일리터,카페,30170597,관저2동,127.341022321729,36.3000166421611
대전광역시 서구,8006,I212,MA010120220804966476,파운드커피대전을지대학교,카페,30170640,둔산2동,127.381983876087,36.3552972365294
대전광역시 서구,8006,I212,MA010120220804839825,디망쉬,카페,30170597,관저2동,127.339822061699,36.3005066988035
대전광역시 서구,8006,I212,MA010120220809303039,로드카페관저,카페,30170596,관저1동,127.332737607067,36.304879341166
대전광역시 서구,8006,I212,MA0101202209A0081011,메가엠지씨커피대전한민,카페,30170575,내동,127.382596092011,36.3324144223601
대전광역시 서구,8006,I212,MA0101202209A0048792,카페317,카페,30170586,월평1동,127.355915582675,36.353241942499
대전광역시 서구,8006,I212,MA010120220813661395,지오엠GOM,카페,30170555,탄방동,127.388986220325,36.3430186680811
대전광역시 서구,8006,I212,MA010120220800142899,디어부쉬,카페,30170593,도안동,127.341516447609,36.3316286725817
대전광역시 서구,8006,I212,MA010120220808611516,동후,카페,30170530,도마2동,127.374064110794,36.3160129347671
대전광역시 서구,8006,I212,MA010120220808275452,투데이엣,카페,30170593,도안동,127.354432671329,36.3087191121675
대전광역시 서구,8006,I212,MA010120220807369023,에이스다방,카페,30170520,도마1동,127.377679368856,36.3221566250748
대전광역시 서구,8006,I212,MA010120220810487891,이디야대전둔산,카페,30170640,둔산2동,127.382589361398,36.3492574295142
대전광역시 서구,8006,I212,MA010120220812257918,아임일리터건양대,카페,30170596,관저1동,127.341154270908,36.3073068375332
대전광역시 서구,8006,I212,MA010120220806230704,카페스프링스,카페,30170650,만년동,127.379994288908,36.3654237583398
대전광역시 서구,8006,I212,MA010120220802926442,여행,카페,30170540,변동,127.38234625832,36.3245929951291
대전광역시 서구,8006,I212,MA010120220800536685,탄방동할리스,카페,30170555,탄방동,127.386248042885,36.3434420902439
대전광역시 서구,8006,I212,MA010120220806671861,카운트커피,카페,30170593,도안동,127.351399186679,36.3051413612234
대전광역시 서구,8006,I212,MA010120220800686109,심심푸리가,카페,30170593,도안동,127.350166721306,36.3059019707668
대전광역시 서구,8006,I212,MA010120220807774331,로라네방앗간,카페,30170593,도안동,127.351837653491,36.3110428150183
대전광역시 서구,8006,I212,MA010120220805790308,리버스,카페,30170597,관저2동,127.32301354517,36.2957680015104
대전광역시 서구,8006,I212,MA010120220806568571,이디야대전월평,카페,30170586,월평1동,127.363238437227,36.3563650067942
대전광역시 서구,8006,I212,MA010120220813994942,세븐틴커피카페,카페,30170520,도마1동,127.382156111681,36.3198624127081
대전광역시 서구,8006,I212,MA010120220806231709,커피러브스토리,카페,30170597,관저2동,127.33213101012,36.3009879150291
대전광역시 서구,8006,I212,MA010120220814195571,빽다방대전,카페,30170640,둔산2동,127.377272638628,36.3532845618812
대전광역시 서구,8006,I212,MA010120220808718076,보름달이달보드레하다,카페,30170593,도안동,127.346816554653,36.326278429824
대전광역시 서구,8006,I212,MA010120220805512153,모던스위트,카페,30170530,도마2동,127.371055926114,36.3180229302511
대전광역시 서구,8006,I212,MA010120220808016286,홍익커피바,카페,30170555,탄방동,127.394100315821,36.3410373493035
대전광역시 서구,8006,I212,MA010120220811224349,라이커블,카페,30170555,탄방동,127.399671033754,36.3478137103441
대전광역시 서구,8006,I212,MA010120220801615748,타이밍,카페,30170593,도안동,127.352273160332,36.3113208988254
대전광역시 서구,8006,I212,MA010120220803702297,아임일리터,카페,30170650,만년동,127.381041447776,36.3653753646542
대전광역시 서구,8006,I212,MA010120220804973745,라라의공간,카페,30170590,가수원동,127.352010242015,36.2998946784292
대전광역시 서구,8006,I212,MA010120220803195577,커피에이비,카페,30170650,만년동,127.373032137996,36.3658241910503
대전광역시 서구,8006,I212,MA010120220803986245,이디야도안,카페,30170593,도안동,127.343981875683,36.3224025355119
대전광역시 서구,8006,I212,MA010120220806338092,토리스타특별한커피,카페,30170586,월평1동,127.36674879899,36.3565525423515
대전광역시 서구,8006,I212,MA010120220808699875,카페공일,카페,30170555,탄방동,127.389905515641,36.3464311274728
대전광역시 서구,8006,I212,MA010120220813781765,커피니,카페,30170535,정림동,127.366112580626,36.3063138057646
대전광역시 서구,8006,I212,MA010120220813866237,스위트온,카페,30170597,관저2동,127.338383552234,36.2973926822712
대전광역시 서구,8006,I212,MA010120220806236131,봉봉에카페,카페,30170560,괴정동,127.385908935929,36.3379279871405
대전광역시 서구,8006,I212,MA010120220801143140,쿠로가배로스터리,카페,30170540,변동,127.374879570948,36.328176302051
대전광역시 서구,8006,I212,MA010120220806221442,커피콩이야기,카페,30170660,둔산3동,127.39914146693,36.3510056380804
대전광역시 서구,8006,I212,MA010120220808211237,놀숲대전,카페,30170593,도안동,127.338592908348,36.3303663279165
대전광역시 서구,8006,I212,MA010120220804905058,삼월찻집,카페,30170540,변동,127.376147367697,36.3301098523275
대전광역시 서구,8006,I212,MA010120220806205415,하눌,카페,30170560,괴정동,127.390641156188,36.3398231068935
대전광역시 서구,8006,I212,MA010120220809725159,튼튼베리,카페,30170630,둔산1동,127.389850587461,36.3532892464577
대전광역시 서구,8006,I212,MA010120220808088069,대전사람수부씨,카페,30170540,변동,127.38392706483,36.3221998039475
대전광역시 서구,8006,I212,MA010120220812808840,19티대전,카페,30170587,월평2동,127.378107903359,36.3624378487078
대전광역시 서구,8006,I212,MA010120220808287326,카페듀플렉스,카페,30170593,도안동,127.345865148423,36.3251997709461
대전광역시 서구,8006,I212,MA010120220813914408,옥외다방,카페,30170640,둔산2동,127.374920753863,36.350714604118
대전광역시 서구,8006,I212,MA010120220808781548,유사,카페,30170593,도안동,127.346993664542,36.3260345973038
대전광역시 서구,8006,I212,MA010120220808182032,펄맨,카페,30170586,월평1동,127.359120095158,36.3572155477211
대전광역시 서구,8006,I212,MA010120220813113290,카페아에,카페,30170597,관저2동,127.323910737832,36.2973606712973
대전광역시 서구,8006,I212,MA0101202210A0077901,하삼동커피,카페,30170630,둔산1동,127.387251572694,36.3526398403202
대전광역시 서구,8006,I212,MA010120220803722160,한수커피,카페,30170570,가장동,127.386818629732,36.3326801959491
대전광역시 서구,8006,I212,MA0101202211A0046930,핑거커피,카페,30170535,정림동,127.367874238461,36.3068400953481
대전광역시 서구,8006,I212,MA010120220800686686,컴포즈커피,카페,30170597,관저2동,127.326690719675,36.2965871009364
대전광역시 서구,8006,I212,MA010120220803187672,대전로컬푸드라온아띠협동조합,카페,30170555,탄방동,127.397991993288,36.3462332463321
대전광역시 서구,8006,I212,MA010120220806194598,라임트리,카페,30170555,탄방동,127.387971605033,36.3473205734669
대전광역시 서구,8006,I212,MA010120220813304148,아닛또케이크,카페,30170550,용문동,127.392469196344,36.3356356587401
대전광역시 서구,8006,I212,MA010120220810494702,오느리,카페,30170597,관저2동,127.335579325728,36.2950845416669
대전광역시 서구,8006,I212,MA010120220807397014,펄스맥도안가,카페,30170593,도안동,127.351529949803,36.3069884009451
대전광역시 서구,8006,I212,MA010120220813075490,유녹,카페,30170555,탄방동,127.394633706965,36.342991140575
대전광역시 서구,8006,I212,MA010120220806227888,카페반고흐,카페,30170650,만년동,127.375199689039,36.3670520104383
대전광역시 서구,8006,I212,MA010120220809277669,더스톤커피프리미엄,카페,30170650,만년동,127.382004975547,36.3687336609136
대전광역시 서구,8006,I212,MA010120220805910725,엔제리너스대전,카페,30170560,괴정동,127.389542691581,36.3406828097712
대전광역시 서구,8006,I212,MA010120220811702195,인아웃,카페,30170593,도안동,127.353280677115,36.3075780206295
대전광역시 서구,8006,I212,MA010120220813345949,30초커피,카페,30170582,갈마2동,127.37235547845,36.3477487463987
대전광역시 서구,8006,I212,MA010120220812992391,아이엠일리터,카페,30170550,용문동,127.392760948916,36.3382841594843
대전광역시 서구,8006,I212,MA010120220810652914,놀숲대전,카페,30170640,둔산2동,127.376917288415,36.3512129812765
대전광역시 서구,8006,I212,MA010120220805078784,커피공간느루,카페,30170597,관저2동,127.337111482655,36.2941249759918
대전광역시 서구,8006,I212,MA010120220807756381,커피홀릭,카페,30170593,도안동,127.349924352526,36.3064794372251
대전광역시 서구,8006,I212,MA010120220805389226,커피더문,카페,30170587,월평2동,127.378994448912,36.3614437492767
대전광역시 서구,8006,I212,MA010120220809722300,온새미로,카페,30170586,월평1동,127.36078478443,36.3558047004768
대전광역시 서구,8006,I212,MA010120220807163839,서로히,카페,30170630,둔산1동,127.388653438271,36.3522658074684
대전광역시 서구,8006,I212,MA010120220805697057,히든,카페,30170596,관저1동,127.3339508122,36.3073992708958
대전광역시 서구,8006,I212,MA010120220800083485,아이엠커피컴퍼니,카페,30170586,월평1동,127.35859486936,36.3544415067255
대전광역시 서구,8006,I212,MA010120220805122028,차휴,카페,30170597,관저2동,127.336600325754,36.2995245101274
대전광역시 서구,8006,I212,MA010120220809338781,팔공티,카페,30170520,도마1동,127.378602363464,36.3172783233789
대전광역시 서구,8006,I212,MA010120220814155993,워크룸커피,카페,30170581,갈마1동,127.371683056595,36.3515898466841
대전광역시 서구,8006,I212,MA010120220800639404,플랜비,카페,30170597,관저2동,127.333689506061,36.3009475281299
대전광역시 서구,8006,I212,MA010120220809753502,그린베어그릭,카페,30170640,둔산2동,127.380598458515,36.3544906005236
대전광역시 서구,8006,I212,MA010120220814097429,소울담다,카페,30170560,괴정동,127.388551332388,36.3384421079562
대전광역시 서구,8006,I212,MA010120220814313095,무드베이지,카페,30170555,탄방동,127.395101959271,36.3430706991936
대전광역시 서구,8006,I212,MA010120220809709900,에스에스에이더블유,카페,30170630,둔산1동,127.388462252563,36.3496620344952
대전광역시 서구,8006,I212,MA010120220806232006,새로남드림카페,카페,30170650,만년동,127.381656651698,36.3658600342589
대전광역시 서구,8006,I212,MA010120220811198725,마미마망,카페,30170597,관저2동,127.33666081136,36.2980554098701
대전광역시 서구,8006,I212,MA010120220813068684,더콤포트디저트회란,카페,30170597,관저2동,127.338153236078,36.2956180007485
대전광역시 서구,8006,I212,MA010120220813682778,파고스,카페,30170540,변동,127.38035623908,36.3253022636026
대전광역시 서구,8006,I212,MA010120220812533230,빽다방대전가수원,카페,30170593,도안동,127.349504714719,36.304759405914
대전광역시 서구,8006,I212,MA010120220813840452,카페티,카페,30170650,만년동,127.380510261061,36.3684140087909
대전광역시 서구,8006,I212,MA010120220811684470,코너,카페,30170582,갈마2동,127.371359669758,36.3468326459135
대전광역시 서구,8006,I212,MA010120220806911731,파스쿠찌대전,카페,30170630,둔산1동,127.389017507542,36.34930877
대전광역시 서구,8006,I212,MA010120220809695881,카페1896,카페,30170650,만년동,127.38052302748,36.3687474018519
대전광역시 서구,8006,I212,MA010120220806795435,노아온비즈,카페,30170640,둔산2동,127.382182510002,36.3503491531552
대전광역시 서구,8006,I212,MA010120220808066320,미오커피바,카페,30170582,갈마2동,127.370067874079,36.3516309067115
대전광역시 서구,8006,I212,MA010120220813097167,하얀책상,카페,30170581,갈마1동,127.372065087976,36.3522735507757
대전광역시 서구,8006,I212,MA010120220806964448,카페아이엔지목원대창업진흥,카페,30170593,도안동,127.337450405456,36.3288645894933
대전광역시 서구,8006,I212,MA010120220806215040,롱블랙,카페,30170593,도안동,127.351004105379,36.3064222010416
대전광역시 서구,8006,I212,MA010120220802241400,델,카페,30170593,도안동,127.34469508684,36.3250409384929
대전광역시 서구,8006,I212,MA010120220811683008,더티립스커피,카페,30170587,월평2동,127.378994448912,36.3614437492767
대전광역시 서구,8006,I212,MA010120220804454135,티앤샌드위치,카페,30170520,도마1동,127.370659484925,36.323665545156
대전광역시 서구,8006,I212,MA010120220805512072,포트캔커피,카페,30170593,도안동,127.350991557925,36.3061068240081
대전광역시 서구,8006,I212,MA010120220812836275,오래된이야기,카페,30170582,갈마2동,127.377220316458,36.3470576071695
대전광역시 서구,8006,I212,MA010120220814320112,더브로스,카페,30170593,도안동,127.349852426239,36.315302217815
대전광역시 서구,8006,I212,MA010120220806465015,애플블러썸다빈치,카페,30170555,탄방동,127.385545352142,36.3455170633956
대전광역시 서구,8006,I212,MA010120220812236138,꼬마돌고래,카페,30170597,관저2동,127.338383552234,36.2973926822712
대전광역시 서구,8006,I212,MA010120220813032870,카페몽슈,카페,30170597,관저2동,127.336905743734,36.2954683209512
대전광역시 서구,8006,I212,MA0101202209A0028569,감성커피대전,카페,30170582,갈마2동,127.374510603864,36.3464893775757
대전광역시 서구,8006,I212,MA010120220803594160,메가엠지씨커피대전,카페,30170510,복수동,127.37881082003,36.298217675801
대전광역시 서구,8006,I212,MA0101202209A0061821,토리스타특별한커피,카페,30170555,탄방동,127.391429522979,36.3482284954181
대전광역시 서구,8006,I212,MA0101202209A0040767,스테이블,카페,30170593,도안동,127.345266433438,36.3258052923031
대전광역시 서구,8006,I212,MA010120220806872561,빽다방대전월평역점,카페,30170586,월평1동,127.364196525987,36.3563530786828
대전광역시 서구,8006,I212,MA0101202209A0045726,리미네비건,카페,30170593,도안동,127.353759037369,36.3074864878776
대전광역시 서구,8006,I212,MA010120220813876609,인터미션,카페,30170660,둔산3동,127.397299113631,36.3501826973059
대전광역시 서구,8006,I212,MA010120220806236340,설빙,카페,30170555,탄방동,127.388268038017,36.3464454707132
대전광역시 서구,8006,I212,MA010120220808025947,예온그린제라카페,카페,30170581,갈마1동,127.370649457014,36.3568108586214
대전광역시 서구,8006,I212,MA010120220807201750,곰도리과자점,카페,30170581,갈마1동,127.371150550253,36.3567552327367
대전광역시 서구,8006,I212,MA010120220807145260,메가엠지씨커피대전,카페,30170555,탄방동,127.387971605033,36.3473205734669
대전광역시 서구,8006,I212,MA010120220813510895,트리플디,카페,30170640,둔산2동,127.378407317814,36.348333523456
대전광역시 서구,8006,I212,MA010120220806196092,앤카페,카페,30170587,월평2동,127.378929870135,36.3619125642216
대전광역시 서구,8006,I212,MA010120220812471377,파인_네이쳐리움,카페,30170510,복수동,127.375037583168,36.3100170326365
대전광역시 서구,8006,I212,MA010120220806219613,엔제리너스커피,카페,30170582,갈마2동,127.375676268611,36.3479726584831
대전광역시 서구,8006,I212,MA010120220806212963,왕다방,카페,30170570,가장동,127.385117279103,36.3309734527337
대전광역시 서구,8006,I212,MA010120220813431493,카페바니,카페,30170586,월평1동,127.362340511765,36.3549348652449
대전광역시 서구,8006,I212,MA010120220803174045,커피학교,카페,30170586,월평1동,127.353615275484,36.3520682321145
대전광역시 서구,8006,I212,MA010120220808576705,오브제이,카페,30170570,가장동,127.384697629329,36.3339667135482
대전광역시 서구,8006,I212,MA010120220813754427,할리스대전건양대,카페,30170596,관저1동,127.342648329748,36.3077801915028
대전광역시 서구,8006,I212,MA010120220808678252,미올린둔산,카페,30170630,둔산1동,127.387871354845,36.3563056087698
대전광역시 서구,8006,I212,MA010120220805793087,달앤컴퍼니,카페,30170575,내동,127.383362336017,36.3319523664889
대전광역시 서구,8006,I212,MA010120220812598547,해피트리,카페,30170560,괴정동,127.378640282813,36.3366265065942
대전광역시 서구,8006,I212,MA010120220812726921,카페컴리,카페,30170550,용문동,127.391603085371,36.333944287101
대전광역시 서구,8006,I212,MA010120220805210101,이디야,카페,30170640,둔산2동,127.37776666297,36.3563830409352
대전광역시 서구,8006,I212,MA0101202209A0051760,카페블리스,카페,30170530,도마2동,127.376247766744,36.3116083204797
대전광역시 서구,8006,I212,MA0101202211A0064925,여기는카페,카페,30170640,둔산2동,127.381636551455,36.3594617696271
대전광역시 서구,8006,I212,MA0101202209A0054280,투썸플레이스,카페,30170586,월평1동,127.364163858428,36.3565153896663
대전광역시 서구,8006,I212,MA010120220805780929,커피광장,카페,30170640,둔산2동,127.380254139783,36.3455430287688
대전광역시 서구,8006,I212,MA010120220805765450,아이디오,카페,30170540,변동,127.383489344657,36.3237782722846
대전광역시 서구,8006,I212,MA010120220811710875,이디야커피,카페,30170555,탄방동,127.3947457314,36.3409090545591
대전광역시 서구,8006,I212,MA010120220805478221,우나,카페,30170640,둔산2동,127.387194135846,36.3590383613246
대전광역시 서구,8006,I212,MA010120220811515545,미소전통찻집,카페,30170586,월평1동,127.36305398666,36.3550318288228
대전광역시 서구,8006,I212,MA010120220805806159,카페덴,카페,30170593,도안동,127.3501590926,36.3066860218945
대전광역시 서구,8006,I212,MA010120220807391142,카페나무,카페,30170596,관저1동,127.336753097863,36.3039849386318
대전광역시 서구,8006,I212,MA010120220809886723,카페마당,카페,30170660,둔산3동,127.397140085325,36.349579439017
대전광역시 서구,8006,I212,MA010120220812461568,그린브라우니,카페,30170597,관저2동,127.326901825327,36.2964873936377
대전광역시 서구,8006,I212,MA010120220800143305,쏘크리미,카페,30170593,도안동,127.34565744561,36.3235602243169
대전광역시 서구,8006,I212,MA010120220808913947,쿠루름,카페,30170593,도안동,127.343331507011,36.3213860715156
대전광역시 서구,8006,I212,MA010120220812163289,냥다방,카페,30170640,둔산2동,127.377794679195,36.3529584896438
대전광역시 서구,8006,I212,MA010120220812149348,카페히비,카페,30170510,복수동,127.377749635499,36.2997890912416
대전광역시 서구,8006,I212,MA010120220800686585,파스쿠찌대전,카페,30170587,월평2동,127.377662270777,36.3624482698509
대전광역시 서구,8006,I212,MA010120220812681023,1004커피,카페,30170586,월평1동,127.362844066796,36.3554109598513
대전광역시 서구,8006,I212,MA010120220806965126,공차둔산,카페,30170640,둔산2동,127.377267942483,36.3523113080357
대전광역시 서구,8006,I212,MA010120220806471184,할리스대전,카페,30170650,만년동,127.381751596915,36.3693292443972
대전광역시 서구,8006,I212,MA0101202209A0081156,쥬씨대전,카페,30170630,둔산1동,127.387265774976,36.3510086683967
대전광역시 서구,8006,I212,MA010120220809702776,허니빈스,카페,30170581,갈마1동,127.376632776119,36.3476542362278
대전광역시 서구,8006,I212,MA010120220809822085,커피.27,카페,30170597,관저2동,127.337648703383,36.2947903367974
대전광역시 서구,8006,I212,MA010120220804731577,디저트39대전관저,카페,30170596,관저1동,127.333718606114,36.302551553824
대전광역시 서구,8006,I212,MA010120220812964622,이디야,카페,30170555,탄방동,127.383420058592,36.343730561509
대전광역시 서구,8006,I212,MA010120220813500534,동네커피숍,카페,30170597,관저2동,127.335637496786,36.2956701483584
대전광역시 서구,8006,I212,MA010120220805312748,아임일리터,카페,30170597,관저2동,127.326078202025,36.2965347018674
대전광역시 서구,8006,I212,MA010120220807167844,카멜로커피,카페,30170530,도마2동,127.377585766898,36.3189126744359
대전광역시 서구,8006,I212,MA010120220806238492,카페데오,카페,30170593,도안동,127.339084632318,36.3307524409562
대전광역시 서구,8006,I212,MA010120220812558507,쌀달당,카페,30170560,괴정동,127.385778236851,36.3362702438039
대전광역시 서구,8006,I212,MA010120220810434837,양말양말,카페,30170575,내동,127.367782245269,36.3393999920739
대전광역시 서구,8006,I212,MA010120220800605255,애오,카페,30170555,탄방동,127.389896214191,36.3423308090049
대전광역시 서구,8006,I212,MA010120220814013640,인터뷰카페,카페,30170600,기성동,127.339025137007,36.2217630118214
대전광역시 서구,8006,I212,MA010120220812300636,커피트리,카페,30170593,도안동,127.352224018423,36.3053462060137
대전광역시 서구,8006,I212,MA010120220812485478,더리터대전,카페,30170560,괴정동,127.388504814848,36.3402896707272
대전광역시 서구,8006,I212,MA010120220814131529,엔제리너스,카페,30170640,둔산2동,127.389110367729,36.3590141129115
대전광역시 서구,8006,I212,MA010120220802918055,펄스맥대전,카페,30170560,괴정동,127.389542691581,36.3406828097712
대전광역시 서구,8006,I212,MA010120220808590701,카페캠시티,카페,30170570,가장동,127.388827168584,36.3334306674617
대전광역시 서구,8006,I212,MA010120220809837312,원주율,카페,30170555,탄방동,127.395405995649,36.3437185400069
대전광역시 서구,8006,I212,MA010120220813175652,다시봄,카페,30170520,도마1동,127.37067394794,36.3220163419888
대전광역시 서구,8006,I212,MA010120220804993696,카르페디엠,카페,30170586,월평1동,127.360415463573,36.3578604931164
대전광역시 서구,8006,I212,MA010120220809085563,레반다빌라,카페,30170575,내동,127.372466828678,36.3360421168338
대전광역시 서구,8006,I212,MA010120220807437509,오프비트,카페,30170650,만년동,127.375606766336,36.3659693241385
대전광역시 서구,8006,I212,MA010120220813036680,제이알카페,카페,30170555,탄방동,127.389616879359,36.3443954124332
대전광역시 서구,8006,I212,MA010120220808680332,이에스커피랩,카페,30170660,둔산3동,127.396756630819,36.3508513687761
대전광역시 서구,8006,I212,MA010120220812822404,아이갓에브리띵정부대전,카페,30170640,둔산2동,127.384905791764,36.3626864947272
대전광역시 서구,8006,I212,MA010120220813499994,젤리포에,카페,30170582,갈마2동,127.372438712718,36.351190976841
대전광역시 서구,8006,I212,MA010120220804287392,감성커피,카페,30170597,관저2동,127.341004598588,36.2985027038745
대전광역시 서구,8006,I212,MA010120220808666976,화이트무스,카페,30170510,복수동,127.375320744338,36.2994002201151
대전광역시 서구,8006,I212,MA010120220813376284,티야니,카페,30170660,둔산3동,127.398450817577,36.3510169547483
대전광역시 서구,8006,I212,MA010120220807118974,디저트39대전,카페,30170560,괴정동,127.384439065217,36.3425467473212
대전광역시 서구,8006,I212,MA010120220809674593,빽다방대전,카페,30170630,둔산1동,127.389000316238,36.3525710780374
대전광역시 서구,8006,I212,MA010120220802911751,하치카페,카페,30170581,갈마1동,127.371785376631,36.3520220923865
대전광역시 서구,8006,I212,MA010120220806235762,도담도담,카페,30170535,정림동,127.362560606188,36.3062705593977
대전광역시 서구,8006,I212,MA010120220806236830,카페리조트인더씨티,카페,30170555,탄방동,127.38348905484,36.3464428788644
대전광역시 서구,8006,I212,MA010120220806598597,에이치에이치커피,카페,30170582,갈마2동,127.376921455304,36.3474550674291
대전광역시 서구,8006,I212,MA010120220811979369,숍비피,카페,30170640,둔산2동,127.374505711941,36.3524461615302
대전광역시 서구,8006,I212,MA010120220803308167,라드커피둔산,카페,30170640,둔산2동,127.377297007198,36.3537170487435
대전광역시 서구,8006,I212,MA010120220807935627,한스라움,카페,30170510,복수동,127.377831549333,36.307538998228
대전광역시 서구,8006,I212,MA010120220800236543,커피가유,카페,30170597,관저2동,127.339399549179,36.3006340646551
대전광역시 서구,8006,I212,MA010120220808388762,오롯이커피,카페,30170650,만년동,127.382006602826,36.3667871235496
대전광역시 서구,8006,I212,MA010120220806221558,카페모모,카페,30170530,도마2동,127.373287690529,36.3166551998167
대전광역시 서구,8006,I212,MA010120220806170407,라멜라,카페,30170555,탄방동,127.387971605033,36.3473205734669
대전광역시 서구,8006,I212,MA010120220805938641,오드,카페,30170560,괴정동,127.386506038768,36.3392958459303
대전광역시 서구,8006,I212,MA010120220814033298,로보티머,카페,30170582,갈마2동,127.3747807622,36.3470742948023
대전광역시 서구,8006,I212,MA010120220804797483,디에떼,카페,30170581,갈마1동,127.374439580874,36.3456154596108
대전광역시 서구,8006,I212,MA010120220803275187,힐링몽냥,카페,30170640,둔산2동,127.377809782405,36.3537785107725
대전광역시 서구,8006,I212,MA010120220806230047,나운,카페,30170582,갈마2동,127.376337364346,36.341824558602
대전광역시 서구,8006,I212,MA010120220809297659,커피를담:따,카페,30170597,관저2동,127.333967759326,36.3009287275361
대전광역시 서구,8006,I212,MA010120220806349955,카페썬샤인,카페,30170586,월평1동,127.360615634154,36.3529484864464
대전광역시 서구,8006,I212,MA010120220800758521,카페올라,카페,30170560,괴정동,127.386263957254,36.3421533572434
대전광역시 서구,8006,I212,MA010120220805698018,드롭탑대전,카페,30170660,둔산3동,127.398137442869,36.3551093291822
대전광역시 서구,8006,I212,MA010120220806353581,포엠코퍼레이션,카페,30170582,갈마2동,127.373471593968,36.3411937134199
대전광역시 서구,8006,I212,MA010120220806987550,다니스커피,카페,30170555,탄방동,127.395784260684,36.3458260380788
대전광역시 서구,8006,I212,MA010120220813856468,별빛에반하다,카페,30170597,관저2동,127.337625157308,36.2944930123615
대전광역시 서구,8006,I212,MA010120220807756956,겟베러,카페,30170640,둔산2동,127.380254139783,36.3455430287688
대전광역시 서구,8006,I212,MA010120220800097841,달리는커피,카페,30170596,관저1동,127.336821477053,36.3069406262985
대전광역시 서구,8006,I212,MA010120220806417979,이디야커피대전관저,카페,30170597,관저2동,127.326213519033,36.2969488776831
대전광역시 서구,8006,I212,MA010120220806952817,세컨드모닝,카페,30170596,관저1동,127.341154270908,36.3073068375332
대전광역시 서구,8006,I212,MA010120220800567212,커피광장,카페,30170640,둔산2동,127.380835806905,36.3460368231081
대전광역시 서구,8006,I212,MA010120220812967602,커피무스,카페,30170510,복수동,127.375037583168,36.3100170326365
대전광역시 서구,8006,I212,MA010120220814298843,와이낫커피앤비,카페,30170630,둔산1동,127.389850587461,36.3532892464577
대전광역시 서구,8006,I212,MA010120220813725600,수다카페,카페,30170597,관저2동,127.336451314309,36.3011200248656
대전광역시 서구,8006,I212,MA010120220800386215,벵땅,카페,30170590,가수원동,127.352967398593,36.2998287737316
대전광역시 서구,8006,I212,MA010120220806633168,에글링턴,카페,30170560,괴정동,127.375127700131,36.340440549955
대전광역시 서구,8006,I212,MA010120220804612689,아이마카롱커피,카페,30170587,월평2동,127.377257037355,36.3592864311243
대전광역시 서구,8006,I212,MA010120220805378996,쿠피,카페,30170593,도안동,127.346526678864,36.3262071761937
대전광역시 서구,8006,I212,MA010120220808125302,비온뒤갬,카페,30170586,월평1동,127.358802020726,36.3558827647243
대전광역시 서구,8006,I212,MA010120220803417777,공차대전시청,카페,30170630,둔산1동,127.388772622554,36.3515895389145
대전광역시 서구,8006,I212,MA010120220814285225,어나더93,카페,30170560,괴정동,127.376542107192,36.3403910430768
대전광역시 서구,8006,I212,MA010120220806237036,문,카페,30170535,정림동,127.366738190467,36.306762479293
대전광역시 서구,8006,I212,MA010120220806219581,금성다방,카페,30170540,변동,127.378948924528,36.3244596254609
대전광역시 서구,8006,I212,MA010120220811765271,디투,카페,30170535,정림동,127.36333114828,36.29956342139
대전광역시 서구,8006,I212,MA010120220810442596,아울,카페,30170560,괴정동,127.381496150099,36.3375366250963
대전광역시 서구,8006,I212,MA010120220808687364,더호,카페,30170575,내동,127.377337177473,36.3320256110444
대전광역시 서구,8006,I212,MA010120220800638749,투썸플레이스대전가수원대로DT점,카페,30170590,가수원동,127.356232679946,36.3054424706716
대전광역시 서구,8006,I212,MA010120220814328742,카페시은우,카페,30170586,월평1동,127.355026589112,36.3439264272407
대전광역시 서구,8006,I212,MA010120220813705239,피터커피,카페,30170630,둔산1동,127.387272023643,36.352270292524
대전광역시 서구,8006,I212,MA010120220803558092,타미띠에,카페,30170520,도마1동,127.379637124575,36.3148058080037
대전광역시 서구,8006,I212,MA010120220806026146,카페본타,카페,30170535,정림동,127.362509605435,36.3048738815584
대전광역시 서구,8006,I212,MA010120220806410482,그림공간,카페,30170593,도안동,127.344019655603,36.3183290906174
대전광역시 서구,8006,I212,MA010120220813423603,업드림,카페,30170590,가수원동,127.355504592228,36.297117705988
대전광역시 서구,8006,I212,MA010120220805479552,카페350,카페,30170650,만년동,127.380510740931,36.3662241583062
대전광역시 서구,8006,I212,MA010120220800142003,카페데블랑슈,카페,30170555,탄방동,127.39827136702,36.3485933936407
대전광역시 서구,8006,I212,MA010120220808696826,공차대전,카페,30170510,복수동,127.378337507687,36.299336641107
대전광역시 서구,8006,I212,MA010120220806218820,새로남커피숍,카페,30170650,만년동,127.379998845979,36.3663609633925
대전광역시 서구,8006,I212,MA010120220808282097,투에이치플레이스,카페,30170590,가수원동,127.356232679946,36.3054424706716
대전광역시 서구,8006,I212,MA010120220806219057,톨드어스토리,카페,30170581,갈마1동,127.372457150506,36.3527229168256
대전광역시 서구,8006,I212,MA010120220804912086,"카페,오늘",카페,30170600,기성동,127.341568609806,36.2516483581503
대전광역시 서구,8006,I212,MA010120220803439715,킁킁커피대전,카페,30170630,둔산1동,127.388145676682,36.3509697665554
대전광역시 서구,8006,I212,MA010120220808914188,메가엠지씨커피대전도마네,카페,30170530,도마2동,127.380630611127,36.313018311531
대전광역시 서구,8006,I212,MA010120220812281306,유,카페,30170590,가수원동,127.353120739701,36.3017388294412
대전광역시 서구,8006,I212,MA010120220810366575,그린빈,카페,30170540,변동,127.378621238063,36.3257853967486
대전광역시 서구,8006,I212,MA010120220804473886,조리,카페,30170650,만년동,127.374763789312,36.3667740150207
대전광역시 서구,8006,I212,MA010120220811367194,마루,카페,30170560,괴정동,127.381126402526,36.3393762053286
대전광역시 서구,8006,I212,MA0101202502A0102931,플뢰리르,카페,30170593,도안동,127.343909130314,36.3185186566291
대전광역시 서구,8006,I212,MA010120220808769283,허니빈스,카페,30170581,갈마1동,127.367603396241,36.3534859224246
대전광역시 서구,8006,I212,MA010120220810425087,약속을지키는사람들,카페,30170640,둔산2동,127.379602727198,36.3467436633499
대전광역시 서구,8006,I212,MA010120220805738186,이디야대전,카페,30170510,복수동,127.378431490188,36.3003546800453
대전광역시 서구,8006,I212,MA010120220810659158,에스파스,카페,30170581,갈마1동,127.373569093213,36.3522778700879
대전광역시 서구,8006,I212,MA010120220806422332,전가커피,카페,30170530,도마2동,127.368605095293,36.3107219368459
대전광역시 서구,8006,I212,MA010120220804908543,만끽로스트,카페,30170535,정림동,127.363757799841,36.3003371415349
대전광역시 서구,8006,I212,MA010120220806512224,카페양촌리,카페,30170560,괴정동,127.376831107266,36.3402639674435
대전광역시 서구,8006,I212,MA010120220804603134,커피니대청,카페,30170535,정림동,127.37050847025,36.3082287922299
대전광역시 서구,8006,I212,MA010120220813920263,골목길,카페,30170550,용문동,127.388570155984,36.335504210646
대전광역시 서구,8006,I212,MA010120220809207721,예궁카페에뜨와르,카페,30170560,괴정동,127.384316321493,36.3379691661898
대전광역시 서구,8006,I212,MA010120220805924584,꼼므,카페,30170597,관저2동,127.33666081136,36.2980554098701
대전광역시 서구,8006,I212,MA010120220810014809,하와더카페,카페,30170560,괴정동,127.388451627255,36.3407945022843
대전광역시 서구,8006,I212,MA010120220805484546,카페빽사장,카페,30170520,도마1동,127.382734140545,36.3150933220002
대전광역시 서구,8006,I212,MA010120220805262489,홍수연커피랩,카페,30170540,변동,127.372230158158,36.3284369123134
대전광역시 서구,8006,I212,MA010120220805107392,대전시니어커피협동조합,카페,30170630,둔산1동,127.383471891711,36.354301178784
대전광역시 서구,8006,I212,MA010120220803160223,빽다방,카페,30170575,내동,127.380464161497,36.3314659795008
대전광역시 서구,8006,I212,MA010120220809622471,타미띠에커피,카페,30170540,변동,127.376311093197,36.32246734145
대전광역시 서구,8006,I212,MA010120220805101021,이안,카페,30170587,월평2동,127.378929870135,36.3619125642216
대전광역시 서구,8006,I212,MA010120220809266043,트리,카페,30170575,내동,127.369263926534,36.3347273246927
대전광역시 서구,8006,I212,MA010120220808028523,이디야커피가,카페,30170593,도안동,127.35129241621,36.3061600113067
대전광역시 서구,8006,I212,MA010120220808411840,킴스글로벌,카페,30170640,둔산2동,127.38261687303,36.3480497667238
대전광역시 서구,8006,I212,MA010120220807174152,라문,카페,30170520,도마1동,127.374005482448,36.3247185139022
대전광역시 서구,8006,I212,MA010120220811808010,카페바이러브하니,카페,30170555,탄방동,127.396453532235,36.3416063185043
대전광역시 서구,8006,I212,MA010120220800115234,펠리쓰팩토리아,카페,30170560,괴정동,127.376923105781,36.3385514415506
대전광역시 서구,8006,I212,MA010120220806238404,벨라떼아뜨로,카페,30170630,둔산1동,127.389491305481,36.3527316900392
대전광역시 서구,8006,I212,MA010120220803698167,카페18.5그램,카페,30170550,용문동,127.391119948219,36.3375595881966
대전광역시 서구,8006,I212,MA010120220805438788,메가엠지씨커피대전가,카페,30170593,도안동,127.350754920618,36.3054766907061
대전광역시 서구,8006,I212,MA010120220806201485,키브,카페,30170640,둔산2동,127.38224781456,36.3523135052559
대전광역시 서구,8006,I212,MA010120220811774419,허쉬,카페,30170520,도마1동,127.373055968191,36.3217746249133
대전광역시 서구,8006,I212,MA010120220802847674,디씨,카페,30170640,둔산2동,127.381764903028,36.3515220153333
대전광역시 서구,8006,I212,MA010120220812796410,케루스,카페,30170630,둔산1동,127.387251198212,36.3503148111148
대전광역시 서구,8006,I212,MA010120220802902310,로드커피,카페,30170660,둔산3동,127.397540027416,36.34936182728
대전광역시 서구,8006,I212,MA010120220806236190,요리숲,카페,30170593,도안동,127.3463047925,36.3238827753841
대전광역시 서구,8006,I212,MA010120220813073176,빠른달팽이,카페,30170630,둔산1동,127.388656529099,36.3528876077313
대전광역시 서구,8006,I212,MA010120220803194721,엠브레이스카페,카페,30170640,둔산2동,127.382177577079,36.3493398529458
대전광역시 서구,8006,I212,MA010120220806489348,카페시옹,카페,30170560,괴정동,127.377050643563,36.3372803797569
대전광역시 서구,8006,I212,MA010120220808775735,빽다방대전한민,카페,30170570,가장동,127.384944124889,36.3342633083838
대전광역시 서구,8006,I212,MA010120220806238694,티룸,카페,30170596,관저1동,127.342648329748,36.3077801915028
대전광역시 서구,8006,I212,MA010120220803037034,이디야대전,카페,30170550,용문동,127.392522655638,36.3374108011992
대전광역시 서구,8006,I212,MA010120220804731172,"오늘,나의",카페,30170593,도안동,127.353797202833,36.3085407580486
대전광역시 서구,8006,I212,MA010120220811228488,륀에이치,카페,30170593,도안동,127.342971991107,36.3282901418149
대전광역시 서구,8006,I212,MA0101202502A0106823,김콩커피,카페,30170560,괴정동,127.385361742424,36.3421652816858
대전광역시 서구,8006,I212,MA0101202503A0005238,스윗앤샷대전,카페,30170640,둔산2동,127.374883883465,36.3523188112285
대전광역시 서구,8006,I212,MA0101202501A0061967,온연재,카페,30170593,도안동,127.352224018423,36.3053462060137
대전광역시 서구,8006,I212,MA0101202502A0081360,컴포즈커피대전둔산자이파크점,카페,30170582,갈마2동,127.377829681186,36.3417567675353
대전광역시 서구,8006,I212,MA0101202502A0075828,브루힐,카페,30170593,도안동,127.353364105206,36.3087943699456
대전광역시 서구,8006,I212,MA0101202411A0147261,빽다방대전안골네,카페,30170575,내동,127.372574285606,36.3328786485164
대전광역시 서구,8006,I212,MA0101202502A0005669,쉬즈베이글,카페,30170597,관저2동,127.325180389806,36.2974833908206
대전광역시 서구,8006,I212,MA0101202411A0117001,카페루앤비대전,카페,30170650,만년동,127.373323260783,36.3661206687835
대전광역시 서구,8006,I212,MA0101202411A0060030,길드커피,카페,30170555,탄방동,127.384213909906,36.3443317996643
대전광역시 서구,8006,I212,MA0101202411A0058065,설빙가,카페,30170593,도안동,127.35118962479,36.3055835564728
대전광역시 서구,8006,I212,MA0101202411A0079689,볼트빈,카페,30170597,관저2동,127.337202361796,36.2971346759129
대전광역시 서구,8006,I212,MA0101202411A0058527,부기,카페,30170555,탄방동,127.390797871978,36.3444366150084
대전광역시 서구,8006,I212,MA010120220814040692,빽다방대전관저,카페,30170597,관저2동,127.339772330757,36.2993082657285
대전광역시 서구,8006,I212,MA010120220806231789,업소명없음,카페,30170586,월평1동,127.362371022114,36.3567100868719
대전광역시 서구,8006,I212,MA010120220813934675,디저트39도안,카페,30170593,도안동,127.339075017806,36.331103928088
대전광역시 서구,8006,I212,MA010120220810099325,워터베베,카페,30170597,관저2동,127.324730895795,36.2991608154832
대전광역시 서구,8006,I212,MA010120220813335815,글림,카페,30170593,도안동,127.352857052568,36.3074621180137
대전광역시 서구,8006,I212,MA010120220813101724,즐거운커피,카페,30170581,갈마1동,127.36652109487,36.3507586864443
대전광역시 서구,8006,I212,MA010120220806223427,홍쌤토익스터디,카페,30170630,둔산1동,127.388145676682,36.3509697665554
대전광역시 서구,8006,I212,MA010120220812083847,크레이브.씨,카페,30170593,도안동,127.350968156695,36.3133073366728
대전광역시 서구,8006,I212,MA010120220808050644,사라커피,카페,30170560,괴정동,127.385564968475,36.3359374965465
대전광역시 서구,8006,I212,MA010120220807122478,더리터관저마치,카페,30170597,관저2동,127.338393634003,36.2971493340031
대전광역시 서구,8006,I212,MA010120220807122810,뜨레돌체,카페,30170575,내동,127.366208154041,36.3386478370417
대전광역시 서구,8006,I212,MA010120220806236367,로스트커피도안동로점,카페,30170593,도안동,127.350248930319,36.306856983398
대전광역시 서구,8006,I212,MA010120220810965686,의미,카페,30170593,도안동,127.351905190159,36.3112048289454
대전광역시 서구,8006,I212,MA010120220812027052,365푸드,카페,30170586,월평1동,127.36482231735,36.3567566981935
대전광역시 서구,8006,I212,MA010120220811760090,카페멜리사,카페,30170597,관저2동,127.33754310813,36.3012881723891
대전광역시 서구,8006,I212,MA010120220808500613,월드휴먼브리지카페파구스대전산성교회점,카페,30170535,정림동,127.370357485577,36.3022003520127
대전광역시 서구,8006,I212,MA010120220813115257,카페인,카페,30170593,도안동,127.343891795944,36.3221774996314
대전광역시 서구,8006,I212,MA010120220813107588,별에별미,카페,30170555,탄방동,127.392945408205,36.3417440694503
대전광역시 서구,8006,I212,MA010120220800754099,커피노리,카페,30170630,둔산1동,127.387238317578,36.349963394691
대전광역시 서구,8006,I212,MA010120220808004502,찐다방,카페,30170555,탄방동,127.382431310815,36.3442744352322
대전광역시 서구,8006,I212,MA010120220806235736,설빙,카페,30170640,둔산2동,127.376004866738,36.3514411495278
대전광역시 서구,8006,I212,MA010120220814064921,데이오프,카페,30170593,도안동,127.350663118236,36.3148132046543
대전광역시 서구,8006,I212,MA010120220813858422,더벤티,카페,30170593,도안동,127.339862491587,36.330344701018
대전광역시 서구,8006,I212,MA010120220806223309,하와더카페,카페,30170560,괴정동,127.378905854392,36.3362651940833
대전광역시 서구,8006,I212,MA010120220800647076,카페꾸오레,카페,30170540,변동,127.367443883114,36.3290194646619
대전광역시 서구,8006,I212,MA010120220807758701,카페그리고빚다,카페,30170630,둔산1동,127.387087811359,36.3533162516917
대전광역시 서구,8006,I212,MA010120220814186053,하람,카페,30170581,갈마1동,127.368079765586,36.3458154528856
대전광역시 서구,8006,I212,MA010120220813958100,씨엘로,카페,30170550,용문동,127.395455745962,36.3359322141499
대전광역시 서구,8006,I212,MA0101202411A0062377,빽다방대전건양대,카페,30170596,관저1동,127.341154270908,36.3073068375332
대전광역시 서구,8006,I212,MA0101202501A0069813,조아유즈,카페,30170593,도안동,127.351947460586,36.3107000427247
대전광역시 서구,8006,I212,MA0101202411A0054519,노브힐카페,카페,30170555,탄방동,127.393568085223,36.3393088451734
대전광역시 서구,8006,I212,MA0101202412A0081951,향옥찻집,카페,30170560,괴정동,127.389542691581,36.3406828097712
대전광역시 서구,8006,I212,MA0101202411A0140837,메가엠지씨커피대전건양대학교,카페,30170596,관저1동,127.342648329748,36.3077801915028
대전광역시 서구,8006,I212,MA0101202411A0140148,샌드워터,카페,30170555,탄방동,127.3947457314,36.3409090545591
대전광역시 서구,8006,I212,MA0101202411A0088617,메가엠지씨커피대전대자연,카페,30170596,관저1동,127.336845760624,36.3074091729143
대전광역시 서구,8006,I212,MA0101202411A0124484,이디야갈,카페,30170582,갈마2동,127.368085651018,36.3517992406044
대전광역시 서구,8006,I212,MA0101202411A0123543,박유심사주타로&카페,카페,30170520,도마1동,127.380842873343,36.3154508225445
대전광역시 서구,8006,I212,MA0101202411A0081298,처치앤댄스홀,카페,30170640,둔산2동,127.379985847704,36.3545195854458
대전광역시 서구,8006,I212,MA0101202411A0046906,프리스키,카페,30170555,탄방동,127.39559698582,36.3462411987353
대전광역시 서구,8006,I212,MA0101202502A0024763,매일봄커피로스터스,카페,30170590,가수원동,127.352389373191,36.3000287391125
대전광역시 서구,8006,I212,MA0101202503A0046087,리얼포케&커피,카페,30170575,내동,127.380556192991,36.3343584665587
대전광역시 서구,8006,I212,MA0101202502A0056274,아이케이티온블레스롤지사,카페,30170555,탄방동,127.387919527188,36.3480506943876
대전광역시 서구,8006,I212,MA0101202504A0008989,캠토토스트,카페,30170555,탄방동,127.38249585497,36.3438056172216
대전광역시 서구,8006,I212,MA0101202502A0092686,컴포즈커피대전도마호반점,카페,30170530,도마2동,127.378660633517,36.3155118257567
대전광역시 서구,8006,I212,MA0101202503A0069234,그리드플러스,카페,30170650,만년동,127.382564478655,36.366938537825
대전광역시 서구,8006,I212,MA0101202503A0037445,애틀란타과자점,카페,30170650,만년동,127.376050337918,36.3655263541634
대전광역시 서구,8006,I212,MA0101202503A0044264,컴포즈커피대전,카페,30170582,갈마2동,127.369580172853,36.3474419503717
대전광역시 서구,8006,I212,MA0101202503A0043011,프랭크커핀바대전,카페,30170593,도안동,127.352691786015,36.3078501140418
대전광역시 서구,8006,I212,MA0101202502A0036158,카페보스대전,카페,30170520,도마1동,127.37875573143,36.3167551531165
대전광역시 서구,8006,I212,MA0101202502A0058002,요아정대전둔산,카페,30170640,둔산2동,127.389531226199,36.3585080845116
대전광역시 서구,8006,I212,MA0101202503A0047232,플라워인시멘트,카페,30170660,둔산3동,127.398669441476,36.3501961569083
대전광역시 서구,8006,I212,MA0101202503A0075521,블래커,카페,30170582,갈마2동,127.3737790651,36.3495917117243
대전광역시 서구,8006,I212,MA0101202503A0030944,멜로우밀,카페,30170560,괴정동,127.388551332388,36.3384421079562
대전광역시 서구,8006,I212,MA0101202503A0024982,빽다방,카페,30170510,복수동,127.374585696497,36.3086576656099
대전광역시 서구,8006,I212,MA0101202503A0031697,"리셋,관천궁",카페,30170520,도마1동,127.383412193499,36.3148478305219
대전광역시 서구,8006,I212,MA0101202412A0069330,텐퍼센트커피대전둔산,카페,30170640,둔산2동,127.376830620539,36.3494109044474
대전광역시 서구,8006,I212,MA0101202412A0010692,바르미,카페,30170582,갈마2동,127.377015364543,36.3415160216418
대전광역시 서구,8006,I212,MA0101202412A0063974,앤드앤드앤드,카페,30170593,도안동,127.342605806734,36.3209645988728
대전광역시 서구,8006,I212,MA0101202411A0047957,더머스,카페,30170581,갈마1동,127.372105446967,36.351390273603
대전광역시 서구,8006,I212,MA0101202503A0034102,카페마일로대전정부,카페,30170640,둔산2동,127.387194135846,36.3590383613246
대전광역시 서구,8006,I212,MA0101202412A0009660,도마실마을관리사회적협동조합,카페,30170520,도마1동,127.381844646519,36.3153665206198
대전광역시 서구,8006,I212,MA0101202501A0038471,그레이,카페,30170520,도마1동,127.372436161625,36.3225786073955
대전광역시 서구,8006,I212,MA0101202412A0018743,커피땅거미,카페,30170650,만년동,127.381426971954,36.3667439168117
대전광역시 서구,8006,I212,MA010120220805166576,제라,카페,30170600,기성동,127.314287039706,36.2378087290021
대전광역시 서구,8006,I212,MA010120220808450012,봄,카페,30170630,둔산1동,127.388287459583,36.3526004317804
대전광역시 서구,8006,I212,MA010120220804046666,카페마루랑,카페,30170597,관저2동,127.33915602437,36.3009591818188
대전광역시 서구,8006,I212,MA010120220806970000,카페감성더하기,카페,30170596,관저1동,127.333643011973,36.3057149181968
대전광역시 서구,8006,I212,MA010120220813226132,마루,카페,30170582,갈마2동,127.370176729971,36.3463857282172
대전광역시 서구,8006,I212,MA010120220811971861,컨사이스,카페,30170555,탄방동,127.397497171067,36.3475055499475
대전광역시 서구,8006,I212,MA010120220804836627,길드커피,카페,30170560,괴정동,127.385262601051,36.3423908953424
대전광역시 서구,8006,I212,MA010120220806211232,떡카페방앗간커피집,카페,30170550,용문동,127.39677343788,36.3387935877984
대전광역시 서구,8006,I212,MA010120220800694734,제르데,카페,30170597,관저2동,127.344437397617,36.296843697334
대전광역시 서구,8006,I212,MA010120220806644297,가온해,카페,30170587,월평2동,127.377289106942,36.3613139703905
대전광역시 서구,8006,I212,MA010120220811878739,카페문정,카페,30170660,둔산3동,127.397132011664,36.3501832527651
대전광역시 서구,8006,I212,MA010120220806215352,나의쉼터,카페,30170590,가수원동,127.35489128841,36.2993544632438
대전광역시 서구,8006,I212,MA010120220806236498,카페크레타,카페,30170660,둔산3동,127.400645723133,36.35106368626
대전광역시 서구,8006,I212,MA010120220807363466,리하이,카페,30170560,괴정동,127.385208015364,36.3380924601765
대전광역시 서구,8006,I212,MA010120220812818937,해듬플라워카페,카페,30170586,월평1동,127.353943916127,36.3434520150614
대전광역시 서구,8006,I212,MA010120220812583426,빽다방도마네,카페,30170520,도마1동,127.381330966416,36.3127817725975
대전광역시 서구,8006,I212,MA010120220808490146,아이엠일리터,카페,30170510,복수동,127.378789338786,36.2983799567703
대전광역시 서구,8006,I212,MA010120220810378630,카페이륜당대전,카페,30170560,괴정동,127.381889828385,36.3360394140366
대전광역시 서구,8006,I212,MA010120220807210138,라온카페,카페,30170630,둔산1동,127.390993606042,36.3523933493252
대전광역시 서구,8006,I212,MA010120220814175760,캔아이커피,카페,30170593,도안동,127.339439349385,36.3303639270567
대전광역시 서구,8006,I212,MA0101202411A0129681,트리코에,카페,30170555,탄방동,127.392184073192,36.3454143550596
대전광역시 서구,8006,I212,MA0101202411A0104273,파란그늘,카페,30170587,월평2동,127.377262437916,36.3580968646437
대전광역시 서구,8006,I212,MA0101202409A0239000,빽다방대전,카페,30170593,도안동,127.33865350934,36.3315016419277
대전광역시 서구,8006,I212,MA0101202411A0067110,남선당,카페,30170555,탄방동,127.396530196752,36.3457424594928
대전광역시 서구,8006,I212,MA0101202410A0534691,다락만화,카페,30170555,탄방동,127.38788920185,36.3464286774692
대전광역시 서구,8006,I212,MA0101202411A0066513,카페커피꽃,카페,30170597,관저2동,127.341466308729,36.2997089725
대전광역시 서구,8006,I212,MA0101202410A0479128,오소아과,카페,30170660,둔산3동,127.397682186231,36.351028526975
대전광역시 서구,8006,I212,MA0101202412A0010413,아담비,카페,30170597,관저2동,127.335446701827,36.2953102099641
대전광역시 서구,8006,I212,MA0101202411A0033649,차향재,카페,30170640,둔산2동,127.374524496508,36.3517161509955
대전광역시 서구,8006,I212,MA0101202411A0089163,쏭드위치,카페,30170530,도마2동,127.371545335944,36.3179042566692
대전광역시 서구,8006,I212,MA0101202412A0033331,댕크커피바,카페,30170593,도안동,127.353912088526,36.3093244463451
대전광역시 서구,8006,I212,MA0101202411A0059141,파스쿠찌정부대전,카페,30170640,둔산2동,127.384905791764,36.3626864947272
대전광역시 서구,8006,I212,MA0101202501A0018965,두담브레드,카페,30170630,둔산1동,127.388656529099,36.3528876077313
대전광역시 서구,8006,I212,MA0101202412A0036176,카페요아정마치,카페,30170597,관저2동,127.336703328581,36.297586674378
대전광역시 서구,8006,I212,MA0101202406A0488520,호지커피,카페,30170550,용문동,127.388569267496,36.3375679083763
대전광역시 서구,8006,I212,MA0101202406A0109621,카페Cafe1347,카페,30170593,도안동,127.342521782018,36.319577021509
대전광역시 서구,8006,I212,MA0101202501A0000431,빽다방대전갈마중로점,카페,30170582,갈마2동,127.373146319403,36.3477282560527
대전광역시 서구,8006,I212,MA0101202502A0063626,카페보스대전,카페,30170555,탄방동,127.389325701855,36.3418460339642
대전광역시 서구,8006,I212,MA0101202501A0054397,레트로펍,카페,30170570,가장동,127.387397715366,36.3349132399085
대전광역시 서구,8006,I212,MA0101202501A0021240,머글스,카페,30170555,탄방동,127.391939501873,36.3455142867298
대전광역시 서구,8006,I212,MA0101202411A0019422,메가엠지씨커피대전,카페,30170593,도안동,127.339857812218,36.3318316597914
대전광역시 서구,8006,I212,MA010120220806227620,바하,카페,30170555,탄방동,127.388121478883,36.346094488422
대전광역시 서구,8006,I212,MA010120220811046935,커피트리,카페,30170630,둔산1동,127.389490497442,36.3525694812931
대전광역시 서구,8006,I212,MA010120220807949323,카페텀블러갤러리아,카페,30170640,둔산2동,127.378168576315,36.3519479912434
대전광역시 서구,8006,I212,MA010120220809272059,옛날식찻집,카페,30170660,둔산3동,127.398892887681,36.3503215756433
대전광역시 서구,8006,I212,MA010120220808185824,오후여섯시,카페,30170555,탄방동,127.394096063746,36.3446150307039
대전광역시 서구,8006,I212,MA010120220805686016,카페라메르,카페,30170630,둔산1동,127.389878029595,36.3498556821445
대전광역시 서구,8006,I212,MA010120220806640160,"카페,곁",카페,30170520,도마1동,127.373548064644,36.3222146660293
대전광역시 서구,8006,I212,MA010120220814373360,커피부스트,카페,30170630,둔산1동,127.387112711256,36.3515949278506
대전광역시 서구,8006,I212,MA010120220806218883,이디야대전,카페,30170630,둔산1동,127.388141110568,36.3590262771513
대전광역시 서구,8006,I212,MA010120220806236539,굴리엘모,카페,30170650,만년동,127.375897205848,36.3661216100773
대전광역시 서구,8006,I212,MA010120220803544844,포니,카페,30170581,갈마1동,127.371458313521,36.3535280715845
대전광역시 서구,8006,I212,MA010120220805080817,어펙션,카페,30170555,탄방동,127.391806167249,36.3411350102465
대전광역시 서구,8006,I212,MA010120220813480954,카페캔버스,카페,30170582,갈마2동,127.368730200903,36.3443715659191
대전광역시 서구,8006,I212,MA010120220810449974,포뮬리에탄방,카페,30170555,탄방동,127.389468907229,36.3482349014933
대전광역시 서구,8006,I212,MA010120220814330575,메가엠지씨커피대전,카페,30170560,괴정동,127.390896715017,36.339696106606
대전광역시 서구,8006,I212,MA010120220806225237,둔산동커피집,카페,30170630,둔산1동,127.387238317578,36.349963394691
대전광역시 서구,8006,I212,MA010120220806850971,갤러리카페씨,카페,30170510,복수동,127.381687638013,36.2991457566575
대전광역시 서구,8006,I212,MA010120220803031456,낙낙,카페,30170535,정림동,127.366638105884,36.3020315791591
대전광역시 서구,8006,I212,MA010120220811134914,생두의눈물,카페,30170596,관저1동,127.332746596929,36.3043746535238
대전광역시 서구,8006,I212,MA010120220812745386,크렘므,카페,30170597,관저2동,127.333990947855,36.3011449468639
대전광역시 서구,8006,I212,MA010120220811910175,투썸플레이스,카페,30170560,괴정동,127.388707416747,36.3407125647386
대전광역시 서구,8006,I212,MA0101202406A0110004,팔공티관저마치,카페,30170597,관저2동,127.337202361796,36.2971346759129
대전광역시 서구,8006,I212,MA0101202409A0062165,청명카페,카페,30170550,용문동,127.394015008578,36.3373698434158
대전광역시 서구,8006,I212,MA0101202409A0112332,메가엠지씨커피대전,카페,30170630,둔산1동,127.387265774976,36.3510086683967
대전광역시 서구,8006,I212,MA0101202409A0178854,아담비,카페,30170593,도안동,127.353808255668,36.3085227016971
대전광역시 서구,8006,I212,MA0101202409A0243593,카페마리에,카페,30170540,변동,127.374249716472,36.3292146310509
대전광역시 서구,8006,I212,MA0101202409A0180913,팔도커피,카페,30170586,월평1동,127.36516575544,36.3563411088435
대전광역시 서구,8006,I212,MA0101202409A0141638,달지디저트카페,카페,30170560,괴정동,127.384935061744,36.3369488451614
대전광역시 서구,8006,I212,MA0101202406A0432038,메가엠지씨커피대전,카페,30170660,둔산3동,127.39702504866,36.3510577473576
대전광역시 서구,8006,I212,MA0101202406A0359446,컴포즈커피대전건양대,카페,30170596,관저1동,127.341154270908,36.3073068375332
대전광역시 서구,8006,I212,MA0101202406A0187639,컴포즈커피대전선사유적지점,카페,30170587,월평2동,127.376931180509,36.3610267245731
대전광역시 서구,8006,I212,MA0101202409A0154803,프룻앤빈,카페,30170581,갈마1동,127.367441074723,36.3521346591807
대전광역시 서구,8006,I212,MA0101202409A0244410,카페이이오,카페,30170593,도안동,127.351745702541,36.3104032465256
대전광역시 서구,8006,I212,MA0101202409A0167181,블루스커피,카페,30170593,도안동,127.351138656338,36.3140818519617
대전광역시 서구,8006,I212,MA0101202409A0045771,시쥬관저마치,카페,30170597,관저2동,127.337801776871,36.2967274510006
대전광역시 서구,8006,I212,MA0101202409A0006320,카페일마지오대전법원종합,카페,30170630,둔산1동,127.389255007908,36.354498761445
대전광역시 서구,8006,I212,MA0101202409A0064804,해이카페,카페,30170555,탄방동,127.396372500275,36.3410027994942
대전광역시 서구,8006,I212,MA0101202409A0045998,투썸플레이스대전,카페,30170550,용문동,127.395396680804,36.3396722915302
대전광역시 서구,8006,I212,MA0101202409A0042404,스윗딜,카페,30170560,괴정동,127.378124887722,36.3383043275147
대전광역시 서구,8006,I212,MA0101202409A0017085,나이스카페인클럽대전,카페,30170630,둔산1동,127.387112711256,36.3515949278506
대전광역시 서구,8006,I212,MA0101202409A0093366,이엔디커피,카페,30170593,도안동,127.342863046253,36.3186748623705
대전광역시 서구,8006,I212,MA0101202409A0086430,몬스터커피대전도안,카페,30170593,도안동,127.347461565995,36.3085052688512
대전광역시 서구,8006,I212,MA0106202309A1183397,투썸플레이스대전둔산,카페,30170640,둔산2동,127.376292520609,36.3510257035642
대전광역시 서구,8006,I212,MA0106202301A2416687,스타벅스,카페,30170550,용문동,127.389637344445,36.3350861948369
대전광역시 서구,8006,I212,MA0106202301A2415827,스타벅스,카페,30170640,둔산2동,127.382510421991,36.358170296988
대전광역시 서구,8006,I212,MA0106202301A2417214,스타벅스,카페,30170640,둔산2동,127.3876508888,36.3590278686021
대전광역시 서구,8006,I212,MA0106202301A2416177,스타벅스,카페,30170640,둔산2동,127.379979086757,36.3554207812308
대전광역시 서구,8006,I212,MA0106202301A2416182,스타벅스,카페,30170590,가수원동,127.34892106395,36.3037067267714
대전광역시 서구,8006,I212,MA0106202301A2417084,스타벅스,카페,30170630,둔산1동,127.387421984427,36.3533061569523
대전광역시 서구,8006,I212,MA0106202301A2415857,스타벅스,카페,30170555,탄방동,127.383541436032,36.3480377911033
대전광역시 서구,8006,I212,MA0106202301A2416768,스타벅스,카페,30170587,월평2동,127.3772989002,36.3610345757011
대전광역시 서구,8006,I212,MA0106202301A2415926,스타벅스,카페,30170650,만년동,127.381999821346,36.3676793058848
대전광역시 서구,8006,I212,MA0106202301A2416504,스타벅스,카페,30170640,둔산2동,127.377794679195,36.3529584896438
대전광역시 서구,8006,I212,MA0106202301A2416764,스타벅스,카페,30170550,용문동,127.396776609955,36.3350266596456
대전광역시 서구,8006,I212,MA0106202301A2417217,스타벅스,카페,30170596,관저1동,127.341154270908,36.3073068375332
대전광역시 서구,8006,I212,MA0106202301A2416100,스타벅스,카페,30170640,둔산2동,127.380604071765,36.353355102871
대전광역시 서구,8006,I212,MA0106202301A2415916,스타벅스,카페,30170510,복수동,127.378232656013,36.2983727072713
대전광역시 서구,8006,I212,MA0106202301A2416549,스타벅스,카페,30170555,탄방동,127.38788920185,36.3464286774692
대전광역시 서구,8006,I212,MA0106202301A2415955,스타벅스,카페,30170597,관저2동,127.33793216497,36.2985654982406
대전광역시 서구,8006,I212,MA0106202301A2417222,스타벅스,카페,30170630,둔산1동,127.389527202868,36.3509923063364
대전광역시 서구,8006,I212,MA0106202301A2415887,스타벅스,카페,30170640,둔산2동,127.377266411685,36.3543029087792
대전광역시 서구,8006,I212,MA0106202301A2417206,스타벅스,카페,30170555,탄방동,127.385500607005,36.3432192096948
대전광역시 서구,8006,I212,MA0106202301A2416986,스타벅스,카페,30170555,탄방동,127.388647020518,36.3487332235826
대전광역시 서구,8006,I212,MA0106202301A2416925,스타벅스,카페,30170640,둔산2동,127.377257942182,36.3502386372781
대전광역시 서구,8006,I212,MA0106202301A2415953,스타벅스,카페,30170593,도안동,127.338632560233,36.3318081021504
대전광역시 서구,8006,I212,MA0106202205A1815000,빽다방대전,카페,30170510,복수동,127.378366215198,36.3006703005192
대전광역시 서구,8006,I212,MA0106202204A0426974,해이커피무역회관점,카페,30170587,월평2동,127.378906627656,36.3594163874426
대전광역시 서구,8006,I212,MA0106202301A2416273,스타벅스,카페,30170586,월평1동,127.362921538203,36.3576997079804
대전광역시 서구,8006,I212,MA0106202301A2416782,스타벅스,카페,30170581,갈마1동,127.370524330426,36.3515664099697
대전광역시 서구,8006,I212,MA0106202204A1685416,로로목원대학교중앙도서관점블루포트,카페,30170593,도안동,127.337450405456,36.3288645894933
대전광역시 서구,8006,I212,MA0106202201A0422206,달콤커피달콤,카페,30170555,탄방동,127.387971605033,36.3473205734669
대전광역시 서구,8006,I212,MA0106202201A0046191,엔제리너스대전둔산로점,카페,30170640,둔산2동,127.376752398308,36.3516731004729
대전광역시 서구,8006,I212,MA0106202201A0605235,커피니산업,카페,30170630,둔산1동,127.382626069362,36.359035053421
대전광역시 서구,8006,I212,MA0106202201A0605246,커피니NJ,카페,30170640,둔산2동,127.379505425101,36.3519437529929
대전광역시 서구,8006,I212,MA0106202201A0604696,할리스커피대전,카페,30170660,둔산3동,127.39813243062,36.3519372136801
대전광역시 서구,8006,I212,MA0106202208A0422408,해이커피,카페,30170597,관저2동,127.339772330757,36.2993082657285
대전광역시 서구,8006,I212,MA0101202604A0042553,그린브라우니,카페,30170575,내동,127.37148972236,36.3343419324549
대전광역시 서구,8006,I212,MA0106202201A1168575,투썸플레이스둔산,카페,30170640,둔산2동,127.375376422,36.3504878798129
대전광역시 서구,8006,I212,MA0106202604A0362599,은구피커피씨젠점,카페,30170650,만년동,127.381465238306,36.3677350842711
대전광역시 서구,8006,I212,MA0106202605A0400443,몬스터,카페,30170593,도안동,127.338592908348,36.3303663279165
대전광역시 서구,8006,I212,MA0101202604A0024646,빽다방대전을지,카페,30170640,둔산2동,127.379928173218,36.3541142403652
대전광역시 서구,8006,I212,MA0106202605A1339800,덕분,카페,30170550,용문동,127.395092296433,36.3389523572649
대전광역시 서구,8006,I212,MA0101202511A0017481,당신은빙수가땡긴다대전,카페,30170555,탄방동,127.393018626818,36.3452313782448
대전광역시 서구,8006,I212,MA0101202509A0034231,녹야,카페,30170555,탄방동,127.395573539611,36.3438081030842
대전광역시 서구,8006,I212,MA0101202602A0023145,달콤빵빵휴게소,카페,30170530,도마2동,127.377588426971,36.3171553651939
대전광역시 서구,8006,I212,MA0101202603A0009872,딥파이,카페,30170640,둔산2동,127.380598458515,36.3544906005236
대전광역시 서구,8006,I212,MA0101202601A0013138,건강랜드카페,카페,30170597,관저2동,127.333990947855,36.3011449468639
대전광역시 서구,8006,I212,MA0101202601A0004530,카페크레파스,카페,30170582,갈마2동,127.369772250387,36.3574353867216
대전광역시 서구,8006,I212,MA0106202201A0977085,투썸플레이스대전탄방두드림사옥점,카페,30170555,탄방동,127.383509698987,36.3461093776855
대전광역시 서구,8006,I212,MA0106202201A0153120,커피빈대전탄방동점,카페,30170555,탄방동,127.387688644216,36.3464203165362
대전광역시 서구,8006,I212,MA0101202512A0043865,포레원커피,카페,30170570,가장동,127.388586300225,36.3342695456196
대전광역시 서구,8006,I212,MA0106202601A0570212,커피니대전고등검찰청점,카페,30170630,둔산1동,127.387683937588,36.3544588103376
대전광역시 서구,8006,I212,MA0101202604A0006756,사생활,카페,30170640,둔산2동,127.39432744682,36.3617816339284
대전광역시 서구,8006,I212,MA0101202511A0021939,텐퍼센트커피,카페,30170597,관저2동,127.323210918685,36.2950375083693
대전광역시 서구,8006,I212,MA0101202604A0009456,이프유캔,카페,30170560,괴정동,127.378834912828,36.3377163139861
대전광역시 서구,8006,I212,MA0101202604A0050559,빨간다방마치,카페,30170597,관저2동,127.33793216497,36.2985654982406
대전광역시 서구,8006,I212,MA0101202604A0051025,코피츠,카페,30170555,탄방동,127.39717269953,36.3472272645953
대전광역시 서구,8006,I212,MA0101202604A0004877,텐퍼센트커피대전,카페,30170593,도안동,127.341542780186,36.3300064750202
대전광역시 서구,8006,I212,MA0101202604A0040628,유앤82,카페,30170597,관저2동,127.326566721128,36.2962179539618
대전광역시 서구,8006,I212,MA0101202604A0012521,감성커피대전,카페,30170560,괴정동,127.388410965078,36.341578657646
대전광역시 서구,8006,I212,MA0101202603A0044972,카페305.27,카페,30170581,갈마1동,127.366489785981,36.3512093701215
대전광역시 서구,8006,I212,MA0106202603A0375310,해이커피위드비,카페,30170630,둔산1동,127.388861491318,36.3582579374314
대전광역시 서구,8006,I212,MA0101202602A0007937,빽다방대전도안,카페,30170593,도안동,127.343750127816,36.3203485108256
대전광역시 서구,8006,I212,MA0101202511A0014899,감성커피탄방문정로점,카페,30170555,탄방동,127.39548028366,36.3473950890288
대전광역시 서구,8006,I212,MA0101202512A0004252,디에떼에스프레소남선공원점,카페,30170555,탄방동,127.397991993288,36.3462332463321
대전광역시 서구,8006,I212,MA0101202512A0017121,리무네,카페,30170555,탄방동,127.390153445567,36.3425372399445
대전광역시 서구,8006,I212,MA0101202510A0007887,숨브루커피,카페,30170520,도마1동,127.382166071635,36.3150590922114
대전광역시 서구,8006,I212,MA0101202601A0003804,봉명동내커피대전,카페,30170560,괴정동,127.384551069737,36.3381396346497
대전광역시 서구,8006,I212,MA0101202512A0024149,이제이푸드,카페,30170540,변동,127.375137536895,36.3285539876311
대전광역시 서구,8006,I212,MA0101202512A0022106,매머드익스프레스,카페,30170640,둔산2동,127.378582792753,36.3500632240457
대전광역시 서구,8006,I212,MA0101202602A0017596,시티브루,카페,30170630,둔산1동,127.387905329906,36.351925792046
대전광역시 서구,8006,I212,MA0101202601A0000048,볼트빈대전,카페,30170555,탄방동,127.3947457314,36.3409090545591
대전광역시 서구,8006,I212,MA0101202511A0020486,메가엠지씨커피대전관저네,카페,30170597,관저2동,127.335414998185,36.3009066525449
대전광역시 서구,8006,I212,MA0101202512A0030320,어!,카페,30170640,둔산2동,127.377756386715,36.3542563020707
대전광역시 서구,8006,I212,MA0101202512A0012672,아임일리터,카페,30170593,도안동,127.34107088825,36.3290615843068
대전광역시 서구,8006,I212,MA0101202601A0015411,"또,카페",카페,30170520,도마1동,127.371522447876,36.3271594405406
대전광역시 서구,8006,I212,MA0101202512A0003334,크림밀,카페,30170555,탄방동,127.391018800334,36.346292313615
대전광역시 서구,8006,I212,MA0101202509A0015097,루스티카대전,카페,30170640,둔산2동,127.376692745776,36.3508532193345
대전광역시 서구,8006,I212,MA0101202508A0013494,쿠앤커,카페,30170530,도마2동,127.379858021239,36.3121376119088
대전광역시 서구,8006,I212,MA0101202602A0014292,페어링,카페,30170582,갈마2동,127.373441155806,36.3464837126167
대전광역시 서구,8006,I212,MA0101202509A0011265,메가엠지씨커피대전관저,카페,30170596,관저1동,127.336727576386,36.3032280165456
대전광역시 서구,8006,I212,MA0101202510A0016134,카페엔대전,카페,30170555,탄방동,127.387971605033,36.3473205734669
대전광역시 서구,8006,I212,MA0101202506A0030374,파스쿠찌,카페,30170640,둔산2동,127.377271116705,36.3529691555599
대전광역시 서구,8006,I212,MA0101202508A0023779,카페드롭탑도안대로점,카페,30170596,관저1동,127.334396668272,36.3022973278659
대전광역시 서구,8006,I212,MA0101202604A0007017,커피집,카페,30170582,갈마2동,127.37047288945,36.3454115404266
대전광역시 서구,8006,I212,MA0101202602A0014342,행복나눔베이크,카페,30170550,용문동,127.393453198254,36.3363984235878
대전광역시 서구,8006,I212,MA0101202604A0044452,크리플,카페,30170660,둔산3동,127.398454610521,36.3495750630672
대전광역시 서구,8006,I212,MA0101202604A0036187,커피는핑계,카페,30170588,월평3동,127.366302493825,36.3611679228636
대전광역시 서구,8006,I212,MA0101202601A0042018,코티KOTI,카페,30170555,탄방동,127.396271385595,36.3452296481355
대전광역시 서구,8006,I212,MA0101202603A0019025,올이즈굿,카페,30170593,도안동,127.347375272073,36.306622048409
대전광역시 서구,8006,I212,MA0101202601A0018780,더벤티관저마치,카페,30170597,관저2동,127.336944450357,36.2967028345411
대전광역시 서구,8006,I212,MA0101202603A0009509,모이,카페,30170510,복수동,127.373467247527,36.3052727215678
대전광역시 서구,8006,I212,MA0101202601A0004565,카페엔터,카페,30170520,도마1동,127.372110212007,36.3219487969212
대전광역시 서구,8006,I212,MA0101202604A0002966,용문동커피집,카페,30170550,용문동,127.399696243709,36.3418478463523
대전광역시 서구,8006,I212,MA0101202604A0015414,카페게이트대전,카페,30170593,도안동,127.33978625169,36.3307414366101
대전광역시 서구,8006,I212,MA0101202603A0008208,라운디커피,카페,30170555,탄방동,127.38641343886,36.3430991087404
대전광역시 서구,8006,I212,MA0101202511A0021406,이디야대전,카페,30170560,괴정동,127.376231348734,36.3406263276996
대전광역시 서구,8006,I212,MA0101202512A0010406,프랭크커핀바대전,카페,30170582,갈마2동,127.379334407302,36.3442482586076
대전광역시 서구,8006,I212,MA0101202604A0049806,소유토카페,카페,30170555,탄방동,127.39123835095,36.3434168453427
대전광역시 서구,8006,I212,MA0101202604A0005680,카페일오이오,카페,30170597,관저2동,127.33641225256,36.2972089963327
대전광역시 서구,8006,I212,MA0101202602A0002484,드앙,카페,30170593,도안동,127.342882668273,36.3206123446132
대전광역시 서구,8006,I212,MA0101202511A0024653,카페홒,카페,30170593,도안동,127.354928404735,36.3075461047105
대전광역시 서구,8006,I212,MA0101202604A0000726,리브커피,카페,30170555,탄방동,127.399506837269,36.3483819994486
대전광역시 서구,8006,I212,MA0101202601A0028217,다온카페,카페,30170593,도안동,127.353499495417,36.3067212506428
대전광역시 서구,8006,I212,MA0101202504A0101283,아임일리터교육청네,카페,30170640,둔산2동,127.38224781456,36.3523135052559
대전광역시 서구,8006,I212,MA0101202507A0017660,점순이호떡&카페,카페,30170575,내동,127.371100408454,36.3344512832252
대전광역시 서구,8006,I212,MA0101202505A0035731,메가엠지씨커피대전용문더샵점,카페,30170550,용문동,127.39934045275,36.3376135087843
대전광역시 서구,8006,I212,MA0101202604A0032141,정문카페무인24,카페,30170640,둔산2동,127.380075395952,36.3500224389507
대전광역시 서구,8006,I212,MA0101202604A0031930,붕어브레드,카페,30170596,관저1동,127.336837737794,36.305543746995
대전광역시 서구,8006,I212,MA0101202601A0002077,오늘은672,카페,30170586,월평1동,127.367381087766,36.3559648365724
대전광역시 서구,8006,I212,MA0101202603A0042670,픽베이크,카페,30170640,둔산2동,127.377815051681,36.3548689151965
대전광역시 서구,8006,I212,MA0101202512A0021418,오클루,카페,30170581,갈마1동,127.372367039199,36.352515927444
대전광역시 서구,8006,I212,MA0101202511A0011802,달리는커피대전,카페,30170535,정림동,127.367234742382,36.3010564706977
대전광역시 서구,8006,I212,MA0101202511A0028960,라쿠엔커피,카페,30170582,갈마2동,127.370943552808,36.3436527869251
대전광역시 서구,8006,I212,MA0101202509A0015219,빽다방대전경성큰,카페,30170581,갈마1동,127.376709322179,36.3473566070318
대전광역시 서구,8006,I212,MA0101202510A0026859,메가엠지씨커피대전,카페,30170650,만년동,127.381743188328,36.367608032366
대전광역시 서구,8006,I212,MA0101202508A0030936,사이조은,카페,30170530,도마2동,127.366080361578,36.3232380791324
대전광역시 서구,8006,I212,MA0101202505A0025413,차담헌,카페,30170540,변동,127.367443883114,36.3290194646619
대전광역시 서구,8006,I212,MA0101202509A0041481,이디야커피대전,카페,30170520,도마1동,127.370563822561,36.3246301035218
대전광역시 서구,8006,I212,MA0101202509A0011721,투티커피바,카페,30170586,월평1동,127.356950928729,36.3555188271231
대전광역시 서구,8006,I212,MA0101202508A0007339,메가엠지씨커피대전,카페,30170640,둔산2동,127.377257715117,36.352500587024
대전광역시 서구,8006,I212,MA0101202505A0018091,읍천리382,카페,30170520,도마1동,127.37044051514,36.3221071835924
대전광역시 서구,8006,I212,MA0101202508A0013442,042COFFEE,카페,30170520,도마1동,127.371700271501,36.3223916503182
대전광역시 서구,8006,I212,MA0101202510A0019210,더벤티대전,카페,30170630,둔산1동,127.3870902396,36.3493060168059
대전광역시 서구,8006,I212,MA0101202510A0032411,더벤티대전둔산,카페,30170640,둔산2동,127.37538455539,36.3521820632166
대전광역시 서구,8006,I212,MA0101202507A0021010,컴포즈커피,카페,30170575,내동,127.379473493122,36.3315862820521
대전광역시 서구,8006,I212,MA0101202508A0006750,다원,카페,30170590,가수원동,127.350918034006,36.2996365458765
대전광역시 서구,8006,I212,MA0101202505A0058531,컴포즈커피대전관저,카페,30170596,관저1동,127.336571203005,36.3082931051902
대전광역시 서구,8006,I212,MA0101202510A0001771,엉,카페,30170570,가장동,127.389264231107,36.3339699510877
대전광역시 서구,8006,I212,MA0101202508A0028354,골목커피토비오,카페,30170640,둔산2동,127.378841672693,36.3529101161085
대전광역시 서구,8006,I212,MA0101202510A0032815,매머드커피익스프레스대전,카페,30170630,둔산1동,127.387421984427,36.3533061569523
대전광역시 서구,8006,I212,MA0101202509A0040584,메가엠지씨커피대전,카페,30170587,월평2동,127.376912503871,36.3617747574234
대전광역시 서구,8006,I212,MA0101202511A0003053,쿠라쿠라,카페,30170575,내동,127.380663803323,36.3312941200408
대전광역시 서구,8006,I212,MA0101202508A0012465,디어미르,카페,30170555,탄방동,127.386160277752,36.3482276155911
대전광역시 서구,8006,I212,MA0101202507A0004959,나래,카페,30170510,복수동,127.375742254417,36.3060406095969
대전광역시 서구,8006,I212,MA0101202507A0019587,도안수카페,카페,30170593,도안동,127.347166536157,36.3248355263064
대전광역시 서구,8006,I212,MA0101202511A0027500,콩카페,카페,30170597,관저2동,127.337783280367,36.2976016519661
대전광역시 서구,8006,I212,MA0101202511A0031581,하삼동커피관저마치,카페,30170597,관저2동,127.338264010752,36.2980689086315
대전광역시 서구,8006,I212,MA0101202511A0005475,트리플에이커피대전도안,카페,30170593,도안동,127.35093676216,36.3261762858574
대전광역시 서구,8006,I212,MA0101202511A0004516,에덴커피,카페,30170597,관저2동,127.338582194005,36.2995639734081
대전광역시 서구,8006,I212,MA0101202603A0038772,더벤티,카페,30170640,둔산2동,127.380254139783,36.3455430287688
대전광역시 서구,8006,I212,MA0101202512A0019046,빽다방대전,카페,30170555,탄방동,127.385480371728,36.3436338158583
대전광역시 서구,8006,I212,MA0101202512A0035468,컴포즈커피대전,카페,30170555,탄방동,127.388853167599,36.3476241076673
대전광역시 서구,8006,I212,MA0106202505A0148032,커피빈대전,카페,30170630,둔산1동,127.388981285435,36.3509850729033
대전광역시 서구,8006,I212,MA0101202510A0032146,오트로비비,카페,30170593,도안동,127.352982447388,36.3105798376273
대전광역시 서구,8006,I212,MA0101202512A0015048,커피로드뷰,카페,30170597,관저2동,127.33666081136,36.2980554098701
대전광역시 서구,8006,I212,MA0101202511A0036907,클라이노드,카페,30170555,탄방동,127.397384674561,36.3472896421274
대전광역시 서구,8006,I212,MA0101202512A0033879,정담,카페,30170555,탄방동,127.393778422141,36.3456884764243
대전광역시 서구,8006,I212,MA0101202602A0002876,샐러디,카페,30170550,용문동,127.391286297154,36.3396407611429
대전광역시 서구,8006,I212,MA0101202603A0003832,솜카페&뭉들이놀이터,카페,30170530,도마2동,127.369905171277,36.3266507846277
대전광역시 서구,8006,I212,MA0101202506A0026809,도솔로커피,카페,30170560,괴정동,127.389727650948,36.3397990540794
대전광역시 서구,8006,I212,MA0101202604A0009781,정림다방,카페,30170535,정림동,127.367308978452,36.3026423241536
대전광역시 서구,8006,I212,MA0101202603A0042607,인서트커피,카페,30170582,갈마2동,127.37047288945,36.3454115404266
대전광역시 서구,8006,I212,MA0101202603A0014034,컴포즈커피대전관저마치,카페,30170597,관저2동,127.338180129668,36.2966903340968
대전광역시 서구,8006,I212,MA0101202603A0007598,좋은하루,카페,30170650,만년동,127.375627621787,36.3656718715521
대전광역시 서구,8006,I212,MA0101202602A0002377,그리고지금,카페,30170660,둔산3동,127.397545662602,36.3504702531471
대전광역시 서구,8006,I212,MA0101202602A0015794,텐퍼센트스페셜티커피대전,카페,30170630,둔산1동,127.388141110568,36.3590262771513
대전광역시 서구,8006,I212,MA0101202604A0048939,늘봄카페,카페,30170520,도마1동,127.372978788275,36.3219370780692
대전광역시 서구,8006,I212,MA0101202512A0005892,카페버니,카페,30170597,관저2동,127.32223806571,36.2939857476524
대전광역시 서구,8006,I212,MA0101202603A0014857,감성커피대전을지점,카페,30170640,둔산2동,127.380598458515,36.3544906005236
대전광역시 서구,8006,I212,MA0101202603A0033083,온어스대전평송점,카페,30170650,만년동,127.391852062213,36.365854066153
대전광역시 서구,8006,I212,MA0101202603A0008381,텐퍼센트스페셜티커피대전둔산,카페,30170640,둔산2동,127.377808040557,36.353418046456
대전광역시 서구,8006,I212,MA0101202512A0005537,카페드삼영,카페,30170560,괴정동,127.386719542458,36.3419265898538
대전광역시 서구,8006,I212,MA0101202603A0027275,"잠시,달콤",카페,30170660,둔산3동,127.396765073202,36.3503196478442
대전광역시 서구,8006,I212,MA0101202603A0006092,조이,카페,30170597,관저2동,127.323253663625,36.2946048240216
대전광역시 서구,8006,I212,MA0101202603A0038734,감성커피대전,카페,30170555,탄방동,127.389905515641,36.3464311274728
대전광역시 서구,8006,I212,MA0101202504A0063456,메가엠지씨커피대전,카페,30170597,관저2동,127.341020477966,36.2995930910581
대전광역시 서구,8006,I212,MA0106202502A0498516,스타벅스,카페,30170640,둔산2동,127.378168184051,36.3518668867526
대전광역시 서구,8006,I212,MA0106202501A0500151,스타벅스,카페,30170640,둔산2동,127.378496506951,36.3506492611466
대전광역시 서구,8006,I212,MA0106202501A0500257,스타벅스,카페,30170596,관저1동,127.334395244878,36.301963893921
대전광역시 서구,8006,I212,MA0101202507A0014852,릴트커피,카페,30170640,둔산2동,127.380781319306,36.3554362509174
대전광역시 서구,8006,I212,MA0106202501A0500155,스타벅스,카페,30170593,도안동,127.348564589191,36.3261742152744
대전광역시 서구,8006,I212,MA0106202501A0500153,스타벅스,카페,30170630,둔산1동,127.38740845527,36.3505756420622
대전광역시 서구,8006,I212,MA0101202505A0051024,플레이버커피,카페,30170640,둔산2동,127.380598458515,36.3544906005236
대전광역시 서구,8006,I212,MA0101202505A0001344,메가엠지씨커피대전도마호반써밋점,카페,30170530,도마2동,127.378660633517,36.3155118257567
대전광역시 서구,8006,I212,MA0101202507A0039752,요아정대전,카페,30170510,복수동,127.378361949722,36.2997871550974
대전광역시 서구,8006,I212,MA0101202505A0003541,카페에이레네,카페,30170560,괴정동,127.382689379171,36.3401011636452
대전광역시 서구,8006,I212,MA0101202507A0012273,아임일리터둔산,카페,30170555,탄방동,127.379629263691,36.3430307347004
대전광역시 서구,8006,I212,MA0101202505A0014508,컴포즈커피대전,카페,30170555,탄방동,127.383477168623,36.3440187545338
대전광역시 서구,8006,I212,MA0101202507A0042236,리쾨르,카페,30170640,둔산2동,127.377279509322,36.3547083959235
대전광역시 서구,8006,I212,MA0101202507A0030118,투드커피컴퍼니,카페,30170593,도안동,127.354610983105,36.3087546306721
대전광역시 서구,8006,I212,MA0106202510A0573217,할리스대전,카페,30170593,도안동,127.350279894247,36.3262232716066
대전광역시 서구,8006,I212,MA0101202505A0005781,메가엠지씨커피대전,카페,30170640,둔산2동,127.39432744682,36.3617816339284
대전광역시 서구,8006,I212,MA0101202509A0004493,멜로,카페,30170581,갈마1동,127.371481451142,36.3537082346063
대전광역시 서구,8006,I212,MA0101202509A0000420,모밀크티디저트,카페,30170530,도마2동,127.373286659325,36.3164389197709
대전광역시 서구,8006,I212,MA0101202508A0035804,빽다방대전,카페,30170581,갈마1동,127.368783475598,36.3438577310577
대전광역시 서구,8006,I212,MA0101202512A0017841,공차,카페,30170560,괴정동,127.390641156188,36.3398231068935
대전광역시 서구,8006,I212,MA0101202508A0011614,메가엠지씨커피,카페,30170597,관저2동,127.337781260015,36.2971330418863
대전광역시 서구,8006,I212,MA0101202509A0036785,커피맑음,카페,30170520,도마1동,127.372057572506,36.3225887981886
대전광역시 서구,8006,I212,MA0101202509A0042666,빽다방대전둔산더샵엘리프점,카페,30170550,용문동,127.396762116547,36.338757578337
대전광역시 서구,8006,I212,MA0101202509A0019460,카페파르,카페,30170593,도안동,127.341065838942,36.3304584265332
대전광역시 서구,8006,I212,MA0101202508A0025204,오리엔트커피,카페,30170593,도안동,127.350549628291,36.3143359114449
대전광역시 서구,8006,I212,MA0101202509A0041310,데이앤데이가톨릭,카페,30170550,용문동,127.390345647192,36.3364086135509
대전광역시 서구,8006,I212,MA0101202508A0017622,그레이핍플,카페,30170593,도안동,127.347594017215,36.308243540964
대전광역시 서구,8006,I212,MA0101202602A0028813,카페도도,카페,30170555,탄방동,127.386160277752,36.3482276155911
대전광역시 서구,8006,I212,MA0101202510A0006430,메가엠지씨커피대전시교육청점,카페,30170640,둔산2동,127.382252655061,36.3510248099354
대전광역시 서구,8006,I212,MA0106202412A2471676,스타벅스,카페,30170640,둔산2동,127.389531226199,36.3585080845116
대전광역시 서구,8006,I212,MA0101202505A0056301,물좀다오,카페,30170510,복수동,127.381539311593,36.2984072602717
대전광역시 서구,8006,I212,MA0101202504A0051172,컴포즈커피대전한밭수목원,카페,30170650,만년동,127.381614977699,36.3687349072632
대전광역시 서구,8006,I212,MA0101202504A0062995,투썸플레이스대전,카페,30170582,갈마2동,127.368715979315,36.3508060046081
대전광역시 서구,8006,I212,MA0101202504A0012793,빽다방대전,카페,30170587,월평2동,127.377046566802,36.3595394241076
대전광역시 서구,8006,I212,MA0101202504A0031767,인더필름,카페,30170560,괴정동,127.384249374471,36.3402133110374
대전광역시 서구,8006,I212,MA0101202506A0014207,빽다방대전관저마치,카페,30170597,관저2동,127.337801776871,36.2967274510006
대전광역시 서구,8006,I212,MA0101202505A0080416,커피어울림,카페,30170586,월평1동,127.35406334341,36.3476871907654
대전광역시 서구,8006,I212,MA0101202506A0013984,원잇투,카페,30170555,탄방동,127.399494914771,36.3482288396147
대전광역시 서구,8006,I212,MA0101202506A0009887,더벤티대전,카페,30170587,월평2동,127.378929870135,36.3619125642216
대전광역시 서구,8006,I212,MA0101202505A0033397,점순이호떡&카페,카페,30170597,관저2동,127.336944450357,36.2967028345411
대전광역시 서구,8006,I212,MA0101202507A0008754,떡마마대전월평역점,카페,30170586,월평1동,127.364827195765,36.3578020456053
대전광역시 서구,8006,I212,MA0101202505A0019386,라바게트둔산,카페,30170555,탄방동,127.399897746592,36.3485789503444
대전광역시 서구,8006,I212,MA0101202504A0030504,그릉카페,카페,30170581,갈마1동,127.366962246914,36.3521811893555
대전광역시 서구,8006,I212,MA0101202505A0030585,로투스Lotus청,카페,30170555,탄방동,127.395784260684,36.3458260380788
대전광역시 서구,8006,I21003,MA010120220812867876,샐러디,피자,30170597,관저2동,127.339772330757,36.2993082657285
대전광역시 서구,8006,I21003,MA0101202308A0021142,피자는치즈빨,피자,30170597,관저2동,127.334158061658,36.3011715154285
대전광역시 서구,8006,I21003,MA0101202306A0010444,피키페어,피자,30170660,둔산3동,127.398668476639,36.3500069134994
대전광역시 서구,8006,I21003,MA0101202310A0043913,샐리샐리,피자,30170630,둔산1동,127.388720418704,36.3590153821647
대전광역시 서구,8006,I21003,MA0101202406A0504090,디저트하리,피자,30170590,가수원동,127.351445246857,36.3005181570726
대전광역시 서구,8006,I21003,MA0101202406A0399877,손큰쉐프,피자,30170550,용문동,127.392377495908,36.3373391837431
대전광역시 서구,8006,I21003,MA0101202406A0123883,온오프피자,피자,30170597,관저2동,127.337197705885,36.301226064177
대전광역시 서구,8006,I21003,MA0101202409A0063199,맘스피자대전,피자,30170520,도마1동,127.38111309467,36.3137737659526
대전광역시 서구,8006,I21003,MA010120220803952539,피엠푸드,피자,30170530,도마2동,127.369160663084,36.3222823671982
대전광역시 서구,8006,I21003,MA010120220803706478,피자써클,피자,30170660,둔산3동,127.396517613638,36.3498518584947
대전광역시 서구,8006,I21003,MA010120220805532027,7번가피자,피자,30170597,관저2동,127.337245069272,36.2967109988448
대전광역시 서구,8006,I21003,MA0101202406A0296908,노모어피자대전,피자,30170630,둔산1동,127.3870902396,36.3493060168059
대전광역시 서구,8006,I21003,MA0101202406A0332401,맛있는거팔아요,피자,30170560,괴정동,127.381241065928,36.3377627332881
대전광역시 서구,8006,I21003,MA0101202311A0003519,카페오지,피자,30170650,만년동,127.374186492308,36.367217399058
대전광역시 서구,8006,I21003,MA010120220805897978,시카고피자,피자,30170630,둔산1동,127.388624707643,36.350968209608
대전광역시 서구,8006,I21003,MA010120220808099640,에잇마일,피자,30170640,둔산2동,127.376898593339,36.3542680225338
대전광역시 서구,8006,I21003,MA010120220813375104,피자마루,피자,30170640,둔산2동,127.392653648896,36.3590656036205
대전광역시 서구,8006,I21003,MA0101202301A0020034,콩방콩방,피자,30170581,갈마1동,127.367626390656,36.3465287774978
대전광역시 서구,8006,I21003,MA0101202306A0079586,만나앤카페,피자,30170530,도마2동,127.371492925529,36.3162462478966
대전광역시 서구,8006,I21003,MA0106202312A1134623,빅바이트컴퍼니쉐이크쉑대전둔산,피자,30170640,둔산2동,127.37874036014,36.3526941553509
대전광역시 서구,8006,I21003,MA0101202406A0296635,피자나라치킨공주,피자,30170560,괴정동,127.380573552002,36.3379270725992
대전광역시 서구,8006,I21003,MA010120220806225063,피자스쿨대전,피자,30170510,복수동,127.377941290777,36.2979771081599
대전광역시 서구,8006,I21003,MA010120220813675817,하루엔,피자,30170570,가장동,127.386746856196,36.3361860073771
대전광역시 서구,8006,I21003,MA0101202306A0094430,온오프에프앤비,피자,30170630,둔산1동,127.388145676682,36.3509697665554
대전광역시 서구,8006,I21003,MA0101202311A0058058,미친피자대전,피자,30170560,괴정동,127.378831978705,36.3394105356519
대전광역시 서구,8006,I21003,MA0101202311A0012071,리코,피자,30170630,둔산1동,127.387871354845,36.3563056087698
대전광역시 서구,8006,I21003,MA0101202303A0101235,러브잇,피자,30170555,탄방동,127.399650872664,36.3482283181335
대전광역시 서구,8006,I21003,MA0101202303A0084706,프레드피자,피자,30170560,괴정동,127.38571031084,36.3383071225298
대전광역시 서구,8006,I21003,MA0101202310A0083338,상수리화덕피자,피자,30170660,둔산3동,127.396761323775,36.3495806972005
대전광역시 서구,8006,I21003,MA0101202309A0045642,피자먹다,피자,30170630,둔산1동,127.388285893266,36.3522850258291
대전광역시 서구,8006,I21003,MA010120220806238596,도미노피자대전,피자,30170593,도안동,127.351976040473,36.3071493012602
대전광역시 서구,8006,I21003,MA010120220803139533,오달,피자,30170586,월평1동,127.358941215586,36.3570809090188
대전광역시 서구,8006,I21003,MA010120220806206950,로젠푸드,피자,30170586,월평1동,127.364671344256,36.3578295565911
대전광역시 서구,8006,I21003,MA0101202303A0067815,온오프피자,피자,30170593,도안동,127.338592908348,36.3303663279165
대전광역시 서구,8006,I21003,MA0101202305A0151367,빽보이피자대전,피자,30170510,복수동,127.376273502052,36.2984239480346
대전광역시 서구,8006,I21003,MA0101202306A0044661,뉴턴,피자,30170593,도안동,127.349280993484,36.3070220280401
대전광역시 서구,8006,I21003,MA0101202308A0081614,코너델리,피자,30170593,도안동,127.342886063022,36.3213873501097
대전광역시 서구,8006,I21003,MA0101202308A0062511,언노운피자대전,피자,30170560,괴정동,127.38481941169,36.3383460415418
대전광역시 서구,8006,I21003,MA010120220809654116,피자스쿨대전,피자,30170650,만년동,127.376497681467,36.3658673909828
대전광역시 서구,8006,I21003,MA010120220806233695,피자나라치킨공주,피자,30170540,변동,127.37471130737,36.3279244996955
대전광역시 서구,8006,I21003,MA010120220806213693,피엠푸드가수원,피자,30170590,가수원동,127.353807462801,36.3009527698833
대전광역시 서구,8006,I21003,MA0101202303A0062790,프롬보울,피자,30170587,월평2동,127.375032853429,36.3601495480004
대전광역시 서구,8006,I21003,MA0106202301A0045960,크리스피크림대전,피자,30170630,둔산1동,127.387085300236,36.350558665804
대전광역시 서구,8006,I21003,MA0101202210A0081165,빽보이피자,피자,30170597,관저2동,127.339772330757,36.2993082657285
대전광역시 서구,8006,I21003,MA0101202302A0009083,미친치즈피자,피자,30170581,갈마1동,127.364822942802,36.3521156459068
대전광역시 서구,8006,I21003,MA0101202301A0083970,피자와썹,피자,30170597,관저2동,127.334158061658,36.3011715154285
대전광역시 서구,8006,I21003,MA0101202302A0069065,한국피자헛대전,피자,30170593,도안동,127.341079136724,36.3309540370883
대전광역시 서구,8006,I21003,MA010120220806187611,도미노피자,피자,30170660,둔산3동,127.395490583591,36.3494317099355
대전광역시 서구,8006,I21003,MA010120220806217206,피엠푸드,피자,30170575,내동,127.382596092011,36.3324144223601
대전광역시 서구,8006,I21003,MA0101202303A0119325,파니노키친,피자,30170586,월평1동,127.364658901689,36.3551621179698
대전광역시 서구,8006,I21003,MA010120220808785459,비스트로피자관저,피자,30170597,관저2동,127.336800709833,36.2943421361028
대전광역시 서구,8006,I21003,MA010120220806199156,이삭,피자,30170575,내동,127.382596092011,36.3324144223601
대전광역시 서구,8006,I21003,MA010120220806253337,엔젤스위트,피자,30170640,둔산2동,127.37684482213,36.3523577019055
대전광역시 서구,8006,I21003,MA0106202201A0046085,롯데리아대전관저,피자,30170597,관저2동,127.335414998185,36.3009066525449
대전광역시 서구,8006,I21003,MA010120220811848820,캠핑푸드,피자,30170510,복수동,127.374253101893,36.299637874337
대전광역시 서구,8006,I21003,MA010120220808206131,"원피자,피자2001괴정",피자,30170560,괴정동,127.389353391919,36.3384575211752
대전광역시 서구,8006,I21003,MA0106202201A0521619,KFC대전타임월드,피자,30170640,둔산2동,127.375739663839,36.3518925711808
대전광역시 서구,8006,I21003,MA010120220812229221,청년피자,피자,30170597,관저2동,127.339710687175,36.2979296294257
대전광역시 서구,8006,I21003,MA010120220808991248,샌드백,피자,30170555,탄방동,127.396666750279,36.3463097466169
대전광역시 서구,8006,I21003,MA010120220809825394,피자프라텔로,피자,30170596,관저1동,127.335939876818,36.3064744917342
대전광역시 서구,8006,I21003,MA010120220806206233,피자구뜨도마.,피자,30170530,도마2동,127.375380515351,36.3118723892967
대전광역시 서구,8006,I21003,MA0106202201A0521650,KFC대전,피자,30170630,둔산1동,127.387424373023,36.3515398473189
대전광역시 서구,8006,I21003,MA010120220807758845,가득피자,피자,30170570,가장동,127.384521771196,36.3344449034137
대전광역시 서구,8006,I21003,MA010120220806225352,지정환임실치즈피자,피자,30170597,관저2동,127.333990947855,36.3011449468639
대전광역시 서구,8006,I21003,MA010120220810215821,피자마루,피자,30170555,탄방동,127.394181385869,36.3482825320164
대전광역시 서구,8006,I21003,MA010120220808551325,도미노피자대전,피자,30170586,월평1동,127.3649429765,36.3563508012073
대전광역시 서구,8006,I21003,MA010120220807242454,피자알볼로,피자,30170520,도마1동,127.380995386868,36.3124674293574
대전광역시 서구,8006,I21003,MA010120220803328383,버기즈,피자,30170555,탄방동,127.388567150849,36.3461110636335
대전광역시 서구,8006,I21003,MA010120220813726604,꽃샌드,피자,30170630,둔산1동,127.389850587461,36.3532892464577
대전광역시 서구,8006,I21003,MA010120220806256466,비손둔산,피자,30170587,월평2동,127.376922559259,36.3615494323593
대전광역시 서구,8006,I21003,MA010120220808435915,반올림피자샵,피자,30170560,괴정동,127.38230969392,36.3399041200331
대전광역시 서구,8006,I21003,MA010120220814367717,빽보이피자대전,피자,30170630,둔산1동,127.38830450163,36.349302077269
대전광역시 서구,8006,I21003,MA010120220810045743,캠토,피자,30170510,복수동,127.375766383745,36.3017869542535
대전광역시 서구,8006,I21003,MA010120220806237013,알볼로피자,피자,30170660,둔산3동,127.397682186231,36.351028526975
대전광역시 서구,8006,I21003,MA010120220809141785,라즈베리키친베이커리,피자,30170555,탄방동,127.396389402662,36.3465359606682
대전광역시 서구,8006,I21003,MA010120220809758657,써브웨이대전,피자,30170630,둔산1동,127.387272023643,36.352270292524
대전광역시 서구,8006,I21003,MA0101202210A0028472,피자덕대전,피자,30170560,괴정동,127.386136997201,36.338999650631
대전광역시 서구,8006,I21003,MA010120220808254782,도미노피자,피자,30170550,용문동,127.38911605498,36.3355294698754
대전광역시 서구,8006,I21003,MA010120220806209185,피자마루,피자,30170510,복수동,127.375788454951,36.3087079618547
대전광역시 서구,8006,I21003,MA010120220806256796,제이와이스,피자,30170640,둔산2동,127.375739663839,36.3518925711808
대전광역시 서구,8006,I21003,MA010120220808186861,녹색식탁,피자,30170596,관저1동,127.336331606333,36.3043556102169
대전광역시 서구,8006,I21003,MA010120220806220521,피자2001도마,피자,30170520,도마1동,127.371566679782,36.3224010774565
대전광역시 서구,8006,I21003,MA010120220806799890,피자샵,피자,30170597,관저2동,127.341020477966,36.2995930910581
대전광역시 서구,8006,I21003,MA010120220806201782,이삭,피자,30170660,둔산3동,127.398137442869,36.3551093291822
대전광역시 서구,8006,I21003,MA010120220806154499,한국피자헛,피자,30170581,갈마1동,127.369583042238,36.3551199538731
대전광역시 서구,8006,I21003,MA010120220806216346,피엠푸드,피자,30170587,월평2동,127.376039931505,36.3633635717605
대전광역시 서구,8006,I21003,MA010120220813284473,샐러빙유,피자,30170640,둔산2동,127.380610432823,36.3546617855046
대전광역시 서구,8006,I21003,MA010120220802433318,지정환임실치즈피자앤다솜치킨,피자,30170581,갈마1동,127.369180502232,36.3477315620023
대전광역시 서구,8006,I21003,MA010120220806190936,피자스쿨,피자,30170597,관저2동,127.330874270206,36.2986663447667
대전광역시 서구,8006,I21003,MA010120220800094250,피엠푸드,피자,30170597,관저2동,127.335414998185,36.3009066525449
대전광역시 서구,8006,I21003,MA010120220803405584,멜로우밀,피자,30170555,탄방동,127.391939501873,36.3455142867298
대전광역시 서구,8006,I21003,MA010120220811909370,칠린아웃,피자,30170597,관저2동,127.336681430181,36.2950814434308
대전광역시 서구,8006,I21003,MA0101202209A0072291,청담피자,피자,30170593,도안동,127.347474479828,36.3239604870402
대전광역시 서구,8006,I21003,MA010120220810065505,에그필,피자,30170593,도안동,127.348487215402,36.3112959477617
대전광역시 서구,8006,I21003,MA010120220805809950,성남무역주,피자,30170560,괴정동,127.37637285349,36.3376249634548
대전광역시 서구,8006,I21003,MA010120220805772260,임실치즈피자미사랑,피자,30170640,둔산2동,127.380254139783,36.3455430287688
대전광역시 서구,8006,I21003,MA010120220812335947,샐러디대전,피자,30170630,둔산1동,127.387265774976,36.3510086683967
대전광역시 서구,8006,I21003,MA010120220800766721,이삭,피자,30170640,둔산2동,127.37538455539,36.3521820632166
대전광역시 서구,8006,I21003,MA010120220805412437,카페89브런치&디저트,피자,30170582,갈마2동,127.37290038409,36.3475487886265
대전광역시 서구,8006,I21003,MA010120220806238759,오구피자,피자,30170510,복수동,127.378410007611,36.3005169608965
대전광역시 서구,8006,I21003,MA010120220814134099,오늘은마카롱,피자,30170581,갈마1동,127.368925815889,36.3551400083521
대전광역시 서구,8006,I21003,MA010120220813277125,피자써클,피자,30170660,둔산3동,127.396517613638,36.3498518584947
대전광역시 서구,8006,I21003,MA0101202604A0049504,웨잇테이블,피자,30170597,관저2동,127.32377807403,36.2948917843284
대전광역시 서구,8006,I21003,MA0101202604A0048627,피자마루,피자,30170640,둔산2동,127.380075395952,36.3500224389507
대전광역시 서구,8006,I21003,MA0101202604A0017377,하잇,피자,30170510,복수동,127.38026610552,36.3021602356342
대전광역시 서구,8006,I21003,MA010120220805766115,승승장구한식당,피자,30170587,월평2동,127.37728140154,36.3620259216767
대전광역시 서구,8006,I21003,MA010120220804994163,알볼로피자,피자,30170581,갈마1동,127.368866157397,36.3543021000934
대전광역시 서구,8006,I21003,MA010120220809876536,홍루이젠,피자,30170630,둔산1동,127.387265774976,36.3510086683967
대전광역시 서구,8006,I21003,MA010120220806225986,59쌀피자,피자,30170593,도안동,127.339862491587,36.330344701018
대전광역시 서구,8006,I21003,MA010120220806203496,이삭,피자,30170530,도마2동,127.368569465316,36.3173457255637
대전광역시 서구,8006,I21003,MA010120220807110938,덤앤덤피자,피자,30170597,관저2동,127.337245069272,36.2967109988448
대전광역시 서구,8006,I21003,MA010120220808103944,돈왕,피자,30170586,월평1동,127.363514407562,36.3558144510258
대전광역시 서구,8006,I21003,MA010120220806446266,피자마루,피자,30170581,갈마1동,127.368783475598,36.3438577310577
대전광역시 서구,8006,I21003,MA010120220806999227,유로코피자대전,피자,30170575,내동,127.378437397236,36.336131501774
대전광역시 서구,8006,I21003,MA010120220800608734,쭌딜리버리,피자,30170555,탄방동,127.389946389563,36.34569203035
대전광역시 서구,8006,I21003,MA010120220805971353,피자써클,피자,30170660,둔산3동,127.395480036053,36.3495488975432
대전광역시 서구,8006,I21003,MA010120220806208954,이삭,피자,30170520,도마1동,127.380354340733,36.3134517575228
대전광역시 서구,8006,I21003,MA010120220812343871,샌드데이,피자,30170640,둔산2동,127.381636551455,36.3594617696271
대전광역시 서구,8006,I21003,MA0101202603A0011258,피자스쿨대전,피자,30170570,가장동,127.384697629329,36.3339667135482
대전광역시 서구,8006,I21003,MA0101202603A0045049,피자와일드대전,피자,30170586,월평1동,127.359289449593,36.3552775129533
대전광역시 서구,8006,I21003,MA0101202601A0010367,피자스쿨대전관저원앙,피자,30170596,관저1동,127.336833967619,36.3072560050766
대전광역시 서구,8006,I21003,MA0101202604A0038764,투웨이,피자,30170597,관저2동,127.338383552234,36.2973926822712
대전광역시 서구,8006,I21003,MA0101202603A0004423,샌딜리버블대전,피자,30170586,월평1동,127.367902806098,36.3555577028215
대전광역시 서구,8006,I21003,MA0101202602A0020861,슈퍼크리스피,피자,30170597,관저2동,127.339772330757,36.2993082657285
대전광역시 서구,8006,I21003,MA010120220806231511,영구스피자,피자,30170588,월평3동,127.373741377892,36.3603518528753
대전광역시 서구,8006,I21003,MA010120220806221214,뽕뜨락피자,피자,30170535,정림동,127.366471485535,36.3021131964383
대전광역시 서구,8006,I21003,MA010120220811768289,레사식탁,피자,30170660,둔산3동,127.398670957666,36.3504935393959
대전광역시 서구,8006,I21003,MA010120220806253875,케이엘그룹주,피자,30170593,도안동,127.343694034831,36.3227908709938
대전광역시 서구,8006,I21003,MA0101202601A0022087,피자먹다&뽕뜨락피자,피자,30170582,갈마2동,127.377651718935,36.3418114006203
대전광역시 서구,8006,I21003,MA0101202509A0003460,피자나라치킨공주,피자,30170597,관저2동,127.341466308729,36.2997089725
대전광역시 서구,8006,I21003,MA0101202507A0017335,네오피자,피자,30170560,괴정동,127.374092268271,36.3405429250153
대전광역시 서구,8006,I21003,MA0101202601A0048987,차올라피자,피자,30170640,둔산2동,127.373674296185,36.3509798491736
대전광역시 서구,8006,I21003,MA0101202603A0017920,서진샐러드,피자,30170597,관저2동,127.325186173802,36.2961946810655
대전광역시 서구,8006,I21003,MA0101202604A0053722,샐러디대전,피자,30170640,둔산2동,127.374883883465,36.3523188112285
대전광역시 서구,8006,I21003,MA0101202603A0020097,수웊,피자,30170550,용문동,127.388672592133,36.3359454542445
대전광역시 서구,8006,I21003,MA0101202603A0033294,빽보이피자대전,피자,30170593,도안동,127.338574142803,36.3311774423149
대전광역시 서구,8006,I21003,MA010120220814191879,피자플렉스,피자,30170596,관저1동,127.336571203005,36.3082931051902
대전광역시 서구,8006,I21003,MA010120220808078217,마담샌드,피자,30170597,관저2동,127.338383552234,36.2973926822712
대전광역시 서구,8006,I21003,MA010120220806233026,이삭,피자,30170650,만년동,127.375629787504,36.3661224511312
대전광역시 서구,8006,I21003,MA010120220800229468,피자는치즈빨,피자,30170597,관저2동,127.333990947855,36.3011449468639
대전광역시 서구,8006,I21003,MA010120220804321899,7번가피자,피자,30170650,만년동,127.376494946392,36.3652996607399
대전광역시 서구,8006,I21003,MA010120220806186986,이삭,피자,30170597,관저2동,127.333978277802,36.3007845087485
대전광역시 서구,8006,I21003,MA0101202502A0068026,피자스쿨대전,피자,30170582,갈마2동,127.371707098861,36.3472731418534
대전광역시 서구,8006,I21003,MA0101202411A0051074,쏭케이크,피자,30170540,변동,127.384912232079,36.32325101504
대전광역시 서구,8006,I21003,MA0101202508A0003975,토핑몬스터피자,피자,30170560,괴정동,127.380508869349,36.3383688551879
대전광역시 서구,8006,I21003,MA0101202509A0024461,엠제이엠제이MJMJ,피자,30170582,갈마2동,127.372696638308,36.342196438619
대전광역시 서구,8006,I21003,MA0101202509A0031771,외계인피자,피자,30170660,둔산3동,127.400252769826,36.3504702280966
대전광역시 서구,8006,I21003,MA0101202508A0010207,굿럭GoodLuck,피자,30170586,월평1동,127.36752998683,36.3544594170405
대전광역시 서구,8006,I21003,MA0101202509A0005234,청년피자,피자,30170581,갈마1동,127.369188621484,36.3470917021319
대전광역시 서구,8006,I21003,MA010120220806516012,피자런,피자,30170582,갈마2동,127.375190395791,36.3488663486204
대전광역시 서구,8006,I21003,MA0101202411A0071959,차고피자,피자,30170555,탄방동,127.391011005823,36.34473330575
대전광역시 서구,8006,I21003,MA0101202505A0000636,샐러드하우스,피자,30170593,도안동,127.353834880835,36.3094868876323
대전광역시 서구,8006,I21003,MA0101202503A0037647,예술피자,피자,30170640,둔산2동,127.378582792753,36.3500632240457
대전광역시 서구,8006,I21003,MA0101202503A0062320,청년피자,피자,30170597,관저2동,127.339710687175,36.2979296294257
대전광역시 서구,8006,I21003,MA0101202503A0049491,바오프레쉬,피자,30170593,도안동,127.341068296031,36.3284668133082
대전광역시 서구,8006,I21003,MA0101202506A0031870,그린브라우니샤크존점,피자,30170555,탄방동,127.386160277752,36.3482276155911
대전광역시 서구,8006,I21003,MA0101202503A0013068,임실치즈피자,피자,30170555,탄방동,127.396256275236,36.3466445431847
대전광역시 서구,8006,I21003,MA010120220809860053,알볼로피자,피자,30170596,관저1동,127.336331606333,36.3043556102169
대전광역시 서구,8006,I21003,MA010120220812609016,파머스,피자,30170593,도안동,127.340203038314,36.3318216658515
대전광역시 서구,8006,I21003,MA010120220806745048,디딤,피자,30170587,월평2동,127.378994448912,36.3614437492767
대전광역시 서구,8006,I21003,MA010120220805123612,이프,피자,30170650,만년동,127.379994288908,36.3654237583398
대전광역시 서구,8006,I21003,MA010120220813481742,청년피자,피자,30170520,도마1동,127.373921327203,36.3234210792546
대전광역시 서구,8006,I21003,MA0101202411A0061891,필라델피아호기스쿨,피자,30170555,탄방동,127.397542371411,36.3476315640645
대전광역시 서구,8006,I21003,MA0101202501A0017089,이븐크레페,피자,30170587,월평2동,127.376889499689,36.3593146262181
대전광역시 서구,8006,I21003,MA0101202501A0055717,노모어피자,피자,30170593,도안동,127.339439349385,36.3303639270567
대전광역시 서구,8006,I21003,MA0101202501A0037581,피자나라치킨공주대전,피자,30170582,갈마2동,127.373947201807,36.3451483898987
대전광역시 서구,8006,I21003,MA010120220811830000,뽕뜨락피자,피자,30170510,복수동,127.374585696497,36.3086576656099
대전광역시 서구,8006,I21003,MA010120220813191849,피엠푸드도솔점,피자,30170593,도안동,127.348487215402,36.3112959477617
대전광역시 서구,8006,I21003,MA0101202409A0041110,프레드피자대전관저,피자,30170596,관저1동,127.336552284822,36.3064817811565
대전광역시 서구,8006,I21004,MA010120220806226349,롯데리아대전,버거,30170535,정림동,127.364699746517,36.3065704549605
대전광역시 서구,8006,I21004,MA0101202406A0453354,버거스테이션,버거,30170640,둔산2동,127.382186338755,36.34885319037
대전광역시 서구,8006,I21004,MA0101202406A0499945,맘스터치월평역,버거,30170586,월평1동,127.364178315922,36.3572272734454
대전광역시 서구,8006,I21004,MA010120220810152490,맘스터치,버거,30170650,만년동,127.380981727558,36.3691244323089
대전광역시 서구,8006,I21004,MA010120220811833484,맘스터치,버거,30170596,관저1동,127.335964156041,36.3043476315186
대전광역시 서구,8006,I21004,MA0101202406A0201423,맘스터치갈마,버거,30170581,갈마1동,127.369220636646,36.3467942151969
대전광역시 서구,8006,I21004,MA0101202406A0370060,롯데리아,버거,30170597,관저2동,127.335414998185,36.3009066525449
대전광역시 서구,8006,I21004,MA0101202409A0211945,맘스터치대전,버거,30170520,도마1동,127.38111309467,36.3137737659526
대전광역시 서구,8006,I21004,MA0101202406A0065775,버거리,버거,30170555,탄방동,127.388853167599,36.3476241076673
대전광역시 서구,8006,I21004,MA0101202406A0180484,맘스터치대전관저더샵,버거,30170597,관저2동,127.326078202025,36.2965347018674
대전광역시 서구,8006,I21004,MA0101202406A0119503,맘스터치둔산,버거,30170640,둔산2동,127.376207474027,36.3518730757825
대전광역시 서구,8006,I21004,MA0101202406A0298046,롯데리아가,버거,30170593,도안동,127.352224018423,36.3053462060137
대전광역시 서구,8006,I21004,MA010120220813554045,롯데리아,버거,30170586,월평1동,127.363058338925,36.3559690373111
대전광역시 서구,8006,I21004,MA010120220808409674,맘스터치대전,버거,30170630,둔산1동,127.389778896649,36.3590209456752
대전광역시 서구,8006,I21004,MA010120220809664336,프랭크버거,버거,30170630,둔산1동,127.388145676682,36.3509697665554
대전광역시 서구,8006,I21004,MA010120220811866644,제이와이푸드맘스터치대전,버거,30170582,갈마2동,127.371868114154,36.3506790840642
대전광역시 서구,8006,I21004,MA010120220811085600,맘스터치,버거,30170555,탄방동,127.389126097305,36.3420269192511
대전광역시 서구,8006,I21004,MA0101202305A0069648,프랭크버거,버거,30170597,관저2동,127.339792056057,36.2987224401354
대전광역시 서구,8006,I21004,MA0101202305A0141019,롯데리아대전,버거,30170520,도마1동,127.380521671173,36.313514307645
대전광역시 서구,8006,I21004,MA0101202406A0027975,프랭크버거,버거,30170593,도안동,127.350576618019,36.3054411663803
대전광역시 서구,8006,I21004,MA0101202406A0020011,맘스터치가장로점,버거,30170560,괴정동,127.382572515699,36.3367041016571
대전광역시 서구,8006,I21004,MA0106202201A0010508,버거킹,버거,30170597,관저2동,127.33897067929,36.2992925174885
대전광역시 서구,8006,I21004,MA010120220809930627,파파존스,버거,30170587,월평2동,127.378319599508,36.3624371785899
대전광역시 서구,8006,I21004,MA010120220806223139,버거킹대전,버거,30170630,둔산1동,127.389878029595,36.3498556821445
대전광역시 서구,8006,I21004,MA010120220802977667,맘스터치,버거,30170593,도안동,127.340575362198,36.3303606954294
대전광역시 서구,8006,I21004,MA010120220811630039,지티에스버거,버거,30170582,갈마2동,127.373722287992,36.3493665954786
대전광역시 서구,8006,I21004,MA010120220806622956,맘스터치가,버거,30170593,도안동,127.349163546306,36.3056525736625
대전광역시 서구,8006,I21004,MA0101202211A0042507,맘스터치과기대점,버거,30170510,복수동,127.377197176807,36.2983489429787
대전광역시 서구,8006,I21004,MA010120220807656461,파파존스,버거,30170593,도안동,127.352670304003,36.3055521623558
대전광역시 서구,8006,I21004,MA010120220806225115,롯데리아대전,버거,30170593,도안동,127.338592908348,36.3303663279165
대전광역시 서구,8006,I21004,MA010120220806242629,맘스터치,버거,30170520,도마1동,127.370475501773,36.3224405115764
대전광역시 서구,8006,I21004,MA010120220812337202,666버거,버거,30170555,탄방동,127.393690304176,36.3458870253043
대전광역시 서구,8006,I21004,MA010120220809143317,롯데리아,버거,30170582,갈마2동,127.369231138128,36.3466590063716
대전광역시 서구,8006,I21004,MA0106202201A0010402,버거킹대전,버거,30170550,용문동,127.391929177579,36.3390078311894
대전광역시 서구,8006,I21004,MA010120220806306201,맘스터치,버거,30170630,둔산1동,127.389845373078,36.3500089883912
대전광역시 서구,8006,I21004,MA0101202210A0003934,프랭크버거대전,버거,30170510,복수동,127.378351687201,36.2999674240985
대전광역시 서구,8006,I21004,MA0106202201A0010485,버거킹대전,버거,30170587,월평2동,127.377316871719,36.3624493611079
대전광역시 서구,8006,I21004,MA010120220811136422,아토믹버거쉽,버거,30170597,관저2동,127.337197705885,36.301226064177
대전광역시 서구,8006,I21004,MA0106202201A0010685,버거킹대전둔산1점,버거,30170640,둔산2동,127.377471040888,36.3505353520911
대전광역시 서구,8006,I21004,MA010120220808253541,맘스터치,버거,30170587,월평2동,127.376921429393,36.3613151308376
대전광역시 서구,8006,I21004,MA010120220806187734,롯데리아,버거,30170570,가장동,127.385403707741,36.3348566042064
대전광역시 서구,8006,I21004,MA010120220808649894,맘스터치대전,버거,30170630,둔산1동,127.389778896649,36.3590209456752
대전광역시 서구,8006,I21004,MA0101202603A0007726,레커버거대전둔산,버거,30170640,둔산2동,127.377756386715,36.3542563020707
대전광역시 서구,8006,I21004,MA010120220803153088,노브랜드버거,버거,30170597,관저2동,127.341039095553,36.2987549369807
대전광역시 서구,8006,I21004,MA010120220812593752,신세계푸드노브랜드버거대전,버거,30170630,둔산1동,127.389867072032,36.3521266778122
대전광역시 서구,8006,I21004,MA010120220806371959,버거방위본부,버거,30170630,둔산1동,127.389850587461,36.3532892464577
대전광역시 서구,8006,I21004,MA010120220803190381,롯데리아대전,버거,30170520,도마1동,127.370550766141,36.3242246133703
대전광역시 서구,8006,I21004,MA010120220814044888,롯데리아,버거,30170510,복수동,127.378234657365,36.2987872450391
대전광역시 서구,8006,I21004,MA010120220800606152,프랭크버거,버거,30170593,도안동,127.340203038314,36.3318216658515
대전광역시 서구,8006,I21004,MA010120220807761472,롯데리아타임월드,버거,30170640,둔산2동,127.376004866738,36.3514411495278
대전광역시 서구,8006,I21004,MA010120220811668294,아메리칸치즈버거,버거,30170555,탄방동,127.3955283447,36.3436820881087
대전광역시 서구,8006,I21004,MA0101202511A0024635,노브랜드버거도안,버거,30170593,도안동,127.348564589191,36.3261742152744
대전광역시 서구,8006,I21004,MA010120220808790866,시민버거,버거,30170530,도마2동,127.366080361578,36.3232380791324
대전광역시 서구,8006,I21004,MA0101202511A0040145,맘스터치,버거,30170597,관저2동,127.340213618422,36.2983787914336
대전광역시 서구,8006,I21004,MA0101202508A0009321,맘스터치,버거,30170650,만년동,127.380981727558,36.3691244323089
대전광역시 서구,8006,I21004,MA0101202510A0002116,왓더버거대전,버거,30170630,둔산1동,127.388772622554,36.3515895389145
대전광역시 서구,8006,I21004,MA0101202509A0023096,버거베이트,버거,30170593,도안동,127.354487608511,36.3085567365164
대전광역시 서구,8006,I21004,MA0101202508A0011948,뉴욕버거대전도안,버거,30170593,도안동,127.340575362198,36.3303606954294
대전광역시 서구,8006,I21004,MA0101202511A0037482,버거베이트,버거,30170630,둔산1동,127.3870902396,36.3493060168059
대전광역시 서구,8006,I21004,MA0101202507A0041627,맘스터치대전,버거,30170550,용문동,127.394270099722,36.3371527197919
대전광역시 서구,8006,I21004,MA010120220806232057,롯데리아가,버거,30170593,도안동,127.358590361413,36.3024164605545
대전광역시 서구,8006,I21004,MA010120220809975218,델리랩,버거,30170593,도안동,127.350754920618,36.3054766907061
대전광역시 서구,8006,I21004,MA0101202502A0048749,스매쉬바이버거베이트,버거,30170586,월평1동,127.358946191621,36.355738143755
대전광역시 서구,8006,I21004,MA0101202509A0043290,버거킹대전,버거,30170593,도안동,127.338632560233,36.3318081021504
대전광역시 서구,8006,I21004,MA010120220806205992,롯데리아대전,버거,30170555,탄방동,127.38700930648,36.3464585655361
대전광역시 서구,8006,I21004,MA0101202411A0106611,버거킹대전,버거,30170530,도마2동,127.379760168664,36.3126245603742
대전광역시 서구,8006,I21004,MA0101202502A0061403,프랭크버거대전,버거,30170555,탄방동,127.392232177567,36.339457425267
대전광역시 서구,8006,I21004,MA0101202503A0024565,버거운버거,버거,30170593,도안동,127.337450405456,36.3288645894933
대전광역시 서구,8006,I21004,MA0101202503A0007444,움버거앤윙스대전,버거,30170520,도마1동,127.378459214179,36.3176122132652
대전광역시 서구,8006,I21004,MA0101202409A0241121,버거리,버거,30170597,관저2동,127.338264010752,36.2980689086315
대전광역시 서구,8006,I21005,MA0101202409A0225999,슬로우캘리대전,토스트/샌드위치/샐러드,30170630,둔산1동,127.387265774976,36.3510086683967
대전광역시 서구,8006,I21005,MA010120220807797088,프레씨엘,토스트/샌드위치/샐러드,30170593,도안동,127.354527127762,36.3074481653141
대전광역시 서구,8006,I21005,MA0101202406A0032634,써브웨이대전,토스트/샌드위치/샐러드,30170555,탄방동,127.388958649021,36.3464342131258
대전광역시 서구,8006,I21005,MA0101202406A0232133,말통샌드위치,토스트/샌드위치/샐러드,30170586,월평1동,127.362372191725,36.3569624121968
대전광역시 서구,8006,I21005,MA0101202406A0033132,오렌지푸드샌드위치,토스트/샌드위치/샐러드,30170560,괴정동,127.381502610283,36.3388613343135
대전광역시 서구,8006,I21005,MA010120220806199640,이삭토스트,토스트/샌드위치/샐러드,30170630,둔산1동,127.387265774976,36.3510086683967
대전광역시 서구,8006,I21005,MA010120220811896375,써브웨이대전,토스트/샌드위치/샐러드,30170550,용문동,127.3916186968,36.3392882136403
대전광역시 서구,8006,I21005,MA0101202406A0086152,주주샌드위치,토스트/샌드위치/샐러드,30170593,도안동,127.35020008268,36.3058928612231
대전광역시 서구,8006,I21005,MA010120220805115151,예스맘토스트,토스트/샌드위치/샐러드,30170660,둔산3동,127.396756630819,36.3508513687761
대전광역시 서구,8006,I21005,MA010120220803067831,토스트굽는사람들,토스트/샌드위치/샐러드,30170587,월평2동,127.375032853429,36.3601495480004
대전광역시 서구,8006,I21005,MA0101202307A0095767,샌드위치마켓,토스트/샌드위치/샐러드,30170593,도안동,127.346304074811,36.323720565066
대전광역시 서구,8006,I21005,MA0101202308A0075182,써브웨이대전,토스트/샌드위치/샐러드,30170530,도마2동,127.379519046565,36.3134183650433
대전광역시 서구,8006,I21005,MA0101202305A0123150,슬로우캘리,토스트/샌드위치/샐러드,30170640,둔산2동,127.377810522699,36.3539317081003
대전광역시 서구,8006,I21005,MA010120220807791713,로이토스트,토스트/샌드위치/샐러드,30170593,도안동,127.347461565995,36.3085052688512
대전광역시 서구,8006,I21005,MA010120220806217783,토스트굽는사람들,토스트/샌드위치/샐러드,30170560,괴정동,127.388382780951,36.3403891967605
대전광역시 서구,8006,I21005,MA010120220807982734,써브웨이대전,토스트/샌드위치/샐러드,30170593,도안동,127.33865350934,36.3315016419277
대전광역시 서구,8006,I21005,MA010120220806226584,이삭토스트,토스트/샌드위치/샐러드,30170560,괴정동,127.388138578081,36.3405612136039
대전광역시 서구,8006,I21005,MA010120220812262659,에그드랍,토스트/샌드위치/샐러드,30170555,탄방동,127.38898989306,36.3482364617245
대전광역시 서구,8006,I21005,MA010120220805697087,써브웨이대전,토스트/샌드위치/샐러드,30170587,월평2동,127.378999386609,36.3624620594038
대전광역시 서구,8006,I21005,MA010120220805751859,이삭토스트가,토스트/샌드위치/샐러드,30170590,가수원동,127.350468792518,36.3037382471017
대전광역시 서구,8006,I21005,MA010120220807143250,샐러브,토스트/샌드위치/샐러드,30170582,갈마2동,127.370058202442,36.3472332005881
대전광역시 서구,8006,I21005,MA010120220813619642,이삭토스트,토스트/샌드위치/샐러드,30170640,둔산2동,127.37538455539,36.3521820632166
대전광역시 서구,8006,I21005,MA010120220806719253,죠샌드위치,토스트/샌드위치/샐러드,30170640,둔산2동,127.38224781456,36.3523135052559
대전광역시 서구,8006,I21005,MA010120220808728793,슬로우캘리,토스트/샌드위치/샐러드,30170593,도안동,127.350512194506,36.3059730530024
대전광역시 서구,8006,I21005,MA010120220805145440,토스트굽는사람들,토스트/샌드위치/샐러드,30170555,탄방동,127.39394932765,36.3464449002936
대전광역시 서구,8006,I21005,MA0101202604A0002570,써브웨이대전,토스트/샌드위치/샐러드,30170630,둔산1동,127.387272023643,36.352270292524
대전광역시 서구,8006,I21005,MA010120220803327961,포케153,토스트/샌드위치/샐러드,30170630,둔산1동,127.387238317578,36.349963394691
대전광역시 서구,8006,I21005,MA010120220809276582,샐요일법원,토스트/샌드위치/샐러드,30170630,둔산1동,127.388656529099,36.3528876077313
대전광역시 서구,8006,I21005,MA010120220805462735,써브웨이,토스트/샌드위치/샐러드,30170597,관저2동,127.33793216497,36.2985654982406
대전광역시 서구,8006,I21005,MA0101202512A0023126,이삭토스트둔산자이,토스트/샌드위치/샐러드,30170582,갈마2동,127.377313289942,36.340929316712
대전광역시 서구,8006,I21005,MA0101202507A0029909,야드샌드위치앤샐러드,토스트/샌드위치/샐러드,30170555,탄방동,127.388879058595,36.3461100490412
대전광역시 서구,8006,I21005,MA0101202506A0015411,캠토토스트,토스트/샌드위치/샐러드,30170593,도안동,127.343750998416,36.320546768046
대전광역시 서구,8006,I21005,MA0101202603A0027604,이삭토스트대전,토스트/샌드위치/샐러드,30170593,도안동,127.339423407111,36.331823882445
대전광역시 서구,8006,I21005,MA0101202506A0022375,이삭토스트둔산,토스트/샌드위치/샐러드,30170640,둔산2동,127.398937442955,36.3590538002474
대전광역시 서구,8006,I21005,MA010120220808409531,써브웨이건양대,토스트/샌드위치/샐러드,30170596,관저1동,127.341154270908,36.3073068375332
대전광역시 서구,8006,I21005,MA0101202411A0013091,추억토스트,토스트/샌드위치/샐러드,30170555,탄방동,127.39265749553,36.346521245986
대전광역시 서구,8006,I21005,MA0101202411A0135573,이삭토스트,토스트/샌드위치/샐러드,30170597,관저2동,127.325774587108,36.2958055698707
대전광역시 서구,8006,I21005,MA0101202411A0033767,마망샌드위치,토스트/샌드위치/샐러드,30170530,도마2동,127.372191584547,36.3179833524836
전북특별자치도 익산시,8001,I201,MA010120220803059147,한상,백반/한정식,52140656,신동,126.956500494211,35.9611249203654
전북특별자치도 익산시,8001,I201,MA010120220804544245,본향,백반/한정식,52140410,왕궁면,127.105162788756,35.990530139511
전북특별자치도 익산시,8001,I201,MA010120220808615336,수기국수,국수/칼국수,52140595,남중동,126.959221055482,35.9521495228384
전북특별자치도 익산시,8001,I201,MA010120220807324047,이모네집,백반/한정식,52140646,영등1동,126.966781733017,35.949231832137
전북특별자치도 익산시,8001,I201,MA010120220807306245,또랑장어,해산물 구이/찜,52140580,마동,126.967474175487,35.9364343805105
전북특별자치도 익산시,8001,I201,MA010120220807789833,시닐비빔국수,국수/칼국수,52140310,오산면,126.914880720579,35.9449433751405
전북특별자치도 익산시,8001,I201,MA010120220807313740,정읍산외한우,소고기 구이/찜,52140610,모현동,126.939838904042,35.9466167638213
전북특별자치도 익산시,8001,I201,MA010120220807318718,아빠냉면,냉면/밀면,52140646,영등1동,126.966805144707,35.9462577413284
전북특별자치도 익산시,8001,I201,MA010120220806441044,남부고기명가,돼지고기 구이/찜,52140560,인화동,126.946111336797,35.931487876596
전북특별자치도 익산시,8001,I201,MA010120220807314720,동막골시래기마을,백반/한정식,52140690,삼성동,126.988792317767,35.9628266107021
전북특별자치도 익산시,8001,I201,MA010120220807313492,왕궁뼈다귀탕,국/탕/찌개류,52140580,마동,126.960691840103,35.9366756869532
전북특별자치도 익산시,8001,I201,MA010120220807313594,우리집숯불구이,돼지고기 구이/찜,52140560,인화동,126.948782763646,35.9302182918658
전북특별자치도 익산시,8001,I201,MA010120220811216946,원조갈비,돼지고기 구이/찜,52140690,삼성동,126.989979056562,35.9583565666945
전북특별자치도 익산시,8001,I201,MA010120220806371049,명랑부대찌개,국/탕/찌개류,52140647,영등2동,126.979635830863,35.9615276214481
전북특별자치도 익산시,8001,I201,MA010120220807314322,마동국수,국수/칼국수,52140580,마동,126.968615633878,35.9364166594908
전북특별자치도 익산시,8001,I201,MA010120220803927845,24시콩나물김치찌개,백반/한정식,52140646,영등1동,126.970491450428,35.9582902705857
전북특별자치도 익산시,8001,I201,MA010120220807824495,제주흑도새기,백반/한정식,52140610,모현동,126.939834852298,35.9519611224679
전북특별자치도 익산시,8001,I201,MA010120220810484659,대박집,백반/한정식,52140656,신동,126.960736773914,35.9578548805482
전북특별자치도 익산시,8001,I201,MA010120220812510390,풍천장어마을,해산물 구이/찜,52140670,팔봉동,127.008502925204,35.9643499271714
전북특별자치도 익산시,8001,I201,MA010120220807311586,시골뚝배기,국/탕/찌개류,52140370,낭산면,127.010324662593,36.0773280573109
전북특별자치도 익산시,8001,I201,MA010120220807313539,심봉사눈떴네,돼지고기 구이/찜,52140652,어양동,126.982496342085,35.9595453453797
전북특별자치도 익산시,8001,I201,MA010120220811871178,가마솥한우곰탕,국/탕/찌개류,52140646,영등1동,126.977399159652,35.9523616078067
전북특별자치도 익산시,8001,I201,MA010120220809268032,봉화제,백반/한정식,52140330,함라면,126.906172770754,36.0543646507512
전북특별자치도 익산시,8001,I201,MA010120220807331363,일로가든,백반/한정식,52140570,동산동,126.979402710724,35.9200614061157
전북특별자치도 익산시,8001,I201,MA010120220812541166,쌈재뼈2대밥상,백반/한정식,52140595,남중동,126.949416676011,35.9440256054934
전북특별자치도 익산시,8001,I201,MA010120220803108874,신의혼밥,백반/한정식,52140656,신동,126.95558050386,35.9609353230712
전북특별자치도 익산시,8001,I201,MA010120220812665012,천하일미,백반/한정식,52140646,영등1동,126.969196137985,35.9540541155158
전북특별자치도 익산시,8001,I201,MA010120220812448097,시골밥상,백반/한정식,52140656,신동,126.95892858699,35.9604137965911
전북특별자치도 익산시,8001,I201,MA010120220806407053,신새벽시장,돼지고기 구이/찜,52140580,마동,126.965047666586,35.935388256217
전북특별자치도 익산시,8001,I201,MA010120220807302812,동촌추어탕,국/탕/찌개류,52140595,남중동,126.957871681946,35.9466785219733
전북특별자치도 익산시,8001,I201,MA010120220812525486,골목식당,백반/한정식,52140520,중앙동,126.947314313107,35.93886058174
전북특별자치도 익산시,8001,I201,MA010120220807305546,황금벼슬,돼지고기 구이/찜,52140652,어양동,126.97922663056,35.957841480395
전북특별자치도 익산시,8001,I201,MA010120220808156985,땅스부대찌개익산인화점,국/탕/찌개류,52140560,인화동,126.956594829282,35.9305277934884
전북특별자치도 익산시,8001,I201,MA010120220805995877,지리산흑돈,돼지고기 구이/찜,52140652,어양동,126.987108423513,35.9558238076124
전북특별자치도 익산시,8001,I201,MA010120220809085308,명진옥,백반/한정식,52140580,마동,126.960148098695,35.9381084842667
전북특별자치도 익산시,8001,I201,MA010120220807318029,더차림,백반/한정식,52140330,함라면,126.877939692365,36.0389192511341
전북특별자치도 익산시,8001,I201,MA010120220807315205,예지원,백반/한정식,52140420,춘포면,127.025782996866,35.9553440731357
전북특별자치도 익산시,8001,I201,MA010120220802883910,한일정,백반/한정식,52140620,송학동,126.940687712892,35.9379652599969
전북특별자치도 익산시,8001,I201,MA010120220808780632,밥프렌즈,백반/한정식,52140656,신동,126.966633849596,35.9582532105125
전북특별자치도 익산시,8001,I201,MA010120220805298373,서해홍탁,횟집,52140620,송학동,126.93688530831,35.9394593841536
전북특별자치도 익산시,8001,I201,MA010120220807319079,오원집,백반/한정식,52140656,신동,126.957831381622,35.95994477144
전북특별자치도 익산시,8001,I201,MA010120220811813554,부전자전,백반/한정식,52140647,영등2동,126.972375324924,35.9599940624054
전북특별자치도 익산시,8001,I201,MA010120220807322380,한씨네대가추어탕,국/탕/찌개류,52140610,모현동,126.940134180495,35.9518891728709
전북특별자치도 익산시,8001,I201,MA010120220807323511,금호장어숯불구이,돼지고기 구이/찜,52140310,오산면,126.906092657007,35.9254068822923
전북특별자치도 익산시,8001,I201,MA010120220808146376,참바다횟집,횟집,52140646,영등1동,126.970881374065,35.9529910721278
전북특별자치도 익산시,8001,I201,MA010120220807309577,버들목해물칼국수,국수/칼국수,52140560,인화동,126.954732885492,35.9310498274519
전북특별자치도 익산시,8001,I201,MA010120220807310115,유명탕집,백반/한정식,52140646,영등1동,126.972722530915,35.9496388878695
전북특별자치도 익산시,8001,I201,MA010120220805971399,초향,백반/한정식,52140595,남중동,126.958311636063,35.9531225505178
전북특별자치도 익산시,8001,I201,MA010120220807328494,낚시터가든,백반/한정식,52140420,춘포면,127.033818587926,35.9534404602425
전북특별자치도 익산시,8001,I201,MA010120220807246245,완도전복,횟집,52140560,인화동,126.949524698667,35.9310117009191
전북특별자치도 익산시,8001,I201,MA010120220811863644,시골팥죽,백반/한정식,52140595,남중동,126.957702494799,35.952185046928
전북특별자치도 익산시,8001,I201,MA010120220807273970,흙가든허브오리,닭/오리고기 구이/찜,52140310,오산면,126.912067630806,35.9230771828804
전북특별자치도 익산시,8001,I201,MA010120220807263972,오리의향기,백반/한정식,52140647,영등2동,126.970778829859,35.9605524529369
전북특별자치도 익산시,8001,I201,MA010120220803163561,맛있는밥집,백반/한정식,52140420,춘포면,127.053108056227,35.9241430815676
전북특별자치도 익산시,8001,I201,MA010120220806879161,두두고을,백반/한정식,52140646,영등1동,126.971380170417,35.9529911921036
전북특별자치도 익산시,8001,I201,MA010120220809993476,족발타령,족발/보쌈,52140570,동산동,126.962122920863,35.9335488321194
전북특별자치도 익산시,8001,I201,MA010120220808491703,작은설가마솥팥죽,백반/한정식,52140520,중앙동,126.945242752226,35.9376339642612
전북특별자치도 익산시,8001,I201,MA010120220810372946,사랑방,백반/한정식,52140670,팔봉동,127.024078240999,35.962878792927
전북특별자치도 익산시,8001,I201,MA010120220812407616,이리족발,족발/보쌈,52140690,삼성동,126.988337810422,35.9627724930324
전북특별자치도 익산시,8001,I201,MA010120220807316064,진미식당,백반/한정식,52140560,인화동,126.951730314022,35.9302916126957
전북특별자치도 익산시,8001,I201,MA010120220807297397,영광기사식당,백반/한정식,52140570,동산동,126.956496100497,35.9286982318324
전북특별자치도 익산시,8001,I201,MA010120220806480624,불타는닭발,닭/오리고기 구이/찜,52140652,어양동,126.982695572394,35.9609422958921
전북특별자치도 익산시,8001,I201,MA010120220809894300,돈버는족족,백반/한정식,52140610,모현동,126.948381873214,35.9502887942418
전북특별자치도 익산시,8001,I201,MA010120220803582877,갈비사랑,돼지고기 구이/찜,52140646,영등1동,126.970581290935,35.9551629889381
전북특별자치도 익산시,8001,I201,MA010120220807327708,옛뜨락,백반/한정식,52140646,영등1동,126.977897849147,35.9527312094466
전북특별자치도 익산시,8001,I201,MA010120220807320515,리킨홉,돼지고기 구이/찜,52140610,모현동,126.943130862176,35.9463840458007
전북특별자치도 익산시,8001,I201,MA010120220807323368,엄마밥상,백반/한정식,52140250,함열읍,126.958521884493,36.0808270777111
전북특별자치도 익산시,8001,I201,MA010120220807331333,큰손숯불갈비,돼지고기 구이/찜,52140570,동산동,126.964948207953,35.9347573567658
전북특별자치도 익산시,8001,I201,MA010120220803862630,맛짱낙곱새,해산물 구이/찜,52140656,신동,126.959382529963,35.9615044509865
전북특별자치도 익산시,8001,I201,MA010120220805637466,함박집,백반/한정식,52140656,신동,126.959194066314,35.9615224118438
전북특별자치도 익산시,8001,I201,MA010120220809653030,가온오리,백반/한정식,52140570,동산동,126.963109451303,35.9329813557538
전북특별자치도 익산시,8001,I201,MA010120220807309448,원식당,백반/한정식,52140595,남중동,126.953495946472,35.9428556403351
전북특별자치도 익산시,8001,I201,MA010120220807301623,또또오리익,백반/한정식,52140560,인화동,126.954789882539,35.928255991652
전북특별자치도 익산시,8001,I201,MA010120220807320307,봉추찜닭,닭/오리고기 구이/찜,52140656,신동,126.957297563261,35.9631439828915
전북특별자치도 익산시,8001,I201,MA010120220807303092,족보설렁탕,국/탕/찌개류,52140652,어양동,126.981863947451,35.9618794622613
전북특별자치도 익산시,8001,I201,MA010120220807134436,해빈식당,돼지고기 구이/찜,52140360,용안면,126.954114587749,36.1184964122351
전북특별자치도 익산시,8001,I201,MA010120220803362971,삼해수산,횟집,52140595,남중동,126.957215366109,35.9511123975016
전북특별자치도 익산시,8001,I201,MA010120220807320529,소담가든,백반/한정식,52140390,여산면,127.084950850242,36.0566603808968
전북특별자치도 익산시,8001,I201,MA010120220807297367,먹거리,백반/한정식,52140656,신동,126.957618964213,35.9633063198876
전북특별자치도 익산시,8001,I201,MA010120220807010476,신퓨전식당,국수/칼국수,52140400,금마면,127.053042330981,35.9915919125584
전북특별자치도 익산시,8001,I201,MA010120220803874609,장터국수,국수/칼국수,52140250,함열읍,126.958577944197,36.0797816800268
전북특별자치도 익산시,8001,I201,MA010120220807301224,삼일식당,백반/한정식,52140520,중앙동,126.948335048135,35.937085576675
전북특별자치도 익산시,8001,I201,MA010120220807782027,게판5분전,횟집,52140310,오산면,126.930718500907,35.9451338096555
전북특별자치도 익산시,8001,I201,MA010120220802647980,도시락싸는남자,백반/한정식,52140656,신동,126.955745161801,35.9638463870378
전북특별자치도 익산시,8001,I201,MA010120220805013909,배불뚝집원광대점,백반/한정식,52140656,신동,126.957397257832,35.9632882166029
전북특별자치도 익산시,8001,I201,MA010120220805896816,회뜨는오빠,횟집,52140570,동산동,126.959366187081,35.9284739264249
전북특별자치도 익산시,8001,I201,MA010120220807316626,천금유통,백반/한정식,52140390,여산면,127.096307529239,36.0405108365534
전북특별자치도 익산시,8001,I201,MA010120220807339819,예지원,백반/한정식,52140420,춘포면,127.025782996866,35.9553440731357
전북특별자치도 익산시,8001,I201,MA010120220807323359,심봉사눈떳네,돼지고기 구이/찜,52140580,마동,126.967773328677,35.9365876725521
전북특별자치도 익산시,8001,I201,MA010120220809739542,울엄니소머리곰탕,국/탕/찌개류,52140670,팔봉동,127.00058740238,35.9436757651713
전북특별자치도 익산시,8001,I201,MA010120220807249682,왕등도,횟집,52140570,동산동,126.959011494698,35.9286720796346
전북특별자치도 익산시,8001,I201,MA010120220807305627,아자왕족발,족발/보쌈,52140690,삼성동,126.987983340092,35.9609699790285
전북특별자치도 익산시,8001,I201,MA010120220807316168,여산초원가든,백반/한정식,52140390,여산면,127.086483174913,36.0572811304503
전북특별자치도 익산시,8001,I201,MA010120220806857033,가정식당,백반/한정식,52140560,인화동,126.956636654019,35.9351061271788
전북특별자치도 익산시,8001,I201,MA010120220807316347,성아식당,백반/한정식,52140250,함열읍,126.958521884493,36.0808270777111
전북특별자치도 익산시,8001,I201,MA010120220807298374,칠성본가,백반/한정식,52140560,인화동,126.960881652015,35.9338007823027
전북특별자치도 익산시,8001,I201,MA010120220806890414,멜로우푸드,백반/한정식,52140656,신동,126.9620663713,35.9591260565172
전북특별자치도 익산시,8001,I201,MA010120220800645387,비아이지,백반/한정식,52140647,영등2동,126.979104168094,35.9598422118478
전북특별자치도 익산시,8001,I201,MA010120220807302282,노고단황토초막집,백반/한정식,52140250,함열읍,126.966972285467,36.0770806214474
전북특별자치도 익산시,8001,I201,MA010120220807318630,도도랑족발보쌈,족발/보쌈,52140647,영등2동,126.980456333054,35.96083380337
전북특별자치도 익산시,8001,I201,MA010120220804970012,또와유,백반/한정식,52140530,평화동,126.918774584591,35.9197112500699
전북특별자치도 익산시,8001,I201,MA010120220807309576,토마토아구찜,해산물 구이/찜,52140610,모현동,126.943836757968,35.9512510814669
전북특별자치도 익산시,8001,I201,MA010120220807300479,배산집,백반/한정식,52140610,모현동,126.94382608855,35.9506652698046
전북특별자치도 익산시,8001,I201,MA010120220808706858,남파앞팥죽집,백반/한정식,52140595,남중동,126.955984961117,35.9512381263486
전북특별자치도 익산시,8001,I201,MA010120220807317895,다사랑만찬,백반/한정식,52140560,인화동,126.955277275014,35.9285535848776
전북특별자치도 익산시,8001,I201,MA010120220807318404,할매국수,국수/칼국수,52140646,영등1동,126.97123855628,35.9461417240722
전북특별자치도 익산시,8001,I201,MA010120220807298049,왕궁뼈다귀탕,국/탕/찌개류,52140250,함열읍,126.959178279046,36.0781957356104
전북특별자치도 익산시,8001,I201,MA010120220803446363,현대옥송학점,국/탕/찌개류,52140620,송학동,126.937163768182,35.9376930942349
전북특별자치도 익산시,8001,I201,MA010120220807412004,고봉삼계탕,국/탕/찌개류,52140610,모현동,126.946432686182,35.9479266878966
전북특별자치도 익산시,8001,I201,MA010120220807328490,황금식당,돼지고기 구이/찜,52140690,삼성동,126.989369241219,35.9593568905966
전북특별자치도 익산시,8001,I201,MA010120220803406787,마루,돼지고기 구이/찜,52140652,어양동,126.987840466589,35.9528948519064
전북특별자치도 익산시,8001,I201,MA010120220804653720,서울횟집,횟집,52140610,모현동,126.943419963138,35.9450773817929
전북특별자치도 익산시,8001,I201,MA010120220807311292,목포홍탁,횟집,52140595,남중동,126.957016140355,35.950580594069
전북특별자치도 익산시,8001,I201,MA010120220804471123,우박집,소고기 구이/찜,52140646,영등1동,126.973286122633,35.9546499143456
전북특별자치도 익산시,8001,I201,MA010120220807308303,암소한마리한우,소고기 구이/찜,52140652,어양동,126.979260114228,35.9569672832142
전북특별자치도 익산시,8001,I201,MA010120220803855512,바닷가작은섬,횟집,52140610,모현동,126.943517172504,35.9486463444877
전북특별자치도 익산시,8001,I201,MA010120220807085409,윤자네초가집,백반/한정식,52140580,마동,126.967339107137,35.9414993290712
전북특별자치도 익산시,8001,I201,MA010120220803065369,함라산황토가든,돼지고기 구이/찜,52140330,함라면,126.914847029948,36.0691331776858
전북특별자치도 익산시,8001,I201,MA010120220807324323,지지고원광대점,백반/한정식,52140656,신동,126.957929553133,35.9629549458593
전북특별자치도 익산시,8001,I201,MA010120220807055332,돌섬횟집,횟집,52140652,어양동,126.98205236809,35.9620327013019
전북특별자치도 익산시,8001,I201,MA010120220807302662,수정식당,백반/한정식,52140530,평화동,126.945800240644,35.9326863909074
전북특별자치도 익산시,8001,I201,MA010120220807312712,태화생선구이,해산물 구이/찜,52140560,인화동,126.959419279857,35.932998189952
전북특별자치도 익산시,8001,I201,MA010120220807327600,자매갈비,돼지고기 구이/찜,52140652,어양동,126.982274612318,35.9596534616185
전북특별자치도 익산시,8001,I201,MA010120220807313730,미소식당,백반/한정식,52140690,삼성동,127.000698448951,35.9682075286888
전북특별자치도 익산시,8001,I201,MA010120220807298420,하버드식당,백반/한정식,52140656,신동,126.954326335467,35.963557458907
전북특별자치도 익산시,8001,I201,MA010120220807308073,함열생칼국수,국수/칼국수,52140250,함열읍,126.957212118591,36.0802678598955
전북특별자치도 익산시,8001,I201,MA010120220807308743,산수각,백반/한정식,52140400,금마면,127.023682006842,36.0095358509979
전북특별자치도 익산시,8001,I201,MA010120220806945615,선유유통,백반/한정식,52140580,마동,126.970731963,35.9373454746673
전북특별자치도 익산시,8001,I201,MA010120220812526937,용성들녘,백반/한정식,52140440,용동면,126.98587155378,36.1162873749172
전북특별자치도 익산시,8001,I201,MA010120220807319004,바다수산,횟집,52140520,중앙동,126.950868853309,35.9435575627499
전북특별자치도 익산시,8001,I201,MA010120220807314148,도적,돼지고기 구이/찜,52140690,삼성동,126.989524056287,35.9622228463966
전북특별자치도 익산시,8001,I201,MA010120220803813174,웅포국수,국수/칼국수,52140340,웅포면,126.877025081597,36.0633505382427
전북특별자치도 익산시,8001,I201,MA010120220809394003,호림돈오리,백반/한정식,52140656,신동,126.963673736405,35.9591085290033
전북특별자치도 익산시,8001,I201,MA010120220807316218,청주설렁탕,국/탕/찌개류,52140250,함열읍,126.960387839984,36.0792866199211
전북특별자치도 익산시,8001,I201,MA010120220807300864,백제가든,백반/한정식,52140390,여산면,127.083444410136,36.0595093090882
전북특별자치도 익산시,8001,I201,MA010120220807304851,연화정,백반/한정식,52140670,팔봉동,127.014035191536,35.9664763316731
전북특별자치도 익산시,8001,I201,MA010120220802276580,웅포식당,백반/한정식,52140340,웅포면,126.876203315357,36.0635930227692
전북특별자치도 익산시,8001,I201,MA010120220805367544,도심,돼지고기 구이/찜,52140646,영등1동,126.977710516814,35.9488107757035
전북특별자치도 익산시,8001,I201,MA010120220807310423,명성가든,돼지고기 구이/찜,52140390,여산면,127.086613301107,36.0544872388598
전북특별자치도 익산시,8001,I201,MA010120220808835155,소나무집,백반/한정식,52140656,신동,126.933151334394,35.9648002540656
전북특별자치도 익산시,8001,I201,MA010120220807325571,강뜰애,백반/한정식,52140690,삼성동,126.988182851868,35.9611502467673
전북특별자치도 익산시,8001,I201,MA010120220808726720,양평해장국인화점,국/탕/찌개류,52140560,인화동,126.951242813528,35.9301742539545
전북특별자치도 익산시,8001,I201,MA010120220807316598,깜도야,백반/한정식,52140647,영등2동,126.980012962344,35.9606444700173
전북특별자치도 익산시,8001,I201,MA010120220807305567,궁전식당,백반/한정식,52140530,평화동,126.943773342711,35.9312434684848
전북특별자치도 익산시,8001,I201,MA010120220806481904,장어명가,해산물 구이/찜,52140652,어양동,126.982186016983,35.9592659153556
전북특별자치도 익산시,8001,I201,MA010120220808474698,왕언니밥상익,백반/한정식,52140670,팔봉동,126.9782341139,35.9391135057444
전북특별자치도 익산시,8001,I201,MA010120220807324214,신마포갈매기,돼지고기 구이/찜,52140656,신동,126.956854759548,35.9619902381602
전북특별자치도 익산시,8001,I201,MA010120220809983423,다인포차,백반/한정식,52140570,동산동,126.970323916588,35.93201001251
전북특별자치도 익산시,8001,I201,MA010120220807330792,백제가든,백반/한정식,52140652,어양동,126.989226083906,35.952354239739
전북특별자치도 익산시,8001,I201,MA010120220807329450,신용가든,돼지고기 구이/찜,52140400,금마면,127.039342697726,36.006314336515
전북특별자치도 익산시,8001,I201,MA010120220807309913,서울가든,백반/한정식,52140656,신동,126.966832801084,35.9596411751297
전북특별자치도 익산시,8001,I201,MA010120220807311296,원조마포숯불갈비,돼지고기 구이/찜,52140652,어양동,126.979482089986,35.9558948453824
전북특별자치도 익산시,8001,I201,MA010120220807298775,내고향식당,백반/한정식,52140250,함열읍,126.958844855546,36.0788985746511
전북특별자치도 익산시,8001,I201,MA010120220807159972,본죽배산점,백반/한정식,52140610,모현동,126.938128993546,35.9505362945303
전북특별자치도 익산시,8001,I201,MA010120220808987369,미친고기익산,돼지고기 구이/찜,52140647,영등2동,126.978605231408,35.9602026198526
전북특별자치도 익산시,8001,I201,MA010120220807305748,뚝배기,국/탕/찌개류,52140520,중앙동,126.952720918653,35.9415485361147
전북특별자치도 익산시,8001,I201,MA010120220807306885,토담옻닭,닭/오리고기 구이/찜,52140652,어양동,126.98265144731,35.9599509258244
전북특별자치도 익산시,8001,I201,MA010120220803378265,대산식당,백반/한정식,52140390,여산면,127.084951857583,36.0575976540498
전북특별자치도 익산시,8001,I201,MA010120220807301781,별미식당,백반/한정식,52140580,마동,126.960759232385,35.9348551973633
전북특별자치도 익산시,8001,I201,MA010120220810799492,단골삼겹살,돼지고기 구이/찜,52140570,동산동,126.964471754361,35.9346130177349
전북특별자치도 익산시,8001,I201,MA010120220808294863,황하반점,국수/칼국수,52140620,송학동,126.938004053452,35.9402079985674
전북특별자치도 익산시,8001,I201,MA010120220807331802,수림식당,백반/한정식,52140595,남중동,126.955911868482,35.9431449495168
전북특별자치도 익산시,8001,I201,MA010120220807303387,부부청국장,국/탕/찌개류,52140520,중앙동,126.951846867396,35.9390968086219
전북특별자치도 익산시,8001,I201,MA010120220807324275,대정,백반/한정식,52140656,신동,126.959526655929,35.9614774624936
전북특별자치도 익산시,8001,I201,MA010120220808584539,김가네갈비,돼지고기 구이/찜,52140250,함열읍,126.958845193664,36.0782496950167
전북특별자치도 익산시,8001,I201,MA010120220800705215,구룡수산활어회센타,횟집,52140652,어양동,126.991830688269,35.954301125421
전북특별자치도 익산시,8001,I201,MA010120220807300178,오거리순대국밥,백반/한정식,52140580,마동,126.96560145336,35.9361003984668
전북특별자치도 익산시,8001,I201,MA010120220807889087,종가집,돼지고기 구이/찜,52140570,동산동,126.968020016418,35.9294318625752
전북특별자치도 익산시,8001,I201,MA010120220807330409,다가포가든,돼지고기 구이/찜,52140656,신동,126.936488778478,35.9641081127464
전북특별자치도 익산시,8001,I201,MA010120220801052279,울어매밥상,백반/한정식,52140580,마동,126.958641072442,35.937792539438
전북특별자치도 익산시,8001,I201,MA010120220804410322,돼지야,돼지고기 구이/찜,52140620,송학동,126.937369993159,35.943190781737
전북특별자치도 익산시,8001,I201,MA010120220807308470,오복식당,백반/한정식,52140656,신동,126.962942061547,35.9592164540931
전북특별자치도 익산시,8001,I201,MA010120220807376201,홈그린푸드,백반/한정식,52140690,삼성동,126.998348295047,35.9594564864501
전북특별자치도 익산시,8001,I201,MA010120220800998382,뽕가,백반/한정식,52140690,삼성동,126.989568419055,35.9620696395498
전북특별자치도 익산시,8001,I201,MA010120220805020604,설악추어탕,국/탕/찌개류,52140595,남중동,126.953657391412,35.9510750268393
전북특별자치도 익산시,8001,I201,MA010120220806727201,좋은날엔우리돼지,돼지고기 구이/찜,52140580,마동,126.965745379434,35.9364248872192
전북특별자치도 익산시,8001,I201,MA010120220807305782,안개식당,백반/한정식,52140250,함열읍,126.957980735434,36.0754465942346
전북특별자치도 익산시,8001,I201,MA010120220807303649,마포주먹고기,돼지고기 구이/찜,52140560,인화동,126.953215183098,35.9303102254134
전북특별자치도 익산시,8001,I201,MA010120220805198173,오라이국밥,국/탕/찌개류,52140580,마동,126.965911734001,35.936136536709
전북특별자치도 익산시,8001,I201,MA010120220807520033,홍장군,돼지고기 구이/찜,52140652,어양동,126.97922663056,35.957841480395
전북특별자치도 익산시,8001,I201,MA010120220808283295,비보이,백반/한정식,52140656,신동,126.957297563261,35.9631439828915
전북특별자치도 익산시,8001,I201,MA010120220804940818,가람돈갈비,돼지고기 구이/찜,52140390,여산면,127.08373424203,36.0606897110027
전북특별자치도 익산시,8001,I201,MA010120220804980123,통통연탄구이&가맥,돼지고기 구이/찜,52140570,동산동,126.960708282683,35.9258427386984
전북특별자치도 익산시,8001,I201,MA010120220807303988,비사벌숯불갈비,돼지고기 구이/찜,52140570,동산동,126.966600403274,35.9323695319104
전북특별자치도 익산시,8001,I201,MA010120220807314774,청기와메기찜,횟집,52140400,금마면,127.052536218097,35.9976484309312
전북특별자치도 익산시,8001,I201,MA010120220806570428,디딤돌,백반/한정식,52140656,신동,126.960161062295,35.9564397437636
전북특별자치도 익산시,8001,I201,MA010120220807330509,보배식당,백반/한정식,52140320,황등면,126.94448556221,36.0061186833474
전북특별자치도 익산시,8001,I201,MA010120220807313443,수화뼈다구탕,국/탕/찌개류,52140580,마동,126.959760835435,35.9368916768654
전북특별자치도 익산시,8001,I201,MA010120220807319305,어양토속왕순대,국/탕/찌개류,52140690,삼성동,126.989524056287,35.9622228463966
전북특별자치도 익산시,8001,I201,MA010120220807310749,남부갈치조림,백반/한정식,52140560,인화동,126.955277132907,35.9288059332655
전북특별자치도 익산시,8001,I201,MA010120220807314968,뚜부카페,백반/한정식,52140400,금마면,127.061730687269,35.9981036812809
전북특별자치도 익산시,8001,I201,MA010120220812348006,행복한식탁,백반/한정식,52140656,신동,126.962364350974,35.9619109808989
전북특별자치도 익산시,8001,I201,MA010120220807326176,주사랑,백반/한정식,52140610,모현동,126.943149103682,35.9518636015611
전북특별자치도 익산시,8001,I201,MA010120220806981165,미라네,백반/한정식,52140595,남중동,126.957535994729,35.9526265961629
전북특별자치도 익산시,8001,I201,MA010120220809746579,토종명품참숯화로구이,돼지고기 구이/찜,52140690,삼성동,126.988670624369,35.9610781946347
전북특별자치도 익산시,8001,I201,MA010120220810486500,가마솥소머리곰탕,국/탕/찌개류,52140580,마동,126.968238656743,35.936885206846
전북특별자치도 익산시,8001,I201,MA010120220806813468,조앤나푸드,백반/한정식,52140656,신동,126.955480871185,35.9606919514621
전북특별자치도 익산시,8001,I201,MA010120220811980562,송학칼국수,국수/칼국수,52140610,모현동,126.943149103682,35.9518636015611
전북특별자치도 익산시,8001,I201,MA010120220807320202,엄니밥상,백반/한정식,52140646,영등1동,126.970791916193,35.9551179783557
전북특별자치도 익산시,8001,I201,MA010120220807304946,승진갈비,돼지고기 구이/찜,52140560,인화동,126.951838469413,35.9346717012227
전북특별자치도 익산시,8001,I201,MA010120220800527383,알에이치푸드,백반/한정식,52140656,신동,126.957675874397,35.9605305224993
전북특별자치도 익산시,8001,I201,MA010120220808390126,다살림명가,백반/한정식,52140646,영등1동,126.964321935474,35.9474196307443
전북특별자치도 익산시,8001,I201,MA010120220810311378,북촌,백반/한정식,52140656,신동,126.965091811377,35.9610015533135
전북특별자치도 익산시,8001,I201,MA010120220805936998,다담송,백반/한정식,52140595,남중동,126.961019018539,35.9474366283697
전북특별자치도 익산시,8001,I201,MA010120220807297626,옛맛칼국수,국수/칼국수,52140656,신동,126.960204072531,35.9590894038479
전북특별자치도 익산시,8001,I201,MA010120220807319134,초향정,백반/한정식,52140370,낭산면,127.025791751397,36.0503611007043
전북특별자치도 익산시,8001,I201,MA010120220808577190,어양토속순대,국/탕/찌개류,52140652,어양동,126.979183633529,35.9527224269261
전북특별자치도 익산시,8001,I201,MA010120220807312497,또순이밥집해장국,국/탕/찌개류,52140420,춘포면,127.052089108856,35.9248194617369
전북특별자치도 익산시,8001,I201,MA010120220802931019,서현푸드빌,백반/한정식,52140646,영등1동,126.967192751554,35.9470148909815
전북특별자치도 익산시,8001,I201,MA010120220804725864,보쌈제복부송점,족발/보쌈,52140690,삼성동,126.993969725816,35.9579873251235
전북특별자치도 익산시,8001,I201,MA010120220809371471,도마,돼지고기 구이/찜,52140580,마동,126.966754215784,35.9355419523447
전북특별자치도 익산시,8001,I201,MA010120220807311533,원조24시콩나물국밥,국/탕/찌개류,52140646,영등1동,126.966760327868,35.9474113183513
전북특별자치도 익산시,8001,I201,MA010120220803413894,화심생두부,백반/한정식,52140570,동산동,126.960596341255,35.928131863563
전북특별자치도 익산시,8001,I201,MA010120220807307558,다다식당,백반/한정식,52140560,인화동,126.948216665484,35.9316870768412
전북특별자치도 익산시,8001,I201,MA010120220803160946,마중.꽃으로서있을께,백반/한정식,52140390,여산면,127.074775151983,36.0235380365555
전북특별자치도 익산시,8001,I201,MA010120220804985408,돼지꿈꾸세요,돼지고기 구이/찜,52140620,송학동,126.93688530831,35.9394593841536
전북특별자치도 익산시,8001,I201,MA010120220807300896,궁전뼈다구탕식당,국/탕/찌개류,52140580,마동,126.96011554005,35.9367385838904
전북특별자치도 익산시,8001,I201,MA010120220807326597,자연의향기,백반/한정식,52140610,모현동,126.936703490148,35.9451010652113
전북특별자치도 익산시,8001,I201,MA010120220812413806,제일식당,백반/한정식,52140250,함열읍,126.958521884493,36.0808270777111
전북특별자치도 익산시,8001,I201,MA010120220804765165,가장맛있는족발,족발/보쌈,52140570,동산동,126.963142214914,35.9340177961115
전북특별자치도 익산시,8001,I201,MA010120220811549161,아르도르,백반/한정식,52140656,신동,126.958695502655,35.9609724851664
전북특별자치도 익산시,8001,I201,MA010120220807315025,청복옻계탕,백반/한정식,52140646,영등1동,126.970073948994,35.9483945435719
전북특별자치도 익산시,8001,I201,MA010120220807312449,창평수산민물장어구이,해산물 구이/찜,52140250,함열읍,126.95704493401,36.0406229299017
전북특별자치도 익산시,8001,I201,MA010120220807308076,버들식당,백반/한정식,52140360,용안면,126.960411276577,36.1211031717529
전북특별자치도 익산시,8001,I201,MA010120220803213363,양평해장국동산점,국/탕/찌개류,52140570,동산동,126.96170193562,35.9333053627454
전북특별자치도 익산시,8001,I201,MA010120220800151862,푸드박스,돼지고기 구이/찜,52140646,영등1동,126.971235188252,35.9554335195798
전북특별자치도 익산시,8001,I201,MA010120220807328448,왕궁식당,백반/한정식,52140410,왕궁면,127.088511612119,35.9655883341444
전북특별자치도 익산시,8001,I201,MA010120220808067509,김남규의조선옥꽃게장,백반/한정식,52140647,영등2동,126.97102204403,35.9623730157974
전북특별자치도 익산시,8001,I201,MA010120220812500776,하선,돼지고기 구이/찜,52140430,삼기면,126.981594938472,36.0223432745403
전북특별자치도 익산시,8001,I201,MA010120220800874223,고수닭갈비,닭/오리고기 구이/찜,52140610,모현동,126.939514158885,35.9509786086692
전북특별자치도 익산시,8001,I201,MA010120220810208664,원주가맥,백반/한정식,52140530,평화동,126.934320626256,35.9182607422691
전북특별자치도 익산시,8001,I201,MA010120220809589683,열선수애호박돼지국밥익산송학,백반/한정식,52140620,송학동,126.936738212486,35.9432535373882
전북특별자치도 익산시,8001,I201,MA010120220807297538,용산식당,백반/한정식,52140320,황등면,126.944597135847,36.0051814528191
전북특별자치도 익산시,8001,I201,MA010120220811700560,대박상점,백반/한정식,52140620,송학동,126.938670379482,35.9384328926215
전북특별자치도 익산시,8001,I201,MA010120220807326370,중앙순대,국/탕/찌개류,52140620,송학동,126.938290371756,35.9425603888717
전북특별자치도 익산시,8001,I201,MA010120220803251794,현,백반/한정식,52140595,남중동,126.961019018539,35.9474366283697
전북특별자치도 익산시,8001,I201,MA010120220807326289,두손생선구이,해산물 구이/찜,52140646,영등1동,126.978175227538,35.951748907567
전북특별자치도 익산시,8001,I201,MA010120220806640866,목천자연장어,해산물 구이/찜,52140530,평화동,126.930289503627,35.9161856036716
전북특별자치도 익산시,8001,I201,MA010120220809653371,진미식당,백반/한정식,52140320,황등면,126.944907225828,36.0058665325853
전북특별자치도 익산시,8001,I201,MA010120220807304790,가정백반,백반/한정식,52140595,남중동,126.961646605673,35.9560797315597
전북특별자치도 익산시,8001,I201,MA010120220807325471,불향닭꾸미,백반/한정식,52140656,신동,126.957565261305,35.9600798635984
전북특별자치도 익산시,8001,I201,MA010120220807319115,현대옥부송점,국/탕/찌개류,52140690,삼성동,126.988892022523,35.9633042768214
전북특별자치도 익산시,8001,I201,MA010120220807309906,배불뚝집,백반/한정식,52140652,어양동,126.981697860909,35.9610232594539
전북특별자치도 익산시,8001,I201,MA010120220809826945,현,돼지고기 구이/찜,52140610,모현동,126.938910969771,35.9570166148515
전북특별자치도 익산시,8001,I201,MA010120220807327180,약촌식당,백반/한정식,52140646,영등1동,126.975815462348,35.9479181797143
전북특별자치도 익산시,8001,I201,MA010120220807315187,서울회센타,횟집,52140610,모현동,126.943419963138,35.9450773817929
전북특별자치도 익산시,8001,I201,MA010120220807299274,와!갈매기살,돼지고기 구이/찜,52140646,영등1동,126.970670664558,35.9532794178792
전북특별자치도 익산시,8001,I201,MA010120220807142002,궁연,돼지고기 구이/찜,52140690,삼성동,126.987861300518,35.9616188592615
전북특별자치도 익산시,8001,I201,MA010120220807324568,금강산,백반/한정식,52140670,팔봉동,127.034371190735,35.9752863389849
전북특별자치도 익산시,8001,I201,MA010120220807325196,정순순대,국/탕/찌개류,52140656,신동,126.957964200263,35.9603323511088
전북특별자치도 익산시,8001,I201,MA010120220809934185,뜨끈이뼈다구탕,국/탕/찌개류,52140520,중앙동,126.949905487428,35.9421962887415
전북특별자치도 익산시,8001,I201,MA010120220803067800,화영이네,백반/한정식,52140400,금마면,127.054140531039,35.9920510517819
전북특별자치도 익산시,8001,I201,MA010120220805166531,별,백반/한정식,52140390,여산면,127.095403051599,36.026623630895
전북특별자치도 익산시,8001,I201,MA010120220807774606,알마루앤싸다돼지마을,돼지고기 구이/찜,52140656,신동,126.957164285666,35.9636035673952
전북특별자치도 익산시,8001,I201,MA010120220812399610,한뚝수육국밥,국/탕/찌개류,52140670,팔봉동,126.987675088801,35.9471809652117
전북특별자치도 익산시,8001,I201,MA010120220807318623,맛샘,백반/한정식,52140560,인화동,126.950744479274,35.9296603413239
전북특별자치도 익산시,8001,I201,MA010120220807318863,곡성식당,백반/한정식,52140560,인화동,126.953380443358,35.9319415414426
전북특별자치도 익산시,8001,I201,MA010120220812552534,거시기포차,돼지고기 구이/찜,52140570,동산동,126.962122920863,35.9335488321194
전북특별자치도 익산시,8001,I201,MA010120220807320049,한일식당,백반/한정식,52140320,황등면,126.944743974637,36.0013873289534
전북특별자치도 익산시,8001,I201,MA010120220807320192,풍년식당,백반/한정식,52140656,신동,126.955745161801,35.9638463870378
전북특별자치도 익산시,8001,I201,MA010120220811951406,다오리식당,백반/한정식,52140250,함열읍,126.960853255428,36.0810441550434
전북특별자치도 익산시,8001,I201,MA010120220800045855,고래등,횟집,52140580,마동,126.964881310452,35.935676605565
전북특별자치도 익산시,8001,I201,MA010120220810111169,한잔할까,백반/한정식,52140690,삼성동,126.987306795586,35.9630337478275
전북특별자치도 익산시,8001,I201,MA010120220805324438,정다운식당,백반/한정식,52140610,모현동,126.942833693119,35.9434909180411
전북특별자치도 익산시,8001,I201,MA010120220807320085,반찬마루,백반/한정식,52140690,삼성동,126.992273355696,35.9616372492138
전북특별자치도 익산시,8001,I201,MA010120220805281768,꿀꿀이음매,돼지고기 구이/찜,52140690,삼성동,126.990610444035,35.96227701068
전북특별자치도 익산시,8001,I201,MA010120220807308648,오수장어,해산물 구이/찜,52140652,어양동,126.981398210383,35.9624832214148
전북특별자치도 익산시,8001,I201,MA010120220806432148,가인쌈밥,백반/한정식,52140570,동산동,126.959345044782,35.9264821686412
전북특별자치도 익산시,8001,I201,MA010120220805913223,명가오리천국,돼지고기 구이/찜,52140320,황등면,126.946060946466,36.0056056994205
전북특별자치도 익산시,8001,I201,MA010120220807306202,무봉리토종순대국,국/탕/찌개류,52140690,삼성동,126.996463996703,35.955031356249
전북특별자치도 익산시,8001,I201,MA010120220802971960,서해바다부송,횟집,52140690,삼성동,126.99700695142,35.9601504151662
전북특별자치도 익산시,8001,I201,MA010120220807312863,군산갈치아구,백반/한정식,52140646,영등1동,126.970248777969,35.9550908077337
전북특별자치도 익산시,8001,I201,MA010120220807321825,만나순대,국/탕/찌개류,52140646,영등1동,126.966781733017,35.949231832137
전북특별자치도 익산시,8001,I201,MA010120220809746201,제줏간,돼지고기 구이/찜,52140690,삼성동,126.990155957612,35.9620696891817
전북특별자치도 익산시,8001,I201,MA010120220807014930,안나네집,백반/한정식,52140250,함열읍,126.958078066113,36.0803132269965
전북특별자치도 익산시,8001,I201,MA010120220807321126,어가,횟집,52140610,모현동,126.93627121422,35.9451368861587
전북특별자치도 익산시,8001,I201,MA010120220807324696,신군산식당,백반/한정식,52140656,신동,126.962608480777,35.9613883383022
전북특별자치도 익산시,8001,I201,MA010120220810454853,항아리국밥집,국/탕/찌개류,52140656,신동,126.955104195852,35.9602862533018
전북특별자치도 익산시,8001,I201,MA010120220807310823,우리집식당,백반/한정식,52140390,여산면,127.105118093874,36.0487496595369
전북특별자치도 익산시,8001,I201,MA010120220805228080,유연자꽃게장,백반/한정식,52140690,삼성동,126.987152272163,35.958851979381
전북특별자치도 익산시,8001,I201,MA010120220806482278,서해해물탕,국/탕/찌개류,52140400,금마면,127.053431134951,35.9925740860178
전북특별자치도 익산시,8001,I201,MA010120220807319946,토마토원광대점,백반/한정식,52140656,신동,126.957552328814,35.9635316061402
전북특별자치도 익산시,8001,I201,MA010120220811486905,함라산갈매기,돼지고기 구이/찜,52140580,마동,126.970099725555,35.9388143450521
전북특별자치도 익산시,8001,I201,MA010120220807314826,산촌가든,백반/한정식,52140647,영등2동,126.969814861312,35.9593355406597
전북특별자치도 익산시,8001,I201,MA010120220807331759,대금가든,백반/한정식,52140340,웅포면,126.911105314666,36.0797108102568
전북특별자치도 익산시,8001,I201,MA010120220802859653,옛날김치돼지찌개부대찌개,돼지고기 구이/찜,52140610,모현동,126.941376097515,35.9512318800123
전북특별자치도 익산시,8001,I201,MA010120220803510550,금마기사식당,백반/한정식,52140400,금마면,127.062150082128,35.9954898858421
전북특별자치도 익산시,8001,I201,MA010120220807301251,홍능갈비,돼지고기 구이/찜,52140610,모현동,126.943985673411,35.944419740483
전북특별자치도 익산시,8001,I201,MA010120220803355953,황금돼지,돼지고기 구이/찜,52140656,신동,126.966090591188,35.95846034345
전북특별자치도 익산시,8001,I201,MA010120220807309707,이황식당,백반/한정식,52140330,함라면,126.90576127575,36.0550762958745
전북특별자치도 익산시,8001,I201,MA010120220807063970,장충동왕족발함열점,족발/보쌈,52140250,함열읍,126.960775991363,36.0801338959873
전북특별자치도 익산시,8001,I201,MA010120220803817824,배산민물장어,해산물 구이/찜,52140610,모현동,126.935971079982,35.959971149164
전북특별자치도 익산시,8001,I201,MA010120220806376868,이모밥상,백반/한정식,52140570,동산동,126.96170193562,35.9333053627454
전북특별자치도 익산시,8001,I201,MA010120220807299203,진풍갈비,돼지고기 구이/찜,52140595,남중동,126.950425227619,35.9440440511062
전북특별자치도 익산시,8001,I201,MA010120220810275665,일품대패,돼지고기 구이/찜,52140647,영등2동,126.980677871018,35.9615368061385
전북특별자치도 익산시,8001,I201,MA010120220812078347,꽃담정,돼지고기 구이/찜,52140360,용안면,126.971010626949,36.0844266221307
전북특별자치도 익산시,8001,I201,MA010120220807315005,예촌,백반/한정식,52140595,남중동,126.952905320438,35.9482989110188
전북특별자치도 익산시,8001,I201,MA010120220808798096,홍익궁중전통육개장익산,국/탕/찌개류,52140610,모현동,126.941920795571,35.9490781784951
전북특별자치도 익산시,8001,I201,MA010120220807314511,숭림산정,백반/한정식,52140340,웅포면,126.910149395181,36.0807104531472
전북특별자치도 익산시,8001,I201,MA010120220810380688,산오징어,횟집,52140656,신동,126.957942086828,35.9602241945989
전북특별자치도 익산시,8001,I201,MA010120220802588179,공원,백반/한정식,52140570,동산동,126.970479596076,35.9305590479101
전북특별자치도 익산시,8001,I201,MA010120220806601994,자연산다슬기탕전문,백반/한정식,52140595,남중동,126.950799438759,35.9482620166239
전북특별자치도 익산시,8001,I201,MA010120220810154848,여산옥,백반/한정식,52140390,여산면,127.084974181544,36.0577147974514
전북특별자치도 익산시,8001,I201,MA010120220807655010,제일식당,백반/한정식,52140520,중앙동,126.952224298846,35.9380515176304
전북특별자치도 익산시,8001,I201,MA010120220807302367,장승골,백반/한정식,52140647,영등2동,126.973393029971,35.9663930913314
전북특별자치도 익산시,8001,I201,MA010120220807319544,육회천국,소고기 구이/찜,52140647,영등2동,126.97858311663,35.959995330761
전북특별자치도 익산시,8001,I201,MA010120220807329391,원조할매순대,국/탕/찌개류,52140250,함열읍,126.962507298177,36.0814682579849
전북특별자치도 익산시,8001,I201,MA010120220807331834,막창집,곱창 전골/구이,52140580,마동,126.964910126537,35.9456984323485
전북특별자치도 익산시,8001,I201,MA010120220804923664,길목,횟집,52140570,동산동,126.95921206759,35.9265001484337
전북특별자치도 익산시,8001,I201,MA010120220807318358,가영이네맛집,백반/한정식,52140570,동산동,126.962532971596,35.9334858737341
전북특별자치도 익산시,8001,I201,MA010120220807318370,경성가,돼지고기 구이/찜,52140690,삼성동,126.991962751446,35.9636920546488
전북특별자치도 익산시,8001,I201,MA010120220807303804,솔방,백반/한정식,52140400,금마면,127.023848358379,36.0094276701587
전북특별자치도 익산시,8001,I201,MA010120220807312800,시골집,돼지고기 구이/찜,52140330,함라면,126.886994294598,36.0311865782911
전북특별자치도 익산시,8001,I201,MA010120220807329418,밤나무가든,백반/한정식,52140390,여산면,127.080745832075,36.0580872221627
전북특별자치도 익산시,8001,I201,MA010120220802673392,구이쟁이,백반/한정식,52140656,신동,126.956245557583,35.961070753317
전북특별자치도 익산시,8001,I201,MA010120220807314724,수라원,백반/한정식,52140530,평화동,126.916552025228,35.926009429149
전북특별자치도 익산시,8001,I201,MA010120220807321951,소담국수,국수/칼국수,52140580,마동,126.968691765254,35.940075726097
전북특별자치도 익산시,8001,I201,MA010120220807321726,서울가든,돼지고기 구이/찜,52140670,팔봉동,126.997085207511,35.9422247310029
전북특별자치도 익산시,8001,I201,MA010120220807329448,영너머가든,백반/한정식,52140390,여산면,127.083989222627,36.0604011408322
전북특별자치도 익산시,8001,I201,MA010120220802970647,베짱이,백반/한정식,52140652,어양동,126.979581572257,35.9569853631387
전북특별자치도 익산시,8001,I201,MA010120220803423749,미스터땡초송학점,백반/한정식,52140620,송학동,126.938179486587,35.9426324311965
전북특별자치도 익산시,8001,I201,MA010120220807326225,수미옥,백반/한정식,52140340,웅포면,126.876747586645,36.0633502532492
전북특별자치도 익산시,8001,I201,MA010120220807303973,변사또,돼지고기 구이/찜,52140570,동산동,126.96094001733,35.9277895029357
전북특별자치도 익산시,8001,I201,MA010120220807039701,콩날부대,백반/한정식,52140610,모현동,126.93379769255,35.9474787757799
전북특별자치도 익산시,8001,I201,MA010120220807315498,노령산맥숯불갈비,돼지고기 구이/찜,52140560,인화동,126.953947623787,35.9284449328653
전북특별자치도 익산시,8001,I201,MA010120220807315290,금오식당,백반/한정식,52140595,남중동,126.957858325237,35.9509594139872
전북특별자치도 익산시,8001,I201,MA010120220806965118,서동생선가김치찌개,백반/한정식,52140400,금마면,127.042956363054,36.0021313753975
전북특별자치도 익산시,8001,I201,MA010120220807300413,청산류수,백반/한정식,52140320,황등면,126.942774410949,36.0102905852572
전북특별자치도 익산시,8001,I201,MA010120220803253184,이수락,백반/한정식,52140580,마동,126.963009003428,35.9345134391286
전북특별자치도 익산시,8001,I201,MA010120220803828102,장백근숯불구이,돼지고기 구이/찜,52140360,용안면,126.971010626949,36.0844266221307
전북특별자치도 익산시,8001,I201,MA010120220807319166,사랑방식당,백반/한정식,52140420,춘포면,127.005073268124,35.9002356249481
전북특별자치도 익산시,8001,I201,MA010120220806899724,익산이산정,돼지고기 구이/찜,52140646,영등1동,126.966781733017,35.949231832137
전북특별자치도 익산시,8001,I201,MA010120220807312099,황토골,백반/한정식,52140330,함라면,126.910298106792,36.0572967897567
전북특별자치도 익산시,8001,I201,MA010120220807266987,통통선지우거지,백반/한정식,52140646,영등1동,126.977288502622,35.9517126934123
전북특별자치도 익산시,8001,I201,MA010120220811913713,아람엔푸드,백반/한정식,52140430,삼기면,126.984210477348,36.0356818425921
전북특별자치도 익산시,8001,I201,MA010120220807323480,성님칼국수,국수/칼국수,52140690,삼성동,126.989812767117,35.9584556890991
전북특별자치도 익산시,8001,I201,MA010120220807381928,장수촌옻닭,닭/오리고기 구이/찜,52140646,영등1동,126.978218958188,35.953956955618
전북특별자치도 익산시,8001,I201,MA010120220807299417,맛있는밥집,백반/한정식,52140647,영등2동,126.972275484399,35.9602013245268
전북특별자치도 익산시,8001,I201,MA010120220807305216,황소나무가든,백반/한정식,52140340,웅포면,126.883331362276,36.0923401245249
전북특별자치도 익산시,8001,I201,MA010120220803202328,왔다쪽갈비,돼지고기 구이/찜,52140595,남중동,126.956785196649,35.9472369055709
전북특별자치도 익산시,8001,I201,MA010120220807312091,예향석갈비,돼지고기 구이/찜,52140250,함열읍,126.959820727081,36.0810708499876
전북특별자치도 익산시,8001,I201,MA010120220811501949,오봉집,백반/한정식,52140610,모현동,126.939613737264,35.9512129814664
전북특별자치도 익산시,8001,I201,MA010120220807327446,족발형제,족발/보쌈,52140652,어양동,126.982940009126,35.9583557725325
전북특별자치도 익산시,8001,I201,MA010120220807300363,황우,돼지고기 구이/찜,52140320,황등면,126.943356797274,36.0024861866507
전북특별자치도 익산시,8001,I201,MA010120220806218228,북부국수,국수/칼국수,52140595,남중동,126.958312166386,35.95211316096
전북특별자치도 익산시,8001,I201,MA010120220811965209,미향성,백반/한정식,52140656,신동,126.96018315509,35.9565929619394
전북특별자치도 익산시,8001,I201,MA010120220806873976,굴이랑매생이랑,횟집,52140646,영등1동,126.968609814065,35.9511339431604
전북특별자치도 익산시,8001,I201,MA010120220807307687,고향냉면,냉면/밀면,52140670,팔봉동,127.000033251045,35.9481008644729
전북특별자치도 익산시,8001,I201,MA010120220807299602,맷돌삼겹살,돼지고기 구이/찜,52140560,인화동,126.956492466321,35.935331385872
전북특별자치도 익산시,8001,I201,MA010120220807322412,장수청둥오리,닭/오리고기 구이/찜,52140520,중앙동,126.952768182825,35.9366187562974
전북특별자치도 익산시,8001,I201,MA010120220807318335,박여사순대,국/탕/찌개류,52140656,신동,126.95285047786,35.9659812210284
전북특별자치도 익산시,8001,I201,MA010120220807325510,명동국수원광대점,국수/칼국수,52140656,신동,126.952716917171,35.9668643824461
전북특별자치도 익산시,8001,I201,MA010120220802862401,야콘본가,백반/한정식,52140656,신동,126.964671401955,35.9591178392305
전북특별자치도 익산시,8001,I201,MA010120220807312019,장산골면옥,냉면/밀면,52140647,영등2동,126.97358250465,35.9633649700149
전북특별자치도 익산시,8001,I201,MA010120220810252945,팔봉칼국수,국수/칼국수,52140670,팔봉동,127.005254669626,35.9632686262838
전북특별자치도 익산시,8001,I201,MA010120220809528699,시골우렁쌈밥,백반/한정식,52140400,금마면,127.034042085559,36.0092900253895
전북특별자치도 익산시,8001,I201,MA010120220803010084,이가네,백반/한정식,52140560,인화동,126.954367166411,35.9311127760815
전북특별자치도 익산시,8001,I201,MA010120220807305888,모정가든,백반/한정식,52140652,어양동,126.98230557418,35.9699366039734
전북특별자치도 익산시,8001,I201,MA010120220812177989,이가네소곱창,곱창 전골/구이,52140646,영등1동,126.96742446613,35.9495474427696
전북특별자치도 익산시,8001,I201,MA010120220807304558,귀자네,백반/한정식,52140570,동산동,126.963142641625,35.9330985276428
전북특별자치도 익산시,8001,I201,MA010120220807319740,갯마을해물손칼국수,국수/칼국수,52140595,남중동,126.955918391331,35.9513552632521
전북특별자치도 익산시,8001,I201,MA010120220806782661,오가든,돼지고기 구이/찜,52140647,영등2동,126.978971101234,35.9600044117691
전북특별자치도 익산시,8001,I201,MA010120220812011527,백궁,돼지고기 구이/찜,52140690,삼성동,126.997816188283,35.9599611722625
전북특별자치도 익산시,8001,I201,MA010120220806666361,산북동달구지,돼지고기 구이/찜,52140690,삼성동,126.988592988322,35.9613395467697
전북특별자치도 익산시,8001,I201,MA010120220807018621,축복식당,백반/한정식,52140370,낭산면,127.049426360993,36.0437567080729
전북특별자치도 익산시,8001,I201,MA010120220811509045,판,백반/한정식,52140250,함열읍,126.962019591512,36.0798098567251
전북특별자치도 익산시,8001,I201,MA010120220804974487,냉동고,백반/한정식,52140647,영등2동,126.977940267007,35.9596347183956
전북특별자치도 익산시,8001,I201,MA010120220807323225,명가장충동왕족발보쌈,족발/보쌈,52140646,영등1동,126.965075833383,35.946933181958
전북특별자치도 익산시,8001,I201,MA010120220804743808,보을궁,백반/한정식,52140670,팔봉동,127.0134365005,35.9662781276555
전북특별자치도 익산시,8001,I201,MA010120220809367113,도도식품,국수/칼국수,52140390,여산면,127.102808413133,36.0477152523435
전북특별자치도 익산시,8001,I201,MA010120220802999172,두찜,백반/한정식,52140652,어양동,126.981819578172,35.9619966166829
전북특별자치도 익산시,8001,I201,MA010120220807305688,영보식당,백반/한정식,52140250,함열읍,126.966781770403,36.0813253235042
전북특별자치도 익산시,8001,I201,MA010120220807310556,청풍손칼국수,국수/칼국수,52140652,어양동,126.980912690921,35.9531282727365
전북특별자치도 익산시,8001,I201,MA010120220812221025,킹콩부대찌개익산,국/탕/찌개류,52140670,팔봉동,126.987675088801,35.9471809652117
전북특별자치도 익산시,8001,I201,MA010120220810134004,한우검정돼지정육식당,돼지고기 구이/찜,52140520,중앙동,126.950459472585,35.9424488665146
전북특별자치도 익산시,8001,I201,MA010120220803215164,익산가마솥국밥,국/탕/찌개류,52140580,마동,126.964770227067,35.9362713936391
전북특별자치도 익산시,8001,I201,MA010120220811869489,만복식당,백반/한정식,52140646,영등1동,126.978518830124,35.9517760067851
전북특별자치도 익산시,8001,I201,MA010120220807958184,맛난밥상,백반/한정식,52140690,삼성동,126.987341009346,35.9570405068218
전북특별자치도 익산시,8001,I201,MA010120220807321883,골목식당,백반/한정식,52140580,마동,126.967330472251,35.9355511229847
전북특별자치도 익산시,8001,I201,MA010120220804543333,기차역밥집,백반/한정식,52140520,중앙동,126.948267016636,35.9394468039316
전북특별자치도 익산시,8001,I201,MA010120220803597721,원조우어회,백반/한정식,52140340,웅포면,126.877267079601,36.0647657071422
전북특별자치도 익산시,8001,I201,MA010120220807030732,양촌리명품한우,소고기 구이/찜,52140652,어양동,126.978894081707,35.957832409973
전북특별자치도 익산시,8001,I201,MA010120220807307556,허태공바다회,백반/한정식,52140560,인화동,126.951707850202,35.9307872879372
전북특별자치도 익산시,8001,I201,MA010120220807324992,가장맛있는족발익산,족발/보쌈,52140610,모현동,126.940001456248,35.9515105854198
전북특별자치도 익산시,8001,I201,MA010120220807320574,맛동미륵산순두부,백반/한정식,52140400,금마면,127.024281611489,36.0115635034968
전북특별자치도 익산시,8001,I201,MA010120220808529017,다복푸드,백반/한정식,52140610,모현동,126.950752715757,35.9521102972903
전북특별자치도 익산시,8001,I201,MA010120220807304250,청춘일번지식당,백반/한정식,52140520,중앙동,126.947070320332,35.9391308472587
전북특별자치도 익산시,8001,I201,MA010120220807322114,우리맛황토쌈밥,백반/한정식,52140400,금마면,127.035472669402,36.0085866495859
전북특별자치도 익산시,8001,I201,MA010120220807315396,다향양푼갈비,돼지고기 구이/찜,52140595,남중동,126.958837300235,35.9440652553926
전북특별자치도 익산시,8001,I201,MA010120220807324877,미가식당,백반/한정식,52140320,황등면,126.944608504865,36.0047849155928
전북특별자치도 익산시,8001,I201,MA010120220807299084,풍년식당,백반/한정식,52140390,여산면,127.085007653072,36.0578769941804
전북특별자치도 익산시,8001,I201,MA010120220801475408,통큰낙지모현,해산물 구이/찜,52140610,모현동,126.94012276985,35.9523217627816
전북특별자치도 익산시,8001,I201,MA010120220809024785,일해옥,백반/한정식,52140560,인화동,126.95610587544,35.9330240615058
전북특별자치도 익산시,8001,I201,MA010120220807298947,하경식당,백반/한정식,52140560,인화동,126.95234106141,35.9281559076228
전북특별자치도 익산시,8001,I201,MA010120220807653261,옹심이네,백반/한정식,52140646,영등1동,126.970725055732,35.9560732769227
전북특별자치도 익산시,8001,I201,MA010120220807320196,낙지마당통나무집,해산물 구이/찜,52140310,오산면,126.930637318491,35.9492524365402
전북특별자치도 익산시,8001,I201,MA010120220807312280,반야돌솥밥,백반/한정식,52140610,모현동,126.940444085019,35.9524931583994
전북특별자치도 익산시,8001,I201,MA010120220804544497,마당재,돼지고기 구이/찜,52140652,어양동,126.982043571326,35.9519207844259
전북특별자치도 익산시,8001,I201,MA010120220809394097,이모포차,백반/한정식,52140320,황등면,126.94460107587,35.9995487465381
전북특별자치도 익산시,8001,I201,MA010120220807298826,삼삼옻닭,닭/오리고기 구이/찜,52140380,망성면,127.019193555873,36.1170887529254
전북특별자치도 익산시,8001,I201,MA010120220808063684,유림정원,백반/한정식,52140520,중앙동,126.947968416114,35.9384913574513
전북특별자치도 익산시,8001,I201,MA010120220807308941,참.흑돈,돼지고기 구이/찜,52140652,어양동,126.981134635722,35.9520468187412
전북특별자치도 익산시,8001,I201,MA010120220807318872,장충동비엔에프,백반/한정식,52140250,함열읍,126.960698513802,36.0796562231141
전북특별자치도 익산시,8001,I201,MA010120220807305560,미소담,횟집,52140580,마동,126.965368707686,35.9361544061498
전북특별자치도 익산시,8001,I201,MA010120220807315699,다모아식당,백반/한정식,52140250,함열읍,126.957466527507,36.0820163201298
전북특별자치도 익산시,8001,I201,MA010120220810082518,제일고기국수,국수/칼국수,52140560,인화동,126.955348765407,35.9393595227052
전북특별자치도 익산시,8001,I201,MA010120220807316930,산골추어탕,국/탕/찌개류,52140560,인화동,126.953781205218,35.928796354243
전북특별자치도 익산시,8001,I201,MA010120220810905849,제주유기농쌈밥촌익산,백반/한정식,52140647,영등2동,126.971554078828,35.9625894405395
전북특별자치도 익산시,8001,I201,MA010120220807306976,솜리뼈다귀탕,국/탕/찌개류,52140646,영등1동,126.977863872029,35.9553267763503
전북특별자치도 익산시,8001,I201,MA010120220807305563,오골계식당,백반/한정식,52140670,팔봉동,127.026786191535,35.9718455437907
전북특별자치도 익산시,8001,I201,MA010120220806650370,장어1번가,해산물 구이/찜,52140690,삼성동,126.997250822581,35.9603486937491
전북특별자치도 익산시,8001,I201,MA010120220807303229,방교가든,백반/한정식,52140320,황등면,126.93755623476,36.0022579990696
전북특별자치도 익산시,8001,I201,MA010120220810041477,사계절,백반/한정식,52140400,금마면,127.034619815854,36.0114257802823
전북특별자치도 익산시,8001,I201,MA010120220803277218,새소반쭈꾸미,해산물 구이/찜,52140647,영등2동,126.973271491415,35.965176391803
전북특별자치도 익산시,8001,I201,MA010120220810296389,금풍고기마을,돼지고기 구이/찜,52140320,황등면,126.945399898143,35.999143557594
전북특별자치도 익산시,8001,I201,MA010120220812230719,꿀단지,백반/한정식,52140570,동산동,126.962602330655,35.9273934846188
전북특별자치도 익산시,8001,I201,MA010120220807310092,락시루,횟집,52140580,마동,126.967184064023,35.9412199015912
전북특별자치도 익산시,8001,I201,MA010120220811739439,전복궁,횟집,52140610,모현동,126.939613737264,35.9512129814664
전북특별자치도 익산시,8001,I201,MA010120220810323415,소라골,국수/칼국수,52140595,남중동,126.96357743259,35.9515651172521
전북특별자치도 익산시,8001,I201,MA010120220807307669,이도식당,백반/한정식,52140656,신동,126.956546860299,35.9574298538492
전북특별자치도 익산시,8001,I201,MA010120220805341779,한씨네대가추어탕황등점,국/탕/찌개류,52140320,황등면,126.948808202837,35.9938458033757
전북특별자치도 익산시,8001,I201,MA010120220810065568,다미래,백반/한정식,52140595,남중동,126.9580488366,35.9470210558688
전북특별자치도 익산시,8001,I201,MA010120220802953506,장어골,해산물 구이/찜,52140670,팔봉동,127.027052516269,35.972539437258
전북특별자치도 익산시,8001,I201,MA010120220808366045,불타닭족발,족발/보쌈,52140560,인화동,126.960515727925,35.9342602967668
전북특별자치도 익산시,8001,I201,MA010120220806860990,골목가든,백반/한정식,52140652,어양동,126.979781204214,35.9565798388136
전북특별자치도 익산시,8001,I201,MA010120220805545138,사계진미부송점,돼지고기 구이/찜,52140690,삼성동,126.989712629301,35.9613216231758
전북특별자치도 익산시,8001,I201,MA010120220805177327,토속식당,백반/한정식,52140520,중앙동,126.953197222399,35.9419813191477
전북특별자치도 익산시,8001,I201,MA010120220807319452,국수나무,국수/칼국수,52140647,영등2동,126.973805220958,35.9603368541253
전북특별자치도 익산시,8001,I201,MA010120220807303140,솔잎가든,백반/한정식,52140250,함열읍,126.965048164753,36.0850288496147
전북특별자치도 익산시,8001,I201,MA010120220800158424,흥부찜닭,닭/오리고기 구이/찜,52140610,모현동,126.946631367664,35.9491524647137
전북특별자치도 익산시,8001,I201,MA010120220809458421,갯벌바지락죽,백반/한정식,52140647,영등2동,126.971554137006,35.9624272174627
전북특별자치도 익산시,8001,I201,MA010120220808244684,별난삼겹,백반/한정식,52140652,어양동,126.980490265482,35.9580850272879
전북특별자치도 익산시,8001,I201,MA010120220804866594,재형숯불갈비,돼지고기 구이/찜,52140570,동산동,126.958712243001,35.9287981513147
전북특별자치도 익산시,8001,I201,MA010120220807309610,별미일번가동콩,백반/한정식,52140580,마동,126.965098206511,35.9464645427535
전북특별자치도 익산시,8001,I201,MA010120220805340416,해담,백반/한정식,52140250,함열읍,126.958589844908,36.0782586192841
전북특별자치도 익산시,8001,I201,MA010120220807319615,정순집,백반/한정식,52140520,중앙동,126.949905800245,35.9417006055447
전북특별자치도 익산시,8001,I201,MA010120220809236090,장금이,백반/한정식,52140250,함열읍,126.960857123403,36.0732395729337
전북특별자치도 익산시,8001,I201,MA010120220812179508,이리돈,백반/한정식,52140652,어양동,126.982629241113,35.9601131457741
전북특별자치도 익산시,8001,I201,MA010120220807752515,북부생선가,횟집,52140595,남중동,126.957514989032,35.9504545979186
전북특별자치도 익산시,8001,I201,MA010120220811075435,청실홍실,백반/한정식,52140250,함열읍,126.959288224988,36.0802775953129
전북특별자치도 익산시,8001,I201,MA010120220800080845,우리집,백반/한정식,52140320,황등면,126.944717923593,36.0069299000645
전북특별자치도 익산시,8001,I201,MA010120220809532910,어사랑생선구이,해산물 구이/찜,52140390,여산면,127.079915378922,36.0600434360514
전북특별자치도 익산시,8001,I201,MA010120220800053658,정식당,백반/한정식,52140690,삼성동,126.987839702736,35.9578787117542
전북특별자치도 익산시,8001,I201,MA010120220807323279,랍스터포차,횟집,52140647,영등2동,126.978738441868,35.9595086888746
전북특별자치도 익산시,8001,I201,MA010120220807302873,초정불고기,돼지고기 구이/찜,52140520,중앙동,126.948799103021,35.9392487586441
전북특별자치도 익산시,8001,I201,MA010120220807309955,풍년식당,백반/한정식,52140595,남중동,126.957592090623,35.9513648786914
전북특별자치도 익산시,8001,I201,MA010120220807310885,명가춘천닭갈비,닭/오리고기 구이/찜,52140656,신동,126.957419526199,35.9631079766569
전북특별자치도 익산시,8001,I201,MA010120220807326583,본갈비,돼지고기 구이/찜,52140652,어양동,126.979658889418,35.9580668644589
전북특별자치도 익산시,8001,I201,MA010120220807318014,명아우리,백반/한정식,52140595,남중동,126.952107456803,35.9480282228714
전북특별자치도 익산시,8001,I201,MA010120220807304655,진미가든,백반/한정식,52140646,영등1동,126.972667505659,35.9484942987509
전북특별자치도 익산시,8001,I201,MA010120220812236468,일삼오손수제비,국수/칼국수,52140652,어양동,126.98434696675,35.9626729025257
전북특별자치도 익산시,8001,I201,MA010120220804895342,만석,백반/한정식,52140580,마동,126.95932862376,35.9369095560737
전북특별자치도 익산시,8001,I201,MA010120220807317352,김집,백반/한정식,52140647,영등2동,126.980067286561,35.9650335147381
전북특별자치도 익산시,8001,I201,MA010120220802915868,신가네막창오돌뼈,곱창 전골/구이,52140690,삼성동,126.990211786137,35.9588252307077
전북특별자치도 익산시,8001,I201,MA010120220809720826,밀밭으로,국수/칼국수,52140420,춘포면,127.053108056227,35.9241430815676
전북특별자치도 익산시,8001,I201,MA010120220808017152,청정우,돼지고기 구이/찜,52140646,영등1동,126.97184596631,35.9522793219755
전북특별자치도 익산시,8001,I201,MA010120220807323970,박첨지남원추어탕,국/탕/찌개류,52140380,망성면,126.99842239833,36.1347540903149
전북특별자치도 익산시,8001,I201,MA010120220807323465,나들목,백반/한정식,52140430,삼기면,127.007910890741,36.0305366047759
전북특별자치도 익산시,8001,I201,MA010120220807343456,함라익산천혜우,돼지고기 구이/찜,52140330,함라면,126.91556908094,36.0686560402091
전북특별자치도 익산시,8001,I201,MA010120220807314142,청진동감자탕,국/탕/찌개류,52140570,동산동,126.962602330655,35.9273934846188
전북특별자치도 익산시,8001,I201,MA010120220807305804,금강칼국수,국수/칼국수,52140570,동산동,126.971953638585,35.9298834681297
전북특별자치도 익산시,8001,I201,MA010120220807308794,왕십리연탄주먹구이,돼지고기 구이/찜,52140652,어양동,126.979548089801,35.9578685728084
전북특별자치도 익산시,8001,I201,MA010120220807304247,예양,백반/한정식,52140330,함라면,126.898413881116,36.0119375088112
전북특별자치도 익산시,8001,I201,MA010120220807315567,윤싸롱포차,백반/한정식,52140560,인화동,126.960460772467,35.9333500225632
전북특별자치도 익산시,8001,I201,MA010120220807307072,금마바다식당,횟집,52140400,금마면,127.053828197629,35.9893745242048
전북특별자치도 익산시,8001,I201,MA010120220808425192,엄마네식당,백반/한정식,52140595,남중동,126.957758448595,35.9511846891463
전북특별자치도 익산시,8001,I201,MA010120220807323907,맛사랑,백반/한정식,52140595,남중동,126.958743983126,35.9530145510161
전북특별자치도 익산시,8001,I201,MA010120220808199430,뚝배기이래도되남,국/탕/찌개류,52140580,마동,126.960292876069,35.9366935805165
전북특별자치도 익산시,8001,I201,MA010120220807301136,속풀이,백반/한정식,52140646,영등1동,126.969861034094,35.9545139170407
전북특별자치도 익산시,8001,I201,MA010120220807323490,복군물메기,백반/한정식,52140652,어양동,126.98005951955,35.9518303470996
전북특별자치도 익산시,8001,I201,MA010120220809083725,양푼집,백반/한정식,52140652,어양동,126.982385365208,35.9601040978299
전북특별자치도 익산시,8001,I201,MA010120220807304176,무진장갈비촌,돼지고기 구이/찜,52140595,남중동,126.955996420063,35.950562199732
전북특별자치도 익산시,8001,I201,MA010120220806485845,손맛가정식백반,백반/한정식,52140320,황등면,126.942829633903,36.0259810417861
전북특별자치도 익산시,8001,I201,MA010120220803032952,금강숯불갈비,돼지고기 구이/찜,52140250,함열읍,126.959566116804,36.0796197975662
전북특별자치도 익산시,8001,I201,MA010120220807121064,숭림산태봉골,백반/한정식,52140340,웅포면,126.905955599824,36.0783099867439
전북특별자치도 익산시,8001,I201,MA010120220808406146,착한낙지,해산물 구이/찜,52140652,어양동,126.988583055869,35.9533275204421
전북특별자치도 익산시,8001,I201,MA010120220807300612,이정숙꽃게장.굴비랑,백반/한정식,52140652,어양동,126.980498926604,35.9679445870183
전북특별자치도 익산시,8001,I201,MA010120220800081424,폭포송어장횟집,횟집,52140400,금마면,127.054107073438,36.0080119148794
전북특별자치도 익산시,8001,I201,MA010120220807302331,뚜껑샘,백반/한정식,52140400,금마면,127.048299046127,35.996730952931
전북특별자치도 익산시,8001,I201,MA010120220807322274,금마한양왕족발,족발/보쌈,52140400,금마면,127.053463845149,35.9917449353909
전북특별자치도 익산시,8001,I201,MA010120220804837056,미가옥,백반/한정식,52140595,남중동,126.949505019799,35.9445303382435
전북특별자치도 익산시,8001,I201,MA010120220808811728,옛골,백반/한정식,52140610,모현동,126.947503245401,35.9548126420204
전북특별자치도 익산시,8001,I201,MA010120220801142930,리브가,백반/한정식,52140560,인화동,126.950795140849,35.9194312309499
전북특별자치도 익산시,8001,I201,MA010120220807320457,화랑식당,백반/한정식,52140530,평화동,126.943773342711,35.9312434684848
전북특별자치도 익산시,8001,I201,MA010120220807322642,옥수한정식,백반/한정식,52140670,팔봉동,126.992939479063,35.9505249962123
전북특별자치도 익산시,8001,I201,MA010120220807300305,청류관,백반/한정식,52140595,남중동,126.957570177762,35.9508872131838
전북특별자치도 익산시,8001,I201,MA010120220807312709,향연,백반/한정식,52140595,남중동,126.957074358683,35.9454074885086
전북특별자치도 익산시,8001,I201,MA010120220807324809,장수곰탕,국/탕/찌개류,52140670,팔봉동,126.984893141034,35.947054473477
전북특별자치도 익산시,8001,I201,MA010120220811909885,현대옥,국/탕/찌개류,52140647,영등2동,126.971587106725,35.9632293282895
전북특별자치도 익산시,8001,I201,MA010120220807321507,제이하우스,횟집,52140595,남중동,126.955174150649,35.9541938961462
전북특별자치도 익산시,8001,I201,MA010120220803138567,토박이식당,백반/한정식,52140690,삼성동,126.987341009346,35.9570405068218
전북특별자치도 익산시,8001,I201,MA010120220805212331,사위식당익산,백반/한정식,52140652,어양동,126.981653481442,35.9611854758101
전북특별자치도 익산시,8001,I201,MA010120220807328470,맛사랑갈비,돼지고기 구이/찜,52140690,삼성동,126.988637849386,35.9577165667464
전북특별자치도 익산시,8001,I201,MA010120220801838299,주희네사랑방가든,백반/한정식,52140400,금마면,127.053539518824,35.988851936904
전북특별자치도 익산시,8001,I201,MA010120220807780723,땅스부대찌개,국/탕/찌개류,52140595,남중동,126.959032306913,35.9527623023518
전북특별자치도 익산시,8001,I201,MA010120220807313462,따봉식당,백반/한정식,52140580,마동,126.965102874088,35.9358479064231
전북특별자치도 익산시,8001,I201,MA010120220807326383,활어도매시장,횟집,52140610,모현동,126.944194282738,35.9472226996615
전북특별자치도 익산시,8001,I201,MA010120220807229623,현대횟집,횟집,52140646,영등1동,126.978806754391,35.9527674230139
전북특별자치도 익산시,8001,I201,MA010120220806897275,영산강민물장어,해산물 구이/찜,52140570,동산동,126.962699175011,35.9335309876771
전북특별자치도 익산시,8001,I201,MA010120220807321080,고향마을,백반/한정식,52140595,남중동,126.957992231111,35.9492651274397
전북특별자치도 익산시,8001,I201,MA010120220807322776,추어탕달인,국/탕/찌개류,52140250,함열읍,126.957967701181,36.079078514608
전북특별자치도 익산시,8001,I201,MA010120220807321627,다온庭정,백반/한정식,52140690,삼성동,126.993969991598,35.9544905125038
전북특별자치도 익산시,8001,I201,MA010120220811726168,동신영양탕,백반/한정식,52140250,함열읍,126.977397176016,36.0758754029684
전북특별자치도 익산시,8001,I201,MA010120220806943293,본죽&비빔밥,백반/한정식,52140690,삼성동,126.989202966089,35.959329838556
전북특별자치도 익산시,8001,I201,MA010120220807324724,강화면옥강화유천칡냉면,국수/칼국수,52140520,중앙동,126.952634412913,35.9379345185574
전북특별자치도 익산시,8001,I201,MA010120220802834950,꿀꿀돼지한마리,돼지고기 구이/찜,52140652,어양동,126.979937575099,35.9519024260591
전북특별자치도 익산시,8001,I201,MA010120220811131653,향토정,백반/한정식,52140652,어양동,126.990744947125,35.9496326181761
전북특별자치도 익산시,8001,I201,MA010120220807299136,한가위,돼지고기 구이/찜,52140646,영등1동,126.971402296917,35.9531083586837
전북특별자치도 익산시,8001,I201,MA010120220803448655,장흥식당,백반/한정식,52140320,황등면,126.943729949974,36.0080469689887
전북특별자치도 익산시,8001,I201,MA010120220807235274,선굼터익산임상점,백반/한정식,52140690,삼성동,126.979751436473,35.9863387146189
전북특별자치도 익산시,8001,I201,MA010120220811979194,닭이돈돼지,돼지고기 구이/찜,52140652,어양동,126.982029851765,35.9635557924686
전북특별자치도 익산시,8001,I201,MA010120220807302339,금성칡냉면,냉면/밀면,52140647,영등2동,126.97858311663,35.959995330761
전북특별자치도 익산시,8001,I201,MA010120220805049298,시장골목집,횟집,52140656,신동,126.956766585462,35.9610529173529
전북특별자치도 익산시,8001,I201,MA010120220807330376,제일가정식단,백반/한정식,52140320,황등면,126.944766295159,36.0011890678718
전북특별자치도 익산시,8001,I201,MA010120220805932646,옛둑,백반/한정식,52140570,동산동,126.960431874495,35.9246259672134
전북특별자치도 익산시,8001,I201,MA010120220802533618,원본함흥냉면,냉면/밀면,52140656,신동,126.967342286702,35.9607047777351
전북특별자치도 익산시,8001,I201,MA010120220807298381,신동주물럭백반,백반/한정식,52140656,신동,126.957842672908,35.9595572423075
전북특별자치도 익산시,8001,I201,MA010120220807325552,새맛뜰,백반/한정식,52140647,영등2동,126.973317569902,35.9600213127853
전북특별자치도 익산시,8001,I201,MA010120220803816695,한뚝수육국밥원광대점,국/탕/찌개류,52140656,신동,126.961244365431,35.9626045787819
전북특별자치도 익산시,8001,I201,MA010120220803824348,소담채,백반/한정식,52140340,웅포면,126.876691032949,36.0640261127467
전북특별자치도 익산시,8001,I201,MA010120220803786091,남부생선탕,횟집,52140560,인화동,126.953380443358,35.9319415414426
전북특별자치도 익산시,8001,I201,MA010120220805019091,오면돼지,돼지고기 구이/찜,52140646,영등1동,126.978063795137,35.9538848281034
전북특별자치도 익산시,8001,I201,MA010120220807308000,복돼지반점,돼지고기 구이/찜,52140570,동산동,126.959120963637,35.9312767128435
전북특별자치도 익산시,8001,I201,MA010120220807324628,대동국수,국수/칼국수,52140647,영등2동,126.978993446144,35.9593465106029
전북특별자치도 익산시,8001,I201,MA010120220811860218,도싯골동산점,돼지고기 구이/찜,52140580,마동,126.96422777212,35.9350185048731
전북특별자치도 익산시,8001,I201,MA010120220810090303,가마솥보리밥,백반/한정식,52140690,삼성동,126.98986822844,35.9581763093773
전북특별자치도 익산시,8001,I201,MA010120220812490551,모현국수,국수/칼국수,52140610,모현동,126.947428901467,35.9499098593342
전북특별자치도 익산시,8001,I201,MA010120220807317782,우미숯불생고기,돼지고기 구이/찜,52140690,삼성동,126.994025175565,35.9576628814497
전북특별자치도 익산시,8001,I201,MA010120220807321823,시끌시끌돼지들,돼지고기 구이/찜,52140690,삼성동,126.989313995838,35.9580140380936
전북특별자치도 익산시,8001,I201,MA010120220807302625,민속가든,돼지고기 구이/찜,52140595,남중동,126.963765830444,35.9516372735561
전북특별자치도 익산시,8001,I201,MA010120220807331716,구가네왕족발,족발/보쌈,52140570,동산동,126.962344498254,35.9336660635083
전북특별자치도 익산시,8001,I201,MA010120220811998152,명화식당,백반/한정식,52140595,남중동,126.949394423604,35.9441607824273
전북특별자치도 익산시,8001,I201,MA010120220807297546,레지나식당,백반/한정식,52140690,삼성동,126.992473584342,35.9543822791171
전북특별자치도 익산시,8001,I201,MA010120220807302751,미가식당,백반/한정식,52140595,남중동,126.955918391331,35.9513552632521
전북특별자치도 익산시,8001,I201,MA010120220805199170,구워,돼지고기 구이/찜,52140620,송학동,126.936926695069,35.9431635123588
전북특별자치도 익산시,8001,I201,MA010120220812665106,김여사네곰탕백반,백반/한정식,52140560,인화동,126.953380443358,35.9319415414426
전북특별자치도 익산시,8001,I201,MA010120220803536354,은혜순대국밥,백반/한정식,52140580,마동,126.961701118369,35.9349997005111
전북특별자치도 익산시,8001,I201,MA010120220805800220,올드,백반/한정식,52140690,삼성동,126.988149572465,35.9613034542202
전북특별자치도 익산시,8001,I201,MA010120220808307101,딸바보푸드,백반/한정식,52140652,어양동,126.980602328188,35.953128222978
전북특별자치도 익산시,8001,I201,MA010120220807323069,동서식당,백반/한정식,52140656,신동,126.957112316175,35.9572047472127
전북특별자치도 익산시,8001,I201,MA010120220807302114,마포진쪽갈비,돼지고기 구이/찜,52140570,동산동,126.965025740972,35.9348475037334
전북특별자치도 익산시,8001,I201,MA010120220800843544,하루밥상,백반/한정식,52140580,마동,126.965014027712,35.9362804773728
전북특별자치도 익산시,8001,I201,MA010120220807308580,여기에오면,백반/한정식,52140646,영등1동,126.978374738054,35.9517669684998
전북특별자치도 익산시,8001,I201,MA010120220809931384,목동송식당먹고기,돼지고기 구이/찜,52140560,인화동,126.960172709122,35.9332327656537
전북특별자치도 익산시,8001,I201,MA010120220803091730,진수곱창,족발/보쌈,52140610,모현동,126.940688222324,35.9521147581514
전북특별자치도 익산시,8001,I201,MA010120220809796462,내고향,백반/한정식,52140690,삼성동,127.000166293779,35.966495177079
전북특별자치도 익산시,8001,I201,MA010120220804428874,낙지뜰아구마당,해산물 구이/찜,52140652,어양동,126.979267906119,35.9695666099007
전북특별자치도 익산시,8001,I201,MA010120220807316292,임피집,백반/한정식,52140560,인화동,126.953380443358,35.9319415414426
전북특별자치도 익산시,8001,I201,MA010120220807301009,미륵산장,백반/한정식,52140400,금마면,127.041505833023,35.9855852181728
전북특별자치도 익산시,8001,I201,MA010120220808095450,별빛정원,백반/한정식,52140610,모현동,126.944028906554,35.9459789091323
전북특별자치도 익산시,8001,I201,MA010120220810145131,언니쓰먹태,백반/한정식,52140652,어양동,126.979902877469,35.9576072731059
전북특별자치도 익산시,8001,I201,MA010120220807311645,한일옥,백반/한정식,52140520,중앙동,126.947125624408,35.9392930953373
전북특별자치도 익산시,8001,I201,MA010120220803262876,엄마밥상,백반/한정식,52140520,중앙동,126.954518092253,35.9384669803899
전북특별자치도 익산시,8001,I201,MA010120220810411959,정순순대,국/탕/찌개류,52140520,중앙동,126.949451440549,35.9416463405251
전북특별자치도 익산시,8001,I201,MA010120220807326577,실비횟집,횟집,52140580,마동,126.962133684461,35.9342157558331
전북특별자치도 익산시,8001,I201,MA010120220807323703,시골집가든,백반/한정식,52140360,용안면,126.930279686692,36.1288398718571
전북특별자치도 익산시,8001,I201,MA010120220800148803,익산장어,해산물 구이/찜,52140646,영등1동,126.970158934609,35.9581910519653
전북특별자치도 익산시,8001,I201,MA010120220807317788,토촌송어，추어탕,국/탕/찌개류,52140520,중앙동,126.950027166181,35.9425658488221
전북특별자치도 익산시,8001,I201,MA010120220805229712,돌탄등갈비찜,백반/한정식,52140652,어양동,126.980490265482,35.9580850272879
전북특별자치도 익산시,8001,I201,MA010120220806676655,낙원김치찌개,백반/한정식,52140652,어양동,126.981079016847,35.9528759516362
전북특별자치도 익산시,8001,I201,MA010120220807327052,심청아배고파,돼지고기 구이/찜,52140620,송학동,126.941493968146,35.9416968003988
전북특별자치도 익산시,8001,I201,MA010120220807314740,금빛가든,백반/한정식,52140670,팔봉동,126.978699829693,35.9381672841347
전북특별자치도 익산시,8001,I201,MA010120220807307303,가족,백반/한정식,52140560,인화동,126.953193700637,35.929156624381
전북특별자치도 익산시,8001,I201,MA010120220805310528,"대한족발,보쌈",백반/한정식,52140652,어양동,126.979615049332,35.9561201781359
전북특별자치도 익산시,8001,I201,MA010120220807307114,유명탕집,백반/한정식,52140420,춘포면,127.005383521903,35.9016776093395
전북특별자치도 익산시,8001,I201,MA010120220805235870,화정식당,백반/한정식,52140320,황등면,126.945135403962,35.9967101052074
전북특별자치도 익산시,8001,I201,MA010120220811511426,함라삼부자가,백반/한정식,52140330,함라면,126.91045149099,36.0590633047999
전북특별자치도 익산시,8001,I201,MA010120220803699776,토종삼계탕,국/탕/찌개류,52140690,삼성동,126.988248468924,35.9671975680463
전북특별자치도 익산시,8001,I201,MA010120220803511119,어게인아지트,횟집,52140652,어양동,126.979360164553,35.9558677872645
전북특별자치도 익산시,8001,I201,MA010120220806378293,돈잡꼬,백반/한정식,52140690,삼성동,126.989712928506,35.9590144493773
전북특별자치도 익산시,8001,I201,MA010120220807316024,장수축산한우식당,소고기 구이/찜,52140570,동산동,126.959720539441,35.9289426929452
전북특별자치도 익산시,8001,I201,MA010120220807321221,황여사순대족발,백반/한정식,52140520,중앙동,126.950868853309,35.9435575627499
전북특별자치도 익산시,8001,I201,MA010120220807310328,함열토속순대,국/탕/찌개류,52140250,함열읍,126.960287178237,36.0807645901354
전북특별자치도 익산시,8001,I201,MA010120220809603178,소소한돈,돼지고기 구이/찜,52140652,어양동,126.980667613519,35.9581391303908
전북특별자치도 익산시,8001,I201,MA010120220807322421,방일해장국,국/탕/찌개류,52140420,춘포면,127.004641350711,35.9017046777736
전북특별자치도 익산시,8001,I201,MA010120220807322275,감나무,백반/한정식,52140400,금마면,127.054386276435,35.9946284717561
전북특별자치도 익산시,8001,I201,MA010120220806771345,오유민동태마을,백반/한정식,52140647,영등2동,126.979769183943,35.9602478836938
전북특별자치도 익산시,8001,I201,MA010120220812574015,효심푸드,백반/한정식,52140595,남중동,126.958936721889,35.9446961589032
전북특별자치도 익산시,8001,I201,MA010120220807208051,부송국수남부점,국수/칼국수,52140560,인화동,126.95590875405,35.9287971544495
전북특별자치도 익산시,8001,I201,MA010120220812558741,현대식당,백반/한정식,52140652,어양동,126.980602328188,35.953128222978
전북특별자치도 익산시,8001,I201,MA010120220807312008,웰빙토속순대,국/탕/찌개류,52140320,황등면,126.948118281099,35.9974143949255
전북특별자치도 익산시,8001,I201,MA010120220807308442,성공회수산,횟집,52140646,영등1동,126.97355219498,35.9545237995897
전북특별자치도 익산시,8001,I201,MA010120220812366453,김&족,백반/한정식,52140656,신동,126.953886045648,35.9581498530211
전북특별자치도 익산시,8001,I201,MA010120220808458469,안녕한양,돼지고기 구이/찜,52140620,송학동,126.937484762294,35.938188945454
전북특별자치도 익산시,8001,I201,MA010120220803539074,무봉리토종순대국원광대점,국/탕/찌개류,52140656,신동,126.962120308337,35.9622443627079
전북특별자치도 익산시,8001,I201,MA010120220807310921,한성푸드,백반/한정식,52140310,오산면,126.914387992353,35.9393643356608
전북특별자치도 익산시,8001,I201,MA010120220808625012,녹두본가,백반/한정식,52140652,어양동,126.985124258195,35.9557875284698
전북특별자치도 익산시,8001,I201,MA010120220800607709,마시고,백반/한정식,52140647,영등2동,126.97818418805,35.9594725398095
전북특별자치도 익산시,8001,I201,MA010120220810875776,뼈큰감자탕,국/탕/찌개류,52140652,어양동,126.981564204569,35.9637359696874
전북특별자치도 익산시,8001,I201,MA010120220807319069,익산곱창갈비익,돼지고기 구이/찜,52140647,영등2동,126.979813809837,35.9591303538138
전북특별자치도 익산시,8001,I201,MA010120220810489900,황칠가든,백반/한정식,52140400,금마면,127.054232000576,35.9798663028382
전북특별자치도 익산시,8001,I201,MA010120220802883452,유정식당,백반/한정식,52140610,모현동,126.942911151186,35.9436621909109
전북특별자치도 익산시,8001,I201,MA010120220807309291,개성옥숯불구이냉면,돼지고기 구이/찜,52140400,금마면,127.053197393959,35.9913034487167
전북특별자치도 익산시,8001,I201,MA010120220807407422,울엄마식당,백반/한정식,52140420,춘포면,127.053629476889,35.9250981694958
전북특별자치도 익산시,8001,I201,MA010120220807313838,공단식당,백반/한정식,52140370,낭산면,127.031838047194,36.0726649533033
전북특별자치도 익산시,8001,I201,MA010120220807309471,깜도야,백반/한정식,52140690,삼성동,126.990300514959,35.9584377047086
전북특별자치도 익산시,8001,I201,MA010120220808015666,유가네탕집,돼지고기 구이/찜,52140560,인화동,126.957478600592,35.9356201371108
전북특별자치도 익산시,8001,I201,MA010120220805440579,행복한밥상,백반/한정식,52140595,남중동,126.956771938315,35.951229399954
전북특별자치도 익산시,8001,I201,MA010120220806776910,아이씨푸드,백반/한정식,52140595,남중동,126.960814836618,35.9569086039214
전북특별자치도 익산시,8001,I201,MA010120220803452449,원조솜리함흥냉면,냉면/밀면,52140520,중앙동,126.948067119489,35.9400775875314
전북특별자치도 익산시,8001,I201,MA010120220805927245,삼시세끼,백반/한정식,52140652,어양동,126.980768897558,35.9518755249076
전북특별자치도 익산시,8001,I201,MA010120220808721432,복고돼지,돼지고기 구이/찜,52140690,삼성동,126.988470949236,35.9620154647679
전북특별자치도 익산시,8001,I201,MA010120220807303850,신별미,백반/한정식,52140250,함열읍,126.958222637907,36.0798536544382
전북특별자치도 익산시,8001,I201,MA010120220807297627,경희네팥죽,백반/한정식,52140652,어양동,126.979814578048,35.9561111994558
전북특별자치도 익산시,8001,I201,MA010120220807312592,여명막국수,국수/칼국수,52140610,모현동,126.946609430426,35.9488099832483
전북특별자치도 익산시,8001,I201,MA010120220808509631,마왕족발,족발/보쌈,52140610,모현동,126.93913757675,35.9506179218914
전북특별자치도 익산시,8001,I201,MA010120220803148366,오룡식당,백반/한정식,52140430,삼기면,126.980663204015,36.0216581927862
전북특별자치도 익산시,8001,I201,MA010120220803003986,왕눈이코다리,해산물 구이/찜,52140560,인화동,126.958799483487,35.9315109263954
전북특별자치도 익산시,8001,I201,MA010120220806947777,백제갈비,돼지고기 구이/찜,52140646,영등1동,126.978373023384,35.9580576272329
전북특별자치도 익산시,8001,I201,MA010120220807324231,자작국수소바,국수/칼국수,52140656,신동,126.965824400602,35.9588027391299
전북특별자치도 익산시,8001,I201,MA010120220807311564,대청마루,백반/한정식,52140690,삼성동,126.989635306157,35.9592127154842
전북특별자치도 익산시,8001,I201,MA010120220808309128,어디가삼,백반/한정식,52140652,어양동,126.979826432815,35.9530830330314
전북특별자치도 익산시,8001,I201,MA010120220807329435,손가네식당,백반/한정식,52140380,망성면,127.018720602976,36.1367353070556
전북특별자치도 익산시,8001,I201,MA010120220802997599,향토,백반/한정식,52140400,금마면,127.051781397115,35.9966393769307
전북특별자치도 익산시,8001,I201,MA010120220808479862,고궁의맛집,백반/한정식,52140646,영등1동,126.966781733017,35.949231832137
전북특별자치도 익산시,8001,I201,MA010120220807301962,지정식당,백반/한정식,52140647,영등2동,126.972462972069,35.9629771854542
전북특별자치도 익산시,8001,I201,MA010120220804547320,종가집,백반/한정식,52140652,어양동,126.985801092756,35.952074498728
전북특별자치도 익산시,8001,I201,MA010120220807103902,미륵산돌담,백반/한정식,52140400,금마면,127.041571467728,36.0050067971522
전북특별자치도 익산시,8001,I201,MA010120220803120695,전주콩뿌리콩나물국밥,국/탕/찌개류,52140250,함열읍,126.962398171083,36.0774848236545
전북특별자치도 익산시,8001,I201,MA010120220807327126,우리한돈한우식당,소고기 구이/찜,52140420,춘포면,127.005217402267,35.9022634282187
전북특별자치도 익산시,8001,I201,MA010120220807325129,다솔,백반/한정식,52140250,함열읍,126.957433739948,36.0810520015649
전북특별자치도 익산시,8001,I201,MA010120220804750029,양푼갈비,돼지고기 구이/찜,52140620,송학동,126.938004053452,35.9402079985674
전북특별자치도 익산시,8001,I201,MA010120220807326927,자매식당,백반/한정식,52140420,춘포면,127.054392288658,35.922556315097
전북특별자치도 익산시,8001,I201,MA010120220810214745,두껍집,돼지고기 구이/찜,52140652,어양동,126.97909361006,35.957841457297
전북특별자치도 익산시,8001,I201,MA010120220807187117,흥부가기가막혀,돼지고기 구이/찜,52140560,인화동,126.954245999011,35.929850988145
전북특별자치도 익산시,8001,I201,MA010120220805060597,추억의쪽갈비,돼지고기 구이/찜,52140560,인화동,126.960560439897,35.9334852419087
전북특별자치도 익산시,8001,I201,MA010120220805890812,수연식당,백반/한정식,52140320,황등면,126.944811124252,36.0005221756966
전북특별자치도 익산시,8001,I201,MA010120220807304027,분도식당,돼지고기 구이/찜,52140320,황등면,126.945239567192,36.0064614983664
전북특별자치도 익산시,8001,I201,MA010120220807307361,부흥집,백반/한정식,52140520,중앙동,126.949396285208,35.9412407581672
전북특별자치도 익산시,8001,I201,MA010120220804336068,옛이야기식당,백반/한정식,52140390,여산면,127.083966525943,36.0599325200326
전북특별자치도 익산시,8001,I201,MA010120220807311083,만복네,백반/한정식,52140370,낭산면,127.031216975063,36.0741611463204
전북특별자치도 익산시,8001,I201,MA010120220807311310,돈방석,백반/한정식,52140580,마동,126.961756518938,35.9350177430428
전북특별자치도 익산시,8001,I201,MA010120220809534815,옛날통닭&경양식,백반/한정식,52140652,어양동,126.978749915828,35.9580576945573
전북특별자치도 익산시,8001,I201,MA010120220807301059,전주부대찌개,백반/한정식,52140690,삼성동,126.988038600327,35.9620785092192
전북특별자치도 익산시,8001,I201,MA010120220807307253,왕궁한우촌,소고기 구이/찜,52140420,춘포면,127.053629476889,35.9250981694958
전북특별자치도 익산시,8001,I201,MA010120220807308275,옛날전통맛순대,국/탕/찌개류,52140690,삼성동,126.989313995838,35.9580140380936
전북특별자치도 익산시,8001,I201,MA010120220807309687,영빈회관,백반/한정식,52140520,중앙동,126.948932306824,35.9389153555341
전북특별자치도 익산시,8001,I201,MA010120220807301786,별미콩나물국밥,국/탕/찌개류,52140646,영등1동,126.967402975822,35.9478981650703
전북특별자치도 익산시,8001,I201,MA010120220806968045,미스코다리미스터황태,해산물 구이/찜,52140595,남중동,126.952614286447,35.9530843867652
전북특별자치도 익산시,8001,I201,MA010120220808524087,익산홍어,횟집,52140595,남중동,126.952928984566,35.9457754436526
전북특별자치도 익산시,8001,I201,MA010120220806411351,어양맛집,백반/한정식,52140652,어양동,126.982043571326,35.9519207844259
전북특별자치도 익산시,8001,I201,MA010120220807302875,시골집,백반/한정식,52140400,금마면,127.049507125322,35.995477744831
전북특별자치도 익산시,8001,I201,MA010120220810423090,유신제면소익산역점,백반/한정식,52140520,중앙동,126.94730124442,35.9418527015723
전북특별자치도 익산시,8001,I201,MA010120220801146091,닭서리,백반/한정식,52140652,어양동,126.981022342657,35.9581121498047
전북특별자치도 익산시,8001,I201,MA010120220807310890,익산아구탕.찜,백반/한정식,52140652,어양동,126.982607032849,35.9602843781123
전북특별자치도 익산시,8001,I201,MA010120220807304831,토종숯불갈비,돼지고기 구이/찜,52140647,영등2동,126.972307771445,35.962977149742
전북특별자치도 익산시,8001,I201,MA010120220806380632,일미리금계찜닭,닭/오리고기 구이/찜,52140646,영등1동,126.970415441002,35.9540363974463
전북특별자치도 익산시,8001,I201,MA010120220807299378,온고을동태찌개,돼지고기 구이/찜,52140646,영등1동,126.978729424983,35.9517940691116
전북특별자치도 익산시,8001,I201,MA010120220802920822,아랫장터,백반/한정식,52140250,함열읍,126.958112123178,36.0788983208072
전북특별자치도 익산시,8001,I201,MA010120220807320330,산정고기마을,돼지고기 구이/찜,52140570,동산동,126.967587541877,35.9301978042511
전북특별자치도 익산시,8001,I201,MA010120220807314140,다솔향,백반/한정식,52140646,영등1동,126.971468761067,35.9532255358054
전북특별자치도 익산시,8001,I201,MA010120220807314707,장금이수라상,백반/한정식,52140656,신동,126.9564438295,35.9633779982746
전북특별자치도 익산시,8001,I201,MA010120220807320345,남원추어탕,국/탕/찌개류,52140620,송학동,126.941261183049,35.9417597736833
전북특별자치도 익산시,8001,I201,MA010120220802899112,이리SUN포차,백반/한정식,52140646,영등1동,126.966483577022,35.9466091362695
전북특별자치도 익산시,8001,I201,MA010120220805607825,배떡익산,백반/한정식,52140610,모현동,126.94436258306,35.9443027543134
전북특별자치도 익산시,8001,I201,MA010120220807318846,현대옥,국/탕/찌개류,52140570,동산동,126.961715715503,35.9277086407854
전북특별자치도 익산시,8001,I201,MA010120220803214535,7번가생고기,돼지고기 구이/찜,52140646,영등1동,126.971146582722,35.9552352254076
전북특별자치도 익산시,8001,I201,MA010120220807307572,힘센불고기,돼지고기 구이/찜,52140560,인화동,126.948725920401,35.9324443402953
전북특별자치도 익산시,8001,I201,MA010120220807305824,자매식당,백반/한정식,52140320,황등면,126.944929672562,36.0054880251172
전북특별자치도 익산시,8001,I201,MA010120220811850408,닭발먹은새우,닭/오리고기 구이/찜,52140647,영등2동,126.977940267007,35.9596347183956
전북특별자치도 익산시,8001,I201,MA010120220804611955,골목집,백반/한정식,52140400,금마면,127.051832916555,35.9906281197197
전북특별자치도 익산시,8001,I201,MA010120220812353686,배불뚝집,백반/한정식,52140610,모현동,126.943173447106,35.9488264305185
전북특별자치도 익산시,8001,I201,MA010120220806027895,일인자,백반/한정식,52140250,함열읍,126.967059265192,36.0814786077453
전북특별자치도 익산시,8001,I201,MA010120220809078683,식사,돼지고기 구이/찜,52140646,영등1동,126.978063795137,35.9538848281034
전북특별자치도 익산시,8001,I201,MA010120220809865486,이리순대국밥,백반/한정식,52140580,마동,126.961379021374,35.9364866489147
전북특별자치도 익산시,8001,I201,MA010120220807882278,홍칼국수,국수/칼국수,52140560,인화동,126.948373837989,35.9285598272094
전북특별자치도 익산시,8001,I201,MA010120220807310869,청운식당,백반/한정식,52140250,함열읍,126.960643322104,36.0790163375486
전북특별자치도 익산시,8001,I201,MA010120220807330469,왕갈비,돼지고기 구이/찜,52140646,영등1동,126.970304150654,35.9552260075213
전북특별자치도 익산시,8001,I201,MA010120220803343474,고고고깃집,돼지고기 구이/찜,52140610,모현동,126.936398442458,35.9523378718318
전북특별자치도 익산시,8001,I201,MA010120220804609064,본죽&비빔밥익산함열점,백반/한정식,52140250,함열읍,126.958844855546,36.0788985746511
전북특별자치도 익산시,8001,I201,MA010120220807312990,명현식당,백반/한정식,52140340,웅포면,126.884158219868,36.0888171581603
전북특별자치도 익산시,8001,I201,MA010120220807319536,고향식당,백반/한정식,52140430,삼기면,126.981539817071,36.02084722341
전북특별자치도 익산시,8001,I201,MA010120220808219965,청담김치찌개배산점,백반/한정식,52140610,모현동,126.939962870986,35.9585582660309
전북특별자치도 익산시,8001,I201,MA010120220808414162,괜찮은회집,횟집,52140647,영등2동,126.979093123153,35.9596889991547
전북특별자치도 익산시,8001,I201,MA010120220807324738,모리,백반/한정식,52140610,모현동,126.935791739387,35.9487145597681
전북특별자치도 익산시,8001,I201,MA010120220809920056,시장국수,국수/칼국수,52140560,인화동,126.953380443358,35.9319415414426
전북특별자치도 익산시,8001,I201,MA010120220812390704,3대족발,족발/보쌈,52140620,송학동,126.937414474345,35.9430015440794
전북특별자치도 익산시,8001,I201,MA010120220807330450,어부식당,백반/한정식,52140340,웅포면,126.878342752584,36.0654337089352
전북특별자치도 익산시,8001,I201,MA010120220807326595,양평해장국부송점,국/탕/찌개류,52140690,삼성동,126.989136249701,35.9608258905836
전북특별자치도 익산시,8001,I201,MA010120220807315100,지연식당,백반/한정식,52140570,동산동,126.960261641589,35.9326740239645
전북특별자치도 익산시,8001,I201,MA010120220811945817,양누리부송점,돼지고기 구이/찜,52140690,삼성동,126.987972048255,35.9623308496182
전북특별자치도 익산시,8001,I201,MA010120220807303485,수정식당,백반/한정식,52140360,용안면,126.958234558583,36.1202733143683
전북특별자치도 익산시,8001,I201,MA010120220807324619,고기사랑,돼지고기 구이/찜,52140595,남중동,126.954069563335,35.9475152820397
전북특별자치도 익산시,8001,I201,MA010120220808286048,자매국수,국수/칼국수,52140610,모현동,126.942481346832,35.9555944195236
전북특별자치도 익산시,8001,I201,MA010120220811331744,신라생선회,횟집,52140570,동산동,126.961668799545,35.9330800412259
전북특별자치도 익산시,8001,I201,MA010120220812441131,구구족,족발/보쌈,52140646,영등1동,126.970081264204,35.9583893054332
전북특별자치도 익산시,8001,I201,MA010120220807303161,신일기사식당,백반/한정식,52140400,금마면,127.053371484705,35.9863375646465
전북특별자치도 익산시,8001,I201,MA010120220807297503,사랑채,백반/한정식,52140595,남중동,126.957162893768,35.9456508554513
전북특별자치도 익산시,8001,I201,MA010120220807327503,윤가네대패삼겹살,돼지고기 구이/찜,52140560,인화동,126.953380443358,35.9319415414426
전북특별자치도 익산시,8001,I201,MA010120220804922747,남부다락방,백반/한정식,52140560,인화동,126.948106116662,35.9312814693152
전북특별자치도 익산시,8001,I201,MA010120220804920909,토성가든,백반/한정식,52140400,금마면,127.047609140095,35.9929099945752
전북특별자치도 익산시,8001,I201,MA010120220807385212,우리들가든,백반/한정식,52140360,용안면,126.964623013177,36.0922655244931
전북특별자치도 익산시,8001,I201,MA010120220807312213,동원기사식당,백반/한정식,52140670,팔봉동,127.039595765405,35.9800342481077
전북특별자치도 익산시,8001,I201,MA010120220810295130,가소익산,백반/한정식,52140610,모현동,126.941959791258,35.9563782474676
전북특별자치도 익산시,8001,I201,MA010120220807225641,삼한삼계탕,국/탕/찌개류,52140520,중앙동,126.952366994908,35.9403407311445
전북특별자치도 익산시,8001,I201,MA010120220804578883,소중한한끼,백반/한정식,52140656,신동,126.966500287994,35.9595329339971
전북특별자치도 익산시,8001,I201,MA010120220807315379,송이식당,백반/한정식,52140595,남중동,126.956716827439,35.950661598208
전북특별자치도 익산시,8001,I201,MA010120220807327273,들머리고향순대,국/탕/찌개류,52140647,영등2동,126.97735265132,35.9599680676784
전북특별자치도 익산시,8001,I201,MA010120220804900651,영등이국수,국수/칼국수,52140646,영등1동,126.974096195507,35.9519013075121
전북특별자치도 익산시,8001,I201,MA010120220804932057,옥이네빨간돼지,돼지고기 구이/찜,52140610,모현동,126.942368369352,35.9432653849911
전북특별자치도 익산시,8001,I201,MA010120220811688696,잔치국수,국수/칼국수,52140570,동산동,126.958137181466,35.9266169402674
전북특별자치도 익산시,8001,I201,MA010120220807313603,목천장어,해산물 구이/찜,52140530,평화동,126.928871274791,35.9162839089972
전북특별자치도 익산시,8001,I201,MA010120220805125297,벙커,국수/칼국수,52140570,동산동,126.963917787407,35.9343424794333
전북특별자치도 익산시,8001,I201,MA010120220808490627,삼례집,백반/한정식,52140560,인화동,126.953380443358,35.9319415414426
전북특별자치도 익산시,8001,I201,MA010120220807320596,고향소머리국밥,국/탕/찌개류,52140646,영등1동,126.976877673418,35.9541639900681
전북특별자치도 익산시,8001,I201,MA010120220811813152,별미손수제비,국수/칼국수,52140595,남중동,126.957802660425,35.9514190273677
전북특별자치도 익산시,8001,I201,MA010120220811740615,신참면,국수/칼국수,52140570,동산동,126.960228992849,35.9314843711547
전북특별자치도 익산시,8001,I201,MA010120220807311912,형제기사식당,백반/한정식,52140520,중앙동,126.945929917092,35.9375351390046
전북특별자치도 익산시,8001,I201,MA010120220807434596,다올,백반/한정식,52140656,신동,126.961356482613,35.9600180574469
전북특별자치도 익산시,8001,I201,MA010120220805965402,진미면막국수,국수/칼국수,52140656,신동,126.957210119867,35.9813850064429
전북특별자치도 익산시,8001,I201,MA010120220807311144,후백제,돼지고기 구이/찜,52140652,어양동,126.977693640587,35.9694131170736
전북특별자치도 익산시,8001,I201,MA010120220812497244,24시김치찌게,국/탕/찌개류,52140610,모현동,126.941652776224,35.9518088090294
전북특별자치도 익산시,8001,I201,MA010120220803075422,옛날삼겹살,돼지고기 구이/찜,52140690,삼성동,126.997771840346,35.9601954937935
전북특별자치도 익산시,8001,I201,MA010120220807307115,연탄구이식객,돼지고기 구이/찜,52140652,어양동,126.982174721127,35.9602032031028
전북특별자치도 익산시,8001,I201,MA010120220807311730,동아고기제국,돼지고기 구이/찜,52140690,삼성동,126.997683212387,35.9583119006888
전북특별자치도 익산시,8001,I201,MA010120220807326965,오가내한우곱창,돼지고기 구이/찜,52140690,삼성동,126.998614358641,35.9584741382599
전북특별자치도 익산시,8001,I201,MA010120220811776108,천하대만족,백반/한정식,52140580,마동,126.966765475016,35.9351183710317
전북특별자치도 익산시,8001,I201,MA010120220807323531,만제가,백반/한정식,52140250,함열읍,126.959373467152,36.0440484053536
전북특별자치도 익산시,8001,I201,MA010120220807324445,맛집,백반/한정식,52140520,중앙동,126.947724302075,35.9389508852673
전북특별자치도 익산시,8001,I201,MA010120220807308539,만나가든,백반/한정식,52140670,팔봉동,127.008677817205,35.9416476575088
전북특별자치도 익산시,8001,I201,MA010120220801389206,유미가,백반/한정식,52140370,낭산면,127.029015268588,36.0642482429607
전북특별자치도 익산시,8001,I201,MA010120220802530031,들꽃정원,백반/한정식,52140430,삼기면,126.985278829919,36.0187929344443
전북특별자치도 익산시,8001,I201,MA010120220807305722,화산식당참붕어찜,해산물 구이/찜,52140647,영등2동,126.977408265382,35.9593101730791
전북특별자치도 익산시,8001,I201,MA010120220807311043,샘골가든,돼지고기 구이/찜,52140330,함라면,126.913369046133,36.0705920997842
전북특별자치도 익산시,8001,I201,MA010120220808373485,대박이네,백반/한정식,52140610,모현동,126.943599671103,35.9417338579346
전북특별자치도 익산시,8001,I201,MA010120220803345147,테트리스찜닭,닭/오리고기 구이/찜,52140646,영등1동,126.978296810991,35.9530016545093
전북특별자치도 익산시,8001,I201,MA010120220807326222,더셀리테일,백반/한정식,52140430,삼기면,126.995197294608,36.0054194594678
전북특별자치도 익산시,8001,I201,MA010120220809881890,육개월,돼지고기 구이/찜,52140647,영등2동,126.970778829859,35.9605524529369
전북특별자치도 익산시,8001,I201,MA010120220809929741,장흥식당,백반/한정식,52140580,마동,126.961057588658,35.9365946942655
전북특별자치도 익산시,8001,I201,MA010120220807314833,연방죽가든,백반/한정식,52140400,금마면,127.044343829691,35.9842143241451
전북특별자치도 익산시,8001,I201,MA010120220808777169,까망돼지,돼지고기 구이/찜,52140652,어양동,126.982340963586,35.9603744632314
전북특별자치도 익산시,8001,I201,MA010120220807301969,고기오춘천닭갈비,돼지고기 구이/찜,52140656,신동,126.957375648042,35.9622427713293
전북특별자치도 익산시,8001,I201,MA010120220804903386,본죽앤비빔밥익산배산점,백반/한정식,52140610,모현동,126.938128993546,35.9505362945303
전북특별자치도 익산시,8001,I201,MA010120220812595137,개성족발,족발/보쌈,52140656,신동,126.962720615254,35.9586666291692
전북특별자치도 익산시,8001,I201,MA010120220806502127,아름다운식당,백반/한정식,52140610,모현동,126.942323775397,35.9436258604335
전북특별자치도 익산시,8001,I201,MA010120220807322810,밀밭보양집,백반/한정식,52140646,영등1동,126.966781733017,35.949231832137
전북특별자치도 익산시,8001,I201,MA010120220808697756,풍미불고기,돼지고기 구이/찜,52140646,영등1동,126.973697283394,35.9515407243472
전북특별자치도 익산시,8001,I201,MA010120220812626360,우정가든,백반/한정식,52140560,인화동,126.954321187365,35.9339877264626
전북특별자치도 익산시,8001,I201,MA010120220807323347,주얼리,백반/한정식,52140595,남중동,126.962245064454,35.9563322686
전북특별자치도 익산시,8001,I201,MA010120220807329453,석촌가든,백반/한정식,52140250,함열읍,126.972082132958,36.0684752429732
전북특별자치도 익산시,8001,I201,MA010120220807310090,싱싱회수산,횟집,52140580,마동,126.966882920455,35.9457981294633
전북특별자치도 익산시,8001,I201,MA010120220807400889,이현드림포크(비원궁)유,돼지고기 구이/찜,52140670,팔봉동,126.985149074152,35.9416470525131
전북특별자치도 익산시,8001,I201,MA010120220812373309,토속왕순대,국/탕/찌개류,52140646,영등1동,126.96742446613,35.9495474427696
전북특별자치도 익산시,8001,I201,MA010120220807321526,새샘뜰,백반/한정식,52140400,금마면,127.048986165329,35.9959375881952
전북특별자치도 익산시,8001,I201,MA010120220803224585,미송,백반/한정식,52140310,오산면,126.913544106694,35.9408507809322
전북특별자치도 익산시,8001,I201,MA010120220807301109,장가네,백반/한정식,52140610,모현동,126.946631367664,35.9491524647137
전북특별자치도 익산시,8001,I201,MA010120220807297417,강조네회관,백반/한정식,52140320,황등면,126.944900610887,35.9994317241079
전북특별자치도 익산시,8001,I201,MA010120220812270802,바른먹거리,돼지고기 구이/찜,52140646,영등1동,126.977132635739,35.9541009520696
전북특별자치도 익산시,8001,I201,MA010120220807298584,일송,돼지고기 구이/찜,52140647,영등2동,126.971387051988,35.9646442262669
전북특별자치도 익산시,8001,I201,MA010120220808299943,봉평식당,국수/칼국수,52140656,신동,126.952517860198,35.9660351642119
전북특별자치도 익산시,8001,I201,MA010120220802903133,돈불낙익,백반/한정식,52140400,금마면,127.043421913281,36.0016175047312
전북특별자치도 익산시,8001,I201,MA010120220806387638,양평해장국,국/탕/찌개류,52140610,모현동,126.941970171979,35.9421837024372
전북특별자치도 익산시,8001,I201,MA010120220807310372,참사랑,백반/한정식,52140610,모현동,126.947772218573,35.950342604977
전북특별자치도 익산시,8001,I201,MA010120220807310010,국수나무부송점,국수/칼국수,52140690,삼성동,126.996275410841,35.9581586544439
전북특별자치도 익산시,8001,I201,MA010120220807309183,한국식당,백반/한정식,52140560,인화동,126.945635233307,35.930910865773
전북특별자치도 익산시,8001,I201,MA010120220807302361,풍미식당,백반/한정식,52140310,오산면,126.914466919212,35.9381116645865
전북특별자치도 익산시,8001,I201,MA010120220807305043,태성가든,백반/한정식,52140390,여산면,127.101229728174,36.0541783837312
전북특별자치도 익산시,8001,I201,MA010120220807312983,옹가네왕족발보쌈,백반/한정식,52140250,함열읍,126.959133544999,36.0788265756864
전북특별자치도 익산시,8001,I201,MA010120220803991538,큰손,백반/한정식,52140320,황등면,126.944153876196,36.0046044582058
전북특별자치도 익산시,8001,I201,MA010120220807325371,다오샘,돼지고기 구이/찜,52140400,금마면,127.024228948303,36.0207110121312
전북특별자치도 익산시,8001,I201,MA010120220807304272,숯불갈비어사또,돼지고기 구이/찜,52140560,인화동,126.947186216504,35.9315063791522
전북특별자치도 익산시,8001,I201,MA010120220807306628,황여사순대,국/탕/찌개류,52140595,남중동,126.958023861743,35.9523293582932
전북특별자치도 익산시,8001,I201,MA010120220807301315,익산성,백반/한정식,52140595,남중동,126.961551048154,35.9474007503065
전북특별자치도 익산시,8001,I201,MA010120220808569908,오늘김해뒷고기,돼지고기 구이/찜,52140647,영등2동,126.977363829241,35.9596436234549
전북특별자치도 익산시,8001,I201,MA010120220807321727,가마솥영양왕족발,족발/보쌈,52140595,남중동,126.957303922521,35.9513287268874
전북특별자치도 익산시,8001,I201,MA010120220806853566,쌈짓돈,백반/한정식,52140580,마동,126.961057588658,35.9365946942655
전북특별자치도 익산시,8001,I201,MA010120220807312368,탐라왕족발,족발/보쌈,52140580,마동,126.966598848912,35.9360646303876
전북특별자치도 익산시,8001,I201,MA010120220807314629,병천황토방순대,국/탕/찌개류,52140652,어양동,126.980113372904,35.9580849654287
전북특별자치도 익산시,8001,I201,MA010120220812074805,모여라고기촌,돼지고기 구이/찜,52140646,영등1동,126.976224434336,35.9516674252975
전북특별자치도 익산시,8001,I201,MA010120220807299512,만나먹거리촌,백반/한정식,52140400,금마면,127.045485430605,35.9832766112009
전북특별자치도 익산시,8001,I201,MA010120220806531087,손수칼국수,국수/칼국수,52140610,모현동,126.940546544632,35.9488882449814
전북특별자치도 익산시,8001,I201,MA010120220807314564,백가돈족,백반/한정식,52140595,남중동,126.961358444929,35.955989515095
전북특별자치도 익산시,8001,I201,MA010120220806161980,원푸드,백반/한정식,52140610,모현동,126.942881752886,35.9537110181673
전북특별자치도 익산시,8001,I201,MA010120220802617942,항아리족발부송,족발/보쌈,52140690,삼성동,126.990599343419,35.9624031833338
전북특별자치도 익산시,8001,I201,MA010120220810318342,부대통령뚝배기,국/탕/찌개류,52140656,신동,126.956277144855,35.9640989289902
전북특별자치도 익산시,8001,I201,MA010120220805311774,술곳간,백반/한정식,52140610,모현동,126.943924825855,35.9521073015197
전북특별자치도 익산시,8001,I201,MA010120220807312826,서해아구찜.해물탕,백반/한정식,52140690,삼성동,126.987983360571,35.9608347930811
전북특별자치도 익산시,8001,I201,MA010120220804940594,대왕해물손칼국수,국수/칼국수,52140670,팔봉동,127.034226773373,35.9746374892635
전북특별자치도 익산시,8001,I201,MA010120220809626949,사절리닭집부송점,닭/오리고기 구이/찜,52140690,삼성동,126.990000663311,35.962826717466
전북특별자치도 익산시,8001,I201,MA010120220800640211,고수,돼지고기 구이/찜,52140652,어양동,126.979792458949,35.9559129228484
전북특별자치도 익산시,8001,I201,MA010120220802055637,낚시터가든,횟집,52140380,망성면,127.009186354016,36.1218032967657
전북특별자치도 익산시,8001,I201,MA010120220807325929,아담연탄구이,돼지고기 구이/찜,52140520,중앙동,126.949087448791,35.9389334462909
전북특별자치도 익산시,8001,I201,MA010120220805462925,백제당,국수/칼국수,52140656,신동,126.964071706197,35.9615329835976
전북특별자치도 익산시,8001,I201,MA010120220807298156,고바우가든,백반/한정식,52140670,팔봉동,126.985004545124,35.9440443392672
전북특별자치도 익산시,8001,I201,MA010120220807308200,사은가든,백반/한정식,52140410,왕궁면,127.09952609757,35.9968345758198
전북특별자치도 익산시,8001,I201,MA010120220806945413,사회적협동조합청년식당,백반/한정식,52140656,신동,126.958029901945,35.961864481362
전북특별자치도 익산시,8001,I201,MA010120220807313827,임상리농장가든,백반/한정식,52140647,영등2동,126.979979025888,35.9633391704295
전북특별자치도 익산시,8001,I201,MA010120220808350346,김가네김치찌개,백반/한정식,52140570,동산동,126.966347916138,35.9267366842909
전북특별자치도 익산시,8001,I201,MA010120220807309677,동이리식당,백반/한정식,52140560,인화동,126.953769211343,35.9303645146896
전북특별자치도 익산시,8001,I201,MA010120220805104940,케이에스케이수육국밥원광대,국/탕/찌개류,52140656,신동,126.956765838803,35.9624228010676
전북특별자치도 익산시,8001,I201,MA010120220807322787,미성원,백반/한정식,52140670,팔봉동,126.977702473866,35.9379868544067
전북특별자치도 익산시,8001,I201,MA010120220804959489,진순할매감자탕,국/탕/찌개류,52140560,인화동,126.959375027351,35.9328539759758
전북특별자치도 익산시,8001,I201,MA010120220807323562,명태나라,해산물 구이/찜,52140400,금마면,127.052576949885,35.9921779200898
전북특별자치도 익산시,8001,I201,MA010120220808167058,남다른장어,해산물 구이/찜,52140610,모현동,126.940686389849,35.9545661318294
전북특별자치도 익산시,8001,I201,MA010120220803055116,9292뒷고기송학점,돼지고기 구이/찜,52140620,송학동,126.937414474345,35.9430015440794
전북특별자치도 익산시,8001,I201,MA010120220808005229,하늘샘,백반/한정식,52140646,영등1동,126.971190882159,35.9553433849066
전북특별자치도 익산시,8001,I201,MA010120220805307995,한마루,백반/한정식,52140580,마동,126.966044521537,35.9365962084308
전북특별자치도 익산시,8001,I201,MA010120220805635596,맛집스토리,백반/한정식,52140656,신동,126.955480871185,35.9606919514621
전북특별자치도 익산시,8001,I201,MA010120220807299223,남도매운탕,해산물 구이/찜,52140652,어양동,126.979704822782,35.9518393000575
전북특별자치도 익산시,8001,I201,MA010120220806728136,송내칼국수,국수/칼국수,52140595,남중동,126.963156790923,35.9503663381968
전북특별자치도 익산시,8001,I201,MA010120220807326898,"장충동왕족발.보쌈,논현동보쌈의달인",백반/한정식,52140652,어양동,126.98224081367,35.9620777913101
전북특별자치도 익산시,8001,I201,MA010120220807303320,소나무가든,돼지고기 구이/찜,52140400,금마면,127.055563149439,35.9806858191216
전북특별자치도 익산시,8001,I201,MA010120220803303910,청목,백반/한정식,52140646,영등1동,126.977441882476,35.9580394310272
전북특별자치도 익산시,8001,I201,MA010120220807310106,자연과사람들,백반/한정식,52140400,금마면,127.023273839272,36.0171783761238
전북특별자치도 익산시,8001,I201,MA010120220807320021,길가든,백반/한정식,52140320,황등면,126.941292604781,36.0340372875145
전북특별자치도 익산시,8001,I201,MA010120220805266513,솜리보쌈,족발/보쌈,52140656,신동,126.962809199318,35.9588739418367
전북특별자치도 익산시,8001,I201,MA010120220806920920,한뚝배기,국/탕/찌개류,52140320,황등면,126.944833412974,36.0003689762391
전북특별자치도 익산시,8001,I201,MA010120220810163179,디미방,돼지고기 구이/찜,52140656,신동,126.955428258374,35.9754091567673
전북특별자치도 익산시,8001,I201,MA010120220807323348,내가잘가는집,백반/한정식,52140370,낭산면,126.998612250712,36.0787974858722
전북특별자치도 익산시,8001,I201,MA010120220803403457,추억의꽁보리밥,백반/한정식,52140595,남중동,126.956504975981,35.9529506736541
전북특별자치도 익산시,8001,I201,MA010120220807304188,행복식당,백반/한정식,52140595,남중동,126.953584235856,35.9434955565005
전북특별자치도 익산시,8001,I201,MA010120220807327003,은혜푸드종가집，찜닭，한담채，곱창맨,백반/한정식,52140646,영등1동,126.970215567982,35.9549736382299
전북특별자치도 익산시,8001,I201,MA010120220807301254,향촌갈비,돼지고기 구이/찜,52140520,중앙동,126.948678081765,35.9378788177303
전북특별자치도 익산시,8001,I201,MA010120220811924876,미륵탑산장,백반/한정식,52140380,망성면,127.017355882619,36.1450356800873
전북특별자치도 익산시,8001,I201,MA010120220805524040,허여사양푼갈비,돼지고기 구이/찜,52140690,삼성동,126.990023415153,35.9582123719807
전북특별자치도 익산시,8001,I201,MA010120220807327086,진품순대,국/탕/찌개류,52140400,금마면,127.049146745904,35.9866277650436
전북특별자치도 익산시,8001,I201,MA010120220806799764,대가맛집추어탕,국/탕/찌개류,52140690,삼성동,126.995543963683,35.9551574992929
전북특별자치도 익산시,8001,I201,MA010120220807306841,본죽&비빔밥익산영등,백반/한정식,52140646,영등1동,126.971622830564,35.9563348522487
전북특별자치도 익산시,8001,I201,MA010120220807322783,우리집한우,소고기 구이/찜,52140420,춘포면,127.031302743264,35.9542522593811
전북특별자치도 익산시,8001,I201,MA010120220807326665,가마솥남원추어탕,국/탕/찌개류,52140380,망성면,127.00672243745,36.1460731426114
전북특별자치도 익산시,8001,I201,MA010120220807729153,옥탑,백반/한정식,52140390,여산면,127.067973865209,36.0616639936206
전북특별자치도 익산시,8001,I201,MA010120220802884103,인생극장쪽갈비,돼지고기 구이/찜,52140690,삼성동,126.990189602403,35.9589333776928
전북특별자치도 익산시,8001,I201,MA010120220800681852,감나무가든,백반/한정식,52140410,왕궁면,127.058215818596,35.9237712030788
전북특별자치도 익산시,8001,I201,MA010120220807318783,전통엄마순두부,백반/한정식,52140400,금마면,127.034884976569,36.0090194135017
전북특별자치도 익산시,8001,I201,MA010120220811824935,뜰,백반/한정식,52140647,영등2동,126.977162656666,35.9653304060082
전북특별자치도 익산시,8001,I201,MA010120220807309920,명동식당,백반/한정식,52140520,중앙동,126.949274208279,35.9415020669665
전북특별자치도 익산시,8001,I201,MA010120220812159065,본죽앤비빔밥,백반/한정식,52140610,모현동,126.943762892661,35.945996809631
전북특별자치도 익산시,8001,I201,MA010120220803191308,조개꽃천지,해산물 구이/찜,52140610,모현동,126.93968606462,35.9581345444889
전북특별자치도 익산시,8001,I201,MA010120220807305634,엄집,돼지고기 구이/찜,52140310,오산면,126.912111395279,35.9536113186402
전북특별자치도 익산시,8001,I201,MA010120220807064283,어천가씨푸드,백반/한정식,52140595,남중동,126.957802660425,35.9514190273677
전북특별자치도 익산시,8001,I201,MA010120220803347871,백인숙꽃게장,백반/한정식,52140652,어양동,126.980270103702,35.9518934687715
전북특별자치도 익산시,8001,I201,MA010120220811043690,남원할매국수,국수/칼국수,52140320,황등면,126.948118281099,35.9974143949255
전북특별자치도 익산시,8001,I201,MA010120220807322033,화산가든,백반/한정식,52140380,망성면,127.000388863046,36.1383138922539
전북특별자치도 익산시,8001,I201,MA010120220807302997,까치골식당,백반/한정식,52140656,신동,126.963041769854,35.9593426584191
전북특별자치도 익산시,8001,I201,MA010120220805370382,모현동참숯집,돼지고기 구이/찜,52140610,모현동,126.943358442566,35.9536301324205
전북특별자치도 익산시,8001,I201,MA010120220807324561,익산대게나라,해산물 구이/찜,52140656,신동,126.964626132714,35.9611996896659
전북특별자치도 익산시,8001,I201,MA010120220807321103,순진한삼겹살,돼지고기 구이/찜,52140652,어양동,126.982374251815,35.9602302697655
전북특별자치도 익산시,8001,I201,MA010120220803258284,엄마네2배맛집,백반/한정식,52140656,신동,126.956500153186,35.9617467755019
전북특별자치도 익산시,8001,I201,MA010120220807260618,빈대떡신사,전/부침개,52140690,삼성동,126.995366600583,35.9553016910603
전북특별자치도 익산시,8001,I201,MA010120220812664960,소망식당,백반/한정식,52140350,성당면,126.922148741622,36.1279606856588
전북특별자치도 익산시,8001,I201,MA010120220807312773,산단마루,백반/한정식,52140430,삼기면,126.998169351298,36.0278421758698
전북특별자치도 익산시,8001,I201,MA010120220807306188,달아달아밝은달아,백반/한정식,52140656,신동,126.96136634331,35.9625325189627
전북특별자치도 익산시,8001,I201,MA010120220809901208,명성장어야놀자,해산물 구이/찜,52140570,동산동,126.956385657055,35.9280312708435
전북특별자치도 익산시,8001,I201,MA010120220807325299,십장생,백반/한정식,52140250,함열읍,126.962496071691,36.0817296086878
전북특별자치도 익산시,8001,I201,MA010120220801316721,다와식사와차,국수/칼국수,52140610,모현동,126.941410068524,35.950258556266
전북특별자치도 익산시,8001,I201,MA010120220807309683,홍담,백반/한정식,52140656,신동,126.963549778062,35.9635065404282
전북특별자치도 익산시,8001,I201,MA010120220805333737,깨비식당,국수/칼국수,52140647,영등2동,126.970945573294,35.9592907577278
전북특별자치도 익산시,8001,I201,MA010120220807305881,우정식당,백반/한정식,52140620,송학동,126.9416713655,35.941597750064
전북특별자치도 익산시,8001,I201,MA010120220807319058,참새방앗간식당,백반/한정식,52140647,영등2동,126.978150852807,35.9597609304947
전북특별자치도 익산시,8001,I201,MA010120220811079775,진수참숯갈비,돼지고기 구이/찜,52140647,영등2동,126.981033076508,35.9595811726412
전북특별자치도 익산시,8001,I201,MA010120220809273958,숲정이화로구이,돼지고기 구이/찜,52140390,여산면,127.076764546867,36.0614694296198
전북특별자치도 익산시,8001,I201,MA010120220805486862,백년가게전북협동조합,돼지고기 구이/찜,52140595,남중동,126.955996420063,35.950562199732
전북특별자치도 익산시,8001,I201,MA010120220811782318,재영식당,백반/한정식,52140580,마동,126.967729923475,35.9343165273881
전북특별자치도 익산시,8001,I201,MA010120220807313879,황등국밥집,국/탕/찌개류,52140595,남중동,126.955655273003,35.9461640157965
전북특별자치도 익산시,8001,I201,MA010120220807300746,전통순대,국/탕/찌개류,52140646,영등1동,126.976123909262,35.9542179169266
전북특별자치도 익산시,8001,I201,MA010120220812309871,소담,백반/한정식,52140330,함라면,126.911314660603,36.0613530563924
전북특별자치도 익산시,8001,I201,MA010120220808283335,사은기사식당,백반/한정식,52140410,왕궁면,127.094564436609,35.984014017784
전북특별자치도 익산시,8001,I201,MA010120220807323859,양푼이신동태,백반/한정식,52140620,송학동,126.936863250889,35.9393241861442
전북특별자치도 익산시,8001,I201,MA010120220807589781,매월농원,돼지고기 구이/찜,52140420,춘포면,127.026570402398,35.9565155139034
전북특별자치도 익산시,8001,I201,MA010120220807307657,정통쌈밥,백반/한정식,52140560,인화동,126.953869758854,35.9289586122928
전북특별자치도 익산시,8001,I201,MA010120220804869570,동산솥뚜껑삼겹살,돼지고기 구이/찜,52140560,인화동,126.960848495844,35.9336205227551
전북특별자치도 익산시,8001,I201,MA010120220808675597,태흥고깃집,돼지고기 구이/찜,52140647,영등2동,126.980144843765,35.9652137753984
전북특별자치도 익산시,8001,I201,MA010120220808811111,춘천닭갈비이야기,닭/오리고기 구이/찜,52140610,모현동,126.944261828428,35.9457356822318
전북특별자치도 익산시,8001,I201,MA010120220807306206,석촌갈비,돼지고기 구이/찜,52140670,팔봉동,126.984926942782,35.9441524786101
전북특별자치도 익산시,8001,I201,MA010120220807325655,고향마루,백반/한정식,52140610,모현동,126.941562834938,35.9535301351266
전북특별자치도 익산시,8001,I201,MA010120220808374623,화심순두부,백반/한정식,52140647,영등2동,126.971477402507,35.960020889556
전북특별자치도 익산시,8001,I201,MA010120220801755160,송가네왕족발,족발/보쌈,52140646,영등1동,126.967026401274,35.9472491682395
전북특별자치도 익산시,8001,I201,MA010120220812616725,레스트발리,백반/한정식,52140560,인화동,126.947141513115,35.9320741431532
전북특별자치도 익산시,8001,I201,MA010120220809393894,좋은갈비,돼지고기 구이/찜,52140656,신동,126.937698048987,35.9629551605736
전북특별자치도 익산시,8001,I201,MA010120220803237502,함열막창전골,돼지고기 구이/찜,52140250,함열읍,126.962398171083,36.0774848236545
전북특별자치도 익산시,8001,I201,MA010120220808630154,고향밥상,백반/한정식,52140595,남중동,126.957129702175,35.9455426945742
전북특별자치도 익산시,8001,I201,MA010120220807299972,서해명가,횟집,52140520,중앙동,126.951291811845,35.9406196849057
전북특별자치도 익산시,8001,I201,MA010120220805455591,소머리국밥&국수,백반/한정식,52140646,영등1동,126.969952703683,35.9466100548208
전북특별자치도 익산시,8001,I201,MA010120220807321242,동해안,횟집,52140610,모현동,126.938178110777,35.9443988650449
전북특별자치도 익산시,8001,I201,MA010120220807337253,태화,백반/한정식,52140652,어양동,126.982687433005,35.9474417095408
전북특별자치도 익산시,8001,I201,MA010120220807328463,풍차식당,백반/한정식,52140400,금마면,127.051810513377,35.9902856600566
전북특별자치도 익산시,8001,I201,MA010120220807297388,햇살촌,돼지고기 구이/찜,52140670,팔봉동,127.004201446935,35.9619168086572
전북특별자치도 익산시,8001,I201,MA010120220803280844,용안시골집칼국수,국수/칼국수,52140360,용안면,126.963409965829,36.0981411106364
전북특별자치도 익산시,8001,I201,MA010120220812177715,아리울식당,돼지고기 구이/찜,52140690,삼성동,126.99532194138,35.9607361671435
전북특별자치도 익산시,8001,I201,MA010120220807236596,황금농장,백반/한정식,52140410,왕궁면,127.060873973648,35.9367748373977
전북특별자치도 익산시,8001,I201,MA010120220807319621,충남식당,백반/한정식,52140595,남중동,126.955635030576,35.9427212636424
전북특별자치도 익산시,8001,I201,MA010120220805414364,태리태리,백반/한정식,52140595,남중동,126.954058657121,35.9472088557165
전북특별자치도 익산시,8001,I201,MA010120220807319192,모녀홍탁,횟집,52140595,남중동,126.957419604271,35.9423073384602
전북특별자치도 익산시,8001,I201,MA010120220807318371,여울목,백반/한정식,52140330,함라면,126.876683919869,36.0401256106608
전북특별자치도 익산시,8001,I201,MA010120220805753744,사과나무정원,백반/한정식,52140390,여산면,127.085371526944,36.0556597222954
전북특별자치도 익산시,8001,I201,MA010120220807326375,활어촌,횟집,52140560,인화동,126.955831302449,35.9285898397607
전북특별자치도 익산시,8001,I201,MA010120220805638521,곱창연구소돌곱1991,곱창 전골/구이,52140690,삼성동,126.990100494578,35.9623490688546
전북특별자치도 익산시,8001,I201,MA010120220807320225,어사또양념갈비,돼지고기 구이/찜,52140620,송학동,126.938079677108,35.9427134915542
전북특별자치도 익산시,8001,I201,MA010120220801650360,일미아구,백반/한정식,52140620,송학동,126.940765584586,35.9375687515276
전북특별자치도 익산시,8001,I201,MA010120220805049212,사계진미부송점,백반/한정식,52140690,삼성동,126.989712629301,35.9613216231758
전북특별자치도 익산시,8001,I201,MA010120220803093752,밥통령,국/탕/찌개류,52140656,신동,126.960380823799,35.9603151484308
전북특별자치도 익산시,8001,I201,MA010120220807307355,들판생고기구이,돼지고기 구이/찜,52140530,평화동,126.934320626256,35.9182607422691
전북특별자치도 익산시,8001,I201,MA010120220806445465,강촌다슬기,국수/칼국수,52140580,마동,126.965220570754,35.9454461749621
전북특별자치도 익산시,8001,I201,MA010120220800149746,추억에연탄구이,돼지고기 구이/찜,52140646,영등1동,126.976190524652,35.9538574338889
전북특별자치도 익산시,8001,I201,MA010120220808564618,푸른정원,돼지고기 구이/찜,52140430,삼기면,127.017784036673,36.0234248446273
전북특별자치도 익산시,8001,I201,MA010120220807304836,본가바지락칼국수,국수/칼국수,52140390,여산면,127.085328552397,36.0569755413781
전북특별자치도 익산시,8001,I201,MA010120220804696228,우리한돈한우정육점,소고기 구이/찜,52140420,춘포면,127.005217402267,35.9022634282187
전북특별자치도 익산시,8001,I201,MA010120220805152617,땅스부대찌개,국/탕/찌개류,52140647,영등2동,126.973805220958,35.9603368541253
전북특별자치도 익산시,8001,I201,MA010120220807325877,현대옥어양동점,국/탕/찌개류,52140646,영등1동,126.978529024178,35.9550655374386
전북특별자치도 익산시,8001,I201,MA010120220812339457,옛날손수제비,국수/칼국수,52140595,남중동,126.959065852814,35.9521945320525
전북특별자치도 익산시,8001,I201,MA010120220807325059,노형남정통추어탕본가,해산물 구이/찜,52140646,영등1동,126.978528997349,35.955164673891
전북특별자치도 익산시,8001,I201,MA010120220807298753,화배닭오리,돼지고기 구이/찜,52140250,함열읍,126.969015050127,36.0769730202892
전북특별자치도 익산시,8001,I201,MA010120220807313962,예가원,백반/한정식,52140595,남중동,126.956083580905,35.9532929916932
전북특별자치도 익산시,8001,I201,MA010120220807308273,전주콩나루콩나물국밥,국/탕/찌개류,52140595,남중동,126.957849189499,35.947291358424
전북특별자치도 익산시,8001,I201,MA010120220807309128,흙이랑,백반/한정식,52140670,팔봉동,127.000809102611,35.947497029851
전북특별자치도 익산시,8001,I201,MA010120220812398583,다온,백반/한정식,52140580,마동,126.9678143392,35.944770966977
전북특별자치도 익산시,8001,I201,MA010120220807325301,장가네바지락칼국수,국수/칼국수,52140610,모현동,126.947604018707,35.9532805770656
전북특별자치도 익산시,8001,I201,MA010120220804406285,공단식당,백반/한정식,52140430,삼기면,127.012803343855,36.0272106456334
전북특별자치도 익산시,8001,I201,MA010120220805929159,이레식당,백반/한정식,52140350,성당면,126.933638983841,36.0708213292722
전북특별자치도 익산시,8001,I201,MA010120220806512385,익산비빔밥,백반/한정식,52140520,중앙동,126.94848913384,35.9387259051795
전북특별자치도 익산시,8001,I201,MA010120220807326433,웅포한솔가든,백반/한정식,52140340,웅포면,126.88462336334,36.0896377168786
전북특별자치도 익산시,8001,I201,MA010120220807305981,돌아가는삼겹살,돼지고기 구이/찜,52140647,영등2동,126.979459024396,35.9593556035905
전북특별자치도 익산시,8001,I201,MA010120220807309134,신민지식당,백반/한정식,52140595,남중동,126.95417988416,35.9484075533149
전북특별자치도 익산시,8001,I201,MA010120220810260190,불철주야,백반/한정식,52140646,영등1동,126.977388018874,35.9525598787102
전북특별자치도 익산시,8001,I201,MA010120220807325331,독도수산,횟집,52140647,영등2동,126.978150741102,35.9601664883798
전북특별자치도 익산시,8001,I201,MA010120220809765243,배산태백칼국수,국수/칼국수,52140610,모현동,126.939507954305,35.9591168062889
전북특별자치도 익산시,8001,I201,MA010120220803179058,익산횟집,횟집,52140610,모현동,126.947263840353,35.9481073042466
전북특별자치도 익산시,8001,I201,MA010120220802282722,명륜진사갈비익산,돼지고기 구이/찜,52140652,어양동,126.982241638886,35.9583917208302
전북특별자치도 익산시,8001,I201,MA010120220800802558,전주콩나물국밥24시,국/탕/찌개류,52140690,삼성동,126.986852955783,35.9589510833616
전북특별자치도 익산시,8001,I201,MA010120220801582603,황산산오리,닭/오리고기 구이/찜,52140656,신동,126.963251420976,35.9614335988748
전북특별자치도 익산시,8001,I201,MA010120220807309384,함벽정가든,백반/한정식,52140410,왕궁면,127.098759966874,35.9961232342046
전북특별자치도 익산시,8001,I201,MA010120220812337626,은혜식당,백반/한정식,52140520,중앙동,126.950493395757,35.941367389604
전북특별자치도 익산시,8001,I201,MA010120220806596417,도마,돼지고기 구이/찜,52140610,모현동,126.942277306479,35.946563886705
전북특별자치도 익산시,8001,I201,MA010120220807313836,한솥,백반/한정식,52140656,신동,126.956720650255,35.9639729162779
전북특별자치도 익산시,8001,I201,MA010120220811703052,팔도야장어굽자!,해산물 구이/찜,52140390,여산면,127.084984573202,36.057056895957
전북특별자치도 익산시,8001,I201,MA010120220807308925,전통국수,국수/칼국수,52140520,중앙동,126.952388738476,35.9410437090085
전북특별자치도 익산시,8001,I201,MA010120220803503810,영등소머리곰탕1,국/탕/찌개류,52140646,영등1동,126.977231271333,35.9580213664546
전북특별자치도 익산시,8001,I201,MA010120220800618154,떼보네,돼지고기 구이/찜,52140656,신동,126.955301777459,35.9637560987996
전북특별자치도 익산시,8001,I201,MA010120220807321956,진안생갈비,돼지고기 구이/찜,52140690,삼성동,126.992185045804,35.9578340113622
전북특별자치도 익산시,8001,I201,MA010120220802987208,소망유통,백반/한정식,52140390,여산면,127.102808413133,36.0477152523435
전북특별자치도 익산시,8001,I201,MA010120220812118620,본죽&비빔밥카페익산동산,백반/한정식,52140560,인화동,126.956594829282,35.9305277934884
전북특별자치도 익산시,8001,I201,MA010120220806442834,양누리,돼지고기 구이/찜,52140690,삼성동,126.988005325707,35.9621956670301
전북특별자치도 익산시,8001,I201,MA010120220807061941,보성숯불갈비,돼지고기 구이/찜,52140560,인화동,126.953902442114,35.9299229562599
전북특별자치도 익산시,8001,I201,MA010120220807310894,원현정돼지생곱창갈비,돼지고기 구이/찜,52140646,영등1동,126.975878904162,35.9579850526694
전북특별자치도 익산시,8001,I201,MA010120220807325744,별이네식당,백반/한정식,52140320,황등면,126.944597135847,36.0051814528191
전북특별자치도 익산시,8001,I201,MA010120220807315125,남부생선촌,백반/한정식,52140560,인화동,126.955220625228,35.9307616122574
전북특별자치도 익산시,8001,I201,MA010120220803213826,경원해물찜익,해산물 구이/찜,52140620,송학동,126.940884777591,35.9412098310164
전북특별자치도 익산시,8001,I201,MA010120220807300879,이랴꿀꿀,돼지고기 구이/찜,52140647,영등2동,126.979303889632,35.9591302669632
전북특별자치도 익산시,8001,I201,MA010120220807324298,금마진미식당,백반/한정식,52140400,금마면,127.052664590345,35.9905556587131
전북특별자치도 익산시,8001,I201,MA010120220807310744,옛고을,백반/한정식,52140390,여산면,127.083618289324,36.0664936739069
전북특별자치도 익산시,8001,I201,MA010120220807303205,모닝,백반/한정식,52140610,모현동,126.948381873214,35.9502887942418
전북특별자치도 익산시,8001,I201,MA010120220806174312,대안집,백반/한정식,52140610,모현동,126.934451815943,35.9606642834699
전북특별자치도 익산시,8001,I201,MA010120220812014382,"돼지코생곱창,갈비",돼지고기 구이/찜,52140610,모현동,126.939180531329,35.9524204255089
전북특별자치도 익산시,8001,I201,MA010120220800081069,더꼬치다,닭/오리고기 구이/찜,52140580,마동,126.968238656743,35.936885206846
전북특별자치도 익산시,8001,I201,MA010120220807318414,부송국수,국수/칼국수,52140652,어양동,126.992285221324,35.9536162125576
전북특별자치도 익산시,8001,I201,MA010120220809643619,남해항,횟집,52140652,어양동,126.979481525915,35.9580758466679
전북특별자치도 익산시,8001,I201,MA010120220807304794,락원식당,백반/한정식,52140620,송학동,126.939389092984,35.9405782153581
전북특별자치도 익산시,8001,I201,MA010120220807303446,진미맛사랑,백반/한정식,52140360,용안면,126.955647321839,36.1186952569707
전북특별자치도 익산시,8001,I201,MA010120220807305580,민들레기사식당,백반/한정식,52140400,금마면,127.062150082128,35.9954898858421
전북특별자치도 익산시,8001,I201,MA010120220807953592,지리산버섯골,백반/한정식,52140646,영등1동,126.970536701255,35.9558389083337
전북특별자치도 익산시,8001,I201,MA010120220807301591,정원곰탕,국/탕/찌개류,52140420,춘포면,127.01660403566,35.9513531972708
전북특별자치도 익산시,8001,I201,MA010120220804434353,마녀쌈사랑,백반/한정식,52140250,함열읍,126.98120930592,36.0578515872914
전북특별자치도 익산시,8001,I201,MA010120220806839134,하륜일만족발,족발/보쌈,52140647,영등2동,126.979292613852,35.9598602693067
전북특별자치도 익산시,8001,I201,MA010120220807325354,돈지마을,돼지고기 구이/찜,52140610,모현동,126.942623473813,35.9429951345399
전북특별자치도 익산시,8001,I201,MA010120220807313496,가을여행,백반/한정식,52140652,어양동,126.979615012282,35.9562643765872
전북특별자치도 익산시,8001,I201,MA010120220811944277,청주숯불갈비,돼지고기 구이/찜,52140595,남중동,126.957329235877,35.9454796787391
전북특별자치도 익산시,8001,I201,MA010120220800086290,혹부리불족보쌈,족발/보쌈,52140652,어양동,126.982751750301,35.9574905551238
전북특별자치도 익산시,8001,I201,MA010120220807304560,물레방아,백반/한정식,52140400,금마면,127.022907618056,36.0166917817765
전북특별자치도 익산시,8001,I201,MA010120220807318525,명가곰탕,국/탕/찌개류,52140595,남중동,126.959457075407,35.9457868385518
전북특별자치도 익산시,8001,I201,MA010120220812198721,완도수산,횟집,52140570,동산동,126.959829808605,35.9319889348823
전북특별자치도 익산시,8001,I201,MA010120220811482956,꽃담숯불구이,돼지고기 구이/찜,52140646,영등1동,126.97115863384,35.9525765682798
전북특별자치도 익산시,8001,I201,MA010120220807331343,사돈,돼지고기 구이/찜,52140647,영등2동,126.972962033984,35.9623824809455
전북특별자치도 익산시,8001,I201,MA010120220812386498,리가든부송점,백반/한정식,52140690,삼성동,126.990078298432,35.9625473396967
전북특별자치도 익산시,8001,I201,MA010120220807313860,작은바다,횟집,52140690,삼성동,126.989036711001,35.9591585879002
전북특별자치도 익산시,8001,I201,MA010120220806308962,왕새우직판장,백반/한정식,52140652,어양동,126.97992188564,35.970098451706
전북특별자치도 익산시,8001,I201,MA010120220807306620,대동휴게식당,백반/한정식,52140670,팔봉동,127.031686749274,35.972105708816
전북특별자치도 익산시,8001,I201,MA010120220805403698,행복한밥상,백반/한정식,52140646,영등1동,126.976877673418,35.9541639900681
전북특별자치도 익산시,8001,I201,MA010120220807326768,용수촌,백반/한정식,52140610,모현동,126.936945966057,35.9607557437538
전북특별자치도 익산시,8001,I201,MA010120220809750495,9292뒷고기,돼지고기 구이/찜,52140610,모현동,126.935148770812,35.9488494002929
전북특별자치도 익산시,8001,I201,MA010120220807178393,만복칼국수,국수/칼국수,52140690,삼성동,126.992228991332,35.961862556234
전북특별자치도 익산시,8001,I201,MA010120220807320830,미륵한방돌솥밥,백반/한정식,52140595,남중동,126.955043827274,35.9494443076004
전북특별자치도 익산시,8001,I201,MA010120220807319968,본가장충동왕족발보쌈,족발/보쌈,52140610,모현동,126.946321489998,35.9484583706801
전북특별자치도 익산시,8001,I201,MA010120220812232434,마실숯불갈비,돼지고기 구이/찜,52140610,모현동,126.941477163927,35.9494564843457
전북특별자치도 익산시,8001,I201,MA010120220809720679,유일냉면,냉면/밀면,52140580,마동,126.96411684769,35.9352527950758
전북특별자치도 익산시,8001,I201,MA010120220807495670,애정푸드,백반/한정식,52140656,신동,126.957731800907,35.959593252902
전북특별자치도 익산시,8001,I201,MA010120220807488681,골목집,백반/한정식,52140570,동산동,126.965756986232,35.9352082119495
전북특별자치도 익산시,8001,I201,MA010120220808540388,수복순대,국/탕/찌개류,52140530,평화동,126.934320626256,35.9182607422691
전북특별자치도 익산시,8001,I201,MA010120220807304304,산정호수,백반/한정식,52140340,웅포면,126.908449800336,36.0815292782368
전북특별자치도 익산시,8001,I201,MA010120220807303471,군산식당,백반/한정식,52140520,중앙동,126.953197222399,35.9419813191477
전북특별자치도 익산시,8001,I201,MA010120220803387386,아씨순대국,국/탕/찌개류,52140595,남중동,126.952929540442,35.9448381522732
전북특별자치도 익산시,8001,I201,MA010120220807312010,비엔나,백반/한정식,52140610,모현동,126.943053569117,35.9459784503705
전북특별자치도 익산시,8001,I201,MA010120220803782768,통큰양념불족,백반/한정식,52140610,모현동,126.937683962611,35.95266299283
전북특별자치도 익산시,8001,I201,MA010120220807318231,참숯화로사랑갈비냉면,돼지고기 구이/찜,52140647,영등2동,126.981021945944,35.9597704312477
전북특별자치도 익산시,8001,I201,MA010120220807342626,사랑의손길새소망푸드앤정,백반/한정식,52140646,영등1동,126.969062322598,35.956108909446
전북특별자치도 익산시,8001,I201,MA010120220809294022,일등낙지,해산물 구이/찜,52140647,영등2동,126.979802582348,35.9596891206481
전북특별자치도 익산시,8001,I201,MA010120220807339691,가람갈비유,돼지고기 구이/찜,52140652,어양동,126.979135143397,35.9685121379322
전북특별자치도 익산시,8001,I201,MA010120220807307595,조선면가,국수/칼국수,52140520,중앙동,126.951347147679,35.9407458813118
전북특별자치도 익산시,8001,I201,MA010120220807319356,좋은사람들,백반/한정식,52140560,인화동,126.952218130476,35.9298862479463
전북특별자치도 익산시,8001,I201,MA010120220809621003,익산제일식당,백반/한정식,52140580,마동,126.964349284019,35.9358837347266
전북특별자치도 익산시,8001,I201,MA010120220800538957,양떼,돼지고기 구이/찜,52140610,모현동,126.946709390177,35.9485036055978
전북특별자치도 익산시,8001,I201,MA010120220812092793,오라이숯불닭갈비,닭/오리고기 구이/찜,52140580,마동,126.962078340322,35.9340805518185
전북특별자치도 익산시,8001,I201,MA010120220805142128,9292뒷고기,돼지고기 구이/찜,52140646,영등1동,126.966826674914,35.9477808457721
전북특별자치도 익산시,8001,I201,MA010120220807314818,뚝섬횟집,횟집,52140690,삼성동,126.997527963861,35.9601414146311
전북특별자치도 익산시,8001,I201,MA010120220808565921,대야식당,기타 한식 음식점,52140560,인화동,126.953823894153,35.9316082525633
전북특별자치도 익산시,8001,I201,MA010120220807302743,남한산성,돼지고기 구이/찜,52140647,영등2동,126.970257571824,35.9612012174241
전북특별자치도 익산시,8001,I201,MA010120220812623483,명진산업개발숲속애소,돼지고기 구이/찜,52140410,왕궁면,127.099190359019,35.9944195467154
전북특별자치도 익산시,8001,I201,MA010120220812251890,한우촌,소고기 구이/찜,52140420,춘포면,127.002824718165,35.9025428953589
전북특별자치도 익산시,8001,I201,MA010120220810314733,그집생삼겹,돼지고기 구이/찜,52140560,인화동,126.953702802944,35.9302293024711
전북특별자치도 익산시,8001,I201,MA010120220807297750,옛날순대곱창,국/탕/찌개류,52140570,동산동,126.962070181631,35.9279611017786
전북특별자치도 익산시,8001,I201,MA010120220807299014,매일기사식당,백반/한정식,52140320,황등면,126.949062214135,35.9954951705857
전북특별자치도 익산시,8001,I201,MA0101202409A0200840,벌집삼겹살,돼지고기 구이/찜,52140656,신동,126.956466609546,35.9622694822032
전북특별자치도 익산시,8001,I201,MA0101202409A0247550,백야포차,백반/한정식,52140530,평화동,126.93236121035,35.9163129630314
전북특별자치도 익산시,8001,I201,MA0101202409A0003467,인생코다리,해산물 구이/찜,52140610,모현동,126.934960767581,35.9483355910044
전북특별자치도 익산시,8001,I201,MA0101202409A0064923,샤브다이닝,백반/한정식,52140610,모현동,126.93913757675,35.9506179218914
전북특별자치도 익산시,8001,I201,MA0101202409A0182068,백대감,백반/한정식,52140652,어양동,126.981908337154,35.9616721838708
전북특별자치도 익산시,8001,I201,MA0101202409A0055171,또바기,백반/한정식,52140652,어양동,126.982485228946,35.9596715173374
전북특별자치도 익산시,8001,I201,MA0101202406A0425205,더홈,백반/한정식,52140652,어양동,126.982063486325,35.9618885046448
전북특별자치도 익산시,8001,I201,MA0101202409A0160869,칠성당,백반/한정식,52140610,모현동,126.95221415799,35.9548957217536
전북특별자치도 익산시,8001,I201,MA0101202409A0214116,비앤쿨,백반/한정식,52140560,인화동,126.954346055596,35.9292832423305
전북특별자치도 익산시,8001,I201,MA0101202409A0176984,올래밥상제주생선구이,해산물 구이/찜,52140610,모현동,126.939055094513,35.9569896509217
전북특별자치도 익산시,8001,I201,MA0101202409A0097069,장군이뒷고기,돼지고기 구이/찜,52140646,영등1동,126.974196246484,35.9510000880006
전북특별자치도 익산시,8001,I201,MA0101202409A0228608,라라키친,백반/한정식,52140652,어양동,126.97992188564,35.970098451706
전북특별자치도 익산시,8001,I201,MA010120220813284851,동서네낙지주현점,해산물 구이/찜,52140560,인화동,126.957746379974,35.932213530654
전북특별자치도 익산시,8001,I201,MA010120220812933127,은선국밥,국/탕/찌개류,52140320,황등면,126.946859332566,36.0059304995814
전북특별자치도 익산시,8001,I201,MA010120220812786547,공여사생갈비,돼지고기 구이/찜,52140610,모현동,126.939989540553,35.9526100932933
전북특별자치도 익산시,8001,I201,MA010120220813732094,얼큰수제비,국수/칼국수,52140570,동산동,126.9781681299,35.9372569330441
전북특별자치도 익산시,8001,I201,MA010120220813221785,윤여사밥상,백반/한정식,52140652,어양동,126.98062480505,35.9518664893236
전북특별자치도 익산시,8001,I201,MA010120220812880760,등촌샤브칼국수,국수/칼국수,52140656,신동,126.962874246797,35.9620012636651
전북특별자치도 익산시,8001,I201,MA0101202305A0199502,청정꼬기,돼지고기 구이/찜,52140620,송학동,126.938290189585,35.9427947117624
전북특별자치도 익산시,8001,I201,MA0101202308A0049093,장수촌,백반/한정식,52140690,삼성동,126.990300514959,35.9584377047086
전북특별자치도 익산시,8001,I201,MA0101202306A0049820,장항생선횟집,횟집,52140570,동산동,126.959984621623,35.9326378821936
전북특별자치도 익산시,8001,I201,MA0101202305A0132580,새앙순대마을,국/탕/찌개류,52140652,어양동,126.982473838994,35.9610504124728
전북특별자치도 익산시,8001,I201,MA0101202306A0103326,시고르부르멍,돼지고기 구이/찜,52140310,오산면,126.916536143722,35.9516587850581
전북특별자치도 익산시,8001,I201,MA0101202306A0030780,써니야식물카페,기타 한식 음식점,52140656,신동,126.960902765276,35.9584317283492
전북특별자치도 익산시,8001,I201,MA0101202406A0283885,무제,백반/한정식,52140610,모현동,126.941742091604,35.9509346486862
전북특별자치도 익산시,8001,I201,MA0101202406A0516873,숙이네곱창식당,곱창 전골/구이,52140646,영등1동,126.963323188322,35.9500689795563
전북특별자치도 익산시,8001,I201,MA0101202406A0030005,돈가마,백반/한정식,52140250,함열읍,126.959510074918,36.0806561835355
전북특별자치도 익산시,8001,I201,MA0101202406A0181842,양평해장국배산,국/탕/찌개류,52140610,모현동,126.938250693296,35.950824754336
전북특별자치도 익산시,8001,I201,MA0101202406A0113180,아담한그집,백반/한정식,52140652,어양동,126.979183633529,35.9527224269261
전북특별자치도 익산시,8001,I201,MA0101202406A0091961,별이빛나는밤에,백반/한정식,52140690,삼성동,126.989668263709,35.9615018672821
전북특별자치도 익산시,8001,I201,MA0101202406A0013423,블루그릴,백반/한정식,52140656,신동,126.957298776221,35.9608908847659
전북특별자치도 익산시,8001,I201,MA0101202406A0248544,주야제,백반/한정식,52140647,영등2동,126.978782826355,35.9593464735526
전북특별자치도 익산시,8001,I201,MA0101202406A0425126,영실이밥상,백반/한정식,52140646,영등1동,126.975815462348,35.9479181797143
전북특별자치도 익산시,8001,I201,MA0101202406A0328383,뒤안,백반/한정식,52140410,왕궁면,127.086941386848,35.9793513802113
전북특별자치도 익산시,8001,I201,MA0101202406A0078360,샤르멜,백반/한정식,52140656,신동,126.957422007934,35.958484618353
전북특별자치도 익산시,8001,I201,MA0101202406A0348011,파파스보일링크랩,백반/한정식,52140656,신동,126.957697963523,35.9606837410255
전북특별자치도 익산시,8001,I201,MA0101202409A0197445,콩불,백반/한정식,52140656,신동,126.957997322806,35.9605847098105
전북특별자치도 익산시,8001,I201,MA0101202406A0122211,히츠마부시모토,백반/한정식,52140595,남중동,126.957039181768,35.9489673804552
전북특별자치도 익산시,8001,I201,MA0101202409A0078058,익산청춘호텔,백반/한정식,52140647,영등2동,126.977773985099,35.9596437001146
전북특별자치도 익산시,8001,I201,MA010120220813860617,골목횟집,횟집,52140690,삼성동,126.988426585694,35.9621596588155
전북특별자치도 익산시,8001,I201,MA0101202406A0058076,오비펍인,백반/한정식,52140690,삼성동,126.98851533219,35.9617360847732
전북특별자치도 익산시,8001,I201,MA0101202311A0001942,선미순대,국/탕/찌개류,52140610,모현동,126.941848412488,35.9419763577714
전북특별자치도 익산시,8001,I201,MA0101202309A0082247,도시바다,횟집,52140647,영등2동,126.979592096125,35.9591663659139
전북특별자치도 익산시,8001,I201,MA0101202308A0091116,푸드박스,백반/한정식,52140610,모현동,126.938490874728,35.9555563911619
전북특별자치도 익산시,8001,I201,MA0101202309A0044658,이지비부대찌개김치찌개,백반/한정식,52140652,어양동,126.985124258195,35.9557875284698
전북특별자치도 익산시,8001,I201,MA0101202310A0036900,보리밥순이네,백반/한정식,52140646,영등1동,126.976378850889,35.9542269797783
전북특별자치도 익산시,8001,I201,MA0101202310A0002203,우루래,돼지고기 구이/찜,52140652,어양동,126.982141432547,35.9603473965139
전북특별자치도 익산시,8001,I201,MA0101202307A0029824,고기먹는행복고기:행,돼지고기 구이/찜,52140620,송학동,126.937126253058,35.9430825052553
전북특별자치도 익산시,8001,I201,MA0101202406A0545370,본우리집밥티와이엠익산공장점,백반/한정식,52140410,왕궁면,127.093814374517,35.9873672028948
전북특별자치도 익산시,8001,I201,MA0101202309A0040892,제주은희네해장국익산,국/탕/찌개류,52140647,영등2동,126.98078888594,35.9608789190475
전북특별자치도 익산시,8001,I201,MA0101202406A0197043,짜글짜글양푼집,백반/한정식,52140400,금마면,127.054305148851,35.9895275192566
전북특별자치도 익산시,8001,I201,MA0101202309A0083478,이리OB베어,백반/한정식,52140652,어양동,126.980347454338,35.9528578092628
전북특별자치도 익산시,8001,I201,MA0101202310A0031713,도원정육식당,소고기 구이/찜,52140646,영등1동,126.973342008901,35.9532710285262
전북특별자치도 익산시,8001,I201,MA0101202309A0054254,텍사스,백반/한정식,52140690,삼성동,126.99013376841,35.9622138856761
전북특별자치도 익산시,8001,I201,MA0101202309A0016101,고래등풍천장어,해산물 구이/찜,52140580,마동,126.966222049433,35.9360915622576
전북특별자치도 익산시,8001,I201,MA0101202308A0063159,금탑가맥,백반/한정식,52140656,신동,126.962686363573,35.9607845320229
전북특별자치도 익산시,8001,I201,MA0101202309A0009143,무쇠회관익산,돼지고기 구이/찜,52140610,모현동,126.939747773054,35.9498611872175
전북특별자치도 익산시,8001,I201,MA0101202406A0220664,컴히얼익산,백반/한정식,52140610,모현동,126.937003832494,35.9437223229838
전북특별자치도 익산시,8001,I201,MA0101202406A0480407,여우내짜글이,백반/한정식,52140646,영등1동,126.977288502622,35.9517126934123
전북특별자치도 익산시,8001,I201,MA0101202406A0334114,최가육전,전/부침개,52140580,마동,126.965911734001,35.936136536709
전북특별자치도 익산시,8001,I201,MA0101202406A0350703,가리왕산약초백숙,닭/오리고기 구이/찜,52140690,삼성동,126.988447853865,35.9683601852364
전북특별자치도 익산시,8001,I201,MA0101202406A0105174,진희닭도리탕,백반/한정식,52140520,중앙동,126.948898868198,35.9392127514423
전북특별자치도 익산시,8001,I201,MA0105202406E0401621,이리역,백반/한정식,52140647,영등2동,126.972275484399,35.9602013245268
전북특별자치도 익산시,8001,I201,MA0101202406A0446035,비케이키친,백반/한정식,52140656,신동,126.962132796576,35.9593063254664
전북특별자치도 익산시,8001,I201,MA0101202406A0427815,초가짚삼겹살,돼지고기 구이/찜,52140647,영등2동,126.977352697634,35.9598058445232
전북특별자치도 익산시,8001,I201,MA0101202406A0061367,퐁당샤브샤브,국/탕/찌개류,52140646,영등1동,126.97184596631,35.9522793219755
전북특별자치도 익산시,8001,I201,MA0101202406A0527443,이리갈비탕,백반/한정식,52140652,어양동,126.981019573618,35.9696840607298
전북특별자치도 익산시,8001,I201,MA0101202406A0449365,본죽&비빔밥익산,백반/한정식,52140570,동산동,126.966189121974,35.9353435209582
전북특별자치도 익산시,8001,I201,MA0101202406A0106540,타임,백반/한정식,52140570,동산동,126.962676880396,35.9338103662969
전북특별자치도 익산시,8001,I201,MA0101202406A0457875,이여사우렁쌈밥,백반/한정식,52140646,영등1동,126.976579120082,35.9516945322636
전북특별자치도 익산시,8001,I201,MA0101202406A0499900,가희레스트카페식당,백반/한정식,52140350,성당면,126.935068146006,36.0877921158094
전북특별자치도 익산시,8001,I201,MA0101202406A0262118,시골장터,백반/한정식,52140390,여산면,127.085474456099,36.0584714705727
전북특별자치도 익산시,8001,I201,MA0101202406A0286224,다리목푸드,백반/한정식,52140340,웅포면,126.884433341125,36.0829144309371
전북특별자치도 익산시,8001,I201,MA0101202406A0103168,향자상회,백반/한정식,52140400,금마면,127.048692404398,35.9871326422646
전북특별자치도 익산시,8001,I201,MA0101202406A0393100,오산순대,국/탕/찌개류,52140310,오산면,126.916070418064,35.951838708443
전북특별자치도 익산시,8001,I201,MA0101202406A0250833,여보여보클럽,백반/한정식,52140560,인화동,126.948040371708,35.9301458733183
전북특별자치도 익산시,8001,I201,MA0101202406A0445804,복댕이포차,백반/한정식,52140570,동산동,126.962876477122,35.9335400550734
전북특별자치도 익산시,8001,I201,MA0101202406A0282747,진이네,백반/한정식,52140580,마동,126.961379021374,35.9364866489147
전북특별자치도 익산시,8001,I201,MA0101202406A0464452,우리동네,백반/한정식,52140610,모현동,126.943751649597,35.9462221148027
전북특별자치도 익산시,8001,I201,MA0101202406A0008316,솔가숯불갈비,돼지고기 구이/찜,52140656,신동,126.935433540563,35.9666580554968
전북특별자치도 익산시,8001,I201,MA0101202406A0109875,착한컵밥,백반/한정식,52140656,신동,126.958084777504,35.9629099382098
전북특별자치도 익산시,8001,I201,MA0101202406A0316855,본가누룽지삼계탕,국/탕/찌개류,52140690,삼성동,126.99532194138,35.9607361671435
전북특별자치도 익산시,8001,I201,MA0101202406A0417453,도도랑족발보쌈,족발/보쌈,52140580,마동,126.962133684461,35.9342157558331
전북특별자치도 익산시,8001,I201,MA0101202406A0281397,풍천가숯불민물장어,해산물 구이/찜,52140690,삼성동,126.989901324235,35.9594290357399
전북특별자치도 익산시,8001,I201,MA0101202406A0230247,폭스,백반/한정식,52140647,영등2동,126.979636217247,35.960022551264
전북특별자치도 익산시,8001,I201,MA0101202406A0235273,휘게,백반/한정식,52140652,어양동,126.980602328188,35.953128222978
전북특별자치도 익산시,8001,I201,MA0101202406A0165293,우리집숯불갈비,돼지고기 구이/찜,52140646,영등1동,126.967148201064,35.947537598967
전북특별자치도 익산시,8001,I201,MA0101202406A0290989,코다리각시동산점,해산물 구이/찜,52140570,동산동,126.960596341255,35.928131863563
전북특별자치도 익산시,8001,I201,MA0101202406A0367947,노걸대감자탕호남지사,국/탕/찌개류,52140580,마동,126.961889527125,35.9349637107312
전북특별자치도 익산시,8001,I201,MA0101202406A0158878,샤브마니아익산,백반/한정식,52140610,모현동,126.938128993546,35.9505362945303
전북특별자치도 익산시,8001,I201,MA0101202409A0028366,와규스토리,백반/한정식,52140610,모현동,126.939377307759,35.9560074623196
전북특별자치도 익산시,8001,I201,MA0101202409A0176993,개성댁,백반/한정식,52140690,삼성동,126.990266905732,35.9613216694082
전북특별자치도 익산시,8001,I201,MA0101202409A0186752,돈뚝배기,국/탕/찌개류,52140656,신동,126.959421348059,35.9723013036868
전북특별자치도 익산시,8001,I201,MA0101202409A0148718,다정다감,백반/한정식,52140610,모현동,126.942598687752,35.9466181153263
전북특별자치도 익산시,8001,I201,MA0101202409A0137647,길목식당,백반/한정식,52140595,남중동,126.957303922521,35.9513287268874
전북특별자치도 익산시,8001,I201,MA0101202409A0063848,백여사식당,백반/한정식,52140520,중앙동,126.948322722318,35.9389962065173
전북특별자치도 익산시,8001,I201,MA0101202409A0142716,블리스테이블,백반/한정식,52140520,중앙동,126.952909534135,35.9411971256758
전북특별자치도 익산시,8001,I201,MA0106202409A1679529,짚터볏집삼겹살,돼지고기 구이/찜,52140656,신동,126.961855570119,35.9595045104382
전북특별자치도 익산시,8001,I201,MA0101202406A0386166,돈잡꼬,백반/한정식,52140646,영등1동,126.973319282468,35.9549293062947
전북특별자치도 익산시,8001,I201,MA0101202409A0251301,본죽&비빔밥익산부송우남점,백반/한정식,52140690,삼성동,126.997838364118,35.9597719123007
전북특별자치도 익산시,8001,I201,MA0101202409A0246428,정통아귀탕,백반/한정식,52140646,영등1동,126.977432594468,35.9517217330016
전북특별자치도 익산시,8001,I201,MA0101202409A0109432,반상회,백반/한정식,52140530,평화동,126.942619341676,35.9333788703373
전북특별자치도 익산시,8001,I201,MA0101202409A0082781,여기가좋겠네,백반/한정식,52140250,함열읍,126.960941993659,36.0812064038647
전북특별자치도 익산시,8001,I201,MA0101202409A0204349,아이러브급랭삼굡살,백반/한정식,52140610,모현동,126.939989540553,35.9526100932933
전북특별자치도 익산시,8001,I201,MA0101202406A0258119,골목대장냉삼이,백반/한정식,52140646,영등1동,126.978063795137,35.9538848281034
전북특별자치도 익산시,8001,I201,MA0101202409A0060965,본설렁탕익산부송우남점,국/탕/찌개류,52140690,삼성동,126.997838364118,35.9597719123007
전북특별자치도 익산시,8001,I201,MA0101202409A0005584,먹고갈래차.밥.술,백반/한정식,52140560,인화동,126.955022117129,35.9290762113142
전북특별자치도 익산시,8001,I201,MA0101202409A0087028,대패명가,백반/한정식,52140610,모현동,126.939669705978,35.950492016792
전북특별자치도 익산시,8001,I201,MA0101202409A0246575,마당,백반/한정식,52140610,모현동,126.936183345232,35.94414547334
전북특별자치도 익산시,8001,I201,MA0101202409A0088489,함열갈매기,백반/한정식,52140250,함열읍,126.965006872271,36.0779902980142
전북특별자치도 익산시,8001,I201,MA0101202406A0212260,김가네순두부생선탕,백반/한정식,52140656,신동,126.956602206327,35.9575740722909
전북특별자치도 익산시,8001,I201,MA0101202406A0231931,갑부참숯민물장어,해산물 구이/찜,52140652,어양동,126.979213526314,35.9655470761189
전북특별자치도 익산시,8001,I201,MA0101202409A0161663,왕막걸리,백반/한정식,52140595,남중동,126.956894196498,35.9506165999821
전북특별자치도 익산시,8001,I201,MA0101202409A0097401,한씨네포차,백반/한정식,52140647,영등2동,126.979381198055,35.9602388052658
전북특별자치도 익산시,8001,I201,MA010120220813598360,통큰두마리찜닭,닭/오리고기 구이/찜,52140610,모현동,126.942630276854,35.948916296264
전북특별자치도 익산시,8001,I201,MA010120220813343876,토속식당,백반/한정식,52140520,중앙동,126.947203513214,35.9388244833448
전북특별자치도 익산시,8001,I201,MA0105202406E1173953,아지트,백반/한정식,52140570,동산동,126.9637631199,35.9332969901684
전북특별자치도 익산시,8001,I201,MA0101202311A0036909,대가묵은지김치찜,국/탕/찌개류,52140647,영등2동,126.976331243088,35.9651860466709
전북특별자치도 익산시,8001,I201,MA0101202311A0038772,진양반갈비,돼지고기 구이/찜,52140656,신동,126.964014916864,35.9645340934276
전북특별자치도 익산시,8001,I201,MA0101202406A0087673,미소밥상,백반/한정식,52140652,어양동,126.982141432547,35.9603473965139
전북특별자치도 익산시,8001,I201,MA0101202406A0074747,전주남문배산점,백반/한정식,52140610,모현동,126.947425181303,35.9555245877763
전북특별자치도 익산시,8001,I201,MA0101202406A0518612,시골반찬쌈밥집,백반/한정식,52140646,영등1동,126.971235188252,35.9554335195798
전북특별자치도 익산시,8001,I201,MA0101202311A0051349,대중국수,국수/칼국수,52140520,중앙동,126.953574918641,35.9404763907808
전북특별자치도 익산시,8001,I201,MA0101202406A0168957,본설렁탕익산,국/탕/찌개류,52140570,동산동,126.966189121974,35.9353435209582
전북특별자치도 익산시,8001,I201,MA0101202406A0216093,족발형제,족발/보쌈,52140610,모현동,126.93379769255,35.9474787757799
전북특별자치도 익산시,8001,I201,MA0101202406A0018284,요리코,백반/한정식,52140647,영등2동,126.972774564265,35.9595074841405
전북특별자치도 익산시,8001,I201,MA0101202406A0004296,잔치집,백반/한정식,52140610,모현동,126.942598687752,35.9466181153263
전북특별자치도 익산시,8001,I201,MA0101202406A0317693,묵이네소양국밥,국/탕/찌개류,52140250,함열읍,126.98120930592,36.0578515872914
전북특별자치도 익산시,8001,I201,MA0101202406A0327271,소나무식당,백반/한정식,52140580,마동,126.961972284709,35.9472747106697
전북특별자치도 익산시,8001,I201,MA0101202406A0113176,신양평해장국,국/탕/찌개류,52140400,금마면,127.050111990235,35.9874114407633
전북특별자치도 익산시,8001,I201,MA0101202406A0514898,노송식당,백반/한정식,52140646,영등1동,126.978873476351,35.9519563179352
전북특별자치도 익산시,8001,I201,MA0101202406A0433873,면식당원광대점,백반/한정식,52140656,신동,126.957929452747,35.9631442060707
전북특별자치도 익산시,8001,I201,MA0101202406A0149777,제일이네,백반/한정식,52140646,영등1동,126.97150120174,35.9554876574669
전북특별자치도 익산시,8001,I201,MA0101202406A0031354,모심,백반/한정식,52140647,영등2동,126.974823480638,35.9653659876215
전북특별자치도 익산시,8001,I201,MA0101202406A0412918,안주,백반/한정식,52140647,영등2동,126.976354933226,35.960094048824
전북특별자치도 익산시,8001,I201,MA0101202406A0292549,안여사가한끼판다,백반/한정식,52140420,춘포면,127.032011346575,35.9522513179551
전북특별자치도 익산시,8001,I201,MA0101202406A0165407,역전엘베강,백반/한정식,52140652,어양동,126.979658889418,35.9580668644589
전북특별자치도 익산시,8001,I201,MA0101202406A0008511,꾼의집,백반/한정식,52140570,동산동,126.966481280071,35.925799426973
전북특별자치도 익산시,8001,I201,MA0101202309A0041381,수림가든,백반/한정식,52140250,함열읍,126.965701774155,36.0628229136322
전북특별자치도 익산시,8001,I201,MA0101202406A0306509,역전포차,백반/한정식,52140520,중앙동,126.947635737994,35.9388066478085
전북특별자치도 익산시,8001,I201,MA0101202406A0442685,요거팡[요거트에반하다익],백반/한정식,52140656,신동,126.961855570119,35.9595045104382
전북특별자치도 익산시,8001,I201,MA0101202406A0459931,엄마손맛집,백반/한정식,52140647,영등2동,126.979968404397,35.9615006402333
전북특별자치도 익산시,8001,I201,MA0101202406A0218073,까치와둥지포차,백반/한정식,52140690,삼성동,126.997816188283,35.9599611722625
전북특별자치도 익산시,8001,I201,MA0101202406A0192696,국수에반하다,국수/칼국수,52140580,마동,126.966920129263,35.9362990426184
전북특별자치도 익산시,8001,I201,MA0101202406A0272405,호남식당,백반/한정식,52140330,함라면,126.910084848029,36.05938747119
전북특별자치도 익산시,8001,I201,MA0101202406A0088531,삼미화돈,백반/한정식,52140690,삼성동,126.987695022559,35.9615827927456
전북특별자치도 익산시,8001,I201,MA0101202309A0015309,에프지티,백반/한정식,52140652,어양동,126.981542496329,35.9617442273255
전북특별자치도 익산시,8001,I201,MA0101202406A0028219,안씨네대가추어탕,국/탕/찌개류,52140560,인화동,126.952274511057,35.9282640305247
전북특별자치도 익산시,8001,I201,MA0101202406A0130024,미생동산점,백반/한정식,52140570,동산동,126.958812831866,35.9271398958909
전북특별자치도 익산시,8001,I201,MA0101202406A0380799,대흥칼국수,국수/칼국수,52140647,영등2동,126.971044633201,35.9612284470874
전북특별자치도 익산시,8001,I201,MA0101202406A0241610,누룩원광대점,백반/한정식,52140656,신동,126.957409974437,35.9602510441344
전북특별자치도 익산시,8001,I201,MA0101202406A0182898,화덕으로간고등어,해산물 구이/찜,52140656,신동,126.93493041379,35.9718308911929
전북특별자치도 익산시,8001,I201,MA0101202406A0020138,모토이시익산,백반/한정식,52140610,모현동,126.940311351508,35.9521235837317
전북특별자치도 익산시,8001,I201,MA0101202406A0344497,백년해로,백반/한정식,52140410,왕궁면,127.088710718581,35.9651916421178
전북특별자치도 익산시,8001,I201,MA0101202406A0240997,고순이감자탕,국/탕/찌개류,52140652,어양동,126.981420423985,35.9623029769699
전북특별자치도 익산시,8001,I201,MA0101202406A0330349,백년족발,족발/보쌈,52140646,영등1동,126.971136055421,35.9537031138539
전북특별자치도 익산시,8001,I201,MA0101202406A0146690,온담,백반/한정식,52140646,영등1동,126.970081264204,35.9583893054332
전북특별자치도 익산시,8001,I201,MA0101202406A0159366,서울깍두기익산,국/탕/찌개류,52140647,영등2동,126.977075773088,35.9590848000538
전북특별자치도 익산시,8001,I201,MA010120220813900522,진가진연구소,백반/한정식,52140560,인화동,126.952882458509,35.9307967671256
전북특별자치도 익산시,8001,I201,MA010120220813885465,사오정갈비,돼지고기 구이/찜,52140610,모현동,126.943669977999,35.9519810084634
전북특별자치도 익산시,8001,I201,MA010120220813371296,수라상,백반/한정식,52140656,신동,126.956500494211,35.9611249203654
전북특별자치도 익산시,8001,I201,MA0101202212A0010461,이노컬처,백반/한정식,52140656,신동,126.960380823799,35.9603151484308
전북특별자치도 익산시,8001,I201,MA0101202212A0063970,금강한우촌,소고기 구이/찜,52140390,여산면,127.084973638979,36.0572101119359
전북특별자치도 익산시,8001,I201,MA0101202209A0015719,황금돼지삼겹살,돼지고기 구이/찜,52140580,마동,126.962904411958,35.9449047363271
전북특별자치도 익산시,8001,I201,MA0101202212A0074045,양기와,백반/한정식,52140610,모현동,126.939669705978,35.950492016792
전북특별자치도 익산시,8001,I201,MA010120220813661406,오다가다,백반/한정식,52140520,중앙동,126.950750183014,35.9383303072247
전북특별자치도 익산시,8001,I201,MA0101202212A0100155,두마리찜닭두찜익산동산,닭/오리고기 구이/찜,52140580,마동,126.961601264036,35.9352430043538
전북특별자치도 익산시,8001,I201,MA0101202301A0023407,낙원정갈비,돼지고기 구이/찜,52140652,어양동,126.978414533464,35.968457936165
전북특별자치도 익산시,8001,I201,MA0101202210A0088161,주민자치이장단부녀회삼기면삼계단체,백반/한정식,52140652,어양동,126.98613402931,35.949731310622
전북특별자치도 익산시,8001,I201,MA0101202307A0057822,다정식당,백반/한정식,52140690,삼성동,126.993825883718,35.954598654052
전북특별자치도 익산시,8001,I201,MA0101202305A0196919,남부식당,돼지고기 구이/찜,52140560,인화동,126.956141116255,35.9294100857333
전북특별자치도 익산시,8001,I201,MA0101202305A0135191,다오라식당,백반/한정식,52140656,신동,126.960526359917,35.9574492534861
전북특별자치도 익산시,8001,I201,MA0101202305A0206622,계월담,백반/한정식,52140670,팔봉동,126.985515184136,35.939574239008
전북특별자치도 익산시,8001,I201,MA0101202305A0164185,복수산,횟집,52140570,동산동,126.970512936818,35.9302976952808
전북특별자치도 익산시,8001,I201,MA0101202306A0046323,블랙포차,백반/한정식,52140646,영등1동,126.976013216488,35.9537132000698
전북특별자치도 익산시,8001,I201,MA0101202306A0025573,의리참숯집,백반/한정식,52140620,송학동,126.941493968146,35.9416968003988
전북특별자치도 익산시,8001,I201,MA0101202307A0015344,본죽&비빔밥카페익산,백반/한정식,52140520,중앙동,126.947623579365,35.9404378918873
전북특별자치도 익산시,8001,I201,MA0101202305A0175496,채감김치찌개,백반/한정식,52140646,영등1동,126.970791916193,35.9551179783557
전북특별자치도 익산시,8001,I201,MA0101202406A0461017,한금숙팥죽,백반/한정식,52140652,어양동,126.979902877469,35.9576072731059
전북특별자치도 익산시,8001,I201,MA0101202406A0592091,도심에프앤피,백반/한정식,52140646,영등1동,126.977710516814,35.9488107757035
전북특별자치도 익산시,8001,I201,MA0101202406A0316381,전주남문토종순대국동산점,국/탕/찌개류,52140560,인화동,126.960272375914,35.9333679852406
전북특별자치도 익산시,8001,I201,MA0101202311A0058847,연씨네해물칼국수,국수/칼국수,52140320,황등면,126.944284749604,36.0077678459093
전북특별자치도 익산시,8001,I201,MA0101202406A0109185,온유,백반/한정식,52140610,모현동,126.946631367664,35.9491524647137
전북특별자치도 익산시,8001,I201,MA0101202406A0248086,투게더피치익산원광대점,백반/한정식,52140656,신동,126.958274159711,35.9611525873276
전북특별자치도 익산시,8001,I201,MA0101202311A0014237,참이맛감자탕,국/탕/찌개류,52140690,삼성동,126.98848203617,35.9620064534376
전북특별자치도 익산시,8001,I201,MA0101202406A0038141,강릉옹심이감자전,백반/한정식,52140310,오산면,126.927463725421,35.9532070081502
전북특별자치도 익산시,8001,I201,MA0101202406A0322384,씨엠키친,백반/한정식,52140656,신동,126.955745161801,35.9638463870378
전북특별자치도 익산시,8001,I201,MA0101202406A0410957,고기싸롱익,돼지고기 구이/찜,52140652,어양동,126.98150920175,35.961906445313
전북특별자치도 익산시,8001,I201,MA0101202310A0021852,본도시락원광대점,백반/한정식,52140656,신동,126.961843080244,35.9624245227626
전북특별자치도 익산시,8001,I201,MA0101202310A0034718,한돈가,돼지고기 구이/찜,52140646,영등1동,126.967557900102,35.9485020388724
전북특별자치도 익산시,8001,I201,MA0101202310A0000121,부송탄,돼지고기 구이/찜,52140652,어양동,126.979902877469,35.9576072731059
전북특별자치도 익산시,8001,I201,MA0101202406A0234685,영진식당,백반/한정식,52140400,금마면,127.053463845149,35.9917449353909
전북특별자치도 익산시,8001,I201,MA0101202310A0022662,시골집정육식당,소고기 구이/찜,52140595,남중동,126.956549604583,35.9524189577322
전북특별자치도 익산시,8001,I201,MA0101202406A0501115,유여사삼겹살,돼지고기 구이/찜,52140690,삼성동,126.991985541464,35.9575726385627
전북특별자치도 익산시,8001,I201,MA0101202406A0142786,디디에스푸드,백반/한정식,52140656,신동,126.962199187796,35.959558693548
전북특별자치도 익산시,8001,I201,MA0101202406A0062949,옛날전통맛순대,국/탕/찌개류,52140620,송학동,126.938767033861,35.9424344590526
전북특별자치도 익산시,8001,I201,MA0101202406A0502070,메관,백반/한정식,52140656,신동,126.957897128262,35.9613867779286
전북특별자치도 익산시,8001,I201,MA0106202201A1277263,전북대학교,백반/한정식,52140580,마동,126.959913181722,35.9424433834543
전북특별자치도 익산시,8001,I201,MA010120220812699903,모정산골냉면,냉면/밀면,52140656,신동,126.934414811344,35.965197496323
전북특별자치도 익산시,8001,I201,MA0101202307A0024266,가나안식당,백반/한정식,52140620,송학동,126.94046372911,35.9410834489771
전북특별자치도 익산시,8001,I201,MA0101202306A0074834,진수참숯갈비,돼지고기 구이/찜,52140647,영등2동,126.981033076508,35.9595811726412
전북특별자치도 익산시,8001,I201,MA0101202307A0067333,서동한식식당,백반/한정식,52140530,평화동,126.946883679844,35.9364991351955
전북특별자치도 익산시,8001,I201,MA0101202310A0055152,신샤브,백반/한정식,52140647,영등2동,126.975069278327,35.9593097099917
전북특별자치도 익산시,8001,I201,MA0101202308A0093707,능소화,백반/한정식,52140690,삼성동,126.99035541463,35.9627636597433
전북특별자치도 익산시,8001,I201,MA0101202308A0027587,김가네청국장,국/탕/찌개류,52140670,팔봉동,127.004622713845,35.9621511154392
전북특별자치도 익산시,8001,I201,MA0101202308A0059423,은행나무갈매기,돼지고기 구이/찜,52140652,어양동,126.979638086292,35.9527405297017
전북특별자치도 익산시,8001,I201,MA0101202307A0048308,이지푸드인더스트리,백반/한정식,52140646,영등1동,126.971257318481,35.9555416737355
전북특별자치도 익산시,8001,I201,MA0101202307A0040621,한방옻닭,닭/오리고기 구이/찜,52140595,남중동,126.953215526057,35.9485333551081
전북특별자치도 익산시,8001,I201,MA0101202311A0091310,한씨네덕장마을,백반/한정식,52140560,인화동,126.954978620716,35.9276161789524
전북특별자치도 익산시,8001,I201,MA0101202310A0058627,동부정육식당,소고기 구이/찜,52140646,영등1동,126.967192751554,35.9470148909815
전북특별자치도 익산시,8001,I201,MA0101202310A0037707,돌문어빵익산,해산물 구이/찜,52140610,모현동,126.938146011864,35.9571423966607
전북특별자치도 익산시,8001,I201,MA0101202309A0057539,팥지콩지,백반/한정식,52140250,함열읍,126.959432581358,36.080223570964
전북특별자치도 익산시,8001,I201,MA0101202311A0059926,옛날김치돼지찌개,돼지고기 구이/찜,52140647,영등2동,126.972696796739,35.9600031483689
전북특별자치도 익산시,8001,I201,MA0101202406A0496234,찌글짜글,백반/한정식,52140652,어양동,126.980746422984,35.9531372585878
전북특별자치도 익산시,8001,I201,MA0101202310A0046408,부엌,백반/한정식,52140652,어양동,126.979194956525,35.9518121755299
전북특별자치도 익산시,8001,I201,MA0101202303A0030956,배산청계백숙,닭/오리고기 구이/찜,52140610,모현동,126.949708363951,35.9559491491706
전북특별자치도 익산시,8001,I201,MA0101202306A0045111,쌀국수집,국수/칼국수,52140656,신동,126.957310749256,35.9592416203441
전북특별자치도 익산시,8001,I201,MA0101202305A0023158,큰맘할매순대국익산,국/탕/찌개류,52140610,모현동,126.938854030692,35.9445974844982
전북특별자치도 익산시,8001,I201,MA0101202310A0074108,사계절쌈밥,백반/한정식,52140610,모현동,126.941937022316,35.9420485000544
전북특별자치도 익산시,8001,I201,MA0101202308A0082268,오늘도연탄구이,돼지고기 구이/찜,52140610,모현동,126.940311351508,35.9521235837317
전북특별자치도 익산시,8001,I201,MA010120220814133535,서동궁,백반/한정식,52140400,금마면,127.050156472419,35.987609693998
전북특별자치도 익산시,8001,I201,MA010120220813221408,고기바다,돼지고기 구이/찜,52140690,삼성동,126.989568419055,35.9620696395498
전북특별자치도 익산시,8001,I201,MA010120220813199903,청담식당,백반/한정식,52140620,송학동,126.941094901065,35.9418137667445
전북특별자치도 익산시,8001,I201,MA010120220814377296,아리랑한우,소고기 구이/찜,52140610,모현동,126.939669705978,35.950492016792
전북특별자치도 익산시,8001,I201,MA010120220813445731,진사골돼지국밥,백반/한정식,52140580,마동,126.961523402593,35.9358378000818
전북특별자치도 익산시,8001,I201,MA010120220814156069,명품순두부,백반/한정식,52140652,어양동,126.978092919657,35.9688363980463
전북특별자치도 익산시,8001,I201,MA0101202306A0093403,목동의집,돼지고기 구이/찜,52140595,남중동,126.94973795489,35.9442330261311
전북특별자치도 익산시,8001,I201,MA0101202308A0086062,아조씨네닭꼬치,닭/오리고기 구이/찜,52140656,신동,126.954026291717,35.9648100666667
전북특별자치도 익산시,8001,I201,MA0101202308A0053832,우루래,돼지고기 구이/찜,52140690,삼성동,126.994368780399,35.9580954933225
전북특별자치도 익산시,8001,I201,MA0101202307A0093605,물머리집,백반/한정식,52140400,금마면,127.053734107402,35.9978011101296
전북특별자치도 익산시,8001,I201,MA0101202308A0075050,계림닭도리탕익산,백반/한정식,52140647,영등2동,126.977751718461,35.9599861671172
전북특별자치도 익산시,8001,I201,MA010120220813411723,청정,백반/한정식,52140560,인화동,126.954762175763,35.9379894138341
전북특별자치도 익산시,8001,I201,MA010120220814031249,솔향,백반/한정식,52140690,삼성동,126.986907716871,35.9629796305933
전북특별자치도 익산시,8001,I201,MA010120220812684650,모현장어도매센터,해산물 구이/찜,52140610,모현동,126.941632921361,35.9486634678404
전북특별자치도 익산시,8001,I201,MA010120220812824849,골목술집,백반/한정식,52140647,영등2동,126.977541148008,35.9598058799369
전북특별자치도 익산시,8001,I201,MA010120220813537217,샤브쌈주머니,국수/칼국수,52140647,영등2동,126.975069278327,35.9593097099917
전북특별자치도 익산시,8001,I201,MA010120220812789148,성심식당,백반/한정식,52140520,중앙동,126.949009750448,35.9391226743104
전북특별자치도 익산시,8001,I201,MA010120220812926585,주연가든,백반/한정식,52140410,왕궁면,127.054842077088,35.9481333977617
전북특별자치도 익산시,8001,I201,MA0101202306A0090245,아줌마냉면,냉면/밀면,52140250,함열읍,126.958388263035,36.08157504522
전북특별자치도 익산시,8001,I201,MA0101202303A0113795,하늘가에프에스,돼지고기 구이/찜,52140647,영등2동,126.97341751318,35.9594986158738
전북특별자치도 익산시,8001,I201,MA0101202305A0019732,자라산,백반/한정식,52140410,왕궁면,127.088848728988,35.9696346450845
전북특별자치도 익산시,8001,I201,MA0101202305A0140296,연순네식당,백반/한정식,52140595,남중동,126.956439691903,35.9507245848277
전북특별자치도 익산시,8001,I201,MA0101202307A0063621,씨아전복,백반/한정식,52140656,신동,126.936378909758,35.9628733569762
전북특별자치도 익산시,8001,I201,MA0101202305A0092995,백소정익산원광대점,백반/한정식,52140656,신동,126.956910104413,35.9621434687449
전북특별자치도 익산시,8001,I201,MA0101202303A0067457,소곰집,돼지고기 구이/찜,52140610,모현동,126.938837057626,35.9522400028099
전북특별자치도 익산시,8001,I201,MA0101202305A0181585,1990`S아구찜,해산물 구이/찜,52140656,신동,126.959072348427,35.9610897754185
전북특별자치도 익산시,8001,I201,MA0101202305A0140263,부송국수,국수/칼국수,52140610,모현동,126.933543456797,35.9466585054678
전북특별자치도 익산시,8001,I201,MA0101202306A0072684,참곱다,돼지고기 구이/찜,52140580,마동,126.961657321934,35.9339001693555
전북특별자치도 익산시,8001,I201,MA0101202305A0001629,먹거리,국수/칼국수,52140595,남중동,126.959221055482,35.9521495228384
전북특별자치도 익산시,8001,I201,MA0101202305A0204471,백송,백반/한정식,52140400,금마면,127.023493360638,36.0092745307158
전북특별자치도 익산시,8001,I201,MA0101202306A0070392,일품양평해장국약촌점,국/탕/찌개류,52140646,영등1동,126.974750992741,35.9492968599995
전북특별자치도 익산시,8001,I201,MA0101202307A0069414,돈두랑486,백반/한정식,52140595,남중동,126.957204593081,35.9505355993525
전북특별자치도 익산시,8001,I201,MA0101202305A0131177,원조부안집,돼지고기 구이/찜,52140610,모현동,126.939613737264,35.9512129814664
전북특별자치도 익산시,8001,I201,MA0101202305A0150453,돈뚝,돼지고기 구이/찜,52140610,모현동,126.945302215752,35.9478360539132
전북특별자치도 익산시,8001,I201,MA0101202305A0094407,기막힌밥상,백반/한정식,52140595,남중동,126.952603864228,35.9519758564261
전북특별자치도 익산시,8001,I201,MA0101202305A0075531,본죽&비빔밥익산북부,백반/한정식,52140595,남중동,126.959497715364,35.9530238201408
전북특별자치도 익산시,8001,I201,MA0101202305A0198901,다올염소식당,기타 한식 음식점,52140690,삼성동,126.997317319698,35.9607993151131
전북특별자치도 익산시,8001,I201,MA0101202307A0072427,백송원식당,백반/한정식,52140530,평화동,126.945324343229,35.9318029561332
전북특별자치도 익산시,8001,I201,MA0101202307A0028662,와우곱창,곱창 전골/구이,52140647,영등2동,126.977940267007,35.9596347183956
전북특별자치도 익산시,8001,I201,MA0101202308A0035568,소담가,백반/한정식,52140690,삼성동,126.991852522333,35.9575636172046
전북특별자치도 익산시,8001,I201,MA0101202308A0049755,김치찜은못참지,국/탕/찌개류,52140646,영등1동,126.968167371825,35.9488356613988
전북특별자치도 익산시,8001,I201,MA0101202307A0079977,청산유수상차림,돼지고기 구이/찜,52140690,삼성동,126.992307003982,35.9575996968037
전북특별자치도 익산시,8001,I201,MA0101202306A0015294,목동의집동,돼지고기 구이/찜,52140570,동산동,126.963732723395,35.92706037088
전북특별자치도 익산시,8001,I201,MA0101202307A0010609,순이네보리밥,백반/한정식,52140610,모현동,126.942227776322,35.9537016927534
전북특별자치도 익산시,8001,I201,MA0101202307A0107045,함열유통,백반/한정식,52140250,함열읍,126.958624972942,36.0747799137829
전북특별자치도 익산시,8001,I201,MA0106202201A1161481,타임스테이션,백반/한정식,52140656,신동,126.960219910347,35.9717157664206
전북특별자치도 익산시,8001,I201,MA010120220813462070,한솥,백반/한정식,52140646,영등1동,126.970580859837,35.9563255889589
전북특별자치도 익산시,8001,I201,MA010120220812769256,푸드인더스트리,돼지고기 구이/찜,52140656,신동,126.961855570119,35.9595045104382
전북특별자치도 익산시,8001,I201,MA010120220813830822,호돈,돼지고기 구이/찜,52140647,영등2동,126.978184232663,35.9593103166399
전북특별자치도 익산시,8001,I201,MA010120220813423815,곱창고,곱창 전골/구이,52140610,모현동,126.940798856241,35.9523941974259
전북특별자치도 익산시,8001,I201,MA0101202211A0037446,앤케이컴퍼니,백반/한정식,52140646,영등1동,126.97094695623,35.9555145617944
전북특별자치도 익산시,8001,I201,MA0101202305A0061699,대정식당,백반/한정식,52140670,팔봉동,127.028693005274,35.971430533508
전북특별자치도 익산시,8001,I201,MA0101202211A0102614,동네포차,백반/한정식,52140610,모현동,126.943668896707,35.9535041048412
전북특별자치도 익산시,8001,I201,MA0101202306A0093821,자매식당,백반/한정식,52140520,중앙동,126.949351310279,35.9422501307334
전북특별자치도 익산시,8001,I201,MA0101202212A0034235,천사곱창,곱창 전골/구이,52140647,영등2동,126.978184232663,35.9593103166399
전북특별자치도 익산시,8001,I201,MA010120220812692447,육쌈냉면,냉면/밀면,52140647,영등2동,126.97623314822,35.9595803180792
전북특별자치도 익산시,8001,I201,MA010120220814290820,김가네웰빙팥죽,백반/한정식,52140690,삼성동,126.987805975192,35.960951936345
전북특별자치도 익산시,8001,I201,MA010120220813994304,따뜻한봄,백반/한정식,52140400,금마면,127.022930702704,36.0197920120541
전북특별자치도 익산시,8001,I201,MA0101202211A0037184,에이치에스푸드(태극족발),족발/보쌈,52140690,삼성동,126.986907716871,35.9629796305933
전북특별자치도 익산시,8001,I201,MA0101202210A0073786,임떡,백반/한정식,52140656,신동,126.962820516816,35.9583782633696
전북특별자치도 익산시,8001,I201,MA0101202303A0107084,제이키친,백반/한정식,52140610,모현동,126.938290298329,35.9569081485126
전북특별자치도 익산시,8001,I201,MA0101202303A0015148,고기넘버원김반장,돼지고기 구이/찜,52140690,삼성동,126.989801376102,35.9608349613457
전북특별자치도 익산시,8001,I201,MA0101202211A0037684,샘물,백반/한정식,52140560,인화동,126.954245999011,35.929850988145
전북특별자치도 익산시,8001,I201,MA0101202211A0021780,명품순두부,백반/한정식,52140652,어양동,126.978092919657,35.9688363980463
전북특별자치도 익산시,8001,I201,MA0101202212A0089029,금용,백반/한정식,52140656,신동,126.958374364332,35.9603234816752
전북특별자치도 익산시,8001,I201,MA0101202303A0096897,태백칼국수,국수/칼국수,52140520,중앙동,126.948721135889,35.9398525580188
전북특별자치도 익산시,8001,I201,MA0101202212A0086806,장여사네,백반/한정식,52140647,영등2동,126.978793677907,35.9602206780941
전북특별자치도 익산시,8001,I201,MA0101202212A0042841,머구리실비식당,백반/한정식,52140646,영등1동,126.969982357491,35.9561181554838
전북특별자치도 익산시,8001,I201,MA0101202301A0027371,마음고기송학점,돼지고기 구이/찜,52140620,송학동,126.937894919873,35.9380449594833
전북특별자치도 익산시,8001,I201,MA0101202305A0077554,샛별국수,국수/칼국수,52140560,인화동,126.959595241256,35.9356388930484
전북특별자치도 익산시,8001,I201,MA0101202305A0166256,수제비집왕순대,백반/한정식,52140646,영등1동,126.966781733017,35.949231832137
전북특별자치도 익산시,8001,I201,MA0101202210A0044642,돈사부,백반/한정식,52140570,동산동,126.9637631199,35.9332969901684
전북특별자치도 익산시,8001,I201,MA0101202305A0149781,추억의냉삼겹,돼지고기 구이/찜,52140570,동산동,126.961391830104,35.9329357534635
전북특별자치도 익산시,8001,I201,MA0101202302A0014143,토박이,횟집,52140400,금마면,127.05290925389,35.9915919713216
전북특별자치도 익산시,8001,I201,MA0101202210A0078299,동산동통장협의회,백반/한정식,52140652,어양동,126.98613402931,35.949731310622
전북특별자치도 익산시,8001,I201,MA0101202211A0061245,똑순네,백반/한정식,52140250,함열읍,126.958511468714,36.0795203027373
전북특별자치도 익산시,8001,I201,MA0101202301A0046264,명진뼈다구탕,국/탕/찌개류,52140580,마동,126.960525581959,35.9367297069923
전북특별자치도 익산시,8001,I201,MA0101202303A0023487,아들네,돼지고기 구이/찜,52140690,삼성동,126.987108120364,35.9576893749715
전북특별자치도 익산시,8001,I201,MA0101202301A0074290,삼합육회,소고기 구이/찜,52140656,신동,126.957510457267,35.9589172448625
전북특별자치도 익산시,8001,I201,MA0101202212A0060085,거시기가든,백반/한정식,52140340,웅포면,126.901616111436,36.077216024977
전북특별자치도 익산시,8001,I201,MA0101202301A0068407,공주회수산,횟집,52140646,영등1동,126.977642533771,35.9540649985089
전북특별자치도 익산시,8001,I201,MA0101202301A0094576,본우리집밥이마트,백반/한정식,52140570,동산동,126.957846969484,35.9306003392005
전북특별자치도 익산시,8001,I201,MA0101202211A0102554,솜리뼈다귀탕,국/탕/찌개류,52140646,영등1동,126.977863872029,35.9553267763503
전북특별자치도 익산시,8001,I201,MA0101202301A0079740,북부국시방,백반/한정식,52140595,남중동,126.958101346933,35.9525276583583
전북특별자치도 익산시,8001,I201,MA0101202301A0065579,중흥맛집,백반/한정식,52140656,신동,126.952708936979,35.9616552174905
전북특별자치도 익산시,8001,I201,MA0101202301A0075757,아나칡냉면부송점,냉면/밀면,52140690,삼성동,126.991608655115,35.9575365631965
전북특별자치도 익산시,8001,I201,MA0101202302A0015188,삼양순대,국/탕/찌개류,52140560,인화동,126.953934436042,35.9320769418847
전북특별자치도 익산시,8001,I201,MA0101202302A0032779,청량리꼬기냉면,냉면/밀면,52140610,모현동,126.935380429365,35.9502013870362
전북특별자치도 익산시,8001,I201,MA0101202211A0027138,곱창역,곱창 전골/구이,52140656,신동,126.959460621665,35.9605401510399
전북특별자치도 익산시,8001,I201,MA0101202301A0060168,안씨네대가추어탕,국/탕/찌개류,52140652,어양동,126.98404693817,35.966223745168
전북특별자치도 익산시,8001,I201,MA0105202301E0686501,직화비,백반/한정식,52140610,모현동,126.937901892045,35.9432992071407
전북특별자치도 익산시,8001,I201,MA0101202305A0130492,양철북곱창,곱창 전골/구이,52140610,모현동,126.934096679986,35.9478033872448
전북특별자치도 익산시,8001,I201,MA0101202305A0126520,딜버푸드인더스트리,돼지고기 구이/찜,52140656,신동,126.961855570119,35.9595045104382
전북특별자치도 익산시,8001,I201,MA0101202301A0096961,한상,백반/한정식,52140652,어양동,126.993404786939,35.9531836837171
전북특별자치도 익산시,8001,I201,MA0101202305A0195004,완미족발,족발/보쌈,52140610,모현동,126.938793881545,35.9507349084558
전북특별자치도 익산시,8001,I201,MA0101202302A0053392,쌈랍타이,국수/칼국수,52140595,남중동,126.949472206298,35.9438453804587
전북특별자치도 익산시,8001,I201,MA0101202211A0064021,모정칼국수와보쌈,족발/보쌈,52140646,영등1동,126.978374738054,35.9517669684998
전북특별자치도 익산시,8001,I201,MA0101202301A0070650,국수나무,국수/칼국수,52140610,모현동,126.943153616472,35.9455639265626
전북특별자치도 익산시,8001,I201,MA0101202302A0095904,한솥도시락익산,백반/한정식,52140580,마동,126.963735312658,35.9456530210645
전북특별자치도 익산시,8001,I201,MA0101202302A0096239,섬마을바지락손칼국수,국수/칼국수,52140610,모현동,126.937455313734,35.9614950266451
전북특별자치도 익산시,8001,I201,MA0101202303A0010015,청운한우,소고기 구이/찜,52140250,함열읍,126.964396390818,36.0777197516213
전북특별자치도 익산시,8001,I201,MA0101202303A0098530,복희네밥상,백반/한정식,52140320,황등면,126.954418407367,36.0155046949054
전북특별자치도 익산시,8001,I201,MA0101202301A0033903,군산순대국,국/탕/찌개류,52140580,마동,126.967286070272,35.9357313595778
전북특별자치도 익산시,8001,I201,MA0101202303A0106515,준,백반/한정식,52140400,금마면,127.029959589253,36.0078311179856
전북특별자치도 익산시,8001,I201,MA0101202301A0078119,핑크돼지,돼지고기 구이/찜,52140610,모현동,126.946642093961,35.9496842018346
전북특별자치도 익산시,8001,I201,MA0101202212A0025696,달빛에구운고등어,해산물 구이/찜,52140610,모현동,126.942463856649,35.9491415269336
전북특별자치도 익산시,8001,I201,MA0101202211A0040423,서해홍탁,횟집,52140620,송학동,126.93688530831,35.9394593841536
전북특별자치도 익산시,8001,I201,MA0101202212A0019824,참숯한우농장,소고기 구이/찜,52140647,영등2동,126.980367029242,35.9633392345325
전북특별자치도 익산시,8001,I201,MA0101202301A0009643,88키친,백반/한정식,52140656,신동,126.966145924517,35.9586766566642
전북특별자치도 익산시,8001,I201,MA0101202302A0065658,명인면옥,냉면/밀면,52140652,어양동,126.980676648048,35.966556708173
전북특별자치도 익산시,8001,I201,MA0101202212A0015029,소문난칼국수,국수/칼국수,52140520,중앙동,126.951457296302,35.9418544542016
전북특별자치도 익산시,8001,I201,MA0101202302A0028563,익산상떼힐CC클럽하우스,백반/한정식,52140670,팔봉동,127.02664975843,35.9617607125504
전북특별자치도 익산시,8001,I201,MA0106202201A0625244,풀무원푸드앤컬처육군부사관학교,백반/한정식,52140390,여산면,127.065698885974,36.0621879720962
전북특별자치도 익산시,8001,I201,MA010120220813487502,동네소주방,백반/한정식,52140580,마동,126.965730150024,35.9460321287654
전북특별자치도 익산시,8001,I201,MA010120220813847739,꼬기냉면,냉면/밀면,52140250,함열읍,126.965140369273,36.0773684937145
전북특별자치도 익산시,8001,I201,MA010120220814073224,활어포차하루,횟집,52140250,함열읍,126.95831238264,36.0780963031508
전북특별자치도 익산시,8001,I201,MA010120220812931512,익산더본감자탕,국/탕/찌개류,52140610,모현동,126.953000878223,35.9553827022442
전북특별자치도 익산시,8001,I201,MA010120220813049414,용기네포차,백반/한정식,52140580,마동,126.966949428111,35.9457801229564
전북특별자치도 익산시,8001,I201,MA010120220813048069,스마일정육식당,소고기 구이/찜,52140646,영등1동,126.973342008901,35.9532710285262
전북특별자치도 익산시,8001,I201,MA010120220814336452,동서네낙지,해산물 구이/찜,52140646,영등1동,126.965794385732,35.9512863848065
전북특별자치도 익산시,8001,I201,MA0101202511A0020287,다올한우,소고기 구이/찜,52140652,어양동,126.980543482477,35.9670884175261
전북특별자치도 익산시,8001,I201,MA010120220814129999,아리한우소머리국밥,국/탕/찌개류,52140580,마동,126.964471367213,35.9354782113857
전북특별자치도 익산시,8001,I201,MA010120220813400161,택이네조개전골,해산물 구이/찜,52140647,영등2동,126.981010819642,35.9599416650518
전북특별자치도 익산시,8001,I201,MA010120220813871214,함라한옥마을협동조합안정지사,백반/한정식,52140330,함라면,126.909681392104,36.0627847832708
전북특별자치도 익산시,8001,I201,MA010120220813444068,만세회관,백반/한정식,52140520,중앙동,126.95241039597,35.9418908855429
전북특별자치도 익산시,8001,I201,MA010120220812890818,나잘아는집,백반/한정식,52140420,춘포면,127.028753279581,35.9541988227904
전북특별자치도 익산시,8001,I201,MA010120220813023882,육감만족,족발/보쌈,52140610,모현동,126.944207311318,35.9444558933865
전북특별자치도 익산시,8001,I201,MA010120220813183820,솔가숯불갈비,돼지고기 구이/찜,52140652,어양동,126.979191250032,35.9659436173838
전북특별자치도 익산시,8001,I201,MA010120220813607499,진또배기,백반/한정식,52140610,모현동,126.941920795571,35.9490781784951
전북특별자치도 익산시,8001,I201,MA010120220813740173,하나로남촌칼국수,국수/칼국수,52140652,어양동,126.980543482477,35.9670884175261
전북특별자치도 익산시,8001,I201,MA010120220813866703,육즙한우,소고기 구이/찜,52140610,모현동,126.932800413893,35.9471898243069
전북특별자치도 익산시,8001,I201,MA010120220814322783,뚱보동산식당,백반/한정식,52140570,동산동,126.961591620811,35.9322688970907
전북특별자치도 익산시,8001,I201,MA010120220813844919,궁파티하우스,백반/한정식,52140646,영등1동,126.968817943402,35.9574156445657
전북특별자치도 익산시,8001,I201,MA010120220812868472,매실오리본가,닭/오리고기 구이/찜,52140652,어양동,126.97948203871,35.9560931182594
전북특별자치도 익산시,8001,I201,MA010120220812890068,함라산갈매기,돼지고기 구이/찜,52140330,함라면,126.905476761232,36.0609700811921
전북특별자치도 익산시,8001,I201,MA010120220814334943,행운식당,백반/한정식,52140400,금마면,127.053351642664,35.9898073299822
전북특별자치도 익산시,8001,I201,MA0101202209A0091909,울어매밥상,백반/한정식,52140580,마동,126.958641072442,35.937792539438
전북특별자치도 익산시,8001,I201,MA010120220813355464,울엄마,백반/한정식,52140595,남중동,126.957539206475,35.9466243303175
전북특별자치도 익산시,8001,I201,MA0106202201A0908394,한울F&S부사관학교점,백반/한정식,52140390,여산면,127.067963284905,36.0622678198696
전북특별자치도 익산시,8001,I201,MA010120220813947727,두찜익산,백반/한정식,52140656,신동,126.961544487816,35.9609373822988
전북특별자치도 익산시,8001,I201,MA010120220813032677,모현순대,국/탕/찌개류,52140610,모현동,126.946808980678,35.9487469849494
전북특별자치도 익산시,8001,I201,MA010120220813411671,더불어식당,백반/한정식,52140250,함열읍,126.957489421281,36.0807365937953
전북특별자치도 익산시,8001,I201,MA010120220813794009,진미면막국수,국수/칼국수,52140670,팔봉동,127.029956834765,35.9712139275207
전북특별자치도 익산시,8001,I201,MA0101202209A0050531,여산순대,국/탕/찌개류,52140390,여산면,127.083688040653,36.0589864290112
전북특별자치도 익산시,8001,I201,MA0101202210A0049314,호림돈오리,백반/한정식,52140656,신동,126.963673736405,35.9591085290033
전북특별자치도 익산시,8001,I201,MA0101202210A0069462,두거리우신탕,국/탕/찌개류,52140610,모현동,126.935782687686,35.9598989493353
전북특별자치도 익산시,8001,I201,MA0101202601A0047770,심마니본가,백반/한정식,52140646,영등1동,126.974196246484,35.9510000880006
전북특별자치도 익산시,8001,I201,MA010120220813501635,뚱보네,돼지고기 구이/찜,52140610,모현동,126.943741709691,35.9446088872089
전북특별자치도 익산시,8001,I201,MA010120220813540659,농부애갈비,돼지고기 구이/찜,52140652,어양동,126.979923019657,35.96561929603
전북특별자치도 익산시,8001,I201,MA010120220812776347,어디가심,백반/한정식,52140652,어양동,126.979826432815,35.9530830330314
전북특별자치도 익산시,8001,I201,MA010120220813475561,옛날멸치국수,국수/칼국수,52140570,동산동,126.9637631199,35.9332969901684
전북특별자치도 익산시,8001,I201,MA010120220814376754,심야식당구기,기타 한식 음식점,52140646,영등1동,126.972998282006,35.9535953983638
전북특별자치도 익산시,8001,I201,MA010120220813924636,전주숯불닭집전숯닭원광대점,돼지고기 구이/찜,52140656,신동,126.95730942515,35.9617020041327
전북특별자치도 익산시,8001,I201,MA010120220813381919,머슴국수,국수/칼국수,52140340,웅포면,126.883978785367,36.0824723935882
전북특별자치도 익산시,8001,I201,MA010120220814062978,새터고깃집,백반/한정식,52140570,동산동,126.971765323338,35.9297031751258
전북특별자치도 익산시,8001,I201,MA0101202603A0000646,준돌판구이,백반/한정식,52140610,모현동,126.938969763666,35.9526366163064
전북특별자치도 익산시,8001,I201,MA010120220814229441,명장추어탕,국/탕/찌개류,52140670,팔봉동,127.013192585642,35.9661700060545
전북특별자치도 익산시,8001,I201,MA010120220813165700,오산취향,돼지고기 구이/찜,52140310,오산면,126.921648338869,35.9492378929177
전북특별자치도 익산시,8001,I201,MA0101202209A0031508,마음고기동산점,돼지고기 구이/찜,52140570,동산동,126.967134772471,35.9264304790384
전북특별자치도 익산시,8001,I201,MA010120220813894546,오동정,백반/한정식,52140690,삼성동,126.99700695142,35.9601504151662
전북특별자치도 익산시,8001,I201,MA010120220813074658,통큰낙지,해산물 구이/찜,52140652,어양동,126.990400807787,35.954084721816
전북특별자치도 익산시,8001,I201,MA010120220814045571,연길개장집,백반/한정식,52140595,남중동,126.956716370256,35.951499752235
전북특별자치도 익산시,8001,I201,MA0106202605A1573782,국수한상,국수/칼국수,52140595,남중동,126.953657391412,35.9510750268393
전북특별자치도 익산시,8001,I201,MA0106202605A2416592,하늘소갈비,백반/한정식,52140610,모현동,126.939468468194,35.9527540301515
전북특별자치도 익산시,8001,I201,MA010120220813360501,도여사고깃집,돼지고기 구이/찜,52140250,함열읍,126.964940437019,36.0775937409133
전북특별자치도 익산시,8001,I201,MA010120220813884412,온앤영,백반/한정식,52140647,영등2동,126.977563458838,35.9593102021926
전북특별자치도 익산시,8001,I201,MA0101202604A0000977,가연,백반/한정식,52140580,마동,126.966864982391,35.9356681570493
전북특별자치도 익산시,8001,I201,MA0101202601A0033647,국수카페모해전북익산시니어클럽,국수/칼국수,52140646,영등1동,126.967646959448,35.9475467468551
전북특별자치도 익산시,8001,I201,MA0101202601A0047942,국수나무부송점,국수/칼국수,52140690,삼성동,126.988736822524,35.9632952499627
전북특별자치도 익산시,8001,I201,MA0101202604A0005647,청춘블라썸,백반/한정식,52140610,모현동,126.939257824615,35.9528079981765
전북특별자치도 익산시,8001,I201,MA0101202601A0004364,보리네고깃간,돼지고기 구이/찜,52140690,삼성동,126.988736822524,35.9632952499627
전북특별자치도 익산시,8001,I201,MA0103202604C0019833,북부국수,국수/칼국수,52140595,남중동,126.958500221366,35.9528342188202
전북특별자치도 익산시,8001,I201,MA010120220814062887,유명탕집배산점,백반/한정식,52140610,모현동,126.947425181303,35.9555245877763
전북특별자치도 익산시,8001,I201,MA010120220814277770,계절생선가,백반/한정식,52140595,남중동,126.956949479744,35.9508689673367
전북특별자치도 익산시,8001,I201,MA010120220813693229,본토동태탕,국/탕/찌개류,52140610,모현동,126.938479957731,35.9553400878881
전북특별자치도 익산시,8001,I201,MA010120220813981659,담애꽃,백반/한정식,52140656,신동,126.957409974437,35.9602510441344
전북특별자치도 익산시,8001,I201,MA010120220814132751,한잔해야지막회,백반/한정식,52140570,동산동,126.963109451303,35.9329813557538
전북특별자치도 익산시,8001,I201,MA010120220812742000,화신꾼족발,족발/보쌈,52140570,동산동,126.9637631199,35.9332969901684
전북특별자치도 익산시,8001,I201,MA010120220813618371,웃으면돼지,돼지고기 구이/찜,52140646,영등1동,126.97120220565,35.9546854820449
전북특별자치도 익산시,8001,I201,MA010120220813110710,배산민물장어,해산물 구이/찜,52140652,어양동,126.980543482477,35.9670884175261
전북특별자치도 익산시,8001,I201,MA010120220813126414,우림농원,백반/한정식,52140580,마동,126.963557192982,35.9473653264963
전북특별자치도 익산시,8001,I201,MA010120220813492909,여기가좋겠네,백반/한정식,52140250,함열읍,126.960941993659,36.0812064038647
전북특별자치도 익산시,8001,I201,MA010120220813451632,동서네낙지서동점,해산물 구이/찜,52140400,금마면,127.062073092619,35.9963100488577
전북특별자치도 익산시,8001,I201,MA010120220813901858,갑부도시락전북지사,백반/한정식,52140610,모현동,126.939741223023,35.9584860557583
전북특별자치도 익산시,8001,I201,MA010120220813717521,현대뚝배기쌈밥,백반/한정식,52140620,송학동,126.937163768182,35.9376930942349
전북특별자치도 익산시,8001,I201,MA010120220813489739,토가,백반/한정식,52140560,인화동,126.953714046967,35.9299499211006
전북특별자치도 익산시,8001,I201,MA010120220814162404,목향한정식,백반/한정식,52140530,평화동,126.938373703142,35.9351522156779
전북특별자치도 익산시,8001,I201,MA010120220813807120,국수나무,국수/칼국수,52140652,어양동,126.981443577793,35.9581032032729
전북특별자치도 익산시,8001,I201,MA0101202602A0000418,샤브다이닝익산,백반/한정식,52140647,영등2동,126.975479357235,35.9595531292406
전북특별자치도 익산시,8001,I201,MA0101202602A0022881,이리탄,백반/한정식,52140690,삼성동,126.989202966089,35.959329838556
전북특별자치도 익산시,8001,I201,MA010120220812985952,안다미로닭뽀끼,백반/한정식,52140646,영등1동,126.977388018874,35.9525598787102
전북특별자치도 익산시,8001,I201,MA010120220814295361,옛이야기,백반/한정식,52140610,모현동,126.947425181303,35.9555245877763
전북특별자치도 익산시,8001,I201,MA010120220814170147,태광식당,백반/한정식,52140320,황등면,126.945262130869,36.0059117567036
전북특별자치도 익산시,8001,I201,MA0101202209A0027460,동서로14길,백반/한정식,52140595,남중동,126.955651823108,35.9523375176863
전북특별자치도 익산시,8001,I201,MA0101202210A0071395,통장협의회주민자치협의회어양동,백반/한정식,52140652,어양동,126.98613402931,35.949731310622
전북특별자치도 익산시,8001,I201,MA0101202602A0017944,달님맥주&호프,백반/한정식,52140652,어양동,126.979161625822,35.9521095792764
전북특별자치도 익산시,8001,I201,MA010120220813055014,모이세포차,돼지고기 구이/찜,52140580,마동,126.962321787514,35.9348196482155
전북특별자치도 익산시,8001,I201,MA010120220813243208,동서네낙지,해산물 구이/찜,52140560,인화동,126.957746379974,35.932213530654
전북특별자치도 익산시,8001,I201,MA010120220813784310,북도회관,돼지고기 구이/찜,52140647,영등2동,126.978206321449,35.9596077298088
전북특별자치도 익산시,8001,I201,MA010120220813448068,바디필샐러드,백반/한정식,52140520,중앙동,126.947602716893,35.938464161097
전북특별자치도 익산시,8001,I201,MA0101202604A0033924,허광웅아구세상,백반/한정식,52140610,모현동,126.943254010729,35.9446627321598
전북특별자치도 익산시,8001,I201,MA0101202511A0006952,양푼리부송점,백반/한정식,52140690,삼성동,126.98851533219,35.9617360847732
전북특별자치도 익산시,8001,I201,MA0101202602A0016191,엄마손밥상,백반/한정식,52140656,신동,126.960504248276,35.9573320849945
전북특별자치도 익산시,8001,I201,MA0101202602A0015044,갈비탕집,백반/한정식,52140647,영등2동,126.980067286561,35.9650335147381
전북특별자치도 익산시,8001,I201,MA0101202511A0039479,샴푸포차,백반/한정식,52140560,인화동,126.948040371708,35.9301458733183
전북특별자치도 익산시,8001,I201,MA0101202601A0047219,왕대박,백반/한정식,52140595,남중동,126.958312166386,35.95211316096
전북특별자치도 익산시,8001,I201,MA0106202201A0393641,세라젬웰카페익산,백반/한정식,52140610,모현동,126.938460850028,35.9513926440879
전북특별자치도 익산시,8001,I201,MA010120220812945192,다락,돼지고기 구이/찜,52140620,송학동,126.931406628791,35.9440166648743
전북특별자치도 익산시,8001,I201,MA010120220813961849,땡자네,백반/한정식,52140690,삼성동,126.988060790588,35.9619523378994
전북특별자치도 익산시,8001,I201,MA010120220813935044,상차림,백반/한정식,52140646,영등1동,126.967691657082,35.9466545296104
전북특별자치도 익산시,8001,I201,MA010120220812969609,김여사맛집,백반/한정식,52140400,금마면,127.051832916555,35.9906281197197
전북특별자치도 익산시,8001,I201,MA010120220813135342,황금푸드,백반/한정식,52140560,인화동,126.947141513115,35.9320741431532
전북특별자치도 익산시,8001,I201,MA0106202605A2242724,광주서울곱창,곱창 전골/구이,52140647,영등2동,126.97835042528,35.9596257806874
전북특별자치도 익산시,8001,I201,MA0101202603A0000295,럼블Rumble,백반/한정식,52140656,신동,126.957510457267,35.9589172448625
전북특별자치도 익산시,8001,I201,MA0101202604A0023836,한일식당마동,백반/한정식,52140580,마동,126.965067244882,35.9412643663654
전북특별자치도 익산시,8001,I201,MA0101202604A0041161,육가,백반/한정식,52140610,모현동,126.939419658006,35.9586120674536
전북특별자치도 익산시,8001,I201,MA0101202604A0019907,두끼익산,백반/한정식,52140647,영등2동,126.97341751318,35.9594986158738
전북특별자치도 익산시,8001,I201,MA0101202604A0022665,달빛에구운고등어,해산물 구이/찜,52140652,어양동,126.988416808115,35.9532013307992
전북특별자치도 익산시,8001,I201,MA0101202510A0021614,제이제이푸드,백반/한정식,52140652,어양동,126.981300436187,35.9540115497159
전북특별자치도 익산시,8001,I201,MA0101202604A0021502,다리미삼겹살,돼지고기 구이/찜,52140610,모현동,126.944284140635,35.9455284069689
전북특별자치도 익산시,8001,I201,MA0106202605A2326509,마래뜰,백반/한정식,52140400,금마면,127.053828197629,35.9893745242048
전북특별자치도 익산시,8001,I201,MA0101202602A0010783,백앤선부산어묵천국익산역점,백반/한정식,52140520,중앙동,126.94730124442,35.9418527015723
전북특별자치도 익산시,8001,I201,MA0101202509A0003451,여운,횟집,52140647,영등2동,126.977552179767,35.9599951423584
전북특별자치도 익산시,8001,I201,MA010120220813334769,모현흑염소,기타 한식 음식점,52140320,황등면,126.947453797237,35.99598114339
전북특별자치도 익산시,8001,I201,MA010120220814213764,옛날고기집,돼지고기 구이/찜,52140690,삼성동,126.990433115834,35.9619255132758
전북특별자치도 익산시,8001,I201,MA010120220813579867,솜리국밥집,국/탕/찌개류,52140610,모현동,126.938755512892,35.9430022357887
전북특별자치도 익산시,8001,I201,MA0101202604A0031966,크레이지덕,백반/한정식,52140610,모현동,126.947772218573,35.950342604977
전북특별자치도 익산시,8001,I201,MA0101202604A0023578,분홍염소,기타 한식 음식점,52140430,삼기면,127.018027815961,36.0221360488445
전북특별자치도 익산시,8001,I201,MA0101202604A0041074,다락방,백반/한정식,52140670,팔봉동,127.015509130394,35.9637544083819
전북특별자치도 익산시,8001,I201,MA0101202604A0012518,황등청계백숙,닭/오리고기 구이/찜,52140320,황등면,126.9456616693,36.0055694698995
전북특별자치도 익산시,8001,I201,MA0101202601A0032452,웅포대교황토방식당,백반/한정식,52140340,웅포면,126.891234079134,36.1188703850691
전북특별자치도 익산시,8001,I201,MA0101202604A0021934,녹번꼼장어,백반/한정식,52140690,삼성동,126.988470949236,35.9620154647679
전북특별자치도 익산시,8001,I201,MA010120220812854114,밥풀떼기,백반/한정식,52140646,영등1동,126.963812020729,35.9475726891706
전북특별자치도 익산시,8001,I201,MA010120220813619064,논슬립,백반/한정식,52140690,삼성동,126.991575481464,35.9567705066768
전북특별자치도 익산시,8001,I201,MA010120220813374228,쌍둥이네,백반/한정식,52140656,신동,126.960238285817,35.9571787863503
전북특별자치도 익산시,8001,I201,MA010120220814390046,국수,국수/칼국수,52140520,중앙동,126.953197222399,35.9419813191477
전북특별자치도 익산시,8001,I201,MA0106202605A2050398,베테랑,백반/한정식,52140410,왕궁면,127.086053844917,35.9788923893606
전북특별자치도 익산시,8001,I201,MA0106202605A0666753,토리카페,백반/한정식,52140647,영등2동,126.978105078665,35.9649520612672
전북특별자치도 익산시,8001,I201,MA0106202605A0122264,명인한우곱창,백반/한정식,52140560,인화동,126.961036888444,35.9336115716104
전북특별자치도 익산시,8001,I201,MA0106202605A1347142,열반쭈대가,백반/한정식,52140656,신동,126.962199187796,35.959558693548
전북특별자치도 익산시,8001,I201,MA0106202605A1365285,솜리담꼬기,백반/한정식,52140652,어양동,126.981134674291,35.9518845953675
전북특별자치도 익산시,8001,I201,MA0106202605A1962065,온정성담아,백반/한정식,52140652,어양동,126.987440980588,35.9557337188291
전북특별자치도 익산시,8001,I201,MA0106202605A1398668,더필터,백반/한정식,52140310,오산면,126.926132642627,35.9542336105106
전북특별자치도 익산시,8001,I201,MA0106202605A0025006,한잔더포차,백반/한정식,52140595,남중동,126.955840742214,35.9514633836305
전북특별자치도 익산시,8001,I201,MA0106202605A0458802,노다지식당,백반/한정식,52140530,평화동,126.946321309917,35.9323351399373
전북특별자치도 익산시,8001,I201,MA010120220813154958,막창끝판왕,곱창 전골/구이,52140652,어양동,126.979415071593,35.957859537666
전북특별자치도 익산시,8001,I201,MA010120220813989425,옹가네왕족발,족발/보쌈,52140580,마동,126.961379021374,35.9364866489147
전북특별자치도 익산시,8001,I201,MA010120220813718695,가고싶은집,백반/한정식,52140595,남중동,126.958323042342,35.9525097107274
전북특별자치도 익산시,8001,I201,MA010120220813208318,두래지점화불닭,닭/오리고기 구이/찜,52140656,신동,126.959205606096,35.9606392009877
전북특별자치도 익산시,8001,I201,MA010120220813410614,한잔할까,백반/한정식,52140560,인화동,126.960560439897,35.9334852419087
전북특별자치도 익산시,8001,I201,MA010120220813305430,뜨끈이뼈다구탕며느리점,국/탕/찌개류,52140580,마동,126.964333237775,35.9469329635961
전북특별자치도 익산시,8001,I201,MA010120220814324878,동부팥죽,백반/한정식,52140646,영등1동,126.966781733017,35.949231832137
전북특별자치도 익산시,8001,I201,MA010120220813375624,더골목,백반/한정식,52140656,신동,126.965536706785,35.957604007629
전북특별자치도 익산시,8001,I201,MA0101202601A0037194,역전순대,국/탕/찌개류,52140610,모현동,126.943710332811,35.9419682329021
전북특별자치도 익산시,8001,I201,MA0101202512A0026470,시카고부대찌개익산,국/탕/찌개류,52140580,마동,126.963934874165,35.9455178949029
전북특별자치도 익산시,8001,I201,MA0101202512A0031828,늘건강,백반/한정식,52140595,남중동,126.956439691903,35.9507245848277
전북특별자치도 익산시,8001,I201,MA0101202601A0045780,숯불구이집,돼지고기 구이/찜,52140690,삼성동,126.99023363694,35.9614208030608
전북특별자치도 익산시,8001,I201,MA0101202603A0007801,바른식단,백반/한정식,52140595,남중동,126.955474545587,35.9522112783288
전북특별자치도 익산시,8001,I201,MA0101202511A0030722,동아리족발,족발/보쌈,52140520,중앙동,126.951035143435,35.9434855313234
전북특별자치도 익산시,8001,I201,MA0101202601A0028806,해담,백반/한정식,52140310,오산면,126.932187014418,35.9516416108533
전북특별자치도 익산시,8001,I201,MA0101202602A0008546,서해막걸리,백반/한정식,52140610,모현동,126.946465493331,35.948584608791
전북특별자치도 익산시,8001,I201,MA0101202602A0027102,굽계,백반/한정식,52140610,모현동,126.940688222324,35.9521147581514
전북특별자치도 익산시,8001,I201,MA0101202603A0046348,남도식당,백반/한정식,52140570,동산동,126.961458363221,35.9328456504602
전북특별자치도 익산시,8001,I201,MA0101202601A0003194,김다찌,백반/한정식,52140656,신동,126.956802006268,35.9570784623019
전북특별자치도 익산시,8001,I201,MA0101202602A0030933,원광대학교푸드몰,백반/한정식,52140656,신동,126.960219910347,35.9717157664206
전북특별자치도 익산시,8001,I201,MA0101202512A0038176,우리동네한식,백반/한정식,52140652,어양동,126.982629108883,35.9607169763736
전북특별자치도 익산시,8001,I201,MA0101202511A0037313,온도,백반/한정식,52140690,삼성동,126.998614358641,35.9584741382599
전북특별자치도 익산시,8001,I201,MA0101202601A0014959,푸줏간고기도시락송학점,돼지고기 구이/찜,52140610,모현동,126.933500451946,35.945072296185
전북특별자치도 익산시,8001,I201,MA0101202506A0019651,손큰할매순대국원광대점,국/탕/찌개류,52140656,신동,126.957109382782,35.9626302093885
전북특별자치도 익산시,8001,I201,MA0101202511A0027948,팔공키친,백반/한정식,52140646,영등1동,126.9775986181,35.9525689306105
전북특별자치도 익산시,8001,I201,MA0101202601A0027731,외가집,백반/한정식,52140560,인화동,126.952373125836,35.930120633032
전북특별자치도 익산시,8001,I201,MA0101202511A0002520,황등대정식당,백반/한정식,52140320,황등면,126.947977949101,36.0253254878227
전북특별자치도 익산시,8001,I201,MA0101202508A0009617,그르르,백반/한정식,52140670,팔봉동,127.025378030191,35.9714943670341
전북특별자치도 익산시,8001,I201,MA0101202601A0023771,깻잎막회익산,백반/한정식,52140652,어양동,126.979293082001,35.958066801902
전북특별자치도 익산시,8001,I201,MA0101202512A0033531,주주락,백반/한정식,52140646,영등1동,126.976035497021,35.9533436958113
전북특별자치도 익산시,8001,I201,MA0101202601A0026842,토담속으로,백반/한정식,52140580,마동,126.969956906221,35.9355067468391
전북특별자치도 익산시,8001,I201,MA0101202601A0027524,다이로움한끼밥상(전북익산시니어클럽),백반/한정식,52140647,영등2동,126.980289701801,35.9622397098277
전북특별자치도 익산시,8001,I201,MA0101202601A0007328,익산풍천장어,해산물 구이/찜,52140647,영등2동,126.980555717788,35.9624019763219
전북특별자치도 익산시,8001,I201,MA0101202601A0012293,자연정가양평해장국함열점,국/탕/찌개류,52140250,함열읍,126.964753222177,36.0741960779377
전북특별자치도 익산시,8001,I201,MA0101202510A0014797,상록회관연탄구이익산,돼지고기 구이/찜,52140610,모현동,126.941477163927,35.9494564843457
전북특별자치도 익산시,8001,I201,MA0101202602A0037903,백호,백반/한정식,52140656,신동,126.958372708961,35.9634778191563
전북특별자치도 익산시,8001,I201,MA0101202604A0009217,금마면번영회,백반/한정식,52140652,어양동,126.985989909851,35.9498935173257
전북특별자치도 익산시,8001,I201,MA0101202603A0037813,빅스토랑,백반/한정식,52140595,남중동,126.955474545587,35.9522112783288
전북특별자치도 익산시,8001,I201,MA0101202603A0004895,노걸대감자탕익산,국/탕/찌개류,52140647,영등2동,126.979303889632,35.9591302669632
전북특별자치도 익산시,8001,I201,MA0101202602A0038404,백제애아구세상,백반/한정식,52140610,모현동,126.941540373899,35.9539266700532
전북특별자치도 익산시,8001,I201,MA0101202603A0030377,뽀빠이냉면,냉면/밀면,52140656,신동,126.961044827158,35.9625955017843
전북특별자치도 익산시,8001,I201,MA0101202604A0042378,꼬치생각,백반/한정식,52140656,신동,126.957552328814,35.9635316061402
전북특별자치도 익산시,8001,I201,MA0101202602A0008264,스마일식당,백반/한정식,52140646,영등1동,126.973342008901,35.9532710285262
전북특별자치도 익산시,8001,I201,MA0101202603A0017942,대박족발편육,백반/한정식,52140520,중앙동,126.949728247397,35.9420610282864
전북특별자치도 익산시,8001,I201,MA0101202602A0034319,우마주,백반/한정식,52140647,영등2동,126.979746978671,35.9603830659095
전북특별자치도 익산시,8001,I201,MA0101202604A0045161,배산가든,백반/한정식,52140610,모현동,126.946162844854,35.9535773486883
전북특별자치도 익산시,8001,I201,MA0101202603A0003425,하얀집,백반/한정식,52140250,함열읍,126.965649307417,36.081379077565
전북특별자치도 익산시,8001,I201,MA0101202601A0020627,엉터리무한대패,백반/한정식,52140652,어양동,126.98386039261,35.9567877419571
전북특별자치도 익산시,8001,I201,MA0101202604A0048763,약선흑염소목천점,기타 한식 음식점,52140530,평화동,126.934320626256,35.9182607422691
전북특별자치도 익산시,8001,I201,MA0101202603A0011033,진미가,백반/한정식,52140570,동산동,126.956994353715,35.9294194068519
전북특별자치도 익산시,8001,I201,MA0101202604A0014894,맛있는한끼,백반/한정식,52140610,모현동,126.940467281377,35.9511232837617
전북특별자치도 익산시,8001,I201,MA0101202602A0018403,샤브다이닝익산,백반/한정식,52140610,모현동,126.939137583663,35.9506089094843
전북특별자치도 익산시,8001,I201,MA0101202604A0040852,한신우동익산,국수/칼국수,52140580,마동,126.963917537575,35.9348922379348
전북특별자치도 익산시,8001,I201,MA0101202604A0041348,숯불소강민물장어,해산물 구이/찜,52140560,인화동,126.95754485125,35.9360707822399
전북특별자치도 익산시,8001,I201,MA0101202603A0047340,옹기종기,백반/한정식,52140610,모현동,126.94792734121,35.9504237840782
전북특별자치도 익산시,8001,I201,MA0101202604A0002583,서여사순대국밥,백반/한정식,52140570,동산동,126.9637631199,35.9332969901684
전북특별자치도 익산시,8001,I201,MA0101202604A0041453,바른식단,백반/한정식,52140595,남중동,126.952642032706,35.9437385238563
전북특별자치도 익산시,8001,I201,MA0101202602A0033664,오후카페,백반/한정식,52140620,송학동,126.936929473498,35.9396666931894
전북특별자치도 익산시,8001,I201,MA0101202601A0040835,예담식당,백반/한정식,52140595,남중동,126.958525362367,35.9471473953042
전북특별자치도 익산시,8001,I201,MA0101202604A0032171,술시,백반/한정식,52140652,어양동,126.982285468177,35.9606808765549
전북특별자치도 익산시,8001,I201,MA0101202604A0003733,수옥돌,백반/한정식,52140520,중앙동,126.947780478804,35.9377883063223
전북특별자치도 익산시,8001,I201,MA0101202602A0008268,소담전,백반/한정식,52140595,남중동,126.956251263139,35.9507245162945
전북특별자치도 익산시,8001,I201,MA0101202603A0049205,말여막걸리여,백반/한정식,52140580,마동,126.961923101134,35.9342787762784
전북특별자치도 익산시,8001,I201,MA0101202603A0040052,일송국수,국수/칼국수,52140656,신동,126.934657293921,35.9669099821476
전북특별자치도 익산시,8001,I201,MA0101202604A0035248,오유민동태마을,백반/한정식,52140560,인화동,126.955078037126,35.9281659753673
전북특별자치도 익산시,8001,I201,MA0101202604A0000636,달빛노가리,백반/한정식,52140580,마동,126.961657321934,35.9339001693555
전북특별자치도 익산시,8001,I201,MA0101202510A0029440,양은이네얼큰동태탕오징어보쌈부송점,백반/한정식,52140690,삼성동,126.98838221407,35.9623579272092
전북특별자치도 익산시,8001,I201,MA0101202604A0045333,강경해물칼국수,국수/칼국수,52140646,영등1동,126.97184596631,35.9522793219755
전북특별자치도 익산시,8001,I201,MA0101202511A0030400,흑돌이참숯,백반/한정식,52140610,모현동,126.941770779853,35.9420484195269
전북특별자치도 익산시,8001,I201,MA0101202603A0029234,실비포차,백반/한정식,52140652,어양동,126.980458237864,35.9531011623794
전북특별자치도 익산시,8001,I201,MA0103202604C0018401,뮤엘,백반/한정식,52140656,신동,126.957997322806,35.9605847098105
전북특별자치도 익산시,8001,I201,MA0101202511A0038973,장군왕족발,족발/보쌈,52140646,영등1동,126.978829012029,35.9524339678093
전북특별자치도 익산시,8001,I201,MA0101202505A0086788,토라익산,백반/한정식,52140647,영등2동,126.979026759086,35.959130218853
전북특별자치도 익산시,8001,I201,MA0101202504A0090536,김제집,백반/한정식,52140520,중앙동,126.949728247397,35.9420610282864
전북특별자치도 익산시,8001,I201,MA0101202504A0009623,행복푸드,백반/한정식,52140610,모현동,126.946631367664,35.9491524647137
전북특별자치도 익산시,8001,I201,MA0101202504A0068871,버들목해물칼국수,국수/칼국수,52140656,신동,126.962630613635,35.9614694567537
전북특별자치도 익산시,8001,I201,MA0101202504A0099191,고향막창,곱창 전골/구이,52140380,망성면,127.019248989401,36.1166651724371
전북특별자치도 익산시,8001,I201,MA0101202505A0023435,호양푸드,백반/한정식,52140595,남중동,126.956894196498,35.9506165999821
전북특별자치도 익산시,8001,I201,MA0101202508A0013271,어양수산,백반/한정식,52140652,어양동,126.983684200045,35.9511189141094
전북특별자치도 익산시,8001,I201,MA0101202505A0004315,하즈,백반/한정식,52140610,모현동,126.943426934803,35.9508453305431
전북특별자치도 익산시,8001,I201,MA0101202604A0055424,뜻밖의기쁨,백반/한정식,52140320,황등면,126.9440636731,36.0066862639437
전북특별자치도 익산시,8001,I201,MA0101202604A0017685,명랑부대찌개&낙곱새,국/탕/찌개류,52140610,모현동,126.943053569117,35.9459784503705
전북특별자치도 익산시,8001,I201,MA0101202604A0052733,한라실비집익산,기타 한식 음식점,52140647,영등2동,126.978960147361,35.9595087279469
전북특별자치도 익산시,8001,I201,MA0101202602A0037831,자연정가양평해장국황등점,국/탕/찌개류,52140320,황등면,126.947453797237,35.99598114339
전북특별자치도 익산시,8001,I201,MA0101202604A0001247,날로먹는집,백반/한정식,52140690,삼성동,126.988060790588,35.9619523378994
전북특별자치도 익산시,8001,I201,MA0101202602A0025502,황금코다리익산,해산물 구이/찜,52140656,신동,126.937177182896,35.9627476040226
전북특별자치도 익산시,8001,I201,MA0101202604A0010651,파뮤브루,백반/한정식,52140610,모현동,126.941885900723,35.9513222520295
전북특별자치도 익산시,8001,I201,MA0101202604A0046162,호호솥밥,백반/한정식,52140656,신동,126.956910814303,35.9608366717236
전북특별자치도 익산시,8001,I201,MA0101202601A0039095,승철이네칼국수,국수/칼국수,52140250,함열읍,126.967794083308,36.0764229528954
전북특별자치도 익산시,8001,I201,MA010120220814111427,황금코다리,해산물 구이/찜,52140647,영등2동,126.970923307008,35.9595521118934
전북특별자치도 익산시,8001,I201,MA010120220812976020,24시콩나물김치찌개,백반/한정식,52140570,동산동,126.961280869461,35.9332331281781
전북특별자치도 익산시,8001,I201,MA010120220814124402,호랑이감자탕,국/탕/찌개류,52140652,어양동,126.979747622922,35.9578595942437
전북특별자치도 익산시,8001,I201,MA0101202511A0006508,남노갈비,돼지고기 구이/찜,52140610,모현동,126.947502988982,35.9552001752965
전북특별자치도 익산시,8001,I201,MA0101202603A0044886,한솥도시락,백반/한정식,52140690,삼성동,126.997794035901,35.9593032667595
전북특별자치도 익산시,8001,I201,MA0101202601A0005480,역전엘베강부송우미점,백반/한정식,52140690,삼성동,126.994025175565,35.9576628814497
전북특별자치도 익산시,8001,I201,MA0101202511A0022844,대명한우정육식당,백반/한정식,52140595,남중동,126.956006854537,35.9517338169268
전북특별자치도 익산시,8001,I201,MA0101202511A0017334,직화비,백반/한정식,52140656,신동,126.956622449475,35.9610979273206
전북특별자치도 익산시,8001,I201,MA0101202509A0043374,한담집,백반/한정식,52140646,영등1동,126.970636640889,35.9553612753982
전북특별자치도 익산시,8001,I201,MA0101202508A0015860,목가푸드,백반/한정식,52140595,남중동,126.963765834559,35.9516282611473
전북특별자치도 익산시,8001,I201,MA0101202510A0005427,가족도시락,백반/한정식,52140656,신동,126.955428258374,35.9754091567673
전북특별자치도 익산시,8001,I201,MA0101202511A0021417,포차중문,백반/한정식,52140647,영등2동,126.978339376902,35.9594905927161
전북특별자치도 익산시,8001,I201,MA0101202508A0006050,한식에진심,백반/한정식,52140656,신동,126.962132796576,35.9593063254664
전북특별자치도 익산시,8001,I201,MA0101202508A0036114,완미족발익산,족발/보쌈,52140647,영등2동,126.977053490559,35.9594723289486
전북특별자치도 익산시,8001,I201,MA0101202506A0039430,삼바리,백반/한정식,52140610,모현동,126.938793881545,35.9507349084558
전북특별자치도 익산시,8001,I201,MA0101202601A0034259,사랑포차,백반/한정식,52140580,마동,126.961245988292,35.9365857428014
전북특별자치도 익산시,8001,I201,MA0101202509A0002769,돝토리,백반/한정식,52140610,모현동,126.939613737264,35.9512129814664
전북특별자치도 익산시,8001,I201,MA0101202509A0007458,시민숯불갈비,돼지고기 구이/찜,52140647,영등2동,126.980367751979,35.9604192186529
전북특별자치도 익산시,8001,I201,MA0101202602A0006217,포차1번지먹새통,백반/한정식,52140647,영등2동,126.979126469168,35.9593465338127
전북특별자치도 익산시,8001,I201,MA0101202602A0028224,이리국수,국수/칼국수,52140410,왕궁면,127.090664934724,35.9678758722539
전북특별자치도 익산시,8001,I201,MA0101202506A0020299,향수식당,백반/한정식,52140595,남중동,126.957535994729,35.9526265961629
전북특별자치도 익산시,8001,I201,MA0101202509A0027872,알찬조개구이,해산물 구이/찜,52140647,영등2동,126.979791458017,35.9598423295453
전북특별자치도 익산시,8001,I201,MA0101202509A0031269,꿈돈168,백반/한정식,52140690,삼성동,126.996696643763,35.958167679178
전북특별자치도 익산시,8001,I201,MA0101202508A0003088,88소곱탄동산점,백반/한정식,52140580,마동,126.962687712208,35.934342103415
전북특별자치도 익산시,8001,I201,MA0101202509A0030109,청불천막집포차익산,백반/한정식,52140647,영등2동,126.977951394884,35.9594815096659
전북특별자치도 익산시,8001,I201,MA0106202507A1154251,무시로감자탕부송점,국/탕/찌개류,52140690,삼성동,126.988248468924,35.9671975680463
전북특별자치도 익산시,8001,I201,MA0101202505A0019694,우정식당,백반/한정식,52140410,왕궁면,127.084505278455,35.9511984235454
전북특별자치도 익산시,8001,I201,MA0101202505A0042872,약선흑염소익산,기타 한식 음식점,52140610,모현동,126.941632921361,35.9486634678404
전북특별자치도 익산시,8001,I201,MA0101202508A0024770,현대옥익산,국/탕/찌개류,52140610,모현동,126.942207018742,35.9517640151372
전북특별자치도 익산시,8001,I201,MA0101202507A0041051,석경&신&이랑,백반/한정식,52140656,신동,126.96287585804,35.9585585284961
전북특별자치도 익산시,8001,I201,MA0101202509A0022693,엉터리무한대패,백반/한정식,52140610,모현동,126.943130862176,35.9463840458007
전북특별자치도 익산시,8001,I201,MA0101202505A0051118,시장비빔밥,백반/한정식,52140320,황등면,126.945650323994,36.0059389702038
전북특별자치도 익산시,8001,I201,MA0101202507A0039326,김사부익산,백반/한정식,52140646,영등1동,126.976534037066,35.9542179978134
전북특별자치도 익산시,8001,I201,MA0101202510A0036109,수육이네,백반/한정식,52140610,모현동,126.942277306479,35.946563886705
전북특별자치도 익산시,8001,I201,MA0101202509A0037693,익산뼈구이,백반/한정식,52140690,삼성동,126.98923588186,35.9618352879127
전북특별자치도 익산시,8001,I201,MA0101202510A0010747,나현포차,백반/한정식,52140646,영등1동,126.971069318612,35.9543339662543
전북특별자치도 익산시,8001,I201,MA0101202506A0036569,돼지전설,돼지고기 구이/찜,52140652,어양동,126.982307896344,35.9595272929503
전북특별자치도 익산시,8001,I201,MA0101202509A0018883,이리로칼국수,국수/칼국수,52140610,모현동,126.941794662628,35.9548190217425
전북특별자치도 익산시,8001,I201,MA0101202507A0023547,본죽&비빔밥익산원광대,백반/한정식,52140656,신동,126.958195302475,35.9635408442325
전북특별자치도 익산시,8001,I201,MA0101202506A0038681,샤브20,국수/칼국수,52140690,삼성동,126.990090195905,35.9560494009555
전북특별자치도 익산시,8001,I201,MA0101202506A0026969,장터푸드,백반/한정식,52140570,동산동,126.962876477122,35.9335400550734
전북특별자치도 익산시,8001,I201,MA0101202505A0007850,찬디자인익산원광지역자활센터,백반/한정식,52140690,삼성동,126.984790481848,35.9622223398411
전북특별자치도 익산시,8001,I201,MA0101202510A0021307,이리회관,백반/한정식,52140690,삼성동,126.989258106762,35.9614387445005
전북특별자치도 익산시,8001,I201,MA0101202511A0033813,손큰할매순대국익산,국/탕/찌개류,52140647,영등2동,126.978583165294,35.9598150828098
전북특별자치도 익산시,8001,I201,MA0101202508A0016970,포향루,백반/한정식,52140656,신동,126.957929452747,35.9631442060707
전북특별자치도 익산시,8001,I201,MA0101202510A0031203,본죽&비빔밥익산송학점,백반/한정식,52140620,송학동,126.937891972591,35.9418121522734
전북특별자치도 익산시,8001,I201,MA0101202508A0021917,메가혼밥,백반/한정식,52140646,영등1동,126.971146251682,35.9561454781498
전북특별자치도 익산시,8001,I201,MA0101202509A0014115,양문,백반/한정식,52140610,모현동,126.952268914229,35.9560042692239
전북특별자치도 익산시,8001,I201,MA0101202509A0009310,냉면쟁이고기꾼,돼지고기 구이/찜,52140595,남중동,126.958323042342,35.9525097107274
전북특별자치도 익산시,8001,I201,MA0101202510A0035933,밑잔익산,백반/한정식,52140647,영등2동,126.978372735916,35.9591120779785
전북특별자치도 익산시,8001,I201,MA0101202511A0011403,대포한우,소고기 구이/찜,52140620,송학동,126.940795564694,35.9419488058381
전북특별자치도 익산시,8001,I201,MA0101202601A0034330,강정오빠,백반/한정식,52140520,중앙동,126.947945542307,35.9395728389467
전북특별자치도 익산시,8001,I201,MA0101202511A0005696,꽈도네,백반/한정식,52140595,남중동,126.95348031009,35.9506243377921
전북특별자치도 익산시,8001,I201,MA0101202511A0005920,미가,백반/한정식,52140250,함열읍,126.960698513802,36.0796562231141
전북특별자치도 익산시,8001,I201,MA0101202507A0039812,일품양평해장국익산,국/탕/찌개류,52140595,남중동,126.957716719692,35.9462909335275
전북특별자치도 익산시,8001,I201,MA0101202511A0035490,조점례남문피순대익산,국/탕/찌개류,52140647,영등2동,126.980455846745,35.9628075178275
전북특별자치도 익산시,8001,I201,MA0101202510A0012105,옛날숯불구이,돼지고기 구이/찜,52140652,어양동,126.979781100856,35.9569853969183
전북특별자치도 익산시,8001,I201,MA0101202509A0014288,육지마동,백반/한정식,52140580,마동,126.965067244882,35.9412643663654
전북특별자치도 익산시,8001,I201,MA0101202601A0008517,동궁찜닭남중점,닭/오리고기 구이/찜,52140595,남중동,126.958677040424,35.9538526818562
전북특별자치도 익산시,8001,I201,MA0101202507A0014127,원샷원킬,백반/한정식,52140610,모현동,126.935863418088,35.956023660786
전북특별자치도 익산시,8001,I201,MA0101202510A0023672,다사랑,백반/한정식,52140652,어양동,126.985989909851,35.9498935173257
전북특별자치도 익산시,8001,I201,MA0101202509A0028417,굿막창착한막창,곱창 전골/구이,52140652,어양동,126.980312904269,35.9580849983251
전북특별자치도 익산시,8001,I201,MA0101202510A0007712,원할머니보쌈,족발/보쌈,52140646,영등1동,126.973086291142,35.9555601226168
전북특별자치도 익산시,8001,I201,MA0101202510A0004867,박만배아리랑보쌈,족발/보쌈,52140647,영등2동,126.970923307008,35.9595521118934
전북특별자치도 익산시,8001,I201,MA0101202510A0006031,초원식당,백반/한정식,52140595,남중동,126.958323042342,35.9525097107274
전북특별자치도 익산시,8001,I201,MA0101202601A0019022,돼지콩이,돼지고기 구이/찜,52140656,신동,126.959698382574,35.9725807807876
전북특별자치도 익산시,8001,I201,MA0101202511A0013283,완산성순대국밥,백반/한정식,52140420,춘포면,127.053108056227,35.9241430815676
전북특별자치도 익산시,8001,I201,MA0101202511A0006382,진영갈비,돼지고기 구이/찜,52140570,동산동,126.96197098462,35.9268525394826
전북특별자치도 익산시,8001,I201,MA0101202511A0011447,탐나수산,백반/한정식,52140595,남중동,126.958544488096,35.9529694202378
전북특별자치도 익산시,8001,I201,MA0101202601A0033640,열정국밥,국/탕/찌개류,52140652,어양동,126.979848663368,35.9528397017373
전북특별자치도 익산시,8001,I201,MA0101202510A0016873,돼지꿈,돼지고기 구이/찜,52140560,인화동,126.952949432002,35.9299766612016
전북특별자치도 익산시,8001,I201,MA0101202511A0001386,애견동반식당라스트32,백반/한정식,52140652,어양동,126.988849045016,35.9535889052765
전북특별자치도 익산시,8001,I201,MA0101202601A0028173,익산보쌈식족발,백반/한정식,52140646,영등1동,126.977985055873,35.9580215070907
전북특별자치도 익산시,8001,I201,MA0101202510A0011008,차리네,백반/한정식,52140646,영등1동,126.96648356941,35.9466271611027
전북특별자치도 익산시,8001,I201,MA0101202601A0001693,식사,백반/한정식,52140610,모현동,126.937901892045,35.9432992071407
전북특별자치도 익산시,8001,I201,MA0101202507A0018447,황제막걸리,백반/한정식,52140580,마동,126.960292876069,35.9366935805165
전북특별자치도 익산시,8001,I201,MA0101202511A0007798,새천년우리식당,백반/한정식,52140530,평화동,126.93950044934,35.9253382402927
전북특별자치도 익산시,8001,I201,MA0101202510A0027463,영구순대,국/탕/찌개류,52140610,모현동,126.947417560747,35.9502973880719
전북특별자치도 익산시,8001,I201,MA0101202603A0029986,익산함흥냉면,냉면/밀면,52140647,영등2동,126.977894273179,35.9655648651361
전북특별자치도 익산시,8001,I201,MA0101202511A0040500,윤여사백반보리굴비,백반/한정식,52140646,영등1동,126.976711400211,35.9541819827333
전북특별자치도 익산시,8001,I201,MA0101202510A0014633,백년불고기,소고기 구이/찜,52140610,모현동,126.942207018742,35.9517640151372
전북특별자치도 익산시,8001,I201,MA0101202507A0014914,익산제주고기국수,돼지고기 구이/찜,52140646,영등1동,126.973176014023,35.9524688871889
전북특별자치도 익산시,8001,I201,MA0101202510A0009261,화목,백반/한정식,52140670,팔봉동,127.014012985597,35.9662870741125
전북특별자치도 익산시,8001,I201,MA0101202601A0005559,공원식당,백반/한정식,52140610,모현동,126.946194790282,35.9555060176873
전북특별자치도 익산시,8001,I201,MA0101202510A0003912,행복가정식백반,백반/한정식,52140520,중앙동,126.949975079835,35.9372845447995
전북특별자치도 익산시,8001,I201,MA0101202510A0002616,프랭크커핀바,백반/한정식,52140656,신동,126.959094858682,35.9604318781716
전북특별자치도 익산시,8001,I201,MA0101202510A0029750,시골음식카페,백반/한정식,52140647,영등2동,126.97816213908,35.9590309282499
전북특별자치도 익산시,8001,I201,MA0101202603A0016617,정원,백반/한정식,52140340,웅포면,126.877233836498,36.0432894812367
전북특별자치도 익산시,8001,I201,MA0101202603A0016277,수미네국밥,국/탕/찌개류,52140610,모현동,126.940734410346,35.9496363681432
전북특별자치도 익산시,8001,I201,MA0101202511A0012457,꿈꾸는상자,백반/한정식,52140595,남중동,126.95145108339,35.9520114453078
전북특별자치도 익산시,8001,I201,MA0101202512A0001895,한판대패삼겹살,백반/한정식,52140580,마동,126.96519170369,35.9354513851094
전북특별자치도 익산시,8001,I201,MA0101202604A0009440,태능초가집곰탕,국/탕/찌개류,52140652,어양동,126.981542496329,35.9617442273255
전북특별자치도 익산시,8001,I201,MA0101202603A0018366,진미식당,백반/한정식,52140520,중앙동,126.953086516673,35.9417739901719
전북특별자치도 익산시,8001,I201,MA0101202603A0007493,써니야,백반/한정식,52140656,신동,126.960902765276,35.9584317283492
전북특별자치도 익산시,8001,I201,MA0101202512A0035867,송림복장어민물장어무한리필익산,해산물 구이/찜,52140652,어양동,126.98361770101,35.9510918678174
전북특별자치도 익산시,8001,I201,MA0101202603A0026152,돝간,백반/한정식,52140610,모현동,126.938334157237,35.9432633802991
전북특별자치도 익산시,8001,I201,MA0101202603A0029155,할매솥뚜껑삼겹살,돼지고기 구이/찜,52140610,모현동,126.939989540553,35.9526100932933
전북특별자치도 익산시,8001,I201,MA0101202512A0034163,제일삼겹살,돼지고기 구이/찜,52140320,황등면,126.944811124252,36.0005221756966
전북특별자치도 익산시,8001,I201,MA0101202602A0022629,일품양평해장국익산,국/탕/찌개류,52140610,모현동,126.94285352318,35.9467353983397
전북특별자치도 익산시,8001,I201,MA0101202603A0003540,김찌익산,백반/한정식,52140656,신동,126.962066642802,35.9585582754552
전북특별자치도 익산시,8001,I201,MA0101202603A0023916,미륵산숯불갈비신스토리,돼지고기 구이/찜,52140610,모현동,126.939791315529,35.9509066487387
전북특별자치도 익산시,8001,I201,MA0101202603A0035946,광장,백반/한정식,52140390,여산면,127.08373424203,36.0606897110027
전북특별자치도 익산시,8001,I201,MA0101202511A0016100,남도묵은지부송점,백반/한정식,52140690,삼성동,126.98923588186,35.9618352879127
전북특별자치도 익산시,8001,I201,MA0101202603A0020594,시장국수,국수/칼국수,52140520,중앙동,126.949728247397,35.9420610282864
전북특별자치도 익산시,8001,I201,MA0101202603A0048913,고기애,돼지고기 구이/찜,52140670,팔봉동,127.013680266781,35.9655210594308
전북특별자치도 익산시,8001,I201,MA0101202603A0049223,한돈흑돼지,돼지고기 구이/찜,52140610,모현동,126.938357823116,35.9556013849156
전북특별자치도 익산시,8001,I201,MA010120220812952725,익산토종닭,닭/오리고기 구이/찜,52140652,어양동,126.982285665413,35.9597976616237
전북특별자치도 익산시,8001,I201,MA010120220813469985,사하라,횟집,52140647,영등2동,126.979359217251,35.9595087972448
전북특별자치도 익산시,8001,I201,MA010120220813598911,익산청보리한우정육식당1,돼지고기 구이/찜,52140670,팔봉동,127.019224067166,35.9685845110805
전북특별자치도 익산시,8001,I201,MA010120220813156593,대학로,돼지고기 구이/찜,52140656,신동,126.958618021857,35.9607471485744
전북특별자치도 익산시,8001,I201,MA010120220812850044,황제촌,백반/한정식,52140320,황등면,126.944236891626,35.9969710488114
전북특별자치도 익산시,8001,I201,MA010120220814208774,김장군막국수,국수/칼국수,52140670,팔봉동,127.0286816119,35.9705833724056
전북특별자치도 익산시,8001,I201,MA0101202507A0002079,금강오리주물럭집,백반/한정식,52140690,삼성동,126.997771840346,35.9601954937935
전북특별자치도 익산시,8001,I201,MA0101202502A0098294,퐁당,백반/한정식,52140610,모현동,126.939792211307,35.949726023339
전북특별자치도 익산시,8001,I201,MA0101202504A0070413,전주기사식당,백반/한정식,52140560,인화동,126.947629839427,35.9309478022027
전북특별자치도 익산시,8001,I201,MA0103202504C0025803,스물넷,백반/한정식,52140656,신동,126.957675614726,35.9610171917979
전북특별자치도 익산시,8001,I201,MA0101202502A0092281,수육집,백반/한정식,52140652,어양동,126.978927281767,35.9580397010291
전북특별자치도 익산시,8001,I201,MA0101202502A0043232,청담옥24시,백반/한정식,52140652,어양동,126.988017787626,35.9530841303191
전북특별자치도 익산시,8001,I201,MA0101202505A0044472,"가자,마실",백반/한정식,52140580,마동,126.967315164007,35.945816272779
전북특별자치도 익산시,8001,I201,MA0101202502A0025438,석희솥뚜껑삼겹살,돼지고기 구이/찜,52140652,어양동,126.979161625822,35.9521095792764
전북특별자치도 익산시,8001,I201,MA0101202504A0072557,덮밥슈퍼익산,백반/한정식,52140610,모현동,126.945025761539,35.9469166612085
전북특별자치도 익산시,8001,I201,MA0101202501A0068558,예담촌,백반/한정식,52140560,인화동,126.951397972044,35.9301382671006
전북특별자치도 익산시,8001,I201,MA0101202504A0088124,오강집,백반/한정식,52140580,마동,126.963961169484,35.9364243648413
전북특별자치도 익산시,8001,I201,MA0101202504A0100733,도싯골,백반/한정식,52140610,모현동,126.939723462452,35.9526820592227
전북특별자치도 익산시,8001,I201,MA0101202501A0033855,뭉돈,백반/한정식,52140647,영등2동,126.977962585309,35.9591029909673
전북특별자치도 익산시,8001,I201,MA0101202504A0012636,옛추억갈비탕익산,백반/한정식,52140647,영등2동,126.980433581898,35.9631860347212
전북특별자치도 익산시,8001,I201,MA0101202502A0095388,곱창의전설,곱창 전골/구이,52140656,신동,126.956910104413,35.9621434687449
전북특별자치도 익산시,8001,I201,MA0101202505A0012277,신의혼밥,백반/한정식,52140656,신동,126.95558050386,35.9609353230712
전북특별자치도 익산시,8001,I201,MA0101202504A0060047,황가네닭발꼼장어참숯구이,백반/한정식,52140610,모현동,126.940134180495,35.9518891728709
전북특별자치도 익산시,8001,I201,MA0101202501A0072154,솔가숯불갈비익산,돼지고기 구이/찜,52140646,영등1동,126.967070978578,35.9466633733583
전북특별자치도 익산시,8001,I201,MA0103202502C0011025,박여사식당,백반/한정식,52140595,남중동,126.958558043556,35.9482379089076
전북특별자치도 익산시,8001,I201,MA0101202502A0046756,모현동구공탄,백반/한정식,52140610,모현동,126.944338735547,35.9467000465873
전북특별자치도 익산시,8001,I201,MA0101202503A0035480,솝말칼국수함라,국수/칼국수,52140330,함라면,126.914744036383,36.0617070218393
전북특별자치도 익산시,8001,I201,MA0101202504A0066239,120세약초삼계탕,국/탕/찌개류,52140690,삼성동,126.990632628132,35.9621688636776
전북특별자치도 익산시,8001,I201,MA0101202502A0051139,가야,백반/한정식,52140250,함열읍,126.966648538423,36.081334298718
전북특별자치도 익산시,8001,I201,MA0101202502A0081031,갯벌의조개,해산물 구이/찜,52140570,동산동,126.967611310466,35.9262593720246
전북특별자치도 익산시,8001,I201,MA0101202504A0088594,그집국수,국수/칼국수,52140595,남중동,126.960000555,35.9450029404076
전북특별자치도 익산시,8001,I201,MA0101202502A0008724,다정식당,백반/한정식,52140610,모현동,126.941637149742,35.9429135472326
전북특별자치도 익산시,8001,I201,MA0101202501A0046819,일만족발,족발/보쌈,52140400,금마면,127.052576949885,35.9921779200898
전북특별자치도 익산시,8001,I201,MA0101202504A0031463,이음,백반/한정식,52140570,동산동,126.969016859482,35.930594729089
전북특별자치도 익산시,8001,I201,MA0101202502A0033096,대동강민물촌,백반/한정식,52140595,남중동,126.953684246113,35.943044974016
전북특별자치도 익산시,8001,I201,MA0101202502A0110702,양기와부송점,백반/한정식,52140690,삼성동,126.988038600327,35.9620785092192
전북특별자치도 익산시,8001,I201,MA0101202510A0014144,다온스익산지역자활센터,백반/한정식,52140595,남중동,126.960095224121,35.9551058861398
전북특별자치도 익산시,8001,I201,MA0101202505A0050764,익산황토가든,백반/한정식,52140330,함라면,126.914847029948,36.0691331776858
전북특별자치도 익산시,8001,I201,MA0101202506A0028799,만댕이,백반/한정식,52140320,황등면,126.944491524988,35.9976110430855
전북특별자치도 익산시,8001,I201,MA0101202507A0036986,초원칼국수,국수/칼국수,52140646,영등1동,126.977665359851,35.9517307889514
전북특별자치도 익산시,8001,I201,MA0101202504A0048471,모현촌,백반/한정식,52140610,모현동,126.942834153965,35.942851036301
전북특별자치도 익산시,8001,I201,MA0101202501A0041710,한끼,백반/한정식,52140610,모현동,126.940467281377,35.9511232837617
전북특별자치도 익산시,8001,I201,MA0101202507A0039448,양평해장국,국/탕/찌개류,52140610,모현동,126.941970171979,35.9421837024372
전북특별자치도 익산시,8001,I201,MA0101202502A0053438,갈매기개발청1층,백반/한정식,52140647,영등2동,126.969646575439,35.9645807119345
전북특별자치도 익산시,8001,I201,MA0101202506A0032284,장승골작은집,백반/한정식,52140652,어양동,126.979339051117,35.9518122004207
전북특별자치도 익산시,8001,I201,MA0101202507A0020585,대박수산,횟집,52140652,어양동,126.982108141814,35.9605006023091
전북특별자치도 익산시,8001,I201,MA0101202507A0026241,창평민물장어,해산물 구이/찜,52140250,함열읍,126.95704493401,36.0406229299017
전북특별자치도 익산시,8001,I201,MA0101202503A0079572,양평해장국왕궁점,국/탕/찌개류,52140410,왕궁면,127.087425659937,35.9660307371013
전북특별자치도 익산시,8001,I201,MA0101202504A0050236,소문난순두부,백반/한정식,52140560,인화동,126.94893561096,35.9337782704046
전북특별자치도 익산시,8001,I201,MA0101202506A0003559,브이아이피bar,백반/한정식,52140690,삼성동,126.988759215093,35.9617361078642
전북특별자치도 익산시,8001,I201,MA0101202506A0002929,양평해장국약촌,국/탕/찌개류,52140670,팔봉동,126.977835373025,35.9383023140939
전북특별자치도 익산시,8001,I201,MA0101202505A0065063,소정,백반/한정식,52140652,어양동,126.987440980588,35.9557337188291
전북특별자치도 익산시,8001,I201,MA0101202505A0028558,오비베어엘베강,백반/한정식,52140520,중앙동,126.947923117197,35.9399693760224
전북특별자치도 익산시,8001,I201,MA0101202601A0041856,동산국수,국수/칼국수,52140580,마동,126.961534344837,35.9361262014622
전북특별자치도 익산시,8001,I201,MA0106202505A1064720,개성집,백반/한정식,52140647,영등2동,126.976331243088,35.9651860466709
전북특별자치도 익산시,8001,I201,MA0101202411A0029553,별미집미륵사지점,백반/한정식,52140400,금마면,127.022428620716,36.0096802890855
전북특별자치도 익산시,8001,I201,MA0101202411A0017870,만남식당,백반/한정식,52140410,왕궁면,127.10369597827,35.988251291944
전북특별자치도 익산시,8001,I201,MA0101202411A0029464,쌈마루,백반/한정식,52140690,삼성동,126.979219356986,35.985599610221
전북특별자치도 익산시,8001,I201,MA0101202411A0135262,부자,백반/한정식,52140250,함열읍,126.958243755757,36.0819084468769
전북특별자치도 익산시,8001,I201,MA0101202411A0119783,잇츄딜리버리,백반/한정식,52140646,영등1동,126.970725238634,35.9555775947493
전북특별자치도 익산시,8001,I201,MA0101202411A0059592,술zip,백반/한정식,52140646,영등1동,126.977875318617,35.9540289920188
전북특별자치도 익산시,8001,I201,MA0101202411A0006163,우소참숯화로구이동산점,돼지고기 구이/찜,52140580,마동,126.963607304018,35.9347659701928
전북특별자치도 익산시,8001,I201,MA0101202411A0020774,백제감자탕,국/탕/찌개류,52140652,어양동,126.982241638886,35.9583917208302
전북특별자치도 익산시,8001,I201,MA0101202411A0078523,삼돼장,돼지고기 구이/찜,52140620,송학동,126.941461351192,35.9408406041449
전북특별자치도 익산시,8001,I201,MA0101202509A0028201,포차1번지먹새통,백반/한정식,52140656,신동,126.957465212848,35.9606025471931
전북특별자치도 익산시,8001,I201,MA0101202505A0051418,꿈돈168동산점,백반/한정식,52140560,인화동,126.960748832209,35.9334762912156
전북특별자치도 익산시,8001,I201,MA0101202505A0035486,대장촌민물장어,해산물 구이/찜,52140570,동산동,126.972798009029,35.9234487746256
전북특별자치도 익산시,8001,I201,MA0101202505A0006295,명품미역열호점,백반/한정식,52140670,팔봉동,127.016197208857,35.9674493971836
전북특별자치도 익산시,8001,I201,MA0101202601A0046932,육회한세상,백반/한정식,52140656,신동,126.95892858699,35.9604137965911
전북특별자치도 익산시,8001,I201,MA0101202509A0026491,밥물관,백반/한정식,52140656,신동,126.962820516816,35.9583782633696
전북특별자치도 익산시,8001,I201,MA0101202509A0027466,화로6,백반/한정식,52140690,삼성동,126.987517420919,35.9630608071003
전북특별자치도 익산시,8001,I201,MA0101202506A0019578,육식사관학교익산,백반/한정식,52140656,신동,126.96287585804,35.9585585284961
전북특별자치도 익산시,8001,I201,MA0101202506A0035884,하루식당,백반/한정식,52140646,영등1동,126.976245831054,35.9542449783382
전북특별자치도 익산시,8001,I201,MA0101202507A0035270,시골집,백반/한정식,52140646,영등1동,126.971136055421,35.9537031138539
전북특별자치도 익산시,8001,I201,MA0101202509A0017021,홍익궁중전통육개장,국/탕/찌개류,52140652,어양동,126.981653481442,35.9611854758101
전북특별자치도 익산시,8001,I201,MA0101202510A0026158,가장맛있는족발익산,족발/보쌈,52140647,영등2동,126.978350267861,35.9602025741295
전북특별자치도 익산시,8001,I201,MA0101202508A0034018,낭만돼지,돼지고기 구이/찜,52140570,동산동,126.958735266596,35.9271398692563
전북특별자치도 익산시,8001,I201,MA0106202508A2265131,1990'S아구찜,해산물 구이/찜,52140656,신동,126.959072348427,35.9610897754185
전북특별자치도 익산시,8001,I201,MA0101202509A0023394,봉냉삼이,백반/한정식,52140646,영등1동,126.978063795137,35.9538848281034
전북특별자치도 익산시,8001,I201,MA0101202601A0016199,여우내짜글이,백반/한정식,52140646,영등1동,126.977288502622,35.9517126934123
전북특별자치도 익산시,8001,I201,MA0101202506A0002597,평화주담,백반/한정식,52140647,영등2동,126.979636383822,35.9593736586129
전북특별자치도 익산시,8001,I201,MA0101202508A0000302,전원가든,백반/한정식,52140410,왕궁면,127.099051877716,35.9989708921316
전북특별자치도 익산시,8001,I201,MA0101202508A0037558,청춘국물닭발,닭/오리고기 구이/찜,52140656,신동,126.956799478707,35.9617198464397
전북특별자치도 익산시,8001,I201,MA0101202601A0015017,간편COOK전북익산시니어클럽,백반/한정식,52140647,영등2동,126.980289701801,35.9622397098277
전북특별자치도 익산시,8001,I201,MA0101202508A0006269,서부생선가,백반/한정식,52140610,모현동,126.94126109985,35.9568465524373
전북특별자치도 익산시,8001,I201,MA0101202601A0011140,슬비네,백반/한정식,52140560,인화동,126.958721618799,35.9320786833525
전북특별자치도 익산시,8001,I201,MA0101202509A0004555,밥구정로데오익산역점,백반/한정식,52140520,중앙동,126.947677976608,35.94197904031
전북특별자치도 익산시,8001,I201,MA0101202508A0028578,술시,백반/한정식,52140570,동산동,126.9781681299,35.9372569330441
전북특별자치도 익산시,8001,I201,MA0101202601A0040693,양은이네얼큰동태탕&오징어보쌈익산동산·,백반/한정식,52140580,마동,126.961801353641,35.9339633023282
전북특별자치도 익산시,8001,I201,MA0101202506A0010718,에리스램,백반/한정식,52140652,어양동,126.990578142943,35.954228934377
전북특별자치도 익산시,8001,I201,MA0101202508A0024811,원미에프앤에스국수나무,국수/칼국수,52140656,신동,126.962961303056,35.9654890862
전북특별자치도 익산시,8001,I201,MA0101202511A0030591,시골여행체험협동조합,백반/한정식,52140530,평화동,126.918874835752,35.9191885953866
전북특별자치도 익산시,8001,I201,MA0101202601A0014134,한우의날,소고기 구이/찜,52140570,동산동,126.959320275223,35.9315741910765
전북특별자치도 익산시,8001,I201,MA0101202508A0011404,이슬먹거리,백반/한정식,52140520,중앙동,126.950636899682,35.9422867159857
전북특별자치도 익산시,8001,I201,MA0101202508A0002515,원미에프앤에스맛깔참죽,백반/한정식,52140656,신동,126.962961303056,35.9654890862
전북특별자치도 익산시,8001,I201,MA0101202508A0001054,아리랑명품추어탕익산금마점,국/탕/찌개류,52140400,금마면,127.052652704243,35.9893570211449
전북특별자치도 익산시,8001,I201,MA0101202509A0001407,족발신선생,족발/보쌈,52140570,동산동,126.960959573859,35.9330888251178
전북특별자치도 익산시,8001,I201,MA0101202509A0018525,소담,백반/한정식,52140656,신동,126.957110079656,35.961341437257
전북특별자치도 익산시,8001,I201,MA0101202601A0017635,진미순대,국/탕/찌개류,52140610,모현동,126.944183845701,35.9463034283126
전북특별자치도 익산시,8001,I201,MA0101202508A0035747,원미에프앤에스슬로우캘리.설담재,국/탕/찌개류,52140656,신동,126.962961303056,35.9654890862
전북특별자치도 익산시,8001,I201,MA0101202511A0021018,엄가네본가시골집,백반/한정식,52140652,어양동,126.981609095525,35.961374729332
전북특별자치도 익산시,8001,I201,MA0101202510A0000331,본죽&비빔밥CAFE익산동부시장,백반/한정식,52140646,영등1동,126.96648356941,35.9466271611027
전북특별자치도 익산시,8001,I201,MA010120220813542683,명가,백반/한정식,52140520,중앙동,126.95179131847,35.9393220970347
전북특별자치도 익산시,8001,I201,MA010120220813439997,명순국수,국수/칼국수,52140250,함열읍,126.957966602775,36.0811423117812
전북특별자치도 익산시,8001,I201,MA0101202411A0059744,일구팔이진국할매집곰탕익산,국/탕/찌개류,52140670,팔봉동,127.015343475268,35.967025927186
전북특별자치도 익산시,8001,I201,MA0101202411A0124310,이리로술,백반/한정식,52140646,영등1동,126.978550915726,35.9560929554663
전북특별자치도 익산시,8001,I201,MA0101202501A0017779,국수나무약촌,국수/칼국수,52140646,영등1동,126.974995198034,35.9481523344489
전북특별자치도 익산시,8001,I201,MA0101202412A0059907,미분당,백반/한정식,52140647,영등2동,126.975479451952,35.9592467077043
전북특별자치도 익산시,8001,I201,MA0101202411A0116632,최고집,백반/한정식,52140610,모현동,126.936435918497,35.9470656307773
전북특별자치도 익산시,8001,I201,MA0101202501A0057089,협성식당,백반/한정식,52140647,영등2동,126.977053490559,35.9594723289486
전북특별자치도 익산시,8001,I201,MA0106202412A1027199,태백연탄구이,돼지고기 구이/찜,52140652,어양동,126.982507753278,35.9580673134904
전북특별자치도 익산시,8001,I201,MA0101202411A0114690,청년정육식당,소고기 구이/찜,52140647,영등2동,126.974514697503,35.9603009572936
전북특별자치도 익산시,8001,I201,MA0101202411A0056850,웅포식당,백반/한정식,52140340,웅포면,126.911416820662,36.0791342591445
전북특별자치도 익산시,8001,I201,MA0101202411A0074658,간빠이,백반/한정식,52140690,삼성동,126.989668263709,35.9615018672821
전북특별자치도 익산시,8001,I201,MA0101202411A0074701,약촌명가청둥오리,백반/한정식,52140690,삼성동,126.988870025433,35.962060564417
전북특별자치도 익산시,8001,I201,MA0101202411A0039367,국밥참맛있는집익산,국/탕/찌개류,52140610,모현동,126.939747773054,35.9498611872175
전북특별자치도 익산시,8001,I201,MA0101202412A0020631,월드스크린카페,백반/한정식,52140647,영등2동,126.975410873121,35.9659158651622
전북특별자치도 익산시,8001,I201,MA0101202502A0057562,바른국밥,국/탕/찌개류,52140595,남중동,126.952592930774,35.9517235046464
전북특별자치도 익산시,8001,I201,MA0101202502A0078950,아나식당,백반/한정식,52140560,인화동,126.95590875405,35.9287971544495
전북특별자치도 익산시,8001,I201,MA0101202411A0111354,흑돈당익,백반/한정식,52140610,모현동,126.936612952658,35.9474442458486
전북특별자치도 익산시,8001,I201,MA0101202411A0097176,해남식당,백반/한정식,52140656,신동,126.960081595492,35.9601618385264
전북특별자치도 익산시,8001,I201,MA0101202411A0030657,본래순대익산,국/탕/찌개류,52140646,영등1동,126.970669858323,35.9554604199709
전북특별자치도 익산시,8001,I201,MA0101202411A0130315,청춘마차,백반/한정식,52140652,어양동,126.980746422984,35.9531372585878
전북특별자치도 익산시,8001,I201,MA0101202502A0031997,노천민물장어익산,해산물 구이/찜,52140610,모현동,126.936126188933,35.9463084233848
전북특별자치도 익산시,8001,I201,MA0101202502A0002441,텐바,백반/한정식,52140610,모현동,126.940001456248,35.9515105854198
전북특별자치도 익산시,8001,I201,MA0101202411A0096285,행복식당,백반/한정식,52140560,인화동,126.95234106141,35.9281559076228
전북특별자치도 익산시,8001,I201,MA0101202411A0125939,노형남정통추어탕과갈비탕모현,백반/한정식,52140610,모현동,126.942630276854,35.948916296264
전북특별자치도 익산시,8001,I201,MA0101202411A0036208,한백년추어탕,국/탕/찌개류,52140647,영등2동,126.980156150819,35.9643305629803
전북특별자치도 익산시,8001,I201,MA0101202502A0115603,오드비,백반/한정식,52140610,모현동,126.940874458303,35.9550619068636
전북특별자치도 익산시,8001,I201,MA0101202501A0069259,순대원,국/탕/찌개류,52140570,동산동,126.973739847277,35.9233949096014
전북특별자치도 익산시,8001,I201,MA0101202502A0109157,갈매기개발청1층,백반/한정식,52140647,영등2동,126.969646575439,35.9645807119345
전북특별자치도 익산시,8001,I201,MA0101202503A0057095,오징어랑,횟집,52140647,영등2동,126.978760530374,35.9598151143301
전북특별자치도 익산시,8001,I201,MA0101202503A0030794,내고향어탕,백반/한정식,52140380,망성면,127.018875443608,36.1338063392506
전북특별자치도 익산시,8001,I201,MA0101202502A0109628,솜리수육,백반/한정식,52140647,영등2동,126.980367696216,35.9606445285708
전북특별자치도 익산시,8001,I201,MA0101202504A0115188,함열토속순대,국/탕/찌개류,52140400,금마면,127.022818214608,36.0144116833275
전북특별자치도 익산시,8001,I201,MA0101202504A0086552,다복식당,백반/한정식,52140690,삼성동,126.989967956631,35.9584737269723
전북특별자치도 익산시,8001,I201,MA0101202501A0054279,술한잔할래,백반/한정식,52140652,어양동,126.982052633182,35.9608610898963
전북특별자치도 익산시,8001,I201,MA0101202502A0091229,이화수전통육개장익산함열점,국/탕/찌개류,52140250,함열읍,126.95831238264,36.0780963031508
전북특별자치도 익산시,8001,I201,MA0101202503A0006809,금빛푸드,백반/한정식,52140610,모현동,126.946631367664,35.9491524647137
전북특별자치도 익산시,8001,I201,MA0101202502A0024836,올웨이즈.비,백반/한정식,52140610,모현동,126.935927982352,35.9447041073272
전북특별자치도 익산시,8001,I201,MA0101202503A0028941,굿샐러드&샌드,백반/한정식,52140656,신동,126.958240960139,35.9610444270324
전북특별자치도 익산시,8001,I201,MA0101202503A0011195,샤브다이닝익산,백반/한정식,52140647,영등2동,126.975479357235,35.9595531292406
전북특별자치도 익산시,8001,I201,MA0101202503A0001392,떡튀뭉,백반/한정식,52140646,영등1동,126.971622830564,35.9563348522487
전북특별자치도 익산시,8001,I201,MA0101202503A0049621,주정뱅이,백반/한정식,52140580,마동,126.962887011145,35.934711675061
전북특별자치도 익산시,8001,I201,MA0101202504A0009766,솔뫼마을,백반/한정식,52140610,모현동,126.944329744498,35.9437169317374
전북특별자치도 익산시,8001,I201,MA0101202503A0075619,임떡,백반/한정식,52140656,신동,126.962820516816,35.9583782633696
전북특별자치도 익산시,8001,I201,MA0101202502A0033815,청춘식당,백반/한정식,52140610,모현동,126.939792211307,35.949726023339
전북특별자치도 익산시,8001,I201,MA0101202503A0062337,고기미담익산,돼지고기 구이/찜,52140646,영등1동,126.969430346747,35.9503320503172
전북특별자치도 익산시,8001,I201,MA0101202503A0022918,꾸석지돌판한우,소고기 구이/찜,52140647,영등2동,126.97981375021,35.9593646761779
전북특별자치도 익산시,8001,I201,MA0101202503A0037186,수유리혼밥왕익산,백반/한정식,52140652,어양동,126.982329848077,35.960509647554
전북특별자치도 익산시,8001,I201,MA0101202504A0065630,정을담아,백반/한정식,52140690,삼성동,126.997771840346,35.9601954937935
전북특별자치도 익산시,8001,I201,MA0101202502A0061648,깍두기,백반/한정식,52140652,어양동,126.98150920175,35.961906445313
전북특별자치도 익산시,8001,I201,MA0101202502A0009428,양심소익산,백반/한정식,52140610,모현동,126.939336262449,35.9516995116481
전북특별자치도 익산시,8001,I201,MA0101202501A0042250,또밥하우스,백반/한정식,52140646,영등1동,126.971146251682,35.9561454781498
전북특별자치도 익산시,8001,I201,MA0101202502A0021805,이리로,백반/한정식,52140656,신동,126.957620071748,35.9612334696908
전북특별자치도 익산시,8001,I201,MA0101202504A0009031,대박가든,백반/한정식,52140250,함열읍,126.958291154471,36.076248790491
전북특별자치도 익산시,8001,I201,MA0101202503A0021414,성원식당,백반/한정식,52140250,함열읍,126.957833235375,36.0814036191581
전북특별자치도 익산시,8001,I201,MA0101202501A0000441,다올,백반/한정식,52140420,춘포면,127.053108056227,35.9241430815676
전북특별자치도 익산시,8001,I201,MA0101202503A0044662,익산꼬기냉면,냉면/밀면,52140610,모현동,126.942734108382,35.943265560032
전북특별자치도 익산시,8001,I201,MA0101202503A0042962,강창구찹쌀진순대,국/탕/찌개류,52140690,삼성동,126.98851533219,35.9617360847732
전북특별자치도 익산시,8001,I201,MA0101202502A0050680,만포우동,백반/한정식,52140647,영등2동,126.975978036572,35.9600759491806
전북특별자치도 익산시,8001,I201,MA0101202502A0022787,통통뼈다구탕,국/탕/찌개류,52140646,영등1동,126.966781733017,35.949231832137
전북특별자치도 익산시,8001,I201,MA0101202502A0074560,명성집밥,백반/한정식,52140690,삼성동,126.998481297905,35.9605199511786
전북특별자치도 익산시,8001,I201,MA0101202506A0016365,케이에스케이수육국밥원광대,국/탕/찌개류,52140656,신동,126.956765838803,35.9624228010676
전북특별자치도 익산시,8001,I201,MA0101202504A0026115,맛나식당,백반/한정식,52140656,신동,126.962066642802,35.9585582754552
전북특별자치도 익산시,8001,I201,MA0101202501A0013831,쿡's요정,백반/한정식,52140656,신동,126.959327781502,35.9601796102222
전북특별자치도 익산시,8001,I201,MA0101202501A0009873,금마식당,백반/한정식,52140400,금마면,127.053042330981,35.9915919125584
전북특별자치도 익산시,8001,I201,MA0101202505A0056827,지향돈오리마을,닭/오리고기 구이/찜,52140580,마동,126.969631593362,35.9457988563513
전북특별자치도 익산시,8001,I201,MA0101202412A0043140,더담연가갈비탕,백반/한정식,52140656,신동,126.935218727091,35.9717679605372
전북특별자치도 익산시,8001,I201,MA0101202502A0001525,꾸석지돌판한우익산,소고기 구이/찜,52140610,모현동,126.939669705978,35.950492016792
전북특별자치도 익산시,8001,I201,MA0101202501A0060067,또바기샤브명가,백반/한정식,52140647,영등2동,126.980511853349,35.960455291728
전북특별자치도 익산시,8001,I201,MA0101202506A0022271,원조추어탕.삼계탕,백반/한정식,52140610,모현동,126.94053096256,35.9548905014781
전북특별자치도 익산시,8001,I201,MA0101202505A0091676,집밥,백반/한정식,52140580,마동,126.961667633509,35.9354953737301
전북특별자치도 익산시,8001,I201,MA0101202411A0032296,목구멍,백반/한정식,52140610,모현동,126.939834852298,35.9519611224679
전북특별자치도 익산시,8001,I201,MA0101202504A0115666,쌈돼지,돼지고기 구이/찜,52140652,어양동,126.982340963586,35.9603744632314
전북특별자치도 익산시,8001,I201,MA0101202507A0006246,용문객잔&마당발,백반/한정식,52140580,마동,126.962066965818,35.9346933938708
전북특별자치도 익산시,8001,I201,MA0101202506A0039916,두미가,백반/한정식,52140595,남중동,126.957860641533,35.9465974063413
전북특별자치도 익산시,8001,I201,MA0101202412A0020407,원더빌키즈카페,백반/한정식,52140646,영등1동,126.974995198034,35.9481523344489
전북특별자치도 익산시,8001,I201,MA0101202504A0009224,독도산장,백반/한정식,52140400,금마면,127.042628928431,36.0119819649958
전북특별자치도 익산시,8001,I201,MA0101202504A0102914,바른닭갈비,닭/오리고기 구이/찜,52140656,신동,126.957929553133,35.9629549458593
전북특별자치도 익산시,8001,I201,MA0101202504A0107451,우향담,백반/한정식,52140690,삼성동,126.986830685146,35.9595549116594
전북특별자치도 익산시,8001,I201,MA0106202504A0539799,타요키즈카페홈플러스,백반/한정식,52140647,영등2동,126.97222051202,35.9589035264467
전북특별자치도 익산시,8001,I201,MA0101202504A0064170,솥뚜껑미나리삼겹살,돼지고기 구이/찜,52140610,모현동,126.942085243968,35.9515566710291
전북특별자치도 익산시,8001,I201,MA0101202504A0032483,복누룽지삼계탕,국/탕/찌개류,52140620,송학동,126.935263556336,35.9440097945068
전북특별자치도 익산시,8001,I201,MA0101202412A0005790,도시어부정육식당,소고기 구이/찜,52140520,중앙동,126.951900876113,35.9414130239532
전북특별자치도 익산시,8001,I201,MA010120220813834843,영등횟집,횟집,52140646,영등1동,126.973342008901,35.9532710285262
전북특별자치도 익산시,8001,I201,MA010120220813083203,신동꽃게장,백반/한정식,52140656,신동,126.959394381354,35.9600083972275
전북특별자치도 익산시,8001,I201,MA010120220813090930,황금코다리,해산물 구이/찜,52140310,오산면,126.930715102046,35.9490271711569
전북특별자치도 익산시,8001,I201,MA010120220812735179,애실식당,백반/한정식,52140656,신동,126.957421470998,35.959484994429
전북특별자치도 익산시,8001,I201,MA010120220813334571,김형제고기철학,돼지고기 구이/찜,52140690,삼성동,126.987683773266,35.9626372417842
전북특별자치도 익산시,8001,I201,MA0101202411A0060567,이북할머니멸치국수,국수/칼국수,52140570,동산동,126.959619573085,35.9313760184348
전북특별자치도 익산시,8001,I201,MA0101202411A0134503,옛날에,백반/한정식,52140580,마동,126.965730150024,35.9460321287654
전북특별자치도 익산시,8001,I201,MA0101202411A0145634,다연장터국밥,국/탕/찌개류,52140656,신동,126.961633542114,35.960171357092
전북특별자치도 익산시,8001,I201,MA0101202411A0020428,오리사냥,닭/오리고기 구이/찜,52140690,삼성동,126.993692845004,35.9548960565304
전북특별자치도 익산시,8001,I201,MA0101202409A0183320,참살이외식,백반/한정식,52140670,팔봉동,127.004599532045,35.944721119417
전북특별자치도 익산시,8001,I201,MA0101202411A0060949,길손식당,백반/한정식,52140340,웅포면,126.878356946437,36.0634239950459
전북특별자치도 익산시,8001,I201,MA0101202411A0085363,익산흑염소,기타 한식 음식점,52140670,팔봉동,127.021153171373,35.9687554218476
전북특별자치도 익산시,8001,I201,MA0101202411A0144348,백년오리,닭/오리고기 구이/찜,52140647,영등2동,126.980500238433,35.9626092523848
전북특별자치도 익산시,8001,I201,MA0101202411A0103220,로얄포,백반/한정식,52140656,신동,126.957176227906,35.9620173904838
전북특별자치도 익산시,8001,I201,MA0101202412A0031912,요쿠야,백반/한정식,52140610,모현동,126.939224757997,35.9525646464358
전북특별자치도 익산시,8001,I201,MA0101202411A0099076,굽계,백반/한정식,52140570,동산동,126.96170193562,35.9333053627454
전북특별자치도 익산시,8001,I201,MA0101202411A0065052,만식이네한우,소고기 구이/찜,52140610,모현동,126.946432686182,35.9479266878966
전북특별자치도 익산시,8001,I201,MA0101202412A0079096,바우네나주곰탕익산역점,국/탕/찌개류,52140520,중앙동,126.94730124442,35.9418527015723
전북특별자치도 익산시,8001,I201,MA0101202411A0041340,솝리칼국수하나로점,국수/칼국수,52140690,삼성동,126.978679427569,35.9728560258459
전북특별자치도 익산시,8001,I201,MA0101202412A0034373,황금코다리,해산물 구이/찜,52140570,동산동,126.966868799157,35.9265205304159
전북특별자치도 익산시,8001,I201,MA0101202412A0034388,소강불고기,돼지고기 구이/찜,52140520,중앙동,126.947735064069,35.9394375610751
전북특별자치도 익산시,8001,I201,MA0101202411A0148644,아늑한술집,백반/한정식,52140610,모현동,126.942911151186,35.9436621909109
전북특별자치도 익산시,8001,I201,MA0101202411A0030688,오산가든,백반/한정식,52140310,오산면,126.911114231444,35.9235271033358
전북특별자치도 익산시,8001,I201,MA0101202411A0121982,솥뚜껑이닭,백반/한정식,52140690,삼성동,126.98923588186,35.9618352879127
전북특별자치도 익산시,8001,I201,MA0101202411A0121399,이리통닭&닭발,백반/한정식,52140580,마동,126.96419436399,35.935378992306
전북특별자치도 익산시,8001,I201,MA0101202412A0081469,왕궁뼈다귀탕,국/탕/찌개류,52140410,왕궁면,127.088447789157,35.9680037002358
전북특별자치도 익산시,8001,I201,MA0101202411A0125512,족발신선생익산,족발/보쌈,52140610,모현동,126.940467281377,35.9511232837617
전북특별자치도 익산시,8001,I201,MA0101202412A0045325,완스팩토리,백반/한정식,52140646,영등1동,126.970492409137,35.9557127237959
전북특별자치도 익산시,8001,I201,MA0101202411A0062600,한솔가든,백반/한정식,52140670,팔봉동,127.033605914003,35.9747187761292
전북특별자치도 익산시,8001,I201,MA0101202411A0018357,신한국관,백반/한정식,52140580,마동,126.962233312959,35.9344410981187
전북특별자치도 익산시,8001,I201,MA0101202406A0370556,디미방,백반/한정식,52140520,중앙동,126.950636899682,35.9422867159857
전북특별자치도 익산시,8001,I201,MA0101202409A0139321,육값어치,소고기 구이/찜,52140656,신동,126.956201295241,35.9609265388399
전북특별자치도 익산시,8001,I201,MA0101202406A0567118,공상푸드,백반/한정식,52140595,남중동,126.963765830444,35.9516372735561
전북특별자치도 익산시,8001,I201,MA0101202406A0162515,순자네육개장손수제비,백반/한정식,52140520,중앙동,126.95069221324,35.9424489623432
전북특별자치도 익산시,8001,I201,MA0101202409A0197774,경찰서옆냉삼집,돼지고기 구이/찜,52140610,모현동,126.940178014515,35.9525561129342
전북특별자치도 익산시,8001,I201,MA0101202409A0179899,라라레스토랑,백반/한정식,52140520,중앙동,126.947579344159,35.9402936737556
전북특별자치도 익산시,8001,I201,MA0101202406A0257664,여산식당,백반/한정식,52140390,여산면,127.084509121189,36.0587425223601
전북특별자치도 익산시,8001,I201,MA0101202406A0525778,닭스푸드,백반/한정식,52140656,신동,126.960426747902,35.9571427990332
전북특별자치도 익산시,8001,I201,MA0101202406A0125793,일구구사,백반/한정식,52140656,신동,126.958052687964,35.960701890327
전북특별자치도 익산시,8001,I201,MA0101202406A0375258,미륵산맛집코다리곳간,해산물 구이/찜,52140400,금마면,127.033254180837,36.0084430879593
전북특별자치도 익산시,8001,I201,MA0101202406A0372244,씨알푸드,백반/한정식,52140656,신동,126.958374364332,35.9603234816752
전북특별자치도 익산시,8001,I201,MA0101202406A0367756,깐부연탄구이,돼지고기 구이/찜,52140250,함열읍,126.957011763937,36.0812140708201
전북특별자치도 익산시,8001,I201,MA0101202501A0043439,약선흑염소익산,기타 한식 음식점,52140647,영등2동,126.97094474803,35.9615438567925
전북특별자치도 익산시,8001,I201,MA0101202411A0087436,고기싸롱,돼지고기 구이/찜,52140610,모현동,126.941652776224,35.9518088090294
전북특별자치도 익산시,8001,I201,MA0101202411A0130717,사랑각익산,백반/한정식,52140647,영등2동,126.977408265382,35.9593101730791
전북특별자치도 익산시,8001,I201,MA0101202502A0117782,백돈본가,백반/한정식,52140595,남중동,126.956949479744,35.9508689673367
전북특별자치도 익산시,8001,I201,MA0101202501A0032494,꾸닥꾸닥,백반/한정식,52140647,영등2동,126.978993446144,35.9593465106029
전북특별자치도 익산시,8001,I201,MA0101202501A0051756,청년병천순대,국/탕/찌개류,52140610,모현동,126.939137583663,35.9506089094843
전북특별자치도 익산시,8001,I201,MA0101202501A0046485,샤브연리지,백반/한정식,52140620,송학동,126.932304144953,35.9442695221572
전북특별자치도 익산시,8001,I201,MA0101202501A0059277,도내골,백반/한정식,52140646,영등1동,126.978063795137,35.9538848281034
전북특별자치도 익산시,8001,I201,MA0101202412A0038524,리얼보쌈훈제,족발/보쌈,52140595,남중동,126.952748152283,35.9516514665783
전북특별자치도 익산시,8001,I201,MA0101202501A0045652,식사,백반/한정식,52140646,영등1동,126.973619436587,35.9523157745134
전북특별자치도 익산시,8001,I201,MA0101202501A0062782,백야,백반/한정식,52140656,신동,126.956555186211,35.9624677869622
전북특별자치도 익산시,8001,I201,MA0101202501A0009580,딱풀,백반/한정식,52140570,동산동,126.965025740972,35.9348475037334
전북특별자치도 익산시,8001,I201,MA0101202501A0077072,해주곰탕,국/탕/찌개류,52140320,황등면,126.944236891626,35.9969710488114
전북특별자치도 익산시,8001,I201,MA0101202502A0045603,천지우돈,백반/한정식,52140652,어양동,126.978927281767,35.9580397010291
전북특별자치도 익산시,8001,I201,MA010120220813947871,와리순대,국/탕/찌개류,52140595,남중동,126.954653033542,35.9544460477469
전북특별자치도 익산시,8001,I201,MA010120220814107818,열정국밥,국/탕/찌개류,52140610,모현동,126.944338741867,35.9466910341735
전북특별자치도 익산시,8001,I201,MA010120220812935674,소담한돈생고기,돼지고기 구이/찜,52140652,어양동,126.982041462022,35.961239608871
전북특별자치도 익산시,8001,I201,MA010120220813559452,금강식당,백반/한정식,52140570,동산동,126.960251588639,35.9306191843091
전북특별자치도 익산시,8001,I201,MA010120220812915726,사절리닭집,닭/오리고기 구이/찜,52140310,오산면,126.910490667844,35.9557370479053
전북특별자치도 익산시,8001,I201,MA010120220813117418,청돈참숯구이,돼지고기 구이/찜,52140652,어양동,126.98127730587,35.9580851526479
전북특별자치도 익산시,8001,I201,MA010120220812687244,새앙순대마을,국/탕/찌개류,52140652,어양동,126.982473838994,35.9610504124728
전북특별자치도 익산시,8001,I201,MA0101202406A0293450,에스에스푸드,백반/한정식,52140656,신동,126.958274159711,35.9611525873276
전북특별자치도 익산시,8001,I201,MA0101202406A0241238,별미와팥죽,백반/한정식,52140560,인화동,126.95351387943,35.9311575109119
전북특별자치도 익산시,8001,I201,MA0101202409A0172552,7곡제면소,백반/한정식,52140652,어양동,126.9796788939,35.9665204938131
전북특별자치도 익산시,8001,I201,MA0101202409A0020577,천복집익산,복 요리 전문,52140647,영등2동,126.977894273179,35.9655648651361
전북특별자치도 익산시,8001,I201,MA0101202406A0276516,돈쌈냉면,냉면/밀면,52140656,신동,126.957142182154,35.9634773860166
전북특별자치도 익산시,8001,I201,MA0101202409A0105174,김가네야식,기타 한식 음식점,52140580,마동,126.961245988292,35.9365857428014
전북특별자치도 익산시,8001,I201,MA0101202409A0085543,명가김치찌개,백반/한정식,52140610,모현동,126.938833806129,35.9564578066666
전북특별자치도 익산시,8001,I201,MA0101202409A0028923,머니네's생고기,돼지고기 구이/찜,52140656,신동,126.960380823799,35.9603151484308
전북특별자치도 익산시,8001,I201,MA0101202406A0465840,쌍용맛집,백반/한정식,52140652,어양동,126.981333965334,35.952839941922
전북특별자치도 익산시,8001,I201,MA0101202406A0161132,본죽&비빔밥카페,백반/한정식,52140647,영등2동,126.973018556778,35.9591650680906
전북특별자치도 익산시,8001,I201,MA0101202409A0140560,꼼지락꼼장어,백반/한정식,52140690,삼성동,126.990566141047,35.9619435485967
전북특별자치도 익산시,8001,I201,MA0101202409A0103487,수현아놀자,백반/한정식,52140652,어양동,126.982174721127,35.9602032031028
전북특별자치도 익산시,8001,I201,MA0101202406A0469624,만권화밥원광대학교점,백반/한정식,52140656,신동,126.960219910347,35.9717157664206
전북특별자치도 익산시,8001,I201,MA0101202409A0194000,윤돈,백반/한정식,52140520,중앙동,126.949673318913,35.9412949491849
전북특별자치도 익산시,8001,I201,MA0101202409A0037547,인생아구찜영등,해산물 구이/찜,52140646,영등1동,126.969872320579,35.9539821879018
전북특별자치도 익산시,8001,I201,MA0101202409A0159855,시카고부대찌개익산,국/탕/찌개류,52140580,마동,126.963934874165,35.9455178949029
전북특별자치도 익산시,8001,I201,MA0101202409A0183816,행복포차,백반/한정식,52140652,어양동,126.979804174597,35.9534345132009
전북특별자치도 익산시,8001,I201,MA0101202409A0105624,일품대패,백반/한정식,52140570,동산동,126.962510693429,35.9337292025823
전북특별자치도 익산시,8001,I201,MA0101202409A0147520,고기궁전,돼지고기 구이/찜,52140595,남중동,126.95674092628,35.947119728209
전북특별자치도 익산시,8001,I201,MA0101202409A0194673,명품감자탕,국/탕/찌개류,52140390,여산면,127.083444410136,36.0595093090882
전북특별자치도 익산시,8001,I201,MA0101202409A0015504,할매국수,국수/칼국수,52140610,모현동,126.938100964434,35.9438400552288
전북특별자치도 익산시,8001,I201,MA0101202409A0206383,배산한우,소고기 구이/찜,52140610,모현동,126.938967073838,35.9561334280385
전북특별자치도 익산시,8001,I201,MA0101202409A0023883,오리해,백반/한정식,52140400,금마면,127.02139843544,36.0148535484972
전북특별자치도 익산시,8001,I201,MA0101202409A0175863,연일해물칼국수,국수/칼국수,52140656,신동,126.958262196893,35.9628198761153
전북특별자치도 익산시,8001,I201,MA0101202409A0072468,부부가마솥뼈해장국&토종순대국,백반/한정식,52140250,함열읍,126.965140369273,36.0773684937145
전북특별자치도 익산시,8001,I201,MA0101202409A0063046,한옥마을전주비빔밥이마트,백반/한정식,52140570,동산동,126.957846969484,35.9306003392005
전북특별자치도 익산시,8001,I201,MA0101202409A0128405,식사인화점,백반/한정식,52140560,인화동,126.954124106576,35.9298509416287
전북특별자치도 익산시,8001,I201,MA0101202409A0058201,꽃담쌈밥,백반/한정식,52140400,금마면,127.032976487506,36.0075058827872
전북특별자치도 익산시,8001,I201,MA0101202409A0150448,금수저백반정식,백반/한정식,52140580,마동,126.966654205916,35.936190819846
전북특별자치도 익산시,8006,I204,MA0101202409A0017254,샐러드가든&폭립,경양식,52140656,신동,126.962608480777,35.9613883383022
전북특별자치도 익산시,8006,I204,MA010120220807297191,향경양식,경양식,52140520,중앙동,126.949074695545,35.9415380321898
전북특별자치도 익산시,8006,I204,MA010120220812587397,뜨락,경양식,52140330,함라면,126.916101630151,36.0689177688433
전북특별자치도 익산시,8006,I204,MA010120220813616756,라떼는말이야,경양식,52140647,영등2동,126.976200041082,35.9590846295837
전북특별자치도 익산시,8006,I204,MA0101202307A0066437,오아시스,경양식,52140656,신동,126.961638677427,35.9724732682186
전북특별자치도 익산시,8006,I204,MA010120220807325330,카페네로,경양식,52140610,모현동,126.936847400372,35.9453174390583
전북특별자치도 익산시,8006,I204,MA0101202406A0308715,그집에서,경양식,52140610,모현동,126.937058025694,35.9452634751779
전북특별자치도 익산시,8006,I204,MA0101202406A0178433,모브모먼트,경양식,52140656,신동,126.958440125873,35.9617564753889
전북특별자치도 익산시,8006,I204,MA0101202409A0240232,베로파스타,파스타/스테이크,52140647,영등2동,126.971033340344,35.9617962252732
전북특별자치도 익산시,8006,I204,MA0101202409A0018164,구름속의산책,경양식,52140400,금마면,127.024406360812,36.020422582347
전북특별자치도 익산시,8006,I204,MA010120220810364108,메이21,경양식,52140690,삼성동,126.992595444681,35.9551303163881
전북특별자치도 익산시,8006,I204,MA010120220807017939,1번가수제돈까스,경양식,52140610,모현동,126.942598687752,35.9466181153263
전북특별자치도 익산시,8006,I204,MA0106202401A0009372,한국맥도날드익산원광대점,경양식,52140656,신동,126.957097629225,35.963864902942
전북특별자치도 익산시,8006,I204,MA0101202406A0126444,짱닭,경양식,52140560,인화동,126.949524698667,35.9310117009191
전북특별자치도 익산시,8006,I204,MA0101202406A0517941,와이,경양식,52140647,영등2동,126.977541148008,35.9598058799369
전북특별자치도 익산시,8006,I204,MA0101202308A0070327,라핀블랑,경양식,52140656,신동,126.95879552475,35.9604858501533
전북특별자치도 익산시,8006,I204,MA010120220805184042,이탈,경양식,52140647,영등2동,126.979946019108,35.9623478016229
전북특별자치도 익산시,8006,I204,MA010120220813017955,요남자,경양식,52140610,모현동,126.938793881545,35.9507349084558
전북특별자치도 익산시,8006,I204,MA010120220807323824,엔펍,경양식,52140656,신동,126.957929452747,35.9631442060707
전북특별자치도 익산시,8006,I204,MA0101202211A0096198,올드,경양식,52140690,삼성동,126.988149572465,35.9613034542202
전북특별자치도 익산시,8006,I204,MA0101202305A0032058,원픽키친,경양식,52140610,모현동,126.938373142849,35.9501488864649
전북특별자치도 익산시,8006,I204,MA0101202305A0096220,메라키,경양식,52140656,신동,126.959460621665,35.9605401510399
전북특별자치도 익산시,8006,I204,MA010120220805467461,까르보네,경양식,52140656,신동,126.960219910347,35.9717157664206
전북특별자치도 익산시,8006,I204,MA010120220809231155,원나잇,경양식,52140250,함열읍,126.963320320029,36.0759800683884
전북특별자치도 익산시,8006,I204,MA0101202310A0046129,곰개나루협동조합,경양식,52140340,웅포면,126.875547942721,36.0638987601573
전북특별자치도 익산시,8006,I204,MA0101202305A0070184,섬섬식탁,경양식,52140595,남중동,126.955902087277,35.940801715596
전북특별자치도 익산시,8006,I204,MA0101202309A0056668,배터지는생돈까스,경양식,52140647,영등2동,126.972275484399,35.9602013245268
전북특별자치도 익산시,8006,I204,MA010120220807327312,마들렌,경양식,52140647,영등2동,126.981033076508,35.9595811726412
전북특별자치도 익산시,8006,I204,MA010120220805105372,삼층집,경양식,52140652,어양동,126.979213526314,35.9655470761189
전북특별자치도 익산시,8006,I204,MA010120220807323559,행복한돈까스,경양식,52140610,모현동,126.946532232608,35.9482331543829
전북특별자치도 익산시,8006,I204,MA010120220812280797,필라이브카페,경양식,52140690,삼성동,126.990155957612,35.9620696891817
전북특별자치도 익산시,8006,I204,MA010120220808416365,파노파니레스토랑,경양식,52140656,신동,126.954713408379,35.9651888482934
전북특별자치도 익산시,8006,I204,MA010120220810816660,숑숑돈까스이마트,경양식,52140570,동산동,126.957846969484,35.9306003392005
전북특별자치도 익산시,8006,I204,MA0101202305A0123737,라라코스트,패밀리레스토랑,52140610,모현동,126.938639213673,35.9500769234915
전북특별자치도 익산시,8006,I204,MA0101202305A0165351,1984술마시는작업실,경양식,52140610,모현동,126.939679947335,35.951600548364
전북특별자치도 익산시,8006,I204,MA010120220807302914,페이스,경양식,52140520,중앙동,126.948731246375,35.9413576374965
전북특별자치도 익산시,8006,I204,MA010120220810479500,거래처,경양식,52140652,어양동,126.982196410448,35.9623481565686
전북특별자치도 익산시,8006,I204,MA0101202211A0068278,뚱S파스타,파스타/스테이크,52140520,중앙동,126.947956624793,35.939572843752
전북특별자치도 익산시,8006,I204,MA010120220810575675,잎새달,경양식,52140390,여산면,127.078589538247,36.0549974533698
전북특별자치도 익산시,8006,I204,MA0101202211A0003175,라비하우스,경양식,52140520,중앙동,126.948266129767,35.9408076799962
전북특별자치도 익산시,8006,I204,MA0101202305A0089379,어스라운지,경양식,52140690,삼성동,126.988759215093,35.9617361078642
전북특별자치도 익산시,8006,I204,MA0101202303A0009558,몽헤알,경양식,52140610,모현동,126.940419933588,35.9551337813217
전북특별자치도 익산시,8006,I204,MA010120220807311210,그랑드와레스토랑,경양식,52140656,신동,126.957574958441,35.9626754368448
전북특별자치도 익산시,8006,I204,MA0101202302A0050050,"오늘은,돈가스",경양식,52140670,팔봉동,127.015509130394,35.9637544083819
전북특별자치도 익산시,8006,I204,MA0101202211A0100366,재즈인,경양식,52140656,신동,126.960380823799,35.9603151484308
전북특별자치도 익산시,8006,I204,MA010120220806557301,파노파니,경양식,52140656,신동,126.954713408379,35.9651888482934
전북특별자치도 익산시,8006,I204,MA010120220802991883,루베르,경양식,52140610,모현동,126.939834852298,35.9519611224679
전북특별자치도 익산시,8006,I204,MA010120220807309626,돈젠,경양식,52140656,신동,126.957763122847,35.9632252591792
전북특별자치도 익산시,8006,I204,MA010120220812863956,익산돈가스,경양식,52140400,금마면,127.042147935504,36.0044478315259
전북특별자치도 익산시,8006,I204,MA010120220808814801,텍사스,경양식,52140690,삼성동,126.99013376841,35.9622138856761
전북특별자치도 익산시,8006,I204,MA010120220810272335,중앙돈까스,경양식,52140520,중앙동,126.947813050139,35.9388157374525
전북특별자치도 익산시,8006,I204,MA010120220807298416,고고돈까스,경양식,52140647,영등2동,126.97222051202,35.9589035264467
전북특별자치도 익산시,8006,I204,MA0106202201A1033938,익태원,경양식,52140652,어양동,126.982507753278,35.9580673134904
전북특별자치도 익산시,8006,I204,MA010120220807324947,대빵커돈까스,경양식,52140595,남중동,126.956406286283,35.9510039574397
전북특별자치도 익산시,8006,I204,MA010120220810275978,콜리,경양식,52140610,모현동,126.935839498882,35.9444787495772
전북특별자치도 익산시,8006,I204,MA010120220806118984,고메윤,경양식,52140690,삼성동,126.992373101588,35.9618896026646
전북특별자치도 익산시,8006,I204,MA010120220804920305,라라코스트,패밀리레스토랑,52140690,삼성동,126.989801376102,35.9608349613457
전북특별자치도 익산시,8006,I204,MA0101202511A0022795,밴드오브브라더스,경양식,52140652,어양동,126.981653481442,35.9611854758101
전북특별자치도 익산시,8006,I204,MA010120220806590607,힐링캠프익,경양식,52140610,모현동,126.936734670909,35.947696657686
전북특별자치도 익산시,8006,I204,MA010120220811881990,모퉁이부엌,경양식,52140400,금마면,127.053641489062,35.9920512759532
전북특별자치도 익산시,8006,I204,MA010120220807339280,수푸드빌주,경양식,52140652,어양동,126.981653481442,35.9611854758101
전북특별자치도 익산시,8006,I204,MA010120220807308438,솔내음,경양식,52140400,금마면,127.052291594167,35.9966932296739
전북특별자치도 익산시,8006,I204,MA010120220805454723,리브달,경양식,52140647,영등2동,126.977162656666,35.9653304060082
전북특별자치도 익산시,8006,I204,MA010120220807324091,라라코스트(시민사진관),패밀리레스토랑,52140647,영등2동,126.974847573396,35.9593096637319
전북특별자치도 익산시,8006,I204,MA010120220807319420,영등외식,경양식,52140647,영등2동,126.9768965958,35.9653123303019
전북특별자치도 익산시,8006,I204,MA010120220804820819,마띠나,경양식,52140647,영등2동,126.977929129057,35.959823976711
전북특별자치도 익산시,8006,I204,MA010120220807314146,함지박,경양식,52140652,어양동,126.983716316725,35.9566525364527
전북특별자치도 익산시,8006,I204,MA0101202211A0080759,눈꽃,경양식,52140652,어양동,126.984448833581,35.9519842070383
전북특별자치도 익산시,8006,I204,MA010120220809841714,롤링파스타,파스타/스테이크,52140610,모현동,126.93913757675,35.9506179218914
전북특별자치도 익산시,8006,I204,MA010120220807326283,제일돈센,경양식,52140656,신동,126.96116706553,35.961991711006
전북특별자치도 익산시,8006,I204,MA010120220809640479,플렛화이트,경양식,52140610,모현동,126.943931575426,35.9425541439663
전북특별자치도 익산시,8006,I204,MA010120220807525579,얌쿡,경양식,52140656,신동,126.957585942951,35.9628647009827
전북특별자치도 익산시,8006,I204,MA010120220814051006,미태리,경양식,52140652,어양동,126.989048550155,35.953697072537
전북특별자치도 익산시,8006,I204,MA010120220808678906,시애틀,경양식,52140646,영등1동,126.97085835464,35.9553072550084
전북특별자치도 익산시,8006,I204,MA010120220807323880,키노,경양식,52140610,모현동,126.943575429826,35.9446538712599
전북특별자치도 익산시,8006,I204,MA010120220807304877,크림레스토랑,경양식,52140250,함열읍,126.958844855546,36.0788985746511
전북특별자치도 익산시,8006,I204,MA0101202603A0027852,영등골목식당&라레브,경양식,52140647,영등2동,126.974514697503,35.9603009572936
전북특별자치도 익산시,8006,I204,MA0101202510A0034279,걸어가는식당,경양식,52140646,영등1동,126.971644355984,35.9581373377087
전북특별자치도 익산시,8006,I204,MA0101202602A0007349,아틀라스,경양식,52140410,왕궁면,127.079717797897,36.0071775066843
전북특별자치도 익산시,8006,I204,MA010120220809716769,프리모파스타,파스타/스테이크,52140610,모현동,126.936048771988,35.9461010965711
전북특별자치도 익산시,8006,I204,MA010120220808981122,주식당,경양식,52140690,삼성동,126.995011561335,35.9605378819079
전북특별자치도 익산시,8006,I204,MA0101202511A0010223,미자르,경양식,52140690,삼성동,126.988526773646,35.9592757014236
전북특별자치도 익산시,8006,I204,MA0101202509A0031860,몬스터보드카페,경양식,52140610,모현동,126.942207018742,35.9517640151372
전북특별자치도 익산시,8006,I204,MA0101202506A0037303,드록바,경양식,52140647,영등2동,126.978960104335,35.9596709511119
전북특별자치도 익산시,8006,I204,MA010120220811979600,마중,경양식,52140410,왕궁면,127.102523593265,35.9906315597173
전북특별자치도 익산시,8006,I204,MA010120220807310427,토마토,경양식,52140656,신동,126.959632029746,35.9722473004736
전북특별자치도 익산시,8006,I204,MA0101202502A0106235,블루본즈,경양식,52140656,신동,126.960281163633,35.9600988179598
전북특별자치도 익산시,8006,I204,MA0101202505A0029712,하요,경양식,52140400,금마면,127.055937966545,35.9933029434703
전북특별자치도 익산시,8006,I204,MA0101202509A0016200,데이원컴퍼니,경양식,52140646,영등1동,126.96927331772,35.9551175991826
전북특별자치도 익산시,8006,I204,MA010120220807327475,하늘숲카페,경양식,52140400,금마면,127.01738171175,36.0100686565039
전북특별자치도 익산시,8006,I204,MA010120220807305579,마리성,경양식,52140647,영등2동,126.971033340344,35.9617962252732
전북특별자치도 익산시,8006,I204,MA0101202502A0097190,오밀,경양식,52140690,삼성동,126.978679427569,35.9728560258459
전북특별자치도 익산시,8006,I204,MA0101202504A0008736,양식당,경양식,52140610,모현동,126.938711817161,35.9565298436478
전북특별자치도 익산시,8006,I204,MA0101202505A0019664,혜화동돈까스,경양식,52140400,금마면,127.053438116072,35.9864817327006
전북특별자치도 익산시,8006,I204,MA0101202412A0021662,라운지바이더글라스,경양식,52140652,어양동,126.987840466589,35.9528948519064
전북특별자치도 익산시,8006,I204,MA010120220805726871,육개월2관,경양식,52140647,영등2동,126.970923052639,35.9602460664652
전북특별자치도 익산시,8006,I204,MA0101202411A0059982,사이코우타코야끼원광대점,기타 서양식 음식점,52140656,신동,126.957552328814,35.9635316061402
전북특별자치도 익산시,8006,I204,MA0101202412A0025093,오렌지보틀,파스타/스테이크,52140647,영등2동,126.978150688972,35.9603557487168
전북특별자치도 익산시,8006,I204,MA010120220809722431,뜨라또리아라,경양식,52140646,영등1동,126.971191428651,35.9538383132638
전북특별자치도 익산시,8006,I204,MA0101202406A0028864,금화왕돈까스익산,경양식,52140610,모현동,126.942391209078,35.9423371164371
전북특별자치도 익산시,8006,I204,MA0101202409A0026097,파인트리,경양식,52140330,함라면,126.91317475761,36.0655631337003
전북특별자치도 익산시,8006,I212,MA010120220804540742,디저트39,카페,52140610,모현동,126.941497737047,35.9516194729706
전북특별자치도 익산시,8006,I212,MA010120220810052281,그림언니카페,카페,52140646,영등1동,126.978529338792,35.9539029371013
전북특별자치도 익산시,8006,I212,MA010120220812199161,세인트실버,카페,52140610,모현동,126.934771514892,35.9493448785639
전북특별자치도 익산시,8006,I212,MA010120220808768048,엘미니,카페,52140580,마동,126.969589815083,35.9391296519853
전북특별자치도 익산시,8006,I212,MA010120220810117385,에이바우트커피익산,카페,52140647,영등2동,126.980766673488,35.9610501510221
전북특별자치도 익산시,8006,I212,MA010120220805235551,에이치비,카페,52140652,어양동,126.980558056903,35.952857843562
전북특별자치도 익산시,8006,I212,MA010120220809655024,엔제리너스커피익산미륵산점,카페,52140400,금마면,127.021665496653,36.0178816377178
전북특별자치도 익산시,8006,I212,MA010120220808680926,더벤티,카페,52140647,영등2동,126.976166731283,35.9592648709544
전북특별자치도 익산시,8006,I212,MA0101202409A0134122,알엠cafe,카페,52140656,신동,126.96335059955,35.9627133892009
전북특별자치도 익산시,8006,I212,MA0101202409A0076366,떡빙소,카페,52140646,영등1동,126.969672313816,35.9552528867409
전북특별자치도 익산시,8006,I212,MA0101202409A0140134,구움미가,카페,52140610,모현동,126.945402421122,35.9471781931988
전북특별자치도 익산시,8006,I212,MA0101202409A0123449,라운지카페,카페,52140250,함열읍,126.960953376711,36.0806386380104
전북특별자치도 익산시,8006,I212,MA0101202409A0118909,기기커피,카페,52140670,팔봉동,126.987675088801,35.9471809652117
전북특별자치도 익산시,8006,I212,MA010120220802961658,셀렉토커피,카페,52140610,모현동,126.938023157681,35.9441284125366
전북특별자치도 익산시,8006,I212,MA010120220812864548,청자다방,카페,52140250,함열읍,126.965384375648,36.0779002854372
전북특별자치도 익산시,8006,I212,MA010120220813504311,일팔육오,카페,52140400,금마면,127.062073092619,35.9963100488577
전북특별자치도 익산시,8006,I212,MA010120220813111256,카페갤러리,카페,52140646,영등1동,126.968919872451,35.9518910663234
전북특별자치도 익산시,8006,I212,MA010120220804937971,빽다방,카페,52140610,모현동,126.938914446194,35.9525014020511
전북특별자치도 익산시,8006,I212,MA010120220809207514,컴포즈커피,카페,52140690,삼성동,126.989868258366,35.9579419869557
전북특별자치도 익산시,8006,I212,MA010120220812697788,아무도없소,카페,52140400,금마면,127.024228948303,36.0207110121312
전북특별자치도 익산시,8006,I212,MA010120220812998548,유리정원카페,카페,52140647,영등2동,126.969778508273,35.9674647095812
전북특별자치도 익산시,8006,I212,MA010120220806732137,마레,카페,52140610,모현동,126.94075822646,35.9474283385205
전북특별자치도 익산시,8006,I212,MA010120220805853786,카페투샷,카페,52140520,중앙동,126.948797667216,35.94147482737
전북특별자치도 익산시,8006,I212,MA010120220806282067,마리더스타,카페,52140340,웅포면,126.877696285824,36.0456331426145
전북특별자치도 익산시,8006,I212,MA0101202308A0004470,읍천리382,카페,52140690,삼성동,126.987794563822,35.9630698480003
전북특별자치도 익산시,8006,I212,MA0101202305A0205424,인트로커피로스터즈,카페,52140652,어양동,126.987130629581,35.9555984998847
전북특별자치도 익산시,8006,I212,MA0101202305A0083747,카페봄봄익산,카페,52140610,모현동,126.938128993546,35.9505362945303
전북특별자치도 익산시,8006,I212,MA0101202307A0051860,정정방방,카페,52140656,신동,126.95892858699,35.9604137965911
전북특별자치도 익산시,8006,I212,MA0101202306A0014290,쪼곰,카페,52140646,영등1동,126.978540342844,35.9542003484938
전북특별자치도 익산시,8006,I212,MA0101202308A0092091,이리,카페,52140656,신동,126.934141373484,35.9740745425317
전북특별자치도 익산시,8006,I212,MA0101202406A0483132,금싸라기,카페,52140520,중앙동,126.951413505679,35.9409712188347
전북특별자치도 익산시,8006,I212,MA0101202406A0353483,카페단향,카페,52140400,금마면,127.054529040744,35.9925826043646
전북특별자치도 익산시,8006,I212,MA0101202406A0396243,더벤티,카페,52140690,삼성동,126.991553206127,35.9577618693457
전북특별자치도 익산시,8006,I212,MA0101202406A0422922,트리플에이커피익산,카페,52140610,모현동,126.939716794214,35.9468690502166
전북특별자치도 익산시,8006,I212,MA0101202406A0357754,포트캔커피익산,카페,52140670,팔봉동,126.9782341139,35.9391135057444
전북특별자치도 익산시,8006,I212,MA010120220806924181,매매바,카페,52140647,영등2동,126.979802619062,35.9595449222791
전북특별자치도 익산시,8006,I212,MA010120220807161637,제이어스,카페,52140646,영등1동,126.968156638823,35.94796145429
전북특별자치도 익산시,8006,I212,MA010120220805282236,카페수이,카페,52140400,금마면,127.043421913281,36.0016175047312
전북특별자치도 익산시,8006,I212,MA010120220807306221,커피하루,카페,52140647,영등2동,126.972474267377,35.9623733576678
전북특별자치도 익산시,8006,I212,MA010120220804155106,신동커피,카페,52140656,신동,126.956000147003,35.9638284560136
전북특별자치도 익산시,8006,I212,MA010120220809198388,공차부송점,카페,52140690,삼성동,126.989047695439,35.959888593199
전북특별자치도 익산시,8006,I212,MA010120220803395940,조이룸카페,카페,52140647,영등2동,126.975701060087,35.9595621867314
전북특별자치도 익산시,8006,I212,MA010120220807318949,커피콩,카페,52140656,신동,126.956976197846,35.9629185582938
전북특별자치도 익산시,8006,I212,MA010120220812095379,전통찻집별화,카페,52140647,영등2동,126.97275072188,35.9643741719261
전북특별자치도 익산시,8006,I212,MA010120220812104588,메가엠지씨커피익산배산점,카페,52140610,모현동,126.938637854691,35.9518343427544
전북특별자치도 익산시,8006,I212,MA010120220810014283,카페웨이브,카페,52140647,영등2동,126.970513064545,35.9597863341524
전북특별자치도 익산시,8006,I212,MA0101202308A0056686,카페거기,카페,52140646,영등1동,126.978762212017,35.9535334698343
전북특별자치도 익산시,8006,I212,MA0101202310A0089062,렌토,카페,52140595,남중동,126.954677889841,35.9497415796048
전북특별자치도 익산시,8006,I212,MA0101202406A0063535,하우,카페,52140656,신동,126.944832301648,35.9701054750251
전북특별자치도 익산시,8006,I212,MA0101202406A0062415,설빙원광대점,카페,52140656,신동,126.957497445364,35.9625131863373
전북특별자치도 익산시,8006,I212,MA0101202406A0171319,유엔아이베트남커피,카페,52140595,남중동,126.949472206298,35.9438453804587
전북특별자치도 익산시,8006,I212,MA0101202406A0262378,블랙보틀카페,카페,52140690,삼성동,127.009046551137,35.9679818800822
전북특별자치도 익산시,8006,I212,MA0101202406A0248048,봉봉,카페,52140646,영등1동,126.978651503412,35.9530287553476
전북특별자치도 익산시,8006,I212,MA0101202406A0284030,마이리커피로스터스,카페,52140410,왕궁면,127.081064993999,35.9796168528886
전북특별자치도 익산시,8006,I212,MA0101202406A0431617,가비맨션,카페,52140646,영등1동,126.971634108731,35.9557941106972
전북특별자치도 익산시,8006,I212,MA0101202406A0188934,아이라이크,카페,52140656,신동,126.964014916864,35.9645340934276
전북특별자치도 익산시,8006,I212,MA0101202406A0142934,커피의온도,카페,52140610,모현동,126.934240513308,35.9481098882179
전북특별자치도 익산시,8006,I212,MA0101202406A0518822,지티커피,카페,52140610,모현동,126.940467281377,35.9511232837617
전북특별자치도 익산시,8006,I212,MA0101202409A0032146,함라면거점사업위원회,카페,52140330,함라면,126.911060233504,36.0605868272724
전북특별자치도 익산시,8006,I212,MA0101202406A0067791,커피로드뷰익산,카페,52140647,영등2동,126.980966391802,35.9603021539224
전북특별자치도 익산시,8006,I212,MA0101202406A0595267,스탠다드에프앤비시트러스,카페,52140610,모현동,126.944910396809,35.9534415942581
전북특별자치도 익산시,8006,I212,MA0101202406A0566646,아가페정원쉼터,카페,52140320,황등면,126.956790477876,36.0189032142291
전북특별자치도 익산시,8006,I212,MA0101202409A0106083,이리오지,카페,52140520,중앙동,126.949673318913,35.9412949491849
전북특별자치도 익산시,8006,I212,MA0101202409A0188827,카페우아한,카페,52140400,금마면,127.053463845149,35.9917449353909
전북특별자치도 익산시,8006,I212,MA010120220814182732,마리,카페,52140647,영등2동,126.971033340344,35.9617962252732
전북특별자치도 익산시,8006,I212,MA010120220809405329,카페나는,카페,52140652,어양동,126.980246829152,35.9563365814649
전북특별자치도 익산시,8006,I212,MA010120220810234068,백선다방,카페,52140595,남중동,126.953362845219,35.9430358371514
전북특별자치도 익산시,8006,I212,MA010120220811980014,더리터익산금마점,카페,52140400,금마면,127.053430867534,35.9921775428209
전북특별자치도 익산시,8006,I212,MA010120220807308540,여보게친구차나한잔먹음세,카페,52140647,영등2동,126.975767472667,35.959886646495
전북특별자치도 익산시,8006,I212,MA010120220804960539,커피린,카페,52140652,어양동,126.984748053921,35.9522636301382
전북특별자치도 익산시,8006,I212,MA010120220805246319,커피플라워,카페,52140610,모현동,126.936435918497,35.9470656307773
전북특별자치도 익산시,8006,I212,MA010120220805686130,더드립,카페,52140647,영등2동,126.972429633342,35.9632115000195
전북특별자치도 익산시,8006,I212,MA010120220806404423,커피395,카페,52140656,신동,126.962607597074,35.963262915968
전북특별자치도 익산시,8006,I212,MA010120220812386129,루루베이크,카페,52140610,모현동,126.94458063373,35.94947598223
전북특별자치도 익산시,8006,I212,MA010120220805379095,이레카페,카페,52140646,영등1동,126.976190524652,35.9538574338889
전북특별자치도 익산시,8006,I212,MA010120220813231221,빽다방익산시민공원점,카페,52140647,영등2동,126.97655446964,35.9600940879708
전북특별자치도 익산시,8006,I212,MA010120220808628410,커피앤스위트캔,카페,52140646,영등1동,126.978540342844,35.9542003484938
전북특별자치도 익산시,8006,I212,MA010120220811895305,말리,카페,52140652,어양동,126.980911428972,35.9583734918307
전북특별자치도 익산시,8006,I212,MA010120220807720577,용궁다원,카페,52140400,금마면,127.052632201521,35.9918804883576
전북특별자치도 익산시,8006,I212,MA0101202406A0014121,헤이유버터,카페,52140595,남중동,126.961369090873,35.9568907587986
전북특별자치도 익산시,8006,I212,MA0101202311A0037466,데이롱이리신광점,카페,52140580,마동,126.962519001152,35.9396053112017
전북특별자치도 익산시,8006,I212,MA0101202311A0018109,동네커피,카페,52140320,황등면,126.944766295159,36.0011890678718
전북특별자치도 익산시,8006,I212,MA0101202406A0104155,1월14일카페,카페,52140610,모현동,126.939747773054,35.9498611872175
전북특별자치도 익산시,8006,I212,MA0101202311A0076104,카페당본,카페,52140520,중앙동,126.94783515568,35.9389058713475
전북특별자치도 익산시,8006,I212,MA0101202406A0171976,와리커피,카페,52140250,함열읍,126.960857123403,36.0732395729337
전북특별자치도 익산시,8006,I212,MA0101202406A0443202,커피콩,카페,52140570,동산동,126.961125766723,35.9331519661138
전북특별자치도 익산시,8006,I212,MA0101202406A0391066,다담,카페,52140670,팔봉동,127.0229095078,35.9848782338229
전북특별자치도 익산시,8006,I212,MA0101202406A0429138,오독오독,카페,52140595,남중동,126.951177520954,35.9462524021936
전북특별자치도 익산시,8006,I212,MA0101202406A0279390,빽다방익산부송주공점,카페,52140690,삼성동,126.985189516601,35.9624837491872
전북특별자치도 익산시,8006,I212,MA0101202406A0138700,더리터,카페,52140670,팔봉동,126.97844487331,35.9384015618188
전북특별자치도 익산시,8006,I212,MA0101202406A0373723,카페케냐,카페,52140656,신동,126.961678623714,35.9586392637823
전북특별자치도 익산시,8006,I212,MA0101202406A0152638,프롬그린,카페,52140656,신동,126.957175809448,35.9627924561877
전북특별자치도 익산시,8006,I212,MA0101202310A0003114,백억커피익산역점,카페,52140520,중앙동,126.94761158674,35.9418167877198
전북특별자치도 익산시,8006,I212,MA0101202406A0586999,메가엠지씨커피,카페,52140690,삼성동,126.989668263709,35.9615018672821
전북특별자치도 익산시,8006,I212,MA0101202308A0006782,꼬뜨도르,카페,52140656,신동,126.965864242149,35.9692571245887
전북특별자치도 익산시,8006,I212,MA0101202406A0074397,고흐카페,카페,52140595,남중동,126.953815086423,35.9467491289907
전북특별자치도 익산시,8006,I212,MA0101202406A0236102,하삼동커피부송점,카페,52140690,삼성동,126.994368780399,35.9580954933225
전북특별자치도 익산시,8006,I212,MA010120220808096201,다다익산,카페,52140595,남중동,126.956995735414,35.9473271053506
전북특별자치도 익산시,8006,I212,MA010120220808321821,함해국자연을닮은카페,카페,52140520,중앙동,126.948156427373,35.9390862590975
전북특별자치도 익산시,8006,I212,MA010120220813764917,위드유,카페,52140595,남중동,126.954510773623,35.9512375766898
전북특별자치도 익산시,8006,I212,MA010120220812611170,달달,카페,52140652,어양동,126.982873154045,35.9599509576684
전북특별자치도 익산시,8006,I212,MA010120220810053307,모로롱,카페,52140610,모현동,126.943669696487,35.9523775543032
전북특별자치도 익산시,8006,I212,MA010120220807320911,커피홀릭,카페,52140656,신동,126.95240653864,35.9668011730444
전북특별자치도 익산시,8006,I212,MA010120220812409463,모닝카페,카페,52140652,어양동,126.985989909851,35.9498935173257
전북특별자치도 익산시,8006,I212,MA010120220806862539,볼륨283익산,카페,52140646,영등1동,126.968398383384,35.9532247666571
전북특별자치도 익산시,8006,I212,MA010120220812028185,토리양과,카페,52140656,신동,126.96287585804,35.9585585284961
전북특별자치도 익산시,8006,I212,MA010120220800805188,카페윤,카페,52140690,삼성동,126.997838364118,35.9597719123007
전북특별자치도 익산시,8006,I212,MA010120220808521506,장자방,카페,52140400,금마면,127.052974014969,35.9889332991117
전북특별자치도 익산시,8006,I212,MA010120220811679680,엔제리너스커피,카페,52140610,모현동,126.940921138913,35.9519166000363
전북특별자치도 익산시,8006,I212,MA010120220813947803,에스Class,카페,52140595,남중동,126.955414207299,35.9412341318126
전북특별자치도 익산시,8006,I212,MA010120220805534609,카페메리트,카페,52140646,영등1동,126.971035548412,35.9557489057179
전북특별자치도 익산시,8006,I212,MA010120220805300223,늘봄날,카페,52140652,어양동,126.983517743814,35.9520561820682
전북특별자치도 익산시,8006,I212,MA010120220809771488,브루:온,카페,52140690,삼성동,126.978646311779,35.9723152772228
전북특별자치도 익산시,8006,I212,MA010120220807139394,더벤티익산,카페,52140610,모현동,126.94017974027,35.9502669617982
전북특별자치도 익산시,8006,I212,MA010120220809969641,지인플라워카페,카페,52140520,중앙동,126.949875676039,35.9367527698735
전북특별자치도 익산시,8006,I212,MA010120220800460974,커피공감,카페,52140690,삼성동,126.988637849386,35.9577165667464
전북특별자치도 익산시,8006,I212,MA0101202301A0106831,메가엠지씨커피익산부송우체국점,카페,52140690,삼성동,126.989757464819,35.9575003698812
전북특별자치도 익산시,8006,I212,MA0101202306A0085292,30초커피부송점,카페,52140690,삼성동,126.99332649952,35.9614660768789
전북특별자치도 익산시,8006,I212,MA0101202305A0054313,더벤티익산,카페,52140690,삼성동,126.985189516601,35.9624837491872
전북특별자치도 익산시,8006,I212,MA0101202306A0056833,우리두리,카페,52140610,모현동,126.941600121085,35.948050607727
전북특별자치도 익산시,8006,I212,MA0101202305A0027333,준,카페,52140400,금마면,127.029959589253,36.0078311179856
전북특별자치도 익산시,8006,I212,MA0101202306A0109034,디아,카페,52140610,모현동,126.935927982352,35.9447041073272
전북특별자치도 익산시,8006,I212,MA0101202305A0045771,삼거리커피집,카페,52140320,황등면,126.943955209944,36.0032164666361
전북특별자치도 익산시,8006,I212,MA0101202406A0479330,공차,카페,52140610,모현동,126.94017974027,35.9502669617982
전북특별자치도 익산시,8006,I212,MA0101202406A0052686,커피밸런스,카페,52140647,영등2동,126.974902771523,35.9600306671495
전북특별자치도 익산시,8006,I212,MA0101202406A0480294,카페960,카페,52140400,금마면,127.054057491817,35.9841202172489
전북특별자치도 익산시,8006,I212,MA0101202406A0324722,머지커피,카페,52140647,영등2동,126.972275484399,35.9602013245268
전북특별자치도 익산시,8006,I212,MA0101202406A0107933,미강,카페,52140656,신동,126.958374364332,35.9603234816752
전북특별자치도 익산시,8006,I212,MA0101202406A0486296,커피에진심인남자,카페,52140595,남중동,126.962001012598,35.9567197248933
전북특별자치도 익산시,8006,I212,MA0101202406A0004239,카페늘봄,카페,52140656,신동,126.966554787217,35.9617319739715
전북특별자치도 익산시,8006,I212,MA0101202310A0002560,카페이랑,카페,52140370,낭산면,127.047191119089,36.0730113687617
전북특별자치도 익산시,8006,I212,MA0101202310A0072302,블루포트원광대사범관점,카페,52140656,신동,126.960219910347,35.9717157664206
전북특별자치도 익산시,8006,I212,MA0101202310A0086826,컵앤커피,카페,52140610,모현동,126.939962870986,35.9585582660309
전북특별자치도 익산시,8006,I212,MA010120220802899603,골목cafe,카페,52140656,신동,126.957585942951,35.9628647009827
전북특별자치도 익산시,8006,I212,MA010120220809660691,삼홍꾸지뽕카페,카페,52140330,함라면,126.928047775631,36.0668346968591
전북특별자치도 익산시,8006,I212,MA010120220814307930,커피사랑,카페,52140520,중앙동,126.94896316679,35.9426284881134
전북특별자치도 익산시,8006,I212,MA010120220806490244,커피와함께라면,카페,52140530,평화동,126.944115899656,35.932613519152
전북특별자치도 익산시,8006,I212,MA010120220812641388,버디커피,카페,52140670,팔봉동,127.013653852271,35.9408721259933
전북특별자치도 익산시,8006,I212,MA010120220811478023,카페춘포,카페,52140420,춘포면,127.004851629034,35.8986133860554
전북특별자치도 익산시,8006,I212,MA010120220807325428,가비,카페,52140646,영등1동,126.965961857599,35.9484655472149
전북특별자치도 익산시,8006,I212,MA0101202306A0109765,레파로,카페,52140647,영등2동,126.972772958759,35.9641849167561
전북특별자치도 익산시,8006,I212,MA0101202307A0103242,빽다방익산,카페,52140595,남중동,126.957626445098,35.9493010485171
전북특별자치도 익산시,8006,I212,MA0101202308A0081822,무이케이크,카페,52140646,영등1동,126.970448627396,35.9542166537522
전북특별자치도 익산시,8006,I212,MA0101202306A0031942,율로기아,카페,52140670,팔봉동,127.000831232804,35.9439641612471
전북특별자치도 익산시,8006,I212,MA0101202307A0072670,언의날,카페,52140652,어양동,126.981886661973,35.9595001929182
전북특별자치도 익산시,8006,I212,MA0101202308A0101145,카페로제,카페,52140610,모현동,126.946572125645,35.954830255948
전북특별자치도 익산시,8006,I212,MA0101202308A0058244,메가엠지씨커피익산,카페,52140647,영등2동,126.976510288338,35.9595533354469
전북특별자치도 익산시,8006,I212,MA0101202307A0077370,더맛있는커피,카페,52140646,영등1동,126.969982125614,35.9567309988327
전북특별자치도 익산시,8006,I212,MA0101202310A0095461,약속다방,카페,52140520,중앙동,126.952589179666,35.9394485887975
전북특별자치도 익산시,8006,I212,MA0101202310A0069897,루체,카페,52140400,금마면,127.034429878932,36.0082895467289
전북특별자치도 익산시,8006,I212,MA0101202406A0457808,하얀집카페,카페,52140340,웅포면,126.888301159133,36.0799981421765
전북특별자치도 익산시,8006,I212,MA0101202311A0033786,1퍼센트익산,카페,52140652,어양동,126.980768897558,35.9518755249076
전북특별자치도 익산시,8006,I212,MA0101202311A0029927,익산로또,카페,52140652,어양동,126.989447620796,35.9534717980954
전북특별자치도 익산시,8006,I212,MA0101202305A0061062,쥬씨익산,카페,52140610,모현동,126.943541628908,35.9454289234164
전북특별자치도 익산시,8006,I212,MA0101202305A0140645,카페일리터,카페,52140610,모현동,126.94285352318,35.9467353983397
전북특별자치도 익산시,8006,I212,MA0101202303A0028374,투썸플레이스익산소라점,카페,52140595,남중동,126.958100890066,35.9533928493561
전북특별자치도 익산시,8006,I212,MA0101202308A0085439,너를만난오늘,카페,52140580,마동,126.960947353089,35.9354050172318
전북특별자치도 익산시,8006,I212,MA0101202309A0038789,모퉁이,카페,52140652,어양동,126.982263256996,35.9608611212094
전북특별자치도 익산시,8006,I212,MA0101202308A0045604,벌크커피,카페,52140646,영등1동,126.967380893718,35.9476908735043
전북특별자치도 익산시,8006,I212,MA0101202308A0005812,카페이룸익산원광지역자활센터,카페,52140520,중앙동,126.953609588469,35.9380430485347
전북특별자치도 익산시,8006,I212,MA010120220812423156,곰솔휴게실,카페,52140380,망성면,127.018720602976,36.1367353070556
전북특별자치도 익산시,8006,I212,MA010120220809855717,커피산책,카페,52140595,남중동,126.955762746202,35.952193360079
전북특별자치도 익산시,8006,I212,MA010120220802895513,이디야커피익산,카페,52140520,중앙동,126.947490701347,35.9402665977337
전북특별자치도 익산시,8006,I212,MA010120220807304058,마실디,카페,52140670,팔봉동,127.023789957555,35.9626986025486
전북특별자치도 익산시,8006,I212,MA010120220811885815,디저트39익산,카페,52140647,영등2동,126.973029709414,35.9589667978163
전북특별자치도 익산시,8006,I212,MA010120220809652204,고무인카페,카페,52140656,신동,126.956111698941,35.9625757743173
전북특별자치도 익산시,8006,I212,MA010120220806336344,서우나무,카페,52140656,신동,126.964028626826,35.9587481399332
전북특별자치도 익산시,8006,I212,MA0101202307A0080650,대길부동산,카페,52140430,삼기면,126.978206807225,35.9981716586122
전북특별자치도 익산시,8006,I212,MA0101202308A0048032,플러스82,카페,52140595,남중동,126.955140591327,35.9547346279385
전북특별자치도 익산시,8006,I212,MA010120220802588847,고무인카페남중점,카페,52140595,남중동,126.956771074176,35.9528155836708
전북특별자치도 익산시,8006,I212,MA010120220803106935,이디야커피함열점,카페,52140250,함열읍,126.961909600288,36.077673926009
전북특별자치도 익산시,8006,I212,MA010120220807312183,티테이블,카페,52140646,영등1동,126.97125718135,35.9559201946756
전북특별자치도 익산시,8006,I212,MA010120220812859098,꼬치앤주스,카페,52140656,신동,126.957109382782,35.9626302093885
전북특별자치도 익산시,8006,I212,MA010120220806674880,가온,카페,52140652,어양동,126.987840466589,35.9528948519064
전북특별자치도 익산시,8006,I212,MA010120220813356543,마루에다,카페,52140656,신동,126.954824890177,35.9640983910991
전북특별자치도 익산시,8006,I212,MA010120220801240643,커피앤쿠키,카페,52140390,여산면,127.083842999229,36.0585807696512
전북특별자치도 익산시,8006,I212,MA010120220807319951,마노430,카페,52140400,금마면,127.022663251189,36.0155923259771
전북특별자치도 익산시,8006,I212,MA010120220813115557,플랜,카페,52140690,삼성동,126.987906012424,35.959194528882
전북특별자치도 익산시,8006,I212,MA010120220800646671,비밀정원,카페,52140656,신동,126.958262196893,35.9628198761153
전북특별자치도 익산시,8006,I212,MA010120220813301185,투썸플레이스익산,카페,52140610,모현동,126.93683384961,35.9484177030643
전북특별자치도 익산시,8006,I212,MA010120220813409404,엘블룸,카페,52140610,모현동,126.940546544632,35.9488882449814
전북특별자치도 익산시,8006,I212,MA010120220812674569,숨앤티,카페,52140400,금마면,127.06185316314,35.9987164572183
전북특별자치도 익산시,8006,I212,MA010120220809873221,제이제이인터내셔날,카페,52140690,삼성동,126.991686519268,35.9549680335724
전북특별자치도 익산시,8006,I212,MA0101202305A0198677,아울브레드카페,카페,52140646,영등1동,126.978440511028,35.9544616903875
전북특별자치도 익산시,8006,I212,MA0101202306A0083837,공차원광대,카페,52140656,신동,126.962961303056,35.9654890862
전북특별자치도 익산시,8006,I212,MA0101202306A0086275,윈썸커피,카페,52140610,모현동,126.935791739387,35.9487145597681
전북특별자치도 익산시,8006,I212,MA0101202306A0075311,블레스롤익산,카페,52140610,모현동,126.93840556227,35.9512213799477
전북특별자치도 익산시,8006,I212,MA0101202305A0125807,쿼드커피,카페,52140647,영등2동,126.977740537018,35.9603286361526
전북특별자치도 익산시,8006,I212,MA0101202305A0177696,임대,카페,52140610,모현동,126.941998909217,35.9483572231809
전북특별자치도 익산시,8006,I212,MA0101202307A0053834,그리너리헤븐,카페,52140310,오산면,126.921865605071,35.9537172014464
전북특별자치도 익산시,8006,I212,MA0101202305A0001421,카페윤,카페,52140360,용안면,126.931968259161,36.1288408427621
전북특별자치도 익산시,8006,I212,MA0101202305A0030880,빽다방익산황등점,카페,52140320,황등면,126.944721641423,36.0016036146866
전북특별자치도 익산시,8006,I212,MA0101202308A0043175,커피니익산역점,카페,52140520,중앙동,126.94730124442,35.9418527015723
전북특별자치도 익산시,8006,I212,MA0101202305A0033223,오버차지,카페,52140610,모현동,126.940442468228,35.9546471226787
전북특별자치도 익산시,8006,I212,MA0101202310A0061619,컴포즈커피익산,카페,52140647,영등2동,126.976077728654,35.9603283162236
전북특별자치도 익산시,8006,I212,MA0103202308C0023857,익산커피학원,카페,52140595,남중동,126.956006854537,35.9517338169268
전북특별자치도 익산시,8006,I212,MA0101202307A0023141,카페901,카페,52140656,신동,126.959609924502,35.9721121073499
전북특별자치도 익산시,8006,I212,MA0101202306A0051151,올데이커피&쿠키,카페,52140400,금마면,127.053352971634,35.9917810341455
전북특별자치도 익산시,8006,I212,MA0101202307A0054353,일구일사,카페,52140420,춘포면,127.004818610643,35.9021102326367
전북특별자치도 익산시,8006,I212,MA0101202308A0067243,더리터익산,카페,52140595,남중동,126.957814721967,35.9495804996453
전북특별자치도 익산시,8006,I212,MA010120220808519211,커피핑크,카페,52140656,신동,126.957685267475,35.9637028885324
전북특별자치도 익산시,8006,I212,MA010120220809800576,단,카페,52140646,영등1동,126.97622391854,35.9533887953239
전북특별자치도 익산시,8006,I212,MA010120220813348462,당고,카페,52140647,영등2동,126.976200041082,35.9590846295837
전북특별자치도 익산시,8006,I212,MA010120220810742368,신작로,카페,52140330,함라면,126.91398040614,36.069844525078
전북특별자치도 익산시,8006,I212,MA010120220811906441,커피마켓,카페,52140610,모현동,126.938793881545,35.9507349084558
전북특별자치도 익산시,8006,I212,MA010120220812118669,금마커피,카페,52140400,금마면,127.059755311117,35.9964644355642
전북특별자치도 익산시,8006,I212,MA010120220812488132,호두나무,카페,52140610,모현동,126.939053965964,35.9584586715285
전북특별자치도 익산시,8006,I212,MA010120220808285419,에덴의정원,카페,52140656,신동,126.945703884355,35.9763424373543
전북특별자치도 익산시,8006,I212,MA010120220814391327,리틀빗,카페,52140656,신동,126.963096663637,35.9604872498051
전북특별자치도 익산시,8006,I212,MA0101202211A0066752,한나P21.1,카페,52140656,신동,126.957731800907,35.959593252902
전북특별자치도 익산시,8006,I212,MA0101202211A0026051,바브,카페,52140656,신동,126.935769216024,35.9628459950326
전북특별자치도 익산시,8006,I212,MA0101202211A0080886,나목23길,카페,52140595,남중동,126.957176296523,35.9413519348983
전북특별자치도 익산시,8006,I212,MA010120220807304797,브라운커피점,카페,52140520,중앙동,126.949594366315,35.9434578976918
전북특별자치도 익산시,8006,I212,MA010120220810410082,봄날35,카페,52140646,영등1동,126.968386688543,35.9547568727099
전북특별자치도 익산시,8006,I212,MA010120220806697839,카페데이지,카페,52140560,인화동,126.957292423011,35.9315013872904
전북특별자치도 익산시,8006,I212,MA010120220805413715,커피마켓인앤아웃부송점,카페,52140690,삼성동,126.997317319698,35.9607993151131
전북특별자치도 익산시,8006,I212,MA010120220805102297,소중한하루,카페,52140646,영등1동,126.973730228556,35.9524690097701
전북특별자치도 익산시,8006,I212,MA010120220808375972,LH유통,카페,52140610,모현동,126.94017974027,35.9502669617982
전북특별자치도 익산시,8006,I212,MA010120220812087207,인갤러리,카페,52140647,영등2동,126.972141488227,35.9629680988637
전북특별자치도 익산시,8006,I212,MA010120220807251037,이디야커피,카페,52140646,영등1동,126.97590099489,35.9582464167257
전북특별자치도 익산시,8006,I212,MA010120220807323854,라운드커피,카페,52140646,영등1동,126.97184596631,35.9522793219755
전북특별자치도 익산시,8006,I212,MA010120220808505350,클래식브라운,카페,52140652,어양동,126.987130629581,35.9555984998847
전북특별자치도 익산시,8006,I212,MA010120220814027474,힙옥,카페,52140690,삼성동,126.979219356986,35.985599610221
전북특별자치도 익산시,8006,I212,MA0101202212A0063713,원카페,카페,52140520,중앙동,126.94806608766,35.941654761579
전북특별자치도 익산시,8006,I212,MA0101202212A0041987,라라브,카페,52140690,삼성동,126.994113602921,35.9610695726368
전북특별자치도 익산시,8006,I212,MA0101202305A0188305,카페루앤비전북,카페,52140670,팔봉동,127.002848414987,35.945559328842
전북특별자치도 익산시,8006,I212,MA0101202302A0089787,카페푸그,카페,52140647,영등2동,126.973161002827,35.9640768554688
전북특별자치도 익산시,8006,I212,MA0101202210A0064677,연구름로스터리,카페,52140646,영등1동,126.970859337733,35.9526305704394
전북특별자치도 익산시,8006,I212,MA0101202301A0105094,동네커피,카페,52140652,어양동,126.97965881547,35.9583552612644
전북특별자치도 익산시,8006,I212,MA0101202211A0044487,목밀,카페,52140595,남중동,126.956593330358,35.9535365121216
전북특별자치도 익산시,8006,I212,MA0101202303A0097984,위드그린카페,카페,52140310,오산면,126.916384048363,35.9382121519764
전북특별자치도 익산시,8006,I212,MA0101202302A0041610,카페드유,카페,52140647,영등2동,126.972774564265,35.9595074841405
전북특별자치도 익산시,8006,I212,MA0101202302A0056916,이후커피,카페,52140250,함열읍,126.959244337075,36.0792682120967
전북특별자치도 익산시,8006,I212,MA0101202305A0121337,새로이,카페,52140570,동산동,126.959829658151,35.9322863453282
전북특별자치도 익산시,8006,I212,MA0101202305A0107188,파스쿠찌약촌,카페,52140646,영등1동,126.974995198034,35.9481523344489
전북특별자치도 익산시,8006,I212,MA0106202301A2416998,스타벅스,카페,52140610,모현동,126.942408901912,35.9485016192237
전북특별자치도 익산시,8006,I212,MA0101202301A0015602,투썸플레이스익산,카페,52140520,중앙동,126.949974063299,35.938897769335
전북특별자치도 익산시,8006,I212,MA0106202301A2415795,스타벅스,카페,52140647,영등2동,126.968783908272,35.9593983637241
전북특별자치도 익산시,8006,I212,MA0101202303A0073950,메가엠지씨커피익산함열점,카페,52140250,함열읍,126.959910762459,36.0786736304584
전북특별자치도 익산시,8006,I212,MA0101202301A0015200,더벤티익산원광대점,카페,52140656,신동,126.958029901945,35.961864481362
전북특별자치도 익산시,8006,I212,MA0101202301A0031475,메이드인헤븐,카페,52140430,삼기면,126.978816883942,35.997838311288
전북특별자치도 익산시,8006,I212,MA0101202301A0017612,더벤티익산함열점,카페,52140250,함열읍,126.959499947824,36.0787546023107
전북특별자치도 익산시,8006,I212,MA0101202301A0000763,아이비,카페,52140647,영등2동,126.971731311985,35.9629770153394
전북특별자치도 익산시,8006,I212,MA0101202209A0046987,담장길,카페,52140646,영등1동,126.973442420082,35.9513243703696
전북특별자치도 익산시,8006,I212,MA0101202301A0080051,카페362,카페,52140400,금마면,127.028707535504,36.0115445012088
전북특별자치도 익산시,8006,I212,MA0101202301A0053180,오달달,카페,52140646,영등1동,126.966781733017,35.949231832137
전북특별자치도 익산시,8006,I212,MA0101202305A0151689,메가후르츠,카페,52140647,영등2동,126.971720576467,35.961994661868
전북특별자치도 익산시,8006,I212,MA010120220809084412,버티커피,카페,52140595,남중동,126.955169344031,35.9430815875406
전북특별자치도 익산시,8006,I212,MA010120220813083208,클로이데이,카페,52140690,삼성동,126.989956774517,35.9592397800138
전북특별자치도 익산시,8006,I212,MA010120220805251117,메종210,카페,52140610,모현동,126.943836757968,35.9512510814669
전북특별자치도 익산시,8006,I212,MA010120220813660817,컴포즈커피영등,카페,52140646,영등1동,126.974096195507,35.9519013075121
전북특별자치도 익산시,8006,I212,MA010120220802938265,빽다방원광대점,카페,52140656,신동,126.957374844062,35.963738828243
전북특별자치도 익산시,8006,I212,MA010120220808702196,함라한옥마을협동조합교동지사,카페,52140330,함라면,126.909681392104,36.0627847832708
전북특별자치도 익산시,8006,I212,MA010120220807316420,다소니전통찻집,카페,52140520,중앙동,126.951547273496,35.9397005207487
전북특별자치도 익산시,8006,I212,MA010120220806580588,가온플라워카페,카페,52140610,모현동,126.938833806129,35.9564578066666
전북특별자치도 익산시,8006,I212,MA010120220808469644,공차,카페,52140570,동산동,126.965756986232,35.9352082119495
전북특별자치도 익산시,8006,I212,MA0101202212A0004696,베어앤리버,카페,52140340,웅포면,126.878308522395,36.0660374937696
전북특별자치도 익산시,8006,I212,MA0106202301A2416148,스타벅스,카페,52140646,영등1동,126.973750527638,35.9581197920423
전북특별자치도 익산시,8006,I212,MA0101202302A0055128,스누지,카페,52140570,동산동,126.979321604777,35.933688213109
전북특별자치도 익산시,8006,I212,MA0101202301A0058262,커피와함께라면,카페,52140652,어양동,126.981134635722,35.9520468187412
전북특별자치도 익산시,8006,I212,MA0106202301A2417170,스타벅스,카페,52140570,동산동,126.958368642725,35.9289692690957
전북특별자치도 익산시,8006,I212,MA0101202303A0066529,베블,카페,52140656,신동,126.955994505983,35.973994422877
전북특별자치도 익산시,8006,I212,MA010120220808795084,빽다방익산부송오투점,카페,52140690,삼성동,126.997705322643,35.9603847528899
전북특별자치도 익산시,8006,I212,MA010120220813988507,종달새,카페,52140320,황등면,126.931879414731,36.000046887797
전북특별자치도 익산시,8006,I212,MA010120220811750727,커피트리,카페,52140580,마동,126.968494199841,35.9352359988284
전북특별자치도 익산시,8006,I212,MA010120220807322026,이디야커피,카페,52140610,모현동,126.938029462629,35.9502478460356
전북특별자치도 익산시,8006,I212,MA010120220814141704,월드스타,카페,52140610,모현동,126.940467281377,35.9511232837617
전북특별자치도 익산시,8006,I212,MA010120220806580464,오렌지와이닝,카페,52140652,어양동,126.982507753278,35.9580673134904
전북특별자치도 익산시,8006,I212,MA010120220804840122,빨간머리앤,카페,52140595,남중동,126.956954783526,35.9410904953297
전북특별자치도 익산시,8006,I212,MA010120220803413777,까페해든,카페,52140520,중앙동,126.950449396725,35.9408356383494
전북특별자치도 익산시,8006,I212,MA010120220812826017,카페인47,카페,52140646,영등1동,126.977598577389,35.9527131291454
전북특별자치도 익산시,8006,I212,MA010120220811850454,하늘정원,카페,52140670,팔봉동,127.017185004509,35.972559280877
전북특별자치도 익산시,8006,I212,MA010120220805489605,빽다방익산동산,카페,52140570,동산동,126.95840158362,35.9295460769019
전북특별자치도 익산시,8006,I212,MA010120220809840141,이리오샌,카페,52140690,삼성동,126.992506127182,35.9619076358352
전북특별자치도 익산시,8006,I212,MA010120220813365307,아띠,카페,52140595,남중동,126.950158316125,35.945503952597
전북특별자치도 익산시,8006,I212,MA010120220813498065,카페달링,카페,52140646,영등1동,126.970448627396,35.9542166537522
전북특별자치도 익산시,8006,I212,MA010120220808220201,홍차이야기,카페,52140595,남중동,126.950745194882,35.9463693869974
전북특별자치도 익산시,8006,I212,MA010120220809304239,메가엠지씨커피,카페,52140570,동산동,126.959454756374,35.9286271679283
전북특별자치도 익산시,8006,I212,MA010120220807323699,더리터익산역점,카페,52140520,중앙동,126.948388337854,35.94034809887
전북특별자치도 익산시,8006,I212,MA010120220812821798,아비토하우스,카페,52140610,모현동,126.936325419992,35.9604580070694
전북특별자치도 익산시,8006,I212,MA010120220806561140,글로어익산,카페,52140610,모현동,126.943053569117,35.9459784503705
전북특별자치도 익산시,8006,I212,MA010120220807320900,하늘천따지,카페,52140690,삼성동,126.988126428668,35.9678013859423
전북특별자치도 익산시,8006,I212,MA010120220814261646,요거프레소익산,카페,52140646,영등1동,126.97698740248,35.9580123075408
전북특별자치도 익산시,8006,I212,MA010120220808787785,어바웃커피,카페,52140610,모현동,126.938423527048,35.9566378449028
전북특별자치도 익산시,8006,I212,MA010120220813249623,더리터익산팔봉점,카페,52140670,팔봉동,127.012848895729,35.9660618946801
전북특별자치도 익산시,8006,I212,MA010120220807711793,카페에아,카페,52140646,영등1동,126.978429816026,35.9530287157113
전북특별자치도 익산시,8006,I212,MA010120220813418195,셀렉토커피원광대점,카페,52140656,신동,126.956278699801,35.9612780504911
전북특별자치도 익산시,8006,I212,MA010120220805298189,아레라,카페,52140310,오산면,126.927583410564,35.9435187361213
전북특별자치도 익산시,8006,I212,MA010120220813568155,빈타이,카페,52140646,영등1동,126.971156713937,35.9578578370833
전북특별자치도 익산시,8006,I212,MA010120220809227752,카페이리당,카페,52140656,신동,126.961953638764,35.9630464130018
전북특별자치도 익산시,8006,I212,MA010120220803413903,플로리움카페테리아,카페,52140400,금마면,127.010626365783,36.0092853730901
전북특별자치도 익산시,8006,I212,MA010120220805199542,투썸원광대학병원,카페,52140656,신동,126.962961303056,35.9654890862
전북특별자치도 익산시,8006,I212,MA010120220809885981,티아라,카페,52140647,영등2동,126.971455309649,35.9598045867555
전북특별자치도 익산시,8006,I212,MA010120220808670577,카페온,카페,52140610,모현동,126.942805447954,35.9519265251548
전북특별자치도 익산시,8006,I212,MA010120220807323715,커피타임,카페,52140646,영등1동,126.97184596631,35.9522793219755
전북특별자치도 익산시,8006,I212,MA010120220801724842,추억담,카페,52140320,황등면,126.945942019515,36.0010904677798
전북특별자치도 익산시,8006,I212,MA010120220800049509,카페오후,카페,52140647,영등2동,126.971742320685,35.9631933153655
전북특별자치도 익산시,8006,I212,MA010120220809755574,내너쉬하,카페,52140610,모현동,126.949918940519,35.956003311642
전북특별자치도 익산시,8006,I212,MA010120220810250194,선한가게,카페,52140400,금마면,127.035571575604,36.0065318099872
전북특별자치도 익산시,8006,I212,MA010120220811820627,생활커피원광대점,카페,52140656,신동,126.959698382574,35.9725807807876
전북특별자치도 익산시,8006,I212,MA010120220811228111,카페나루,카페,52140340,웅포면,126.877374611099,36.0670008507791
전북특별자치도 익산시,8006,I212,MA0101202209A0060534,카페1인칭,카페,52140580,마동,126.959528106449,35.9369006110609
전북특별자치도 익산시,8006,I212,MA010120220806550076,더니팅,카페,52140595,남중동,126.955741633323,35.9503007461161
전북특별자치도 익산시,8006,I212,MA010120220808761347,농디,카페,52140400,금마면,127.05233926691,36.0017040687396
전북특별자치도 익산시,8006,I212,MA010120220812745252,프리즘,카페,52140656,신동,126.963419653275,35.9572068353762
전북특별자치도 익산시,8006,I212,MA010120220800101553,브런치포유,카페,52140580,마동,126.96011442169,35.9389646538998
전북특별자치도 익산시,8006,I212,MA010120220803141683,공차이마트,카페,52140570,동산동,126.957846969484,35.9306003392005
전북특별자치도 익산시,8006,I212,MA010120220808229304,아프리카,카페,52140430,삼기면,127.010873421776,36.0313204420823
전북특별자치도 익산시,8006,I212,MA010120220808015674,브리즈커피,카페,52140580,마동,126.965664437252,35.9442116011601
전북특별자치도 익산시,8006,I212,MA010120220809986944,이디야커피동,카페,52140570,동산동,126.960895556391,35.9280688742773
전북특별자치도 익산시,8006,I212,MA010120220809921450,디저트39,카페,52140656,신동,126.956720650255,35.9639729162779
전북특별자치도 익산시,8006,I212,MA010120220809299961,아트카페,카페,52140520,중앙동,126.948444658047,35.9389511968051
전북특별자치도 익산시,8006,I212,MA010120220807029476,마크브라운,카페,52140610,모현동,126.936258712303,35.9469033133186
전북특별자치도 익산시,8006,I212,MA0101202210A0048489,검이불루,카페,52140652,어양동,126.979999224685,35.9711619256828
전북특별자치도 익산시,8006,I212,MA0101202210A0002234,커피그루,카페,52140595,남중동,126.957761216475,35.9459845269772
전북특별자치도 익산시,8006,I212,MA0101202210A0055409,하삼동커피원광대점,카페,52140656,신동,126.958307577275,35.9608461774845
전북특별자치도 익산시,8006,I212,MA010120220811798278,벌크커피롯데마트,카페,52140647,영등2동,126.974127114676,35.9590571634052
전북특별자치도 익산시,8006,I212,MA010120220812763039,참살이협동조합커피여행,카페,52140690,삼성동,126.988892180289,35.9621777276021
전북특별자치도 익산시,8006,I212,MA010120220809666611,쥬씨차얌익산원광대점,카페,52140656,신동,126.957286108619,35.9638289206085
전북특별자치도 익산시,8006,I212,MA010120220809785581,루체른펍,카페,52140656,신동,126.957598324665,35.9604403711598
전북특별자치도 익산시,8006,I212,MA010120220807315754,이지커피마켓,카페,52140530,평화동,126.921573880861,35.9348540181127
전북특별자치도 익산시,8006,I212,MA010120220811998112,초코마마,카페,52140410,왕궁면,127.105162788756,35.990530139511
전북특별자치도 익산시,8006,I212,MA010120220805166444,휘연당,카페,52140595,남중동,126.952915864083,35.9492091689711
전북특별자치도 익산시,8006,I212,MA010120220800924792,지금여기,카페,52140656,신동,126.955392329593,35.9604395714871
전북특별자치도 익산시,8006,I212,MA010120220805955743,빈스리치전국총판,카페,52140610,모현동,126.936734670909,35.947696657686
전북특별자치도 익산시,8006,I212,MA0101202209A0000433,메이,카페,52140646,영등1동,126.971047662535,35.9529280254976
전북특별자치도 익산시,8006,I212,MA0101202210A0028834,인홈,카페,52140646,영등1동,126.978529338792,35.9539029371013
전북특별자치도 익산시,8006,I212,MA010120220802375442,돌아온옛날통닭,카페,52140647,영등2동,126.978959917882,35.9603739181095
전북특별자치도 익산시,8006,I212,MA010120220806617728,수제전통차,카페,52140656,신동,126.959150582718,35.9598551037362
전북특별자치도 익산시,8006,I212,MA010120220811805406,시옷,카페,52140646,영등1동,126.976944898114,35.9516946030818
전북특별자치도 익산시,8006,I212,MA010120220813203293,밀리브라운,카페,52140690,삼성동,126.993969725816,35.9579873251235
전북특별자치도 익산시,8006,I212,MA010120220813740351,카페베네부송점,카페,52140690,삼성동,126.986830685146,35.9595549116594
전북특별자치도 익산시,8006,I212,MA010120220802947795,좋아서카페,카페,52140595,남중동,126.949472206298,35.9438453804587
전북특별자치도 익산시,8006,I212,MA010120220805541727,달리는커피익산,카페,52140610,모현동,126.934960767581,35.9483355910044
전북특별자치도 익산시,8006,I212,MA010120220806933780,셀렉토커피익산,카페,52140310,오산면,126.930637318491,35.9492524365402
전북특별자치도 익산시,8006,I212,MA010120220809810817,카페이룸,카페,52140595,남중동,126.95745986371,35.9499048212586
전북특별자치도 익산시,8006,I212,MA0101202210A0028148,액션하우스,카페,52140400,금마면,127.055370691913,36.0067586249929
전북특별자치도 익산시,8006,I212,MA010120220803284378,왕궁다원,카페,52140410,왕궁면,127.094018621361,35.9819325916475
전북특별자치도 익산시,8006,I212,MA010120220806874507,카페달달,카페,52140646,영등1동,126.970082491128,35.9551358284235
전북특별자치도 익산시,8006,I212,MA010120220812078949,쪼맨한맘달sanyachocafe,카페,52140690,삼성동,126.990344885077,35.9581943734716
전북특별자치도 익산시,8006,I212,MA010120220811793626,은파,카페,52140530,평화동,126.941290606701,35.9319452502884
전북특별자치도 익산시,8006,I212,MA010120220805236326,페르마타,카페,52140652,어양동,126.981420423985,35.9623029769699
전북특별자치도 익산시,8006,I212,MA010120220806531413,커피플라워,카페,52140646,영등1동,126.970470085344,35.9561272888808
전북특별자치도 익산시,8006,I212,MA010120220810200066,글림스커피로스터스,카페,52140420,춘포면,127.021187904286,35.9327598431361
전북특별자치도 익산시,8006,I212,MA010120220814253421,엔제리너스익산,카페,52140610,모현동,126.940921138913,35.9519166000363
전북특별자치도 익산시,8006,I212,MA010120220807320633,카페컴온,카페,52140646,영등1동,126.970126198586,35.9568121464032
전북특별자치도 익산시,8006,I212,MA010120220803332077,스윗스토리,카페,52140656,신동,126.956068239649,35.960980564582
전북특별자치도 익산시,8006,I212,MA010120220802939528,리토,카페,52140646,영등1동,126.972398219986,35.9579122034357
전북특별자치도 익산시,8006,I212,MA010120220812771561,다가온,카페,52140690,삼성동,126.989967386715,35.9629799253805
전북특별자치도 익산시,8006,I212,MA010120220810011916,사랑채썸,카페,52140656,신동,126.959072748327,35.9603147094755
전북특별자치도 익산시,8006,I212,MA010120220813539660,레몬트리,카페,52140646,영등1동,126.97085894054,35.9537120592982
전북특별자치도 익산시,8006,I212,MA010120220802147144,디저트39동산.,카페,52140580,마동,126.965911734001,35.936136536709
전북특별자치도 익산시,8006,I212,MA010120220813726616,커피방안갓,카페,52140570,동산동,126.961272209721,35.9282672701651
전북특별자치도 익산시,8006,I212,MA010120220807302778,커피플라워,카페,52140620,송학동,126.932236868985,35.9451797385218
전북특별자치도 익산시,8006,I212,MA010120220810739600,정류장카페,카페,52140595,남중동,126.952348461731,35.9527508224357
전북특별자치도 익산시,8006,I212,MA010120220807327653,판다샵,카페,52140656,신동,126.958007601918,35.9621078082074
전북특별자치도 익산시,8006,I212,MA010120220810236270,수련꽃차,카페,52140350,성당면,126.927616374479,36.1257291024869
전북특별자치도 익산시,8006,I212,MA010120220813215560,농부나라수산쉼터,카페,52140595,남중동,126.955874330439,35.9508595644792
전북특별자치도 익산시,8006,I212,MA010120220805379994,바람개비카페,카페,52140350,성당면,126.920412268096,36.1314111940553
전북특별자치도 익산시,8006,I212,MA010120220808183883,코코초콜릿익산,카페,52140652,어양동,126.984370402526,35.9562560776703
전북특별자치도 익산시,8006,I212,MA010120220807776924,터미날다방,카페,52140400,금마면,127.052243054337,35.9903575712928
전북특별자치도 익산시,8006,I212,MA010120220812526564,할리스커피,카페,52140610,모현동,126.938905284015,35.950004959927
전북특별자치도 익산시,8006,I212,MA010120220803178668,"널,그리다",카페,52140647,영등2동,126.97182124031,35.9594802268955
전북특별자치도 익산시,8006,I212,MA010120220808046096,베이리프커피,카페,52140610,모현동,126.933898398155,35.9463342544658
전북특별자치도 익산시,8006,I212,MA010120220805178526,커피플라워,카페,52140690,삼성동,126.995532604969,35.9600241957703
전북특별자치도 익산시,8006,I212,MA010120220807314524,설빙,카페,52140646,영등1동,126.976998409152,35.958282681669
전북특별자치도 익산시,8006,I212,MA0101202210A0004947,지.행.시,카페,52140370,낭산면,127.050389275575,36.0746052308662
전북특별자치도 익산시,8006,I212,MA0101202604A0023298,로컬커피,카페,52140656,신동,126.957231515097,35.9622787696262
전북특별자치도 익산시,8006,I212,MA010120220807316439,엔제리너스커피익산,카페,52140647,영등2동,126.975468419667,35.9590754698678
전북특별자치도 익산시,8006,I212,MA010120220802930810,바닐라크림,카페,52140690,삼성동,126.993127017427,35.9607991482925
전북특별자치도 익산시,8006,I212,MA010120220813965851,여산정,카페,52140390,여산면,127.076953081252,36.0613070883701
전북특별자치도 익산시,8006,I212,MA010120220807331566,차마시는뜰,카페,52140656,신동,126.958296055892,35.9616753138585
전북특별자치도 익산시,8006,I212,MA010120220808485432,므와,카페,52140670,팔봉동,127.001185814179,35.9387459635528
전북특별자치도 익산시,8006,I212,MA010120220809140250,다옴,카페,52140380,망성면,127.020341707894,36.1329499462323
전북특별자치도 익산시,8006,I212,MA010120220809338053,어쇼드,카페,52140656,신동,126.959360206483,35.9618018524592
전북특별자치도 익산시,8006,I212,MA010120220805132261,테루아커피,카페,52140670,팔봉동,126.987198496022,35.9471809153284
전북특별자치도 익산시,8006,I212,MA010120220810579724,덕기,카페,52140670,팔봉동,127.045500660294,35.9711729908581
전북특별자치도 익산시,8006,I212,MA010120220812815017,새봄,카페,52140320,황등면,126.944167699716,36.0007291616716
전북특별자치도 익산시,8006,I212,MA010120220800079700,정아다방,카페,52140520,중앙동,126.947037133185,35.9390407083379
전북특별자치도 익산시,8006,I212,MA010120220800376491,기기커피,카페,52140690,삼성동,126.988759215093,35.9617361078642
전북특별자치도 익산시,8006,I212,MA010120220808416510,백년의사랑,카페,52140580,마동,126.959727177642,35.9377027844147
전북특별자치도 익산시,8006,I212,MA010120220807323882,폴라리스,카페,52140690,삼성동,126.987794563822,35.9630698480003
전북특별자치도 익산시,8006,I212,MA010120220810175910,우리커피,카페,52140610,모현동,126.939033769613,35.9558901270704
전북특별자치도 익산시,8006,I212,MA010120220807307712,금마도로시,카페,52140400,금마면,127.053098178387,35.9921867028772
전북특별자치도 익산시,8006,I212,MA010120220812918516,카페파스쿠찌,카페,52140690,삼성동,126.990189233462,35.9619164811914
전북특별자치도 익산시,8006,I212,MA010120220806863275,플레르,카페,52140656,신동,126.960114756423,35.9603511098882
전북특별자치도 익산시,8006,I212,MA010120220802950529,커피202,카페,52140652,어양동,126.980376821733,35.9685664217101
전북특별자치도 익산시,8006,I212,MA010120220807305093,커피베이함열점,카페,52140250,함열읍,126.962398171083,36.0774848236545
전북특별자치도 익산시,8006,I212,MA010120220806428304,제일다방,카페,52140570,동산동,126.960107469154,35.9307453106869
전북특별자치도 익산시,8006,I212,MA010120220804789653,만남카페,카페,52140652,어양동,126.979183633529,35.9527224269261
전북특별자치도 익산시,8006,I212,MA010120220810330383,한국꽃차아카데미라니스카페,카페,52140360,용안면,126.958885244731,36.1292406278519
전북특별자치도 익산시,8006,I212,MA010120220805187595,더리터익산,카페,52140647,영등2동,126.981010819642,35.9599416650518
전북특별자치도 익산시,8006,I212,MA010120220812898677,델리호응,카페,52140652,어양동,126.979992693924,35.9531010856781
전북특별자치도 익산시,8006,I212,MA010120220805045120,"제이,커피",카페,52140610,모현동,126.942919012887,35.9481413663269
전북특별자치도 익산시,8006,I212,MA010120220809702942,할리스커피익산,카페,52140647,영등2동,126.97623314822,35.9595803180792
전북특별자치도 익산시,8006,I212,MA010120220805936735,카페라이즈,카페,52140670,팔봉동,126.9925295663,35.9484431037999
전북특별자치도 익산시,8006,I212,MA0101202603A0001914,스푼케이크,카페,52140656,신동,126.960114756423,35.9603511098882
전북특별자치도 익산시,8006,I212,MA0101202602A0035720,카페인중독익산원광대점,카페,52140656,신동,126.95963742886,35.9616397229102
전북특별자치도 익산시,8006,I212,MA010120220811854550,마동25,카페,52140580,마동,126.961534344837,35.9361262014622
전북특별자치도 익산시,8006,I212,MA010120220800053183,메가엠지씨커피익산,카페,52140652,어양동,126.981708990037,35.960834000824
전북특별자치도 익산시,8006,I212,MA010120220807829254,더리터영등,카페,52140646,영등1동,126.971146251682,35.9561454781498
전북특별자치도 익산시,8006,I212,MA010120220812169503,메종드브아,카페,52140620,송학동,126.942968858739,35.9404718203763
전북특별자치도 익산시,8006,I212,MA010120220812824665,작은카페,카페,52140690,삼성동,126.987341009346,35.9570405068218
전북특별자치도 익산시,8006,I212,MA010120220814252743,금마당,카페,52140400,금마면,127.049559323965,35.9902775987669
전북특별자치도 익산시,8006,I212,MA010120220806660312,카페프리,카페,52140610,모현동,126.937923917088,35.9434794669605
전북특별자치도 익산시,8006,I212,MA010120220805241344,카페다인,카페,52140400,금마면,127.044685761768,36.000652720714
전북특별자치도 익산시,8006,I212,MA010120220807454933,켓츠웰,카페,52140250,함열읍,126.962699392442,36.0743666886614
전북특별자치도 익산시,8006,I212,MA010120220803867331,카페21,카페,52140595,남중동,126.956273197814,35.9511481075983
전북특별자치도 익산시,8006,I212,MA0101202604A0017222,메가엠지씨커피익산중앙체육공원점,카페,52140652,어양동,126.98361770101,35.9510918678174
전북특별자치도 익산시,8006,I212,MA0106202605A0423826,후후커피,카페,52140520,중앙동,126.947623579365,35.9404378918873
전북특별자치도 익산시,8006,I212,MA010120220811687105,리더스컴퍼니,카페,52140570,동산동,126.971067200146,35.9297390586832
전북특별자치도 익산시,8006,I212,MA010120220807054414,김민성커피,카페,52140656,신동,126.957422007934,35.958484618353
전북특별자치도 익산시,8006,I212,MA010120220805890106,데이글릿,카페,52140560,인화동,126.95407819248,35.9325997184084
전북특별자치도 익산시,8006,I212,MA010120220804802960,사십이점일구오,카페,52140560,인화동,126.955798134827,35.9284546408852
전북특별자치도 익산시,8006,I212,MA010120220807322948,커피창작마을,카페,52140400,금마면,127.060875839527,36.0114063158638
전북특별자치도 익산시,8006,I212,MA010120220812904356,카페이영자,카페,52140330,함라면,126.915190559168,36.0696831672799
전북특별자치도 익산시,8006,I212,MA010120220802783637,밀앤담,카페,52140652,어양동,126.986942699407,35.9524982116016
전북특별자치도 익산시,8006,I212,MA010120220807317718,로뎀나무,카페,52140646,영등1동,126.973519506725,35.9528294598165
전북특별자치도 익산시,8006,I212,MA010120220807053287,예담,카페,52140646,영등1동,126.977265647384,35.9541099897449
전북특별자치도 익산시,8006,I212,MA010120220806800269,나의하루,카페,52140646,영등1동,126.970859337733,35.9526305704394
전북특별자치도 익산시,8006,I212,MA010120220808056147,정,카페,52140610,모현동,126.946116175097,35.9570110536241
전북특별자치도 익산시,8006,I212,MA010120220800616996,블랜드미,카페,52140656,신동,126.93445359124,35.9719297678464
전북특별자치도 익산시,8006,I212,MA010120220808338356,탐탐&옹이,카페,52140520,중앙동,126.94783515568,35.9389058713475
전북특별자치도 익산시,8006,I212,MA010120220812719657,주호공간,카페,52140620,송학동,126.935640330697,35.9440730840564
전북특별자치도 익산시,8006,I212,MA010120220807323271,아카페,카페,52140595,남중동,126.960737465262,35.9564579585163
전북특별자치도 익산시,8006,I212,MA0101202604A0036860,빽다방익산모현현대점,카페,52140610,모현동,126.943696462694,35.945897641893
전북특별자치도 익산시,8006,I212,MA010120220808471401,빈센트블루,카페,52140652,어양동,126.979936344468,35.9567691253094
전북특별자치도 익산시,8006,I212,MA010120220811704097,드림브런치카페,카페,52140646,영등1동,126.973852770498,35.9506034675567
전북특별자치도 익산시,8006,I212,MA010120220812279329,스테인리스커피,카페,52140656,신동,126.961988688394,35.9593062799106
전북특별자치도 익산시,8006,I212,MA010120220813550648,스로우1002,카페,52140656,신동,126.954104279733,35.9641431796279
전북특별자치도 익산시,8006,I212,MA010120220808084517,빌라드네이쳐,카페,52140670,팔봉동,126.994624588341,35.9455322050166
전북특별자치도 익산시,8006,I212,MA010120220800091188,쿡커피컴퍼니,카페,52140570,동산동,126.967776210852,35.9294858720446
전북특별자치도 익산시,8006,I212,MA010120220808337645,띵똥와플,카페,52140656,신동,126.956843374813,35.9625399900909
전북특별자치도 익산시,8006,I212,MA010120220809885717,더리터익산배산점,카페,52140610,모현동,126.936048771988,35.9461010965711
전북특별자치도 익산시,8006,I212,MA010120220812569265,싸구려,카페,52140656,신동,126.957054076231,35.9624048797729
전북특별자치도 익산시,8006,I212,MA010120220813778855,에이레네,카페,52140420,춘포면,127.053395514811,35.9232056591161
전북특별자치도 익산시,8006,I212,MA010120220810200044,라메종.오스모스,카페,52140646,영등1동,126.973464591358,35.9513153628625
전북특별자치도 익산시,8006,I212,MA010120220812201497,리틀버드,카페,52140656,신동,126.965147583288,35.960217491018
전북특별자치도 익산시,8006,I212,MA010120220811558085,하가다캘리카페,카페,52140520,중앙동,126.947115940799,35.9371931949787
전북특별자치도 익산시,8006,I212,MA010120220810335521,아미소,카페,52140595,남중동,126.951485531759,35.9500557661521
전북특별자치도 익산시,8006,I212,MA0106202605A1931345,브루커피,카페,52140652,어양동,126.989447620796,35.9534717980954
전북특별자치도 익산시,8006,I212,MA010120220808594065,꽃담,카페,52140610,모현동,126.936083002003,35.9448844383571
전북특별자치도 익산시,8006,I212,MA010120220805397976,어스플러그,카페,52140595,남중동,126.952748688949,35.9507502257566
전북특별자치도 익산시,8006,I212,MA010120220813441227,커피타임,카페,52140690,삼성동,126.991985541464,35.9575726385627
전북특별자치도 익산시,8006,I212,MA010120220814016725,카페오늘,카페,52140595,남중동,126.956251263139,35.9507245162945
전북특별자치도 익산시,8006,I212,MA010120220806570106,컴포즈커피,카페,52140570,동산동,126.96411725499,35.9343515516564
전북특별자치도 익산시,8006,I212,MA010120220813505514,이디야커피익산,카페,52140530,평화동,126.944105389094,35.9318023947919
전북특별자치도 익산시,8006,I212,MA010120220803716688,아울렛커피숍,카페,52140670,팔봉동,127.018869377124,35.9689180256118
전북특별자치도 익산시,8006,I212,MA010120220812667458,카페봄,카페,52140646,영등1동,126.972998208397,35.9538116961203
전북특별자치도 익산시,8006,I212,MA010120220807317269,파스쿠찌,카페,52140610,모현동,126.939191829714,35.9521410465833
전북특별자치도 익산시,8006,I212,MA010120220813571283,키다리아저씨,카페,52140646,영등1동,126.966749784231,35.9461225397303
전북특별자치도 익산시,8006,I212,MA010120220804373188,오가다제일탑내과점,카페,52140652,어양동,126.981931064652,35.9592298276456
전북특별자치도 익산시,8006,I212,MA010120220813461659,달콤마실,카페,52140360,용안면,126.971010626949,36.0844266221307
전북특별자치도 익산시,8006,I212,MA010120220810306370,검이불루,카페,52140652,어양동,126.979999224685,35.9711619256828
전북특별자치도 익산시,8006,I212,MA010120220814120973,나비애뜰,카페,52140420,춘포면,127.015949870584,35.9503529082847
전북특별자치도 익산시,8006,I212,MA010120220805089119,사브로소커피,카페,52140310,오산면,126.912428766871,35.9673464391251
전북특별자치도 익산시,8006,I212,MA010120220806438417,부엉이식당&전통찻집,카페,52140580,마동,126.96641037104,35.9362628513338
전북특별자치도 익산시,8006,I212,MA010120220807069599,만나,카페,52140595,남중동,126.956766402174,35.9410453655009
전북특별자치도 익산시,8006,I212,MA010120220807314053,율,카페,52140690,삼성동,126.996696643763,35.958167679178
전북특별자치도 익산시,8006,I212,MA010120220810133565,함라정원,카페,52140330,함라면,126.913003614499,36.0496113308677
전북특별자치도 익산시,8006,I212,MA010120220807338463,사파이어,카페,52140690,삼성동,126.989801376102,35.9608349613457
전북특별자치도 익산시,8006,I212,MA010120220808542187,태담컴퍼니여산휴게소하행드롭탑,카페,52140390,여산면,127.102808413133,36.0477152523435
전북특별자치도 익산시,8006,I212,MA010120220803003552,하삼동커피,카페,52140610,모현동,126.939679947335,35.951600548364
전북특별자치도 익산시,8006,I212,MA010120220809578811,카페보소,카페,52140570,동산동,126.973901602407,35.9369316337334
전북특별자치도 익산시,8006,I212,MA010120220809372997,커프레소,카페,52140690,삼성동,126.986531179022,35.9607535273198
전북특별자치도 익산시,8006,I212,MA010120220802970591,모나코,카페,52140560,인화동,126.954673615396,35.93781814425
전북특별자치도 익산시,8006,I212,MA010120220805431614,더블유하우스,카페,52140652,어양동,126.988671805791,35.9528048091626
전북특별자치도 익산시,8006,I212,MA0101202604A0021991,설빙,카페,52140690,삼성동,126.989047695439,35.959888593199
전북특별자치도 익산시,8006,I212,MA0101202512A0043857,소다팥,카페,52140652,어양동,126.988849045016,35.9535889052765
전북특별자치도 익산시,8006,I212,MA0106202512A0488572,스타벅스,카페,52140656,신동,126.957097629225,35.963864902942
전북특별자치도 익산시,8006,I212,MA0101202601A0011923,봉명동내커피,카페,52140656,신동,126.956701695889,35.9580788026537
전북특별자치도 익산시,8006,I212,MA0101202601A0042516,더리터부송점,카페,52140690,삼성동,126.991010011001,35.9580141771197
전북특별자치도 익산시,8006,I212,MA0101202508A0027989,청년카페,카페,52140580,마동,126.95671141137,35.9402702770168
전북특별자치도 익산시,8006,I212,MA0101202511A0018782,알엠카페,카페,52140656,신동,126.962961303056,35.9654890862
전북특별자치도 익산시,8006,I212,MA0101202509A0033256,성지다방,카페,52140530,평화동,126.943960885664,35.9324331981314
전북특별자치도 익산시,8006,I212,MA0101202604A0051096,하루,카페,52140646,영등1동,126.97725449569,35.9543443102014
전북특별자치도 익산시,8006,I212,MA0101202604A0039100,알라와,카페,52140410,왕궁면,127.099507728432,35.9910396546877
전북특별자치도 익산시,8006,I212,MA0101202604A0007775,컴포즈커피익산부송라온점,카페,52140690,삼성동,126.98590939003,35.9664042260726
전북특별자치도 익산시,8006,I212,MA0101202603A0049956,텐퍼센트커피익산모현현대점,카페,52140610,모현동,126.943960948999,35.9480427207444
전북특별자치도 익산시,8006,I212,MA0101202602A0028834,테리어,카페,52140320,황등면,126.947453797237,35.99598114339
전북특별자치도 익산시,8006,I212,MA0101202511A0029003,늘담,카페,52140610,모현동,126.933898390649,35.9463432668784
전북특별자치도 익산시,8006,I212,MA0101202509A0006684,슬기로운과일,카페,52140646,영등1동,126.970448627396,35.9542166537522
전북특별자치도 익산시,8006,I212,MA0101202510A0034411,스윗앤샷,카페,52140690,삼성동,126.99381439158,35.9598258467525
전북특별자치도 익산시,8006,I212,MA0101202505A0048976,나우커피,카페,52140652,어양동,126.984748053921,35.9522636301382
전북특별자치도 익산시,8006,I212,MA0101202506A0018690,물다방,카페,52140530,평화동,126.946321309917,35.9323351399373
전북특별자치도 익산시,8006,I212,MA0101202511A0038883,로드메이플,카페,52140580,마동,126.963906148466,35.9355681671181
전북특별자치도 익산시,8006,I212,MA0101202509A0009691,잔결,카페,52140320,황등면,126.944621455515,36.0021262838329
전북특별자치도 익산시,8006,I212,MA0101202502A0002509,컴포즈커피익산,카페,52140610,모현동,126.944271684088,35.9474840956792
전북특별자치도 익산시,8006,I212,MA0101202506A0017713,누바,카페,52140646,영등1동,126.97293155087,35.9542532890346
전북특별자치도 익산시,8006,I212,MA0101202508A0013398,달콤한옥,카페,52140330,함라면,126.909692471237,36.0628028160973
전북특별자치도 익산시,8006,I212,MA0101202507A0040930,더리터동산점,카페,52140570,동산동,126.966600403274,35.9323695319104
전북특별자치도 익산시,8006,I212,MA010120220805207037,기찻길,카페,52140520,중앙동,126.946317087229,35.9385807546287
전북특별자치도 익산시,8006,I212,MA010120220804848073,더바움,카페,52140610,모현동,126.941863461748,35.9516917499473
전북특별자치도 익산시,8006,I212,MA010120220807321998,시가있는풍경,카페,52140340,웅포면,126.877499704519,36.0650723610373
전북특별자치도 익산시,8006,I212,MA010120220812036410,예밭,카페,52140595,남중동,126.955221896331,35.9481555989559
전북특별자치도 익산시,8006,I212,MA010120220813599961,함열달빛,카페,52140250,함열읍,126.961654096218,36.0780072966752
전북특별자치도 익산시,8006,I212,MA010120220803375661,자이언카페,카페,52140610,모현동,126.942177785139,35.946248404207
전북특별자치도 익산시,8006,I212,MA010120220807311656,커피이야기,카페,52140646,영등1동,126.970958882143,35.9532164011085
전북특별자치도 익산시,8006,I212,MA010120220803094307,티파니에서아침을,카페,52140690,삼성동,126.988260967878,35.9576534436645
전북특별자치도 익산시,8006,I212,MA010120220800221736,줌갤러리카페정이든케이크,카페,52140646,영등1동,126.977863872029,35.9553267763503
전북특별자치도 익산시,8006,I212,MA010120220809978976,앤서니하우스,카페,52140647,영등2동,126.97979140521,35.9600496146893
전북특별자치도 익산시,8006,I212,MA010120220803715397,일칠공팔,카페,52140580,마동,126.96469905395,35.9467978854802
전북특별자치도 익산시,8006,I212,MA0101202602A0002962,텐퍼센트커피,카페,52140690,삼성동,126.989757004002,35.9610692798776
전북특별자치도 익산시,8006,I212,MA0101202508A0000155,하늘정원,카페,52140520,중앙동,126.950749618313,35.9392405623146
전북특별자치도 익산시,8006,I212,MA0101202602A0000574,마루팥빙수단팥죽,카페,52140610,모현동,126.94360796864,35.9456542650623
전북특별자치도 익산시,8006,I212,MA0101202506A0028556,치미,카페,52140690,삼성동,126.995821090337,35.954968248747
전북특별자치도 익산시,8006,I212,MA0106202509A2473811,스타벅스,카페,52140690,삼성동,126.990821886005,35.9552383427287
전북특별자치도 익산시,8006,I212,MA0101202508A0010492,텐퍼센트커피익산영등,카페,52140647,영등2동,126.976099896717,35.9603373330376
전북특별자치도 익산시,8006,I212,MA0101202508A0000732,커피그리다봄,카페,52140652,어양동,126.978850205256,35.9560930085804
전북특별자치도 익산시,8006,I212,MA0101202504A0081717,빽다방익산하나로,카페,52140652,어양동,126.981931064652,35.9592298276456
전북특별자치도 익산시,8006,I212,MA0101202507A0030913,기와당,카페,52140580,마동,126.968149710585,35.937606177828
전북특별자치도 익산시,8006,I212,MA0101202507A0031453,어양커피,카페,52140652,어양동,126.983684200045,35.9511189141094
전북특별자치도 익산시,8006,I212,MA0101202506A0037640,더벤티,카페,52140570,동산동,126.970269147156,35.9303066475972
전북특별자치도 익산시,8006,I212,MA0101202508A0001634,풀멍목하,카페,52140595,남중동,126.950080761263,35.9454588582745
전북특별자치도 익산시,8006,I212,MA0101202510A0007141,드림,카페,52140530,평화동,126.918874835752,35.9191885953866
전북특별자치도 익산시,8006,I212,MA0101202512A0036948,공감카페,카페,52140690,삼성동,126.998215312989,35.9576269672971
전북특별자치도 익산시,8006,I212,MA0101202512A0042494,아이스크림&커피,카페,52140610,모현동,126.942623473813,35.9429951345399
전북특별자치도 익산시,8006,I212,MA0101202512A0029801,커피볶는마을,카페,52140647,영등2동,126.972984134734,35.9625897709846
전북특별자치도 익산시,8006,I212,MA0101202601A0050181,카페in-情전북익산시니어클럽,카페,52140610,모현동,126.941186177945,35.9532415541381
전북특별자치도 익산시,8006,I212,MA0101202602A0005353,단지,카페,52140560,인화동,126.956104629869,35.9352771700792
전북특별자치도 익산시,8006,I212,MA0101202603A0028855,더리터원광대점,카페,52140656,신동,126.955889052666,35.9642519976138
전북특별자치도 익산시,8006,I212,MA0101202604A0004043,포피오,카페,52140652,어양동,126.984203527265,35.9592842226587
전북특별자치도 익산시,8006,I212,MA0101202603A0027121,더벤티익산,카페,52140595,남중동,126.957195191075,35.9474173008079
전북특별자치도 익산시,8006,I212,MA0101202603A0016012,큐알카페,카페,52140656,신동,126.959394731961,35.9593234551101
전북특별자치도 익산시,8006,I212,MA0101202603A0027406,컴포즈커피익산모현도서관점,카페,52140610,모현동,126.93470535291,35.9489302716125
전북특별자치도 익산시,8006,I212,MA0101202603A0000115,눈들재,카페,52140652,어양동,126.989902259128,35.9520839262396
전북특별자치도 익산시,8006,I212,MA010120220813604111,에이치엔커피컴퍼니,카페,52140390,여산면,127.104619970874,36.0497144069518
전북특별자치도 익산시,8006,I212,MA010120220808490311,하이디,카페,52140400,금마면,127.042538415366,36.0086834874605
전북특별자치도 익산시,8006,I212,MA010120220804431878,볼오브크림,카페,52140652,어양동,126.984658700224,35.9557784574591
전북특별자치도 익산시,8006,I212,MA010120220800528448,이레커피,카페,52140420,춘포면,127.053108056227,35.9241430815676
전북특별자치도 익산시,8006,I212,MA010120220811900273,베이커리카페웅포,카페,52140340,웅포면,126.876436750029,36.0633769699579
전북특별자치도 익산시,8006,I212,MA010120220810174043,엔젤,카페,52140250,함열읍,126.96116723353,36.0521239889636
전북특별자치도 익산시,8006,I212,MA010120220803110922,온즈,카페,52140570,동산동,126.962501071599,35.9306379328976
전북특별자치도 익산시,8006,I212,MA010120220812124901,카페보우,카페,52140595,남중동,126.94975961915,35.9450261281687
전북특별자치도 익산시,8006,I212,MA010120220809830959,윈썸,카페,52140647,영등2동,126.975479451952,35.9592467077043
전북특별자치도 익산시,8006,I212,MA010120220804973565,미토네,카페,52140595,남중동,126.959329846848,35.9561510680781
전북특별자치도 익산시,8006,I212,MA010120220813184058,그레이스하우스,카페,52140652,어양동,126.985677843524,35.9594015688409
전북특별자치도 익산시,8006,I212,MA010120220808383987,콜린,카페,52140646,영등1동,126.970071607043,35.9546040937923
전북특별자치도 익산시,8006,I212,MA010120220808040882,소담카페,카페,52140560,인화동,126.952108324599,35.9282189021222
전북특별자치도 익산시,8006,I212,MA0101202502A0011437,알보커피바,카페,52140652,어양동,126.983814576462,35.964024690839
전북특별자치도 익산시,8006,I212,MA0101202502A0064315,청춘카페,카페,52140610,모현동,126.945650620744,35.9569928189004
전북특별자치도 익산시,8006,I212,MA0101202504A0097803,그녀의아침,카페,52140647,영등2동,126.973161002827,35.9640768554688
전북특별자치도 익산시,8006,I212,MA0101202504A0089036,컴포즈커피익산배산점,카페,52140610,모현동,126.932829491852,35.9521196297691
전북특별자치도 익산시,8006,I212,MA0101202502A0118595,요아정익산,카페,52140580,마동,126.966532588653,35.9355148534595
전북특별자치도 익산시,8006,I212,MA0101202412A0010617,메가엠지씨커피익산영등,카페,52140646,영등1동,126.971622830564,35.9563348522487
전북특별자치도 익산시,8006,I212,MA0101202502A0008029,메가엠지씨커피익산부송우남점,카페,52140690,삼성동,126.998348295047,35.9594564864501
전북특별자치도 익산시,8006,I212,MA0101202504A0022281,말라키,카페,52140647,영등2동,126.971599250961,35.9602732655823
전북특별자치도 익산시,8006,I212,MA0101202412A0042004,쉬즈베이글,카페,52140690,삼성동,126.984690670951,35.9624296122223
전북특별자치도 익산시,8006,I212,MA0101202504A0058990,빽다방익산역,카페,52140620,송학동,126.942758126662,35.9406970307186
전북특별자치도 익산시,8006,I212,MA0101202502A0111954,카페일리터익산,카페,52140646,영등1동,126.971492079327,35.9500261356892
전북특별자치도 익산시,8006,I212,MA0101202502A0072360,카페플로우,카페,52140690,삼성동,126.992650240954,35.9618986323524
전북특별자치도 익산시,8006,I212,MA0101202502A0032368,청년카페익산지역자활센터,카페,52140410,왕궁면,127.088128177491,35.9796839719252
전북특별자치도 익산시,8006,I212,MA0106202501A0500241,스타벅스,카페,52140647,영등2동,126.980222608081,35.9645648961217
전북특별자치도 익산시,8006,I212,MA0101202506A0004817,시에나브런치,카페,52140647,영등2동,126.980700083799,35.9613655741943
전북특별자치도 익산시,8006,I212,MA0101202505A0001475,커피로드뷰익산,카페,52140652,어양동,126.979560732784,35.9518212507863
전북특별자치도 익산시,8006,I212,MA0101202507A0026668,메가엠지씨커피익산금마,카페,52140400,금마면,127.052475261188,35.9893390741824
전북특별자치도 익산시,8006,I212,MA0101202502A0098507,빽다방익산금마점,카페,52140400,금마면,127.05225457185,35.9910064555268
전북특별자치도 익산시,8006,I212,MA0101202502A0045015,카페글피,카페,52140595,남중동,126.959322499973,35.9488600270184
전북특별자치도 익산시,8006,I212,MA0101202502A0023763,청춘카페,카페,52140250,함열읍,126.966205798066,36.0781708864534
전북특별자치도 익산시,8006,I212,MA0101202505A0016836,텐퍼센트커피익산예술의전당점,카페,52140652,어양동,126.988627604064,35.9518585019816
전북특별자치도 익산시,8006,I212,MA0101202506A0025231,아이갓에브리씽카페익산,카페,52140595,남중동,126.957914978785,35.9486342314037
전북특별자치도 익산시,8006,I212,MA0101202507A0014813,거리에서다,카페,52140610,모현동,126.946631367664,35.9491524647137
전북특별자치도 익산시,8006,I212,MA0101202506A0004357,카페에그,카페,52140647,영등2동,126.980023775421,35.9617259593489
전북특별자치도 익산시,8006,I212,MA0101202504A0047209,제니카페,카페,52140610,모현동,126.940467281377,35.9511232837617
전북특별자치도 익산시,8006,I212,MA0101202506A0014020,더벤티익산평화하늘채점,카페,52140530,평화동,126.946663158769,35.9348317372328
전북특별자치도 익산시,8006,I212,MA0101202411A0054826,이리온,카페,52140610,모현동,126.938029462629,35.9502478460356
전북특별자치도 익산시,8006,I212,MA0101202411A0109454,카페모드,카페,52140646,영등1동,126.966871521098,35.9465551694614
전북특별자치도 익산시,8006,I212,MA0101202411A0059608,메가엠지씨커피익산마동풍경채점,카페,52140580,마동,126.969291569134,35.9365970829623
전북특별자치도 익산시,8006,I212,MA0101202509A0026204,동네카페,카페,52140330,함라면,126.91045149099,36.0590633047999
전북특별자치도 익산시,8006,I212,MA0101202507A0040772,이도커피,카페,52140520,중앙동,126.94930827379,35.9402223169018
전북특별자치도 익산시,8006,I212,MA0101202505A0062361,"카페,온유",카페,52140570,동산동,126.961603181647,35.9312775324012
전북특별자치도 익산시,8006,I212,MA0101202507A0008849,커피하임,카페,52140652,어양동,126.978961337627,35.9550205519719
전북특별자치도 익산시,8006,I212,MA0101202505A0025322,더벤티팔봉점,카페,52140670,팔봉동,127.004201446935,35.9619168086572
전북특별자치도 익산시,8006,I212,MA0101202509A0001016,빌리,카페,52140610,모현동,126.934096679986,35.9478033872448
전북특별자치도 익산시,8006,I212,MA0101202509A0027100,컴포즈커피익산원광대점,카페,52140656,신동,126.957751864236,35.9635497013348
전북특별자치도 익산시,8006,I212,MA0101202507A0035981,세인트빈스커피,카페,52140390,여산면,127.083311180867,36.0594733527698
전북특별자치도 익산시,8006,I212,MA0101202509A0037730,텐퍼센트커피익산선화로점,카페,52140646,영등1동,126.969576024558,35.9461953887033
전북특별자치도 익산시,8006,I212,MA0101202601A0019545,카페윤,카페,52140670,팔봉동,127.003158726258,35.9450095634455
전북특별자치도 익산시,8006,I212,MA0101202512A0033957,포카포카,카페,52140400,금마면,127.053828197629,35.9893745242048
전북특별자치도 익산시,8006,I212,MA0101202508A0030996,이디야커피,카페,52140570,동산동,126.965313809476,35.9349827738418
전북특별자치도 익산시,8006,I212,MA0101202508A0020436,더벤티익산부송라온점,카페,52140690,삼성동,126.98711777543,35.9664944857563
전북특별자치도 익산시,8006,I212,MA010120220807303961,빈앤빈,카페,52140656,신동,126.957685632889,35.9630179468524
전북특별자치도 익산시,8006,I212,MA010120220806420231,서서히,카페,52140430,삼기면,126.970324071075,36.0204574434415
전북특별자치도 익산시,8006,I212,MA010120220808661004,메가엠지씨커피익산,카페,52140610,모현동,126.943419963138,35.9450773817929
전북특별자치도 익산시,8006,I212,MA010120220806341762,카페218,카페,52140690,삼성동,126.993005662245,35.9541660135443
전북특별자치도 익산시,8006,I212,MA010120220810040707,꼴랑지,카페,52140647,영등2동,126.980100587665,35.9648622848465
전북특별자치도 익산시,8006,I212,MA010120220800844043,컨셉1,카페,52140610,모현동,126.943571072441,35.9507823115209
전북특별자치도 익산시,8006,I212,MA010120220807397848,투썸플레이스원광대점,카페,52140656,신동,126.957675614726,35.9610171917979
전북특별자치도 익산시,8006,I212,MA010120220812888635,로하ROHA,카페,52140656,신동,126.943666681715,35.9722318551428
전북특별자치도 익산시,8006,I212,MA010120220807318962,커피볶는마을,카페,52140647,영등2동,126.972973049029,35.9625897684885
전북특별자치도 익산시,8006,I212,MA010120220812515148,더착한커피,카페,52140690,삼성동,126.990167415257,35.9590685618697
전북특별자치도 익산시,8006,I212,MA0101202411A0022317,상상락원익산원광대점,카페,52140656,신동,126.958052687964,35.960701890327
전북특별자치도 익산시,8006,I212,MA0101202411A0072477,블루샥익산,카페,52140610,모현동,126.940001456248,35.9515105854198
전북특별자치도 익산시,8006,I212,MA0101202411A0093070,카페362세계유산,카페,52140400,금마면,127.053338981946,35.9874731359984
전북특별자치도 익산시,8006,I212,MA0101202411A0144694,도도한커피,카페,52140570,동산동,126.961857060894,35.9333414618832
전북특별자치도 익산시,8006,I212,MA0101202411A0109573,유즈,카페,52140410,왕궁면,127.090534140566,35.9698406701014
전북특별자치도 익산시,8006,I212,MA0101202411A0002745,익산카페청풍명월,카페,52140380,망성면,127.038687132894,36.0946887824092
전북특별자치도 익산시,8006,I212,MA0101202503A0018003,몽뜨레,카페,52140350,성당면,126.936471755579,36.0682724026398
전북특별자치도 익산시,8006,I212,MA0101202505A0054933,카페우히,카페,52140580,마동,126.961057588658,35.9365946942655
전북특별자치도 익산시,8006,I212,MA0101202502A0085549,하마커피,카페,52140646,영등1동,126.971035841236,35.9549468017713
전북특별자치도 익산시,8006,I212,MA0101202504A0034238,할리스커피부송점,카페,52140690,삼성동,126.989036400846,35.961402674868
전북특별자치도 익산시,8006,I212,MA0101202503A0053123,투썸플레이스익산마동자이그랜드점,카페,52140580,마동,126.96491213852,35.941147159592
전북특별자치도 익산시,8006,I212,MA0101202504A0091421,카페아이즈,카페,52140560,인화동,126.95478400665,35.9385752299991
전북특별자치도 익산시,8006,I212,MA0101202504A0043514,몽땅,카페,52140595,남중동,126.956913961748,35.9550416994273
전북특별자치도 익산시,8006,I212,MA0101202502A0068282,금종제과,카페,52140520,중앙동,126.951113901394,35.941574929683
전북특별자치도 익산시,8006,I212,MA0101202503A0080189,고유,카페,52140656,신동,126.957043654336,35.961179190383
전북특별자치도 익산시,8006,I212,MA0101202505A0063845,그릭요거,카페,52140646,영등1동,126.968044971179,35.9500252674588
전북특별자치도 익산시,8006,I212,MA0101202504A0111535,철희커피,카페,52140560,인화동,126.951364573985,35.9303906019449
전북특별자치도 익산시,8006,I212,MA0101202412A0036162,마라나타,카페,52140595,남중동,126.956707749399,35.9469845299966
전북특별자치도 익산시,8006,I212,MA0101202412A0019124,메가엠지씨커피익산황등오투점,카페,52140320,황등면,126.944299980915,36.0018828019876
전북특별자치도 익산시,8006,I212,MA0101202502A0109171,더리터평동로점,카페,52140570,동산동,126.959011494698,35.9286720796346
전북특별자치도 익산시,8006,I212,MA0101202411A0148769,디저트39부송점,카페,52140690,삼성동,126.98855951725,35.9628265887351
전북특별자치도 익산시,8006,I212,MA0101202504A0109780,나우커피팔봉,카페,52140670,팔봉동,127.015509130394,35.9637544083819
전북특별자치도 익산시,8006,I212,MA0101202503A0009650,공차익산,카페,52140647,영등2동,126.976532514889,35.959364079424
전북특별자치도 익산시,8006,I212,MA0101202502A0070772,설빙익산,카페,52140580,마동,126.964072654724,35.9349553715044
전북특별자치도 익산시,8006,I212,MA010120220803530350,빽다방익산영등,카페,52140646,영등1동,126.970791498136,35.95625354118
전북특별자치도 익산시,8006,I212,MA010120220808993150,다락방,카페,52140656,신동,126.956245557583,35.961070753317
전북특별자치도 익산시,8006,I212,MA010120220807327638,천다향,카페,52140520,중앙동,126.951967274415,35.9415752741886
전북특별자치도 익산시,8006,I212,MA010120220812007528,우주노래연습장,카페,52140610,모현동,126.93840556227,35.9512213799477
전북특별자치도 익산시,8006,I212,MA010120220813578481,오늘,카페,52140400,금마면,127.023863185806,36.021819599051
전북특별자치도 익산시,8006,I212,MA010120220806455269,메가엠지씨커피원광대점,카페,52140656,신동,126.956854406583,35.9626391303844
전북특별자치도 익산시,8006,I212,MA010120220801318491,카페글램,카페,52140690,삼성동,126.991253473063,35.9617273031723
전북특별자치도 익산시,8006,I212,MA010120220804473275,황토다원,카페,52140656,신동,126.965299340341,35.968076340198
전북특별자치도 익산시,8006,I212,MA010120220813943728,옥다방,카페,52140595,남중동,126.959375750417,35.9530958781835
전북특별자치도 익산시,8006,I212,MA010120220807367056,이디야커피익산,카페,52140595,남중동,126.957605317354,35.947354359451
전북특별자치도 익산시,8006,I212,MA010120220810013044,코드카페,카페,52140646,영등1동,126.97184596631,35.9522793219755
전북특별자치도 익산시,8006,I212,MA0101202409A0218205,이디야커피송학점,카페,52140620,송학동,126.937175527921,35.9368369194868
전북특별자치도 익산시,8006,I212,MA0101202409A0206872,대추꽃갤러리카페,카페,52140250,함열읍,126.957433739948,36.0810520015649
전북특별자치도 익산시,8006,I212,MA0101202411A0085465,영이크레페,카페,52140580,마동,126.961590722764,35.9341254589787
전북특별자치도 익산시,8006,I212,MA0101202412A0063561,꽃마리댁,카페,52140250,함열읍,126.974498961743,36.0780467667957
전북특별자치도 익산시,8006,I212,MA0101202411A0138686,백송다방,카페,52140580,마동,126.959361602546,35.9374322882805
전북특별자치도 익산시,8006,I212,MA0101202412A0065784,왕궁카페,카페,52140420,춘포면,127.057183620243,35.9213653741924
전북특별자치도 익산시,8006,I212,MA0103202411C0001970,토담다방,카페,52140610,모현동,126.943759475756,35.9508184495909
전북특별자치도 익산시,8006,I212,MA0101202411A0059470,쌀콩쌀콩,카페,52140670,팔봉동,127.014145822544,35.9651785346395
전북특별자치도 익산시,8006,I212,MA0101202411A0025702,더벤티영등,카페,52140646,영등1동,126.972166018883,35.9562448554179
전북특별자치도 익산시,8006,I212,MA0101202406A0232911,컴포즈커피익산덕기점,카페,52140670,팔봉동,127.040560332342,35.9798356538403
전북특별자치도 익산시,8006,I212,MA0101202412A0060596,카페DAON,카페,52140620,송학동,126.928781930703,35.9417890681771
전북특별자치도 익산시,8006,I212,MA0101202501A0042490,컴포즈커피익산부송라온점,카페,52140690,삼성동,126.98590939003,35.9664042260726
전북특별자치도 익산시,8006,I212,MA0101202501A0045633,포레바움,카페,52140646,영등1동,126.977576329784,35.9529925096573
전북특별자치도 익산시,8006,I212,MA0101202412A0071891,베이리프커피,카페,52140610,모현동,126.933898398155,35.9463342544658
전북특별자치도 익산시,8006,I212,MA0101202501A0035144,더리터,카페,52140610,모현동,126.943584969166,35.946825868515
전북특별자치도 익산시,8006,I212,MA010120220802881941,우리들의정원,카페,52140430,삼기면,127.018027815961,36.0221360488445
전북특별자치도 익산시,8006,I212,MA010120220810131376,설빙익산,카페,52140610,모현동,126.939669705978,35.950492016792
전북특별자치도 익산시,8006,I212,MA010120220809275533,다온유통,카페,52140656,신동,126.955394255304,35.9570148605415
전북특별자치도 익산시,8006,I212,MA010120220812827535,유메이크미,카페,52140656,신동,126.957044991541,35.9587097939907
전북특별자치도 익산시,8006,I212,MA010120220805239649,비올,카페,52140646,영등1동,126.978385159382,35.9542003206469
전북특별자치도 익산시,8006,I212,MA010120220812274072,미당,카페,52140620,송학동,126.931273178934,35.9445393088821
전북특별자치도 익산시,8006,I212,MA010120220807318583,투썸플레이스익산,카페,52140647,영등2동,126.968318309425,35.9594433037098
전북특별자치도 익산시,8006,I212,MA010120220814033685,엘림로스터리,카페,52140520,중앙동,126.952224298846,35.9380515176304
전북특별자치도 익산시,8006,I212,MA010120220810384622,릴렉스인더블랙브릭,카페,52140656,신동,126.954262013517,35.9597542038642
전북특별자치도 익산시,8006,I212,MA010120220806399672,단미,카페,52140652,어양동,126.983437523913,35.9646555067918
전북특별자치도 익산시,8006,I212,MA010120220804662975,황등커피집,카페,52140320,황등면,126.944352207396,36.0064791146366
전북특별자치도 익산시,8006,I212,MA010120220804879961,리카페,카페,52140647,영등2동,126.980567328957,35.9602570279818
전북특별자치도 익산시,8006,I212,MA010120220800301131,오렌지카운티,카페,52140570,동산동,126.956485572591,35.9276888341668
전북특별자치도 익산시,8006,I212,MA010120220805840734,커피깡.패밀리,카페,52140595,남중동,126.960111265171,35.9452463125822
전북특별자치도 익산시,8006,I212,MA0101202406A0047578,하이브루스81,카페,52140570,동산동,126.966202217864,35.9306119945814
전북특별자치도 익산시,8006,I212,MA0101202409A0018643,신스토리,카페,52140610,모현동,126.938637854691,35.9518343427544
전북특별자치도 익산시,8006,I212,MA0101202409A0065703,이디야익산,카페,52140646,영등1동,126.972066366582,35.9559293981397
전북특별자치도 익산시,8006,I212,MA0101202406A0111091,달빛,카페,52140595,남중동,126.95733137732,35.9414961889265
전북특별자치도 익산시,8006,I212,MA0101202406A0491379,아뜰,카페,52140520,중앙동,126.952466781429,35.9402686712855
전북특별자치도 익산시,8006,I212,MA0101202406A0070337,텐퍼센트커피익산모현도서관점,카페,52140610,모현동,126.933808580702,35.9477131045703
전북특별자치도 익산시,8006,I212,MA0101202409A0095532,이디야,카페,52140520,중앙동,126.947490701347,35.9402665977337
전북특별자치도 익산시,8006,I212,MA0101202409A0087295,어나더탑,카페,52140520,중앙동,126.950724779343,35.9435484912716
전북특별자치도 익산시,8006,I212,MA0101202409A0034361,더벤티익산IC점,카페,52140670,팔봉동,127.029956834765,35.9712139275207
전북특별자치도 익산시,8006,I212,MA0101202409A0214261,붐카페,카페,52140647,영등2동,126.97876032526,35.9605811680861
전북특별자치도 익산시,8006,I212,MA0101202409A0047429,빽다방익산마동풍경채점,카페,52140580,마동,126.969291569134,35.9365970829623
전북특별자치도 익산시,8006,I21003,MA010120220805804657,59쌀피자금마점,피자,52140400,금마면,127.052963220746,35.9893749091725
전북특별자치도 익산시,8006,I21003,MA010120220807120107,죠피자,피자,52140570,동산동,126.965824877849,35.9319547414313
전북특별자치도 익산시,8006,I21003,MA010120220814033691,자가제빵선명희피자익산,피자,52140646,영등1동,126.971911374381,35.955379605307
전북특별자치도 익산시,8006,I21003,MA0101202307A0042801,뚠뚠이삼촌,피자,52140652,어양동,126.98078998808,35.9563276572279
전북특별자치도 익산시,8006,I21003,MA010120220809894136,도미노피자익산,피자,52140646,영등1동,126.969429190527,35.953333182532
전북특별자치도 익산시,8006,I21003,MA0101202406A0201847,피자스톰,피자,52140520,중앙동,126.95484899886,35.9412158956971
전북특별자치도 익산시,8006,I21003,MA0101202309A0066503,국가식품클러스터입주기업협의회,피자,52140410,왕궁면,127.085074299095,35.9856793960142
전북특별자치도 익산시,8006,I21003,MA0101202406A0298981,반올림피자,피자,52140656,신동,126.957145201028,35.9578897014317
전북특별자치도 익산시,8006,I21003,MA0101202406A0348795,피자써클,피자,52140610,모현동,126.944991823867,35.947908011386
전북특별자치도 익산시,8006,I21003,MA0101202409A0144847,케이에프씨익산점,피자,52140647,영등2동,126.974127114676,35.9590571634052
전북특별자치도 익산시,8006,I21003,MA0101202409A0036245,노모어피자익산,피자,52140647,영등2동,126.976543658771,35.9591658088263
전북특별자치도 익산시,8006,I21003,MA0101202409A0165334,희희희,피자,52140656,신동,126.960492341961,35.9589813503035
전북특별자치도 익산시,8006,I21003,MA0101202409A0105724,올스타피자,피자,52140646,영등1동,126.97078030378,35.9565509477573
전북특별자치도 익산시,8006,I21003,MA010120220807303074,피자스쿨,피자,52140570,동산동,126.958712243001,35.9287981513147
전북특별자치도 익산시,8006,I21003,MA010120220812091262,아토도,피자,52140656,신동,126.957619542071,35.9622248329179
전북특별자치도 익산시,8006,I21003,MA0101202406A0453047,피자에땅,피자,52140646,영등1동,126.973352899593,35.9538478250205
전북특별자치도 익산시,8006,I21003,MA0101202406A0179561,청년피자,피자,52140656,신동,126.961867045296,35.9586933981947
전북특별자치도 익산시,8006,I21003,MA0101202210A0007346,원가,피자,52140610,모현동,126.936325419992,35.9604580070694
전북특별자치도 익산시,8006,I21003,MA0101202406A0003374,빽보이피자,피자,52140690,삼성동,126.997705322643,35.9603847528899
전북특별자치도 익산시,8006,I21003,MA010120220807324701,걸스푸드,피자,52140250,함열읍,126.959721785306,36.0791512146684
전북특별자치도 익산시,8006,I21003,MA0101202307A0090292,밀리브라운,피자,52140690,삼성동,126.993969725816,35.9579873251235
전북특별자치도 익산시,8006,I21003,MA010120220807318249,임실엔치즈피자,피자,52140580,마동,126.966222049433,35.9360915622576
전북특별자치도 익산시,8006,I21003,MA010120220807318596,피자스쿨익산동부,피자,52140580,마동,126.96606282902,35.9456176520171
전북특별자치도 익산시,8006,I21003,MA0101202307A0085407,시청앞샐러드,피자,52140595,남중동,126.957450132817,35.9473813417885
전북특별자치도 익산시,8006,I21003,MA010120220800051753,고궁,피자,52140656,신동,126.958374364332,35.9603234816752
전북특별자치도 익산시,8006,I21003,MA010120220813574744,피자쿠치나,피자,52140656,신동,126.957176227906,35.9620173904838
전북특별자치도 익산시,8006,I21003,MA010120220807321651,피엠푸드원광대점,피자,52140656,신동,126.957709716822,35.9594310219578
전북특별자치도 익산시,8006,I21003,MA0101202305A0097929,영구스까사맘피자,피자,52140610,모현동,126.940734410346,35.9496363681432
전북특별자치도 익산시,8006,I21003,MA0101202302A0000484,청년피자동산,피자,52140570,동산동,126.965281387553,35.9330991652219
전북특별자치도 익산시,8006,I21003,MA010120220807321485,59쌀피자동산점,피자,52140570,동산동,126.967199521874,35.9306302960864
전북특별자치도 익산시,8006,I21003,MA010120220812616568,피자스쿨,피자,52140646,영등1동,126.971711618467,35.9560284514915
전북특별자치도 익산시,8006,I21003,MA010120220807315255,지정환임실치즈피자,피자,52140610,모현동,126.938334150235,35.9432723927171
전북특별자치도 익산시,8006,I21003,MA010120220805935479,아메리칸하우스,피자,52140656,신동,126.961638677427,35.9724732682186
전북특별자치도 익산시,8006,I21003,MA010120220807312214,지정환임실치즈피자,피자,52140647,영등2동,126.971699189803,35.9597956321153
전북특별자치도 익산시,8006,I21003,MA010120220805359243,스푼까페,피자,52140652,어양동,126.978827973129,35.9563273271532
전북특별자치도 익산시,8006,I21003,MA0101202209A0095860,피자먹다,피자,52140656,신동,126.957176227906,35.9620173904838
전북특별자치도 익산시,8006,I21003,MA010120220812876405,뽕뜨락피자부송점,피자,52140690,삼성동,126.989712629301,35.9613216231758
전북특별자치도 익산시,8006,I21003,MA010120220807317483,피자스쿨익산,피자,52140610,모현동,126.94360796864,35.9456542650623
전북특별자치도 익산시,8006,I21003,MA010120220805930666,크로플덕,피자,52140646,영등1동,126.970081264204,35.9583893054332
전북특별자치도 익산시,8006,I21003,MA010120220805689030,빵긋만두앤김밥,피자,52140560,인화동,126.955564698944,35.9297703714892
전북특별자치도 익산시,8006,I21003,MA010120220812116921,긱스피자,피자,52140647,영등2동,126.978184232663,35.9593103166399
전북특별자치도 익산시,8006,I21003,MA0101202209A0093454,사름,피자,52140656,신동,126.963342100259,35.9571166876961
전북특별자치도 익산시,8006,I21003,MA010120220804911769,무드포레스트,피자,52140652,어양동,126.983814576462,35.964024690839
전북특별자치도 익산시,8006,I21003,MA010120220805260123,하나유통피자나라치킨공주,피자,52140652,어양동,126.983050908402,35.9581304782311
전북특별자치도 익산시,8006,I21003,MA010120220800851028,카페보네궁익산지역자활센터,피자,52140410,왕궁면,127.05581175122,35.9715561704514
전북특별자치도 익산시,8006,I21003,MA010120220804534807,청담피자,피자,52140647,영등2동,126.978793677907,35.9602206780941
전북특별자치도 익산시,8006,I21003,MA010120220808595602,피자헛,피자,52140610,모현동,126.942368369352,35.9432653849911
전북특별자치도 익산시,8006,I21003,MA010120220812540462,도미노피자익산,피자,52140620,송학동,126.940463019356,35.942029753174
전북특별자치도 익산시,8006,I21003,MA010120220808632895,메인존,피자,52140690,삼성동,126.989047695439,35.959888593199
전북특별자치도 익산시,8006,I21003,MA010120220807320214,토스투어,피자,52140646,영등1동,126.967990009491,35.948889688716
전북특별자치도 익산시,8006,I21003,MA0101202512A0007745,피자나라치킨공주익산,피자,52140610,모현동,126.941978237506,35.9463113948353
전북특별자치도 익산시,8006,I21003,MA0101202603A0026931,토핑몬스터피자,피자,52140400,금마면,127.052841477224,35.9897354569498
전북특별자치도 익산시,8006,I21003,MA0101202602A0000447,피자의생명은치즈다,피자,52140647,영등2동,126.976532098956,35.9607700133856
전북특별자치도 익산시,8006,I21003,MA0101202505A0004474,프레드피자,피자,52140656,신동,126.962133325719,35.9581978005182
전북특별자치도 익산시,8006,I21003,MA010120220805099105,뱃살도둑,피자,52140646,영등1동,126.973086291142,35.9555601226168
전북특별자치도 익산시,8006,I21003,MA010120220807317912,피자스쿨부송점,피자,52140690,삼성동,126.991797033947,35.9581764567082
전북특별자치도 익산시,8006,I21003,MA0101202511A0027160,비스트로피자,피자,52140610,모현동,126.950895700947,35.9539038249731
전북특별자치도 익산시,8006,I21003,MA0101202511A0030540,피자나라치킨공주,피자,52140656,신동,126.963296763962,35.9592706374851
전북특별자치도 익산시,8006,I21003,MA010120220807341705,에이치제이,피자,52140646,영등1동,126.975446522607,35.9581922502051
전북특별자치도 익산시,8006,I21003,MA0101202504A0092413,피제이피자,피자,52140647,영등2동,126.978150624429,35.9605900710305
전북특별자치도 익산시,8006,I21003,MA0101202504A0094318,샐러드디자인익산원광지역자활센터,피자,52140646,영등1동,126.96898629669,35.9520983689281
전북특별자치도 익산시,8006,I21003,MA0101202601A0046806,영칼로리포케&샐러드익산,피자,52140647,영등2동,126.97540159259,35.9600938572102
전북특별자치도 익산시,8006,I21003,MA0101202512A0005494,맘스피자익산황등점,피자,52140320,황등면,126.94440106696,36.0000803818758
전북특별자치도 익산시,8006,I21003,MA010120220809987392,파인푸드,피자,52140656,신동,126.960219910347,35.9717157664206
전북특별자치도 익산시,8006,I21003,MA0101202504A0083594,토핑몬스터피자,피자,52140646,영등1동,126.970891565716,35.9554244243283
전북특별자치도 익산시,8006,I21003,MA0101202505A0044231,피나치공익산,피자,52140580,마동,126.963690896847,35.945833256016
전북특별자치도 익산시,8006,I21003,MA0101202504A0078305,피자마루부송점,피자,52140690,삼성동,126.99332649952,35.9614660768789
전북특별자치도 익산시,8006,I21003,MA010120220803330705,언커먼,피자,52140656,신동,126.956768137565,35.958205000206
전북특별자치도 익산시,8006,I21003,MA010120220807278489,피자스쿨원대점,피자,52140656,신동,126.953848894536,35.9648460481357
전북특별자치도 익산시,8006,I21003,MA0101202411A0096819,이유피자&파스타(),피자,52140656,신동,126.965830916224,35.9694103256236
전북특별자치도 익산시,8006,I21003,MA0101202406A0524496,수제B,피자,52140520,중앙동,126.949673318913,35.9412949491849
전북특별자치도 익산시,8006,I21003,MA0101202411A0054091,진스그릴,피자,52140520,중앙동,126.94852204199,35.9392486401506
전북특별자치도 익산시,8006,I21003,MA0101202501A0014571,피엠푸드,피자,52140610,모현동,126.943668896707,35.9535041048412
전북특별자치도 익산시,8006,I21003,MA010120220813776993,영영상점익산18호상점,피자,52140647,영등2동,126.976077728654,35.9603283162236
전북특별자치도 익산시,8006,I21003,MA010120220808415845,피자나라치킨공주,피자,52140570,동산동,126.962932259799,35.9327379653394
전북특별자치도 익산시,8006,I21003,MA010120220810412006,이삭,피자,52140656,신동,126.957430447516,35.9634144018717
전북특별자치도 익산시,8006,I21003,MA0101202409A0086494,엠브이피자,피자,52140647,영등2동,126.97202059716,35.9599849678324
전북특별자치도 익산시,8006,I21003,MA0101202409A0065569,빽보이피자익산,피자,52140610,모현동,126.939462306727,35.9463011398864
전북특별자치도 익산시,8006,I21004,MA0101202406A0446847,뉴욕버거,버거,52140570,동산동,126.957846969484,35.9306003392005
전북특별자치도 익산시,8006,I21004,MA0101202409A0020027,맘스터치피자앤치킨익산시민공원점,버거,52140647,영등2동,126.978782549142,35.9603828992804
전북특별자치도 익산시,8006,I21004,MA010120220807326381,맘스터치원광대점,버거,52140656,신동,126.957397257832,35.9632882166029
전북특별자치도 익산시,8006,I21004,MA010120220805503329,롯데리아부송점,버거,52140690,삼성동,126.99099898831,35.9574644198071
전북특별자치도 익산시,8006,I21004,MA0101202210A0098499,버거킹원광대점,버거,52140656,신동,126.957962132114,35.9642347169225
전북특별자치도 익산시,8006,I21004,MA010120220807324090,롯데리아동산점,버거,52140570,동산동,126.965513278829,35.9349918437454
전북특별자치도 익산시,8006,I21004,MA010120220807325777,롯데리아익산,버거,52140647,영등2동,126.976510288338,35.9595533354469
전북특별자치도 익산시,8006,I21004,MA010120220812019574,뉴욕버거,버거,52140656,신동,126.960219910347,35.9717157664206
전북특별자치도 익산시,8006,I21004,MA010120220807321896,롯데리아익산,버거,52140610,모현동,126.943419963138,35.9450773817929
전북특별자치도 익산시,8006,I21004,MA0101202512A0034443,맘스터치익산황등점,버거,52140320,황등면,126.94440106696,36.0000803818758
전북특별자치도 익산시,8006,I21004,MA010120220807327232,롯데리아익산배산,버거,52140610,모현동,126.938793881545,35.9507349084558
전북특별자치도 익산시,8006,I21004,MA010120220808513631,맘스터치영등학원가점,버거,52140646,영등1동,126.970137412393,35.9564696778905
전북특별자치도 익산시,8006,I21004,MA010120220807313841,롯데리아원광대점,버거,52140656,신동,126.958372708961,35.9634778191563
전북특별자치도 익산시,8006,I21004,MA010120220813982145,롯데리아익산,버거,52140646,영등1동,126.973474340798,35.9553078616781
전북특별자치도 익산시,8006,I21004,MA0101202509A0014877,버거킹익산,버거,52140647,영등2동,126.970136493015,35.9589120383709
전북특별자치도 익산시,8006,I21004,MA0101202508A0009136,버거운버거육군부사관학교점,버거,52140370,낭산면,127.064798461794,36.0605392216148
전북특별자치도 익산시,8006,I21004,MA010120220814085111,맘스터치,버거,52140610,모현동,126.943541628908,35.9454289234164
전북특별자치도 익산시,8006,I21004,MA0101202411A0030995,노브랜드버거익산,버거,52140647,영등2동,126.971444616881,35.9587140839554
전북특별자치도 익산시,8006,I21004,MA0101202411A0012469,맘스터치피자,버거,52140570,동산동,126.959565377846,35.9289967154515
전북특별자치도 익산시,8006,I21004,MA0101202411A0044840,버거킹익산모현FS점,버거,52140610,모현동,126.939937959562,35.9475360798543
전북특별자치도 익산시,8006,I21004,MA0101202501A0018042,버거굿익스프레스,버거,52140520,중앙동,126.947945542307,35.9395728389467
전북특별자치도 익산시,8006,I21004,MA0101202411A0080887,벤티버거익산,버거,52140610,모현동,126.938637854691,35.9518343427544
전북특별자치도 익산시,8006,I21004,MA0101202411A0128866,맘스터치,버거,52140570,동산동,126.959565377846,35.9289967154515
전북특별자치도 익산시,8006,I21004,MA010120220812019649,맘스터치부송점,버거,52140690,삼성동,126.990234117369,35.9575184344169
전북특별자치도 익산시,8006,I21004,MA010120220809716317,롯데리아익산역점,버거,52140520,중앙동,126.947579344159,35.9402936737556
전북특별자치도 익산시,8006,I21005,MA0101202305A0123171,써브웨이익산원광대점,토스트/샌드위치/샐러드,52140656,신동,126.958262196893,35.9628198761153
전북특별자치도 익산시,8006,I21005,MA010120220808567887,슬로우캘리익산,토스트/샌드위치/샐러드,52140647,영등2동,126.978372816998,35.9588146688126
전북특별자치도 익산시,8006,I21005,MA010120220807319232,이삭토스트,토스트/샌드위치/샐러드,52140646,영등1동,126.97268721321,35.9556411441015
전북특별자치도 익산시,8006,I21005,MA010120220807315030,이삭토스트,토스트/샌드위치/샐러드,52140646,영등1동,126.976665935582,35.9580122454704
전북특별자치도 익산시,8006,I21005,MA0101202209A0018148,써브웨이익산,토스트/샌드위치/샐러드,52140646,영등1동,126.976155960273,35.9582194304501
전북특별자치도 익산시,8006,I21005,MA010120220812362055,에그드랍익산,토스트/샌드위치/샐러드,52140646,영등1동,126.972364883207,35.958146518182
전북특별자치도 익산시,8006,I21005,MA010120220808275563,써브웨이익산,토스트/샌드위치/샐러드,52140610,모현동,126.939747773054,35.9498611872175
전북특별자치도 익산시,8006,I21005,MA010120220807839106,석봉토스트익산역점,토스트/샌드위치/샐러드,52140520,중앙동,126.947279587593,35.94108663596
전북특별자치도 익산시,8006,I21005,MA0101202601A0013524,에그박스익산역점,토스트/샌드위치/샐러드,52140520,중앙동,126.94730124442,35.9418527015723
전북특별자치도 익산시,8006,I21005,MA010120220805394928,포케올데이,토스트/샌드위치/샐러드,52140647,영등2동,126.97142218682,35.9594350705437
전북특별자치도 익산시,8301,I21001,MA010120220804757627,만들다,빵/도넛,52140570,동산동,126.961724576717,35.9323140017496
전북특별자치도 익산시,8301,I21001,MA010120220807329457,이용규제과,빵/도넛,52140390,여산면,127.085029996586,36.0580121620469
전북특별자치도 익산시,8301,I21001,MA010120220807322116,호밀호두,빵/도넛,52140647,영등2동,126.974514697503,35.9603009572936
전북특별자치도 익산시,8301,I21001,MA010120220801138467,소리식품,빵/도넛,52140390,여산면,127.102808413133,36.0477152523435
전북특별자치도 익산시,8301,I21001,MA010120220805060400,생생꽈배기익,빵/도넛,52140610,모현동,126.942787756406,35.9457169638479
전북특별자치도 익산시,8301,I21001,MA010120220809985096,파리바게뜨익산,빵/도넛,52140646,영등1동,126.967214669163,35.9476187288872
전북특별자치도 익산시,8301,I21001,MA010120220809305705,뚜레쥬르익산,빵/도넛,52140647,영등2동,126.975479357235,35.9595531292406
전북특별자치도 익산시,8301,I21001,MA010120220808321336,동부곰탕&곤드레해장국,빵/도넛,52140646,영등1동,126.966781733017,35.949231832137
전북특별자치도 익산시,8301,I21001,MA0101202306A0045174,파리바게트익산부송,빵/도넛,52140690,삼성동,126.988337810422,35.9627724930324
전북특별자치도 익산시,8301,I21001,MA010120220807309289,빵사랑,빵/도넛,52140595,남중동,126.958312166386,35.95211316096
전북특별자치도 익산시,8301,I21001,MA010120220807305945,파리바게뜨,빵/도넛,52140646,영등1동,126.978517863877,35.9553449199986
전북특별자치도 익산시,8301,I21001,MA010120220807313790,파리바게뜨익산부송,빵/도넛,52140690,삼성동,126.997794035901,35.9593032667595
전북특별자치도 익산시,8301,I21001,MA010120220804123368,라라쿠킹,빵/도넛,52140610,모현동,126.939462306727,35.9463011398864
전북특별자치도 익산시,8301,I21001,MA0101202308A0051262,복호두익산,빵/도넛,52140646,영등1동,126.97268721321,35.9556411441015
전북특별자치도 익산시,8301,I21001,MA0101202308A0052516,던킨도너츠익산역점,빵/도넛,52140520,중앙동,126.94730124442,35.9418527015723
전북특별자치도 익산시,8301,I21001,MA0101202309A0003636,플로라모르스튜디오,빵/도넛,52140595,남중동,126.957138838612,35.9491476643577
전북특별자치도 익산시,8301,I21001,MA0101202310A0048009,리브케이크,빵/도넛,52140610,모현동,126.937683962611,35.95266299283
전북특별자치도 익산시,8301,I21001,MA0101202309A0091469,도마제빵소,빵/도넛,52140530,평화동,126.93199093401,35.9346981477091
전북특별자치도 익산시,8301,I21001,MA0101202406A0104125,씨씨케이크,빵/도넛,52140520,중앙동,126.950485882489,35.9356444938764
전북특별자치도 익산시,8301,I21001,MA0101202406A0379906,삼례반찬,빵/도넛,52140560,인화동,126.953380443358,35.9319415414426
전북특별자치도 익산시,8301,I21001,MA010120220805299683,함열꽈배기찹쌀,빵/도넛,52140250,함열읍,126.967117606215,36.0746834100661
전북특별자치도 익산시,8301,I21001,MA010120220805426044,마미갸또익산,빵/도넛,52140647,영등2동,126.974127114676,35.9590571634052
전북특별자치도 익산시,8301,I21001,MA0101202311A0052062,다올스토리오브라망익산역,빵/도넛,52140520,중앙동,126.94730124442,35.9418527015723
전북특별자치도 익산시,8301,I21001,MA0101202311A0055697,바리스텔라익산,빵/도넛,52140647,영등2동,126.972974093057,35.959525554035
전북특별자치도 익산시,8301,I21001,MA0101202406A0262457,라운드인,빵/도넛,52140646,영등1동,126.97268721321,35.9556411441015
전북특별자치도 익산시,8301,I21001,MA0101202406A0336824,김이랑떡이랑,빵/도넛,52140530,평화동,126.93199093401,35.9346981477091
전북특별자치도 익산시,8301,I21001,MA010120220813277286,파리바게뜨익산고래등점,빵/도넛,52140570,동산동,126.965912113202,35.9352533182727
전북특별자치도 익산시,8301,I21001,MA0101202211A0052698,3월의양,빵/도넛,52140646,영등1동,126.978540342844,35.9542003484938
전북특별자치도 익산시,8301,I21001,MA0101202406A0200107,양인베이커리,빵/도넛,52140656,신동,126.954858065845,35.9642426018373
전북특별자치도 익산시,8301,I21001,MA0101202311A0056714,풍성제과부송점,빵/도넛,52140690,삼성동,126.994723381201,35.9599250265406
전북특별자치도 익산시,8301,I21001,MA010120220801781919,수베이커리,빵/도넛,52140400,금마면,127.052987213681,35.9920876161052
전북특별자치도 익산시,8301,I21001,MA010120220807140323,신동꽈배기,빵/도넛,52140656,신동,126.965658119079,35.9588117040636
전북특별자치도 익산시,8301,I21001,MA010120220802859621,율케이크,빵/도넛,52140646,영등1동,126.976190524652,35.9538574338889
전북특별자치도 익산시,8301,I21001,MA010120220811803500,던킨도너츠,빵/도넛,52140647,영등2동,126.977075773088,35.9590848000538
전북특별자치도 익산시,8301,I21001,MA010120220807320505,뚜레상회,빵/도넛,52140310,오산면,126.931250153863,35.9455306617354
전북특별자치도 익산시,8301,I21001,MA0101202308A0097859,미소베이커리,빵/도넛,52140610,모현동,126.934894834641,35.9476415993587
전북특별자치도 익산시,8301,I21001,MA0101202311A0031164,산들,빵/도넛,52140646,영등1동,126.973276507161,35.9502879062126
전북특별자치도 익산시,8301,I21001,MA0101202310A0073614,뚜레쥬르익산,빵/도넛,52140646,영등1동,126.971323611805,35.9561365082545
전북특별자치도 익산시,8301,I21001,MA0101202310A0045722,씨니즈베이크샵,빵/도넛,52140690,삼성동,126.987684556843,35.9575902990896
전북특별자치도 익산시,8301,I21001,MA0101202303A0049958,크리스피크림도넛익산,빵/도넛,52140610,모현동,126.938128993546,35.9505362945303
전북특별자치도 익산시,8301,I21001,MA0101202303A0043595,가득담아,빵/도넛,52140570,동산동,126.967110285907,35.9320452248643
전북특별자치도 익산시,8301,I21001,MA0101202309A0015548,사랑담디저트,빵/도넛,52140620,송학동,126.937261506815,35.940225637628
전북특별자치도 익산시,8301,I21001,MA0101202308A0002914,금은빵,빵/도넛,52140560,인화동,126.952437151309,35.9342303305722
전북특별자치도 익산시,8301,I21001,MA0101202308A0003487,찹쌀의마법사,빵/도넛,52140570,동산동,126.967741484885,35.9331359012306
전북특별자치도 익산시,8301,I21001,MA010120220812528244,리반제빵소,빵/도넛,52140595,남중동,126.948252485467,35.9447370904647
전북특별자치도 익산시,8301,I21001,MA010120220807310143,그랜드제과,빵/도넛,52140647,영등2동,126.978150624429,35.9605900710305
전북특별자치도 익산시,8301,I21001,MA0101202307A0018463,웰빙호떡,빵/도넛,52140595,남중동,126.956077095882,35.944983544014
전북특별자치도 익산시,8301,I21001,MA010120220807321300,뚜레쥬르익산동산,빵/도넛,52140560,인화동,126.956328627104,35.930987331451
전북특별자치도 익산시,8301,I21001,MA0101202305A0178365,빵동산,빵/도넛,52140570,동산동,126.965040247051,35.9270697711847
전북특별자치도 익산시,8301,I21001,MA010120220807171277,풍년제과빌딩,빵/도넛,52140610,모현동,126.938637854691,35.9518343427544
전북특별자치도 익산시,8301,I21001,MA010120220806687704,리앤브레드,빵/도넛,52140646,영등1동,126.974096195507,35.9519013075121
전북특별자치도 익산시,8301,I21001,MA0101202211A0100345,삼송빵집,빵/도넛,52140610,모현동,126.936304203624,35.9454613507324
전북특별자치도 익산시,8301,I21001,MA0101202211A0077114,익산제빵소,빵/도넛,52140520,중앙동,126.947956624793,35.939572843752
전북특별자치도 익산시,8301,I21001,MA010120220807307331,머거본도너츠,빵/도넛,52140652,어양동,126.979826432815,35.9530830330314
전북특별자치도 익산시,8301,I21001,MA010120220813607200,우리동네빵집,빵/도넛,52140580,마동,126.967397481914,35.9342894002558
전북특별자치도 익산시,8301,I21001,MA010120220810421083,크림상점,빵/도넛,52140530,평화동,126.946708629304,35.9331284070267
전북특별자치도 익산시,8301,I21001,MA0101202212A0090063,크로플각,빵/도넛,52140595,남중동,126.953196404033,35.9433692319977
전북특별자치도 익산시,8301,I21001,MA0101202212A0075861,안영순베이커리카페,빵/도넛,52140310,오산면,126.928534733728,35.945538088162
전북특별자치도 익산시,8301,I21001,MA0101202301A0076595,원더풀명품찹쌀꽈배기,빵/도넛,52140250,함열읍,126.959555245457,36.0791691830208
전북특별자치도 익산시,8301,I21001,MA0101202302A0009747,도이양과,빵/도넛,52140520,중앙동,126.949673318913,35.9412949491849
전북특별자치도 익산시,8301,I21001,MA010120220811137364,스윗드림베이크샵,빵/도넛,52140690,삼성동,126.9943357433,35.955040287083
전북특별자치도 익산시,8301,I21001,MA010120220807308573,파리바게트익산함열점,빵/도넛,52140250,함열읍,126.959744205286,36.0787276479436
전북특별자치도 익산시,8301,I21001,MA010120220807308647,빠리팡스제과점,빵/도넛,52140570,동산동,126.966578744801,35.9311708713567
전북특별자치도 익산시,8301,I21001,MA010120220808758716,육빵집,빵/도넛,52140580,마동,126.969291569134,35.9365970829623
전북특별자치도 익산시,8301,I21001,MA010120220807311022,파리바게뜨,빵/도넛,52140646,영등1동,126.973086291142,35.9555601226168
전북특별자치도 익산시,8301,I21001,MA010120220809083374,우리식빵,빵/도넛,52140610,모현동,126.939025856985,35.9517624412217
전북특별자치도 익산시,8301,I21001,MA010120220806557561,천안당호두과자,빵/도넛,52140595,남중동,126.95948563699,35.9549704958417
전북특별자치도 익산시,8301,I21001,MA010120220804206789,케이키샵,빵/도넛,52140520,중앙동,126.947954533066,35.9427632413732
전북특별자치도 익산시,8301,I21001,MA0101202209A0069521,명랑시대쌀핫도그,빵/도넛,52140646,영등1동,126.97268721321,35.9556411441015
전북특별자치도 익산시,8301,I21001,MA010120220812905044,볼원볼링센터매점,빵/도넛,52140652,어양동,126.983083919583,35.9592750576731
전북특별자치도 익산시,8301,I21001,MA010120220811883424,주실래,빵/도넛,52140370,낭산면,127.010380254441,36.0779589079676
전북특별자치도 익산시,8301,I21001,MA010120220807326986,뚜레쥬르부송점,빵/도넛,52140690,삼성동,126.997816188283,35.9599611722625
전북특별자치도 익산시,8301,I21001,MA010120220801631387,오늘제빵소,빵/도넛,52140400,금마면,127.050101425273,35.9882405818438
전북특별자치도 익산시,8301,I21001,MA010120220808168379,그라운드,빵/도넛,52140520,중앙동,126.953775402773,35.9387641068687
전북특별자치도 익산시,8301,I21001,MA010120220813164857,현유통,빵/도넛,52140520,중앙동,126.952254504787,35.9431075007974
전북특별자치도 익산시,8301,I21001,MA010120220812559524,쿠스커,빵/도넛,52140652,어양동,126.982906487737,35.95959046649
전북특별자치도 익산시,8301,I21001,MA010120220813332090,위니더스,빵/도넛,52140610,모현동,126.951993539694,35.9531201897154
전북특별자치도 익산시,8301,I21001,MA010120220806475308,꽃날,빵/도넛,52140610,모현동,126.94590785354,35.9536493332898
전북특별자치도 익산시,8301,I21001,MA010120220805323964,라엘마카롱,빵/도넛,52140610,모현동,126.938128993546,35.9505362945303
전북특별자치도 익산시,8301,I21001,MA010120220814060556,파리바게트원광대,빵/도넛,52140656,신동,126.960219910347,35.9717157664206
전북특별자치도 익산시,8301,I21001,MA010120220805988657,육빵집,빵/도넛,52140250,함열읍,126.96644912879,36.0803158626976
전북특별자치도 익산시,8301,I21001,MA010120220802978788,니코니코과자점,빵/도넛,52140652,어양동,126.987840466589,35.9528948519064
전북특별자치도 익산시,8301,I21001,MA0101202602A0024732,짭쪼롬,빵/도넛,52140656,신동,126.956965185445,35.9627833684509
전북특별자치도 익산시,8301,I21001,MA010120220807319097,익산호떡,빵/도넛,52140647,영등2동,126.976532098956,35.9607700133856
전북특별자치도 익산시,8301,I21001,MA010120220805427122,풍년제과,빵/도넛,52140530,평화동,126.943773342711,35.9312434684848
전북특별자치도 익산시,8301,I21001,MA010120220807308028,파리바게뜨익산,빵/도넛,52140652,어양동,126.981708990037,35.960834000824
전북특별자치도 익산시,8301,I21001,MA010120220807306653,파리바게뜨익산송학점,빵/도넛,52140620,송학동,126.938079677108,35.9427134915542
전북특별자치도 익산시,8301,I21001,MA010120220812957741,청담식품,빵/도넛,52140520,중앙동,126.952768038063,35.9368620919068
전북특별자치도 익산시,8301,I21001,MA010120220803164088,꽈배기마트,빵/도넛,52140646,영등1동,126.97078030378,35.9565509477573
전북특별자치도 익산시,8301,I21001,MA010120220808696094,보름베이커리,빵/도넛,52140595,남중동,126.956641459982,35.9465969721333
전북특별자치도 익산시,8301,I21001,MA010120220813847307,뚜레쥬르익산원광대점,빵/도넛,52140656,신동,126.957685267475,35.9637028885324
전북특별자치도 익산시,8301,I21001,MA010120220812540573,익산코코밀,빵/도넛,52140310,오산면,126.927928999495,35.9535046978307
전북특별자치도 익산시,8301,I21001,MA0101202602A0035423,달달멍,빵/도넛,52140410,왕궁면,127.086053844917,35.9788923893606
전북특별자치도 익산시,8301,I21001,MA010120220808653548,투투케이크,빵/도넛,52140656,신동,126.960736773914,35.9578548805482
전북특별자치도 익산시,8301,I21001,MA010120220807305027,파리바게뜨익산,빵/도넛,52140520,중앙동,126.947734945399,35.939617809577
전북특별자치도 익산시,8301,I21001,MA010120220807324601,삼육오베이커리,빵/도넛,52140320,황등면,126.944809434969,36.0029464927441
전북특별자치도 익산시,8301,I21001,MA0101202604A0016216,라팽크렘,빵/도넛,52140652,어양동,126.983437523913,35.9646555067918
전북특별자치도 익산시,8301,I21001,MA010120220813893399,뚜레쥬르익산장신,빵/도넛,52140310,오산면,126.931638147509,35.9454407591557
전북특별자치도 익산시,8301,I21001,MA010120220812519161,졸리케이크,빵/도넛,52140656,신동,126.96326287383,35.9606405115413
전북특별자치도 익산시,8301,I21001,MA010120220807111694,명제과,빵/도넛,52140690,삼성동,126.996275410841,35.9581586544439
전북특별자치도 익산시,8301,I21001,MA010120220800113635,케키,빵/도넛,52140646,영등1동,126.968874149737,35.9554239180883
전북특별자치도 익산시,8301,I21001,MA010120220803148831,명랑시대쌀핫도그,빵/도넛,52140690,삼성동,126.99099898831,35.9574644198071
전북특별자치도 익산시,8301,I21001,MA010120220808256262,스테리케이크,빵/도넛,52140656,신동,126.957211502282,35.9582772582941
전북특별자치도 익산시,8301,I21001,MA010120220807315883,밀레오베이커리,빵/도넛,52140400,금마면,127.052841477224,35.9897354569498
전북특별자치도 익산시,8301,I21001,MA010120220807299352,파리바게트배산점,빵/도넛,52140610,모현동,126.938837057626,35.9522400028099
전북특별자치도 익산시,8301,I21001,MA010120220812411028,나미곳간,빵/도넛,52140595,남중동,126.952451007305,35.9481004587786
전북특별자치도 익산시,8301,I21001,MA010120220814185710,광주호떡,빵/도넛,52140595,남중동,126.958300940061,35.9523835293292
전북특별자치도 익산시,8301,I21001,MA010120220806659802,홍윤베이커리익산,빵/도넛,52140610,모현동,126.934894834641,35.9476415993587
전북특별자치도 익산시,8301,I21001,MA0101202512A0018749,디어밀,빵/도넛,52140570,동산동,126.968274243831,35.9310271323333
전북특별자치도 익산시,8301,I21001,MA0101202512A0037856,크림브라운,빵/도넛,52140620,송학동,126.928507125509,35.9392744382071
전북특별자치도 익산시,8301,I21001,MA0101202512A0040413,엘에이베이커리,빵/도넛,52140656,신동,126.959615840442,35.9604951413884
전북특별자치도 익산시,8301,I21001,MA0101202604A0022387,밤빵맛집,빵/도넛,52140390,여산면,127.10530579547,36.0480285140021
전북특별자치도 익산시,8301,I21001,MA0101202602A0031596,우아케키,빵/도넛,52140690,삼성동,126.995821090337,35.954968248747
전북특별자치도 익산시,8301,I21001,MA0101202604A0029609,뚜레쥬르모현E편한세상점,빵/도넛,52140610,모현동,126.94642191892,35.9474580374934
전북특별자치도 익산시,8301,I21001,MA0101202604A0054073,오손도손,빵/도넛,52140520,중앙동,126.949361691701,35.9433496506983
전북특별자치도 익산시,8301,I21001,MA010120220806874381,좋은날,빵/도넛,52140647,영등2동,126.978626503636,35.9635372098071
전북특별자치도 익산시,8301,I21001,MA010120220812433222,못난이꽈배기,빵/도넛,52140610,모현동,126.93716322832,35.9523743242923
전북특별자치도 익산시,8301,I21001,MA0101202511A0014429,정가네호떡,빵/도넛,52140320,황등면,126.945262130869,36.0059117567036
전북특별자치도 익산시,8301,I21001,MA0101202507A0002249,사사사사,빵/도넛,52140610,모현동,126.943669702885,35.952368541898
전북특별자치도 익산시,8301,I21001,MA0101202507A0040484,꽈배기진,빵/도넛,52140646,영등1동,126.975924371219,35.954271951505
전북특별자치도 익산시,8301,I21001,MA0101202507A0041626,로엔,빵/도넛,52140656,신동,126.959360206483,35.9618018524592
전북특별자치도 익산시,8301,I21001,MA0101202511A0029453,양인베이커리,빵/도넛,52140656,신동,126.954858065845,35.9642426018373
전북특별자치도 익산시,8301,I21001,MA0101202507A0038778,꽈배기진부송점,빵/도넛,52140690,삼성동,126.986663834692,35.962952566559
전북특별자치도 익산시,8301,I21001,MA0101202510A0020590,앵콜케이크,빵/도넛,52140656,신동,126.965026069354,35.9592531290907
전북특별자치도 익산시,8301,I21001,MA0101202507A0042886,뭉송,빵/도넛,52140647,영등2동,126.975069278327,35.9593097099917
전북특별자치도 익산시,8301,I21001,MA0101202512A0005682,노노시케이크,빵/도넛,52140610,모현동,126.942277306479,35.946563886705
전북특별자치도 익산시,8301,I21001,MA0101202603A0042663,와플대학원광대점,빵/도넛,52140656,신동,126.957963092204,35.9624232264107
전북특별자치도 익산시,8301,I21001,MA0101202601A0038088,오운,빵/도넛,52140647,영등2동,126.980167944354,35.9615006733734
전북특별자치도 익산시,8301,I21001,MA010120220806515731,풍성제과,빵/도넛,52140580,마동,126.962676621977,35.9343601248396
전북특별자치도 익산시,8301,I21001,MA010120220807314027,파리바게트동산점,빵/도넛,52140570,동산동,126.959443436085,35.9290958112027
전북특별자치도 익산시,8301,I21001,MA010120220805847939,플로라제과점,빵/도넛,52140610,모현동,126.950575272523,35.9522634353011
전북특별자치도 익산시,8301,I21001,MA010120220807327712,오소베이커리,빵/도넛,52140690,삼성동,126.991962940482,35.9618264891307
전북특별자치도 익산시,8301,I21001,MA0101202504A0046769,가배밀당,빵/도넛,52140620,송학동,126.928173469912,35.9405810408035
전북특별자치도 익산시,8301,I21001,MA0101202502A0067362,파리바게트익산원광대점,빵/도넛,52140656,신동,126.957995814701,35.9634326258712
전북특별자치도 익산시,8301,I21001,MA0101202507A0020798,고창떡고추방아간,빵/도넛,52140560,인화동,126.951296865191,35.9323823237541
전북특별자치도 익산시,8301,I21001,MA0101202509A0020718,달인왕꽈배기,빵/도넛,52140656,신동,126.962308533216,35.9627310912304
전북특별자치도 익산시,8301,I21001,MA0101202601A0004303,베르벨익산,빵/도넛,52140646,영등1동,126.972066366582,35.9559293981397
전북특별자치도 익산시,8301,I21001,MA010120220800236477,명랑시대쌀핫도그,빵/도넛,52140646,영등1동,126.97268721321,35.9556411441015
전북특별자치도 익산시,8301,I21001,MA010120220803312688,파리바게트익산,빵/도넛,52140610,모현동,126.943053569117,35.9459784503705
전북특별자치도 익산시,8301,I21001,MA010120220805854382,명랑시대쌀핫도그원광대점,빵/도넛,52140656,신동,126.959360206483,35.9618018524592
전북특별자치도 익산시,8301,I21001,MA010120220807322957,뚜레쥬르모현E편한세상점,빵/도넛,52140610,모현동,126.946421912835,35.9474670499064
전북특별자치도 익산시,8301,I21001,MA010120220811941174,파리바게뜨,빵/도넛,52140690,삼성동,126.990466900144,35.9575364779363
전북특별자치도 익산시,8301,I21001,MA0101202501A0009991,아인스베이커리카페,빵/도넛,52140400,금마면,127.051676733167,35.9892042354997
전북특별자치도 익산시,8301,I21001,MA0101202501A0059200,아인스베이커리까페,빵/도넛,52140670,팔봉동,127.019224067166,35.9685845110805
전북특별자치도 익산시,8301,I21001,MA0101202501A0022278,글로리,빵/도넛,52140670,팔봉동,127.01411253708,35.9650253279235
전북특별자치도 익산시,8301,I21001,MA0101202501A0049841,이번주타르트,빵/도넛,52140520,중앙동,126.947945542307,35.9395728389467
전북특별자치도 익산시,8301,I21001,MA0101202503A0040579,파리바게뜨익산자이그랜드파크점,빵/도넛,52140580,마동,126.96491213852,35.941147159592
전북특별자치도 익산시,8301,I21001,MA0101202502A0060476,빠리팡스,빵/도넛,52140646,영등1동,126.977143265904,35.9556781250596
전북특별자치도 익산시,8301,I21001,MA0101202503A0034626,밀모어,빵/도넛,52140610,모현동,126.942537788702,35.9541885114864
전북특별자치도 익산시,8301,I21001,MA0101202506A0031394,할로케크,빵/도넛,52140646,영등1동,126.970158934609,35.9581910519653
전북특별자치도 익산시,8301,I21001,MA010120220807307798,큐베이커리,빵/도넛,52140320,황등면,126.945355920348,35.9985847725969
전북특별자치도 익산시,8301,I21001,MA010120220807307734,파리바게뜨익산,빵/도넛,52140647,영등2동,126.977042405289,35.9594723268286
전북특별자치도 익산시,8301,I21001,MA010120220803706330,빵을좋아하는사람들,빵/도넛,52140520,중앙동,126.949728247397,35.9420610282864
전북특별자치도 익산시,8301,I21001,MA010120220808445301,달콤한봄날,빵/도넛,52140690,삼성동,126.98684094513,35.96452975477
전북특별자치도 익산시,8301,I21001,MA010120220805134037,파리바게뜨익산이편한점,빵/도넛,52140652,어양동,126.983716316725,35.9566525364527
전북특별자치도 익산시,8301,I21001,MA010120220805071235,중앙찐빵,빵/도넛,52140595,남중동,126.951123735555,35.9436027289122
전북특별자치도 익산시,8301,I21001,MA010120220806892784,세정청소,빵/도넛,52140670,팔봉동,126.987198496022,35.9471809153284
전북특별자치도 익산시,8301,I21001,MA0101202412A0019680,김이랑떡이랑,빵/도넛,52140610,모현동,126.943795128002,35.9474297989821
전북특별자치도 익산시,8301,I21001,MA0101202409A0123983,꽈배기진익산,빵/도넛,52140610,모현동,126.939716794214,35.9468690502166
전북특별자치도 익산시,8301,I21001,MA0101202412A0028700,영등호떡,빵/도넛,52140646,영등1동,126.975824335723,35.9551731719707
전북특별자치도 익산시,8301,I21001,MA010120220807322236,호밀호두,빵/도넛,52140610,모현동,126.943053569117,35.9459784503705
전북특별자치도 익산시,8301,I21001,MA010120220812565959,빵세상,빵/도넛,52140690,삼성동,126.989868258366,35.9579419869557
전북특별자치도 익산시,8301,I21001,MA0101202406A0171485,브래드팜,빵/도넛,52140690,삼성동,126.989047695439,35.959888593199
전북특별자치도 익산시,8301,I21001,MA0101202409A0219648,보름베이커리,빵/도넛,52140610,모현동,126.938989991923,35.9551601001669
전북특별자치도 익산시,8301,I21002,MA010120220807321489,선화떡집,떡/한과,52140250,함열읍,126.966537499658,36.0813703166264
전북특별자치도 익산시,8301,I21002,MA010120220807323589,만나떡방앗간,떡/한과,52140610,모현동,126.944163859907,35.9432031466577
전북특별자치도 익산시,8301,I21002,MA010120220806167029,익산농협떡방앗간,떡/한과,52140560,인화동,126.955742222875,35.9293648771293
전북특별자치도 익산시,8301,I21002,MA010120220807330412,덕성떡방앗간,떡/한과,52140320,황등면,126.945262130869,36.0059117567036
전북특별자치도 익산시,8301,I21002,MA010120220807302261,사거리떡방앗간,떡/한과,52140350,성당면,126.933628110116,36.0705509563669
전북특별자치도 익산시,8301,I21002,MA0101202311A0070033,미나리떡공방,떡/한과,52140595,남중동,126.953998678463,35.955076667083
전북특별자치도 익산시,8301,I21002,MA010120220807327470,함라떡방앗간,떡/한과,52140330,함라면,126.911492020941,36.0615604690373
전북특별자치도 익산시,8301,I21002,MA010120220803427155,평화떡방앗간,떡/한과,52140530,평화동,126.945765463291,35.9349304718132
전북특별자치도 익산시,8301,I21002,MA010120220807317891,서문떡방앗간,떡/한과,52140610,모현동,126.946631367664,35.9491524647137
전북특별자치도 익산시,8301,I21002,MA010120220807310448,서울떡집,떡/한과,52140595,남중동,126.958023861743,35.9523293582932
전북특별자치도 익산시,8301,I21002,MA010120220809237926,배산떡방앗간,떡/한과,52140610,모현동,126.943558360121,35.9530714573858
전북특별자치도 익산시,8301,I21002,MA010120220806162813,우남떡방앗간,떡/한과,52140690,삼성동,126.997771840346,35.9601954937935
전북특별자치도 익산시,8301,I21002,MA010120220809841741,정가담기정떡,떡/한과,52140646,영등1동,126.96979456781,35.9544057514597
전북특별자치도 익산시,8301,I21002,MA010120220807312143,이조복떡,떡/한과,52140647,영등2동,126.976532098956,35.9607700133856
전북특별자치도 익산시,8301,I21002,MA010120220810129566,한일떡방앗간,떡/한과,52140570,동산동,126.961015685299,35.9316558655565
전북특별자치도 익산시,8301,I21002,MA010120220800532661,공주떡제분소,떡/한과,52140250,함열읍,126.962085416872,36.0814501008365
전북특별자치도 익산시,8301,I21002,MA010120220807300822,쌍정떡방앗간,떡/한과,52140420,춘포면,127.05194518118,35.9249997730879
전북특별자치도 익산시,8301,I21002,MA010120220811607985,오복떡방앗간,떡/한과,52140570,동산동,126.967609035191,35.9318380743516
전북특별자치도 익산시,8301,I21002,MA010120220807237689,장신떡방앗간,떡/한과,52140310,오산면,126.91125952642,35.9521506821485
전북특별자치도 익산시,8301,I21002,MA0101202307A0063774,하트떡집,떡/한과,52140610,모현동,126.949864758131,35.9540385848483
전북특별자치도 익산시,8301,I21002,MA0101202305A0201263,부흥떡방,떡/한과,52140690,삼성동,126.992307003982,35.9575996968037
전북특별자치도 익산시,8301,I21002,MA010120220800928212,함라떡방앗간,떡/한과,52140330,함라면,126.911492020941,36.0615604690373
전북특별자치도 익산시,8301,I21002,MA010120220807329423,시장떡방앗간,떡/한과,52140390,여산면,127.083843314715,36.0588781735614
전북특별자치도 익산시,8301,I21002,MA010120220807302090,익산떡방앗간,떡/한과,52140430,삼기면,126.981328704201,36.0222440980417
전북특별자치도 익산시,8301,I21002,MA010120220807315907,쌍용떡방앗간,떡/한과,52140652,어양동,126.982043571326,35.9519207844259
전북특별자치도 익산시,8301,I21002,MA010120220807301580,서울떡방앗간,떡/한과,52140570,동산동,126.965625275638,35.9322701198271
전북특별자치도 익산시,8301,I21002,MA010120220806662359,원앙떡방앗간,떡/한과,52140250,함열읍,126.957689141321,36.0809619698506
전북특별자치도 익산시,8301,I21002,MA010120220807316373,서울떡집,떡/한과,52140520,중앙동,126.950725053491,35.9431068827016
전북특별자치도 익산시,8301,I21002,MA010120220807317932,콩쥐팥쥐떡방,떡/한과,52140652,어양동,126.979936408286,35.9565167780381
전북특별자치도 익산시,8301,I21002,MA010120220807317152,이리떡방앗간,떡/한과,52140595,남중동,126.958023861743,35.9523293582932
전북특별자치도 익산시,8301,I21002,MA010120220810382657,소문난떡집,떡/한과,52140595,남중동,126.957547821587,35.9512386892968
전북특별자치도 익산시,8301,I21002,MA010120220813211711,별미떡방앗간,떡/한과,52140595,남중동,126.957858148144,35.9512928731186
전북특별자치도 익산시,8301,I21002,MA010120220807308074,잔치떡마을,떡/한과,52140646,영등1동,126.975681345476,35.9515501551535
전북특별자치도 익산시,8301,I21002,MA010120220807315957,신광떡방앗간,떡/한과,52140520,중앙동,126.951336098178,35.9406918022766
전북특별자치도 익산시,8301,I21002,MA010120220807301515,함라떡방앗간,떡/한과,52140330,함라면,126.911492020941,36.0615604690373
전북특별자치도 익산시,8301,I21002,MA010120220807891794,전통팔봉떡방앗간,떡/한과,52140670,팔봉동,127.011973104321,35.9661791463089
전북특별자치도 익산시,8301,I21002,MA010120220807301813,삼진떡집,떡/한과,52140620,송학동,126.942105611328,35.9388311453875
전북특별자치도 익산시,8301,I21002,MA010120220811941253,익산가람떡집,떡/한과,52140595,남중동,126.951495822446,35.9513535574987
전북특별자치도 익산시,8301,I21002,MA010120220813334447,마음을담은떡집,떡/한과,52140646,영등1동,126.970881073085,35.9538112011477
전북특별자치도 익산시,8301,I21002,MA010120220807312104,부송떡방앗간,떡/한과,52140690,삼성동,126.988859351177,35.9591315343696
전북특별자치도 익산시,8301,I21002,MA010120220810450185,일곱요일달콤이떡공방,떡/한과,52140646,영등1동,126.970747936411,35.9541446278226
전북특별자치도 익산시,8301,I21002,MA010120220803019231,떡보의하루,떡/한과,52140656,신동,126.961556040646,35.9599730595502
전북특별자치도 익산시,8301,I21002,MA010120220807306128,종로떡집방앗간,떡/한과,52140652,어양동,126.98110131863,35.9523171857896
전북특별자치도 익산시,8301,I21002,MA010120220807329149,서울떡방앗간,떡/한과,52140400,금마면,127.053550937087,35.9893385988713
전북특별자치도 익산시,8301,I21002,MA010120220807182310,종가떡방,떡/한과,52140646,영등1동,126.972853465715,35.9556952562459
전북특별자치도 익산시,8301,I21002,MA010120220805892829,미동떡방갓간,떡/한과,52140380,망성면,127.049504344141,36.0973884595566
전북특별자치도 익산시,8301,I21002,MA010120220804198384,민속떡방앗간,떡/한과,52140646,영등1동,126.976412160764,35.9540377257899
전북특별자치도 익산시,8301,I21002,MA010120220807303572,북부떡방앗간,떡/한과,52140595,남중동,126.958023861743,35.9523293582932
전북특별자치도 익산시,8301,I21002,MA010120220807322004,영보떡방앗간,떡/한과,52140647,영등2동,126.973304855786,35.9648609655728
전북특별자치도 익산시,8301,I21002,MA010120220807325041,마동떡방앗간,떡/한과,52140580,마동,126.967662981472,35.9354250389305
전북특별자치도 익산시,8301,I21002,MA010120220807297261,이쁜이떡집,떡/한과,52140520,중앙동,126.949728247397,35.9420610282864
전북특별자치도 익산시,8301,I21002,MA010120220807331736,부흥떡방아간,떡/한과,52140690,삼성동,126.992318087245,35.9576177223168
전북특별자치도 익산시,8301,I21002,MA010120220807297959,계수나무떡,떡/한과,52140320,황등면,126.944641137089,36.0057041881771
전북특별자치도 익산시,8301,I21002,MA010120220807299896,원앙떡방앗간,떡/한과,52140647,영등2동,126.976532098956,35.9607700133856
전북특별자치도 익산시,8301,I21002,MA010120220809916650,장생당궁전떡,떡/한과,52140595,남중동,126.957292207803,35.9525003359458
전북특별자치도 익산시,8301,I21002,MA010120220803536408,진미떡집,떡/한과,52140520,중앙동,126.951035143435,35.9434855313234
전북특별자치도 익산시,8301,I21002,MA010120220807314997,풍년떡방앗간,떡/한과,52140410,왕궁면,127.088632985254,35.965074538524
전북특별자치도 익산시,8301,I21002,MA0101202602A0033235,천냥빵떡대장익산,떡/한과,52140610,모현동,126.93470535291,35.9489302716125
전북특별자치도 익산시,8301,I21002,MA010120220811675731,푸드방앗간,떡/한과,52140690,삼성동,126.991475637055,35.9575185290189
전북특별자치도 익산시,8301,I21002,MA010120220807315080,고모집떡방앗간,떡/한과,52140610,모현동,126.943053569117,35.9459784503705
전북특별자치도 익산시,8301,I21002,MA010120220807311284,장수떡방앗간,떡/한과,52140570,동산동,126.9637631199,35.9332969901684
전북특별자치도 익산시,8301,I21002,MA0101202506A0031537,"영광떡,과일",떡/한과,52140646,영등1동,126.968499942543,35.9486915505062
전북특별자치도 익산시,8301,I21002,MA010120220807310449,남중떡집,떡/한과,52140595,남중동,126.957802660425,35.9514190273677
전북특별자치도 익산시,8301,I21002,MA0101202502A0044665,잔치떡집,떡/한과,52140570,동산동,126.959000869689,35.9277888563841
전북특별자치도 익산시,8301,I21002,MA0101202509A0011719,떡이랑김이랑,떡/한과,52140652,어양동,126.981819972701,35.960275249069
전북특별자치도 익산시,8301,I21002,MA010120220807318213,솔나무떡집,떡/한과,52140595,남중동,126.958002265614,35.9512478615808
전북특별자치도 익산시,8301,I21002,MA010120220807330388,신동떡방앗간,떡/한과,52140656,신동,126.962764909343,35.958765779313
전북특별자치도 익산시,8301,I21002,MA010120220807317738,정읍떡기름집,떡/한과,52140560,인화동,126.952715788798,35.9315537465952
전북특별자치도 익산시,8301,I21002,MA0101202501A0006003,더제일떡집,떡/한과,52140360,용안면,126.953015619543,36.1173514420528
전북특별자치도 익산시,8301,I21002,MA0101202502A0051136,우남샘물떡방앗간,떡/한과,52140647,영등2동,126.972984134734,35.9625897709846
전북특별자치도 익산시,8301,I21002,MA010120220807301469,고향떡방앗간,떡/한과,52140250,함열읍,126.957733680732,36.0807186557528
전북특별자치도 익산시,8301,I21002,MA010120220807304338,사랑떡방앗간,떡/한과,52140330,함라면,126.910129613958,36.059063063931
전북특별자치도 익산시,8301,I21002,MA010120220807313923,우리떡방앗간,떡/한과,52140360,용안면,126.9525486201,36.1181623523459
전북특별자치도 익산시,8301,I21002,MA010120220808800501,경창떡방앗간,떡/한과,52140610,모현동,126.936083575357,35.9441724575162
전북특별자치도 익산시,8301,I21008,MA010120220807330906,배스킨라빈스원광대점,아이스크림/빙수,52140656,신동,126.958195302475,35.9635408442325
전북특별자치도 익산시,8301,I21008,MA010120220807310308,배스킨라빈스,아이스크림/빙수,52140647,영등2동,126.976543773358,35.9587782756762
전북특별자치도 익산시,8301,I21008,MA010120220803709526,베스킨라빈스31익산배산점,아이스크림/빙수,52140610,모현동,126.938029462629,35.9502478460356
전북특별자치도 익산시,8301,I21008,MA010120220813537537,배스킨라빈스,아이스크림/빙수,52140570,동산동,126.96411725499,35.9343515516564
전북특별자치도 익산시,8301,I21008,MA010120220807320107,베스킨라빈스익산,아이스크림/빙수,52140610,모현동,126.943762892661,35.945996809631
전북특별자치도 익산시,8301,I21008,MA010120220807308205,배스킨라빈스,아이스크림/빙수,52140690,삼성동,126.990976794754,35.9576717033791
전북특별자치도 익산시,8301,I21008,MA0101202411A0145524,요거트아이스크림의정석원광대점,아이스크림/빙수,52140656,신동,126.958362328068,35.9621349689861
전북특별자치도 익산시,8301,I21008,MA0101202406A0331283,요거트월드익산,아이스크림/빙수,52140610,모현동,126.940001456248,35.9515105854198
전북특별자치도 익산시,8301,I21008,MA0101202409A0219196,요거트아이스크림의정석,아이스크림/빙수,52140647,영등2동,126.976532098956,35.9607700133856
경상남도 진주시,4020,G20404,MA010120220811149650,대성상회,슈퍼마켓,48170565,중앙동,128.082790686699,35.1998783971902
경상남도 진주시,4020,G20404,MA010120220807653530,우리마트가좌,슈퍼마켓,48170740,가호동,128.102468163189,35.1503275694387
경상남도 진주시,4020,G20404,MA010120220811155085,대림상회,슈퍼마켓,48170565,중앙동,128.085981724115,35.1954334522801
경상남도 진주시,4020,G20404,MA010120220811156046,중촌구판장,슈퍼마켓,48170400,대곡면,128.194348899097,35.2417034660357
경상남도 진주시,4020,G20404,MA010120220811162211,생생푸드머스,슈퍼마켓,48170710,평거동,128.068808729394,35.1744326763819
경상남도 진주시,4020,G20404,MA010120220811159550,후문편의점,슈퍼마켓,48170565,중앙동,128.088692276691,35.1994379185115
경상남도 진주시,4020,G20404,MA010120220802752593,진주중부농협로컬푸드하나로마트,슈퍼마켓,48170750,충무공동,128.152774052733,35.174608979292
경상남도 진주시,4020,G20404,MA010120220808268166,우리슈퍼주약점,슈퍼마켓,48170515,천전동,128.092049086574,35.176226252682
경상남도 진주시,4020,G20404,MA010120220813007474,제이원,슈퍼마켓,48170310,내동면,128.017206894997,35.1313346405537
경상남도 진주시,4020,G20404,MA010120220807371267,모아마트,슈퍼마켓,48170695,초장동,128.100553713065,35.2175368691815
경상남도 진주시,4020,G20404,MA0101202409A0198664,영남유통,슈퍼마켓,48170710,평거동,128.065616741502,35.1729285839038
경상남도 진주시,4020,G20404,MA0101202409A0169821,하카전자담배진주점,슈퍼마켓,48170678,하대동,128.117130128148,35.1889221262596
경상남도 진주시,4020,G20404,MA0101202409A0131362,베스트마트진주점,슈퍼마켓,48170720,이현동,128.062924555361,35.1946285894862
경상남도 진주시,4020,G20404,MA0101202409A0251095,진흥이엔지,슈퍼마켓,48170250,문산읍,128.158079941847,35.1694750560911
경상남도 진주시,4020,G20404,MA010120220811149260,오복슈퍼,슈퍼마켓,48170515,천전동,128.08545631211,35.1856500420656
경상남도 진주시,4020,G20404,MA010120220810005392,상봉할인마트,슈퍼마켓,48170595,상봉동,128.072691772285,35.2026181100952
경상남도 진주시,4020,G20404,MA010120220811175034,우리슈퍼,슈퍼마켓,48170740,가호동,128.112714758055,35.1638165209202
경상남도 진주시,4020,G20404,MA010120220806661257,세진하나로마트,슈퍼마켓,48170678,하대동,128.115235688602,35.19570832846
경상남도 진주시,4020,G20404,MA010120220806673365,굿모닝마트,슈퍼마켓,48170680,상평동,128.111217846566,35.1699591093359
경상남도 진주시,4020,G20404,MA010120220811208030,진주진양농협경제사업소,슈퍼마켓,48170360,일반성면,128.276036206253,35.1719940860436
경상남도 진주시,4020,G20404,MA010120220808224502,드림상회,슈퍼마켓,48170565,중앙동,128.086852988138,35.1957230639295
경상남도 진주시,4020,G20404,MA010120220813324603,남부마트,슈퍼마켓,48170740,가호동,128.10669815254,35.1596174924397
경상남도 진주시,4020,G20404,MA010120220811181289,우정상회,슈퍼마켓,48170565,중앙동,128.089363854568,35.1913472242638
경상남도 진주시,4020,G20404,MA010120220811153285,한진할인마트,슈퍼마켓,48170515,천전동,128.09334563859,35.1845155371581
경상남도 진주시,4020,G20404,MA010120220808207910,더마트,슈퍼마켓,48170555,성북동,128.073905272809,35.1947029492726
경상남도 진주시,4020,G20404,MA010120220813173976,휴마트,슈퍼마켓,48170740,가호동,128.108268963896,35.1629559758881
경상남도 진주시,4020,G20404,MA010120220811208494,진주경찰서무궁화복지회,슈퍼마켓,48170555,성북동,128.081315226242,35.1929425608238
경상남도 진주시,4020,G20404,MA0101202406A0298977,슈퍼마켓,슈퍼마켓,48170750,충무공동,128.12731591772,35.1648802453147
경상남도 진주시,4020,G20404,MA0101202406A0108557,키울공간,슈퍼마켓,48170730,판문동,128.043539194449,35.1658112048718
경상남도 진주시,4020,G20404,MA0101202406A0455717,케렌시아,슈퍼마켓,48170555,성북동,128.082689533216,35.1930835017875
경상남도 진주시,4020,G20404,MA0101202406A0106730,진성유통,슈퍼마켓,48170730,판문동,128.048989175066,35.1688375891768
경상남도 진주시,4020,G20404,MA0101202409A0018789,프라임갤러리,슈퍼마켓,48170673,상대동,128.104766831728,35.181545753225
경상남도 진주시,4020,G20404,MA010120220807275092,아이스껚이,슈퍼마켓,48170680,상평동,128.107449946801,35.1762125920625
경상남도 진주시,4020,G20404,MA010120220803513452,포레스트0405,슈퍼마켓,48170370,이반성면,128.298591977195,35.160902933812
경상남도 진주시,4020,G20404,MA010120220808490760,또올편의점픽미픽미아이스,슈퍼마켓,48170680,상평동,128.115258567089,35.1716704937428
경상남도 진주시,4020,G20404,MA010120220811174123,하영슈퍼,슈퍼마켓,48170730,판문동,128.055268508513,35.1697564570196
경상남도 진주시,4020,G20404,MA010120220812607970,희망마트하대점,슈퍼마켓,48170678,하대동,128.127234429897,35.1883958684522
경상남도 진주시,4020,G20404,MA010120220805221272,무인아이스크림할인점,슈퍼마켓,48170515,천전동,128.082967286298,35.1834010465272
경상남도 진주시,4020,G20404,MA010120220811158529,대원슈퍼,슈퍼마켓,48170595,상봉동,128.077468272022,35.1976185493854
경상남도 진주시,4020,G20404,MA010120220814103619,터미널상회,슈퍼마켓,48170673,상대동,128.120540151642,35.182202993296
경상남도 진주시,4020,G20404,MA010120220813723378,서원유통탑마트,슈퍼마켓,48170740,가호동,128.114958364952,35.1617409237899
경상남도 진주시,4020,G20404,MA010120220811164891,파워할인유통,슈퍼마켓,48170680,상평동,128.11494014111,35.1764863654406
경상남도 진주시,4020,G20404,MA0101202406A0425014,아이스크림,슈퍼마켓,48170710,평거동,128.062149910931,35.1739144186684
경상남도 진주시,4020,G20404,MA0101202406A0487045,대도마트,슈퍼마켓,48170710,평거동,128.058213359368,35.1716956120487
경상남도 진주시,4020,G20404,MA0101202311A0026258,아이스크림,슈퍼마켓,48170730,판문동,128.04960694001,35.166515878242
경상남도 진주시,4020,G20404,MA0101202310A0027960,진주상회,슈퍼마켓,48170565,중앙동,128.087552683405,35.1922017131114
경상남도 진주시,4020,G20404,MA0101202309A0049081,까미노,슈퍼마켓,48170673,상대동,128.113314205298,35.1796108047667
경상남도 진주시,4020,G20404,MA0101202406A0128943,탑유황스파여자매점,슈퍼마켓,48170740,가호동,128.111033806205,35.1644989133334
경상남도 진주시,4020,G20404,MA0101202406A0414008,아이스포유상대한보점,슈퍼마켓,48170673,상대동,128.114705092123,35.1801748421679
경상남도 진주시,4020,G20404,MA0101202406A0444606,아이스포유,슈퍼마켓,48170673,상대동,128.114971623925,35.1795955574344
경상남도 진주시,4020,G20404,MA0101202406A0344871,어뮤즈남자매점,슈퍼마켓,48170750,충무공동,128.143711070937,35.1741090581203
경상남도 진주시,4020,G20404,MA0101202311A0097947,벨루스톤힐링카페산소미인,슈퍼마켓,48170250,문산읍,128.165507179576,35.1684484428119
경상남도 진주시,4020,G20404,MA0101202406A0179190,주영아이스크림,슈퍼마켓,48170740,가호동,128.105202695437,35.1577834743897
경상남도 진주시,4020,G20404,MA0101202406A0126591,진주전자담배베이프큐경,슈퍼마켓,48170740,가호동,128.106807306719,35.1539022343194
경상남도 진주시,4020,G20404,MA0101202406A0528834,진주축산업협동조합하나로마트,슈퍼마켓,48170715,신안동,128.06726461744,35.1822696101663
경상남도 진주시,4020,G20404,MA0101202406A0450030,와싸다아이스크림,슈퍼마켓,48170730,판문동,128.048799089398,35.1668563593424
경상남도 진주시,4020,G20404,MA0101202406A0445394,아이스포유,슈퍼마켓,48170673,상대동,128.10450584494,35.1784837141481
경상남도 진주시,4020,G20404,MA0101202406A0462109,아이스크림,슈퍼마켓,48170740,가호동,128.102408074185,35.1499405553336
경상남도 진주시,4020,G20404,MA0101202409A0248857,아이스나라진주정촌점,슈퍼마켓,48170320,정촌면,128.099836127865,35.1259801675892
경상남도 진주시,4020,G20404,MA0101202409A0070521,달콤아이스크림과자할인점삼현점,슈퍼마켓,48170680,상평동,128.112498171311,35.1769234185822
경상남도 진주시,4020,G20404,MA0101202409A0238809,달콤아이스크림할인점,슈퍼마켓,48170680,상평동,128.10458877722,35.1781224377549
경상남도 진주시,4020,G20404,MA0101202406A0013513,아이스포유이현점,슈퍼마켓,48170720,이현동,128.0642034796,35.1866137907925
경상남도 진주시,4020,G20404,MA0106202407A0545787,이마트에브리데이진주,슈퍼마켓,48170740,가호동,128.117373162651,35.1529309810185
경상남도 진주시,4020,G20404,MA0101202406A0121505,연경유통,슈퍼마켓,48170565,중앙동,128.083916868026,35.1912518953146
경상남도 진주시,4020,G20404,MA010120220800523987,시장할인마트,슈퍼마켓,48170250,문산읍,128.168026248168,35.1703709737578
경상남도 진주시,4020,G20404,MA010120220813062520,신앙촌상회,슈퍼마켓,48170555,성북동,128.07553644377,35.1901729536426
경상남도 진주시,4020,G20404,MA010120220811175174,신태양속옷나라,슈퍼마켓,48170555,성북동,128.076458734767,35.1943377820209
경상남도 진주시,4020,G20404,MA010120220811148902,동양마트,슈퍼마켓,48170515,천전동,128.084561177643,35.1802502531109
경상남도 진주시,4020,G20404,MA010120220811181980,"대통령,대박마트",슈퍼마켓,48170565,중앙동,128.084740257995,35.1920737184704
경상남도 진주시,4020,G20404,MA010120220811159937,대봉상회,슈퍼마켓,48170565,중앙동,128.082056758705,35.2000111401968
경상남도 진주시,4020,G20404,MA010120220811167095,홈마트,슈퍼마켓,48170720,이현동,128.067068582992,35.1916268591926
경상남도 진주시,4020,G20404,MA010120220805221085,광명상회,슈퍼마켓,48170565,중앙동,128.089363854568,35.1913472242638
경상남도 진주시,4020,G20404,MA010120220811153128,판문슈퍼,슈퍼마켓,48170730,판문동,128.043895603663,35.1713692017117
경상남도 진주시,4020,G20404,MA0101202406A0182249,내동공원매점,슈퍼마켓,48170310,내동면,128.003678970427,35.1196852416771
경상남도 진주시,4020,G20404,MA0101202311A0026818,빅씨마트,슈퍼마켓,48170460,수곡면,127.953346054834,35.167365810041
경상남도 진주시,4020,G20404,MA0101202311A0001538,마켓무,슈퍼마켓,48170710,평거동,128.064810383895,35.1784336329977
경상남도 진주시,4020,G20404,MA0101202311A0064469,옛날과자,슈퍼마켓,48170410,금산면,128.148913644473,35.2154021334663
경상남도 진주시,4020,G20404,MA0101202406A0084169,정우빵,슈퍼마켓,48170320,정촌면,128.100173262984,35.1290235280973
경상남도 진주시,4020,G20404,MA0101202406A0364636,학교매점,슈퍼마켓,48170595,상봉동,128.080652983598,35.2009700414921
경상남도 진주시,4020,G20404,MA0101202406A0018073,아이스포유주약점,슈퍼마켓,48170515,천전동,128.092396711518,35.17349217317
경상남도 진주시,4020,G20404,MA0101202406A0257905,메종드르빵,슈퍼마켓,48170320,정촌면,128.100173262984,35.1290235280973
경상남도 진주시,4020,G20404,MA0101202406A0301711,장바구니,슈퍼마켓,48170320,정촌면,128.100686161835,35.1418624907247
경상남도 진주시,4020,G20404,MA0101202406A0558236,진주축산업협동조합하나로마트들말점,슈퍼마켓,48170710,평거동,128.062686831217,35.1746848312252
경상남도 진주시,4020,G20404,MA0101202406A0218130,아이스포유하대점,슈퍼마켓,48170678,하대동,128.123430044282,35.1911711635032
경상남도 진주시,4020,G20404,MA0101202406A0500253,디시어스,슈퍼마켓,48170710,평거동,128.063698141038,35.1798494410247
경상남도 진주시,4020,G20404,MA0101202406A0033140,아이스크림,슈퍼마켓,48170750,충무공동,128.148936694557,35.1749338568704
경상남도 진주시,4020,G20404,MA0101202406A0184709,굿모닝건강,슈퍼마켓,48170565,중앙동,128.088005744829,35.1932431509035
경상남도 진주시,4020,G20404,MA010120220811193272,한빛마트,슈퍼마켓,48170715,신안동,128.069738109588,35.1883946710143
경상남도 진주시,4020,G20404,MA010120220811172193,태화상회,슈퍼마켓,48170555,성북동,128.076757880691,35.1920458182715
경상남도 진주시,4020,G20404,MA010120220808175430,물레방아마트,슈퍼마켓,48170370,이반성면,128.31477460397,35.1537524649496
경상남도 진주시,4020,G20404,MA010120220811189472,에이스마트,슈퍼마켓,48170390,지수면,128.268933695594,35.2319406443267
경상남도 진주시,4020,G20404,MA010120220812324764,송전개발,슈퍼마켓,48170740,가호동,128.107435200409,35.1637927989669
경상남도 진주시,4020,G20404,MA010120220811179998,현대슈퍼,슈퍼마켓,48170730,판문동,128.046043939548,35.1677003731141
경상남도 진주시,4020,G20404,MA010120220800043302,우리슈퍼옥봉점,슈퍼마켓,48170565,중앙동,128.093130546054,35.1963245028923
경상남도 진주시,4020,G20404,MA010120220811208193,진주원예농협도매시,슈퍼마켓,48170695,초장동,128.124053425883,35.2101196100394
경상남도 진주시,4020,G20404,MA010120220806029470,목화매점,슈퍼마켓,48170515,천전동,128.082520951235,35.1787182667998
경상남도 진주시,4020,G20404,MA010120220811167132,대호편의점,슈퍼마켓,48170555,성북동,128.07738755347,35.19566344612
경상남도 진주시,4020,G20404,MA010120220807720872,셀프존아이스크림,슈퍼마켓,48170678,하대동,128.116330341909,35.1930574424081
경상남도 진주시,4020,G20404,MA010120220800229720,우리마트,슈퍼마켓,48170515,천전동,128.083713178936,35.1850077036601
경상남도 진주시,4020,G20404,MA0101202301A0069427,청춘상회,슈퍼마켓,48170410,금산면,128.153458368362,35.209049884159
경상남도 진주시,4020,G20404,MA0101202209A0042940,베트남마트,슈퍼마켓,48170680,상평동,128.114935933588,35.1769821187715
경상남도 진주시,4020,G20404,MA0101202306A0071591,달콤아이스크림과자상봉동점,슈퍼마켓,48170595,상봉동,128.068504202133,35.20064523804
경상남도 진주시,4020,G20404,MA0101202305A0001441,넘버25,슈퍼마켓,48170680,상평동,128.12648449309,35.173035724725
경상남도 진주시,4020,G20404,MA0101202406A0146736,금곡백타이,슈퍼마켓,48170330,금곡면,128.170697068485,35.1392144084036
경상남도 진주시,4020,G20404,MA0101202406A0253358,와싸다,슈퍼마켓,48170695,초장동,128.111073668587,35.2133939596734
경상남도 진주시,4020,G20404,MA0101202406A0321073,달콤아이스크림과자할인점도동점,슈퍼마켓,48170678,하대동,128.119878874771,35.1868147409428
경상남도 진주시,4020,G20404,MA0101202406A0440778,아이스포유,슈퍼마켓,48170595,상봉동,128.070290432035,35.1961860493199
경상남도 진주시,4020,G20404,MA0101202406A0150994,달콤아이스크림과자할인점상대현대점,슈퍼마켓,48170673,상대동,128.114963409131,35.18703134422
경상남도 진주시,4020,G20404,MA0101202406A0062223,심천사우나매점,슈퍼마켓,48170695,초장동,128.113887740097,35.208762485
경상남도 진주시,4020,G20404,MA0101202406A0484648,아이스포유,슈퍼마켓,48170715,신안동,128.067056476324,35.1797838465464
경상남도 진주시,4020,G20404,MA0101202406A0060253,농사꾼푸드아시안마트,슈퍼마켓,48170673,상대동,128.109720227888,35.1801034521105
경상남도 진주시,4020,G20404,MA0106202201A0563404,노브랜드진주,슈퍼마켓,48170695,초장동,128.112828299827,35.2124044452525
경상남도 진주시,4020,G20404,MA010120220806812408,씨디마트,슈퍼마켓,48170565,중앙동,128.086063976842,35.1941889210722
경상남도 진주시,4020,G20404,MA010120220811164698,제일식품,슈퍼마켓,48170680,상평동,128.112507003286,35.1695146512483
경상남도 진주시,4020,G20404,MA010120220804154612,사거리슈퍼,슈퍼마켓,48170250,문산읍,128.163194688397,35.1663796668105
경상남도 진주시,4020,G20404,MA010120220811164505,금아상회,슈퍼마켓,48170565,중앙동,128.089363854568,35.1913472242638
경상남도 진주시,4020,G20404,MA010120220811186560,길모퉁이,슈퍼마켓,48170515,천전동,128.092579177457,35.1854868459226
경상남도 진주시,4020,G20404,MA010120220811182357,현대할인마트,슈퍼마켓,48170673,상대동,128.115144093964,35.1873992125829
경상남도 진주시,4020,G20404,MA010120220813303887,아시아마트,슈퍼마켓,48170678,하대동,128.122188575694,35.1855225306266
경상남도 진주시,4020,G20404,MA010120220813379077,달콤아이스크림과자할인점,슈퍼마켓,48170750,충무공동,128.151864321785,35.1801515876363
경상남도 진주시,4020,G20404,MA010120220810253616,21세기정수기,슈퍼마켓,48170730,판문동,128.034929918905,35.1957904224524
경상남도 진주시,4020,G20404,MA010120220811148586,계단상회,슈퍼마켓,48170515,천전동,128.083194259123,35.1806500462794
경상남도 진주시,4020,G20404,MA0101202306A0034960,어뮤즈여자매점,슈퍼마켓,48170750,충무공동,128.143711070937,35.1741090581203
경상남도 진주시,4020,G20404,MA0101202308A0011282,시롬타이,슈퍼마켓,48170330,금곡면,128.170697068485,35.1392144084036
경상남도 진주시,4020,G20404,MA0101202306A0028745,오렌지마트,슈퍼마켓,48170673,상대동,128.107616272731,35.1828085843755
경상남도 진주시,4020,G20404,MA0106202310A0637432,씨유현대진주셀프점,슈퍼마켓,48170710,평거동,128.061753887262,35.1746930132263
경상남도 진주시,4020,G20404,MA0101202306A0031105,달달할인점,슈퍼마켓,48170715,신안동,128.071903217736,35.1827153468555
경상남도 진주시,4020,G20404,MA0101202305A0131016,성심슈퍼,슈퍼마켓,48170515,천전동,128.08413489011,35.1803892651374
경상남도 진주시,4020,G20404,MA010120220811241674,계영제과,슈퍼마켓,48170565,중앙동,128.084880277535,35.1951729358161
경상남도 진주시,4020,G20404,MA010120220811184678,시장스토아,슈퍼마켓,48170360,일반성면,128.283202684748,35.1712243841466
경상남도 진주시,4020,G20404,MA010120220811192510,영남연쇄점,슈퍼마켓,48170330,금곡면,128.187029370101,35.0904573928266
경상남도 진주시,4020,G20404,MA010120220811165254,대광상회,슈퍼마켓,48170565,중앙동,128.090050284953,35.1999935185026
경상남도 진주시,4020,G20404,MA010120220811149238,역전상회,슈퍼마켓,48170515,천전동,128.089471210649,35.1788271919631
경상남도 진주시,4020,G20404,MA010120220811150216,홀-세일마트,슈퍼마켓,48170680,상평동,128.102497301156,35.1752573329457
경상남도 진주시,4020,G20404,MA010120220811150563,영강슈퍼,슈퍼마켓,48170673,상대동,128.112363574824,35.183963800067
경상남도 진주시,4020,G20404,MA010120220811095300,모닝마트,슈퍼마켓,48170710,평거동,128.067580674168,35.1837720007847
경상남도 진주시,4020,G20404,MA010120220811164528,지영상회,슈퍼마켓,48170565,중앙동,128.089363854568,35.1913472242638
경상남도 진주시,4020,G20404,MA010120220811175807,대성슈퍼,슈퍼마켓,48170515,천전동,128.083286891922,35.1859759099699
경상남도 진주시,4020,G20404,MA010120220811158367,유한직영마트,슈퍼마켓,48170680,상평동,128.110350699105,35.1699580486034
경상남도 진주시,4020,G20404,MA0101202306A0051260,쉬어가는곳,슈퍼마켓,48170595,상봉동,128.07580547555,35.1972547882901
경상남도 진주시,4020,G20404,MA0106202201A0563902,이마트진주점,슈퍼마켓,48170555,성북동,128.077410616848,35.1915893618856
경상남도 진주시,4020,G20404,MA010120220811147250,한솔할인마트,슈퍼마켓,48170673,상대동,128.104327773156,35.1807385878624
경상남도 진주시,4020,G20404,MA010120220811159350,영민상회,슈퍼마켓,48170595,상봉동,128.077375621015,35.1989172458138
경상남도 진주시,4020,G20404,MA010120220813287520,한살림경남충무공매장,슈퍼마켓,48170750,충무공동,128.148097583339,35.176149550563
경상남도 진주시,4020,G20404,MA010120220811147892,현대할인마트,슈퍼마켓,48170673,상대동,128.115139612433,35.179035205463
경상남도 진주시,4020,G20404,MA010120220808008408,한골상회,슈퍼마켓,48170370,이반성면,128.307863359039,35.1559542986092
경상남도 진주시,4020,G20404,MA010120220813382305,달콤아이스크림과자하대현대점,슈퍼마켓,48170678,하대동,128.124914780222,35.1913556649543
경상남도 진주시,4020,G20404,MA010120220811183658,금산유통,슈퍼마켓,48170565,중앙동,128.085437302868,35.1949516319564
경상남도 진주시,4020,G20404,MA010120220811154958,연세매점,슈퍼마켓,48170250,문산읍,128.200250881669,35.1575460002213
경상남도 진주시,4020,G20404,MA010120220813210704,달콤아이스크림과자할인점,슈퍼마켓,48170673,상대동,128.11165007782,35.1839703516091
경상남도 진주시,4020,G20404,MA010120220808523834,우리슈퍼,슈퍼마켓,48170250,문산읍,128.163317651908,35.1673068203474
경상남도 진주시,4020,G20404,MA010120220811187220,양지푸드,슈퍼마켓,48170678,하대동,128.124923883083,35.1936088203149
경상남도 진주시,4020,G20404,MA0101202306A0035485,아이스맨즈평거2차현대점,슈퍼마켓,48170715,신안동,128.065912770641,35.1804698956747
경상남도 진주시,4020,G20404,MA0101202305A0065380,진주동중학교매점,슈퍼마켓,48170410,금산면,128.142641244168,35.2168675146047
경상남도 진주시,4020,G20404,MA0101202307A0017570,무인플러스마트호탄점,슈퍼마켓,48170740,가호동,128.113537492634,35.1629797633813
경상남도 진주시,4020,G20404,MA0101202308A0056082,아시아마트,슈퍼마켓,48170420,집현면,128.136997271494,35.2397773605889
경상남도 진주시,4020,G20404,MA0101202306A0013674,진주금곡농업협동조합로컬푸드복합문화센터,슈퍼마켓,48170740,가호동,128.120650172237,35.1566230891007
경상남도 진주시,4020,G20404,MA010120220808634714,잇쏘프레시진주주약점,슈퍼마켓,48170515,천전동,128.093765041601,35.1740296183913
경상남도 진주시,4020,G20404,MA010120220808036847,한아름,슈퍼마켓,48170673,상대동,128.10950777571,35.1822414777077
경상남도 진주시,4020,G20404,MA010120220813623487,광남상사,슈퍼마켓,48170715,신안동,128.073484330044,35.184404803964
경상남도 진주시,4020,G20404,MA010120220800528376,아이스크림,슈퍼마켓,48170750,충무공동,128.149091700616,35.1726881590839
경상남도 진주시,4020,G20404,MA010120220811178464,행복연쇄점,슈퍼마켓,48170565,중앙동,128.088142405984,35.1960810161489
경상남도 진주시,4020,G20404,MA010120220811147619,보은스토아,슈퍼마켓,48170555,성북동,128.078572681305,35.1939494377464
경상남도 진주시,4020,G20404,MA0101202211A0022916,원하다,슈퍼마켓,48170720,이현동,128.066112106349,35.1906889166004
경상남도 진주시,4020,G20404,MA0101202306A0058621,아이스맨즈평거엘크루점,슈퍼마켓,48170710,평거동,128.059298718874,35.1690543117681
경상남도 진주시,4020,G20404,MA010120220811190956,원외점방,슈퍼마켓,48170460,수곡면,127.945633505591,35.158205786194
경상남도 진주시,4020,G20404,MA010120220811188643,감나무토종닭식당,슈퍼마켓,48170310,내동면,128.018306067852,35.1323799482259
경상남도 진주시,4020,G20404,MA010120220811163954,연희몰,슈퍼마켓,48170565,중앙동,128.084673123964,35.1952829475935
경상남도 진주시,4020,G20404,MA010120220811207948,경상국립대학교병원소비조합,슈퍼마켓,48170515,천전동,128.096491784295,35.1759968399129
경상남도 진주시,4020,G20404,MA0101202212A0018764,주니크레페,슈퍼마켓,48170673,상대동,128.111975763548,35.1788660097912
경상남도 진주시,4020,G20404,MA0101202305A0192919,진주금산농협하나로마트로컬푸드직매장,슈퍼마켓,48170410,금산면,128.144866364824,35.2196855549492
경상남도 진주시,4020,G20404,MA0101202301A0001069,아이스크림,슈퍼마켓,48170730,판문동,128.04960694001,35.166515878242
경상남도 진주시,4020,G20404,MA0101202301A0017659,가좌할인마트,슈퍼마켓,48170740,가호동,128.108268963896,35.1629559758881
경상남도 진주시,4020,G20404,MA0101202301A0040873,필마트,슈퍼마켓,48170595,상봉동,128.070393361448,35.1956623848727
경상남도 진주시,4020,G20404,MA0101202301A0040354,아세아마트,슈퍼마켓,48170673,상대동,128.110692091689,35.1813383358562
경상남도 진주시,4020,G20404,MA0101202212A0060245,까브델비노,슈퍼마켓,48170750,충무공동,128.143393175867,35.1772756100469
경상남도 진주시,4020,G20404,MA010120220811164575,현대상회,슈퍼마켓,48170565,중앙동,128.086975767202,35.1925764261082
경상남도 진주시,4020,G20404,MA010120220811175704,대원슈퍼,슈퍼마켓,48170680,상평동,128.11518222546,35.1765292016125
경상남도 진주시,4020,G20404,MA010120220807213499,자동차고등학교구내매점,슈퍼마켓,48170695,초장동,128.10153491284,35.2194386893346
경상남도 진주시,4020,G20404,MA010120220811176397,연못뜰,슈퍼마켓,48170320,정촌면,128.096462239563,35.1132572119374
경상남도 진주시,4020,G20404,MA0101202301A0073981,아이스크림,슈퍼마켓,48170740,가호동,128.111322914449,35.152671175783
경상남도 진주시,4020,G20404,MA0101202303A0087969,모모의양말,슈퍼마켓,48170695,초장동,128.114274213135,35.1976639805045
경상남도 진주시,4020,G20404,MA0101202303A0057497,밀레사우나스넥코너,슈퍼마켓,48170555,성북동,128.078038909751,35.1942696461932
경상남도 진주시,4020,G20404,MA0106202201A0605079,모노마트진주점,슈퍼마켓,48170710,평거동,128.061163033971,35.1739951733981
경상남도 진주시,4020,G20404,MA010120220811181057,썬할인마트,슈퍼마켓,48170515,천전동,128.086451100023,35.1845054822578
경상남도 진주시,4020,G20404,MA010120220811149681,장흥슈퍼,슈퍼마켓,48170420,집현면,128.099991361545,35.2279519284817
경상남도 진주시,4020,G20404,MA010120220811191613,대민상회,슈퍼마켓,48170250,문산읍,128.163671848043,35.1667446148811
경상남도 진주시,4020,G20404,MA010120220811148138,시티할인마트,슈퍼마켓,48170695,초장동,128.113641082501,35.2027621278751
경상남도 진주시,4020,G20404,MA010120220811147751,인사동AMPM할인마트,슈퍼마켓,48170555,성북동,128.073622645096,35.1882431247748
경상남도 진주시,4020,G20404,MA010120220811164509,풍국지사,슈퍼마켓,48170565,중앙동,128.087508674125,35.193842473887
경상남도 진주시,4020,G20404,MA010120220804914811,참마트,슈퍼마켓,48170595,상봉동,128.075911014038,35.1985967878591
경상남도 진주시,4020,G20404,MA010120220813426958,에이치에스식자재도매유통,슈퍼마켓,48170695,초장동,128.115010381062,35.2049306602227
경상남도 진주시,4020,G20404,MA010120220811182042,아이엔지할인마트,슈퍼마켓,48170715,신안동,128.072011774491,35.1851298769586
경상남도 진주시,4020,G20404,MA010120220811170990,엘에스,슈퍼마켓,48170595,상봉동,128.068386260247,35.2017008003612
경상남도 진주시,4020,G20404,MA010120220811188595,주민상회,슈퍼마켓,48170350,진성면,128.249815270305,35.1462833997227
경상남도 진주시,4020,G20404,MA010120220811150099,슈퍼마켓,슈퍼마켓,48170390,지수면,128.252042003114,35.2356766100221
경상남도 진주시,4020,G20404,MA010120220805524414,남성상회,슈퍼마켓,48170710,평거동,128.06357676164,35.184014530249
경상남도 진주시,4020,G20404,MA0106202201A0664441,홈플러스도서진주점문화비,슈퍼마켓,48170673,상대동,128.117726479445,35.1875736903257
경상남도 진주시,4020,G20404,MA0106202201A1366178,진주점문화비,슈퍼마켓,48170750,충무공동,128.139843699447,35.1801481513326
경상남도 진주시,4020,G20404,MA0106202201A0665020,홈플러스,슈퍼마켓,48170710,평거동,128.06380120658,35.1776493536087
경상남도 진주시,4020,G20404,MA010120220811183970,덕성슈퍼,슈퍼마켓,48170595,상봉동,128.070875539297,35.198100646834
경상남도 진주시,4020,G20404,MA010120220811150330,구멍가게,슈퍼마켓,48170595,상봉동,128.078897384749,35.2002376192443
경상남도 진주시,4020,G20404,MA010120220811166178,리더마트,슈퍼마켓,48170410,금산면,128.140316065199,35.2139512311189
경상남도 진주시,4020,G20404,MA010120220811188597,길성휴게소,슈퍼마켓,48170370,이반성면,128.325724545164,35.1475404827473
경상남도 진주시,4020,G20404,MA010120220809274099,상봉Sea마트바다,슈퍼마켓,48170595,상봉동,128.07228629036,35.1985027599968
경상남도 진주시,4020,G20404,MA010120220803170854,OK할인마트,슈퍼마켓,48170730,판문동,128.052165202857,35.1699907542323
경상남도 진주시,4020,G20404,MA010120220814087187,임대잡화,슈퍼마켓,48170715,신안동,128.067721385589,35.1827793268461
경상남도 진주시,4020,G20404,MA010120220811149851,선학슈퍼,슈퍼마켓,48170678,하대동,128.115539330413,35.1914153587157
경상남도 진주시,4020,G20404,MA010120220811182346,복음병원매점,슈퍼마켓,48170715,신안동,128.069391178805,35.1853783720187
경상남도 진주시,4020,G20404,MA010120220811192557,월아상회,슈퍼마켓,48170350,진성면,128.221733031301,35.194554436125
경상남도 진주시,4020,G20404,MA010120220811147467,코사마트,슈퍼마켓,48170720,이현동,128.058950791019,35.1870834488595
경상남도 진주시,4020,G20404,MA010120220811085427,세원마트,슈퍼마켓,48170730,판문동,128.050137584613,35.1676649522211
경상남도 진주시,4020,G20404,MA010120220811184321,진주중국식품,슈퍼마켓,48170565,중앙동,128.08561213341,35.1932375950618
경상남도 진주시,4020,G20404,MA010120220811191599,광명상회,슈퍼마켓,48170250,문산읍,128.169855299203,35.1708580465212
경상남도 진주시,4020,G20404,MA010120220804335534,풀마트,슈퍼마켓,48170350,진성면,128.224263611811,35.1875889792723
경상남도 진주시,4020,G20404,MA010120220811160800,집현슈퍼,슈퍼마켓,48170420,집현면,128.071595173014,35.2445020763997
경상남도 진주시,4020,G20404,MA010120220811159934,대영슈퍼마켓,슈퍼마켓,48170565,중앙동,128.082248445842,35.2012171678942
경상남도 진주시,4020,G20404,MA010120220811203262,호성유통주,슈퍼마켓,48170715,신안동,128.072566328623,35.1830519709175
경상남도 진주시,4020,G20404,MA010120220811149308,수곡스토아,슈퍼마켓,48170460,수곡면,127.931831955847,35.1980788151906
경상남도 진주시,4020,G20404,MA010120220811208418,진주서부농협상봉하나로마트,슈퍼마켓,48170595,상봉동,128.068975348351,35.194701506234
경상남도 진주시,4020,G20404,MA010120220800294286,토박스,슈퍼마켓,48170595,상봉동,128.077298142423,35.1997020660663
경상남도 진주시,4020,G20404,MA010120220811462551,쿱스토어경남신안,슈퍼마켓,48170710,평거동,128.059150735464,35.1737243692895
경상남도 진주시,4020,G20404,MA010120220811158606,삼양슈퍼,슈퍼마켓,48170595,상봉동,128.07434457802,35.2005484919723
경상남도 진주시,4020,G20404,MA010120220806546166,투투마트,슈퍼마켓,48170715,신안동,128.070792142873,35.185888748178
경상남도 진주시,4020,G20404,MA010120220811174235,대원할인마트,슈퍼마켓,48170400,대곡면,128.168949644869,35.26161746697
경상남도 진주시,4020,G20404,MA010120220811153443,탑훼미리마트나들가게,슈퍼마켓,48170420,집현면,128.091746430981,35.2381030392987
경상남도 진주시,4020,G20404,MA010120220811183413,반성큰마트,슈퍼마켓,48170360,일반성면,128.283736817615,35.1702904042783
경상남도 진주시,4020,G20404,MA010120220811495996,우리마트금산점,슈퍼마켓,48170410,금산면,128.145912925169,35.2152232787123
경상남도 진주시,4020,G20404,MA010120220803716273,오렌지마트,슈퍼마켓,48170678,하대동,128.112507871865,35.1953548770769
경상남도 진주시,4020,G20404,MA010120220811223559,우리슈퍼,슈퍼마켓,48170695,초장동,128.114505151137,35.201708674191
경상남도 진주시,4020,G20404,MA010120220802506455,월아슈퍼,슈퍼마켓,48170400,대곡면,128.139732630193,35.2460516279833
경상남도 진주시,4020,G20404,MA010120220811177471,반도매점,슈퍼마켓,48170565,중앙동,128.088139610938,35.1917548034411
경상남도 진주시,4020,G20404,MA010120220805367894,업소명없음,슈퍼마켓,48170555,성북동,128.076589366521,35.1950847001502
경상남도 진주시,4020,G20404,MA0106202209A0056653,코레일유통진주역,슈퍼마켓,48170740,가호동,128.118237657256,35.1511474387678
경상남도 진주시,4020,G20404,MA0106202201A1825755,GS수퍼진주,슈퍼마켓,48170710,평거동,128.060939507935,35.1728434608908
경상남도 진주시,4020,G20404,MA010120220803192355,참마트,슈퍼마켓,48170673,상대동,128.110446818537,35.1794478567042
경상남도 진주시,4020,G20404,MA010120220811186295,또만나슈퍼,슈퍼마켓,48170673,상대동,128.117031332667,35.1833079529197
경상남도 진주시,4020,G20404,MA010120220811149718,오성상회,슈퍼마켓,48170555,성북동,128.072222197721,35.1902834617538
경상남도 진주시,4020,G20404,MA010120220811162224,상대할인마트,슈퍼마켓,48170673,상대동,128.110821417517,35.1819680590143
경상남도 진주시,4020,G20404,MA010120220806589051,동네슈퍼,슈퍼마켓,48170715,신안동,128.068485985804,35.1833223782917
경상남도 진주시,4020,G20404,MA010120220808181705,쿱스토어경남충무공점,슈퍼마켓,48170750,충무공동,128.145827934351,35.1700782798084
경상남도 진주시,4020,G20404,MA010120220812330322,몽골상회,슈퍼마켓,48170420,집현면,128.092455144264,35.2409807801098
경상남도 진주시,4020,G20404,MA010120220811175825,남부마트,슈퍼마켓,48170740,가호동,128.10669815254,35.1596174924397
경상남도 진주시,4020,G20404,MA010120220811180817,성미슈퍼,슈퍼마켓,48170678,하대동,128.120153615866,35.1852349294845
경상남도 진주시,4020,G20404,MA010120220811161341,송정상회,슈퍼마켓,48170390,지수면,128.25336529573,35.2352933895628
경상남도 진주시,4020,G20404,MA010120220809747309,중앙광장편의점,슈퍼마켓,48170515,천전동,128.082172484959,35.187211643191
경상남도 진주시,4020,G20404,MA010120220808493754,마켓진양호,슈퍼마켓,48170730,판문동,128.036068970332,35.1748072926631
경상남도 진주시,4020,G20404,MA010120220807094035,진주할인마트,슈퍼마켓,48170740,가호동,128.103025603878,35.1452842025939
경상남도 진주시,4020,G20404,MA010120220811181260,새한미,슈퍼마켓,48170720,이현동,128.058753079299,35.1870761645389
경상남도 진주시,4020,G20404,MA010120220811188632,희정슈퍼,슈퍼마켓,48170310,내동면,128.032500053199,35.1503852410761
경상남도 진주시,4020,G20404,MA010120220811206723,진주우리먹거리협동조합진주텃밭,슈퍼마켓,48170410,금산면,128.149332805503,35.219426920062
경상남도 진주시,4020,G20404,MA010120220811161897,슈퍼마켓,슈퍼마켓,48170515,천전동,128.085451449569,35.1778538270891
경상남도 진주시,4020,G20404,MA010120220811155162,명동마트,슈퍼마켓,48170565,중앙동,128.084814811031,35.1960297570032
경상남도 진주시,4020,G20404,MA010120220808570894,마을연쇄점,슈퍼마켓,48170515,천전동,128.08609561141,35.1726385241182
경상남도 진주시,4020,G20404,MA010120220811151630,병철상회,슈퍼마켓,48170515,천전동,128.082683840514,35.1802400114298
경상남도 진주시,4020,G20404,MA010120220811165285,현대슈퍼,슈퍼마켓,48170565,중앙동,128.089759869856,35.196336859667
경상남도 진주시,4020,G20404,MA010120220811152311,갑을상회,슈퍼마켓,48170565,중앙동,128.085166532725,35.1927548872047
경상남도 진주시,4020,G20404,MA010120220811191351,플러스할인마트,슈퍼마켓,48170678,하대동,128.123531124498,35.1857534325743
경상남도 진주시,4020,G20404,MA010120220811192549,근대화슈퍼,슈퍼마켓,48170400,대곡면,128.164372194276,35.2604178378535
경상남도 진주시,4020,G20404,MA010120220811208402,진주중부농협로컬푸드지점하나로마트,슈퍼마켓,48170695,초장동,128.102808306803,35.2096480432846
경상남도 진주시,4020,G20404,MA010120220812582186,하얀순두부,슈퍼마켓,48170515,천전동,128.082172484959,35.187211643191
경상남도 진주시,4020,G20404,MA0106202208A1844643,이마트24주약점,슈퍼마켓,48170515,천전동,128.094837388562,35.1737765783192
경상남도 진주시,4020,G20404,MA010120220810454598,코코유통,슈퍼마켓,48170515,천전동,128.089552819726,35.186586659556
경상남도 진주시,4020,G20404,MA0101202210A0089263,해초과메기,슈퍼마켓,48170710,평거동,128.063380759457,35.1832952086404
경상남도 진주시,4020,G20404,MA0106202201A0563897,노브랜드진주충무공점,슈퍼마켓,48170750,충무공동,128.131924945514,35.1695780954598
경상남도 진주시,4020,G20404,MA0106202201A1825107,GS25경상대학사점,슈퍼마켓,48170515,천전동,128.089699486895,35.1803032726487
경상남도 진주시,4020,G20404,MA010120220814319544,쉼터휴게소,슈퍼마켓,48170515,천전동,128.096311038335,35.1772512847889
경상남도 진주시,4020,G20404,MA010120220811149716,작은가게할인마트,슈퍼마켓,48170565,중앙동,128.086639722085,35.1970228490417
경상남도 진주시,4020,G20404,MA010120220808536061,하나마트,슈퍼마켓,48170310,내동면,128.089525348038,35.1516163513548
경상남도 진주시,4020,G20404,MA010120220811195272,행복마트,슈퍼마켓,48170673,상대동,128.111323945618,35.1809810327726
경상남도 진주시,4020,G20404,MA010120220811191542,금호낚시연쇄점,슈퍼마켓,48170410,금산면,128.150639101883,35.2123754359565
경상남도 진주시,4020,G20404,MA010120220802677045,아시아마트,슈퍼마켓,48170673,상대동,128.111192595879,35.1810092769799
경상남도 진주시,4020,G20404,MA010120220804899578,에스에스매점,슈퍼마켓,48170720,이현동,128.066129060523,35.191986642391
경상남도 진주시,4020,G20404,MA010120220813934409,밀레매점,슈퍼마켓,48170555,성북동,128.078038909751,35.1942696461932
경상남도 진주시,4020,G20404,MA010120220811194896,가방상회,슈퍼마켓,48170410,금산면,128.161505466192,35.2358583621117
경상남도 진주시,4020,G20404,MA010120220805491986,업소명없음,슈퍼마켓,48170710,평거동,128.063016615886,35.1696616673587
경상남도 진주시,4020,G20404,MA010120220810773623,새미,슈퍼마켓,48170565,중앙동,128.084436268292,35.1956365759472
경상남도 진주시,4020,G20404,MA010120220805273589,혜원,슈퍼마켓,48170720,이현동,128.062924555361,35.1946285894862
경상남도 진주시,4020,G20404,MA010120220811148444,성신슈퍼,슈퍼마켓,48170595,상봉동,128.074529868214,35.2046117092472
경상남도 진주시,4020,G20404,MA010120220811162302,영성상회,슈퍼마켓,48170673,상대동,128.109722187907,35.1802476420413
경상남도 진주시,4020,G20404,MA010120220804739561,한살림경남진주매장,슈퍼마켓,48170710,평거동,128.06136896063,35.1729478550494
경상남도 진주시,4020,G20404,MA0101202210A0011005,알파슈퍼,슈퍼마켓,48170710,평거동,128.061976961645,35.1758086755112
경상남도 진주시,4020,G20404,MA010120220808495622,아이스마트,슈퍼마켓,48170380,사봉면,128.273510237792,35.1894965122761
경상남도 진주시,4020,G20404,MA010120220812720378,수빈마트,슈퍼마켓,48170673,상대동,128.11027391067,35.1852988720926
경상남도 진주시,4020,G20404,MA010120220812291990,유곡슈퍼,슈퍼마켓,48170400,대곡면,128.157531176688,35.2615289693205
경상남도 진주시,4020,G20404,MA010120220811159973,오성상회,슈퍼마켓,48170565,중앙동,128.089363854568,35.1913472242638
경상남도 진주시,4020,G20404,MA010120220811150728,인정상회,슈퍼마켓,48170515,천전동,128.090034169367,35.1815260304972
경상남도 진주시,4020,G20404,MA010120220811181851,백마편의점,슈퍼마켓,48170678,하대동,128.119731251757,35.187257741691
경상남도 진주시,4020,G20404,MA010120220814012135,유토피아,슈퍼마켓,48170695,초장동,128.113382346982,35.2007005399489
경상남도 진주시,4020,G20404,MA010120220809339739,덕천상회,슈퍼마켓,48170460,수곡면,127.894892198886,35.2169335621321
경상남도 진주시,4020,G20404,MA010120220807160950,숯골상회,슈퍼마켓,48170720,이현동,128.057472094299,35.1907376356185
경상남도 진주시,4020,G20404,MA010120220811157582,새마을상회,슈퍼마켓,48170515,천전동,128.092430473922,35.1751953292949
경상남도 진주시,4020,G20404,MA010120220811880411,달콤아이스크림과자소호점,슈퍼마켓,48170750,충무공동,128.13577228697,35.1699837164198
경상남도 진주시,4020,G20404,MA010120220809952530,칸아시아마트,슈퍼마켓,48170680,상평동,128.114945186633,35.1768558516967
경상남도 진주시,4020,G20404,MA010120220811157974,한영할인마트,슈퍼마켓,48170740,가호동,128.114592907139,35.1615009355689
경상남도 진주시,4020,G20404,MA010120220811161741,한보마트,슈퍼마켓,48170515,천전동,128.079485113827,35.1824136641283
경상남도 진주시,4020,G20404,MA010120220811154761,카페마일로앤일광상회,슈퍼마켓,48170360,일반성면,128.286840892415,35.1694553242953
경상남도 진주시,4020,G20404,MA010120220811161437,알찬슈퍼,슈퍼마켓,48170680,상평동,128.116679989829,35.1776870901613
경상남도 진주시,4020,G20404,MA010120220811192498,진산체인,슈퍼마켓,48170430,미천면,128.090484171398,35.3185272609183
경상남도 진주시,4020,G20404,MA010120220811209309,삼흥푸드고기농장,슈퍼마켓,48170695,초장동,128.123418209134,35.2134332528558
경상남도 진주시,4020,G20404,MA010120220811150699,구내매점,슈퍼마켓,48170515,천전동,128.093346306862,35.1780081390763
경상남도 진주시,4020,G20404,MA010120220812749318,우리마트,슈퍼마켓,48170730,판문동,128.050585701166,35.1675168572899
경상남도 진주시,4020,G20404,MA010120220811176033,대성슈퍼,슈퍼마켓,48170565,중앙동,128.091026134903,35.1974250413287
경상남도 진주시,4020,G20404,MA010120220811151246,에이치에스도매유통,슈퍼마켓,48170515,천전동,128.088275648672,35.185489543878
경상남도 진주시,4020,G20404,MA010120220812910347,청아식품,슈퍼마켓,48170680,상평동,128.12450259956,35.1725944789449
경상남도 진주시,4020,G20404,MA010120220813279967,신경남스토아,슈퍼마켓,48170565,중앙동,128.08906419108,35.1943963123555
경상남도 진주시,4020,G20404,MA010120220811164747,장터슈퍼,슈퍼마켓,48170555,성북동,128.0758560645,35.1952624648246
경상남도 진주시,4020,G20404,MA010120220810998981,예손매점,슈퍼마켓,48170515,천전동,128.092478838325,35.1755283747124
경상남도 진주시,4020,G20404,MA010120220805258419,펭귄후레쉬마트,슈퍼마켓,48170710,평거동,128.063470276846,35.1825823927507
경상남도 진주시,4020,G20404,MA010120220811157984,남성슈퍼,슈퍼마켓,48170555,성북동,128.076604821442,35.1912630472864
경상남도 진주시,4020,G20404,MA010120220811778373,무인아이스크림할인점,슈퍼마켓,48170515,천전동,128.084991555955,35.1853748035397
경상남도 진주시,4020,G20404,MA010120220808421347,코앞사우나매점,슈퍼마켓,48170695,초장동,128.112828299827,35.2124044452525
경상남도 진주시,4020,G20404,MA010120220812961267,브이모멘텀,슈퍼마켓,48170750,충무공동,128.143636936733,35.1797879243386
경상남도 진주시,4020,G20404,MA010120220811190765,화성마트,슈퍼마켓,48170695,초장동,128.102540415856,35.2150131911064
경상남도 진주시,4020,G20404,MA010120220811174790,연화상회,슈퍼마켓,48170565,중앙동,128.086894555429,35.1947222483923
경상남도 진주시,4020,G20404,MA010120220811185426,킹스할인마트,슈퍼마켓,48170673,상대동,128.114859968662,35.1810657022936
경상남도 진주시,4020,G20404,MA010120220811195038,동진슈퍼,슈퍼마켓,48170673,상대동,128.116808089278,35.1854460880569
경상남도 진주시,4020,G20404,MA0101202601A0019746,평거동네빵집,슈퍼마켓,48170730,판문동,128.053147329077,35.1686933505694
경상남도 진주시,4020,G20404,MA010120220803202349,대곡빅마트,슈퍼마켓,48170400,대곡면,128.168131854841,35.2658884255099
경상남도 진주시,4020,G20404,MA010120220811164557,산청상회,슈퍼마켓,48170565,중앙동,128.086055694764,35.1952164769501
경상남도 진주시,4020,G20404,MA010120220805029529,보영슈퍼마켓,슈퍼마켓,48170730,판문동,128.050022106081,35.1689277831508
경상남도 진주시,4020,G20404,MA010120220811150125,슈퍼마켓,슈퍼마켓,48170565,중앙동,128.085179389316,35.2003256875273
경상남도 진주시,4020,G20404,MA010120220804295223,서원유통탑마트충무공점,슈퍼마켓,48170750,충무공동,128.144952089028,35.1757196662828
경상남도 진주시,4020,G20404,MA010120220811158430,영광슈퍼,슈퍼마켓,48170440,명석면,128.040905906906,35.2183889259507
경상남도 진주시,4020,G20404,MA010120220803258882,해운식자재도매센터,슈퍼마켓,48170250,문산읍,128.172725924081,35.1475588335241
경상남도 진주시,4020,G20404,MA010120220811180130,대원할인마트,슈퍼마켓,48170695,초장동,128.115404488634,35.2000239823864
경상남도 진주시,4020,G20404,MA010120220811173425,슈퍼마켓,슈퍼마켓,48170680,상평동,128.112494685777,35.1774732432665
경상남도 진주시,4020,G20404,MA0101202604A0046065,바른유통,슈퍼마켓,48170350,진성면,128.222612104058,35.1799447290235
경상남도 진주시,4020,G20404,MA0101202601A0023883,해피쿼카,슈퍼마켓,48170515,천전동,128.095592695264,35.1785286195752
경상남도 진주시,4020,G20404,MA010120220809369820,수목원휴게소,슈퍼마켓,48170370,이반성면,128.298843185543,35.1622070975785
경상남도 진주시,4020,G20404,MA010120220811163053,늘봄편의점,슈퍼마켓,48170680,상평동,128.107449946801,35.1762125920625
경상남도 진주시,4020,G20404,MA010120220811155013,동원상회,슈퍼마켓,48170565,중앙동,128.085076884105,35.1942698744216
경상남도 진주시,4020,G20404,MA010120220811149405,식자재도매유통,슈퍼마켓,48170565,중앙동,128.084340775964,35.1975391731695
경상남도 진주시,4020,G20404,MA010120220811162271,대한식품유통,슈퍼마켓,48170565,중앙동,128.085345399472,35.1946460138505
경상남도 진주시,4020,G20404,MA010120220813752886,진주기독교청년회,슈퍼마켓,48170555,성북동,128.081994768269,35.1911969809124
경상남도 진주시,4020,G20404,MA010120220811150578,삼삼슈퍼,슈퍼마켓,48170565,중앙동,128.082311691174,35.201018316763
경상남도 진주시,4020,G20404,MA010120220813484728,유명수입,슈퍼마켓,48170565,중앙동,128.084924385301,35.1943613708505
경상남도 진주시,4020,G20404,MA010120220811166357,행복식자재마트,슈퍼마켓,48170420,집현면,128.105540670773,35.2345979718797
경상남도 진주시,4020,G20404,MA010120220811987454,매일종합유통,슈퍼마켓,48170680,상평동,128.103154628004,35.1751612175926
경상남도 진주시,4020,G20404,MA010120220813672730,달콤아이스크림과자할인점충무공점,슈퍼마켓,48170750,충무공동,128.146921534794,35.1705726556031
경상남도 진주시,4020,G20404,MA010120220811170816,플러스마트현대점,슈퍼마켓,48170715,신안동,128.068882110852,35.1800381389322
경상남도 진주시,4020,G20404,MA010120220811208990,지에스리테일진주주,슈퍼마켓,48170710,평거동,128.060939507935,35.1728434608908
경상남도 진주시,4020,G20404,MA010120220811192518,원복상회,슈퍼마켓,48170390,지수면,128.252042003114,35.2356766100221
경상남도 진주시,4020,G20404,MA010120220812302135,호탄할인마트,슈퍼마켓,48170740,가호동,128.11687742114,35.1632284181671
경상남도 진주시,4020,G20404,MA010120220813388701,망경마트,슈퍼마켓,48170515,천전동,128.084786817472,35.1831864755961
경상남도 진주시,4020,G20404,MA010120220811168802,슈퍼마켓,슈퍼마켓,48170678,하대동,128.124499138828,35.1890792457124
경상남도 진주시,4020,G20404,MA010120220811170748,산새랑,슈퍼마켓,48170310,내동면,128.029363387506,35.148789570309
경상남도 진주시,4020,G20404,MA010120220811156764,왔다슈퍼,슈퍼마켓,48170565,중앙동,128.092965852828,35.1946856257223
경상남도 진주시,4020,G20404,MA010120220805516327,서원유통탑마트진주금산점,슈퍼마켓,48170410,금산면,128.148280806059,35.2172557826397
경상남도 진주시,4020,G20404,MA010120220806824739,대동상회,슈퍼마켓,48170515,천전동,128.078716143118,35.1823754508125
경상남도 진주시,4020,G20404,MA0101202509A0000832,드루와24진주혁신LH점,슈퍼마켓,48170750,충무공동,128.147807763112,35.1711501033852
경상남도 진주시,4020,G20404,MA0101202512A0003339,까까오토,슈퍼마켓,48170555,성북동,128.075493855581,35.1919398823041
경상남도 진주시,4020,G20404,MA0106202201A0803722,팽귄후레쉬마트,슈퍼마켓,48170710,평거동,128.063470276846,35.1825823927507
경상남도 진주시,4020,G20404,MA010120220811168292,삼동슈퍼,슈퍼마켓,48170250,문산읍,128.171676096386,35.1707683430584
경상남도 진주시,4020,G20404,MA010120220811188494,차현상회,슈퍼마켓,48170330,금곡면,128.190505239697,35.1228701536973
경상남도 진주시,4020,G20404,MA010120220811157062,진주소비조합,슈퍼마켓,48170515,천전동,128.091181083653,35.1794517225337
경상남도 진주시,4020,G20404,MA010120220812608683,스포츠센타내여매점,슈퍼마켓,48170673,상대동,128.117726479445,35.1875736903257
경상남도 진주시,4020,G20404,MA010120220811504756,원내마을구판장,슈퍼마켓,48170460,수곡면,127.952713950863,35.1715168365607
경상남도 진주시,4020,G20404,MA010120220811206680,위메이크키친,슈퍼마켓,48170680,상평동,128.113661091327,35.1696302277538
경상남도 진주시,4020,G20404,MA010120220806590554,국제매점,슈퍼마켓,48170555,성북동,128.070268902141,35.193707661346
경상남도 진주시,4020,G20404,MA010120220811195524,종합할인마트,슈퍼마켓,48170565,중앙동,128.084162519339,35.1981716789458
경상남도 진주시,4020,G20404,MA0101202604A0001939,엠마우스카페,슈퍼마켓,48170730,판문동,128.040755986479,35.1661776470069
경상남도 진주시,4020,G20404,MA010120220811162198,장원슈퍼,슈퍼마켓,48170680,상평동,128.107807703068,35.1710268426785
경상남도 진주시,4020,G20404,MA010120220803199652,스카이마트,슈퍼마켓,48170250,문산읍,128.162088491218,35.1688598344471
경상남도 진주시,4020,G20404,MA010120220811153414,거성할인마트,슈퍼마켓,48170595,상봉동,128.075049031088,35.2006774342645
경상남도 진주시,4020,G20404,MA010120220808347194,원화슈퍼,슈퍼마켓,48170740,가호동,128.105876599422,35.1605443237649
경상남도 진주시,4020,G20404,MA010120220811146948,신흥상회,슈퍼마켓,48170515,천전동,128.082433207347,35.1820358426556
경상남도 진주시,4020,G20404,MA010120220804200083,소담원,슈퍼마켓,48170310,내동면,128.0713682753,35.1419359940647
경상남도 진주시,4020,G20404,MA010120220808711012,굿모닝사우나여탕매점,슈퍼마켓,48170410,금산면,128.147295181892,35.2158951670178
경상남도 진주시,4020,G20404,MA010120220805479050,동방호텔사우나매점여,슈퍼마켓,48170565,중앙동,128.092545647367,35.1903631812193
경상남도 진주시,4020,G20404,MA010120220811188031,한스마트,슈퍼마켓,48170515,천전동,128.091350134184,35.1830644164821
경상남도 진주시,4020,G20404,MA010120220811164543,동석상회,슈퍼마켓,48170565,중앙동,128.087549992808,35.1928236341442
경상남도 진주시,4020,G20404,MA010120220811164565,제일상회,슈퍼마켓,48170565,중앙동,128.08727423663,35.1943763459231
경상남도 진주시,4020,G20404,MA010120220811169004,대일슈퍼,슈퍼마켓,48170678,하대동,128.125078845945,35.186532204646
경상남도 진주시,4020,G20404,MA010120220811150807,북창큰마트,슈퍼마켓,48170400,대곡면,128.168044962075,35.2628970112571
경상남도 진주시,4020,G20404,MA010120220811156309,골든슈퍼,슈퍼마켓,48170678,하대동,128.123637988033,35.1879335796095
경상남도 진주시,4020,G20404,MA010120220811169243,스마일할인마트,슈퍼마켓,48170680,상평동,128.109628232665,35.1773733574469
경상남도 진주시,4020,G20404,MA0101202601A0033560,홍가네상점,슈퍼마켓,48170350,진성면,128.221811038116,35.1975639405601
경상남도 진주시,4020,G20404,MA010120220811196971,남성상회,슈퍼마켓,48170710,평거동,128.06357676164,35.184014530249
경상남도 진주시,4020,G20404,MA010120220811175296,행진마트,슈퍼마켓,48170673,상대동,128.111830476728,35.1827068774291
경상남도 진주시,4020,G20404,MA010120220811160548,경해여고매점,슈퍼마켓,48170730,판문동,128.041709006102,35.165169002863
경상남도 진주시,4020,G20404,MA010120220811712181,오빠야마트,슈퍼마켓,48170410,금산면,128.146987833568,35.2198096781505
경상남도 진주시,4020,G20404,MA010120220809718875,아시아마트푸드,슈퍼마켓,48170460,수곡면,127.953516679747,35.1678782172489
경상남도 진주시,4020,G20404,MA010120220811161378,서부할인마트,슈퍼마켓,48170730,판문동,128.052861745727,35.1686778071081
경상남도 진주시,4020,G20404,MA010120220811150315,슈퍼마켓,슈퍼마켓,48170310,내동면,128.094124411629,35.1484113231709
경상남도 진주시,4020,G20404,MA010120220811150837,J마트,슈퍼마켓,48170673,상대동,128.11331937544,35.1824047835923
경상남도 진주시,4020,G20404,MA010120220811165973,진성하나마트,슈퍼마켓,48170350,진성면,128.22418163684,35.1872473193848
경상남도 진주시,4020,G20404,MA010120220811208071,하이트진로산업노동조합,슈퍼마켓,48170680,상평동,128.124672140919,35.1737465671889
경상남도 진주시,4020,G20404,MA010120220812079508,대박마트,슈퍼마켓,48170750,충무공동,128.145827934351,35.1700782798084
경상남도 진주시,4020,G20404,MA010120220811149798,슈퍼마켓,슈퍼마켓,48170370,이반성면,128.326838744096,35.1702044323641
경상남도 진주시,4020,G20404,MA0106202605A2142944,메고지고진주칠암점,슈퍼마켓,48170515,천전동,128.095673157018,35.1787982819741
경상남도 진주시,4020,G20404,MA0106202605A2348572,해뜨는집,슈퍼마켓,48170678,하대동,128.123741317714,35.1890592416191
경상남도 진주시,4020,G20404,MA010120220811148521,안성슈퍼,슈퍼마켓,48170555,성북동,128.073455369155,35.19221934753
경상남도 진주시,4020,G20404,MA010120220813329588,마이팬트리24편의점진주라온점,슈퍼마켓,48170750,충무공동,128.13955184059,35.1781139681576
경상남도 진주시,4020,G20404,MA010120220811159928,효성상회.,슈퍼마켓,48170565,중앙동,128.082962339965,35.20122881069
경상남도 진주시,4020,G20404,MA010120220811191086,조은유통,슈퍼마켓,48170680,상평동,128.117096739112,35.1696346425343
경상남도 진주시,4020,G20404,MA010120220811175107,강변슈퍼,슈퍼마켓,48170565,중앙동,128.091967561621,35.190647798377
경상남도 진주시,4020,G20404,MA010120220811150090,예하리슈퍼,슈퍼마켓,48170320,정촌면,128.092537777655,35.1150772438976
경상남도 진주시,4020,G20404,MA010120220811156131,버들상회,슈퍼마켓,48170678,하대동,128.125112940612,35.1858198633678
경상남도 진주시,4020,G20404,MA0101202508A0007104,빵집오빠진주,슈퍼마켓,48170710,평거동,128.065365039534,35.1797176199269
경상남도 진주시,4020,G20404,MA0106202603A0073714,케이짐,슈퍼마켓,48170740,가호동,128.097999858114,35.1567133299755
경상남도 진주시,4020,G20404,MA0101202508A0031373,동네빵집,슈퍼마켓,48170673,상대동,128.108866072016,35.1786421574925
경상남도 진주시,4020,G20404,MA0101202603A0031146,유니청과,슈퍼마켓,48170710,평거동,128.066154404146,35.1796385693219
경상남도 진주시,4020,G20404,MA0101202508A0032945,우리동네천원빵,슈퍼마켓,48170710,평거동,128.066660421656,35.1822388810419
경상남도 진주시,4020,G20404,MA0101202604A0022159,자연드림진주,슈퍼마켓,48170710,평거동,128.059150735464,35.1737243692895
경상남도 진주시,4020,G20404,MA0101202604A0031422,고르고,슈퍼마켓,48170695,초장동,128.111933867911,35.2112409809308
경상남도 진주시,4020,G20404,MA0101202601A0020332,상봉sea마트바다,슈퍼마켓,48170595,상봉동,128.072439166779,35.1984383150218
경상남도 진주시,4020,G20404,MA0101202511A0024655,상우LIFESHOP,슈퍼마켓,48170673,상대동,128.110969817126,35.1831924641843
경상남도 진주시,4020,G20404,MA0101202603A0027144,톡톡아이스크림이현점,슈퍼마켓,48170720,이현동,128.063079607771,35.1905172900847
경상남도 진주시,4020,G20404,MA0101202512A0013717,우리슈퍼정촌점,슈퍼마켓,48170320,정촌면,128.10053186269,35.1287679059272
경상남도 진주시,4020,G20404,MA0101202604A0050961,자연드림진주,슈퍼마켓,48170695,초장동,128.113290299283,35.2011970991243
경상남도 진주시,4020,G20404,MA0101202509A0028807,아이스크림,슈퍼마켓,48170710,평거동,128.063156155775,35.1736351988177
경상남도 진주시,4020,G20404,MA0101202506A0037642,신영사우나여탕매점,슈퍼마켓,48170730,판문동,128.052239939338,35.1698278698235
경상남도 진주시,4020,G20404,MA0101202508A0008381,소금창고,슈퍼마켓,48170565,중앙동,128.085670914663,35.1943546798241
경상남도 진주시,4020,G20404,MA0101202604A0024711,덕산슈퍼,슈퍼마켓,48170720,이현동,128.058891356758,35.1875796854411
경상남도 진주시,4020,G20404,MA0101202604A0002906,신풍,슈퍼마켓,48170515,천전동,128.089366311495,35.1808380377755
경상남도 진주시,4020,G20404,MA010120220811195070,대동슈퍼,슈퍼마켓,48170673,상대동,128.104204606491,35.1789371110325
경상남도 진주시,4020,G20404,MA010120220802511928,서부청사편의점,슈퍼마켓,48170695,초장동,128.122930220003,35.2146815648268
경상남도 진주시,4020,G20404,MA010120220811157765,한아름슈퍼,슈퍼마켓,48170680,상평동,128.123185326551,35.1709933761921
경상남도 진주시,4020,G20404,MA010120220804887770,TM유통,슈퍼마켓,48170565,중앙동,128.084514169033,35.1998449462801
경상남도 진주시,4020,G20404,MA010120220811178574,미래24시,슈퍼마켓,48170720,이현동,128.06614163142,35.1937891355083
경상남도 진주시,4020,G20404,MA010120220811164422,하나슈퍼,슈퍼마켓,48170565,중앙동,128.090105878182,35.1918272485013
경상남도 진주시,4020,G20404,MA010120220811176029,진주스파랜드매점,슈퍼마켓,48170440,명석면,127.99525241417,35.2608817016202
경상남도 진주시,4020,G20404,MA010120220811165075,다인슈퍼,슈퍼마켓,48170565,중앙동,128.089949874718,35.1924775885124
경상남도 진주시,4020,G20404,MA010120220812705663,하모마켓,슈퍼마켓,48170730,판문동,128.039636066126,35.1756329683921
경상남도 진주시,4020,G20404,MA010120220811179856,우리들마트,슈퍼마켓,48170595,상봉동,128.079185142707,35.1979187145538
경상남도 진주시,4020,G20404,MA010120220811161627,행복가득할인마트,슈퍼마켓,48170440,명석면,128.040136035609,35.2165839285951
경상남도 진주시,4020,G20404,MA010120220811164328,남산할인마트,슈퍼마켓,48170360,일반성면,128.28244538187,35.170529405687
경상남도 진주시,4020,G20404,MA010120220809646009,아이스크림점빵,슈퍼마켓,48170250,문산읍,128.164433136631,35.167791814381
경상남도 진주시,4020,G20404,MA0101202509A0012779,톡톡아이스크림,슈퍼마켓,48170715,신안동,128.06817287252,35.1812070778353
경상남도 진주시,4020,G20404,MA0101202511A0000979,점퍼스에프앤비,슈퍼마켓,48170565,중앙동,128.082320415935,35.1967100275329
경상남도 진주시,4020,G20404,MA0101202508A0014795,원더풀,슈퍼마켓,48170720,이현동,128.066112106349,35.1906889166004
경상남도 진주시,4020,G20404,MA0101202511A0038433,오복유통,슈퍼마켓,48170440,명석면,128.040087106453,35.2170530255098
경상남도 진주시,4020,G20404,MA0101202509A0012768,고고아이스망경점,슈퍼마켓,48170515,천전동,128.079332496985,35.1833253394283
경상남도 진주시,4020,G20404,MA0101202509A0009731,감자마켓진주,슈퍼마켓,48170730,판문동,128.055055037678,35.1676762986691
경상남도 진주시,4020,G20404,MA0101202506A0024521,풀마트진성점,슈퍼마켓,48170350,진성면,128.224263611811,35.1875889792723
경상남도 진주시,4020,G20404,MA0106202507A0026809,신성통상TOPTEN진주충무공점,슈퍼마켓,48170750,충무공동,128.143597955274,35.180139797796
경상남도 진주시,4020,G20404,MA0101202510A0006437,진양호휴게실,슈퍼마켓,48170730,판문동,128.035434434628,35.1732444436519
경상남도 진주시,4020,G20404,MA0101202512A0037121,솔솔아이스크림,슈퍼마켓,48170710,평거동,128.068307950845,35.1764289767227
경상남도 진주시,4020,G20404,MA0101202509A0004131,가화가인,슈퍼마켓,48170440,명석면,127.997306602981,35.2366017795736
경상남도 진주시,4020,G20404,MA0101202510A0026117,빵집오빠&다방오빠진주,슈퍼마켓,48170750,충무공동,128.148708037945,35.1758463346136
경상남도 진주시,4020,G20404,MA0101202602A0005001,에이스미니마트,슈퍼마켓,48170720,이현동,128.063303451374,35.1900015823197
경상남도 진주시,4020,G20404,MA0101202510A0033957,스케치,슈퍼마켓,48170515,천전동,128.089366311495,35.1808380377755
경상남도 진주시,4020,G20404,MA0101202507A0024978,디에스유통,슈퍼마켓,48170320,정촌면,128.124637415326,35.1217777926727
경상남도 진주시,4020,G20404,MA0101202507A0035557,지에스더프레시진주,슈퍼마켓,48170695,초장동,128.113903006645,35.2058601746744
경상남도 진주시,4020,G20404,MA0101202601A0037519,솔솔아이스크림하대점,슈퍼마켓,48170678,하대동,128.127180737106,35.1860980622098
경상남도 진주시,4020,G20404,MA0101202604A0032412,자연드림진주주약점,슈퍼마켓,48170515,천전동,128.095223467463,35.1739172960753
경상남도 진주시,4020,G20404,MA010120220804966336,서원유통탑마트진주주약점,슈퍼마켓,48170515,천전동,128.095397550453,35.1713470114695
경상남도 진주시,4020,G20404,MA010120220803273759,마천상회,슈퍼마켓,48170565,중앙동,128.086185458455,35.1942419094058
경상남도 진주시,4020,G20404,MA010120220809571983,오케이아시아마트,슈퍼마켓,48170410,금산면,128.151173484513,35.2276652342204
경상남도 진주시,4020,G20404,MA010120220804151123,웰푸드(진,슈퍼마켓,48170320,정촌면,128.102188727471,35.1149448024418
경상남도 진주시,4020,G20404,MA010120220809585332,진주문산농협로컬푸드하나로마트,슈퍼마켓,48170250,문산읍,128.165663051188,35.1632194292981
경상남도 진주시,4020,G20404,MA010120220811158778,한주할인마트,슈퍼마켓,48170680,상평동,128.106918991851,35.1775333439501
경상남도 진주시,4020,G20404,MA010120220811148502,대박마트,슈퍼마켓,48170678,하대동,128.124525588969,35.1909987613422
경상남도 진주시,4020,G20404,MA010120220800088293,진양호동물원매점,슈퍼마켓,48170730,판문동,128.036267459714,35.1766082091851
경상남도 진주시,4020,G20404,MA010120220811177242,주약할인마트,슈퍼마켓,48170515,천전동,128.091258314868,35.1712672054365
경상남도 진주시,4020,G20404,MA010120220811149582,진주동명고등학교매점,슈퍼마켓,48170695,초장동,128.118601788035,35.2025721908008
경상남도 진주시,4020,G20404,MA010120220811187969,홀플러스마트,슈퍼마켓,48170565,중앙동,128.092405349741,35.1930052542876
경상남도 진주시,4020,G20404,MA010120220811174015,슈퍼마켓,슈퍼마켓,48170720,이현동,128.067646339188,35.1963445869799
경상남도 진주시,4020,G20404,MA010120220813445280,픽미픽미아이스,슈퍼마켓,48170673,상대동,128.114596260342,35.1858720497229
경상남도 진주시,4020,G20404,MA010120220811148932,예진마트,슈퍼마켓,48170515,천전동,128.086643110881,35.1783118182396
경상남도 진주시,4020,G20404,MA010120220811150582,하와이마트,슈퍼마켓,48170360,일반성면,128.280469379475,35.1698112611724
경상남도 진주시,4020,G20404,MA0101202505A0031422,구르미아이스크림할인점,슈퍼마켓,48170695,초장동,128.114012297041,35.1985857127462
경상남도 진주시,4020,G20404,MA0101202507A0040796,미미의간식창고,슈퍼마켓,48170750,충무공동,128.133028030865,35.169180223611
경상남도 진주시,4020,G20404,MA0101202504A0012424,오케이아시아마트,슈퍼마켓,48170420,집현면,128.134308316945,35.2391716920899
경상남도 진주시,4020,G20404,MA0101202503A0045128,새롭,슈퍼마켓,48170515,천전동,128.090416425363,35.1813783812043
경상남도 진주시,4020,G20404,MA0101202412A0039050,아이스크림,슈퍼마켓,48170750,충무공동,128.148206255594,35.1729489192853
경상남도 진주시,4020,G20404,MA0101202501A0007076,바른그늘집,슈퍼마켓,48170673,상대동,128.116682191471,35.1802557713466
경상남도 진주시,4020,G20404,MA0101202506A0030299,메고지고,슈퍼마켓,48170750,충무공동,128.144913566553,35.1737552042921
경상남도 진주시,4020,G20404,MA0101202510A0034623,모네의하루,슈퍼마켓,48170320,정촌면,128.093694098566,35.1137779416631
경상남도 진주시,4020,G20404,MA0101202504A0083216,메고지고,슈퍼마켓,48170555,성북동,128.073905272809,35.1947029492726
경상남도 진주시,4020,G20404,MA0101202505A0047064,주원상사,슈퍼마켓,48170695,초장동,128.11272004013,35.210909291512
경상남도 진주시,4020,G20404,MA0101202411A0126429,지에스더프레시진주,슈퍼마켓,48170710,평거동,128.065599662556,35.1800310121524
경상남도 진주시,4020,G20404,MA0101202411A0014961,목화매점,슈퍼마켓,48170515,천전동,128.082520951235,35.1787182667998
경상남도 진주시,4020,G20404,MA0101202411A0184181,진주몰디브,슈퍼마켓,48170555,성북동,128.073140191042,35.1899598744417
경상남도 진주시,4020,G20404,MA0101202505A0006845,코코세일,슈퍼마켓,48170740,가호동,128.11748643846,35.1580042667771
경상남도 진주시,4020,G20404,MA0101202507A0001617,제로스토어진주,슈퍼마켓,48170710,평거동,128.060482019453,35.1722706318646
경상남도 진주시,4020,G20404,MA0101202504A0013673,금호지매점,슈퍼마켓,48170410,금산면,128.154799055571,35.2145439853333
경상남도 진주시,4020,G20404,MA0101202506A0034019,산천대축슈퍼,슈퍼마켓,48170678,하대동,128.12256501783,35.1857533789845
경상남도 진주시,4020,G20404,MA0101202509A0042721,예쁜옷걸이,슈퍼마켓,48170250,문산읍,128.161766616607,35.1662942296349
경상남도 진주시,4020,G20404,MA0101202509A0000975,고고아이스주약점,슈퍼마켓,48170515,천전동,128.091640074698,35.1768338120192
경상남도 진주시,4020,G20404,MA0101202510A0035452,코코진주,슈퍼마켓,48170695,초장동,128.118489636528,35.2120097804867
경상남도 진주시,4020,G20404,MA0101202511A0025226,우리동네국민상회,슈퍼마켓,48170695,초장동,128.111864209906,35.2125755366222
경상남도 진주시,4020,G20404,MA0106202507A0026970,신성통상TOPTEN탑마트서진주점,슈퍼마켓,48170710,평거동,128.061895316798,35.1703745211982
경상남도 진주시,4020,G20404,MA010120220813557412,민수입품,슈퍼마켓,48170565,중앙동,128.084961394701,35.1946674811754
경상남도 진주시,4020,G20404,MA010120220811171929,덕곡공판장,슈퍼마켓,48170400,대곡면,128.184731314896,35.2255027951027
경상남도 진주시,4020,G20404,MA010120220811192553,슈퍼마켓,슈퍼마켓,48170430,미천면,128.135992769348,35.3071216616994
경상남도 진주시,4020,G20404,MA010120220801946404,LH새마을금고,슈퍼마켓,48170750,충무공동,128.146173006836,35.1782407598531
경상남도 진주시,4020,G20404,MA010120220811195037,시장스토아,슈퍼마켓,48170673,상대동,128.109691561165,35.1820324950463
경상남도 진주시,4020,G20404,MA010120220808307571,흠성연중국식품점,슈퍼마켓,48170673,상대동,128.116260460841,35.1863434219538
경상남도 진주시,4020,G20404,MA0101202411A0188022,서원유통탑마트진주,슈퍼마켓,48170740,가호동,128.119827955867,35.152682989838
경상남도 진주시,4020,G20404,MA0101202411A0025587,계란이왔어요,슈퍼마켓,48170750,충무공동,128.133028030865,35.169180223611
경상남도 진주시,4020,G20404,MA0101202411A0084166,황토게르마늄찜질체험방,슈퍼마켓,48170410,금산면,128.148410172339,35.2139648462818
경상남도 진주시,4020,G20404,MA0101202502A0007868,솔솔아이스크림할인점칠암점,슈퍼마켓,48170515,천전동,128.088891165101,35.1838977215962
경상남도 진주시,4020,G20404,MA0101202411A0130401,아이스포유상봉서동점,슈퍼마켓,48170595,상봉동,128.071349881728,35.1982676978808
경상남도 진주시,4020,G20404,MA0101202503A0024885,마을구판장,슈퍼마켓,48170360,일반성면,128.29332048272,35.1676107858989
경상남도 진주시,4020,G20404,MA0101202501A0021472,주영아이스크림,슈퍼마켓,48170740,가호동,128.107459731939,35.1550769792721
경상남도 진주시,4020,G20404,MA0101202502A0010639,소싸움장휴게매점,슈퍼마켓,48170730,판문동,128.040750450588,35.175217809636
경상남도 진주시,4020,G20404,MA0101202502A0008774,진주대곡농협로컬푸드하나로마트,슈퍼마켓,48170400,대곡면,128.168466738842,35.2624242721998
경상남도 진주시,4020,G20404,MA0101202503A0072970,드루와24진주정촌점,슈퍼마켓,48170320,정촌면,128.097757168868,35.1231148295447
경상남도 진주시,4020,G20404,MA0101202503A0022103,신대평마트,슈퍼마켓,48170450,대평면,127.960283334615,35.23269210105
경상남도 진주시,4020,G20404,MA0101202502A0002432,오케이아시아마트대평점,슈퍼마켓,48170450,대평면,127.960689143288,35.2317064570166
경상남도 진주시,4020,G20404,MA0101202503A0016639,신안상회,슈퍼마켓,48170595,상봉동,128.079420110764,35.1982501010514
경상남도 진주시,4020,G20404,MA0101202503A0011828,빵집오빠진주점,슈퍼마켓,48170360,일반성면,128.277000562541,35.1718937939207
경상남도 진주시,4020,G20404,MA0101202502A0074144,솔솔아이스크림할인점금호석류점,슈퍼마켓,48170515,천전동,128.094651976198,35.1722280149315
경상남도 진주시,4020,G20404,MA0101202505A0021234,효준이네슈퍼,슈퍼마켓,48170565,중앙동,128.085252236717,35.1991984108608
경상남도 진주시,4020,G20404,MA0101202506A0012548,망경상회,슈퍼마켓,48170515,천전동,128.085502303652,35.178376126519
경상남도 진주시,4020,G20404,MA0101202505A0060886,드루와24진주,슈퍼마켓,48170750,충무공동,128.135316477255,35.1703575218869
경상남도 진주시,4020,G20404,MA010120220804735820,참마트하대점,슈퍼마켓,48170678,하대동,128.127270871043,35.1878547514222
경상남도 진주시,4020,G20404,MA010120220811168013,스타마트,슈퍼마켓,48170595,상봉동,128.074342856339,35.2012515211933
경상남도 진주시,4020,G20404,MA010120220813847061,운동장미니슈퍼,슈퍼마켓,48170720,이현동,128.065775673913,35.1909893078083
경상남도 진주시,4020,G20404,MA010120220803418046,베트남식품,슈퍼마켓,48170673,상대동,128.110762673731,35.1808780259902
경상남도 진주시,4020,G20404,MA010120220811188609,은수상회,슈퍼마켓,48170350,진성면,128.25681943838,35.1664808771651
경상남도 진주시,4020,G20404,MA010120220811173650,복남상회,슈퍼마켓,48170678,하대동,128.127537877322,35.1857252058458
경상남도 진주시,4020,G20404,MA010120220811146954,화성상회,슈퍼마켓,48170515,천전동,128.083100612592,35.185175418036
경상남도 진주시,4020,G20404,MA010120220813843093,영광식품,슈퍼마켓,48170680,상평동,128.117096739112,35.1696346425343
경상남도 진주시,4020,G20404,MA010120220813937831,제일할인마트,슈퍼마켓,48170710,평거동,128.068509175286,35.1767066058887
경상남도 진주시,4020,G20404,MA010120220808522014,롯데쇼핑진주점,슈퍼마켓,48170750,충무공동,128.139843699447,35.1801481513326
경상남도 진주시,4020,G20404,MA0101202406A0332060,해수매점,슈퍼마켓,48170410,금산면,128.148913644473,35.2154021334663
경상남도 진주시,4020,G20404,MA0101202406A0494079,매점,슈퍼마켓,48170410,금산면,128.148913644473,35.2154021334663
경상남도 진주시,4020,G20404,MA0101202409A0172526,와싸다,슈퍼마켓,48170410,금산면,128.146093682825,35.2179254383834
경상남도 진주시,4020,G20404,MA0101202411A0015753,웰빙리안,슈퍼마켓,48170673,상대동,128.105020384678,35.179191047587
경상남도 진주시,4020,G20404,MA0101202502A0074870,에스유통,슈퍼마켓,48170595,상봉동,128.074513787688,35.2058916969464
경상남도 진주시,4020,G20404,MA010120220810902168,역전상회,슈퍼마켓,48170250,문산읍,128.210853400521,35.1457687496773
경상남도 진주시,4020,G20404,MA010120220809304282,마켓컴퍼니,슈퍼마켓,48170730,판문동,128.04118439961,35.1670662604031
경상남도 진주시,4020,G20404,MA010120220811186021,초록마을진주평거판문점,슈퍼마켓,48170730,판문동,128.055328769855,35.1693233049618
경상남도 진주시,4020,G20404,MA010120220811671734,서연유통,슈퍼마켓,48170555,성북동,128.076540815258,35.1947336245865
경상남도 진주시,4020,G20404,MA010120220811150062,함동상회,슈퍼마켓,48170515,천전동,128.088378210268,35.1849478417048
경상남도 진주시,4020,G20404,MA010120220811150066,천전상회,슈퍼마켓,48170515,천전동,128.088767096791,35.1852958533526
경상남도 진주시,4020,G20404,MA010120220811188297,OKSupermarket,슈퍼마켓,48170730,판문동,128.056799723749,35.1659395940449
경상남도 진주시,4020,G20404,MA010120220811208048,진주동부농협하나로마트,슈퍼마켓,48170673,상대동,128.115915228502,35.186788239611
경상남도 진주시,4020,G20404,MA010120220812494035,롯데쇼핑롯데슈퍼진주초전2점,슈퍼마켓,48170695,초장동,128.111728832699,35.21311755655
경상남도 진주시,4020,G20404,MA010120220811195045,주공그린마트,슈퍼마켓,48170710,평거동,128.069406972337,35.1782038593146
경상남도 진주시,4020,G20404,MA0101202406A0525851,아이스포유금산점,슈퍼마켓,48170410,금산면,128.145749082363,35.2176312747523
경상남도 진주시,4020,G20404,MA0101202409A0109069,아이스맨즈주약현대점,슈퍼마켓,48170515,천전동,128.091239013654,35.1714656658738
경상남도 진주시,4020,G20404,MA0101202406A0224655,팔도강산,슈퍼마켓,48170360,일반성면,128.283019306178,35.1707306221229
경상남도 진주시,4020,G20404,MA0101202406A0301931,365아이스크림할인점충무공점,슈퍼마켓,48170750,충무공동,128.145686420043,35.1748564906662
경상남도 진주시,4020,G20404,MA0101202409A0074897,김가네풍차,슈퍼마켓,48170410,금산면,128.130808472386,35.2110030597785
경상남도 진주시,4020,G20404,MA0101202409A0039108,스타아울렛,슈퍼마켓,48170695,초장동,128.114030185519,35.2063276779837
경상남도 진주시,4020,G20404,MA0101202409A0164487,픽미픽미칠암점,슈퍼마켓,48170515,천전동,128.093715753299,35.1777253999326
경상남도 진주시,4020,G20404,MA0101202409A0095123,아이스맨즈문산,슈퍼마켓,48170250,문산읍,128.161581061916,35.1702256577286
경상남도 진주시,4020,G20404,MA0101202409A0251173,간이상회,슈퍼마켓,48170565,중앙동,128.089363854568,35.1913472242638
경상남도 진주시,8005,I202,MA010120220812491682,라맛쿵부마라탕,마라탕/훠궈,48170750,충무공동,128.148104201949,35.1750589197385
경상남도 진주시,8005,I202,MA010120220812303336,용궁,중국집,48170400,대곡면,128.198081280598,35.2273181613036
경상남도 진주시,8005,I202,MA010120220805354275,대동반점,중국집,48170730,판문동,128.05849752789,35.166519632142
경상남도 진주시,8005,I202,MA0101202306A0030117,탕화쿵푸마라탕,마라탕/훠궈,48170740,가호동,128.105934348954,35.1526483814856
경상남도 진주시,8005,I202,MA0101202406A0051445,홍연,중국집,48170320,정촌면,128.101544130854,35.1240989472763
경상남도 진주시,8005,I202,MA0101202406A0085939,중원,중국집,48170750,충무공동,128.12731591772,35.1648802453147
경상남도 진주시,8005,I202,MA010120220811165387,상하이,중국집,48170515,천전동,128.09415638183,35.1786587732672
경상남도 진주시,8005,I202,MA010120220809821587,정쉐프탕수육,중국집,48170715,신안동,128.068324250262,35.1869019772566
경상남도 진주시,8005,I202,MA010120220804383299,원조교동해물짬뽕진주점,중국집,48170730,판문동,128.048287321679,35.1671762469413
경상남도 진주시,8005,I202,MA010120220812448557,형제짬뽕,중국집,48170515,천전동,128.091690786778,35.1822682014753
경상남도 진주시,8005,I202,MA010120220812050707,북경장,중국집,48170565,중앙동,128.083916868026,35.1912518953146
경상남도 진주시,8005,I202,MA010120220813480429,대웅반점,중국집,48170420,집현면,128.085072923248,35.2401819538599
경상남도 진주시,8005,I202,MA0101202311A0045467,소양가호탄점,중국집,48170740,가호동,128.11550923059,35.1635024027071
경상남도 진주시,8005,I202,MA0101202311A0104323,비교없는행복비행,중국집,48170515,천전동,128.094018508287,35.1782003551759
경상남도 진주시,8005,I202,MA0101202406A0355643,사대천황,중국집,48170595,상봉동,128.074411878437,35.1989886456474
경상남도 진주시,8005,I202,MA0101202406A0295231,바른중식당,중국집,48170715,신안동,128.071692264922,35.1816987415425
경상남도 진주시,8005,I202,MA010120220809929301,보배반점진주,중국집,48170750,충무공동,128.137908505123,35.1775616024401
경상남도 진주시,8005,I202,MA010120220811190639,대만반점,중국집,48170515,천전동,128.090725996554,35.1790772753322
경상남도 진주시,8005,I202,MA010120220811164255,청송관,중국집,48170678,하대동,128.117840245914,35.1918718273998
경상남도 진주시,8005,I202,MA010120220811160627,사해방,중국집,48170710,평거동,128.065663428352,35.1739826996952
경상남도 진주시,8005,I202,MA0101202311A0025580,북경양꼬치,중국집,48170678,하대동,128.12226976228,35.1898299776331
경상남도 진주시,8005,I202,MA0101202406A0485734,화영루,중국집,48170678,하대동,128.125527470445,35.1927920452047
경상남도 진주시,8005,I202,MA0101202406A0020081,진주반점,중국집,48170720,이현동,128.063335210734,35.1899111731866
경상남도 진주시,8005,I202,MA0101202406A0071433,충의로67,중국집,48170750,충무공동,128.151464647281,35.1790558083987
경상남도 진주시,8005,I202,MA0101202406A0513836,박재완수타손짜장,중국집,48170730,판문동,128.053147329077,35.1686933505694
경상남도 진주시,8005,I202,MA0101202406A0175448,쌍팔반점X그램치킨진주점,중국집,48170565,중앙동,128.083895066328,35.1920902997393
경상남도 진주시,8005,I202,MA0101202406A0118778,이가용짬뽕,중국집,48170750,충무공동,128.143898687943,35.1765317736915
경상남도 진주시,8005,I202,MA0101202406A0133537,왕가네양꼬치,중국집,48170515,천전동,128.094862706266,35.178120622434
경상남도 진주시,8005,I202,MA0101202406A0372002,1키로탕수육진주,중국집,48170695,초장동,128.114442476749,35.2019435879763
경상남도 진주시,8005,I202,MA010120220811154982,유별난손짜장,중국집,48170515,천전동,128.081562847403,35.1842878600252
경상남도 진주시,8005,I202,MA010120220811218069,라쿵푸마라탕진주점,마라탕/훠궈,48170515,천전동,128.093745442395,35.1791221486884
경상남도 진주시,8005,I202,MA010120220811150329,성화반점,중국집,48170730,판문동,128.05063783149,35.1681563331333
경상남도 진주시,8005,I202,MA010120220803997465,홍콩반점0410진주,중국집,48170750,충무공동,128.148531487504,35.1750007908132
경상남도 진주시,8005,I202,MA0101202311A0095388,춘리마라탕,마라탕/훠궈,48170695,초장동,128.111425007482,35.2141928865435
경상남도 진주시,8005,I202,MA0101202406A0498155,명인짬뽕,중국집,48170715,신안동,128.071371811085,35.1815393422991
경상남도 진주시,8005,I202,MA0101202406A0036384,황궁쟁반짜장,중국집,48170515,천전동,128.09415638183,35.1786587732672
경상남도 진주시,8005,I202,MA010120220811150022,성진관,중국집,48170515,천전동,128.093111584787,35.1776948023312
경상남도 진주시,8005,I202,MA010120220811179729,동신반점,중국집,48170440,명석면,128.0410976426,35.2170623649922
경상남도 진주시,8005,I202,MA010120220809802748,중국성,중국집,48170695,초장동,128.113602926215,35.2072058649201
경상남도 진주시,8005,I202,MA010120220805126299,신안해물짬뽕,중국집,48170715,신안동,128.069874380708,35.182039283614
경상남도 진주시,8005,I202,MA010120220801317165,신철손짬뽕,중국집,48170695,초장동,128.114733984379,35.1967584521977
경상남도 진주시,8005,I202,MA010120220809811656,북경양꼬치,중국집,48170740,가호동,128.107909211536,35.153423484633
경상남도 진주시,8005,I202,MA010120220811197468,대우반점,중국집,48170595,상봉동,128.068546584657,35.2005276949434
경상남도 진주시,8005,I202,MA0101202307A0052692,장안성훠궈양꼬치,중국집,48170710,평거동,128.066330741359,35.1729673653047
경상남도 진주시,8005,I202,MA0101202310A0090771,용문,중국집,48170330,금곡면,128.170697068485,35.1392144084036
경상남도 진주시,8005,I202,MA0101202305A0069977,연화,중국집,48170555,성북동,128.078253237557,35.1938711656409
경상남도 진주시,8005,I202,MA0101202309A0042951,내동고사리짬뽕,중국집,48170310,내동면,128.088036137427,35.1526842622002
경상남도 진주시,8005,I202,MA0101202311A0091233,공짬뽕,중국집,48170730,판문동,128.057310399685,35.1655385626983
경상남도 진주시,8005,I202,MA0101202305A0140065,루미,중국집,48170695,초장동,128.111650356662,35.2089723216424
경상남도 진주시,8005,I202,MA0101202305A0112492,소림타운,중국집,48170710,평거동,128.064067245026,35.1719507708264
경상남도 진주시,8005,I202,MA010120220814291797,수해복마라탕,마라탕/훠궈,48170740,가호동,128.106235438475,35.1602976957057
경상남도 진주시,8005,I202,MA010120220805201782,오늘의반점,중국집,48170695,초장동,128.113723748859,35.2096202237142
경상남도 진주시,8005,I202,MA010120220811185548,옛날비룡짜장,중국집,48170565,중앙동,128.08183487392,35.1981834850517
경상남도 진주시,8005,I202,MA010120220811190670,짬뽕공장,중국집,48170740,가호동,128.107170966207,35.1523937346223
경상남도 진주시,8005,I202,MA010120220810676017,철가방,중국집,48170678,하대동,128.122266168319,35.1895686349135
경상남도 진주시,8005,I202,MA010120220810653264,천우네마라탕,마라탕/훠궈,48170710,평거동,128.064938346017,35.171411345042
경상남도 진주시,8005,I202,MA010120220811147935,한주반점,중국집,48170515,천전동,128.096715214654,35.1771034173742
경상남도 진주시,8005,I202,MA010120220811157356,해동반점,중국집,48170720,이현동,128.064600709994,35.1859253090932
경상남도 진주시,8005,I202,MA0101202305A0039850,상하이훠궈양꼬치,중국집,48170740,가호동,128.104966808391,35.1517018278664
경상남도 진주시,8005,I202,MA0101202306A0109201,라맛쿵부마라탕,마라탕/훠궈,48170410,금산면,128.146082448124,35.2179075189489
경상남도 진주시,8005,I202,MA010120220811151172,행복반점,중국집,48170565,중앙동,128.087426951232,35.1926534921927
경상남도 진주시,8005,I202,MA010120220813400253,여기다양꼬치,중국집,48170673,상대동,128.109320503271,35.1789624638179
경상남도 진주시,8005,I202,MA0101202211A0049786,라사부마라탕,마라탕/훠궈,48170710,평거동,128.063332281409,35.1778878106202
경상남도 진주시,8005,I202,MA0101202212A0063619,중화반점,중국집,48170680,상평동,128.112503574251,35.1773199407179
경상남도 진주시,8005,I202,MA010120220803253785,신만성관,중국집,48170565,중앙동,128.085200598838,35.1977928469508
경상남도 진주시,8005,I202,MA010120220811147068,국빈장,중국집,48170678,하대동,128.126573886457,35.1858783849956
경상남도 진주시,8005,I202,MA010120220811162355,삼호반점,중국집,48170720,이현동,128.066724021783,35.1913054262289
경상남도 진주시,8005,I202,MA010120220811177561,은지네반점,중국집,48170515,천전동,128.089119997691,35.1837694817364
경상남도 진주시,8005,I202,MA010120220811163786,진수타손짜장,중국집,48170750,충무공동,128.152253375659,35.1820496185274
경상남도 진주시,8005,I202,MA010120220808008260,루,중국집,48170740,가호동,128.111529732744,35.164647584885
경상남도 진주시,8005,I202,MA010120220811165214,장재반점,중국집,48170695,초장동,128.102790177373,35.2148036182631
경상남도 진주시,8005,I202,MA0101202302A0050476,8090양꼬치,중국집,48170410,금산면,128.146299286692,35.2177071819716
경상남도 진주시,8005,I202,MA0101202212A0095810,중국집,중국집,48170515,천전동,128.0860541278,35.1843738477887
경상남도 진주시,8005,I202,MA0101202212A0006713,동해관,중국집,48170678,하대동,128.122224801781,35.1849633906098
경상남도 진주시,8005,I202,MA0101202302A0086002,고구려,중국집,48170695,초장동,128.11129139369,35.2140589190241
경상남도 진주시,8005,I202,MA0101202302A0094929,홍콩반점0410진주,중국집,48170710,평거동,128.065096623911,35.1801796457461
경상남도 진주시,8005,I202,MA0101202301A0043159,명석관,중국집,48170750,충무공동,128.134535920215,35.166318005827
경상남도 진주시,8005,I202,MA0101202212A0087353,탕화쿵푸,마라탕/훠궈,48170565,중앙동,128.082970857799,35.1952531191714
경상남도 진주시,8005,I202,MA0101202209A0058184,미호비비,중국집,48170678,하대동,128.121131472694,35.1908860257859
경상남도 진주시,8005,I202,MA0101202302A0108244,미만각,중국집,48170750,충무공동,128.139594454371,35.1788075654456
경상남도 진주시,8005,I202,MA0101202302A0041811,라사부마라탕하대점,마라탕/훠궈,48170678,하대동,128.120758094649,35.1932779177369
경상남도 진주시,8005,I202,MA0101202303A0064752,라맛쿵부,마라탕/훠궈,48170695,초장동,128.111969838704,35.2122681263289
경상남도 진주시,8005,I202,MA0101202301A0098221,심짬뽕,중국집,48170595,상봉동,128.075916288202,35.1981641169296
경상남도 진주시,8005,I202,MA010120220811164800,청하반점,중국집,48170250,문산읍,128.169017873173,35.169099594753
경상남도 진주시,8005,I202,MA010120220811165288,성화루,중국집,48170565,중앙동,128.091241916057,35.192213588022
경상남도 진주시,8005,I202,MA010120220813363681,방가네촌국수맛있는짜장,중국집,48170695,초장동,128.101263941872,35.2107616823334
경상남도 진주시,8005,I202,MA010120220809273516,중화요리도원,중국집,48170750,충무공동,128.152774052733,35.174608979292
경상남도 진주시,8005,I202,MA010120220811156044,부산반점,중국집,48170330,금곡면,128.186703712865,35.090685906736
경상남도 진주시,8005,I202,MA010120220800603725,장안성훠궈양꼬치,중국집,48170710,평거동,128.066330741359,35.1729673653047
경상남도 진주시,8005,I202,MA010120220804046295,옛날짜장,중국집,48170565,중앙동,128.088552168852,35.1922287843645
경상남도 진주시,8005,I202,MA010120220813978174,대곡관,중국집,48170400,대곡면,128.169078528648,35.2621750160755
경상남도 진주시,8005,I202,MA010120220811167508,홍콩반점,중국집,48170673,상대동,128.112107600598,35.1788738122549
경상남도 진주시,8005,I202,MA010120220807999886,대구짬뽕,중국집,48170320,정촌면,128.102983255208,35.1299443579828
경상남도 진주시,8005,I202,MA010120220811165601,중국성,중국집,48170565,중앙동,128.090224469128,35.1916639469175
경상남도 진주시,8005,I202,MA010120220811161879,양자강,중국집,48170515,천전동,128.090554043851,35.1818187795783
경상남도 진주시,8005,I202,MA010120220811162434,대흥장,중국집,48170565,중앙동,128.086782456592,35.1986709454144
경상남도 진주시,8005,I202,MA010120220811166181,일용각반점,중국집,48170595,상봉동,128.070108877161,35.1965752133919
경상남도 진주시,8005,I202,MA010120220811158465,우정관,중국집,48170678,하대동,128.119139369872,35.1929323706605
경상남도 진주시,8005,I202,MA010120220810372154,현미관,중국집,48170695,초장동,128.115545324406,35.2030961030449
경상남도 진주시,8005,I202,MA010120220813378398,라화쿵부진주,마라탕/훠궈,48170710,평거동,128.060134057635,35.1716788163026
경상남도 진주시,8005,I202,MA010120220809911291,소림타운진주점,중국집,48170740,가호동,128.114810576832,35.1637792248708
경상남도 진주시,8005,I202,MA010120220808640175,수해복진주칠암점,중국집,48170515,천전동,128.096284317184,35.1785313741154
경상남도 진주시,8005,I202,MA010120220814212242,동향,중국집,48170740,가호동,128.108043648718,35.1560540602957
경상남도 진주시,8005,I202,MA010120220811194997,대영반점,중국집,48170673,상대동,128.112676332496,35.1843574982201
경상남도 진주시,8005,I202,MA0101202210A0056611,탕화쿵푸마라탕하대점,마라탕/훠궈,48170678,하대동,128.122402205326,35.1930734170852
경상남도 진주시,8005,I202,MA010120220811160283,삼호반점,중국집,48170515,천전동,128.088518391242,35.1822877438639
경상남도 진주시,8005,I202,MA010120220805442956,영남짬뽕,중국집,48170695,초장동,128.115030907753,35.202415857032
경상남도 진주시,8005,I202,MA010120220811156005,길림성,중국집,48170673,상대동,128.108031978303,35.1810833001189
경상남도 진주시,8005,I202,MA010120220805621228,소평부,중국집,48170750,충무공동,128.143420676559,35.1768877930397
경상남도 진주시,8005,I202,MA010120220811186706,진주콩짜장,중국집,48170715,신안동,128.067376388783,35.1824218466816
경상남도 진주시,8005,I202,MA010120220811148315,옥봉반점,중국집,48170565,중앙동,128.091133029921,35.1972077664022
경상남도 진주시,8005,I202,MA010120220806579933,만성각,중국집,48170740,가호동,128.115995538841,35.163750287659
경상남도 진주시,8005,I202,MA010120220813732926,황제관,중국집,48170555,성북동,128.082106185431,35.1954591354621
경상남도 진주시,8005,I202,MA010120220811148951,신흥루,중국집,48170565,중앙동,128.08364846716,35.1933633400409
경상남도 진주시,8005,I202,MA010120220811188607,구구반점,중국집,48170380,사봉면,128.263614843352,35.1878516927086
경상남도 진주시,8005,I202,MA010120220802885048,홍콩반점0410진주경,중국집,48170740,가호동,128.105863390883,35.152270481663
경상남도 진주시,8005,I202,MA010120220811157116,정촌손짜장,중국집,48170320,정촌면,128.103395968512,35.129634156448
경상남도 진주시,8005,I202,MA010120220812942355,고구려,중국집,48170710,평거동,128.062626037091,35.1691693764012
경상남도 진주시,8005,I202,MA010120220811180126,일번관,중국집,48170360,일반성면,128.276816796856,35.1713729877857
경상남도 진주시,8005,I202,MA010120220811177677,우리동네짜장면집,중국집,48170565,중앙동,128.082110578561,35.1999295422775
경상남도 진주시,8005,I202,MA010120220811188871,아주성,중국집,48170400,대곡면,128.168815858234,35.2614835673091
경상남도 진주시,8005,I202,MA010120220811152193,효성반점,중국집,48170720,이현동,128.064829484208,35.1925208324363
경상남도 진주시,8005,I202,MA010120220805116517,고량진미,중국집,48170740,가호동,128.112842009952,35.1497910874402
경상남도 진주시,8005,I202,MA010120220812635122,민차이나,중국집,48170460,수곡면,127.931831955847,35.1980788151906
경상남도 진주시,8005,I202,MA010120220809826310,야래향,중국집,48170710,평거동,128.064765747682,35.1724854154419
경상남도 진주시,8005,I202,MA010120220804997846,하오츠,중국집,48170555,성북동,128.073508244331,35.1920656575749
경상남도 진주시,8005,I202,MA0101202209A0005824,인생마라탕,마라탕/훠궈,48170678,하대동,128.124630378312,35.1930257043231
경상남도 진주시,8005,I202,MA010120220800618347,제가돌짜장,중국집,48170710,평거동,128.060653982522,35.167762597456
경상남도 진주시,8005,I202,MA010120220813666943,진양호짬뽕금산점,중국집,48170410,금산면,128.150429654479,35.2068705396098
경상남도 진주시,8005,I202,MA010120220810172692,미향루,중국집,48170740,가호동,128.10658819659,35.1612228153177
경상남도 진주시,8005,I202,MA010120220811168907,기라성,중국집,48170678,하대동,128.125307913975,35.1880172157748
경상남도 진주시,8005,I202,MA010120220814028052,동아반점,중국집,48170515,천전동,128.093299505995,35.1777922492443
경상남도 진주시,8005,I202,MA010120220808749347,미스터비나가사끼짬뽕,중국집,48170310,내동면,128.069828359483,35.1600929213962
경상남도 진주시,8005,I202,MA010120220806411687,고구려,중국집,48170515,천전동,128.093673659664,35.1778609752485
경상남도 진주시,8005,I202,MA010120220814313727,양다리걸치지마라,중국집,48170750,충무공동,128.147667884699,35.1760364546509
경상남도 진주시,8005,I202,MA010120220802952737,7080손짜장짬뽕,중국집,48170695,초장동,128.103940754395,35.2056900459709
경상남도 진주시,8005,I202,MA010120220811148727,송화관반점,중국집,48170710,평거동,128.068263714486,35.174725902006
경상남도 진주시,8005,I202,MA010120220813730722,뽕의전설,중국집,48170678,하대동,128.121594953913,35.1942525819606
경상남도 진주시,8005,I202,MA010120220804918299,착한손짜장,중국집,48170380,사봉면,128.273510237792,35.1894965122761
경상남도 진주시,8005,I202,MA010120220803433927,라맛쿵부하대점,마라탕/훠궈,48170678,하대동,128.118094545017,35.1887960568651
경상남도 진주시,8005,I202,MA010120220809780298,일심반점,중국집,48170250,문산읍,128.162335228878,35.1661445673052
경상남도 진주시,8005,I202,MA010120220811184983,짜장면사무소,중국집,48170673,상대동,128.116614328741,35.1849251220137
경상남도 진주시,8005,I202,MA0101202604A0056435,명장,중국집,48170730,판문동,128.05171133943,35.1688410233117
경상남도 진주시,8005,I202,MA010120220803344416,황궁,중국집,48170678,하대동,128.122163078538,35.1860635452256
경상남도 진주시,8005,I202,MA010120220804148105,여기다양꼬치,중국집,48170750,충무공동,128.148339377718,35.175390169691
경상남도 진주시,8005,I202,MA010120220809529901,지수,중국집,48170390,지수면,128.269476669473,35.2343593775622
경상남도 진주시,8005,I202,MA010120220808434069,맛있는양꼬치,중국집,48170750,충무공동,128.148104201949,35.1750589197385
경상남도 진주시,8005,I202,MA010120220813312805,오복성,중국집,48170678,하대동,128.122219648263,35.1853870480974
경상남도 진주시,8005,I202,MA010120220809623875,신해물짬뽕,중국집,48170673,상대동,128.115032800462,35.18407444789
경상남도 진주시,8005,I202,MA010120220811191096,대운관,중국집,48170720,이현동,128.064394256452,35.1860893583942
경상남도 진주시,8005,I202,MA010120220811163132,일조원짬뽕,중국집,48170350,진성면,128.225663500136,35.1879623711708
경상남도 진주시,8005,I202,MA010120220811168378,동춘관,중국집,48170678,하대동,128.114500963369,35.1925605544112
경상남도 진주시,8005,I202,MA0106202605A1336340,하이루,중국집,48170555,성북동,128.081169995143,35.1919253880971
경상남도 진주시,8005,I202,MA010120220808258553,라화쿵부진주,마라탕/훠궈,48170565,중앙동,128.08249651048,35.1950861136852
경상남도 진주시,8005,I202,MA010120220811158806,일성반점,중국집,48170680,상평동,128.104706345972,35.1770758571931
경상남도 진주시,8005,I202,MA010120220811163820,황궁쟁반짜장닭스,중국집,48170715,신안동,128.068210670316,35.1899674071193
경상남도 진주시,8005,I202,MA010120220808536193,만리장성,중국집,48170710,평거동,128.063117960515,35.1715445062013
경상남도 진주시,8005,I202,MA010120220811167830,동원반점,중국집,48170680,상평동,128.123861194951,35.1722489255841
경상남도 진주시,8005,I202,MA010120220808201381,짜장김선생,중국집,48170555,성북동,128.080170388848,35.1935476368654
경상남도 진주시,8005,I202,MA010120220807154691,라맛쿵부,마라탕/훠궈,48170695,초장동,128.111969838704,35.2122681263289
경상남도 진주시,8005,I202,MA010120220811167325,황비홍,중국집,48170680,상평동,128.112975643198,35.1708803226065
경상남도 진주시,8005,I202,MA010120220800536070,교동짬뽕,중국집,48170750,충무공동,128.143636936733,35.1797879243386
경상남도 진주시,8005,I202,MA010120220811190394,황금룡,중국집,48170730,판문동,128.040890505625,35.1732878089808
경상남도 진주시,8005,I202,MA010120220808250732,여기다양꼬치평거,중국집,48170710,평거동,128.064838392676,35.1713220932958
경상남도 진주시,8005,I202,MA010120220809710089,이서방짬뽕,중국집,48170740,가호동,128.102408074185,35.1499405553336
경상남도 진주시,8005,I202,MA0101202601A0024851,충빈,중국집,48170750,충무공동,128.137076468833,35.1777226374309
경상남도 진주시,8005,I202,MA0101202602A0035109,마라올데이,마라탕/훠궈,48170740,가호동,128.105566403809,35.158708497657
경상남도 진주시,8005,I202,MA0101202512A0035280,홍콩반점0410진주,중국집,48170565,중앙동,128.082775875827,35.195453148853
경상남도 진주시,8005,I202,MA0101202512A0026537,샤오마라진주,마라탕/훠궈,48170750,충무공동,128.148936694557,35.1749338568704
경상남도 진주시,8005,I202,MA0101202602A0020595,태홍에프앤비,중국집,48170730,판문동,128.050987407114,35.1680271175271
경상남도 진주시,8005,I202,MA0101202604A0001542,마라제국,마라탕/훠궈,48170750,충무공동,128.131924945514,35.1695780954598
경상남도 진주시,8005,I202,MA0101202604A0009598,중식연구소,중국집,48170715,신안동,128.06987136773,35.187672452002
경상남도 진주시,8005,I202,MA010120220811152574,한중식당,중국집,48170360,일반성면,128.284413622797,35.1707518951644
경상남도 진주시,8005,I202,MA010120220811495504,천안문,중국집,48170680,상평동,128.115683083496,35.1689987358301
경상남도 진주시,8005,I202,MA010120220805003772,연림관,중국집,48170750,충무공동,128.131080254946,35.169613025234
경상남도 진주시,8005,I202,MA010120220810090809,중국관,중국집,48170410,금산면,128.146832964057,35.2158274435769
경상남도 진주시,8005,I202,MA0101202602A0035406,삼삼마라진주점,마라탕/훠궈,48170740,가호동,128.117288448402,35.1547614059984
경상남도 진주시,8005,I202,MA0101202509A0024125,하하반점,중국집,48170695,초장동,128.115025411596,35.2060301018631
경상남도 진주시,8005,I202,MA0101202511A0021113,팔팔반점,중국집,48170715,신안동,128.071266295208,35.1860467891767
경상남도 진주시,8005,I202,MA0101202508A0036590,정실장짬뽕,중국집,48170555,성북동,128.080488879638,35.1952122008464
경상남도 진주시,8005,I202,MA0101202507A0028852,진양호짬뽕,중국집,48170730,판문동,128.041557947379,35.1679553438607
경상남도 진주시,8005,I202,MA0101202512A0019233,야래향2,중국집,48170695,초장동,128.112538091824,35.2128667727108
경상남도 진주시,8005,I202,MA0101202604A0012653,고구려,중국집,48170515,천전동,128.095142670749,35.1785326897143
경상남도 진주시,8005,I202,MA0101202603A0006154,마고짬뽕,중국집,48170515,천전동,128.092658306407,35.1823766451867
경상남도 진주시,8005,I202,MA0101202602A0021181,바르다마라탕,마라탕/훠궈,48170680,상평동,128.112494685777,35.1774732432665
경상남도 진주시,8005,I202,MA0101202603A0023302,자금성반점,중국집,48170673,상대동,128.113663026153,35.1842582987534
경상남도 진주시,8005,I202,MA0101202601A0012177,날마다짬뽕,중국집,48170410,금산면,128.148799131604,35.2135105106002
경상남도 진주시,8005,I202,MA0101202601A0018571,라맛쿵부대안점,마라탕/훠궈,48170565,중앙동,128.083047893224,35.1936120641875
경상남도 진주시,8005,I202,MA0101202511A0022595,옥선양꼬치,중국집,48170710,평거동,128.064075230136,35.1725635881259
경상남도 진주시,8005,I202,MA0101202512A0025519,라홍방마라탕진주,마라탕/훠궈,48170750,충무공동,128.148192689423,35.1758872731678
경상남도 진주시,8005,I202,MA0101202603A0013242,아스라이경,중국집,48170740,가호동,128.106560656437,35.1535169269756
경상남도 진주시,8005,I202,MA010120220811175566,여기다양꼬치,중국집,48170673,상대동,128.109320503271,35.1789624638179
경상남도 진주시,8005,I202,MA010120220811924696,진양호짬뽕,중국집,48170250,문산읍,128.160912203487,35.1648693608424
경상남도 진주시,8005,I202,MA010120220811149539,부흥관,중국집,48170595,상봉동,128.072848148024,35.196974585083
경상남도 진주시,8005,I202,MA010120220812631326,촌뽕,중국집,48170750,충무공동,128.145479370593,35.1694867206753
경상남도 진주시,8005,I202,MA010120220803246163,짬뽕상회공군교육사점,중국집,48170410,금산면,128.146362399862,35.2034481588561
경상남도 진주시,8005,I202,MA010120220800228330,비금,중국집,48170515,천전동,128.089905911775,35.1826087461032
경상남도 진주시,8005,I202,MA0101202502A0117445,북창성,중국집,48170400,대곡면,128.168936371233,35.2637536317537
경상남도 진주시,8005,I202,MA0101202412A0004915,락영루,중국집,48170710,평거동,128.063693275515,35.1820035999886
경상남도 진주시,8005,I202,MA0101202412A0067916,홍콩반점0410진주,중국집,48170695,초장동,128.111521350408,35.2123984261824
경상남도 진주시,8005,I202,MA0101202411A0133265,신짬뽕,중국집,48170740,가호동,128.110115471252,35.1639575389177
경상남도 진주시,8005,I202,MA0101202509A0004474,완뽕가,중국집,48170673,상대동,128.114662663124,35.184303179848
경상남도 진주시,8005,I202,MA0101202509A0024324,장안성훠궈양꼬치하대점,중국집,48170678,하대동,128.121635398161,35.1939998444306
경상남도 진주시,8005,I202,MA0101202601A0029740,기린,중국집,48170410,금산면,128.147010210763,35.2143746867284
경상남도 진주시,8005,I202,MA010120220804578410,이차이,중국집,48170730,판문동,128.044253009674,35.1658411056609
경상남도 진주시,8005,I202,MA010120220800802832,짬봉제작소,중국집,48170710,평거동,128.066799629585,35.1727288971507
경상남도 진주시,8005,I202,MA010120220806469292,호호반점진주경,중국집,48170740,가호동,128.106348024844,35.1532124257459
경상남도 진주시,8005,I202,MA010120220800689811,춤추는철가방,중국집,48170595,상봉동,128.06967221889,35.1976065546984
경상남도 진주시,8005,I202,MA010120220806365641,여기다충칭훠궈마라탕,중국집,48170673,상대동,128.109320503271,35.1789624638179
경상남도 진주시,8005,I202,MA0101202501A0072491,마다향마라탕,마라탕/훠궈,48170750,충무공동,128.14876945416,35.1755302985482
경상남도 진주시,8005,I202,MA0101202502A0077344,착한짜장,중국집,48170250,문산읍,128.168655553514,35.1706262788826
경상남도 진주시,8005,I202,MA0101202503A0015800,길림성,중국집,48170450,대평면,127.961028791666,35.231631656184
경상남도 진주시,8005,I202,MA010120220811156619,명성루,중국집,48170680,상평동,128.114906451469,35.1772347539525
경상남도 진주시,8005,I202,MA010120220800453480,중원,중국집,48170750,충무공동,128.12731591772,35.1648802453147
경상남도 진주시,8005,I202,MA010120220811188661,명성식당,중국집,48170360,일반성면,128.276240769841,35.1710365716878
경상남도 진주시,8005,I202,MA010120220813272233,오메,중국집,48170695,초장동,128.119795701739,35.208753048482
경상남도 진주시,8005,I202,MA0101202411A0040530,짬뽕어장,중국집,48170750,충무공동,128.130148138541,35.1696758038398
경상남도 진주시,8005,I202,MA0101202411A0051940,엔쥐푸드테크놀로지,중국집,48170565,중앙동,128.088654893536,35.1908759111258
경상남도 진주시,8005,I202,MA0101202411A0128370,황짬뽕,중국집,48170320,정촌면,128.105309326232,35.1283368640145
경상남도 진주시,8005,I202,MA010120220806724104,심야반점아리산,중국집,48170673,상대동,128.116380977043,35.184719974869
경상남도 진주시,8005,I202,MA010120220811197493,또오리반점,중국집,48170595,상봉동,128.078951249219,35.1976684349844
경상남도 진주시,8005,I202,MA010120220814075978,오늘짬뽕,중국집,48170715,신안동,128.074040315511,35.1832732463182
경상남도 진주시,8005,I202,MA010120220808741165,황궁쟁반짜장신안,중국집,48170710,평거동,128.067358536376,35.1734990951583
경상남도 진주시,8005,I202,MA010120220811160942,대성반점,중국집,48170720,이현동,128.0623555162,35.1922451324002
경상남도 진주시,8005,I202,MA0101202409A0231127,라맛쿵부,마라탕/훠궈,48170710,평거동,128.067576902498,35.1834836170449
경상남도 진주시,8005,I202,MA0101202409A0148625,진주성로,중국집,48170555,성북동,128.076882729572,35.1940185568123
경상남도 진주시,8005,I202,MA0101202409A0182325,우준관,중국집,48170515,천전동,128.086270486908,35.1849577529825
경상남도 진주시,8005,I202,MA0101202409A0103892,짬뽕지존,중국집,48170595,상봉동,128.074411878437,35.1989886456474
